Date,s1,s2,cartera
2002-07-31,0.0,0.005179785491893817,0.0014312797350516226
2002-08-01,0.0,0.00894021612160026,0.002470362948784941
2002-08-02,0.0,0.006469920985930266,0.001787770325438997
2002-08-05,0.0,0.0070099159364709444,0.0019369818769498874
2002-08-06,0.0,-0.01098899473513554,-0.0030364820121610734
2002-08-07,0.0,-0.0012490751993540937,-0.000345144798600036
2002-08-08,0.0,-0.00742513012114596,-0.0020517139733197795
2002-08-09,0.0,0.0038636744735982306,0.0010676115807404859
2002-08-12,0.0,0.004692452284736196,0.00129661969078647
2002-08-13,-0.005920513262656739,0.007944988835760065,-0.0020891939540025285
2002-08-14,0.0,-0.005495270397667229,-0.0015184546099677387
2002-08-15,0.0,-0.005084682439735394,-0.0014050008338289891
2002-08-16,0.0,-0.00331545349009664,-0.000916127009565896
2002-08-19,0.0,-0.00475314673286032,-0.0013133907971896502
2002-08-20,0.0,0.006260960227967787,0.0017300302320006154
2002-08-21,0.0,-0.004869080489019275,-0.001345425644203761
2002-08-22,0.0,-0.0058936738660243905,-0.0016285415646353153
2002-08-23,0.0,0.006630335293568498,0.0018320960505282407
2002-08-26,0.0,-0.0009680710107009717,-0.0002674976448108958
2002-08-27,0.0,0.002316697548550205,0.0006401504963232278
2002-08-28,0.0,0.0053972341408026125,0.0014913652048234073
2002-08-29,0.0,0.003463287482527872,0.000956976538537652
2002-08-30,0.0,0.001660608895888982,0.000458859901486645
2002-09-03,0.0,0.01274556987486184,0.0035218593322296904
2002-09-04,0.0,-0.002341671654803029,-0.0006470513481512876
2002-09-05,0.0,0.002968027930623437,0.0008201262845375784
2002-09-06,0.0,-0.00658135711207133,-0.0018185623861040512
2002-09-09,0.0,-0.0017319722013377312,-0.0004785790294456967
2002-09-10,0.0,-0.001097044442573655,-0.00030313561856257345
2002-09-11,0.0,-0.003364359611953443,-0.0009296407624506734
2002-09-12,0.0,0.006045235455265725,0.0016704211041708467
2002-09-13,0.0,0.0014291407997674632,0.0003949005742503768
2002-09-16,0.0,0.0003386045419507759,9.356329906885601e-05
2002-09-17,0.0,0.004056884850625488,0.0011209995246376934
2002-09-18,0.0,0.0023527241531498665,0.0006501053774986952
2002-09-19,0.0,0.0057073233295083315,0.0015770491337327537
2002-09-20,0.0,-0.003142729163172842,-0.0008683997766016451
2002-09-23,0.0,0.0060600035578110036,0.0016745018302803162
2002-09-24,-0.01560544913448702,0.0047395381540859816,-0.00998371671688243
2002-09-25,0.0,-0.007492003706096466,-0.0020701925004903937
2002-09-26,0.0,-0.003033240181180181,-0.0008381457513369363
2002-09-27,0.0,0.0047694047777257454,0.0013178832245660079
2002-09-30,0.0,0.006021118243553698,0.0016637570296752148
2002-10-01,0.0,-0.01005998586945182,-0.002779778029878932
2002-10-02,0.0,0.006176598988460034,0.0017067195113693759
2002-10-03,0.0,0.0015141204431772682,0.0004183821724159212
2002-10-04,0.0,0.00514706140106348,0.0014222374053785602
2002-10-07,0.0,0.006388070693867483,0.0017651534304882592
2002-10-08,0.0,-0.0020450884342989198,-0.0005650993920465037
2002-10-09,0.0,0.003728345840536182,0.0010302175360687384
2002-10-10,0.0,-0.0075129856871407295,-0.0020759902471957138
2002-10-11,0.0,-0.010509149217629658,-0.0029038909683357385
2002-10-14,0.0,0.001244704158626597,0.00034393699143810976
2002-10-15,0.0,-0.0171060787603341,-0.004726756332705116
2002-10-16,0.0,0.004228601165442574,0.0011684482234226273
2002-10-17,0.0,-0.005760657150073238,-0.001591786349528059
2002-10-18,0.0,0.0014056058871729094,0.00038839740080516143
2002-10-21,0.0,-0.006915538915835,-0.0019109035929548894
2002-10-22,0.0,0.001545064922398532,0.0004269327593254435
2002-10-23,0.0,-0.0009043001957186409,-0.0002498764758812602
2002-10-24,0.0,0.00554205027631901,0.0015313808387521642
2002-10-25,0.0,-0.0031572343880768862,-0.0008724078642898351
2002-10-28,0.0,-0.0005306576124304746,-0.00014663145570627159
2002-10-29,0.0,0.006430493192140796,0.0017768756267421155
2002-10-30,0.0,-0.003090554852220803,-0.000853982956817737
2002-10-31,0.0,0.0013056388353539809,0.00036077447787424
2002-11-01,0.0,-0.005809775881294515,-0.0016053588506902176
2002-11-04,0.0,-0.0037520112124565593,-0.001036756758070326
2002-11-05,0.0,-0.0031477916610149,-0.0008697986473814139
2002-11-06,0.006514550282720195,-0.0008298467313217526,0.00448514450349968
2002-11-07,0.0,0.008889885785557237,0.002456455656649108
2002-11-08,0.0,0.0017282036408802512,0.0004775376997957432
2002-11-11,0.0,0.004747270352510764,0.0013117670341741862
2002-11-12,0.0,-0.0043643173077675766,-0.0012059493447592444
2002-11-13,0.0,0.0014638536650639496,0.0004044924426244999
2002-11-14,0.0,-0.008937906549616863,-0.002469724767226718
2002-11-15,0.0,-0.001551295528908131,-0.0004286544022097339
2002-11-18,0.0,0.003629345734806873,0.0010028617999441288
2002-11-19,0.0,0.003815155140352043,0.001054204705389728
2002-11-20,0.0,-0.005798919440503602,-0.001602358996019954
2002-11-21,0.0,-0.007064940577092269,-0.0019521863006027684
2002-11-22,0.0,0.0008567580183592706,0.000236739608510751
2002-11-25,0.0,-0.0017387893137639804,-0.0004804627358042957
2002-11-26,0.0,0.007092728927603727,0.001959864785169321
2002-11-27,0.0,-0.009331786642091675,-0.0025785618214409726
2002-11-29,0.0,0.001708257563297198,0.0004720261942163966
2002-12-02,0.0,-0.0035222031534286008,-0.0009732561327349694
2002-12-03,0.0,0.00365373012906703,0.0010095997023940838
2002-12-04,0.0,0.0025563124279824765,0.0007063609449383223
2002-12-05,0.0,0.0026006304189608227,0.0007186069042516521
2002-12-06,0.0,0.0014957788141051372,0.00041331400848522204
2002-12-09,0.0,0.007177927781908382,0.001983406955748915
2002-12-10,0.007099584164179003,-0.0030034236959171896,0.004307918286151293
2002-12-11,0.0,0.0017523069567229024,0.00048419793458097214
2002-12-12,0.0,0.0017491167637019003,0.00048331641957827384
2002-12-13,0.0,0.003736539666532144,0.0010324816562951285
2002-12-16,0.0,-0.007628370670643926,-0.0021078734572004217
2002-12-17,0.0,0.0008800069726859023,0.00024316376588964716
2002-12-18,0.0,0.006764620023177911,0.0018692016435142098
2002-12-19,0.0,0.003127866975669198,0.0008642930529109069
2002-12-20,0.0,-0.001389527959723065,-0.0003839547435220354
2002-12-23,0.0,-0.0008349172413519651,-0.00023070455907149164
2002-12-24,0.0,0.002853017201977575,0.0007883464887367762
2002-12-26,0.0,0.0008794242706369675,0.00024300275350109965
2002-12-27,0.0,0.006253798342577436,0.001728051257882862
2002-12-30,0.0,0.0014595374956487958,0.0004032997975185149
2002-12-31,0.0,-0.0006518745176468912,-0.0001801261439039671
2003-01-02,0.0,-0.014269798201071472,-0.003943034517632566
2003-01-03,0.0,0.0007438050250343863,0.00020552840669315996
2003-01-06,0.0,-0.003409205025964781,-0.0009420324594398397
2003-01-07,0.0,0.0006720242246640971,0.0001856939164239079
2003-01-08,0.0,0.005735998471692878,0.0015849726568154558
2003-01-09,0.0,-0.008673174362108278,-0.0023965738972167726
2003-01-10,0.0,1.6174534780235487e-05,4.469351846918775e-06
2003-01-13,0.0,0.0008099188277529111,0.00022379699063091452
2003-01-14,0.0,0.0018417232774128555,0.0005089054766185123
2003-01-15,0.0,0.0027724788352723683,0.0007660921053574419
2003-01-16,0.0,0.0009498748088911556,0.00026246966538084855
2003-01-17,0.0,0.00499112464808348,0.0013791489194095354
2003-01-21,0.0,0.003931717915600822,0.0010864133631297143
2003-01-22,0.0,0.003185462858255619,0.0008802079628424795
2003-01-23,0.0,-0.002594053425375782,-0.0007167895475965233
2003-01-24,0.0,0.005144101661294086,0.0014214195692809864
2003-01-27,0.0,0.0009233519024683984,0.0002551408486688492
2003-01-28,0.0,-0.0013282012077062285,-0.00036700891873535255
2003-01-29,-0.007140409164300136,-0.002518958813693456,-0.0058634087472515615
2003-01-30,0.0,0.0038260991299317398,0.0010572287515651052
2003-01-31,0.0,-0.002461762738536075,-0.0006802349490506855
2003-02-03,0.0,-0.002000858918400412,-0.0005528778801912835
2003-02-04,0.0,0.004082137616311213,0.0011279773757159957
2003-02-05,0.0,-0.001992156552781004,-0.000550473240157915
2003-02-06,0.0,0.0030469821149358652,0.0008419429262075392
2003-02-07,0.0,0.002326835892996046,0.0006429519264162333
2003-02-10,0.0,-0.0038293776113562986,-0.0010581346624434723
2003-02-11,0.0,0.00043709846662108197,0.0001207791671056554
2003-02-12,0.0,0.00314838524135218,0.0008699626656615538
2003-02-13,0.0,0.0015678783177383868,0.00043323656292672296
2003-02-14,0.0,-0.0047946637682244695,-0.00132486279568633
2003-02-18,0.0,-0.0014500548937580867,-0.0004006795623865825
2003-02-19,0.0,0.004464866875754685,0.0012337332287160926
2003-02-20,0.0,0.0024923521840526123,0.0006886874329504151
2003-02-21,0.0,-0.0034278012480507673,-0.000947170972581329
2003-02-24,0.0,0.004710731683446036,0.001301670659206546
2003-02-25,0.0,0.002250937410681107,0.0006219796371527974
2003-02-26,0.0,0.004753288562679106,0.0013134299876437284
2003-02-27,0.0,-0.002331308621518566,-0.0006441878319773205
2003-02-28,0.0,-0.0010908599128025048,-0.0003014267076151755
2003-03-03,0.0,0.002428230813522942,0.0006709693984166533
2003-03-04,0.0,0.0035439471290840325,0.0009792644339983673
2003-03-05,0.0,-0.00010921819678540717,-3.017920182263758e-05
2003-03-06,0.0,0.00041360363302827256,0.00011428706830109595
2003-03-07,0.0,0.001565567339784507,0.00043259799287035376
2003-03-10,0.0,0.005995734159281003,0.0016567428926092672
2003-03-11,0.0,0.00048288850513311725,0.00013343188299361536
2003-03-12,0.0,-0.0009630842987473246,-0.00026611971520841234
2003-03-13,0.0,-0.013157987879062324,-0.0036358187872508234
2003-03-14,0.0,0.0012321132002429647,0.000340457854395162
2003-03-17,0.0,-0.009392652780403304,-0.0025953803693234316
2003-03-18,-0.0019276927066555968,-0.003297137546534285,-0.0023060980770433868
2003-03-19,0.0,-0.004800501125200078,-0.001326475775752498
2003-03-20,0.0,-0.0011461405885546231,-0.000316701878964991
2003-03-21,0.0,-0.009164355092573979,-0.00253229709016822
2003-03-24,0.0,0.011394445702390244,0.003148516333639619
2003-03-25,0.0,-0.0008833332646150783,-0.00024408288777964546
2003-03-26,0.0,0.0007313834775786685,0.00020209608132386157
2003-03-27,0.0,0.0012161716220986671,0.0003360528731892061
2003-03-28,0.0,0.002248213049554711,0.0006212268409458357
2003-03-31,0.0,0.009965421977569172,0.0027536481095702513
2003-04-01,0.0,-0.0026169302657404023,-0.0007231108823442911
2003-04-02,0.0,-0.008741879996882215,-0.0024155586568925715
2003-04-03,0.0,0.0010887864348904425,0.00030085376363491676
2003-04-04,0.0,-0.0032489299093783233,-0.0008977451956598562
2003-04-07,0.0,-0.0015408503527267723,-0.00042576818828816927
2003-04-08,0.0,0.0021134132593269473,0.000583978926269804
2003-04-09,0.0,0.002563393650255194,0.0007083176302014859
2003-04-10,0.0,-0.0008754199960638592,-0.00024189629126264566
2003-04-11,0.0,-0.0012392477738765943,-0.0003424292817208743
2003-04-14,0.0,-0.003735704644617749,-0.0010322509228127734
2003-04-15,0.0,0.0005672206850717757,0.0001567345738768237
2003-04-16,0.0,0.004105041311554801,0.0011343061310112195
2003-04-17,0.0,-0.002023640447712099,-0.000559172878562998
2003-04-21,0.0,-0.0015554960121175094,-0.0004298150808718941
2003-04-22,0.0,-0.0013746927232192985,-0.00037985546693890883
2003-04-23,0.0,-0.0015153681205403635,-0.00041872693096402626
2003-04-24,0.0,0.0026387245179199984,0.0007291330760305117
2003-04-25,0.0,0.0010979253351258184,0.00030337902703202505
2003-04-28,0.0,-0.0021237601105652346,-0.0005868379710163732
2003-04-29,0.0,0.001653114105688924,0.00045678893902138573
2003-04-30,0.0,0.0035164922106535497,0.0009716780834750605
2003-05-01,0.0,-0.00013746805557215549,-3.79852104812625e-05
2003-05-02,0.0,-0.003498519614881493,-0.0009667118909261459
2003-05-05,0.0,0.002501317425752005,0.000691164710973658
2003-05-06,-0.0018360934621166544,0.0011187566354261941,-0.0010196084799978064
2003-05-07,0.0,0.0052621658103733345,0.0014540430870459006
2003-05-08,0.0,0.0009385719324808045,0.00025934645149887483
2003-05-09,0.0,-0.0012849633723698828,-0.0003550614283226204
2003-05-12,0.0,0.0014359436140326117,0.00039678032973721405
2003-05-13,0.0,0.000614703801364267,0.00016985512147727933
2003-05-14,0.0,0.0033153497705735663,0.0009160983497590881
2003-05-15,0.0,-0.0007974928535250689,-0.00022036344205473944
2003-05-16,0.0,0.0021629126949089775,0.0005976566237644062
2003-05-19,0.0,0.00028255936605511053,7.80768808315747e-05
2003-05-20,0.0,0.003357382540285459,0.0009277128561109193
2003-05-21,0.0,-0.001240219879910083,-0.00034269789432427863
2003-05-22,0.0,0.0012829242773693937,0.0003544979850378333
2003-05-23,0.0,0.0008257194288020791,0.00022816301700762478
2003-05-27,0.0,-0.003207557918247776,-0.0008863132758252305
2003-05-28,0.0,-0.0020469301624978435,-0.0005656082988830354
2003-05-29,0.0,0.0023207704883328067,0.0006412759321510331
2003-05-30,0.0,-0.002437024752332821,-0.0006733993419789033
2003-06-02,0.0,-0.0006475949138957373,-0.0001789436026321976
2003-06-03,0.0,0.00023846780223993956,6.589348793351929e-05
2003-06-04,0.0,0.00048113866702518426,0.0001329483672520031
2003-06-05,0.0,-0.001140639556517056,-0.00031518183229712
2003-06-06,0.0,0.00021796362091401226,6.022776697624199e-05
2003-06-09,0.0,0.003171166508928833,0.0008762575917105725
2003-06-10,0.0,0.0023225330240930616,0.0006417629565113863
2003-06-11,0.0,-0.002408518041462333,-0.0006655223598826838
2003-06-12,0.0,0.0018314940052357586,0.0005060789213500907
2003-06-13,0.0,0.003462703193868655,0.0009568150877365202
2003-06-16,0.0,-0.004652585177850885,-0.0012856036009755345
2003-06-17,0.0,-0.0009068074735913652,-0.0002505692875845614
2003-06-18,0.0,-0.0026768099766320283,-0.0007396568603339316
2003-06-19,0.0,0.0014641116182117224,0.0004045637203084074
2003-06-20,0.0,-0.00047487277076780114,-0.00013121697309501274
2003-06-23,0.0,0.00207014753300599,0.0005720237290126228
2003-06-24,0.0,0.001775998731439262,0.0004907444522103221
2003-06-25,0.0008852102606673531,-0.001341705361578081,0.0002698683306245282
2003-06-26,0.0,-0.006158196174140122,-0.001701634440714379
2003-06-27,0.0,0.00022593001655457734,6.242904358501051e-05
2003-06-30,0.0,0.000599764209514767,0.00016572700939665458
2003-07-01,0.0,0.0008715781879920381,0.00024083472181198778
2003-07-02,0.0,0.0011792163483470665,0.0003258413819012508
2003-07-03,0.0,-0.0033342526529859307,-0.0009213215993653163
2003-07-07,0.0,0.0015209372027374095,0.0004202657812704613
2003-07-08,0.0,0.0015825452736175337,0.0004372893401619138
2003-07-09,0.0,-0.00016316537999910282,-4.508590215177594e-05
2003-07-10,0.0,-0.002262659211742241,-0.0006252186084081445
2003-07-11,0.0,0.003109506001378669,0.0008592195435042016
2003-07-14,0.0,-0.001197131761351977,-0.0003307917736924046
2003-07-15,0.0,-0.005571422375502913,-0.00153949694518237
2003-07-16,0.0,0.000988240517403625,0.0002730708883853012
2003-07-17,0.0,-0.0027330209277920286,-0.0007551890856373137
2003-07-18,0.0,-0.0004477833283048713,-0.00012373161099040126
2003-07-21,0.0,-0.0064650377484651396,-0.0017864209879353073
2003-07-22,0.0,0.003983779674448946,0.0011007990824856756
2003-07-23,0.0,-0.00041170722002733536,-0.00011376305094520782
2003-07-24,0.0,-0.0020687801714950296,-0.000571645899308248
2003-07-25,0.0,0.0014600456919656713,0.00040344022246292815
2003-07-28,0.0,-0.0018561405745130002,-0.0005128892680720289
2003-07-29,0.0,-0.003589129650200172,-0.0009917492805143623
2003-07-30,0.0,0.0029217731809518606,0.0008073451595356996
2003-07-31,0.0,-0.0011557247427656221,-0.00031935017506166914
2003-08-01,0.0,-0.0007444298433746299,-0.00020570105666676964
2003-08-04,0.0,0.002451558801256238,0.0006774153943279611
2003-08-05,0.0,-0.007834671195880527,-0.002164878474408904
2003-08-06,0.0,0.004492636978764666,0.0012414066711280774
2003-08-07,0.0,0.0013450964928672026,0.00037167742852338615
2003-08-08,0.0,-6.340117632850102e-05,-1.7519030276336854e-05
2003-08-11,0.0,-0.0004907190414164623,-0.00013559561890786855
2003-08-12,0.0032245840209190815,0.0010236982023766898,0.0026164346533107123
2003-08-13,0.0,-0.0026100223063273984,-0.0007212020731216187
2003-08-14,0.0,0.003282661656280371,0.0009070659611325474
2003-08-15,0.0,-0.0002574718156276471,-7.114468207834297e-05
2003-08-18,0.0,0.005595491583613744,0.0015461477553098718
2003-08-19,0.0,0.003095660450021181,0.0008553937369897038
2003-08-20,0.0,-0.002693469675677386,-0.0007442602729024627
2003-08-21,0.0,0.0008766726910970714,0.00024224243629472126
2003-08-22,0.0,-0.0006547306900834574,-0.00018091536224798305
2003-08-25,0.0,-0.002746276535748288,-0.00075885187883083
2003-08-26,0.0,0.0005688864705418789,0.00015719486417070427
2003-08-27,0.0,0.0006495519506236217,0.00017948437155279406
2003-08-28,0.0,0.003921587962626384,0.0010836142517703675
2003-08-29,0.0,-2.283212300276934e-06,-6.308978434186416e-07
2003-09-02,0.0,0.001333786328297783,0.00036855220077531767
2003-09-03,0.0,0.0032507987833219156,0.0008982616034159333
2003-09-04,0.0,0.0010750672915334541,0.0002970628862134762
2003-09-05,0.0,0.0038187375058350926,0.0010551945855937367
2003-09-08,0.0,0.0012746458315028711,0.000352210482625809
2003-09-09,0.0,-0.0007639100842577853,-0.00021108384212258018
2003-09-10,0.0,-0.0016751593299667055,-0.0004628804813859945
2003-09-11,0.0,-0.0004360961646274776,-0.00012050221074634421
2003-09-12,0.0,0.002449538307173278,0.0006768570908537617
2003-09-15,0.0,-0.0016729033079279987,-0.00046225709676304353
2003-09-16,0.0003871125299930237,0.005926675360698943,0.0019178060370972595
2003-09-17,0.0,0.002357523962469047,0.0006514316621144203
2003-09-18,0.0,0.00442141845994969,0.0012217275506510247
2003-09-19,0.0,0.0009513048282304679,0.0002628648087133847
2003-09-22,0.0,-0.0024558904693050493,-0.0006786123220206111
2003-09-23,0.0,0.0023047861142358283,0.0006368591255558
2003-09-24,0.0,-0.0005366831510418878,-0.00014829643417319524
2003-09-25,0.0,-0.002612931383235914,-0.0007220059100437038
2003-09-26,0.0,0.001767623021091956,0.00048843007365053
2003-09-29,0.0,0.0024661466481026807,0.0006814463121337323
2003-09-30,0.0,0.0002503469355698407,6.917593328413697e-05
2003-10-01,0.0,0.0073276149541995905,0.0020247685558832974
2003-10-02,0.0,0.0007931456193237745,0.0002191622131186043
2003-10-03,0.0,-0.0010903920884995232,-0.000301297438276615
2003-10-06,0.0,0.0025200498100326793,0.000696340848489794
2003-10-07,0.0,-0.00036502267699252384,-0.00010086316532437662
2003-10-08,0.0,0.0007539160149620522,0.00020832227817826817
2003-10-09,0.0,0.0016204965975407221,0.00044777606030402137
2003-10-10,0.0,0.0039542008084529736,0.0010926258421937569
2003-10-13,0.0,0.0009776750415239207,0.0002701514332183907
2003-10-14,0.0,-0.0019512336065207554,-0.0005391654005239063
2003-10-15,0.0,-0.002495074603510059,-0.000689439692634885
2003-10-16,0.0,-0.0008406251126539629,-0.0002322817596211316
2003-10-17,0.0,-7.781961841053538e-05,-2.150313811156038e-05
2003-10-20,0.0,0.0013470769617593133,0.0003722246722259708
2003-10-21,0.0,0.0020599920489664616,0.0005692175629024307
2003-10-22,0.0,-0.00017009263270833058,-4.700004250330507e-05
2003-10-23,0.0,-0.004844760918766026,-0.001338705653941015
2003-10-24,0.0,0.0027687216814624304,0.0007650539275954377
2003-10-27,0.0,0.0018175103973292611,0.000502214967012445
2003-10-28,0.005584098058596394,0.006313287703100981,0.005785587939368913
2003-10-29,0.0,-0.0017236717397259135,-0.0004762854436369483
2003-10-30,0.0,-0.0017685503066919145,-0.0004886863014595585
2003-10-31,0.0,-0.002046784364620062,-0.000565568011973817
2003-11-03,0.0,0.0011014052288762367,0.00030434059221902
2003-11-04,0.0,0.0033997404426211043,0.0009394172031977209
2003-11-05,0.0,-0.0017495283582795395,-0.00048343015150384373
2003-11-06,0.0,-0.0031911748437638662,-0.0008817863002307086
2003-11-07,0.0,0.0007276910063566029,0.0002010757766721198
2003-11-10,0.0,-0.0018925712121403866,-0.0005229557917635386
2003-11-11,0.0,-0.0012604715303881023,-0.00034829383588902093
2003-11-12,0.0,0.006591111754659949,0.0018212577915955742
2003-11-13,0.0,0.0054208368783994765,0.0014978871196916967
2003-11-14,0.0,-0.0013152041053733307,-0.00036341755588594865
2003-11-17,0.0,-0.004547306760337718,-0.0012565130400322845
2003-11-18,0.0,0.001428888954186512,0.00039483098421099356
2003-11-19,0.0,-0.003345275364153147,-0.0009243673979111545
2003-11-20,0.0,-0.00027396589757676106,-7.570233128582322e-05
2003-11-21,0.0,0.0027642711851437094,0.0007638241652429472
2003-11-24,0.0,0.0009971773050170836,0.0002755403039677845
2003-11-25,0.0,0.0017336951284698508,0.0004790551091391575
2003-11-26,0.0,0.0015326536413715034,0.00042350327077851104
2003-11-28,0.0,-0.001867661966746199,-0.0005160728623055671
2003-12-01,0.0,0.004470339931663584,0.0012352455450124857
2003-12-02,0.0,0.002658014711510122,0.0007344633475666545
2003-12-03,0.0,-0.0007956043232022259,-0.00021984160284260493
2003-12-04,0.0,0.0002072282455223956,5.726136513001901e-05
2003-12-05,0.0,0.004029309615063578,0.0011133799280519273
2003-12-08,0.0,0.000760303335527396,0.00021008722433303885
2003-12-09,0.0036795698146094916,-0.0020295796318317233,0.0021020160877494812
2003-12-10,0.0,-0.002509972660605439,-0.0006935563278209617
2003-12-11,0.0,0.006205241955871816,0.0017146341439101221
2003-12-12,0.0,0.0016147968837534924,0.00044620111384107943
2003-12-15,0.0,-0.001132740056395593,-0.00031299904027637284
2003-12-16,0.0,0.003858814442354637,0.0010662686555862378
2003-12-17,0.0,0.0019572778496310794,0.0005408355474230531
2003-12-18,0.0,0.004962707244914322,0.0013712966148416224
2003-12-19,0.0,-0.0012820623832741239,-0.00035425982622715456
2003-12-22,0.0,0.0015444235211820089,0.0004267555271669528
2003-12-23,0.0,-0.0012899426117604347,-0.00035643729310443827
2003-12-24,0.0,0.0035275220631756665,0.000974725855322026
2003-12-26,0.0,0.0002217675428075045,6.127886770780608e-05
2003-12-29,0.0,0.002934825997567245,0.000810951917370784
2003-12-30,0.0,0.0009044254662915618,0.0002499110906800199
2003-12-31,0.0,0.002242690854785489,0.0006197009465862015
2004-01-02,0.0,0.00018511246795968074,5.115032746254025e-05
2004-01-05,0.0,0.007259144877546763,0.002005848885691551
2004-01-06,0.0,0.003008996887934919,0.0008314468379577703
2004-01-07,0.0,-7.660776409182313e-07,-2.1168278196816406e-07
2004-01-08,0.0,0.0038563167828745367,0.001065578501639801
2004-01-09,0.0,0.0028167440653669375,0.0007783234857690253
2004-01-12,0.0,-4.0663424243277444e-05,-1.1236128439737897e-05
2004-01-13,0.0,0.0008474094332068155,0.00023415640492036038
2004-01-14,0.0,2.463164491760531e-05,6.806222818826816e-06
2004-01-15,0.0,-0.001766562526275179,-0.0004881370374345022
2004-01-16,0.0,-0.004350774771459718,-0.0012022072674456234
2004-01-20,0.0,0.006576306576429234,0.0018171668207226273
2004-01-21,0.0,0.0035407150728936163,0.0009783713513533175
2004-01-22,0.0,0.00281194202858757,0.0007769965856608958
2004-01-23,0.0,-0.0062824747251152245,-0.001735975123700309
2004-01-26,0.0,-2.3195025313515525e-06,-6.409255699333261e-07
2004-01-27,0.0,0.0017393960930562882,0.0004806304012232765
2004-01-28,0.005004809687524821,-0.008025551313441008,0.0014042567939202282
2004-01-29,0.0,-0.0008234277347857395,-0.00022752977549411824
2004-01-30,0.0,0.002048999207657869,0.0005661800180040464
2004-02-02,0.0,-0.0005345394173979508,-0.00014770407711000853
2004-02-03,0.0,0.0025259394082074987,0.0006979682638583277
2004-02-04,0.0,-0.003344599237149882,-0.0009241805703138323
2004-02-05,0.0,8.171349660919055e-06,2.2579095593818353e-06
2004-02-06,0.0,0.008201430827923092,0.0022662215956248343
2004-02-09,0.0,0.0020846646437212373,0.0005760351009913951
2004-02-10,0.0,0.00035208899245454955,9.728932609730375e-05
2004-02-11,0.0,0.007405793888393779,0.002046370980229863
2004-02-12,0.0,-0.0017927430302786174,-0.000495371241416926
2004-02-13,0.0,-0.0010437308033100319,-0.00028840397926992444
2004-02-17,0.0,0.0052811403536086165,0.0014592861379901956
2004-02-18,0.0,-0.004663676645425496,-0.001288668398310553
2004-02-19,0.0,-0.0009986522436826668,-0.00027594785942076553
2004-02-20,0.0,-0.009627218212672282,-0.0026601955533258614
2004-02-23,0.0,0.0014671702435414375,0.0004054088804908875
2004-02-24,0.0,0.0018493310252677667,0.0005110076515736639
2004-02-25,0.0,-0.0024665147179715233,-0.000681548017299937
2004-02-26,0.0,-0.001621835094398662,-0.00044814591411962776
2004-02-27,0.0,0.003732364011431102,0.0010313278381426127
2004-03-01,0.0,0.003798238914279047,0.0010495304092031925
2004-03-02,0.0,-0.009383244067739903,-0.0025927805512828733
2004-03-03,0.0,-0.001644024042022465,-0.00045427717015827495
2004-03-04,0.0,0.0005499025058541307,0.00015194920988810285
2004-03-05,0.0,0.006419305570867298,0.0017737842601908847
2004-03-08,0.0,5.3540895096946e-05,1.4794434686283822e-05
2004-03-09,0.0,-0.002857775143813146,-0.0007896612045180503
2004-03-10,0.0,-0.005860596975018877,-0.0016194017491219525
2004-03-11,0.0,-0.0022452743393763805,-0.0006204148157505806
2004-03-12,0.0,0.0008283386828940537,0.00022888677001026573
2004-03-15,0.0,-0.0029936582956259306,-0.0008272084739617264
2004-03-16,0.00839651161279887,0.005793748180302536,0.0076773153136673045
2004-03-17,0.0,0.004186837078947939,0.0011569079596904204
2004-03-18,0.0,0.003575334505656314,0.000987937402424308
2004-03-19,0.0,-0.004813748186983416,-0.0013301362074651896
2004-03-22,0.0,-0.0010640667091524867,-0.0002940232022998692
2004-03-23,0.0,0.001252786723659166,0.0003461703680048531
2004-03-24,0.0,-0.002574485421751757,-0.0007113825115163005
2004-03-25,0.0,0.0030012695329754233,0.0008293116131349692
2004-03-26,0.0,-0.0020005128529590518,-0.0005527822552944618
2004-03-29,0.0,0.0038318760920478304,0.001058825043307275
2004-03-30,0.0,0.0014297842340912211,0.0003950783681976113
2004-03-31,0.0,0.006393717713235534,0.0017667138164149708
2004-04-01,0.0,0.003632757171921496,0.0010038044491749135
2004-04-02,0.0,-0.00700480277071251,-0.0019355690055976934
2004-04-05,0.0,-0.0019525861240905114,-0.0005395391285464128
2004-04-06,0.0,0.001496614246140834,0.00041354485529240684
2004-04-07,0.0,0.00026914413023112766,7.436997922226017e-05
2004-04-08,0.0,-0.00372922883151156,-0.001030461524375063
2004-04-12,0.0,0.0023240381244772385,0.0006421788462586474
2004-04-13,0.0,-0.010011008819018617,-0.0027662446779906447
2004-04-14,0.0,-0.005511551518979984,-0.0015229534138342948
2004-04-15,0.0,-0.001983297317009086,-0.0005480252537213658
2004-04-16,0.0,0.0036649515480273653,0.0010127004079313279
2004-04-19,0.0,0.00015966859501130958,4.411966957347831e-05
2004-04-20,0.0,-0.009488964274929046,-0.002621993187669473
2004-04-21,0.0,2.5869341719654434e-05,7.1482235355907495e-06
2004-04-22,0.0,0.005473712616839238,0.0015124977581096695
2004-04-23,0.0,-0.0007930041599107948,-0.00021912312501515927
2004-04-26,0.0,0.0003400797515131058,9.39709293760997e-05
2004-04-27,0.0,0.00044968247636264266,0.0001242563840979372
2004-04-28,0.0,-0.009604534599131263,-0.0026539276110665124
2004-04-29,0.0,-0.0038302932895452227,-0.0010583876828895288
2004-04-30,0.0,-0.002866665959451735,-0.0007921179171119418
2004-05-03,0.0,0.002053156983546913,0.0005673288957678434
2004-05-04,0.000952990132184979,0.006179203464338399,0.0023970988206768124
2004-05-05,0.0,0.002935617852408447,0.0008111707229157412
2004-05-06,0.0,-0.0055020764247657545,-0.001520335253225568
2004-05-07,0.0,-0.011005192880190537,-0.003040957888005532
2004-05-10,0.0,-0.008730006260215407,-0.0024122777027493665
2004-05-11,0.0,0.003920776085722357,0.0010833899137235685
2004-05-12,0.0,0.0024496418463886213,0.0006768857008378886
2004-05-13,0.0,-0.00530535869505472,-0.001465978156681436
2004-05-14,0.0,-0.0008682738047008769,-0.00023992165372280075
2004-05-17,0.0,-0.00269435428111475,-0.0007445047073173621
2004-05-18,0.0,0.0030110151879845,0.0008320045351760701
2004-05-19,0.0,0.00458760251459205,0.0012676475738007396
2004-05-20,0.0,-0.00038512492966335306,-0.00010641782524642791
2004-05-21,0.0,0.003934975031930462,0.001087313370399246
2004-05-24,0.0,0.0009181527615687718,0.0002537042206422718
2004-05-25,0.0,0.008219580937184567,0.0022712368387493957
2004-05-26,0.0,0.0006705763675982611,0.00018529384416593014
2004-05-27,0.0,0.006943378101938751,0.0019185961244261227
2004-05-28,0.0,5.987305052013083e-05,1.6544137593978572e-05
2004-06-01,0.0,0.0009767863641802215,0.0002699058736532259
2004-06-02,0.0,0.0009590116878378942,0.00026499437025493116
2004-06-03,0.0,-0.004981263657426199,-0.001376424127790773
2004-06-04,0.0,0.004139789030556587,0.0011439076301706646
2004-06-07,0.0,0.00828923412606049,0.0022904834268322126
2004-06-08,0.0,-0.0015816121064262387,-0.0004370314871499685
2004-06-09,0.0,-0.0067760754723892765,-0.001872367016354031
2004-06-10,0.0,0.004098987385255836,0.0011326333084507552
2004-06-14,0.0,-0.004917289318201693,-0.0013587467209872192
2004-06-15,0.0,0.003737051358307354,0.001032623047105539
2004-06-16,0.0,-0.002817057197331955,-0.0007784100104787122
2004-06-17,0.0,0.0004848686545935354,0.0001339790384307479
2004-06-18,0.0,0.002774828365381636,0.0007667413281558669
2004-06-21,0.0,-0.0015542480224458146,-0.0004294702360265919
2004-06-22,0.0,0.0010316681216326552,0.00028507081579004154
2004-06-23,0.0,0.0030025851741129076,0.0008296751514516869
2004-06-24,0.0,0.0013508512384827814,0.00037326758139609586
2004-06-25,0.0,1.040985386313931e-05,2.8764536489932265e-06
2004-06-28,0.0,0.0008549385536920263,0.00023623685353934447
2004-06-29,0.0,-0.002337610337649645,-0.0006459291238915469
2004-06-30,0.000955089257301818,0.001073291232441343,0.0009877508592011704
2004-07-01,0.0,-0.003525257586808368,-0.0009741001345967005
2004-07-02,0.0,0.0023195412644826416,0.0006409362726826367
2004-07-06,0.0,-0.0038707351700952766,-0.0010695625943157366
2004-07-07,0.0,0.0044516867446075985,0.0012300912912950024
2004-07-08,0.0,-0.0028769486042122968,-0.0007949592203071338
2004-07-09,0.0,0.00293520494236094,0.0008110566274991799
2004-07-12,0.0,-0.0002971201796187712,-8.210032879329958e-05
2004-07-13,0.0,-0.0011629746109372695,-0.00032135346060546504
2004-07-14,0.0,-0.002317877326390246,-0.0006404764928566665
2004-07-15,0.0,-0.0032135407258045085,-0.0008879664468355099
2004-07-16,0.0,0.0037276547336247165,0.0010300265692191105
2004-07-19,0.0,-0.0005330068307702602,-0.00014728059235646855
2004-07-20,0.0,0.0006511104983627776,0.0001799150298877107
2004-07-21,0.0,-0.008426213593925485,-0.0023283336306254283
2004-07-22,0.0,0.0018115563511366048,0.0005005697433501047
2004-07-23,0.0,-0.006494441782245142,-0.0017945459185417878
2004-07-26,0.0,0.00019049988979482715,5.2638981328397625e-05
2004-07-27,0.0,0.0005092711389997667,0.0001407219395547831
2004-07-28,0.0,-0.0007716644761116375,-0.00021322653778737885
2004-07-29,0.0,0.000670263930835759,0.0001852075115547913
2004-07-30,0.0,0.0011651278596740695,0.000321948446881698
2004-08-02,0.0,0.0013760727297077915,0.0003802367907069125
2004-08-03,0.0,-0.0010928696505207696,-0.00030198203888775864
2004-08-04,0.0,-0.00026325608548830953,-7.274299309847928e-05
2004-08-05,0.0,-0.004277441006901825,-0.0011819436616899372
2004-08-06,0.0,0.004713518768339455,0.0013024407872618605
2004-08-09,0.0,-0.0005729876108689268,-0.0001583280923806162
2004-08-10,0.005066310988068652,0.000511986682478163,0.0038078588580246634
2004-08-11,0.0,1.8677487922245048e-05,5.160968539453329e-06
2004-08-12,0.0,-0.003269064100555149,-0.0009033086808385658
2004-08-13,0.0,0.0038807345345156555,0.0010723256214103302
2004-08-16,0.0,0.0027143670769672733,0.0007500346485070636
2004-08-17,0.0,0.0023572689910589494,0.0006513612083450777
2004-08-18,0.0,0.0024952401455868222,0.0006894854352665327
2004-08-19,0.0,0.000779547087391576,0.00021540466307884537
2004-08-20,0.0,0.0005199569779979541,0.0001436746534913091
2004-08-23,0.0,-0.0041404571903236355,-0.0011440922562591096
2004-08-24,0.0,-0.0014306520818948125,-0.00039531817213859166
2004-08-25,0.0,0.003050271947325966,0.0008428519735877902
2004-08-26,0.0,0.001641223167008716,0.0004535032316131624
2004-08-27,0.0,-0.0006261282527808288,-0.0001730119289980148
2004-08-30,0.0,-0.0010441441348662788,-0.00028851819115789537
2004-08-31,0.0,0.0050460995527901835,0.0013943396000209696
2004-09-01,0.0,0.0005360631892345425,0.00014812512615807607
2004-09-02,0.0,0.0011355557681242676,0.00031377707850658643
2004-09-03,0.0,-0.006265372413942972,-0.0017312494084285666
2004-09-07,0.0,0.0032805044906835746,0.0009064698925484956
2004-09-08,0.0,0.0029110633615528573,0.000804385819328302
2004-09-09,0.0,7.611471345414294e-05,2.1032038310595186e-05
2004-09-10,0.0,0.0035690909535692483,0.0009862121824145331
2004-09-13,0.0,0.001895137989304498,0.0005236650443272084
2004-09-14,0.0,0.0010989937547245543,0.00030367425302595775
2004-09-15,0.0,-0.005651870794322358,-0.0015617264741374618
2004-09-16,0.0,0.005304852137611578,0.0014658381845910583
2004-09-17,0.0,-0.00013437677021050146,-3.7131025669879614e-05
2004-09-20,0.0,-2.1525398577034856e-05,-5.947903985683157e-06
2004-09-21,0.00326071100869086,0.004788276689698767,0.0036828083728787297
2004-09-22,0.0,-0.004036561661805364,-0.001115383815578816
2004-09-23,0.0,-0.0013159721043991685,-0.00036362976958552006
2004-09-24,0.0,0.0009573403810482919,0.0002645325543085458
2004-09-27,0.0,-0.0008912368971064041,-0.0002462668216579564
2004-09-28,0.0,0.00147545681106132,0.0004076986270803758
2004-09-29,0.0,-0.00044032991872586903,-0.0001216720828295999
2004-09-30,0.0,0.0025463221762304596,0.0007036004358587277
2004-10-01,0.0,0.0029178402230344135,0.0008062584035349227
2004-10-04,0.0,-0.0005463910706083119,-0.00015097892914652544
2004-10-05,0.0,-0.0003196843842302848,-8.833527594479059e-05
2004-10-06,0.0,0.00026112720406228237,7.215474000418243e-05
2004-10-07,0.0,-0.0028616206982837056,-0.0007907238091746259
2004-10-08,0.0,0.004336507913628029,0.0011982650454116577
2004-10-11,0.0,0.0016562741368274295,0.0004576621196845142
2004-10-12,0.0,-0.003237927146681399,-0.0008947049092807514
2004-10-13,0.0,-0.0009314433652586364,-0.0002573766838664102
2004-10-14,0.0,-0.0005587173013393761,-0.00015438491657255928
2004-10-15,0.0,0.0030134556950285746,0.0008326788967458497
2004-10-18,0.0,0.0020788179346896123,0.0005744195367625666
2004-10-19,0.0,0.00023700367841751198,6.548892084093864e-05
2004-10-20,0.0,0.002761765743110047,0.0007631318608191946
2004-10-21,0.0,0.0045928014129332055,0.0012690841348034943
2004-10-22,0.0,-0.0020110096235956983,-0.0005556827258099356
2004-10-25,0.0,0.002648266612242581,0.0007317697501273903
2004-10-26,0.0,0.0010389760963506163,0.00028709015735050897
2004-10-27,0.0,0.0014904462414901188,0.0004118405105707792
2004-10-28,0.0,0.0017813856307807182,0.0004922329617005809
2004-10-29,0.0,0.003355107655760231,0.0009270842594005657
2004-11-01,0.0,-0.0019598786673269263,-0.0005415542060757049
2004-11-02,0.0,0.002138356364870156,0.0005908712119733565
2004-11-03,0.0,0.004577938213967304,0.00126497713162523
2004-11-04,0.0,0.003783887757951038,0.0010455648937858105
2004-11-05,0.0,0.0014915079801446664,0.00041213389048439783
2004-11-08,0.0,-0.002609587858961575,-0.000721082026507406
2004-11-09,0.0,-0.0003300131760760637,-9.11893305151131e-05
2004-11-10,-0.002239164645751461,-0.002942077560457859,-0.002433393733403796
2004-11-11,0.0,0.0029984268340440285,0.0008285261177935645
2004-11-12,0.0,0.0074452665675296004,0.0020572780816578494
2004-11-15,0.0,0.00020058537878711157,5.5425806388109734e-05
2004-11-16,0.0,-0.001945798259637355,-0.0005376635039956888
2004-11-17,0.0,0.007904918234004563,0.0021842891550773753
2004-11-18,0.0,-0.0008192886726725469,-0.00022638606872595122
2004-11-19,0.0,-0.0013312651029328349,-0.0003678555350971741
2004-11-22,0.0,0.002180779758272467,0.0006025936555695005
2004-11-23,0.0,0.0006035634418232492,0.000166776814300814
2004-11-24,0.0,0.003986402880312845,0.0011015239274430088
2004-11-26,0.0,0.0005670262116445616,0.00015668083692655554
2004-11-29,0.0,-0.0030263012263576,-0.0008362283774542647
2004-11-30,0.0,-0.00022674291966801006,-6.265366519427164e-05
2004-12-01,0.0,0.005935184616911335,0.0016400118266035454
2004-12-02,0.0,-0.0030767555838321463,-0.0008501699392257668
2004-12-03,0.0,0.008406429302267555,0.0023228668297768868
2004-12-06,0.0,-0.002383480152886707,-0.0006586038837058506
2004-12-07,0.0,-0.001983461157766696,-0.0005480705262440427
2004-12-08,0.0,-0.0009515719151731956,-0.00026293861024999685
2004-12-09,0.0,-0.003531343611901082,-0.0009757818267045783
2004-12-10,0.0,-0.00241580449804311,-0.0006675357555456356
2004-12-13,0.0,0.005854983263338651,0.0016178505667845942
2004-12-14,-0.0021659042570774042,0.0006601116942433625,-0.0013850187612614003
2004-12-15,0.0,0.005623742731040346,0.0015539541200458112
2004-12-16,0.0,-0.006440093010095516,-0.001779528251048716
2004-12-17,0.0,0.0009858143844574789,0.0002724004986701683
2004-12-20,0.0,0.0023424046297367135,0.0006472538839841952
2004-12-21,0.0,0.0014072575110515523,0.0003888537779642404
2004-12-22,0.0,-0.0009250976288567544,-0.00025562322825899034
2004-12-23,0.0,0.0027433699855746413,0.0007580487400968106
2004-12-27,0.0,0.0010576408355575232,0.0002922476031614748
2004-12-28,0.0,0.0005349722619203557,0.0001478236808260921
2004-12-29,0.0,-0.0027180492514349537,-0.0007510521079568349
2004-12-30,0.0,0.0027314888158896803,0.0007547657320600093
2004-12-31,0.0,0.0010476488210426238,0.00028948660699476124
2005-01-03,0.0,-0.004629074915604563,-0.0012791072389212428
2005-01-04,0.0,-0.011525032511108526,-0.0031846001161198088
2005-01-05,0.0,-0.00048407350074056627,-0.00013375932130196255
2005-01-06,0.0,-0.002726343734165112,-0.000753344041679378
2005-01-07,0.0,-0.0016628957823903875,-0.0004594918145863182
2005-01-10,0.0,0.0024615090318171554,0.0006801648447411529
2005-01-11,0.0,0.0010312971981786005,0.00028496832212039543
2005-01-12,0.0,0.005648970878298644,0.0015609251685535551
2005-01-13,0.0,-0.0015240465691426946,-0.000421124962240735
2005-01-14,0.0,0.0007566747907176056,0.000209084583844913
2005-01-18,0.0,0.0017036989319608128,0.0004707665519664327
2005-01-19,0.0,-0.0033794294797710677,-0.000933804872422221
2005-01-20,0.0,-0.0030356729031024306,-0.0008388179617197371
2005-01-21,0.0,0.002658914899779497,0.0007347120878339308
2005-01-24,0.0,-7.141399601576782e-05,-1.9733134790308634e-05
2005-01-25,0.0,-0.004200763048519565,-0.0011607559873877075
2005-01-26,0.0,0.006251483299270881,0.0017274115644871366
2005-01-27,0.0,8.680623293988486e-05,2.398632188098626e-05
2005-01-28,0.0,0.0015956553801158,0.00044091192835300834
2005-01-31,0.0,0.0006921173312979789,0.00019124604911054384
2005-02-01,0.0,0.0009317472167492526,0.00025746064419288794
2005-02-02,0.002042424426303764,0.0010049995355028742,0.0017557628984923926
2005-02-03,0.0,-0.003902758411704775,-0.0010784112651415973
2005-02-04,0.0,0.003979669480502685,0.0010996633525772418
2005-02-07,0.0,-0.002084902570820521,-0.0005761008450721408
2005-02-08,0.0,2.6902026049842582e-05,7.433575150405063e-06
2005-02-09,0.0,-7.932979248304297e-05,-2.192042982176018e-05
2005-02-10,0.0,0.0005485644125084414,0.00015157946757111122
2005-02-11,0.0,0.0029989150225158373,0.0008286610141647905
2005-02-14,0.0,0.004967251989780013,0.0013725524199782297
2005-02-15,0.0,0.0018643181085601199,0.0005151488865026867
2005-02-16,0.0,-0.00344949060030651,-0.0009531641802920774
2005-02-17,0.0,-0.0010881685371506502,-0.0003006830259635049
2005-02-18,0.0,-0.0010269967144118334,-0.0002837800112770362
2005-02-22,0.0,0.0020762298604764156,0.0005737043993925047
2005-02-23,0.0,-0.0002534607673405699,-7.00363481254039e-05
2005-02-24,0.0,0.0010528044137739197,0.0002909112017796286
2005-02-25,0.0,0.005373991525318701,0.0014849427989952545
2005-02-28,0.0,-0.003157803983003525,-0.0008725652549147871
2005-03-01,0.0,0.0007054984969461387,0.00019494353643961424
2005-03-02,0.0,-0.0024575204865513053,-0.0006790627288291559
2005-03-03,0.0,-0.0020256911527018486,-0.0005597395299231733
2005-03-04,0.0,0.008441547935814699,0.002332570820144325
2005-03-07,0.0,0.0005719400458939403,0.00015803862894198646
2005-03-08,0.0,0.0004797347392085505,0.00013256043353610542
2005-03-09,0.0,-0.004326324570421973,-0.0011954511812489982
2005-03-10,0.0,0.0017135545576825461,0.0004734898611447464
2005-03-11,0.0,-0.002203009701295812,-0.0006087362394680922
2005-03-14,0.0,-0.0018750955009598654,-0.0005181268985000165
2005-03-15,0.0,-0.0039031558334898784,-0.0010785210808372814
2005-03-16,0.0,0.00160877343574792,0.0004445367130509299
2005-03-17,0.0,0.0005435254783830465,0.00015018710792393574
2005-03-18,0.0,-0.0026106891603994223,-0.0007213863384200597
2005-03-21,0.0,-0.006657766220381352,-0.001839675771681243
2005-03-22,-0.0005555318802159467,-0.007891510020827,-0.00258261135404168
2005-03-23,0.0,-0.0022395878915833305,-0.0006188435349507563
2005-03-24,0.0,-0.000737768359848006,-0.00020386035372801703
2005-03-28,0.0,-0.0018832324464891918,-0.0005203753015004053
2005-03-29,0.0,-0.0010039009700100337,-0.0002773981889062141
2005-03-30,0.0,0.004825607217791156,0.0013334130980814194
2005-03-31,0.0,0.003522845410233552,0.0009734336013098872
2005-04-01,0.0,-0.0015654616160553723,-0.00043256877926078213
2005-04-04,0.0,1.0614937802392102e-06,2.9331224988319784e-07
2005-04-05,0.0,0.0010870704243440348,0.0003003795951342999
2005-04-06,0.0,0.0017882237329450168,0.0004941224679493031
2005-04-07,0.0,0.0009807746899870332,0.0002710079289242418
2005-04-08,0.0,-4.199700463986423e-05,-1.1604623737406857e-05
2005-04-11,0.0,-4.8267417812611695e-05,-1.3337266009678424e-05
2005-04-12,0.0,0.0014797547078552204,0.00040888622309068933
2005-04-13,0.0,-0.004402255926763028,-0.0012164325542722663
2005-04-14,0.0,-0.006980799668047999,-0.0019289364617450873
2005-04-15,0.0,-0.0033263027256228454,-0.0009191248732754573
2005-04-18,0.0,0.003067074551183012,0.0008474948736527303
2005-04-19,0.0,0.004792976765632847,0.001324396642671664
2005-04-20,0.0,-0.0036627660328765474,-0.001012096505790803
2005-04-21,0.0,0.004991050806977014,0.0013791285156149258
2005-04-22,0.0,-0.0019144599762993147,-0.0005290041010255778
2005-04-25,0.0,0.0019481522275976756,0.000538313953062323
2005-04-26,0.0,-0.002657148498193716,-0.0007342239952676174
2005-04-27,0.0,-0.002021407897395919,-0.0005585559796527956
2005-04-28,0.0,-0.003985806628336383,-0.001101359170934804
2005-04-29,0.0,0.003504108501034278,0.0009682562134670137
2005-05-02,0.0,-0.001329988798481789,-0.00036750286630434534
2005-05-03,-0.0020467603004090604,0.001382786712939144,-0.0010991069374862222
2005-05-04,0.0,0.004438200064164417,0.0012263646480890913
2005-05-05,0.0,0.001287107005151847,0.0003556537575155994
2005-05-06,0.0,-0.005561805531032848,-0.0015368396161044213
2005-05-09,0.0,0.000476763955210699,0.00013173954569432227
2005-05-10,0.0,-0.0014013745268409582,-0.00038722819016809914
2005-05-11,0.0,0.0002938977049338857,8.120989371246245e-05
2005-05-12,0.0,-0.006282586705426842,-0.0017360060661304527
2005-05-13,0.0,-0.001975329169807731,-0.0005458234931208437
2005-05-16,0.0,0.0018824822892065606,0.0005201680178361662
2005-05-17,0.0,0.0002058988537216255,5.689402722628464e-05
2005-05-18,0.0,0.006719414348596335,0.001856710399226352
2005-05-19,0.0,-0.001075292363708524,-0.00029712507821806904
2005-05-20,0.0,-0.0025395774054384973,-0.0007017367189601782
2005-05-23,0.0,0.0036866349766673835,0.001018691978826969
2005-05-24,0.0,0.0005989607189350637,0.000165504988661272
2005-05-25,0.0,-0.0014789264255618828,-0.0004086573519022566
2005-05-26,0.0,-0.0004148032758471932,-0.00011461855393089827
2005-05-27,0.0,0.002436131252357786,0.000673152449822937
2005-05-31,0.0,-0.002820104826832155,-0.0007792521322905919
2005-06-01,0.0,0.003842701523647517,0.0010618163295093904
2005-06-02,0.0,0.003801645951826404,0.0010504718427443542
2005-06-03,0.0,-0.0038673251015923843,-0.0010686203232601176
2005-06-06,0.0,0.003163027542354954,0.0008740086302546037
2005-06-07,0.0,0.0006534889794930092,0.00018057225244011768
2005-06-08,0.0,-0.0021362448256406785,-0.000590287750879524
2005-06-09,0.0,0.000988148940189437,0.0002730455837445849
2005-06-10,0.0,-0.004226385366763481,-0.001167835953329338
2005-06-13,0.0,-0.0009824074222621992,-0.00027145908595031305
2005-06-14,0.0,-0.0018093038857450172,-0.0004999473415008526
2005-06-15,0.0,0.0016358487552005953,0.0004520181726815091
2005-06-16,0.0,0.0038533482630501636,0.001064758239435049
2005-06-17,0.0,0.003849786945445162,0.0010637741751864233
2005-06-20,0.0,-0.0030552745031639738,-0.0008442342811767067
2005-06-21,0.0,0.0028188278216625556,0.000778899269875022
2005-06-22,0.0,0.0023775506350588657,0.0006569654377279431
2005-06-23,0.0,-0.004271984051766462,-0.001180435794363664
2005-06-24,0.0,-0.0008352816745830289,-0.00023080525936095675
2005-06-27,0.0,0.0004336982576625639,0.00011983962044201768
2005-06-28,0.0,-0.0006825283794240091,-0.00018859642732232953
2005-06-29,0.0,-0.0008868005060907065,-0.00024504095688663137
2005-06-30,0.0015947216679819201,0.0007584323588684704,0.0013636379787736294
2005-07-01,0.0,7.597123514998666e-05,2.0992392346591497e-05
2005-07-05,0.0,-0.002153748904568803,-0.0005951244827267745
2005-07-06,0.0,0.0011195076339039433,0.0003093426536967396
2005-07-07,0.0,0.0009670051383974434,0.0002672031226862672
2005-07-08,0.0,0.0005549243157707583,0.00015333683776925714
2005-07-11,0.0,-0.0008698017869850961,-0.00024034386620290122
2005-07-12,0.0,-0.003046055449495824,-0.0008416868697612676
2005-07-13,0.0,0.0018037227017005373,0.0004984051472086452
2005-07-14,0.0,-0.0005031454741016751,-0.00013902929416510887
2005-07-15,0.0,0.0006921862026173387,0.00019126507965222945
2005-07-18,0.0,-0.001875777284098052,-0.0005183152890020776
2005-07-19,0.0,0.0031291915305476114,0.0008646590542749408
2005-07-20,0.0,0.00029149465369151997,8.054588193999209e-05
2005-07-21,0.0,-0.005414330804779618,-0.0014960893596606241
2005-07-22,0.0,0.005074902764529815,0.0014022985113179437
2005-07-25,0.0,-0.0015796183874690842,-0.00043648058218580943
2005-07-26,0.0,0.0017913184897661606,0.0004949776119953157
2005-07-27,0.0,0.00012869983853742395,3.556237436691266e-05
2005-07-28,0.0,0.002257929374007447,0.0006239116583596362
2005-07-29,0.0,-0.0024799769815850425,-0.0006852679136408389
2005-08-01,0.0,0.001369011429041104,0.00037828561018734213
2005-08-02,0.0,0.0015304286445472462,0.0004228884590512499
2005-08-03,0.0,0.002976183037451497,0.0008223797058729696
2005-08-04,0.0,-0.002385634437370274,-0.0006591991561799116
2005-08-05,0.0,-0.003788370210728405,-0.00104680348635564
2005-08-08,0.0,-0.0014418421731535235,-0.0003984102211968077
2005-08-09,0.0035468996426419944,0.003994941658495734,0.003670702734246213
2005-08-10,0.0,-0.0006824812844463481,-0.00018858341402530122
2005-08-11,0.0,0.003704421077304247,0.0010236066389894354
2005-08-12,0.0,-0.0010784375819397802,-0.00029799416577464
2005-08-15,0.0,0.0001023723083420898,2.8287544067180646e-05
2005-08-16,0.0,-0.0018174416834187928,-0.000502195979966027
2005-08-17,0.0,-0.002598192403901231,-0.0007179332312677023
2005-08-18,0.0,-0.0001997427135057706,-5.519296088852246e-05
2005-08-19,0.0,-0.0004885355077131077,-0.0001349922642814454
2005-08-22,0.0,0.0014964252152665281,0.00041349262222983765
2005-08-23,0.0,-0.00015873539790551655,-4.386180829555075e-05
2005-08-24,0.0,-0.0023268642708438895,-0.000642959767790863
2005-08-25,0.0,0.002168155367205817,0.0005991052803984939
2005-08-26,0.0,-0.0016474231263078575,-0.00045521640605192894
2005-08-29,0.0,0.002364689770111141,0.0006534117200298413
2005-08-30,0.0,0.0001436259964550832,3.968677437983968e-05
2005-08-31,0.0,0.0067196529941603855,0.0018567763418334772
2005-09-01,0.0,0.005363545739306829,0.0014820564165651568
2005-09-02,0.0,0.0015214400133104922,0.0004204047180246858
2005-09-06,0.0,0.002240280988324384,0.0006190350516306367
2005-09-07,0.0,-0.0016071594387431266,-0.00044409073295986057
2005-09-08,0.0,-0.00022521023884150017,-6.22301544116883e-05
2005-09-09,0.0,0.0036505113423841726,0.0010087102863829693
2005-09-12,0.0,-0.0036852311591822453,-0.0010183040755979004
2005-09-13,0.0,-0.0009244619565595552,-0.0002554475791170445
2005-09-14,0.0,-0.0016349157026298074,-0.00045176035134153345
2005-09-15,0.0,-0.0016083073020041606,-0.00044440791084815327
2005-09-16,0.0,0.003154138459004171,0.0008715523963269496
2005-09-19,0.0,-0.0013322772918534583,-0.0003681352234148466
2005-09-20,0.0017279720851091154,-0.0012311915066767012,0.0009102951970885881
2005-09-21,0.0,0.0032436316861890755,0.0008962811891880788
2005-09-22,0.0,-0.0016831225231523036,-0.000465080873091536
2005-09-23,0.0,-0.0034067006451952223,-0.0009413404482648727
2005-09-26,0.0,0.0014964739441688955,0.00041350608701338495
2005-09-27,0.0,-0.0015849287159754634,-0.00043794793360210686
2005-09-28,0.0,0.003939849494964549,0.001088660283349766
2005-09-29,0.0,0.0026121905818358602,0.0007218012115994816
2005-09-30,0.0,-0.000738899812860995,-0.00020417299713210946
2005-10-03,0.0,0.0006002587193293226,0.00016586365248302663
2005-10-04,0.0,-0.002610128893424517,-0.0007212315252972662
2005-10-05,0.0,-0.005984446514603343,-0.0016536238875638108
2005-10-06,0.0,-0.005843359616256325,-0.001614638717463351
2005-10-07,0.0,0.00523118589402366,0.0014454827081394235
2005-10-10,0.0,-0.00018231332621531033,-5.037686785489351e-05
2005-10-11,0.0,0.0008505468715609312,0.00023502334273916523
2005-10-12,0.0,-0.007821242518253897,-0.0021611678585570283
2005-10-13,0.0,-0.0003956320605438549,-0.00010932115850729987
2005-10-14,0.0,-0.0003446061533055573,-9.522166594972343e-05
2005-10-17,0.0,0.0037291458729484797,0.0010304386012423635
2005-10-18,0.0,-0.0025820129179400927,-0.0007134625113091307
2005-10-19,0.0,0.0025943979436708078,0.0007168847449854492
2005-10-20,0.0,-0.008448316391103442,-0.0023344410815494625
2005-10-21,0.0,0.007187363736866422,0.001986014301387733
2005-10-24,0.0,0.0031260292845434515,0.0008637852615995328
2005-10-25,0.0,-0.004890296000228804,-0.0013512879200278235
2005-10-26,0.0,-0.0005173851452448541,-0.00014296400396591569
2005-10-27,0.0,-0.0047193932436866365,-0.0013040640238865507
2005-10-28,0.0,0.005759404461718719,0.0015914402063414417
2005-10-31,0.0,0.003460025677715293,0.0009560752357452402
2005-11-01,-0.004272473053480767,0.0009593986445051298,-0.0028268008438040878
2005-11-02,0.0,0.003422695858110672,0.0009457602498453718
2005-11-03,0.0,0.003026983454662252,0.0008364168909648444
2005-11-04,0.0,0.0022308230125865957,0.000616421621203973
2005-11-07,0.0,0.0011548234446773539,0.00031910112812893457
2005-11-08,0.0,-0.0002962894775005281,-8.187078895819126e-05
2005-11-09,0.0,0.0021344864052861177,0.0005898018636891908
2005-11-10,0.0,0.0030174720956979008,0.0008337887096705066
2005-11-11,0.0,0.0009431839248368668,0.00026062083848030015
2005-11-14,0.0,0.00045910599894812503,0.0001268602944201909
2005-11-15,0.0,-0.0016197026139227583,-0.0004475566665348908
2005-11-16,0.0,0.005045353262760045,0.0013941333849569906
2005-11-17,0.0,0.004140115037144744,0.0011439977123997166
2005-11-18,0.0,0.0016188181513360478,0.0004473122715925228
2005-11-21,0.0,0.0019748398441261053,0.000545688282515492
2005-11-22,0.0,-0.00039361020758483113,-0.0001087624795480971
2005-11-23,0.0,0.0014268961909907163,0.00039428034334307294
2005-11-25,0.0,0.0011676084284337022,0.0003226338783156098
2005-11-28,0.0,-0.0034354416751016135,-0.000949282177460784
2005-11-29,0.0,0.001560269401601009,0.00043113406515144257
2005-11-30,0.0,-0.003784628397323391,-0.0010457695474584941
2005-12-01,0.0,0.007732182466077693,0.0021365587607320457
2005-12-02,0.0,0.0012070252233812723,0.0003335255378095082
2005-12-05,0.0,-0.0010696800678526085,-0.0002955742871016691
2005-12-06,0.0,0.0030018948060368113,0.0008294843887572491
2005-12-07,0.0,6.62789178759329e-05,1.8314208602929955e-05
2005-12-08,0.0,-0.0013474807408413968,-0.0003723362445716844
2005-12-09,0.0,0.0010737953041904747,0.0002967114103251218
2005-12-12,0.0,-0.0021202128109588303,-0.0005858577802249304
2005-12-13,-0.0015587984330781499,0.0020363802044602087,-0.0005653776947383079
2005-12-14,0.0,-0.002911392146791779,-0.0008044766693548888
2005-12-15,0.0,-0.0026525402251269398,-0.0007329506360012186
2005-12-16,0.0,-0.001589126210272948,-0.00043910778636732016
2005-12-19,0.0,-0.0003128971209426852,-8.645981750829665e-05
2005-12-20,0.0,0.0011511425100818138,0.00031808401128097014
2005-12-21,0.0,0.003344877003756356,0.0009242573228580338
2005-12-22,0.0,0.0036831621798172993,0.0010177323746574036
2005-12-23,0.0,0.0013887546548902142,0.00038374106372042797
2005-12-27,0.0,0.00024339051727511091,6.725373389009434e-05
2005-12-28,0.0,0.002587935280404988,0.0007150989801152038
2005-12-29,0.0,-0.0007629085784869932,-0.0002108071057757729
2005-12-30,0.0,-0.0009291423517641199,-0.0002567408671921607
2006-01-03,0.0,0.004254628258833733,0.001175640036942967
2006-01-04,0.0,0.0021826834194186113,0.0006031196757348424
2006-01-05,0.0,-0.001325419138674558,-0.0003662401766643196
2006-01-06,0.0,0.0027811221281693922,0.0007684804224001044
2006-01-09,0.0,0.003909561533190446,0.001080291105519693
2006-01-10,0.0,-0.0036847409680392977,-0.0010181686258480408
2006-01-11,0.0,0.0011975296348937614,0.00033090171421761754
2006-01-12,0.0,0.0007928616721838177,0.00021908375276771097
2006-01-13,0.0,0.0006724381813793199,0.00018580830105597695
2006-01-17,0.0,-0.0017710475987193462,-0.0004893763538713742
2006-01-18,0.0,-0.004090116706907424,-0.001130182160198359
2006-01-19,0.0,0.005790951534956996,0.0016001573021935378
2006-01-20,0.0,-0.008495827539114164,-0.0023475693748819188
2006-01-23,0.0,0.00026694741361690843,7.376298189032362e-05
2006-01-24,0.0,0.0019564099340448823,0.0005405957247523647
2006-01-25,0.0,-0.0008216866079728943,-0.0002270486668599325
2006-01-26,0.0,0.0030790597155596878,0.0008508066175310134
2006-01-27,0.0,0.006029407581566218,0.0016660475418079817
2006-01-30,0.0,0.0011976260075721656,0.0003309283439423095
2006-01-31,-3.066543407780753e-05,-0.0017493593187056782,-0.0005055753954410203
2006-02-01,0.0,0.0018639491232698383,0.0005150469283869811
2006-02-02,0.0,-0.003874029561166258,-0.0010704729013519278
2006-02-03,0.0,0.0004830977259845116,0.00013348969495614155
2006-02-06,0.0,0.00319245304951602,0.0008821394943915763
2006-02-07,0.0,-0.008167720106318952,-0.0022569066398681757
2006-02-08,0.0,0.0035425680713164994,0.0009788833723811971
2006-02-09,0.0,0.0015364717409773539,0.00042455828909940767
2006-02-10,0.0,-0.0026227687440586083,-0.0007247241722601503
2006-02-13,0.0,-0.004482507888288102,-0.0012386077980943778
2006-02-14,0.0,0.004831175823817595,0.001334951816812263
2006-02-15,0.0,-0.00018111094696069067,-5.004462609243505e-05
2006-02-16,0.0,0.0037947173873668855,0.0010485573399296284
2006-02-17,0.0,0.0011300116066051333,0.0003122451142886457
2006-02-21,0.0,-0.0012105872819409644,-0.0003345098067989351
2006-02-22,0.0,0.003964429038762332,0.0010954521095730017
2006-02-23,0.0,-0.0038384801226470206,-0.001060649870837503
2006-02-24,0.0,0.0024448010504740146,0.0006755480907949746
2006-02-27,0.0,0.0004301966188802772,0.0001188720466619063
2006-02-28,0.0,-0.003829656334945048,-0.001058211679421276
2006-03-01,0.0,0.003655700397917029,0.0010101441276182596
2006-03-02,0.0,-0.0025237514847838167,-0.0006973636962631905
2006-03-03,0.0,-0.003314591114730641,-0.0009158887177703588
2006-03-06,0.0,-0.003032744845915108,-0.0008380088801618529
2006-03-07,0.0,-0.0010608538088650939,-0.0002931354128191497
2006-03-08,0.0,-0.0006490258295925395,-0.00017933899364647906
2006-03-09,0.0,-0.0006068918788266172,-0.00016769652891829613
2006-03-10,0.0,0.0033447056853269834,0.000924209984103063
2006-03-13,0.0,-0.00022583914781513782,-6.240393471022931e-05
2006-03-14,0.0,0.004902985955665626,0.0013547944119634175
2006-03-15,0.0,0.0005184945778940093,0.00014327056269708815
2006-03-16,0.0,-0.00031818490887331244,-8.792094050657553e-05
2006-03-17,0.0,-0.0011747001308791282,-0.00032459345946294477
2006-03-20,0.0,0.001901365113591766,0.0005253857250028779
2006-03-21,0.0,-0.0031354137021304463,-0.0008663783664179751
2006-03-22,0.0,0.002511297577936352,0.000693922429337969
2006-03-23,0.0,0.0001464950621451822,4.0479555391176344e-05
2006-03-24,0.0,0.0028535541550677246,0.000788494859760597
2006-03-27,0.0,-0.0008141139035919393,-0.00022495617512702972
2006-03-28,-6.036039951706063e-05,-0.0036441438308355465,-0.0010506324113768652
2006-03-29,0.0,0.004831247033265517,0.0013349714934262685
2006-03-30,0.0,-0.0009570488895753921,-0.0002644520093055231
2006-03-31,0.0,0.0003519049320556562,9.723846647785158e-05
2006-04-03,0.0,0.0020600265266117945,0.0005692270897747605
2006-04-04,0.0,-0.000917420276524011,-0.0002535018201756048
2006-04-05,0.0,0.0027327307188317936,0.0007551088950185391
2006-04-06,0.0,0.0002604184015784604,7.195888350919123e-05
2006-04-07,0.0,-0.004019585497578224,-0.0011106929572652355
2006-04-10,0.0,0.0016725430445766205,0.00046215754869586656
2006-04-11,0.0,-0.0032105766067676914,-0.0008871474006575714
2006-04-12,0.0,-0.00024262540200528445,-6.704231703076783e-05
2006-04-13,0.0,-0.0012404033708787944,-0.00034274859659862817
2006-04-17,0.0,-0.0004253638374240809,-0.00011753665117631873
2006-04-18,0.0,0.004837336143567343,0.0013366540380399666
2006-04-19,0.0,0.0018573661927038718,0.0005132279312236691
2006-04-20,0.0,-0.0020508968278226524,-0.0005667043689237766
2006-04-21,0.0,0.002003325741139058,0.0005535595133209399
2006-04-24,0.0,-0.0044266210709277805,-0.0012231651375306264
2006-04-25,0.0,-0.0028259138496600313,-0.0007808572830573569
2006-04-26,0.0,0.0018832504329791707,0.0005203802715322051
2006-04-27,0.0,-0.0019445882114270054,-0.0005373291431452985
2006-04-28,0.0,-0.00033747395168360895,-9.325089405892363e-05
2006-05-01,0.0,0.0007140783056101933,0.00019731431150176685
2006-05-02,0.0,0.002902441137680949,0.0008020033240843863
2006-05-03,0.0,-0.0009009366903319837,-0.0002489470711585756
2006-05-04,0.0,0.0015508561216236215,0.0004285329850694418
2006-05-05,0.0,0.0008559036498650163,0.00023650352917619047
2006-05-08,0.0,-0.0008259075373791632,-0.00022821499522077495
2006-05-09,0.0,0.0013382748021088227,0.00036979245707880837
2006-05-10,-0.003250349299699244,-0.0010335738147048649,-0.0026378092951378487
2006-05-11,0.0,-0.005025382921190282,-0.001388615174746241
2006-05-12,0.0,-0.004990351510444426,-0.0013789352858069634
2006-05-15,0.0,-0.004261242784143744,-0.0011774677643745415
2006-05-16,0.0,-0.002610009405629639,-0.0007211985083973073
2006-05-17,0.0,-0.005164660254939331,-0.0014271003254651274
2006-05-18,0.0,-0.0065183708460784,-0.001801158003964417
2006-05-19,0.0,0.0018647124418579679,0.0005152578487867328
2006-05-22,0.0,-0.007087016572004103,-0.0019582863455173422
2006-05-23,0.0,0.0013967188835054417,0.0003859417415361662
2006-05-24,0.0,-0.0008115593313758879,-0.0002242502950379252
2006-05-25,0.0,0.005721774051183443,0.0015810421610739102
2006-05-26,0.0,0.003030867943047225,0.0008374902538512334
2006-05-30,0.0,-0.006655911822871916,-0.0018391633640573869
2006-05-31,0.0,0.0019804071516962567,0.0005472266424565411
2006-06-01,0.0,-0.0006131409584769473,-0.00016942327630585461
2006-06-02,0.0,0.0007519809377026981,0.00020778757710398485
2006-06-05,0.0,-0.0058974799722944895,-0.001629593268954417
2006-06-06,0.0,-0.004317153771645407,-0.001192917103638318
2006-06-07,0.0,-0.0026606242130132606,-0.0007351844057312974
2006-06-08,0.0,-0.006292490113439159,-0.0017387425785242883
2006-06-09,0.0,-0.0015501362924744135,-0.0004283340816832739
2006-06-12,0.0,-0.006084691381215097,-0.0016813235763537995
2006-06-13,0.0,-0.010824622309652414,-0.002991062578873062
2006-06-14,0.0,0.006059999146716289,0.0016745006114054256
2006-06-15,0.0,0.012615859567223123,0.0034860177447660506
2006-06-16,0.0,-0.0012927827855798042,-0.00035722209070620175
2006-06-19,0.0,-0.005397325844189672,-0.0014913905443282457
2006-06-20,0.0,0.0029847113292730317,0.0008247362457871942
2006-06-21,0.0,0.005583198117401932,0.0015427508213847034
2006-06-22,0.0,-0.003176404301022334,-0.0008777048998455472
2006-06-23,0.0,-0.0003002974148532821,-8.297826329691254e-05
2006-06-26,0.0,0.0019821669437779734,0.000547712908682895
2006-06-27,0.0,-0.005760796253693529,-0.001591824786678228
2006-06-28,0.0,0.0032551200500379983,0.0008994556570094965
2006-06-29,0.004704699993905333,0.011750915301174983,0.006651712122860948
2006-06-30,0.0,0.002956833345250875,0.0008170329936646015
2006-07-03,0.0,0.0029361942962495198,0.0008113300060345912
2006-07-05,0.0,-0.002736423369987978,-0.0007561292493897255
2006-07-06,0.0,0.001544610412290708,0.00042680716896890795
2006-07-07,0.0,-0.003027098916853086,-0.0008364487955087997
2006-07-10,0.0,-0.002201355824277766,-0.0006082792397209209
2006-07-11,0.0,0.00378477286398677,0.001045809466526187
2006-07-12,0.0,-0.0032425079195892866,-0.0008959706696957711
2006-07-13,0.0,-0.0042252355014881305,-0.0011675182222439053
2006-07-14,0.0,-0.0016173787849591314,-0.00044691454548401513
2006-07-17,0.0,-0.005641334585416986,-0.001558815106028854
2006-07-18,0.0,0.0014824833562386728,0.0004096402039536862
2006-07-19,0.0,0.006827789453390304,0.0018866566376407523
2006-07-20,0.0,-0.00394031876635407,-0.0010887899525476724
2006-07-21,0.0,-0.0011934504965324787,-0.0003297745655968663
2006-07-24,0.0,0.004208923607874354,0.0011630109153667667
2006-07-25,0.0,0.001108002148190224,0.00030616345475698747
2006-07-26,0.0,0.002182897985918648,0.0006031789648084544
2006-07-27,0.0,0.001508515062601852,0.0004168332921317085
2006-07-28,0.0,0.003414802724951439,0.0009435792171453587
2006-07-31,0.0,-0.0009116193205973328,-0.00025189889845717153
2006-08-01,0.0,0.0017649119151340765,0.00048768094011533567
2006-08-02,0.0,0.001240408089457382,0.000342749900437546
2006-08-03,0.0,-0.00040400247846703784,-0.00011163407466301975
2006-08-04,0.0,0.0013613881976289996,0.00037617915681145827
2006-08-07,0.0,-0.0006408666098383201,-0.0001770844358262135
2006-08-08,0.002885921622155292,-0.0013810385971362988,0.0017068740145466258
2006-08-09,0.0,0.0035018164778900587,0.0009676228810088021
2006-08-10,0.0,-0.0022151057276177675,-0.0006120786167492286
2006-08-11,0.0,-0.00028982791600460153,-8.00853285293023e-05
2006-08-14,0.0,-0.00038610527491060543,-0.00010668871451161897
2006-08-15,0.0,0.0006318186594399157,0.0001745843037127785
2006-08-16,0.0,0.00029665980894606585,8.197311904388304e-05
2006-08-17,0.0,-0.003310960140483937,-0.0009148854059795645
2006-08-18,0.0,-0.0008849175964886481,-0.0002445206707935918
2006-08-21,0.0,0.0021629816790733397,0.0005976756854874536
2006-08-22,0.0,-0.0009122374175269368,-0.0002520696911687663
2006-08-23,0.0,-0.00025217263026731636,-6.968040973919046e-05
2006-08-24,0.0,-0.0015863202922516383,-0.0004383324543369876
2006-08-25,0.0,-0.0001013185525951809,-2.7996369992770574e-05
2006-08-28,0.0,3.515442131678371e-05,9.713879253672144e-06
2006-08-29,0.0,0.0013491811155178746,0.0003728060925644722
2006-08-30,0.0,0.0008593331490313731,0.0002374511693180196
2006-08-31,0.0,0.0005728423155954818,0.0001582879443511648
2006-09-01,0.0,0.0018641485426375644,0.0005151020320008759
2006-09-05,0.0,0.0022107497790627233,0.0006108749798604966
2006-09-06,0.0,-0.004107957580521047,-0.0011351119552446515
2006-09-07,0.0,-0.006251757997861269,-0.001727487469276299
2006-09-08,0.0,-0.001867932346077514,-0.0005161475735958887
2006-09-11,0.0,-0.0032011627527492297,-0.0008845461619563849
2006-09-12,0.0,0.002388616436700009,0.0006600231430452494
2006-09-13,0.0,0.0013759740541340424,0.00038020952464555286
2006-09-14,0.0,-0.0005084085184320007,-0.00014048358000502678
2006-09-15,0.0,-0.00039658971286757284,-0.00010958577725769168
2006-09-18,0.0,0.0039504532466857,0.0010915903149075889
2006-09-19,0.0,-0.006479240246588888,-0.001790345426077281
2006-09-20,0.008882349273954045,0.002948612533671672,0.007242737525014164
2006-09-21,0.0,-0.0012557471576131126,-0.0003469883959196912
2006-09-22,0.0,-0.002512827844936123,-0.0006943452731312916
2006-09-25,0.0,0.00034920048365435515,9.649117256050063e-05
2006-09-26,0.0,0.002399976732649392,0.0006631622231098557
2006-09-27,0.0,0.0018554703650103697,0.0005127040756000905
2006-09-28,0.0,-0.00011443649255705875,-3.162112272865945e-05
2006-09-29,0.0,-0.001446997067943449,-0.00039983462312632583
2006-10-02,0.0,0.0010716085236166086,0.0002961071585225564
2006-10-03,0.0,-0.0032054372397464412,-0.0008857272893653143
2006-10-04,0.0,0.004745000173499628,0.0013111397376927654
2006-10-05,0.0,-0.0001306465316839196,-3.610028514628828e-05
2006-10-06,0.0,-0.0033039111729502493,-0.000912937633354657
2006-10-09,0.0,0.0010205652930030307,0.0002820028791652138
2006-10-10,0.0,-0.0028212340171158393,-0.0007795641504567078
2006-10-11,0.0,-0.001047694559813686,-0.0002894992455444135
2006-10-12,0.0,0.00524949428545646,0.0014505416878365883
2006-10-13,0.0,0.0007133341715205247,0.0001971086921678445
2006-10-16,0.0,0.0025706746633843724,0.0007103295217284123
2006-10-17,0.0,-0.0016055906083536457,-0.00044365723332021116
2006-10-18,0.0,0.0006697740728363284,0.00018507215385923898
2006-10-19,0.0,0.002921065808438908,0.0008071496981706477
2006-10-20,0.0,-0.00017245907904769439,-4.765393959902827e-05
2006-10-23,0.0,-0.0019054833675827357,-0.0005265236820650563
2006-10-24,0.0,0.001300648682566475,0.0003593955974996094
2006-10-25,0.001637976660430869,0.004259436968796646,0.002362339285384727
2006-10-26,0.0,0.0045397643865142485,0.0012544289292472704
2006-10-27,0.0,-0.00035139606060072373,-9.709785497910692e-05
2006-10-30,0.0,0.0009358755174985007,0.0002586013773780448
2006-10-31,0.0,0.00393154195818478,0.0010863647425286861
2006-11-01,0.0,0.0006407581720564506,0.00017705447226885258
2006-11-02,0.0,-2.036265440587186e-05,-5.626614200258756e-06
2006-11-03,0.0,-0.003666986163116451,-0.0010132626133257782
2006-11-06,0.0,0.003896414197185526,0.0010766582300612004
2006-11-07,0.0,0.0024692225544537226,0.0006822962474127227
2006-11-08,0.0,0.00017396469872989467,4.8069972838860417e-05
2006-11-09,0.0,0.0017658859254468375,0.00048795007890970615
2006-11-10,0.0,0.001068247320340173,0.00029517838991959395
2006-11-13,0.0,-0.0010584327814081428,-0.00029246643385417894
2006-11-14,0.0,0.002328284254215018,0.0006433521379819426
2006-11-15,0.0,-0.00041101698960272615,-0.00011357232628666642
2006-11-16,0.0,-0.0012445886597222736,-0.000343905076749473
2006-11-17,0.0,0.0022137358832214488,0.0006117001009732967
2006-11-20,0.0,7.631882856769621e-05,2.1088439454253307e-05
2006-11-21,0.0,0.0026442649099236624,0.0007306639986549131
2006-11-22,0.0,0.0031251775022174567,0.0008635498968756885
2006-11-24,0.0,0.003078459588101181,0.0008506407901485566
2006-11-27,0.0,-0.0016548239400210913,-0.00045726140090880495
2006-11-28,0.0,0.004264551120778402,0.0011783819248526782
2006-11-29,0.0,0.0007311758907408284,0.00020203872087240483
2006-11-30,0.0,0.005578047920912039,0.0015413277176907275
2006-12-01,0.0,0.0020800218060496364,0.000574752190823996
2006-12-04,0.0,0.0022089851419436588,0.000610387374852106
2006-12-05,0.0,-0.0004871271007926753,-0.00013460309289836862
2006-12-06,0.0,-0.0034279572366958423,-0.0009472140754061358
2006-12-07,0.0,-7.001536282201847e-06,-1.9346664086045537e-06
2006-12-08,0.0,-0.00315243479866655,-0.0008710816404393817
2006-12-11,0.0,0.0008696448462773734,0.0002403005003038848
2006-12-12,-9.439322727566169e-05,0.001275988770818065,0.0002842710989248393
2006-12-13,0.0,-0.0030556883758883096,-0.0008443486426003911
2006-12-14,0.0,-0.0004412806305769534,-0.0001219347837867071
2006-12-15,0.0,-0.0033875503001259293,-0.0009360488197100186
2006-12-18,0.0,-0.002011244364080546,-0.0005557475893645142
2006-12-19,0.0,0.0033677539840608777,0.0009305786962740332
2006-12-20,0.0,-0.001170917958465105,-0.0003235483685534594
2006-12-21,0.0,-0.00023496566524676898,-6.492577648764105e-05
2006-12-22,0.0,-0.003568561470422279,-0.0009860658754874423
2006-12-26,0.0,0.0009463977584474966,0.00026150888585715014
2006-12-27,0.0,0.0018914700054868663,0.0005226515060417159
2006-12-28,0.0,0.0003672153927296564,0.0001014690571328691
2006-12-29,0.0,-0.0003297083152996656,-9.110509130251376e-05
2007-01-03,0.0,-0.0014394611562113335,-0.0003977522979481511
2007-01-04,0.0,-0.001198479510725629,-0.00033116418416566753
2007-01-05,0.0,-0.007587286040771561,-0.0020965209411067656
2007-01-08,0.0,0.002545291243322942,0.0007033155681975017
2007-01-09,0.0,0.00016517668249088507,4.564166580300279e-05
2007-01-10,0.0,-0.0018988183282522512,-0.0005246819965856145
2007-01-11,0.0,0.001780406751750612,0.0004919624775809102
2007-01-12,0.0,0.00455083104471302,0.001257486871248813
2007-01-16,0.0,-0.0003096395950839238,-8.555969707756678e-05
2007-01-17,0.0,0.0007842412526225124,0.0002167017560913915
2007-01-18,0.0,-0.0003348513147078257,-9.252620629690915e-05
2007-01-19,0.0,0.0016416444624565857,0.0004536196440858312
2007-01-22,0.0,-0.0003550396172914084,-9.810464355424191e-05
2007-01-23,0.0,0.003117070872027743,0.0008613098706181818
2007-01-24,0.0,-0.0015123996368823552,-0.00041790667875277383
2007-01-25,0.0,-0.005917222476797802,-0.001635048523165036
2007-01-26,0.0,-0.0005245174216093642,-0.00014493479650960048
2007-01-29,0.0,-0.0006729848823393771,-0.00018595936561386023
2007-01-30,0.0,0.0021331245255224378,0.0005894255487027145
2007-01-31,-0.002207557117460783,0.004159709959851529,-0.0004481521479537357
2007-02-01,0.0,0.0013851708017816658,0.00038275077245533706
2007-02-02,0.0,-0.0005640135835090957,-0.000155848386701293
2007-02-05,0.0,-0.001019794047188672,-0.0002817897683121558
2007-02-06,0.0,0.0035781785556822094,0.0009887232711005122
2007-02-07,0.0,0.00252206341238313,0.0006968972476385933
2007-02-08,0.0,0.000594445531254562,0.0001642573507741104
2007-02-09,0.0,-0.0017609337294857061,-0.00048658168677565656
2007-02-12,0.0,-0.005111866625376507,-0.0014125123753943487
2007-02-13,0.0,0.003242884732168123,0.0008960747906499777
2007-02-14,0.0,0.00760890169151172,0.0021024937835946948
2007-02-15,0.0,-0.0005980831802340243,-0.00016526250692887464
2007-02-16,0.0,0.0008158353686043717,0.0002254318508071811
2007-02-20,0.0,0.001341908307803161,0.00037079646835990094
2007-02-21,0.0,0.002549245322858267,0.0007044081605294718
2007-02-22,0.0,-0.0004915784030802579,-0.00013583307795639397
2007-02-23,0.0,0.0026587617143583216,0.0007346697595967138
2007-02-26,0.0,0.0017071148662595754,0.00047171044386036114
2007-02-27,0.0,-0.01301754281266058,-0.0035970109683279394
2007-02-28,0.0,0.0025695616889136294,0.0007100219843201361
2007-03-01,0.0,-0.004832368634873484,-0.0013352814146874474
2007-03-02,0.0,-0.005510124469083911,-0.0015225590910191216
2007-03-05,0.0,-0.009317092539278671,-0.0025745015429576397
2007-03-06,0.0,0.009199352079033501,0.0025419674669793406
2007-03-07,0.0,-0.00036252413271613666,-0.00010017276689078924
2007-03-08,0.0,0.003858887097156819,0.0010662887315809253
2007-03-09,0.0,-0.0008497239482200234,-0.00023479595233792458
2007-03-12,0.0,0.002685299241174655,0.0007420026162198401
2007-03-13,0.0,-0.006325662318278388,-0.001747908731182091
2007-03-14,0.0,0.004127491201664839,0.0011405094907485905
2007-03-15,0.0,0.0011184553520104197,0.0003090518868778976
2007-03-16,0.0,0.0013388415881260864,0.0003699490715451583
2007-03-19,0.0,0.004304751113914036,0.0011894899978827855
2007-03-20,0.0,0.0033698928106974794,0.0009311696974316192
2007-03-21,0.0037680830474606866,0.006997473886543713,0.004660429201905579
2007-03-22,0.0,-0.002370612440426204,-0.0006550482739011566
2007-03-23,0.0,-0.001743522242959878,-0.00048177054008617643
2007-03-26,0.0,0.0025235386474792352,0.0006973048850013367
2007-03-27,0.0,-0.0020717899482104634,-0.0005724775616283522
2007-03-28,0.0,-0.0037894314248518007,-0.0010470967213306683
2007-03-29,0.0,0.0019149394601749162,0.0005291365921404139
2007-03-30,0.0,-0.0004495952286385165,-0.00012423227578309165
2007-04-02,0.0,0.003301604443405968,0.0009123002372199827
2007-04-03,0.0,0.0019398048879478668,0.0005360074139013748
2007-04-04,0.0,0.003596842010268988,0.0009938803619448952
2007-04-05,0.0,0.00019168914142001612,5.296759566072355e-05
2007-04-09,0.0,-0.0037571044530045577,-0.0010381641236829563
2007-04-10,0.0,0.004807504145654146,0.0013284108522678758
2007-04-11,0.0,-0.0015384237900337128,-0.0004250976798252525
2007-04-12,0.0,0.0030683047030942248,0.0008478347895632076
2007-04-13,0.0,0.001865834499726486,0.0005155678961219513
2007-04-16,0.0,0.003809447234084598,0.0010526274951784262
2007-04-17,0.0,0.0024829631742096982,0.0006860930591985689
2007-04-18,0.0,0.001330218529186228,0.00036756634555503966
2007-04-19,0.0,-0.002293567847658544,-0.0006337592910858973
2007-04-20,0.0,0.0028634967776107723,0.000791242207924223
2007-04-23,0.0,-0.0009330873044780547,-0.00025783093759836344
2007-04-24,0.0,0.00018596598191985607,5.1386170672011834e-05
2007-04-25,0.0,0.002860330207418238,0.000790367220387908
2007-04-26,0.0,-0.004098872946477875,-0.0011326016866965232
2007-04-27,0.0,0.002160064953055599,0.0005968697349614282
2007-04-30,0.0,-0.0008504590448415343,-0.00023499907443618907
2007-05-01,0.0,-0.000752336364413342,-0.00020788578870927947
2007-05-02,0.0,0.0010594810870572817,0.00029275610195609176
2007-05-03,0.0,0.0008358069283867614,0.00023095039763477477
2007-05-04,0.0,0.0015883482755855967,0.0004388928272430587
2007-05-07,0.0,0.00233981549460017,0.0006465384534595056
2007-05-08,0.0,-0.0017626551620812617,-0.0004870573534983677
2007-05-09,-0.004882514373620077,-0.0002266639313056601,-0.003596008513880438
2007-05-10,0.0,-0.005734458636129081,-0.0015845471690339205
2007-05-11,0.0,0.004666215462567719,0.0012893699249533748
2007-05-14,0.0,-0.0018762049258299772,-0.0005184334550816816
2007-05-15,0.0,0.0009165914268994636,0.000253272792222058
2007-05-16,0.0,-0.0014904931690019427,-0.0004118534775936019
2007-05-17,0.0,-0.0024437412346147024,-0.0006752552421886581
2007-05-18,0.0,0.0008837529968578609,0.0002441988683070597
2007-05-21,0.0,0.00036830023658284967,0.00010176882148125782
2007-05-22,0.0,-0.0015872591923832447,-0.0004385918914765581
2007-05-23,0.0,0.0005256988822224608,0.0001452612580273473
2007-05-24,0.0,-0.004165764899474259,-0.001151085289330567
2007-05-25,0.0,0.0019479152196733322,0.0005382484629682466
2007-05-29,0.0,0.00027265241077492836,7.533938825571842e-05
2007-05-30,0.0,0.002114150259156067,0.0005841825742629122
2007-05-31,0.0,0.0025253897977718432,0.0006978163953533563
2007-06-01,0.0,0.0018177854425648551,0.0005022909675867052
2007-06-04,0.0,0.0022440566713892787,0.000620078349401407
2007-06-05,0.0,-0.0017532078255478565,-0.0004844468628995511
2007-06-06,0.0,-0.0032024142301994405,-0.0008848919705455946
2007-06-07,0.0,-0.010771219707673576,-0.0029763063573787635
2007-06-08,0.0,0.0018445065807843183,0.0005096745597626521
2007-06-11,0.0,3.54137477771716e-05,9.785536411694753e-06
2007-06-12,0.0,-0.00747706839398679,-0.0020660655709886407
2007-06-13,0.0,0.006605159737983174,0.0018251395341658681
2007-06-14,0.0,0.0012721804598447755,0.00035152925045912463
2007-06-15,0.0,0.006281069662743659,0.001735586876483884
2007-06-18,0.0,0.0013582645481098176,0.00037531602912727025
2007-06-19,0.0,0.00341059587981828,0.0009424167805546903
2007-06-20,0.0,-0.0053221167256192956,-0.001470608740242085
2007-06-21,0.0,0.001492017785350102,0.0004122747599973353
2007-06-22,0.0,0.00029665374147484926,8.197144247858726e-05
2007-06-25,0.0,-0.00039763450848934396,-0.0001098744754678882
2007-06-26,0.0,-0.004203420499781149,-0.0011614902950426375
2007-06-27,0.0,0.0024400361484590073,0.0006742314517750269
2007-06-28,-0.001007355914145018,0.0016707755808125595,-0.0002673338915081651
2007-06-29,0.0,0.004318554737929724,0.0011933042190228008
2007-07-02,0.0,0.007017852506891388,0.001939174912245725
2007-07-03,0.0,-0.0009703989159873987,-0.00026814089223239554
2007-07-05,0.0,-0.002892253890021229,-0.0007991883810420291
2007-07-06,0.0,0.0011803033694227486,0.00032614174786034945
2007-07-09,0.0,0.003758911900443161,0.0010386635580504784
2007-07-10,0.0,0.0008605657393818155,0.0002377917590186876
2007-07-11,0.0,0.00145754504768493,0.0004027492437555668
2007-07-12,0.0,0.004408940363084558,0.0012182795995335461
2007-07-13,0.0,0.0017693230813844733,0.0004888998347726564
2007-07-16,0.0,0.0013119196125112838,0.000362509983925541
2007-07-17,0.0,0.000404111080742135,0.00011166408367319407
2007-07-18,0.0,0.0025808236623055284,0.0007131338958689331
2007-07-19,0.0,0.0016349726528172284,0.0004517760878328014
2007-07-20,0.0,0.0006256472500616843,0.0001728790181959181
2007-07-23,0.0,0.0012506176218300125,0.00034557100119783196
2007-07-24,0.0,-0.003935428108661511,-0.0010874385646847213
2007-07-25,0.0,-0.0008864802969177728,-0.0002449524766009294
2007-07-26,0.0,-0.008818183277087003,-0.00243664280001896
2007-07-27,0.0,-0.008317882463928415,-0.00229839954333886
2007-07-30,0.0,0.006005165379841568,0.001659348930038088
2007-07-31,0.0,-0.0031670773084243454,-0.0008751276627156759
2007-08-01,0.0,0.0014237393406047701,0.00039340804158635625
2007-08-02,0.0,0.0033921735087723386,0.0009373263059798412
2007-08-03,0.0,-0.0028981953828096235,-0.0008008301359442915
2007-08-06,0.0,0.001550251385249524,0.00042836588415017614
2007-08-07,-0.005958168768545706,0.0003660179917791526,-0.0042106677639384095
2007-08-08,0.0,0.005038534252946571,0.0013922491543118377
2007-08-09,0.0,-0.012841617163851864,-0.003548399145230288
2007-08-10,0.0,-0.0022300578920418025,-0.0006162102028870663
2007-08-13,0.0,-0.0007730161462211142,-0.00021360003163943057
2007-08-14,0.0,-0.006387094570274932,-0.0017648837077518427
2007-08-15,0.0,-0.010700597324841722,-0.0029567919613586045
2007-08-16,0.0,-0.0066863436204066705,-0.0018475722866239397
2007-08-17,0.0,0.0049635506013896566,0.001371529651332122
2007-08-20,0.0,0.003077254120613706,0.000850307695044756
2007-08-21,0.0,-0.0008860561191717395,-0.00024483526769084854
2007-08-22,0.0,0.009090862474386159,0.0025119895899343337
2007-08-23,0.0,0.0027849446651125437,0.0007695366668472501
2007-08-24,0.0,0.008816201172940097,0.002436095104462326
2007-08-27,0.0,-0.0023786198290925075,-0.0006572608777139396
2007-08-28,0.0,-0.008878682815040303,-0.002453360048790759
2007-08-29,0.0,0.00994428052586496,0.0027478062978888284
2007-08-30,0.0,1.9346306907434417e-05,5.345776783234355e-06
2007-08-31,0.0,0.004850468961197259,0.0013402829017771318
2007-09-04,0.0,0.0025619785716126057,0.0007079266152863295
2007-09-05,0.0,0.0010734661495960588,0.0002966204582381244
2007-09-06,0.0,0.0015488496832825789,0.00042797856548166944
2007-09-07,0.0,0.0027062760711034934,0.0007477989395675458
2007-09-10,0.0,0.0013783613895574243,0.00038086919381864987
2007-09-11,0.0,0.004093537324715843,0.0011311273462409487
2007-09-12,0.0,0.0011587340045147749,0.00032018169508615064
2007-09-13,0.0,-0.00305955903293496,-0.0008454181836076153
2007-09-14,0.0,-0.00029029212545540897,-8.021359901092743e-05
2007-09-17,0.0,-0.0026882598646675773,-0.0007428206965081395
2007-09-18,0.005090955770778123,0.009415161467235268,0.006285821464197223
2007-09-19,0.0,-0.0009832578203568156,-0.00027169406818296644
2007-09-20,0.0,-0.0010338016541994314,-0.0002856603540888144
2007-09-21,0.0,0.0025371290410927927,0.0007010601862586765
2007-09-24,0.0,0.001773405786972262,0.0004900279690904053
2007-09-25,0.0,0.0017682024252873047,0.0004885901747752781
2007-09-26,0.0,0.0003817128471281879,0.00010547499767286366
2007-09-27,0.0,0.0047591375685486735,0.0013150461865354414
2007-09-28,0.0,0.00348418090912586,0.0009627498158543069
2007-10-01,0.0,0.0036801970347765185,0.001016913044973771
2007-10-02,0.0,-0.0034362484481856993,-0.0009495051052186697
2007-10-03,0.0,-0.0043052510942226995,-0.0011896281525775763
2007-10-04,0.0,0.003753137976504403,0.0010370681058182948
2007-10-05,0.0,0.002375825149411389,0.0006564886510648234
2007-10-08,0.0,-0.0035508540244938475,-0.0009811729492153892
2007-10-09,0.0,0.003655636257748522,0.0010101264043894636
2007-10-10,0.0,0.0010100883091271854,0.00027910787613286283
2007-10-11,0.0,-0.00023753592897578948,-6.563599245987434e-05
2007-10-12,0.0,0.001809249815497692,0.0004999324007954147
2007-10-15,0.0,-0.0009405376051755295,-0.00025988960671217607
2007-10-16,0.0,-0.003736658987749802,-0.001032514627166425
2007-10-17,0.0,0.005339200292015132,0.0014753292759521132
2007-10-18,0.0,0.00543654232059192,0.0015022268517472517
2007-10-19,0.0,-0.0025457135823949914,-0.0007034322690446875
2007-10-22,0.0,-0.0028263499567586312,-0.0007809777882893814
2007-10-23,0.0,0.006415829430332476,0.0017728237320934436
2007-10-24,0.0,0.0021275568022573322,0.0005878870738967227
2007-10-25,0.0,0.0019127480106947911,0.0005285310502244018
2007-10-26,0.0,0.006281090484506328,0.0017355926299590044
2007-10-29,0.0,0.00391829538100461,0.0010827044447216736
2007-10-30,0.0,-0.002052351856795758,-0.0005671064229251205
2007-10-31,0.002617852536685346,0.003879429197001505,0.0029664517423764756
2007-11-01,0.0,-0.004745748516441988,-0.0013113465200180075
2007-11-02,0.0,0.005830388099260291,0.0016110544243611836
2007-11-05,0.0,-0.00302330309677026,-0.0008353999334717612
2007-11-06,0.0,0.007305020915743606,0.002018525365035793
2007-11-07,0.0,-0.001659649277137643,-0.00045859473937243843
2007-11-08,0.0,2.963967618217033e-05,8.190043379097963e-06
2007-11-09,0.0,-0.002888175703139625,-0.0007980614953344012
2007-11-12,0.0,-0.014533552604894853,-0.004015915206188841
2007-11-13,0.0,0.010139187179140738,0.0028016629573000963
2007-11-14,0.0,-0.00047672103573050237,-0.00013172768617188826
2007-11-15,0.0,-0.004496396310110478,-0.0012424454505873862
2007-11-16,0.0,0.0016361049670825798,0.0004520889692183807
2007-11-19,0.0,-0.0030650573948265794,-0.0008469374924600321
2007-11-20,0.0,0.00841787183191712,0.00232602863267988
2007-11-21,0.0,-0.004335882933476372,-0.0011980923507262744
2007-11-23,0.0,0.005907746709186673,0.0016324301764830949
2007-11-26,0.0,-0.00028371783124532535,-7.839698824782042e-05
2007-11-27,0.0,-6.630592826445027e-05,-1.8321672120826842e-05
2007-11-28,0.0,0.005586092107811631,0.0015435504896013348
2007-11-29,0.0,-0.0018649552197096142,-0.0005153249332286898
2007-11-30,0.0,-0.003113366764703357,-0.000860286350675484
2007-12-03,0.0,0.001393574458163639,0.0003850728730710245
2007-12-04,0.0,-0.00027432549146554465,-7.58016943669141e-05
2007-12-05,0.0,-0.0027931381119302764,-0.000771800682299009
2007-12-06,0.0,0.0016436200819721705,0.00045416554780737615
2007-12-07,0.0,-0.003067603076547904,-0.0008476409159252173
2007-12-10,0.0,0.002249930671842561,0.000621701454803286
2007-12-11,0.001037213570911362,-0.0021935406316060096,0.00014449069151171187
2007-12-12,0.0,0.0018353847738933678,0.0005071540196031216
2007-12-13,0.0,-0.006046926505050196,-0.0016708883755069408
2007-12-14,0.0,-0.00855748771038663,-0.002364607330167945
2007-12-17,0.0,-0.0027251725205930458,-0.0007530204116267939
2007-12-18,0.0,0.004463023148457355,0.0012332237694881458
2007-12-19,0.0,0.0015711802772730454,0.00043414896128285435
2007-12-20,0.0,-0.001697092831234482,-0.00046894115241811086
2007-12-21,0.0,0.0017294310581790243,0.00047787686007736785
2007-12-24,0.0,0.0002387375011217813,6.596801120185737e-05
2007-12-26,0.0,0.0012433593099986085,0.000343565382499677
2007-12-27,0.0,0.0024403767181142583,0.0006743255580747371
2007-12-28,0.0,0.005404420800454439,0.0014933510245718254
2007-12-31,0.0,-0.0016542165552914506,-0.00045709356819521575
2008-01-02,0.0,0.00595096605725825,0.001644372558489801
2008-01-03,0.0,0.000709128034642488,0.00019594645128242396
2008-01-04,0.0,-0.004730159480701433,-0.0013070389534248794
2008-01-07,0.0,-0.0018355206206777715,-0.000507191556823513
2008-01-08,0.0,0.010305312805432693,0.0028475668355121457
2008-01-09,0.0,-0.007838776807714316,-0.002166012938186774
2008-01-10,0.0,0.0037829564607702645,0.0010453075574956806
2008-01-11,0.0,-0.0010181689553966946,-0.00028134072250647597
2008-01-14,0.0,0.0050410480258692705,0.0013929437607291136
2008-01-15,0.0,-0.0052332995100243425,-0.0014460667430872397
2008-01-16,0.0,-0.006711638065541784,-0.0018545616545790258
2008-01-17,0.0,-0.0007804021408542109,-0.00021564093168405506
2008-01-18,0.0,0.0006627573267809569,0.00018313328468197798
2008-01-22,0.0,0.0013148487411522415,0.0003633193615477848
2008-01-23,0.0,-0.0005167302276381161,-0.0001427830369548069
2008-01-24,0.0,0.005465123524337673,0.0015101244177350124
2008-01-25,0.0,-0.00047105455250714794,-0.0001301619219873888
2008-01-28,0.0,0.004440915157150023,0.0012271148833208707
2008-01-29,0.0,-0.0009450350567044852,-0.0002611323437411216
2008-01-30,-0.004383912006084671,-0.0002695831479758855,-0.003247039537685181
2008-01-31,0.0,0.005518417513771158,0.0015248506273812567
2008-02-01,0.0,-0.0022686884527576556,-0.0006268846099243482
2008-02-04,0.0,-0.0006430830424416904,-0.00017769688108563135
2008-02-05,0.0,-0.0014320202266545588,-0.0003956962182704839
2008-02-06,0.0,-0.0006885591243267769,-0.00019026284439309545
2008-02-07,0.0,-0.003774780174110292,-0.0010430482837433784
2008-02-08,0.0,0.010258729741565933,0.002834694990642614
2008-02-11,0.0,-0.0020296911279091886,-0.0005608448041597095
2008-02-12,0.0,-0.003067124043085389,-0.0008475085492686477
2008-02-13,0.0,-0.0016599774781980304,-0.0004586854279786539
2008-02-14,0.0,-0.0006851079052066352,-0.00018930920258773267
2008-02-15,0.0,0.0003313520136541712,9.155927847860883e-05
2008-02-19,0.0,0.000809229371989253,0.00022360648002689768
2008-02-20,0.0,0.0017873865347074371,0.0004938911331047339
2008-02-21,0.0,0.0040386579157644245,0.001115963053042572
2008-02-22,0.0,-0.00021238585117589108,-5.8686516126095645e-05
2008-02-25,0.0,-0.002576318491478106,-0.0007118890258413369
2008-02-26,0.0,0.004312375564161346,0.0011915967880475448
2008-02-27,0.0,0.003837584425159733,0.0010604023714643536
2008-02-28,0.0,0.006963350757714107,0.0019241149740987906
2008-02-29,0.0,0.0023675558219151305,0.000654203668243349
2008-03-03,0.0,0.0019875689630951894,0.0005492055961289656
2008-03-04,0.0,-0.0036690865799568636,-0.001013843001078041
2008-03-05,0.0,0.001691073448011118,0.00046727787480968605
2008-03-06,0.0,0.00383011053700516,0.0010583371846579841
2008-03-07,0.0,0.0007270560227948035,0.0002009003178417268
2008-03-10,0.0,0.002092650927334426,0.0005782418730501648
2008-03-11,0.0,-0.005536903878110024,-0.0015299587846002009
2008-03-12,0.0,0.007978085579825798,0.002204506775962513
2008-03-13,0.0,0.0012882785272572438,0.00035597747282219724
2008-03-14,0.0,0.0042117417695320515,0.0011637896305620337
2008-03-17,0.0,0.0015026391043300646,0.00041520964574488805
2008-03-18,0.017352197495778217,-0.008469512055105653,0.010217135694009175
2008-03-19,0.0,-0.0006874435005668824,-0.00018995457493252066
2008-03-20,0.0,-0.008025158635034326,-0.002217514015372789
2008-03-24,0.0,-0.006268650378317297,-0.0017321551764354725
2008-03-25,0.0,0.005970086798718585,0.001649656006967381
2008-03-26,0.0,0.0036563330077331846,0.001010318930534611
2008-03-27,0.0,3.5950650556808037e-06,9.933893533700891e-07
2008-03-28,0.0,-0.0006927864075884742,-0.00019143092845299694
2008-03-31,0.0,-0.003392636349709932,-0.0009374541983135232
2008-04-01,0.0,-0.007269584168881465,-0.002008733473510688
2008-04-02,0.0,5.921100042665541e-05,1.636119973219581e-05
2008-04-03,0.0,0.0007893624236190343,0.0002181168394531498
2008-04-04,0.0,0.0037870400562264148,0.0010464359377020973
2008-04-07,0.0,-0.0010624763373958941,-0.00029358375034380427
2008-04-08,0.0,-0.006640790014088266,-0.001834984901743989
2008-04-09,0.0,0.008517017627999673,0.0023534246260024983
2008-04-10,0.0,-0.0007021831957419086,-0.00019402745150972036
2008-04-11,0.0,0.0017702133125624164,0.0004891458236937217
2008-04-14,0.0,-0.0017371998343753638,-0.00048002353042759247
2008-04-15,0.0,-0.002327659362053342,-0.0006431794676099747
2008-04-16,0.0,0.001464786838824639,0.00040475029745170205
2008-04-17,0.0,-0.0006109027208055236,-0.00016880480586410536
2008-04-18,0.0,-0.002071134565412842,-0.0005722964660755721
2008-04-21,0.0,0.00015788402580161815,4.3626556924387784e-05
2008-04-22,0.0,0.0020658744878160273,0.0005708430000042643
2008-04-23,0.0,-0.00266062191791303,-0.0007351837715485779
2008-04-24,0.0,-0.005192831626394986,-0.001434884646483091
2008-04-25,0.0,-0.001018291734244656,-0.0002813746487911175
2008-04-28,0.0,0.001641147414045939,0.00045348229953389726
2008-04-29,0.0,-0.0026526061428553626,-0.0007329688504058537
2008-04-30,0.002514788788243301,0.00414958781219496,0.0029665168989007735
2008-05-01,0.0,-0.0033061698278650494,-0.0009135617454946456
2008-05-02,0.0,-0.0019028743377120588,-0.0005258027542220235
2008-05-05,0.0,0.0024807351759869333,0.0006854774181240563
2008-05-06,0.0,-7.213943647728289e-05,-1.9933588695818415e-05
2008-05-07,0.0,-8.831379414094848e-05,-2.4402891601838456e-05
2008-05-08,0.0,0.0010419826381034558,0.0002879209257848698
2008-05-09,0.0,0.0034917781026101574,0.0009648490744229017
2008-05-12,0.0,-6.426756663813194e-05,-1.7758431482189966e-05
2008-05-13,0.0,-0.0033077013541112036,-0.0009139849372432712
2008-05-14,0.0,-0.0014797952732124424,-0.0004088974321212231
2008-05-15,0.0,0.003006848231981017,0.0008308531207605562
2008-05-16,0.0,0.0021790627895383495,0.0006021192223021952
2008-05-19,0.0,0.000127412473496271,3.52066493088191e-05
2008-05-20,0.0,0.0027169315498820263,0.0007507432643599245
2008-05-21,0.0,0.0017876393158789766,0.0004939609816667628
2008-05-22,0.0,-0.0038851219523300677,-0.0010735379538933645
2008-05-23,0.0,0.0025168108128645617,0.0006954458479118992
2008-05-27,0.0,-0.003226086466112244,-0.0008914330892074349
2008-05-28,0.0,-0.00162411829611133,-0.0004487768090374755
2008-05-29,0.0,-0.00430657364593175,-0.0011899936004253076
2008-05-30,0.0,0.0013075388320988124,0.0003612994854912151
2008-06-02,0.0,0.0007166811417067654,0.00019803352787945555
2008-06-03,0.0,-0.000863009403715319,-0.0002384669930115403
2008-06-04,0.0,-0.0007130257328308015,-0.00019702346430526264
2008-06-05,0.0,-0.0001713028513090133,-4.7334450435998516e-05
2008-06-06,0.0,0.006285254097101679,0.0017367431205230746
2008-06-09,0.0,-0.003931818039907259,-0.001086441029505284
2008-06-10,0.0,-0.005313045915769116,-0.001468102291598722
2008-06-11,0.0,0.0021101370942613385,0.0005830736554483716
2008-06-12,0.0,-0.004897641596260758,-0.0013533176571199994
2008-06-13,0.0,-0.000577356554013881,-0.00015953531993796423
2008-06-16,0.0,0.0031493769713994966,0.0008702367007777931
2008-06-17,0.0,0.0006257266142612436,0.00017290094813311255
2008-06-18,0.0,0.0025663226712887718,0.0007091269780896292
2008-06-19,0.0,0.000449675154219349,0.00012425436084131206
2008-06-20,0.0,0.0020310930901512427,0.0005612321947475052
2008-06-23,0.0,-0.0029829709316783076,-0.0008242553386507578
2008-06-24,0.0,0.0017188214622265673,0.0004749452136399619
2008-06-25,0.0035102926304473384,0.001318740087714729,0.002904722236147631
2008-06-26,0.0,0.004181732465869844,0.0011554974516171824
2008-06-27,0.0,0.0036114836478525407,0.0009979261432217655
2008-06-30,0.0,-0.0009413300874894847,-0.00026010858564057493
2008-07-01,0.0,0.0006509370337358083,0.00017986709809483665
2008-07-02,0.0,0.0036024004485808916,0.0009954162711300946
2008-07-03,0.0,-0.0018142875358099725,-0.0005013244250414204
2008-07-07,0.0,2.6468449995034702e-05,7.313769297089068e-06
2008-07-08,0.0,-0.0030083008570469614,-0.0008312545105136199
2008-07-09,0.0,0.00527391981233269,0.0014572909560621966
2008-07-10,0.0,0.0013129744825612249,0.0003628014659044678
2008-07-11,0.0,0.0017510934511384823,0.00048386261838803896
2008-07-14,0.0,0.0023531008601902982,0.000650209469290501
2008-07-15,0.0,0.0016834440423349579,0.00046516971535948007
2008-07-16,0.0,-0.005489048560692305,-0.0015167353902836532
2008-07-17,0.0,-0.002832402972778042,-0.0007826503593211518
2008-07-18,0.0,-0.0014612147407978015,-0.0004037632543539847
2008-07-21,0.0,0.0016654252472264252,0.0004601907569973528
2008-07-22,0.0,-0.0034005541979369833,-0.0009396420602877936
2008-07-23,0.0,-0.004518290504490951,-0.0012484952603297188
2008-07-24,0.0,0.0038792920429767085,0.0010719270317562008
2008-07-25,0.0,-0.0021241359683543595,-0.0005869418281428271
2008-07-28,0.0,0.0032360167324818165,0.0008941770231098478
2008-07-29,0.0,-0.0024599352994961383,-0.0006797299905984491
2008-07-30,0.0,-0.002143604410267112,-0.0005923213533039287
2008-07-31,0.0,0.0024374447708681015,0.0006735154016147384
2008-08-01,0.0,0.0010869963804870952,0.0003003591353156243
2008-08-04,0.0,0.0007197060836367843,0.00019886938065577606
2008-08-05,0.011312018846622036,-0.00807088207376555,0.005956130395781742
2008-08-06,0.0,-0.0011129947442555968,-0.0003075430102588223
2008-08-07,0.0,0.004360135500854265,0.00120479382673629
2008-08-08,0.0,-0.0063865682239423105,-0.0017647382675901452
2008-08-11,0.0,-0.005443281572254293,-0.0015040890435984128
2008-08-12,0.0,0.002093500537958972,0.0005784766376888743
2008-08-13,0.0,0.0039180855543374474,0.0010826464653599696
2008-08-14,0.0,-0.00322590902640661,-0.0008913840590197438
2008-08-15,0.0,-0.0019695482437940524,-0.0005442261060734149
2008-08-18,0.0,0.0037317700992348032,0.0010311637281630985
2008-08-19,0.0,0.002894916613366956,0.0007999241454806824
2008-08-20,0.0,-0.0004935974600848911,-0.00013639098433671957
2008-08-21,0.0,0.0016517257683379388,0.00045640531326719377
2008-08-22,0.0,-0.0028419710615372683,-0.0007852942162078293
2008-08-25,0.0,0.0044298741984819265,0.0012240640426206294
2008-08-26,0.0,-0.0007494882407555313,-0.000207098794405997
2008-08-27,0.0,-0.0006565640384247612,-0.0001814219535599795
2008-08-28,0.0,-9.397381175367521e-05,-2.5966869207051822e-05
2008-08-29,0.0,0.0006590739555734299,0.000182115494548727
2008-09-02,0.0,0.0004956690199135729,0.0001369633983116572
2008-09-03,0.0,0.001307358570944321,0.0003612496756800087
2008-09-04,0.0,0.005116485860716322,0.001413788763759013
2008-09-05,0.0,-0.0025609797903118547,-0.0007076506317658245
2008-09-08,0.0,0.0013373427913214607,0.0003695349236047121
2008-09-09,0.0,-0.0003531722782467157,-9.758865992184596e-05
2008-09-10,0.0,-0.004933224453458083,-0.001363149921892637
2008-09-11,0.0,-0.0016774345604617473,-0.000463509173694821
2008-09-12,0.0,-0.00038791703225528936,-0.00010718933979356071
2008-09-15,0.0,0.01142963423388011,0.003158239638225589
2008-09-16,-0.011322363056154076,-0.0033283535207915657,-0.009113456168469323
2008-09-17,0.0,0.01475151188700783,0.004076141774266402
2008-09-18,0.0,-0.009282033945100668,-0.002564814142685002
2008-09-19,0.0,-0.008856333417731257,-0.002447184457251473
2008-09-22,0.0,0.009894269285999641,0.0027339871784955528
2008-09-23,0.0,0.0008617894389303847,0.00023812989201056533
2008-09-24,0.0,-0.0014749968127654356,-0.00040757152022622366
2008-09-25,0.0,-0.0033732122412941414,-0.0009320869233963523
2008-09-26,0.0,0.0017196952016269647,0.0004751866455485732
2008-09-29,0.0,0.01749956490428176,0.004835484530955268
2008-09-30,0.0,-0.015356697655034742,-0.004243366870184781
2008-10-01,0.0,0.00215068387610844,0.0005942775532294934
2008-10-02,0.0,0.010456294351086115,0.002889286097245802
2008-10-03,0.0,0.0015685293715141013,0.0004334164622829931
2008-10-06,0.0,0.016911993416022102,0.004673126617609961
2008-10-07,0.0,0.006664308874435508,0.001841483639627864
2008-10-08,0.0,-0.004117491984598832,-0.0011377465043709973
2008-10-09,0.0,0.013008663358779935,0.0035945573952180913
2008-10-10,0.0,0.005068666746520671,0.001400575373126628
2008-10-13,0.0,-0.030150345248729768,-0.008331151594376009
2008-10-14,0.0,0.002694367770072322,0.0007445084345897849
2008-10-15,0.0,0.021769968332269417,0.0060154835669267385
2008-10-16,0.0,-0.010376743738696808,-0.0028673046504075215
2008-10-17,0.0,0.0013534965146466628,0.0003739985248247192
2008-10-20,0.0,-0.006267409582597229,-0.0017318123194248393
2008-10-21,0.0,0.011708593639882034,0.003235321777116752
2008-10-22,0.0,0.013713967186912845,0.0037894471407183207
2008-10-23,0.0,-0.0018590238389864404,-0.0005136859724950378
2008-10-24,0.0,0.015383097622153398,0.004250661716274855
2008-10-27,0.0,0.009382758563236684,0.0025926463965465774
2008-10-28,0.0,-0.028253699456407533,-0.0078070699135091
2008-10-29,-0.004409073302493287,-0.004039108495679666,-0.004306844526513411
2008-10-30,0.0,-0.007952977916743554,-0.002197569019675046
2008-10-31,0.0,0.0007979102644748174,0.00022047878116183154
2008-11-03,0.0,0.0013460002583274603,0.0003719271572410195
2008-11-04,0.0,-0.007585383783000173,-0.0020959953087223175
2008-11-05,0.0,0.009075282596226255,0.00250768455376638
2008-11-06,0.0,0.007129149703073751,0.001969928583746828
2008-11-07,0.0,-0.00543507439178651,-0.001501821233260739
2008-11-10,0.0,0.0006820490030651794,0.00018846396591655712
2008-11-11,0.0,0.007257836064923932,0.0020054872342318585
2008-11-12,0.0,0.010896564266848352,0.0030109416000401817
2008-11-13,0.0,-0.013012733633122909,-0.0035956820945308937
2008-11-14,0.0,0.008659419508521787,0.0023927731523350096
2008-11-17,0.0,0.0014851349242358633,0.0004103728859433998
2008-11-18,0.0,0.0006535533168687269,0.0001805900301612637
2008-11-19,0.0,0.00968281994503966,0.0026755594391268725
2008-11-20,0.0,0.01322357339838246,0.003653941395776341
2008-11-21,0.0,-0.013790542974451819,-0.003810606583145362
2008-11-24,0.0,-0.012397310453429594,-0.0034256281942381963
2008-11-25,0.0,0.0024562605967297217,0.0006787145957312019
2008-11-26,0.0,-0.001870886936410759,-0.0005169639867998662
2008-11-28,0.0,0.001687932698001456,0.00046641002191332044
2008-12-01,0.0,0.01366566464540705,0.0037761001693201947
2008-12-02,0.0,-0.0036317718321050873,-0.0010035321798090155
2008-12-03,0.0,-0.0011715520708001149,-0.0003237235866462291
2008-12-04,0.0,0.00446537232743157,0.0012338728952608375
2008-12-05,0.0,-0.004911782389534742,-0.0013572250449611141
2008-12-08,0.0,-0.01744614581608404,-0.004820723753984487
2008-12-09,0.0,0.013559397490942747,0.0037467364003138555
2008-12-10,0.0,-0.0015419466533563222,-0.00042607111837611493
2008-12-11,0.0,0.00032885248208666635,9.086860723647144e-05
2008-12-12,0.0,3.5291125475012194e-05,9.751653383831765e-06
2008-12-15,0.0,-0.0008383698782336387,-0.00023165859263310625
2008-12-16,0.010617170607069244,-0.004137762500694998,0.006540083480153498
2008-12-17,0.0,0.002219836963860474,0.0006133859532338234
2008-12-18,0.0,0.0052556278961496386,0.0014522365288105207
2008-12-19,0.0,0.001172180087785373,0.00032389712047029863
2008-12-22,0.0,0.0013263393116342004,0.00036649443910664273
2008-12-23,0.0,0.0014086887262996792,0.00038924925175062527
2008-12-24,0.0,-0.0008136800961200032,-0.00022483630532846996
2008-12-26,0.0,0.0011954852625228774,0.00033033681268840846
2008-12-29,0.0,0.0005204073337662236,0.00014379909591960975
2008-12-30,0.0,-0.0015558506685475896,-0.000429913079633054
2008-12-31,0.0,-0.004551688252168242,-0.00125772373504584
2009-01-02,0.0,-0.004611414642526522,-0.001274227347464032
2009-01-05,0.0,-0.002251550892525339,-0.0006221491546227478
2009-01-06,0.0,-0.002312711108531938,-0.0006390489621338151
2009-01-07,0.0,0.002096330481463277,0.0005792586084471986
2009-01-08,0.0,-0.0004389371725032754,-0.00012128723881480672
2009-01-09,0.0,0.0030310886213930645,0.0008375512317517391
2009-01-12,0.0,0.005713334528255293,0.0015787101498044346
2009-01-13,0.0,0.0023024936319324396,0.0006362256662226017
2009-01-14,0.0,0.003451892294261107,0.0009538278170184225
2009-01-15,0.0,-0.0009004706394931918,-0.00024881829186412205
2009-01-16,0.0,-0.003306560678283293,-0.0009136697453884528
2009-01-20,0.0,0.00841996183500644,0.0023266061429016104
2009-01-21,0.0,-0.006248957517465549,-0.0017267136397721477
2009-01-22,0.0,-6.0077504098249974e-05,-1.6600632262257534e-05
2009-01-23,0.0,0.0006003135095567526,0.00016587879213356276
2009-01-26,0.0,-0.0031732892737528287,-0.0008768441546637335
2009-01-27,0.0,-0.0004070879558306873,-0.00011248665460681533
2009-01-28,0.015927388153658135,-0.00499910368230014,0.010144974241459721
2009-01-29,0.0,0.0014722590202796548,0.0004068150126623859
2009-01-30,0.0,0.0005895750125977883,0.00016291152773500182
2009-02-02,0.0,0.004549641895806269,0.0012571582852996738
2009-02-03,0.0,-0.005414888555094665,-0.0014962434773792815
2009-02-04,0.0,-0.00033477521796979547,-9.250517922557257e-05
2009-02-05,0.0,-0.0030928792893637337,-0.0008546252459208832
2009-02-06,0.0,-0.004879323241243107,-0.0013482559242823603
2009-02-09,0.0,0.0003590700399063837,9.921833102673198e-05
2009-02-10,0.0,0.006670242458472894,0.001843123209181898
2009-02-11,0.0,0.0007313207168271278,0.00020207873925593664
2009-02-12,0.0,-0.0008764472707597596,-0.00024218014808584316
2009-02-13,0.0,-0.0021840119180703264,-0.0006034867668433872
2009-02-17,0.0,0.006069261568887699,0.0016770600064174737
2009-02-18,0.0,-0.0019252684219903066,-0.0005319906936767856
2009-02-19,0.0,-0.0005658230382615725,-0.0001563483757303302
2009-02-20,0.0,-0.0006639545390131786,-0.000183464098691403
2009-02-23,0.0,0.003139355708923947,0.0008674676228066427
2009-02-24,0.0,-0.0033257421986442083,-0.000918969988308362
2009-02-25,0.0,0.0016885476135434967,0.00046657993554303904
2009-02-26,0.0,0.000530839642286171,0.00014668175424547566
2009-02-27,0.0,0.0012804305050236862,0.0003538089051854284
2009-03-02,0.0,0.007168191314597679,0.001980716572455126
2009-03-03,0.0,-0.0006294951705821983,-0.00017394227664006026
2009-03-04,0.0,-0.00436170687380759,-0.0012052280289378717
2009-03-05,0.0,0.004422926691619007,0.0012221443056358468
2009-03-06,0.0,-0.0009971299932053509,-0.0002755272307551066
2009-03-09,0.0,0.0032785518135700635,0.0009059303282777279
2009-03-10,0.0,-0.00565216464072579,-0.0015618076698555292
2009-03-11,0.0,7.125395636590238e-05,1.9688912590757007e-05
2009-03-12,0.0,-0.003380646767694734,-0.0009341412337521628
2009-03-13,0.0,-0.0017203087555173718,-0.0004753561829263422
2009-03-16,0.0,-0.0009997745091274745,-0.0002762579641135208
2009-03-17,0.0,-0.0023538144153553023,-0.0006504066390476483
2009-03-18,-0.006203249349264521,0.00021765013509735006,-0.004429024658463569
2009-03-19,0.0,-0.002025673461225829,-0.0005597346414097108
2009-03-20,0.0,0.000913474929257422,0.0002524116407465054
2009-03-23,0.0,-0.0066020158678678715,-0.001824270819121064
2009-03-24,0.0,0.002192742168898663,0.0006058991121252662
2009-03-25,0.0,-0.001726244450907241,-0.0004769963358898683
2009-03-26,0.0,-0.0008114075845816701,-0.00022420836432250022
2009-03-27,0.0,0.003876498007712316,0.0010711549831724895
2009-03-30,0.0,0.004764919090186024,0.001316643738165765
2009-03-31,0.0,-0.0019735083798000175,-0.0005453203719309985
2009-04-01,0.0,-0.0017541114144160482,-0.00048469654282121675
2009-04-02,0.0,-0.005277632282780617,-0.0014583167869054645
2009-04-03,0.0,-0.0025427969715726816,-0.000702626350349495
2009-04-06,0.0,0.0022748652349495135,0.0006285913800585302
2009-04-07,0.0,0.0015365125453466173,0.00042456956417381364
2009-04-08,0.0,0.0004651344978603708,0.00012852609087824526
2009-04-09,0.0,-0.0036292579993914254,-0.0010028375568702848
2009-04-13,0.0,-0.0017395899449257743,-0.0004806839664245443
2009-04-14,0.0,0.0022670034078721246,0.0006264189978635616
2009-04-15,0.0,-0.0010744870512730455,-0.0002969025540670034
2009-04-16,0.0,8.112313452576557e-05,2.241596658245845e-05
2009-04-17,0.0,0.00015169139410258278,4.191540725007434e-05
2009-04-20,0.0,0.00535971226771284,0.0014809971506523194
2009-04-21,0.0,-0.002895526398520027,-0.0008000926414799263
2009-04-22,0.0,-3.480299218866581e-05,-9.616772261467703e-06
2009-04-23,0.0,-0.00317743803292013,-0.0008779905409245277
2009-04-24,0.0,-0.002659680874681983,-0.0007349237422271874
2009-04-27,0.0,0.0030506554200544294,0.0008429579348763519
2009-04-28,0.0,-0.00015641182735728315,-4.321975865008689e-05
2009-04-29,0.00801585387953186,-0.004735210093720943,0.004492476416541411
2009-04-30,0.0,-0.0003916424010044178,-0.00010821873469892245
2009-05-01,0.0,-0.0021230563384224527,-0.0005866435045065855
2009-05-04,0.0,-0.0033592138604447833,-0.0009282188869951199
2009-05-05,0.0,-0.00014436872769895345,-3.989200607902969e-05
2009-05-06,0.0,-0.001494999760476493,-0.00041309874017479844
2009-05-07,0.0,-0.0007618125023470023,-0.00021050423771884317
2009-05-08,0.0,-0.0028697941049088383,-0.0007929822871149182
2009-05-11,0.0,0.0032738188337972074,0.0009046225100204082
2009-05-12,0.0,-0.000391650101487258,-0.00010822086249843394
2009-05-13,0.0,0.004370243029788338,0.0012075867418787076
2009-05-14,0.0,-0.0013517161839329106,-0.00037350658335797874
2009-05-15,0.0,0.0015888700067417756,0.00043903699213794717
2009-05-18,0.0,-0.0052225464369997495,-0.0014430954510262623
2009-05-19,0.0,-0.0018227932854861318,-0.0005036747361039076
2009-05-20,0.0,0.0001325458888192129,3.6625116026181924e-05
2009-05-21,0.0,-0.0012887603532234905,-0.00035611061110415695
2009-05-22,0.0,-0.0018757936318712027,-0.0005183198062231981
2009-05-26,0.0,-0.0032388057451247965,-0.0008949476838414452
2009-05-27,0.0,-0.0005091932610163619,-0.00014070042028924045
2009-05-28,0.0,-0.0008366444243036977,-0.00023118181473418467
2009-05-29,0.0,-0.0005641954641958752,-0.0001558986440221014
2009-06-01,0.0,-0.005797853035300327,-0.0016020643266443225
2009-06-02,0.0,-0.0005372125017864704,-0.00014844270451482255
2009-06-03,0.0,0.0036857125280752904,0.0010184370875812687
2009-06-04,0.0,-0.002050986751003557,-0.0005667292165215665
2009-06-05,0.0,-0.0006064806107663259,-0.00016758288721608854
2009-06-08,0.0,0.0002920311667309317,8.069413136887339e-05
2009-06-09,0.0,-0.0016222589679548828,-0.00044826303897589696
2009-06-10,0.0,-0.0013242908827746315,-0.00036592841668737765
2009-06-11,0.0,-0.0011844669833078114,-0.0003272922387807931
2009-06-12,0.0,0.0018933088803967134,0.0005231596244566343
2009-06-15,0.0,0.004700991683652679,0.0012989792998161897
2009-06-16,0.0,0.002018370981607609,0.0005577168182566974
2009-06-17,0.0,-0.0005490647360417007,-0.0001517177171058157
2009-06-18,0.0,-0.0020474633029261154,-0.0005657556163910898
2009-06-19,0.0,-0.0003495990127062696,-9.660129421645089e-05
2009-06-22,0.0,0.004562715424145655,0.0012607707662039645
2009-06-23,0.0,-0.0002047667384265804,-5.658120082023445e-05
2009-06-24,0.008175511292314093,-0.0014355286567825356,0.005519786121176913
2009-06-25,0.0,0.0002309559402843036,6.38178081961184e-05
2009-06-26,0.0,-0.00040903200199072154,-0.00011302383397017244
2009-06-29,0.0,-0.0005915849330406292,-0.00016346690949808952
2009-06-30,0.0,0.0007522282817274813,0.00020785592327214418
2009-07-01,0.0,-0.0016117029493246942,-0.00044534619703874323
2009-07-02,0.0,0.004252118254223985,0.0011749464717869503
2009-07-06,0.0,0.0005066724685370536,0.00014000387422617456
2009-07-07,0.0,0.0032694044106718737,0.0009034027154225197
2009-07-08,0.0,0.0035686407944043584,0.0009860877943117317
2009-07-09,0.0,-0.0029123049452407404,-0.0008047288940704161
2009-07-10,0.0,0.0021667963000875368,0.0005987297426029589
2009-07-13,0.0,-0.002549438243156805,-0.0007044614683188019
2009-07-14,0.0,-0.0024223023570452496,-0.0006693312457113074
2009-07-15,0.0,-0.006255210570597534,-0.0017284414851132372
2009-07-16,0.0,0.0006009297681425055,0.00016604907687348494
2009-07-17,0.0,-0.0013575073135937404,-0.00037510678987996184
2009-07-20,0.0,-0.0024092025090133216,-0.00066571149214242
2009-07-21,0.0,0.0019996801441967632,0.0005525521609829254
2009-07-22,0.0,-0.0013293303267897098,-0.000367320917227409
2009-07-23,0.0,-0.0033925576845363595,-0.0009374324615313793
2009-07-24,0.0,0.00019188632766499618,5.302208221753416e-05
2009-07-27,0.0,-0.0018092348664315008,-0.0004999282700653814
2009-07-28,0.0,0.0021888640238920507,0.00060482750204291
2009-07-29,0.0,0.0017785858571196043,0.0004914593274815279
2009-07-30,0.0,-0.0013245188174387643,-0.00036599139965572635
2009-07-31,0.0,-0.0007136816810832967,-0.0001972047161046872
2009-08-03,0.0,-0.004337760308482748,-0.0011986111074983306
2009-08-04,0.0,-0.0007245550393739143,-0.0002002092454230676
2009-08-05,0.0,-0.000648525019531644,-0.00017920060967432588
2009-08-06,0.0,0.0011596561354402458,0.00032043649855412366
2009-08-07,0.0,-0.0014545369158242526,-0.00040191803594217596
2009-08-10,0.0,0.0022373127891336425,0.0006182148780234567
2009-08-11,0.0,0.0021568973575419787,0.0005959944641081119
2009-08-12,1.7479121535275753e-05,-0.0020446051357245086,-0.0005523165609314547
2009-08-13,0.0,-0.00013827526683533775,-3.82082593169153e-05
2009-08-14,0.0,0.0019023548805288627,0.0005256592176719676
2009-08-17,0.0,0.004591723255080871,0.0012687862179326802
2009-08-18,0.0,-0.002413791758125436,-0.0006669795947044957
2009-08-19,0.0,0.0005582193294950685,0.00015424731685718512
2009-08-20,0.0,-0.00040671304517983205,-0.00011238305919386552
2009-08-21,0.0,-0.0027416314314024077,-0.000757568342335378
2009-08-24,0.0,0.001019078147993897,0.00028159195085206503
2009-08-25,0.0,0.0007010486357055071,0.00019371394957207408
2009-08-26,0.0,0.0008559899800360278,0.00023652738395251
2009-08-27,0.0,-0.0011881053547613339,-0.00032829759456978606
2009-08-28,0.0,0.00016736368923828915,4.624598010190171e-05
2009-08-31,0.0,0.0008411752491830982,0.00023243377349639637
2009-09-01,0.0,0.0030951864229997947,0.0008552627537143077
2009-09-02,0.0,0.0013855168626826424,0.00038284639609755867
2009-09-03,0.0,-0.0005014666756271697,-0.00013856540811431478
2009-09-04,0.0,-0.002861199380506961,-0.0007906073905320362
2009-09-08,0.0,-0.002113602557041189,-0.0005840312330656567
2009-09-09,0.0,-0.0007443034059125359,-0.0002056661194328765
2009-09-10,0.0,0.0008237577494156978,0.00022762096522637053
2009-09-11,0.0,0.001011483000713499,0.00027949325769108794
2009-09-14,0.0,-0.001338354844557934,-0.00036981457443010336
2009-09-15,0.0,0.0002932924473460045,8.104264877126241e-05
2009-09-16,0.0,-0.0008771842760609898,-0.0002423837975910065
2009-09-17,0.0,0.00081281103020012,0.00022459616479726465
2009-09-18,0.0,-0.0006873403566622619,-0.00018992607418076012
2009-09-21,0.0,0.00015567023261388335,4.3014840989015784e-05
2009-09-22,0.0,-0.0003138346920606567,-8.671888741445829e-05
2009-09-23,0.003027811362579687,0.0005995855630171238,0.002356843349621928
2009-09-24,0.0,0.0019333444898088986,0.0005342222749315968
2009-09-25,0.0,0.0006974183599170956,0.00019271083077946512
2009-09-28,0.0,-0.00022109684116031582,-6.109353924634967e-05
2009-09-29,0.0,-9.732163341847343e-05,-2.689194019944934e-05
2009-09-30,0.0,0.00046081275256282744,0.0001273319050429228
2009-10-01,0.0,-0.0008852726721472999,-0.00024461878539610454
2009-10-02,0.0,-0.0004421910265387656,-0.00012218634464633224
2009-10-05,0.0,0.001827381172254057,0.0005049424622226667
2009-10-06,0.0,0.0023958731031966433,0.0006620283071040535
2009-10-07,0.0,0.001241275049963944,0.00034298945920037014
2009-10-08,0.0,0.000484436505015734,0.00013385962674194608
2009-10-09,0.0,-0.0017816081937294741,-0.0004922944603550767
2009-10-12,0.0,0.0010832588192402103,0.00029932637137596843
2009-10-13,0.0,0.0002615935440405172,7.22835991937254e-05
2009-10-14,0.0,0.00010666059998338817,2.9472485979116373e-05
2009-10-15,0.0,-0.002550942613727389,-0.0007048771564037728
2009-10-16,0.0,3.477590341536529e-05,9.609287084266228e-06
2009-10-19,0.0,0.0019993423968123585,0.0005524588345338627
2009-10-20,0.0,-0.00035892480356947365,-9.917819928263991e-05
2009-10-21,0.0,-0.0005908544272161893,-0.00016326505593011953
2009-10-22,0.0,-0.00037706646969055214,-0.00010419110939635172
2009-10-23,0.0,-0.000519634305261897,-0.00014358549247317522
2009-10-26,0.0,-0.002853203268993749,-0.0007883979028252608
2009-10-27,0.0,1.812756501506326e-05,5.009013692264823e-06
2009-10-28,0.0,-0.0019311355693974453,-0.0005336119054430914
2009-10-29,0.0,0.001334785335893994,0.00036882824682584565
2009-10-30,0.0,-0.0003028662498096527,-8.368808447029887e-05
2009-11-02,0.0,0.0009330409938933002,0.00025781814104499626
2009-11-03,0.0,0.0014275320501361502,0.00039445604411497383
2009-11-04,0.0043765579892884945,0.001266119388596783,0.0035170807496886203
2009-11-05,0.0,0.0016772299676832433,0.00046345264056265386
2009-11-06,0.0,0.001378361232173624,0.00038086915033031535
2009-11-09,0.0,0.004249096227183798,0.0011741114244537805
2009-11-10,0.0,-0.0005635982087900839,-0.00015573361024603152
2009-11-11,0.0,0.0009848591247111668,0.00027213654103741563
2009-11-12,0.0,-0.0025577869775474586,-0.0007067683928749195
2009-11-13,0.0,0.002897474855242758,0.0008006310395711667
2009-11-16,0.0,0.0049019330330837855,0.0013545034681094056
2009-11-17,0.0,-3.3836154592324306e-05,-9.349615434047872e-06
2009-11-18,0.0,-0.0008525245940992151,-0.000235569827568514
2009-11-19,0.0,-0.0017277825707138577,-0.00047742134957291316
2009-11-20,0.0,-0.0009706493699281269,-0.00026821009773337414
2009-11-23,0.0,0.002558458331976718,0.000706953901713295
2009-11-24,0.0,0.0004801998925697967,0.00013268896483931958
2009-11-25,0.0,0.003499794214783382,0.0009670640887174883
2009-11-27,0.0,-0.0026377342398691077,-0.0007288594421303195
2009-11-30,0.0,0.0014297610868204708,0.0003950719721374658
2009-12-01,0.0,0.004125216322522663,0.0011398808955256834
2009-12-02,0.0,0.00014066153737503083,3.886763424106195e-05
2009-12-03,0.0,-0.0020366596575624543,-0.0005627703501676349
2009-12-04,0.0,-0.005130921458620587,-0.0014177776120956986
2009-12-07,0.0,-0.00021657247871095507,-5.9843366184563096e-05
2009-12-08,0.0,-0.003765926607615526,-0.0010406018638430329
2009-12-09,0.0,0.0011280142423505256,0.0003116932020549035
2009-12-10,0.0,0.0007965661199182957,0.0002201073667726179
2009-12-11,0.0,-0.002506412715205517,-0.0006925726427404169
2009-12-14,0.0,0.0021625460765600305,0.0005975553196825736
2009-12-15,0.0,-0.00250959821949354,-0.0006934528621511439
2009-12-16,0.003730752870014571,0.0009394670545612573,0.0029594640147815538
2009-12-17,0.0,-0.005854771567691031,-0.0016177920709857024
2009-12-18,0.0,0.0009599536531743331,0.0002652546543727341
2009-12-21,0.0,-0.002043216484695244,-0.0005645821344231963
2009-12-22,0.0,-0.0010365506559087648,-0.000286419958988351
2009-12-23,0.0,0.0016474649834854029,0.0004552279720386056
2009-12-24,0.0,0.0025844550464145647,0.0007141373209129983
2009-12-28,0.0,-6.0888318247676934e-05,-1.6824676648416782e-05
2009-12-29,0.0,-0.001502283658976716,-0.00041511142898823623
2009-12-30,0.0,-0.00032078329620539636,-8.863892760045165e-05
2009-12-31,0.0,-0.0005343472113420937,-0.00014765096668041005
2010-01-04,0.0,0.004657880999584813,0.0012870669438765252
2010-01-05,0.0,-0.0014466430646951263,-0.00039973680485252673
2010-01-06,0.0,0.003400702455512194,0.0009396830268612742
2010-01-07,0.0,-0.0005245336525392638,-0.0001449392814445621
2010-01-08,0.0,0.0018914163235665294,0.0005226366726388969
2010-01-11,0.0,0.0015456559829003073,0.0004270960813239518
2010-01-12,0.0,-0.005200788960086157,-0.0014370834190915397
2010-01-13,0.0,0.003957368707705545,0.0010935011969763027
2010-01-14,0.0,-0.0002382500557483064,-6.583332016376494e-05
2010-01-15,0.0,-0.004396025572143748,-0.0012147109809903772
2010-01-19,0.0,0.0022009287836173785,0.0006081612397295675
2010-01-20,0.0,-0.006473178223058894,-0.001788670366087738
2010-01-21,0.0,-0.005261735921262445,-0.00145392429996993
2010-01-22,0.0,-0.0038619589966628677,-0.001067137559687418
2010-01-25,0.0,0.0025362448152751287,0.0007008158567403958
2010-01-26,0.0,-0.002971361921046207,-0.0008210475336774191
2010-01-27,-0.001554030703066582,-0.00020472571715845922,-0.0011811903826022068
2010-01-28,0.0,-0.002984632401861601,-0.0008247144365434142
2010-01-29,0.0,-0.003710725162837709,-0.0010253485856175722
2010-02-01,0.0,0.00546142304734228,0.0015091019009258089
2010-02-02,0.0,0.0012994174080365741,0.0003590553713868311
2010-02-03,0.0,-0.0007227159754518152,-0.00019970107478023224
2010-02-04,0.0,-0.012326073645197949,-0.003405944020024558
2010-02-05,0.0,-0.0014305596856434486,-0.0003952926411813003
2010-02-08,0.0,-0.0025743835238527806,-0.0007113543550611583
2010-02-09,0.0,0.007010870684955299,0.0019372456933105968
2010-02-10,0.0,-0.0005063007150342074,-0.0001399011511972208
2010-02-11,0.0,0.004366836772920936,0.0012066455240552433
2010-02-12,0.0,-0.0013687385113299,-0.0003782101974911998
2010-02-16,0.0,0.006146502264570205,0.0016984031764434664
2010-02-17,0.0,0.0003516677645175074,9.717293227924516e-05
2010-02-18,0.0,-5.595911356128656e-05,-1.5462637469652916e-05
2010-02-19,0.0,0.0006183678616968525,0.00017086757562431753
2010-02-22,0.0,-0.0001400268263820273,-3.8692250726952704e-05
2010-02-23,0.0,-0.005997663503321597,-0.0016572760094789845
2010-02-24,0.0,0.000905053854151002,0.0002500847269841442
2010-02-25,0.0,-0.002361446627720584,-0.0006525155740429553
2010-02-26,0.0,0.0018722232222622207,0.0005173332296695615
2010-03-01,0.0,0.00026192598377291565,7.23754590309431e-05
2010-03-02,0.0,0.003308914718744133,0.0009143202144884502
2010-03-03,0.0,0.0020712965630926565,0.0005723412293184915
2010-03-04,0.0,-0.0021470768508982294,-0.0005932808590429727
2010-03-05,0.0,0.003181173017789356,0.0008790225929588086
2010-03-08,0.0,-0.0009553892617788728,-0.0002639934205016809
2010-03-09,0.0,0.0010026484402571425,0.00027705208954444165
2010-03-10,0.0,-0.0006323266940902748,-0.00017472468398545602
2010-03-11,0.0,0.0010936506393024795,0.0003021978419202034
2010-03-12,0.0,0.0007938998350396786,0.00021937061821022833
2010-03-15,0.0,-0.0014141400140925762,-0.0003907555530752879
2010-03-16,0.001837009299223931,0.004151630605656082,0.0024765860877607486
2010-03-17,0.0,0.0007299689601399563,0.00020170522148071278
2010-03-18,0.0,-0.0011968878955722648,-0.0003307243886338687
2010-03-19,0.0,-0.004476720423036269,-0.0012370086041228847
2010-03-22,0.0,0.0015202713028354268,0.00042008177962854536
2010-03-23,0.0,0.00033606749596982983,9.286226183379964e-05
2010-03-24,0.0,-0.005606941138701135,-0.001549311499483754
2010-03-25,0.0,-0.000919331580700412,-0.0002540299522651447
2010-03-26,0.0,0.002301178196971562,0.0006358621848766602
2010-03-29,0.0,0.003393067881817334,0.0009375734393827363
2010-03-30,0.0,-0.00029993058205986874,-8.287689995972676e-05
2010-03-31,0.0,0.000632724868889127,0.00017483470775410382
2010-04-01,0.0,0.004192550605406111,0.0011584867228743515
2010-04-05,0.0,0.004024271782945245,0.0011119878729116428
2010-04-06,0.0,-0.00015834882451219997,-4.375499023043395e-05
2010-04-07,0.0,-0.0014755964618112126,-0.000407737215413545
2010-04-08,0.0,0.0006918118807362597,0.00019116164692830427
2010-04-09,0.0,0.003511112301417804,0.0009701915054927116
2010-04-12,0.0,-0.0009738106160723939,-0.00026908361412722486
2010-04-13,0.0,-9.534238285694742e-05,-2.6345033146303017e-05
2010-04-14,0.0,0.004146896600095949,0.0011458715957177088
2010-04-15,0.0,-0.0003612753305103284,-9.982769752583999e-05
2010-04-16,0.0,-0.006584047525112966,-0.0018193058017670046
2010-04-19,0.0,-0.00016113249723078275,-4.452417543267037e-05
2010-04-20,0.0,0.0008353623215684825,0.00023082754375789818
2010-04-21,0.0,-0.0003321347336683558,-9.177555988568158e-05
2010-04-22,0.0,-0.0010848407062275859,-0.000299763478818297
2010-04-23,0.0,0.0027860993341070894,0.0007698557252976767
2010-04-26,0.0,2.245924736916947e-05,6.205945337757763e-06
2010-04-27,0.0,-0.007966674563961633,-0.002201353680957268
2010-04-28,0.0047790128504672305,0.0012141234739240787,0.0037939616489585898
2010-04-29,0.0,0.003841861178817768,0.0010615841251976179
2010-04-30,0.0,-0.0033169755083159794,-0.0009165475740539679
2010-05-03,0.0,0.0004915542208626553,0.00013582639591945298
2010-05-04,0.0,-0.010467256619767579,-0.0028923151943075483
2010-05-05,0.0,-0.0029310718235850738,-0.0008099145629955983
2010-05-06,0.0,-0.0061782201030219225,-0.0017071674581857566
2010-05-07,0.0,-0.0005198228242457347,-0.00014363758409003112
2010-05-10,0.0,0.009552731677359974,0.0026396134136419773
2010-05-11,0.0,0.0007853770755827817,0.0002170156070005042
2010-05-12,0.0,0.0021887685123122406,0.0006048011102572157
2010-05-13,0.0,-0.0041173549521498305,-0.001137708639527442
2010-05-14,0.0,-0.005845819008654562,-0.0016153182974393257
2010-05-17,0.0,-0.0016920189407298631,-0.00046753913361472665
2010-05-18,0.0,-0.005634928929752048,-0.0015570450935143796
2010-05-19,0.0,-0.0016591050248793854,-0.000458444351440502
2010-05-20,0.0,-0.008035794676378018,-0.002220452969207889
2010-05-21,0.0,0.004953234769519046,0.0013686791778656606
2010-05-24,0.0,-0.003255095472809815,-0.0008994488658231245
2010-05-25,0.0,3.654029807446591e-05,1.0096825096053805e-05
2010-05-26,0.0,-0.0018935028538794134,-0.0005232132232620985
2010-05-27,0.0,0.011116188342882681,0.0030716281844266028
2010-05-28,0.0,-0.003063983397685814,-0.0008466407252781698
2010-06-01,0.0,-0.002379156230110975,-0.000657409096189163
2010-06-02,0.0,0.0027170707652960295,0.0007507817324009623
2010-06-03,0.0,-0.0010968183262621246,-0.0003030731380419101
2010-06-04,0.0,-0.0015676437904186401,-0.00043317175827398304
2010-06-07,0.0,0.00034709827714475707,9.591029028636205e-05
2010-06-08,0.0,0.0018836392379558587,0.0005204877062290457
2010-06-09,0.0,-0.0016821394169608537,-0.00046480922092149383
2010-06-10,0.0,0.0022783634891464246,0.0006295580186090906
2010-06-11,0.0,0.0033643520720512982,0.0009296386790228633
2010-06-14,0.0,-0.0014947504620907521,-0.000413029853977088
2010-06-15,0.0,0.004174050042645352,0.0011533746423436106
2010-06-16,0.0,0.0005766593155651227,0.00015934265882028506
2010-06-17,0.0,0.0019673748332670548,0.0005436255486858343
2010-06-18,0.0,0.0010910573803006936,0.00030148127188794915
2010-06-21,0.0,-0.0008573732058981906,-0.0002369095972987212
2010-06-22,0.0,-0.00018108142623229459,-5.0036468916740534e-05
2010-06-23,0.0014839077974298023,-0.0002007802720522704,0.0010183943321508888
2010-06-24,0.0,-0.0029009320433869053,-0.0008015863307388652
2010-06-25,0.0,0.0022281776600382454,0.0006156906566687724
2010-06-28,0.0,-0.000511734557908176,-0.00014140263213714333
2010-06-29,0.0,-0.004654953162062953,-0.0012862579230166614
2010-06-30,0.0,-0.0008810151777688459,-0.00024344235339220907
2010-07-01,0.0,-0.004482380982259321,-0.0012385727313860102
2010-07-02,0.0,-0.001451524844999617,-0.0004010857397131935
2010-07-06,0.0,0.0018904752358084934,0.0005223766310137968
2010-07-07,0.0,0.004782685760488167,0.0013215530293328602
2010-07-08,0.0,0.0002550391545966528,7.047248852103044e-05
2010-07-09,0.0,0.0018303852865307428,0.0005057725598961569
2010-07-12,0.0,-0.00024005288106857878,-6.633147734629345e-05
2010-07-13,0.0,0.0005623365851157067,0.0001553849980494023
2010-07-14,0.0,0.00136341074395605,0.00037673802736230263
2010-07-15,0.0,2.081252255760086e-05,5.750921890224393e-06
2010-07-16,0.0,-0.004350665452703487,-0.0012021770604571872
2010-07-19,0.0,-0.00010161138593387169,-2.8077285780513436e-05
2010-07-20,0.0,0.0031457134199117764,0.0008692243872349064
2010-07-21,0.0,0.0005030395409493551,0.00013900002268766584
2010-07-22,0.0,0.0034927143009621862,0.0009651077650060049
2010-07-23,0.0,-0.001148075915047895,-0.0003172366489076582
2010-07-26,0.0,0.0010118346061986961,0.00027959041341432846
2010-07-27,0.0,-0.0036663609272413605,-0.0010130898479788263
2010-07-28,0.0,-0.0006782002503216118,-0.0001874004775123146
2010-07-29,0.0,0.0008654041756366629,0.0002391287170397755
2010-07-30,0.0,0.0029599592110573056,0.0008178967337538844
2010-08-02,0.0,0.0016970941735458024,0.0004689415233259398
2010-08-03,0.0,0.0007684552723279422,0.0002123397697255658
2010-08-04,0.0,-1.3689642364227398e-05,-3.782725699102082e-06
2010-08-05,0.0,0.0011336426739021394,0.00031324845179112466
2010-08-06,0.0,0.0019442857659194256,0.0005372455713204355
2010-08-09,0.0,-0.0002949117723289981,-8.149010109071632e-05
2010-08-10,-0.009978874138707898,-0.0003488192623408664,-0.007317894757698861
2010-08-11,0.0,-0.0034095588194086677,-0.0009421302197404201
2010-08-12,0.0,0.001918366358583783,0.0005300835136402265
2010-08-13,0.0,0.00064211014553147,0.0001774280499469535
2010-08-16,0.0,0.0037512970351623143,0.0010365594164062576
2010-08-17,0.0,0.0014186023476700997,0.00039198858630234816
2010-08-18,0.0,0.0005131819090429806,0.00014180256459612098
2010-08-19,0.0,-0.0010774887143026482,-0.0002977319744112334
2010-08-20,0.0,-0.0016037405880609291,-0.0004431460352100687
2010-08-23,0.0,-0.0004249191106954126,-0.00011741376416577071
2010-08-24,0.0,0.0016441959181125807,0.0004543246630062139
2010-08-25,0.0,0.0017990396105428547,0.0004971111141870305
2010-08-26,0.0,-0.0008678919124115199,-0.00023981612914160245
2010-08-27,0.0,-0.0005374047419008913,-0.00014849582435549268
2010-08-30,0.0,-0.00044657307917758264,-0.00012339719462258776
2010-08-31,0.0,0.0033003242334543417,0.000911946489258172
2010-09-01,0.0,0.0011607992273140282,0.00032075235801139407
2010-09-02,0.0,-5.92300353530798e-05,-1.6366459468239337e-05
2010-09-03,0.0,0.00021278143739214352,5.879582461689588e-05
2010-09-07,0.0,0.002403757421453108,0.0006642069040677377
2010-09-08,0.0,0.0016603672456569276,0.00045879312862884015
2010-09-09,0.0,-0.0032716308770466287,-0.0009040179332163739
2010-09-10,0.0,0.0007687750698652044,0.00021242813626798715
2010-09-13,0.0,0.0023693982923793013,0.0006547127801828156
2010-09-14,0.0,0.002358931452161889,0.00065182058004892
2010-09-15,0.0,-0.0009976035895653064,-0.00027565809503001903
2010-09-16,0.0,-0.003407990036637105,-0.0009416967332585667
2010-09-17,0.0,3.0311061126789816e-05,8.37556064948618e-06
2010-09-20,0.0,0.002488835160124738,0.0006877156079426931
2010-09-21,4.196250926003653e-05,0.003487624502762604,0.0009940687678793845
2010-09-22,0.0,0.00013759507202766087,3.802030770277243e-05
2010-09-23,0.0,-0.000315267894690105,-8.711491035459013e-05
2010-09-24,0.0,0.0006895064098055133,0.00019052459857406411
2010-09-27,0.0,0.0007493321485692106,0.000207055662970645
2010-09-28,0.0,0.002117768376891847,0.0005851823335391134
2010-09-29,0.0,-0.00031880774821481096,-8.809304364271405e-05
2010-09-30,0.0,-0.00027032390809603846,-7.469597576257094e-05
2010-10-01,0.0,0.001875183667773354,0.0005181512607778846
2010-10-04,0.0,-0.0018963940773474898,-0.0005240121269166686
2010-10-05,0.0,0.005308059773675087,0.0014667245194600032
2010-10-06,0.0,0.00147772897689786,0.00040832647256193206
2010-10-07,0.0,-0.0019011511571750015,-0.0005253266045076414
2010-10-08,0.0,0.0031096669150916675,0.0008592640072251158
2010-10-11,0.0,0.0007121790114003444,0.00019678949800944908
2010-10-12,0.0,-0.0004517885246322686,-0.00012483832792825096
2010-10-13,0.0,0.003783654001215333,0.0010455003020610623
2010-10-14,0.0,-0.0011633628365554643,-0.0003214607352138093
2010-10-15,0.0,-0.0017764926109080422,-0.0004908809211193781
2010-10-18,0.0,0.0022049949263449006,0.0006092847973932658
2010-10-19,0.0,-0.004029382699784837,-0.0011134001228419706
2010-10-20,0.0,0.0036155042443229888,0.000999037115531329
2010-10-21,0.0,-0.00358942367942488,-0.0009918305267496545
2010-10-22,0.0,0.001523750782733842,0.00042104323045984236
2010-10-25,0.0,0.00206972794960339,0.0005719077896127682
2010-10-26,0.0,-0.0009179520984288111,-0.0002536487733488951
2010-10-27,0.0,-0.0036723308159099144,-0.0010147394492384125
2010-10-28,0.0,0.002207857451351021,0.0006100757710810277
2010-10-29,0.0,0.0025191472607994122,0.0006960914558403333
2010-11-01,0.0,-0.0010673933416567277,-0.00029494241829766205
2010-11-02,0.0,0.0036803732625321326,0.0010169617402751032
2010-11-03,-0.0005863281951609053,-0.00037520562557797563,-0.0005279907493479527
2010-11-04,0.0,0.006684382174217275,0.0018470302992797398
2010-11-05,0.0,-0.001216550369402448,-0.0003361575287471352
2010-11-08,0.0,0.002326855171110979,0.0006429572533501917
2010-11-09,0.0,-0.004130861149017871,-0.001141440675517175
2010-11-10,0.0,0.0028066238672837048,0.000775527069883868
2010-11-11,0.0,-0.001868708185572673,-0.0005163619537760741
2010-11-12,0.0,-0.006455915097636561,-0.001783900214578702
2010-11-15,0.0,-0.0051615128362574305,-0.0014262306298794365
2010-11-16,0.0,-0.0010999358539883677,-0.0003039345741506092
2010-11-17,0.0,0.0003271420154342994,9.039597062616284e-05
2010-11-18,0.0,0.005185768587574303,0.001432932985676336
2010-11-19,0.0,0.0001318917225077486,3.64443566131874e-05
2010-11-22,0.0,0.001496170725222656,0.0004134223014717413
2010-11-23,0.0,-0.0017846535319324243,-0.0004931359490350774
2010-11-24,0.0,0.001701470368151348,0.00047015075460884944
2010-11-26,0.0,-0.002401813548204661,-0.0006636697724833574
2010-11-29,0.0,0.0017412999677853893,0.0004811564804059191
2010-11-30,0.0,0.0012997316430149325,0.00035914220088146414
2010-12-01,0.0,0.0024749536459822666,0.0006838798641816735
2010-12-02,0.0,0.0009416713418901572,0.00026020288114932604
2010-12-03,0.0,0.0025674032144243093,0.0007094255540625462
2010-12-06,0.0,0.002271832670641545,0.0006277534210646628
2010-12-07,0.0,-0.004487653453841021,-0.0012400296221665903
2010-12-08,0.0,-0.003396416631952698,-0.0009384987669303729
2010-12-09,0.0,0.0001536587980405581,4.245904084098107e-05
2010-12-10,0.0,0.00017088881718176646,4.7220044413417936e-05
2010-12-13,0.0,0.0020986971361035963,0.0005799125631006984
2010-12-14,0.0022784191826439384,-0.0020457283996193638,0.001083569547354677
2010-12-15,0.0,-0.003270905325555899,-0.0009038174486312412
2010-12-16,0.0,0.0025778920246009415,0.0007123238249415453
2010-12-17,0.0,0.0021651449142083127,0.0005982734312079441
2010-12-20,0.0,0.0015283481861537824,0.0004223135862224729
2010-12-21,0.0,0.002730503526389438,0.0007544934765974882
2010-12-22,0.0,2.9651633342382704e-05,8.193347384857955e-06
2010-12-23,0.0,-0.00026006237101232696,-7.186050504638359e-05
2010-12-27,0.0,0.0012023696875478396,0.0003322391188825803
2010-12-28,0.0,-0.0007781821484464362,-0.00021502750277851661
2010-12-29,0.0,0.00515171296896244,0.0014235227278847561
2010-12-30,0.0,-0.0011540916954936758,-0.0003188989309956019
2010-12-31,0.0,0.0024168351578265717,0.0006678205477371481
2011-01-03,0.0,0.0002421100500529292,6.689991483921382e-05
2011-01-04,0.0,-0.002093200199041671,-0.0005783936479576097
2011-01-05,0.0,-0.003864270118218199,-0.0010677761694237794
2011-01-06,0.0,-0.0005612606272258119,-0.00015508768907280754
2011-01-07,0.0,0.0007739740332388485,0.0002138647152405368
2011-01-10,0.0,0.0011254631928428913,0.0003109882953615463
2011-01-11,0.0,0.0006240422540497805,0.00017243552526165052
2011-01-12,0.0,0.00015137346005434626,4.182755562744711e-05
2011-01-13,0.0,-0.000985229622522229,-0.0002722389170932744
2011-01-14,0.0,-0.0016810594612314406,-0.00046451080726079674
2011-01-18,0.0,0.001308010994217867,0.0003614299534562919
2011-01-19,0.0,-0.0012230586216718338,-0.0003379558907832375
2011-01-20,0.0,-0.0047856599856067935,-0.001322374868026071
2011-01-21,0.0,-0.000865818762999947,-0.00023924327593268828
2011-01-24,0.0,9.492717407681699e-05,2.623030254331835e-05
2011-01-25,0.0,0.001061277794194003,0.0002932525685604785
2011-01-26,0.0009446885239612415,0.001378225739497552,0.0010644836451991595
2011-01-27,0.0,-0.0012308539120791898,-0.00034010988754745714
2011-01-28,0.0,-0.002249147114091017,-0.0006214849419123984
2011-01-31,0.0,0.002219483970114569,0.0006132884139060067
2011-02-01,0.0,0.0021923791121735456,0.0006057987921922984
2011-02-02,0.0,-0.000617843168917049,-0.00017072259237278407
2011-02-03,0.0,3.521523979477371e-05,9.730684632041577e-06
2011-02-04,0.0,0.0004286842216675842,0.0001184541406530062
2011-02-07,0.0,0.000875952738526652,0.00024204349880477074
2011-02-08,0.0,0.0008155288470347613,0.00022534715268374988
2011-02-09,0.0,8.357667298652586e-05,2.3093928996838665e-05
2011-02-10,0.0,-0.0025471234511028366,-0.0007038218443492595
2011-02-11,0.0,0.0009480389798028494,0.00026196238858816606
2011-02-14,0.0,0.0020160085607256353,0.0005570640334764545
2011-02-15,0.0,0.0007289749113585002,0.00020143054565122576
2011-02-16,0.0,-0.0002617205381921798,-7.231869025223144e-05
2011-02-17,0.0,0.0024852713204338048,0.0006867308467905975
2011-02-18,0.0,0.0011369164634463947,0.0003141530662078509
2011-02-22,0.0,-0.0018072907593532517,-0.0004993910738690866
2011-02-23,0.0,0.0003911087991190043,0.00010807128968090522
2011-02-24,0.0,-0.0011419373511849986,-0.000315540439272523
2011-02-25,0.0,0.005212237091939166,0.001440246769996911
2011-02-28,0.0,0.002800157113588443,0.0007737401747450474
2011-03-01,0.0,0.0007985864464411055,0.00022066562394655115
2011-03-02,0.0,-0.00104091167505026,-0.0002876249969829094
2011-03-03,0.0,0.0016428598681374283,0.0004539554853139244
2011-03-04,0.0,0.0012613624625722854,0.00034854001851232106
2011-03-07,0.0,-0.0015523587306930872,-0.00042894818641594476
2011-03-08,0.0,-0.00016374044989983156,-4.524480562305661e-05
2011-03-09,0.0,-0.00030003219929157786,-8.290497886081348e-05
2011-03-10,0.0,-0.002873572156357661,-0.0007940262393181794
2011-03-11,0.0,-0.000608742856549183,-0.0001682079915857148
2011-03-14,0.0,0.002407919157058092,0.0006653568759813196
2011-03-15,-0.03195448051320348,-0.0032844415802118047,-0.024032367562358287
2011-03-16,0.0,-0.0031728740565199667,-0.0008767294217250877
2011-03-17,0.0,0.00256474971225345,0.0007086923376214389
2011-03-18,0.0,0.0033128867300317335,0.0009154177617270832
2011-03-21,0.0,0.003742903931627716,0.0010342402317562252
2011-03-22,0.0,0.0011284448919779654,0.0003118121992770137
2011-03-23,0.0,0.0023185832046971736,0.0006406715413423034
2011-03-24,0.0,4.7501214616787014e-05,1.3125548534344383e-05
2011-03-25,0.0,-0.00044940695618485483,-0.000124180252287521
2011-03-28,0.0,-0.002426850266012375,-0.000670587925153283
2011-03-29,0.0,0.00035930394381748196,9.928296341902471e-05
2011-03-30,0.0,0.002517731279718247,0.000695700191563104
2011-03-31,0.0,0.00018066975942521583,4.9922717032712265e-05
2011-04-01,0.0,0.0012195889006455364,0.00033699713652613676
2011-04-04,0.0,0.0016289105117310886,0.00045010099536011225
2011-04-05,0.0,0.0003651544264981783,0.00010089957038359026
2011-04-06,0.0,-0.00047250065203348,-0.00013056150860157311
2011-04-07,0.0,0.0008983344753457136,0.0002482280264062543
2011-04-08,0.0,0.00093420535846171,0.0002581398785790283
2011-04-11,0.0,0.0001678357878076984,4.6376430506923267e-05
2011-04-12,0.0,-0.0011791202426228809,-0.00032581482594142106
2011-04-13,0.0,0.002296181943481804,0.000634481618754325
2011-04-14,0.0,0.0016137822266829333,0.00044592074352354583
2011-04-15,0.0,0.0033072880291885897,0.0009138707271883076
2011-04-18,0.0,-0.00017823904948332313,-4.925106260087062e-05
2011-04-19,0.0,0.0011848425633465753,0.0003273960191591918
2011-04-20,0.0,0.004429048967561417,0.001223836014588366
2011-04-21,0.0,0.004306888079945599,0.0011900804849174814
2011-04-25,0.0,0.0007385479227929505,0.00020407576277285924
2011-04-26,0.0,0.0006736635467557558,0.0001861468943498636
2011-04-27,0.0023393995886955635,0.00433116308999539,0.002889764220761363
2011-04-28,0.0,0.0019342369723500052,0.0005344688859499435
2011-04-29,0.0,0.002711987488136671,0.0007493771198745892
2011-05-02,0.0,-0.0024820651495924564,-0.0006858449167922382
2011-05-03,0.0,-0.002468566033647305,-0.0006821148374050427
2011-05-04,0.0,-0.004218680766283422,-0.0011657070160304799
2011-05-05,0.0,-0.005692231366021882,-0.0015728789182799907
2011-05-06,0.0,-0.0006214712155432493,-0.00017172509520268491
2011-05-09,0.0,0.0026990130392613525,0.000745792016634741
2011-05-10,0.0,0.00263992970757093,0.000729466094362443
2011-05-11,0.0,-0.004943073269264397,-0.0013658713493532712
2011-05-12,0.0,-0.002427868724038017,-0.0006708693457517583
2011-05-13,0.0,-0.0014281890795183273,-0.0003946375946524459
2011-05-16,0.0,-0.0037243362362799925,-0.0010291096011308066
2011-05-17,0.0,0.001811227548633808,0.0005004788885531593
2011-05-18,0.0,0.0020157227922654643,0.0005569850698578646
2011-05-19,0.0,-0.0004893302397265062,-0.00013521186484740592
2011-05-20,0.0,0.00027692025138536814,7.651867913324845e-05
2011-05-23,0.0,-0.003539251035018908,-0.000977966808009834
2011-05-24,0.0,0.0001153169551076949,3.186441237997214e-05
2011-05-25,0.0,0.0022178114735603893,0.00061282626920355
2011-05-26,0.0,0.002201367889292353,0.000608282573529031
2011-05-27,0.0,0.0040439182901357475,0.0011174166011186926
2011-05-31,0.0,0.003078192442295067,0.0008505669723467975
2011-06-01,0.0,-0.003736345285807466,-0.0010324279449604504
2011-06-02,0.0,-0.002380033401848949,-0.0006576514765222265
2011-06-03,0.0,0.0005936448685680771,0.0001640361114429506
2011-06-06,0.0,0.00043250958697531165,0.00011951116663462034
2011-06-07,0.0,0.00029834993191190897,8.244013428120172e-05
2011-06-08,0.0,-0.00011420493436829875,-3.155713850700083e-05
2011-06-09,0.0,0.00044290275381529665,0.00012238300932083983
2011-06-10,0.0,-0.005149794778039826,-0.001422992692847631
2011-06-13,0.0,-0.0042655043916205735,-0.001178645332910898
2011-06-14,0.0,0.0037811780913372846,0.0010448161579705761
2011-06-15,0.0,-0.001282868750762102,-0.0003544826419106136
2011-06-16,0.0,-0.003729303938575483,-0.0010304822779793814
2011-06-17,0.0,0.0007972421270478528,0.00022029416124640444
2011-06-20,0.0,0.0018267416458906535,0.0005047657481240996
2011-06-21,0.0,0.003728230943972046,0.001030185787818906
2011-06-22,-0.004163621408680422,-0.0009904112931380376,-0.0032867991270349147
2011-06-23,0.0,-0.0025811104872183375,-0.0007132131514068031
2011-06-24,0.0,-0.0037727108686427565,-0.0010424764926941256
2011-06-27,0.0,-0.0010926661711415158,-0.00030192581341037495
2011-06-28,0.0,0.0019011778854303614,0.0005253339900664276
2011-06-29,0.0,0.002252264620510775,0.0006223463721336838
2011-06-30,0.0,0.003781469884984853,0.0010448967864705855
2011-07-01,0.0,0.0016799349807113315,0.00046420009049783205
2011-07-05,0.0,0.0028774992581603993,0.0007951113771557482
2011-07-06,0.0,-0.0011024333266611596,-0.0003046246764783999
2011-07-07,0.0,0.001710117549209178,0.00047254014602916275
2011-07-08,0.0,-0.0003765829181149492,-0.00010405749429354567
2011-07-11,0.0,-0.004733506352716379,-0.0013079637620097716
2011-07-12,0.0,-0.0024353463706180724,-0.0006729355710872785
2011-07-13,0.0,0.003951934917921276,0.0010919997307061403
2011-07-14,0.0,0.003233452581397724,0.0008934684961853227
2011-07-15,0.0,0.0014056696768498158,0.000388415027186023
2011-07-18,0.0,-0.001044326249578869,-0.0002885685131447794
2011-07-19,0.0,0.0006026393746549392,0.0001665214758096934
2011-07-20,0.0,0.003250167844168568,0.000898087262137583
2011-07-21,0.0,0.0028715540405758484,0.0007934685930167994
2011-07-22,0.0,0.003933055351072937,0.001086782923662901
2011-07-25,0.0,0.0001279150225296093,3.5345513794310355e-05
2011-07-26,0.0,0.0006880034967672207,0.00019010931323481224
2011-07-27,0.0,-0.002390559019468439,-0.0006605599180438406
2011-07-28,0.0,-0.0010962979675785448,-0.00030292935238902325
2011-07-29,0.0,0.0003917061121239962,0.00010823633937280185
2011-08-01,0.0,0.00045510133429065,0.00012575372439351865
2011-08-02,0.0,-0.00215484667110221,-0.0005954278178736725
2011-08-03,0.0,-0.0005218759738737233,-0.00014420491095330911
2011-08-04,0.0,-0.007155786044941809,-0.001977288744971906
2011-08-05,0.0,-0.00995080330448458,-0.0027496086738499756
2011-08-08,0.0,-0.005127686458300515,-0.001416883715927942
2011-08-09,0.01698763372875379,0.008931070170085294,0.014761441896346147
2011-08-10,0.0,0.00019357840088111457,5.3489636348538996e-05
2011-08-11,0.0,-0.0003820006084634059,-0.00010555451196322831
2011-08-12,0.0,0.005676224010292428,0.0015684557613938252
2011-08-15,0.0,0.005099471461463252,0.0014090873403326749
2011-08-16,0.0,0.0024590368608888523,0.0006794817337982768
2011-08-17,0.0,0.002450460134143476,0.000677111810332731
2011-08-18,0.0,-0.004946880470744369,-0.0013669233563010626
2011-08-19,0.0,-0.00279336331432613,-0.0007718629102862441
2011-08-22,0.0,0.0020800031283983835,0.000574747029810325
2011-08-23,0.0,0.0026215170155517924,0.0007243782942989112
2011-08-24,0.0,-0.003073254418644399,-0.0008492024963094273
2011-08-25,0.0,-0.0033230075416505454,-0.0009182143471445584
2011-08-26,0.0,0.0051710852628075515,0.001428875685385673
2011-08-29,0.0,0.0055151112846479645,0.0015239370492512608
2011-08-30,0.0,0.005027982554554307,0.001389333506144002
2011-08-31,0.0,-0.00047673709565394036,-0.00013173212385429793
2011-09-01,0.0,-0.0001528936500890669,-4.224761495104808e-05
2011-09-02,0.0,0.0002434424125698461,6.726807361204136e-05
2011-09-06,0.0,-0.0032981799264368565,-0.0009113539737602507
2011-09-07,0.0,-0.0010757797796158953,-0.00029725976111407966
2011-09-08,0.0,0.0025099438302543207,0.0006935483614105042
2011-09-09,0.0,-0.005552681067724878,-0.001534318341923018
2011-09-12,0.0,-0.004680512442452374,-0.0012933204703212034
2011-09-13,0.0,0.001373235486553795,0.00037945280290740144
2011-09-14,0.0,0.001353037359701846,0.0003738716510055633
2011-09-15,0.0,0.00018919595384453205,5.227867739218572e-05
2011-09-16,0.0,0.003055195501064889,0.0008442124512952138
2011-09-19,0.0,-0.0033491098038557036,-0.0009254269313320144
2011-09-20,0.0,-0.0008115343148975927,-0.00022424338247784288
2011-09-21,0.005113231695353944,-0.0013651058761431402,0.003323135696703388
2011-09-22,0.0,-0.010090056858571816,-0.002788087253766246
2011-09-23,0.0,-0.008449918945038108,-0.0023348838996882838
2011-09-26,0.0,0.002098119809960449,0.0005797530361838992
2011-09-27,0.0,0.0038018265014307154,0.0010505217322600933
2011-09-28,0.0,-0.005078010029319735,-0.0014031571115692882
2011-09-29,0.0,0.0011500563314971067,0.0003177838781192067
2011-09-30,0.0,-0.0035898973980716727,-0.0009919614248148992
2011-10-03,0.0,0.002670211056572341,0.0007378334449493684
2011-10-04,0.0,3.510476711229317e-05,9.700158790390674e-06
2011-10-05,0.0,-0.00017882764777543063,-4.941370424093426e-05
2011-10-06,0.0,-0.00019649991128627337,-5.4296908897796134e-05
2011-10-07,0.0,-0.0011597509573129708,-0.00032046269975976883
2011-10-10,0.0,-6.858176646664554e-05,-1.8950532351459183e-05
2011-10-11,0.0,-0.00021429462798026153,-5.921394985150908e-05
2011-10-12,0.0,-0.0010082778909602547,-0.0002786076208928819
2011-10-13,0.0,-0.00038573575649382164,-0.00010658660908225348
2011-10-14,0.0,0.0005087110636920737,0.00014056717939352578
2011-10-17,0.0,0.0009131021316561528,0.00025230862921199156
2011-10-18,0.0,0.00021268845402670796,5.877013142808467e-05
2011-10-19,0.0,-0.00031441045533648336,-8.687798247933448e-05
2011-10-20,0.0,-0.001539679614548529,-0.00042544468959653556
2011-10-21,0.0,-0.00035555593039824827,-9.824731133226437e-05
2011-10-24,0.0,0.0004649546011743462,0.00012847638177706475
2011-10-25,0.0,0.003947448647954374,0.0010907600833694607
2011-10-26,0.0,-0.001722729860441994,-0.0004760251832972009
2011-10-27,0.0,-0.0021701966566073662,-0.0005996693300407783
2011-10-28,0.0,0.0015461437962250625,0.000427230874034442
2011-10-31,0.0,0.003265524333124444,0.0009023305713399595
2011-11-01,0.0,-0.004051258911234411,-0.0011194449635359494
2011-11-02,0.00989759619057496,-0.0031745112501790143,0.006285507909380893
2011-11-03,0.0,0.00020511689409719825,5.6677955930316336e-05
2011-11-04,0.0,0.002565423525705737,0.0007088785259377258
2011-11-07,0.0,0.0015678449387588206,0.0004332273396380164
2011-11-08,0.0,-0.0011974662216131594,-0.00033088419184268506
2011-11-09,0.0,0.002344078018237329,0.0006477162751495335
2011-11-10,0.0,-0.005527710386320581,-0.001527418436450034
2011-11-11,0.0,0.0011758030583518427,0.00032489822068199493
2011-11-14,0.0,0.004555556511981415,0.0012587926136488582
2011-11-15,0.0,-0.0019800169220138644,-0.0005471188140846331
2011-11-16,0.0,-0.0016105571192422694,-0.0004450295809589164
2011-11-17,0.0,-0.0037274965920745993,-0.0010299828715029974
2011-11-18,0.0,-0.0002574926262073051,-7.115043246337065e-05
2011-11-21,0.0,3.280470411243046e-05,9.064604757082257e-06
2011-11-22,0.0,-0.00021120608610631793,-5.836052312139605e-05
2011-11-23,0.0,0.00021560499630101209,5.957603118207364e-05
2011-11-25,0.0,-0.002353476787565354,-0.0006503133456449582
2011-11-28,0.0,0.001427045716612543,0.00039432166030353905
2011-11-29,0.0,-0.0007136327032445331,-0.00019719118253496722
2011-11-30,0.0,0.0014139317141585023,0.000390697995580886
2011-12-01,0.0,0.0032306672464353543,0.0008926988516714311
2011-12-02,0.0,0.0004785519829616605,0.0001322336140084766
2011-12-05,0.0,-0.0020448405776991173,-0.0005650309042434757
2011-12-06,0.0,0.0009357469492452245,0.00025856585136335307
2011-12-07,0.0,0.00047742125437022216,0.00013192117077674397
2011-12-08,0.0,0.0008925058348366919,0.00024661745487650287
2011-12-09,0.0,-0.0023220732242047225,-0.000641635904481261
2011-12-12,0.0,0.0005520949034247142,0.000152555013780728
2011-12-13,0.006661905950730691,-0.0033943808356141545,0.003883150052501335
2011-12-14,0.0,-0.0033206164179140018,-0.0009175536311837389
2011-12-15,0.0,-0.0014379200544323899,-0.0003973264602857024
2011-12-16,0.0,0.003351438519705772,0.0009260704027286798
2011-12-19,0.0,0.0006388892130897747,0.00017653804101917388
2011-12-20,0.0,-0.0014868754354025323,-0.0004108538244620668
2011-12-21,0.0,0.0012485460933573896,0.00034499859588720905
2011-12-22,0.0,-0.0006738367686368509,-0.00018619475906713173
2011-12-23,0.0,-0.00011407170021418187,-3.152032320932052e-05
2011-12-27,0.0,0.0003935341539202321,0.00010874146437882274
2011-12-28,0.0,-0.00014016588577558302,-3.873067565637813e-05
2011-12-29,0.0,-0.0022389832918230245,-0.0006186764717806506
2011-12-30,0.0,0.0010742521088418573,0.00029683763471055716
2012-01-03,0.0,-0.001837595148824162,-0.0005077647910048068
2012-01-04,0.0,-0.0016068856563626187,-0.0004440150813380611
2012-01-05,0.0,0.0021012336087849826,0.0005806134419214645
2012-01-06,0.0,0.0029976935183173986,0.0008283234877926576
2012-01-09,0.0,0.0009826200344201345,0.00027151783499958443
2012-01-10,0.0,-0.0017241196189762182,-0.0004764092017531318
2012-01-11,0.0,0.0012955278348894947,0.0003579806034775947
2012-01-12,0.0,0.0007387305672752819,0.00020412623114586214
2012-01-13,0.0,0.0005126976645174165,0.00014166875801719327
2012-01-17,0.0,-0.0003567987082168747,-9.859071603691004e-05
2012-01-18,0.0,-0.0019047878242552162,-0.0005263314893437387
2012-01-19,0.0,-0.002861252385031357,-0.0007906220367566246
2012-01-20,0.0,-0.002786337977914284,-0.0007699216674193471
2012-01-23,0.0,-0.0008248917891463442,-0.00022793432339298915
2012-01-24,0.0,-0.0012565240879385637,-0.0003472030775183994
2012-01-25,0.008941207683434545,-1.85730770683269e-05,0.006465438628310115
2012-01-26,0.0,-0.00022726894028533284,-6.279901535422936e-05
2012-01-27,0.0,0.0006630441845724696,0.00018321254930490037
2012-01-30,0.0,0.001340950383223484,0.0003705317743796685
2012-01-31,0.0,0.00215100090149287,0.0005943651537698906
2012-02-01,0.0,-0.0006740766451336821,-0.00018626104180593757
2012-02-02,0.0,0.0005253351172426528,0.00014516074238925082
2012-02-03,0.0,-0.0023675812173303097,-0.0006542106855113741
2012-02-06,0.0,0.0007148021704200587,0.0001975143300227845
2012-02-07,0.0,-0.0004990437637927581,-0.00013789590845765195
2012-02-08,0.0,-0.0013730685728375186,-0.0003794066812639507
2012-02-09,0.0,-0.0003731495805089761,-0.00010310879351303837
2012-02-10,0.0,0.0003104269129484116,8.577724896388506e-05
2012-02-13,0.0,7.400695336459388e-05,2.044962146973501e-05
2012-02-14,0.0,0.0016661047432956514,0.00046037851553589707
2012-02-15,0.0,-0.001017856704119628,-0.00028125444114872306
2012-02-16,0.0,-0.0003578196122178471,-9.887281250795341e-05
2012-02-17,0.0,-0.0018152988212605662,-0.0005016038637120087
2012-02-21,0.0,0.0010601685536464056,0.0002929460629108607
2012-02-22,0.0,0.0006392500294839652,0.0001766377419032911
2012-02-23,0.0,0.000791452946905474,0.0002186944934158896
2012-02-24,0.0,-0.00018778046999956416,-5.18875505113977e-05
2012-02-27,0.0,-0.002304075858008618,-0.0006366628673620406
2012-02-28,0.0,0.003106791461747484,0.0008584694611754662
2012-02-29,0.0,-0.004601609853547445,-0.001271518085508267
2012-03-01,0.0,-0.00020769773028368903,-5.739109328687154e-05
2012-03-02,0.0,0.0008691740412845123,0.0002401704073402866
2012-03-05,0.0,-0.0005223018887437633,-0.00014432259986596764
2012-03-06,0.0,-4.706462853728495e-05,-1.3004910950186727e-05
2012-03-07,0.0,0.0017330598174758497,0.0004788795598326095
2012-03-08,0.0,-0.0013852603256452713,-0.00038277550971366225
2012-03-09,0.0,-0.00028580127888142823,-7.897268706493591e-05
2012-03-12,0.0,0.00013814003815588592,3.81708928914523e-05
2012-03-13,0.006630531194121055,-0.002409404757544031,0.004132613634787483
2012-03-14,0.0,-0.003160108404693,-0.0008732020133423939
2012-03-15,0.0,-0.0004979758966411999,-0.0001376008351160735
2012-03-16,0.0,0.00021230308023874341,5.866364483824481e-05
2012-03-19,0.0,-0.0013747382150202127,-0.00037986803724570267
2012-03-20,0.0,-0.0003865130721382162,-0.00010680139715239685
2012-03-21,0.0,0.00031040025439823523,8.576988266605418e-05
2012-03-22,0.0,0.00033891656500975917,9.36495173653261e-05
2012-03-23,0.0,0.0021806269542262234,0.0006025514327139084
2012-03-26,0.0,0.0007599987927414897,0.00021000307298765862
2012-03-27,0.0,-0.0005080739692594904,-0.00014039113728674403
2012-03-28,0.0,-0.0009129146316664479,-0.0002522568191638714
2012-03-29,0.0,0.0011546593840634698,0.00031905579485551236
2012-03-30,0.0,-0.0011689948383181293,-0.0003230169714717186
2012-04-02,0.0,-0.0007435682613609913,-0.00020546298409057209
2012-04-03,0.0,6.732927369683429e-05,1.8604443208861484e-05
2012-04-04,0.0,0.0005661231727854909,0.0001564313089835597
2012-04-05,0.0,0.0017829251513512383,0.0004926583624430883
2012-04-09,0.0,0.0028442151738266495,0.0007859143099256093
2012-04-10,0.0,0.0005519603710320249,0.00015251783975341247
2012-04-11,0.0,0.00023297533881907993,6.437580894814598e-05
2012-04-12,0.0,-0.001272812985485569,-0.0003517040301161172
2012-04-13,0.0,0.0014360071187606456,0.0003967978773809258
2012-04-16,0.0,0.00019509832603682936,5.390962248070109e-05
2012-04-17,0.0,0.0002512019957416085,6.941220374321607e-05
2012-04-18,0.0,-0.0006352843885961075,-0.00017554195493524666
2012-04-19,0.0,-0.0011845998161683835,-0.00032732894319293206
2012-04-20,0.0,-0.0013099432631541914,-0.00036196387853399233
2012-04-23,0.0,0.0007115107266451641,0.0001966048373842494
2012-04-24,0.0,-0.00024807417123777763,-6.854792242613507e-05
2012-04-25,0.02093164483239552,1.391756808851374e-06,0.015148191613440633
2012-04-26,0.0,0.0007623959447084302,0.00021066545467074
2012-04-27,0.0,0.0007781524976850958,0.00021501930967208357
2012-04-30,0.0,0.0006377626564014503,0.00017622675056884365
2012-05-01,0.0,0.0005097432563345093,0.00014085239514504666
2012-05-02,0.0,0.0009264122044739068,0.0002559864721508403
2012-05-03,0.0,0.0006163632185561403,0.00017031365208678844
2012-05-04,0.0,0.0002548294633771966,7.041454658627358e-05
2012-05-07,0.0,0.0024922229884263613,0.0006886517335798524
2012-05-08,0.0,-0.001009876805779446,-0.0002790494334703262
2012-05-09,0.0,0.0016024152179539692,0.00044277980858186105
2012-05-10,0.0,0.000496299083950319,0.0001371374977775503
2012-05-11,0.0,0.0006571306199923786,0.0001815785115327476
2012-05-14,0.0,0.0018340877599070929,0.0005067956283458893
2012-05-15,0.0,0.0011418994289567462,0.00031552996059210455
2012-05-16,0.0,0.0015312892612030747,0.000423126264879515
2012-05-17,0.0,0.00127827736784604,0.00035321394973525117
2012-05-18,0.0,0.0020777334544179373,0.000574119872879122
2012-05-21,0.0,0.00017082972495440594,4.720371603309165e-05
2012-05-22,0.0,-0.0017685417993126959,-0.0004886839506982204
2012-05-23,0.0,0.002497708666166975,0.0006901675375442157
2012-05-24,0.0,0.0014992482525958276,0.0004142726846720071
2012-05-25,0.0,0.0005123110383519486,0.00014156192537006127
2012-05-29,0.0,-0.0001260760384509179,-3.483736521382711e-05
2012-05-30,0.0,0.003012855044487907,0.000832512924825188
2012-05-31,0.0,0.0033646427207451052,0.000929718991148938
2012-06-01,0.0,0.005322326658294272,0.001470666748895897
2012-06-04,0.0,0.00015141815582653696,4.183990597536772e-05
2012-06-05,0.0,-0.003309890530731897,-0.0009145898511221473
2012-06-06,0.0,-0.003906467942013335,-0.0010794362835647561
2012-06-07,0.0,-0.0029604089020185127,-0.0008180209924825169
2012-06-08,0.0,-0.00024967429798154495,-6.899006988290764e-05
2012-06-11,0.0,0.00027592406964741895,7.624341392464347e-05
2012-06-12,0.0,0.00036758173992769975,0.00010157028629021027
2012-06-13,0.0,6.721450466133057e-05,1.8572730197775415e-05
2012-06-14,0.0,-0.0005479783849114379,-0.00015141753626621743
2012-06-15,0.0,-0.0010449872843073793,-0.000288751170440639
2012-06-18,0.0,-0.001206876861499686,-0.00033348454241406163
2012-06-19,0.0,-0.0008791009889451844,-0.00024291342421615408
2012-06-20,0.0012510691463001392,-0.0011611980767922223,0.0005845108115303706
2012-06-21,0.0,0.0014362293017586602,0.00039685927104732933
2012-06-22,0.0,0.0005115102496882875,0.0001413406512288539
2012-06-25,0.0,0.0016074249043074868,0.0004441640864767615
2012-06-26,0.0,0.0007702208989854863,0.00021282764816349815
2012-06-27,0.0,-0.0005056467882168333,-0.00013972045796129836
2012-06-28,0.0,0.00023755133926984707,6.564025063651704e-05
2012-06-29,0.0,-0.0014236822267140049,-0.0003933922598605357
2012-07-02,0.0,-0.0033371526761403,-0.0009221229345515948
2012-07-03,0.0,5.7959768516664476e-05,1.6015458990726382e-05
2012-07-05,0.0,0.002318170382594989,0.0006405574702268175
2012-07-06,0.0,0.001751783971839796,0.00048405342325591824
2012-07-09,0.0,0.0025566524040944567,0.0007064548872299946
2012-07-10,0.0,-0.0009397689649423788,-0.0002596772158340257
2012-07-11,0.0,0.0004135887821139636,0.00011428296469241744
2012-07-12,0.0,-1.6315476136288202e-05,-4.508296800732913e-06
2012-07-13,0.0,0.002262346575915355,0.0006251322207914809
2012-07-16,0.0,-0.0015136800003434034,-0.00041826046913234966
2012-07-17,0.0,-0.0007378180141426176,-0.0002038740742162008
2012-07-18,0.0,-0.0005332261643238033,-0.00014734119866360122
2012-07-19,0.0,0.00014264795784803614,3.941652248609711e-05
2012-07-20,0.0,0.00039681428888319314,0.0001096478321633705
2012-07-23,0.0,0.003326095780004632,0.0009190676900059821
2012-07-24,0.0,0.0016072425357291622,0.00044411369434162873
2012-07-25,0.0,0.0010168098949361935,0.00028096518655062043
2012-07-26,0.0,-0.0017874980309041345,-0.0004939219417641114
2012-07-27,0.0,-0.004271808909530414,-0.0011803873990133933
2012-07-30,0.0,-0.0005602585489565913,-0.00015481079453307889
2012-07-31,0.0,0.0008946127573630598,0.0002471996402816772
2012-08-01,0.006456502116677372,0.00019629567267211409,0.00472668017046617
2012-08-02,0.0,0.0028344099978879823,0.0007832049410450653
2012-08-03,0.0,-0.0019574293836358797,-0.0005408774193404485
2012-08-06,0.0,-0.0028747281560178796,-0.0007943456654585063
2012-08-07,0.0,-0.0008794131147814704,-0.00024299967091207637
2012-08-08,0.0,0.00013714361967008908,3.7895562264617714e-05
2012-08-09,0.0,-0.0009685119052292969,-0.00026761947290680337
2012-08-10,0.0,0.0013505518342311982,0.0003731848499319165
2012-08-13,0.0,0.00032924927023341674,9.097824784503358e-05
2012-08-14,0.0,-0.0009818688436995743,-0.00027131026577549604
2012-08-15,0.0,-0.00017208908036926146,-4.755170146363334e-05
2012-08-16,0.0,-0.0006606719620075179,-0.00018255705612095266
2012-08-17,0.0,4.01510130363837e-05,1.1094538835769141e-05
2012-08-20,0.0,0.0008967303033877837,0.00024778476117480485
2012-08-21,0.0,-0.0013930393034420202,-0.0003849249989728849
2012-08-22,0.0,-0.0005943166917164305,-0.00016422174979791366
2012-08-23,0.0,-0.0028667079870806577,-0.0007921295301977894
2012-08-24,0.0,0.0008130847561251771,0.0002246718008192786
2012-08-27,0.0,0.002023146093111586,0.0005590362783654125
2012-08-28,0.0,0.000327036166261668,9.036672235401018e-05
2012-08-29,0.0,-0.0005958237287406497,-0.00016463817467807774
2012-08-30,0.0,0.001367951399366468,0.00037799270249951717
2012-08-31,0.0,-0.00013102801645478723,-3.620569712186683e-05
2012-09-04,0.0,-0.0003707599252292594,-0.00010244848331660838
2012-09-05,0.0,0.0007885009455421299,0.00021787879559677888
2012-09-06,0.0,-0.0022647763357713712,-0.000625803612695335
2012-09-07,0.0,-0.003029878884836889,-0.0008372169570177148
2012-09-10,0.0,-0.0023774752520921115,-0.0006569446078860796
2012-09-11,0.0,-0.0008891732913695343,-0.00024569660555983025
2012-09-12,0.0,-0.003443205810820653,-0.0009514275655530597
2012-09-13,0.0014653785483702622,-0.002318081224552546,0.00041993191552378397
2012-09-14,0.0,-0.004086910777413632,-0.0011292962968892219
2012-09-17,0.0,0.0015244365273987361,0.00042123271561204
2012-09-18,0.0,0.0005813094435692096,0.00016062758345433825
2012-09-19,0.0,0.0012914648505269765,0.0003568579185341729
2012-09-20,0.0,6.8240988398094934e-06,1.885636846292947e-06
2012-09-21,0.0,0.0007185137566292163,0.0001985399165329552
2012-09-24,0.0,0.0008411741209646606,0.00023243346174677102
2012-09-25,0.0,0.0006955738008630746,0.00019220114172028346
2012-09-26,0.0,0.0016448373678200018,0.00045450190856372263
2012-09-27,0.0,-0.0013903326308866203,-0.00038417709047666883
2012-09-28,0.0,-0.0006284111300332266,-0.0001736427342609124
2012-10-01,0.0,0.0010733408465206627,0.000296585834458272
2012-10-02,0.0,-0.0002883289674284291,-7.967113865130107e-05
2012-10-03,0.0,-0.000261663032027932,-7.230280013329558e-05
2012-10-04,0.0,0.0005760030553860787,0.00015916132082923178
2012-10-05,0.0,-0.001826599957661455,-0.0005047265967940949
2012-10-08,0.0,-0.0013027527366467678,-0.00035997699029498455
2012-10-09,0.0,-0.00340066068354411,-0.000939671484419699
2012-10-10,0.0,9.755960348021527e-05,2.695769615159313e-05
2012-10-11,0.0,0.0010677568961179019,0.00029504287576519243
2012-10-12,0.0,-0.00041621073805326556,-0.00011500746427024629
2012-10-15,0.0,-1.0422844491915075e-05,-2.8800432230675637e-06
2012-10-16,0.0,0.0019672024186496873,0.0005435779070318989
2012-10-17,0.0,-0.0005100357169361911,-0.00014093320793799792
2012-10-18,0.0,-0.0011137522596668596,-0.00030775232712316477
2012-10-19,0.0,-0.002618890144389305,-0.0007236524365452757
2012-10-22,0.0,-0.00022813968541855897,-6.303961988612198e-05
2012-10-23,0.0,-0.001312459025846567,-0.00036265903476496585
2012-10-24,0.006985537375487912,-0.001737106726611604,0.004575293986270256
2012-10-25,0.0,0.001861154736635272,0.0005142747827125679
2012-10-26,0.0,0.0026178059598511183,0.0007233528543789889
2012-10-31,0.0,0.0009215139100493336,0.00025463297410402354
2012-11-01,0.0,0.0015082872456341227,0.000416770341685262
2012-11-02,0.0,0.0009944714552575604,0.0002747926228267487
2012-11-05,0.0,0.0033774770104946943,0.0009332653655810676
2012-11-06,0.0,-0.0019566339807677332,-0.0005406576334037217
2012-11-07,0.0,-0.001615824131459574,-0.00044648496320644286
2012-11-08,0.0,-0.0015436979050459608,-0.0004265550247190083
2012-11-09,0.0,-0.00020387456887955072,-5.6334676288496185e-05
2012-11-12,0.0,0.0013719105909326462,0.0003790867073892421
2012-11-13,0.0,-0.0004366855661824096,-0.00012066507434420985
2012-11-14,0.0,-0.0026758939368014684,-0.00073940373995896
2012-11-15,0.0,0.001998692455467585,0.0005522792425648126
2012-11-16,0.0,0.0018532915952142956,0.000512102037337822
2012-11-19,0.0,0.0020181394756498302,0.0005576528484675178
2012-11-20,0.0,-0.0015161718666709568,-0.0004189490223133002
2012-11-21,0.0,-0.0001525188292677128,-4.214404435981046e-05
2012-11-23,0.0,0.001402131598870579,0.00038743738451710573
2012-11-26,0.0,-0.0011878742034105376,-0.00032823372276570415
2012-11-27,0.0,-0.0013067343497813171,-0.00036107719071857625
2012-11-28,0.0,0.0032090339454954584,0.000886721132075513
2012-11-29,0.0,0.0004427260495664615,0.00012233418235477124
2012-11-30,0.0,0.0007864631849315492,0.00021731572103097398
2012-12-03,0.0,-0.00019363831493076573,-5.350619181502401e-05
2012-12-04,0.0,0.0009951326542053437,0.00027497532549972245
2012-12-05,0.0,-0.0005952811142573424,-0.00016448823929656074
2012-12-06,0.0,0.001818925165956542,0.0005026058962640873
2012-12-07,0.0,-0.0003937807660724634,-0.0001088096083157596
2012-12-10,0.0,0.0012611001671404018,0.00034846754096728777
2012-12-11,0.0,0.0005110130537253073,0.00014120326590521905
2012-12-12,0.004257133434294243,-0.00025749186207601945,0.0030096509452686823
2012-12-13,0.0,-0.0009029537132325664,-0.0002495044154747171
2012-12-14,0.0,0.0002995946456304422,8.278407391423583e-05
2012-12-17,0.0,0.000674249482970216,0.00018630880040390816
2012-12-18,0.0,0.0010952411531402657,0.00030263733313618235
2012-12-19,0.0,-0.00031344170986134947,-8.661029846632815e-05
2012-12-20,0.0,9.655679270050581e-05,2.66805992043671e-05
2012-12-21,0.0,-0.0006826207405408673,-0.00018862194857124473
2012-12-24,0.0,-0.002145471012435127,-0.0005928371333223609
2012-12-26,0.0,0.00021572716016439819,5.960978753401018e-05
2012-12-27,0.0,0.0012043962589496878,0.0003327991016431868
2012-12-28,0.0,8.188257368661597e-05,2.2625815017809844e-05
2012-12-31,0.0,0.0014499760339203764,0.00040065777181479123
2013-01-02,0.0,0.004329492209068079,0.0011963264640206946
2013-01-03,0.0,-0.002519594391562893,-0.000696215007134434
2013-01-04,0.0,-0.001799822000526081,-0.0004973273043998593
2013-01-07,0.0,7.161743324985861e-05,1.9789348622129428e-05
2013-01-08,0.0,0.00033175795819958496,9.167144918573845e-05
2013-01-09,0.0,-0.0005009201069332015,-0.00013841438010423317
2013-01-10,0.0,0.0030407727790070717,0.0008402271608159186
2013-01-11,0.0,0.0050691101442352305,0.001400697892903636
2013-01-14,0.0,0.0007698895964449943,0.00021273610255545715
2013-01-15,0.0,0.0006897914685724452,0.00019060336609002534
2013-01-16,0.0,-0.0009039484005274744,-0.00024977926773841466
2013-01-17,0.0,-0.0005017138544997866,-0.00013863370864758263
2013-01-18,0.0,0.0026691044988546996,0.0007375276806200532
2013-01-22,0.0,0.00033924308563624905,9.373974163359024e-05
2013-01-23,0.0,-0.0007398065831111791,-0.00020442355613411203
2013-01-24,0.0,-0.002527501139142864,-0.0006983998017748862
2013-01-25,0.0,1.580700212787187e-05,4.367795124517615e-06
2013-01-28,0.0,-0.00045563482334181065,-0.00012590113823314448
2013-01-29,0.0,-0.0003088943011000124,-8.535375724135201e-05
2013-01-30,0.0015005895012005846,0.0020454446286994146,0.0016511440181296091
2013-01-31,0.0,2.123822204670332e-05,5.868551288763717e-06
2013-02-01,0.0,0.0032923416427155937,0.0009097407376154716
2013-02-04,0.0,-0.003079923724876242,-0.0008510453608202124
2013-02-05,0.0,0.0003299550992264791,9.117328270424985e-05
2013-02-06,0.0,0.0012553956631051872,0.0003468912708617206
2013-02-07,0.0,2.3467269742536644e-05,6.4844823539598715e-06
2013-02-08,0.0,0.0015305978774431664,0.0004229352215310502
2013-02-11,0.0,9.52659028680541e-05,2.632390017498378e-05
2013-02-12,0.0,0.001339943633648425,0.0003702535890634409
2013-02-13,0.0,0.00011886270653433519,3.2844175377961684e-05
2013-02-14,0.0,-0.0010670865333115014,-0.00029485764093231475
2013-02-15,0.0,-0.00012114899460935946,-3.347592312029455e-05
2013-02-19,0.0,0.0019346025662936239,0.0005345699069678173
2013-02-20,0.0,-0.00022423537173504347,-6.196077886785091e-05
2013-02-21,0.0,-0.004693014208872385,-0.00129677496181652
2013-02-22,0.0,0.0007273436895821718,0.00020097980600660388
2013-02-25,0.0,-0.004838698615793694,-0.001337030516735889
2013-02-26,0.0,-0.0016955072241197223,-0.0004685030170291723
2013-02-27,0.0,0.0033995719525332026,0.0009393706459708341
2013-02-28,0.0,0.0019284876734613782,0.0005328802381183056
2013-03-01,0.0,0.0021746748198989804,0.0006009067373387389
2013-03-04,0.0,0.003249907828774198,0.0008980154146131352
2013-03-05,0.0,-0.00045090242693806085,-0.00012459348117253483
2013-03-06,0.0,-0.0028152815636529028,-0.0007779193668978767
2013-03-07,0.0,0.0023422294736281223,0.0006472054848006596
2013-03-08,0.0,-0.00215491256496923,-0.0005954460256849182
2013-03-11,0.0,0.004469398682119753,0.0012349854586826906
2013-03-12,0.0,-0.00031957035059884843,-8.83037661407563e-05
2013-03-13,0.0,-0.0005304425807047713,-0.0001465720380813769
2013-03-14,0.0,0.0016532498177793068,0.00045682643902308863
2013-03-15,0.0,-0.001708071755801125,-0.0004719748518385769
2013-03-18,0.0,-0.0002258167905377451,-6.239775694126315e-05
2013-03-19,0.0,0.0003149128583473783,8.70168066158645e-05
2013-03-20,0.00743101319843343,0.0006574936975908943,0.0055593524488319395
2013-03-21,0.0,-0.0007852529755338775,-0.00021698131564125905
2013-03-22,0.0,8.924769541652187e-05,2.466094745615113e-05
2013-03-25,0.0,-0.0025871496704564043,-0.0007148819001606725
2013-03-26,0.0,0.0018626540444859861,0.0005146890718654082
2013-03-27,0.0,0.001316856739060016,0.00036387421207546036
2013-03-28,0.0,0.0014285299327233666,0.00039473177930271063
2013-04-01,0.0,-0.00042150844451749786,-0.00011647132796042691
2013-04-02,0.0,0.0012630386125160667,0.0003490031727203856
2013-04-03,0.0,0.0019305417425724452,0.0005334478190533977
2013-04-04,0.0,0.0013083241750063257,0.00036151649165688533
2013-04-05,0.0,0.000986875364580098,0.00027269366898603835
2013-04-08,0.0,0.00039436302103312127,0.00010897049716475288
2013-04-09,0.0,0.0012582882404599746,0.00034769054862263473
2013-04-10,0.0,0.0025352973726999396,0.0007005540591504927
2013-04-11,0.0,0.0020793719796366704,0.0005745726306129342
2013-04-12,0.0,0.004811041519579299,0.0013293883003923773
2013-04-15,0.0,0.005498795787873579,0.001519428746747803
2013-04-16,0.0,-0.0017343534558304638,-0.0004792370183343838
2013-04-17,0.0,-0.002950564064974173,-0.0008153006644344731
2013-04-18,0.0,-3.93222481166092e-05,-1.0865534287868214e-05
2013-04-19,0.0,0.0012597364301346506,0.00034809071278717754
2013-04-22,0.0,0.0016511534603310858,0.0004562471729631796
2013-04-23,0.0,0.0016371538091549181,0.0004523787855448978
2013-04-24,0.0,0.0013918116816851527,0.0003845857821953441
2013-04-25,0.0,-0.003150380245006339,-0.0008705139256135383
2013-04-26,0.0,0.00019499369654802734,5.388071123191569e-05
2013-04-29,0.0,-0.001798022777273569,-0.0004968301425416734
2013-04-30,0.0,0.0014011998280718731,0.0003871799173567402
2013-05-01,-0.001063770465328566,-0.0007044374355529359,-0.0009644794648696797
2013-05-02,0.0,0.0016012777186049864,0.0004424654944525634
2013-05-03,0.0,0.0011057162878892355,0.00030553182521729245
2013-05-06,0.0,-0.000184799829782478,-5.106393919643656e-05
2013-05-07,0.0,0.0024791479445722977,0.0006850388339081345
2013-05-08,0.0,0.0016398505672233366,0.00045312395446737633
2013-05-09,0.0,-0.0015990885420855856,-0.0004418605806016765
2013-05-10,0.0,0.0033308400012782313,0.0009203786145178427
2013-05-13,0.0,0.0027231239974570883,0.0007524543631570516
2013-05-14,0.0,0.0005231004972667206,0.00014454327159010315
2013-05-15,0.0,0.005973625126040709,0.001650633718534793
2013-05-16,0.0,0.0009780606214662322,0.0002702579767728557
2013-05-17,0.0,0.0022614273578388942,0.0006248782222027381
2013-05-20,0.0,-0.0005019989243270058,-0.00013871247921972546
2013-05-21,0.0,0.0008579879558488105,0.00023707946517217333
2013-05-22,0.0,-0.0029917136483532734,-0.0008266711284987658
2013-05-23,0.0,0.0013757274487821499,0.00038014138258768746
2013-05-24,0.0,-0.002040058889851103,-0.0005637096269575888
2013-05-28,0.0,-0.0019069579539734364,-0.0005269311401773461
2013-05-29,0.0,0.0018718817884615824,0.0005172388845889631
2013-05-30,0.0,-0.0040170119613134846,-0.0011099818370250427
2013-05-31,0.0,-0.003924328349067742,-0.0010843714760967154
2013-06-03,0.0,-0.0010218159952905899,-0.0002823484735612689
2013-06-04,0.0,-0.0016449556941087046,-0.0004545346045159796
2013-06-05,0.0,-0.003721697836214649,-0.0010283805577076003
2013-06-06,0.0,0.0006502706737931686,0.00017968296933436136
2013-06-07,0.0,0.004810087127228334,0.0013291245824385428
2013-06-10,0.0,0.0021309879840689995,0.0005888351789875613
2013-06-11,0.0,-0.003311955790012521,-0.0009151605241279329
2013-06-12,0.0,-0.002696400962879807,-0.0007450702469789967
2013-06-13,0.0,0.0008822300354277163,0.00024377804319072188
2013-06-14,0.0,-0.005043147853470361,-0.0013935239856626067
2013-06-17,0.0,0.0029958245986448618,0.0008278070674007461
2013-06-18,0.0,0.0033894596546086525,0.0009365764130596714
2013-06-19,0.00032753666990293506,0.0018974082740951664,0.0007613240182843849
2013-06-20,0.0,0.003281463248308973,0.0009067348167161482
2013-06-21,0.0,0.0028937345116155783,0.0007995975068034315
2013-06-24,0.0,-0.0013291058595645867,-0.00036725889238274997
2013-06-25,0.0,0.0025297008163602326,0.0006990076171814897
2013-06-26,0.0,0.005110447850239187,0.001412120339062763
2013-06-27,0.0,0.0012627409393215921,0.000348920919582377
2013-06-28,0.0,-0.0020683223378536292,-0.0005715193905920113
2013-07-01,0.0,0.003094672656907439,0.00085512078972802
2013-07-02,0.0,-0.0011670604725712364,-0.0003224824670027519
2013-07-03,0.0,0.0012206350249724775,0.000337286201884507
2013-07-05,0.0,0.008726823056296025,0.002411398118977128
2013-07-08,0.0,0.0008173244370681074,0.0002258433106098283
2013-07-09,0.0,-0.000724371088723667,-0.00020015841612939115
2013-07-10,0.0,0.0010750679150950883,0.00029706305851619647
2013-07-11,0.0,-0.0016093669077089253,-0.00044470070138450817
2013-07-12,0.0,0.0007927393431821588,0.000219049950784722
2013-07-15,0.0,0.0017684973905650748,0.0004886716796610069
2013-07-16,0.0,-0.000384246016790827,-0.00010617496380259182
2013-07-17,0.0,-0.00013429935903993382,-3.7109635394187026e-05
2013-07-18,0.0,0.0007930074132915141,0.0002191240239902039
2013-07-19,0.0,-0.002103265459235643,-0.0005811748833902737
2013-07-22,0.0,-0.002310532354635732,-0.0006384469282650025
2013-07-23,0.0,-0.001379274552946514,-0.0003811215193745326
2013-07-24,0.0,0.0023802894456948255,0.0006577222266273151
2013-07-25,0.0,0.0029440132546058903,0.0008134905427329157
2013-07-26,0.0,-0.0023287892554910007,-0.000643491680071788
2013-07-29,0.0,-0.0013799603663744893,-0.0003813110235273635
2013-07-30,0.0,0.0014922975245390934,0.0004123520576060741
2013-07-31,0.0027358427766477414,0.0016730262970962757,0.0024421650381310544
2013-08-01,0.0,0.0082312185279646,0.002274452540996979
2013-08-02,0.0,-0.00020015579046604067,-5.5307102426463853e-05
2013-08-05,0.0,0.00011310054159978855,3.12519723970181e-05
2013-08-06,0.0,-0.002082900247740663,-0.0005755475626144576
2013-08-07,0.0,-0.00315026713525578,-0.0008704826710965192
2013-08-08,0.0,-0.0019612877535885027,-0.0005419435651745113
2013-08-09,0.0,-0.0016393569297148871,-0.0004529875524168646
2013-08-12,0.0,-0.0023359499447060234,-0.0006454703236620494
2013-08-13,0.0,0.005363177527592023,0.001481954672204037
2013-08-14,0.0,-0.0008951982273274614,-0.0002473614175013788
2013-08-15,0.0,-0.004952546804033888,-0.0013684890790558039
2013-08-16,0.0,-0.0010270899805006478,-0.00028380578258804833
2013-08-19,0.0,-0.0008816498523799829,-0.00024361772685327105
2013-08-20,0.0,-0.00011234638987179992,-3.104358498655226e-05
2013-08-21,0.0,0.00017829606430520535,4.926681695195047e-05
2013-08-22,0.0,0.002723044387738556,0.0007524323653779878
2013-08-23,0.0,-0.0010616842674393133,-0.0002933648853581072
2013-08-26,0.0,-0.0022064855274660246,-0.0006096966807002191
2013-08-27,0.0,-0.006962095877142974,-0.0019237682251582828
2013-08-28,0.0,0.0019520131606337605,0.0005393808071283046
2013-08-29,0.0,0.0012988952118422096,0.00035891107799246476
2013-08-30,0.0,0.0002948691190774549,8.14783151326562e-05
2013-09-03,0.0,0.0014450517312606164,0.00039929708716535833
2013-09-04,0.0,0.0020387575527787663,0.0005633500411440408
2013-09-05,0.0,0.0013873536954812956,0.000383353950235757
2013-09-06,0.0,-0.0024111543664644005,-0.0006662508299238417
2013-09-09,0.0,8.420563575204096e-05,2.326772415916587e-05
2013-09-10,0.0,0.0033944998139160375,0.0009379691112494674
2013-09-11,0.0,-0.0016448232468283333,-0.00045449800664746655
2013-09-12,0.0,0.001941094225895408,0.0005363636841134978
2013-09-13,0.0,-0.00020755181042947062,-5.7350772673091035e-05
2013-09-16,0.0,-0.00012463006582656518,-3.4437813665232226e-05
2013-09-17,0.0,0.0001616437259895786,4.466543830225931e-05
2013-09-18,0.0020480535347569065,-0.005132934835053475,6.380087652700412e-05
2013-09-19,0.0,-0.0012847983464966285,-0.0003550158283284666
2013-09-20,0.0,0.00420140014475747,0.0011609320299933363
2013-09-23,0.0,-0.0007037536779156977,-0.0001944614075708588
2013-09-24,0.0,-0.002181633442230562,-0.0006028295457528435
2013-09-25,0.0,-0.0004946176175958168,-0.00013667287453743033
2013-09-26,0.0,0.0016942407230397586,0.00046815305710650563
2013-09-27,0.0,-0.0004342349172763485,-0.00011998791037236955
2013-09-30,0.0,-0.0011915387226889378,-0.0003292463037287746
2013-10-01,0.0,0.005003823445347694,0.0013826578545212775
2013-10-02,0.0,-0.0027375292366044117,-0.000756434822753767
2013-10-03,0.0,-0.0022368189744408486,-0.0006180784270133188
2013-10-04,0.0,0.003069483259978944,0.00084816044872194
2013-10-07,0.0,-0.003576058858047412,-0.0009881375556739043
2013-10-08,0.0,-0.004169709575474242,-0.0011521752832750953
2013-10-09,0.0,0.0014714030794482768,0.00040657849885920394
2013-10-10,0.0,0.007004610758711487,0.0019355159487893794
2013-10-11,0.0,0.0025191299369868264,0.0006960866689197308
2013-10-14,0.0,0.0025637382013081324,0.0007084128366420872
2013-10-15,0.0,-0.0022394011329153244,-0.0006187919297448494
2013-10-16,0.0,0.0005536887429038267,0.00015299542393882218
2013-10-17,0.0,-0.0009343056658892675,-0.0002581675955546759
2013-10-18,0.0,0.0002560354492670022,7.074778493514694e-05
2013-10-21,0.0,-0.00044586909793889923,-0.0001232026703353637
2013-10-22,0.0,-0.0009696978978129572,-0.00026794718669988823
2013-10-23,0.0,-0.0028921139375365783,-0.0007991497093334295
2013-10-24,0.0,0.001369246655337466,0.00037835060798149036
2013-10-25,0.0,0.0004511911680306323,0.00012467326618971768
2013-10-28,0.0,0.0011734021252328532,0.00032423479418995166
2013-10-29,0.0,0.0013597542931156812,0.00037572767587222214
2013-10-30,0.0028265040862018934,0.0009512786038782597,0.0023083412712161092
2013-10-31,0.0,0.0006714535379552707,0.0001855362241174051
2013-11-01,0.0,0.00038947130044909357,0.00010761881560334254
2013-11-04,0.0,0.0012700058336278697,0.00035092835715177823
2013-11-05,0.0,-0.0008295823530287695,-0.00022923042127993574
2013-11-06,0.0,-0.0006051580186618803,-0.0001672174282062908
2013-11-07,0.0,-0.004283944238842804,-0.0011837406365075296
2013-11-08,0.0,0.005413504654741182,0.0014958610776574452
2013-11-11,0.0,0.0019161816441920212,0.0005294798327656617
2013-11-12,0.0,0.001134196205706057,0.0003134014038496402
2013-11-13,0.0,0.0026896249330340444,0.0007431978925702046
2013-11-14,0.0,-0.001802900743997907,-0.0004981780236328358
2013-11-15,0.0,0.0026459404620126532,0.0007311269876635794
2013-11-18,0.0,-0.001042146949791837,-0.0002879663284352653
2013-11-19,0.0,0.00012140753328114433,3.3547362596356236e-05
2013-11-20,0.0,0.0018192537368912538,0.0005026966870740766
2013-11-21,0.0,0.0015380101745952526,0.00042498338949487123
2013-11-22,0.0,0.0017484624321033176,0.00048313561449309783
2013-11-25,0.0,-0.0004742042611804221,-0.00013103225034411878
2013-11-26,0.0,0.0003771088523607368,0.00010420282058729729
2013-11-27,0.0,0.0024494023056476195,0.0006768195108752248
2013-11-29,0.0,0.00010457144345560614,2.889520967950035e-05
2013-12-02,0.0,0.0011699114965268334,0.000323270262717107
2013-12-03,0.0,-0.0015973174677519398,-0.000441371196860403
2013-12-04,0.0,-0.0005741350370877744,-0.00015864514950529322
2013-12-05,0.0,0.0013350566716319803,0.00036890322239071854
2013-12-06,0.0,0.0021026270178029272,0.0005809984690800492
2013-12-09,0.0,7.463948227047028e-06,2.062440202893617e-06
2013-12-10,0.0,-0.001744132471003945,-0.0004819391584651808
2013-12-11,0.0,-0.0022737780128743346,-0.000628290958559196
2013-12-12,0.0,0.0017111363495353425,0.0004728216612122114
2013-12-13,0.0,0.0002259469341150459,6.24337182499176e-05
2013-12-16,0.0,0.0006715179712697768,0.0001855540283483832
2013-12-17,0.0,-0.0012070684582829697,-0.000333537484489297
2013-12-18,-0.0006772897261042507,0.005044289408432496,0.0009036985755488638
2013-12-19,0.0,0.003019572629318896,0.0008343691296916118
2013-12-20,0.0,-0.0010420936910573331,-0.0002879516119672708
2013-12-23,0.0,0.0020921383530014544,0.0005781002383711539
2013-12-24,0.0,0.001678713482717646,0.00046386256584019826
2013-12-26,0.0,0.00034055315688455304,9.41017408770156e-05
2013-12-27,0.0,0.0017790906186398935,0.0004915988033220148
2013-12-30,0.0,0.0020960232650192663,0.0005791737183158841
2013-12-31,0.0,0.001988630982987594,0.0005494990537543054
2014-01-02,0.0,-0.0021600230086305772,-0.0005968581448665052
2014-01-03,0.0,-0.0029765636376350205,-0.0008224848734191328
2014-01-06,0.0,-0.0020913367694757787,-0.0005778787445934586
2014-01-07,0.0,0.00132320167525915,0.0003656274465706394
2014-01-08,0.0,0.002295425786021306,0.000634272677119307
2014-01-09,0.0,-0.0005346218338057744,-0.00014772685043422019
2014-01-10,0.0,-0.002626012932241522,-0.0007256206072206647
2014-01-13,0.0,-0.004382703288861705,-0.0012110297640527173
2014-01-14,0.0,0.0020820400504168684,0.0005753098726561341
2014-01-15,0.0,0.0032730128900450516,0.0009043998114237467
2014-01-16,0.0,-0.0008703215802519985,-0.0002404874956196981
2014-01-17,0.0,-0.00110929107900216,-0.00030651961246928937
2014-01-21,0.0,0.0019453313583527837,0.0005375344897058263
2014-01-22,0.0,0.0008941063769518353,0.000247059717108807
2014-01-23,0.0,-0.002799241873793681,-0.000773487275436185
2014-01-24,0.0,-0.002830859558400458,-0.0007822238826408181
2014-01-27,0.0,-0.0006205392832503237,-0.00017146758341819268
2014-01-28,0.0,0.0008242494837636213,0.00022775684139504838
2014-01-29,-0.009838776030718248,-0.0037256053048165022,-0.008149583034099584
2014-01-30,0.0,0.003576980530516541,0.0009883922324610962
2014-01-31,0.0,-0.004035021581043088,-0.0011149582600439704
2014-02-03,0.0,-0.005130425064936532,-0.0014176404484579944
2014-02-04,0.0,5.1990226304897234e-05,1.4365953464173424e-05
2014-02-05,0.0,-0.0003935734066852161,-0.00010875231071351251
2014-02-06,0.0,0.001922280667309884,0.0005311651164913815
2014-02-07,0.0,0.0015029789191030156,0.00041530354345531586
2014-02-10,0.0,0.0010068626442489154,0.00027821655953692257
2014-02-11,0.0,0.0014082100334752198,0.00038911697921925587
2014-02-12,0.0,0.0007786544670372185,0.00021515801397990378
2014-02-13,0.0,0.0006568539087791458,0.0001815020506150935
2014-02-14,0.0,-0.0015690712169659192,-0.0004335661851655199
2014-02-18,0.0,0.0004059732398373793,0.00011217863598055049
2014-02-19,0.0,0.00010666437609022647,2.947352939398433e-05
2014-02-20,0.0,0.0005961585603960435,0.00016473069545210766
2014-02-21,0.0,-0.0009343200482726221,-0.00025817156969875374
2014-02-24,0.0,0.0010109239728749973,0.0002793387869668023
2014-02-25,0.0,-0.001048848236191404,-0.00028981802971468846
2014-02-26,0.0,0.00011239524122226921,3.105708360499235e-05
2014-02-27,0.0,0.000573505196888262,0.00015847111189016535
2014-02-28,0.0,0.0007642899171023724,0.00021118879763743986
2014-03-03,0.0,-0.0029767770226750735,-0.000822543836031401
2014-03-04,0.0,0.004289975313090171,0.0011854071445828846
2014-03-05,0.0,0.0001178301279763922,3.25588529901629e-05
2014-03-06,0.0,0.0008068807874976216,0.00022295751852179497
2014-03-07,0.0,0.0023966300468085074,0.0006622374659686307
2014-03-10,0.0,0.0003531437472841143,9.758077623850485e-05
2014-03-11,0.0,-0.0014529853680296733,-0.0004014893118338474
2014-03-12,0.0,-0.002141578799292197,-0.0005917616359287535
2014-03-13,0.0,-0.003755328400469092,-0.0010376733643636027
2014-03-14,0.0,-0.0028750713859724756,-0.0007944405068528546
2014-03-17,0.0,0.0034914928819815175,0.0009647702621812693
2014-03-18,0.0,0.0012133270683781648,0.0003352668653319711
2014-03-19,-0.0006394931735053053,0.0012030335505996477,-0.00013036568827844548
2014-03-20,0.0,0.0010269486742628961,0.00028376673681002393
2014-03-21,0.0,-0.003224016463106887,-0.0008908611054143417
2014-03-24,0.0,-0.0012089253344144983,-0.0003340505770066835
2014-03-25,0.0,0.0010484503868039995,0.0002897080958638203
2014-03-26,0.0,-0.0021736400441329435,-0.0006006208078178023
2014-03-27,0.0,-0.0017065650890378573,-0.0004715585292690196
2014-03-28,0.0,0.0010056510432502367,0.00027788176961963913
2014-03-31,0.0,0.0024625538994121295,0.0006804535628390045
2014-04-01,0.0,0.002901188101992545,0.0008016570849223754
2014-04-02,0.0,0.0014283441865770333,0.00039468045387706767
2014-04-03,0.0,-0.00087259298369321,-0.00024111513043596997
2014-04-04,0.0,-0.004968799853842228,-0.00137298012619663
2014-04-07,0.0,-0.0035560423503787977,-0.0009826065888341718
2014-04-08,0.0,0.00013518453652655802,3.735422787789351e-05
2014-04-09,0.0,0.0026448239649908335,0.0007308184769030321
2014-04-10,0.0,-0.005001780463367417,-0.0013820933371851791
2014-04-11,0.0,-0.0030300033340664393,-0.000837251344862651
2014-04-14,0.0,0.0010871124223404915,0.0003003912000320964
2014-04-15,0.0,0.0015348909364936378,0.00042412148077478447
2014-04-16,0.0,0.0024407385770169117,0.000674425547025076
2014-04-17,0.0,0.002380499876252831,0.0006577803728563009
2014-04-21,0.0,0.0017075383167996707,0.00047182745182869953
2014-04-22,0.0,0.001012682297519179,0.00027982464771041755
2014-04-23,0.0,-0.0012150252428307568,-0.0003357361053582967
2014-04-24,0.0,0.00047829957349773726,0.00013216386815679724
2014-04-25,0.0,-0.0016427441172299677,-0.0004539235009917123
2014-04-28,0.0,0.0010829501115895413,0.00029924106919402486
2014-04-29,0.0,0.0015546867169459928,0.0004295914562101239
2014-04-30,-0.0053735871906556085,0.00030844502397352804,-0.0038035265046607197
2014-05-01,0.0,4.4894551524581444e-05,1.2405274680181985e-05
2014-05-02,0.0,-0.0018602321429791395,-0.0005140198513827328
2014-05-05,0.0,0.00037404904040365974,0.00010335733251562199
2014-05-06,0.0,-0.002182771338827564,-0.0006031439696498218
2014-05-07,0.0,0.0014602370100141808,0.000403493087518095
2014-05-08,0.0,0.00037129260799551603,0.00010259567436337036
2014-05-09,0.0,-0.0006335177918627471,-0.00017505380844570108
2014-05-12,0.0,0.000307519346451719,8.497382939920543e-05
2014-05-13,0.0,-0.0006300042366708787,-0.00017408294192005505
2014-05-14,0.0,-0.0038445278466192703,-0.0010623209795693632
2014-05-15,0.0,-0.0020087062015200683,-0.0005550462435958982
2014-05-16,0.0,0.001009468175962001,0.00027893652076809903
2014-05-19,0.0,0.0012197921499439376,0.0003370532984275167
2014-05-20,0.0,-0.0010348552076149605,-0.0002859514722549626
2014-05-21,0.0,0.0028276317736296553,0.0007813319802755969
2014-05-22,0.0,0.0005765650682070933,0.00015931661636469675
2014-05-23,0.0,0.00043694662619986514,0.0001207372105191926
2014-05-27,0.0,0.00304562547042552,0.0008415680578276874
2014-05-28,0.0,-0.002234502130001589,-0.0006174382359281149
2014-05-29,0.0,0.0006801149897350651,0.00018792955882749053
2014-05-30,0.0,0.0007910987642309598,0.0002185966255629965
2014-06-02,0.0,0.00019271112613734927,5.324999075560548e-05
2014-06-03,0.0,-0.0010759713974953617,-0.000297312709018618
2014-06-04,0.0,0.00020469701508771991,5.656193484828883e-05
2014-06-05,0.0,0.001306651407962887,0.000361054272212763
2014-06-06,0.0,0.001703802501281799,0.0004707951702693591
2014-06-09,0.0,-0.000519007742969543,-0.0001434123606102444
2014-06-10,0.0,-0.0013042102904499756,-0.0003603797419580686
2014-06-11,0.0,-0.0016621654751371598,-0.0004592900158875995
2014-06-12,0.0,-0.0011632732844553907,-0.00032143599015317556
2014-06-13,0.0,0.0005709208771610804,0.0001577570119606996
2014-06-16,0.0,0.0009368455382385961,0.00025886941377261194
2014-06-17,0.0,-0.0007434581015160618,-0.00020543254469227834
2014-06-18,0.0009478764449548718,0.003208058295129072,0.0015724105081411568
2014-06-19,0.0,-0.004078147015647473,-0.001126874691855895
2014-06-20,0.0,0.00123814279404189,0.0003421239533926012
2014-06-23,0.0,-0.0007838609849581993,-0.00021659668042702692
2014-06-24,0.0,-0.00010498319373286233,-2.900898462803074e-05
2014-06-25,0.0,0.0011711611948984387,0.0003236155797108329
2014-06-26,0.0,0.0005909004122058876,0.00016327776251497225
2014-06-27,0.0,0.0005446379761104953,0.00015049451359837543
2014-06-30,0.0,-0.0001987119530225263,-5.49081408716186e-05
2014-07-01,0.0,0.002107972928359015,0.0005824756525379938
2014-07-02,0.0,0.0003857425473382491,0.00010658848553023152
2014-07-03,0.0,8.898291661167318e-06,2.4587783704825095e-06
2014-07-07,0.0,-0.0006012384440469575,-0.00016613437028330515
2014-07-08,0.0,-0.000845946540755473,-0.00023375217808057266
2014-07-09,0.0,0.0020299484735044025,0.0005609159139645289
2014-07-10,0.0,-1.5168106622147229e-05,-4.191255344715864e-06
2014-07-11,0.0,0.0002608016563977211,7.206478458502285e-05
2014-07-14,0.0,-0.000867325208025362,-0.00023965953723158184
2014-07-15,0.0,-0.0015334308080229289,-0.0004237180176788767
2014-07-16,0.0,0.0017313626033508053,0.00047841058516425285
2014-07-17,0.0,-0.0008083036836653958,-0.0002233506935776356
2014-07-18,0.0,0.0008504295672890656,0.00023499092919087856
2014-07-21,0.0,0.0009159581613525652,0.0002530978081140094
2014-07-22,0.0,0.0012091838097012433,0.00033412199896817375
2014-07-23,0.0,0.00024044572328545664,6.644002761444064e-05
2014-07-24,0.0,-0.0018008514521338857,-0.0004976117627479459
2014-07-25,0.0,0.0009607323847491816,0.00026546983369316534
2014-07-28,0.0,-0.000647830288585468,-0.0001790086414304418
2014-07-29,0.0,-0.0003542412614720924,-9.788404165724525e-05
2014-07-30,0.005487202165342493,-0.0027944150506497094,0.0031988234451707223
2014-07-31,0.0,-0.006399609177394304,-0.0017683417473926969
2014-08-01,0.0,-0.0002914534571156054,-8.053449849093763e-05
2014-08-04,0.0,0.0014301038315562952,0.00039516667945603117
2014-08-05,0.0,-0.002682169756145662,-0.000741137876065995
2014-08-06,0.0,-0.0015045604013969361,-0.00041574053907263896
2014-08-07,0.0,-0.00044890840669366885,-0.0001240424929566044
2014-08-08,0.0,0.0006022719079494523,0.00016641993730975112
2014-08-11,0.0,0.0018233858166702473,0.00050383846448176
2014-08-12,0.0,-0.0012196681386839896,-0.00033701903160246005
2014-08-13,0.0,0.0026839617012925647,0.0007416330268360606
2014-08-14,0.0,0.0016418983524944285,0.0004536897990500985
2014-08-15,0.0,0.0015739777527735681,0.0004349219604735482
2014-08-18,0.0,0.0016187460376841274,0.00044729234512862274
2014-08-19,0.0,0.0005617312453490325,0.00015521773040053584
2014-08-20,0.0,-0.0018035647638498756,-0.0004983615057788207
2014-08-21,0.0,0.0015224353925538453,0.0004206797614877659
2014-08-22,0.0,0.00018565731495734502,5.130087973303118e-05
2014-08-25,0.0,0.0010060339090180509,0.0002779875631926693
2014-08-26,0.0,-0.00038891513613031485,-0.00010746513612760507
2014-08-27,0.0,0.0015168939445383276,0.000419148547065882
2014-08-28,0.0,5.881904129177439e-05,1.6252893477506014e-05
2014-08-29,0.0,0.0005016511045179618,0.00013861636955554856
2014-09-02,0.0,-0.0002781664133976867,-7.686301895921498e-05
2014-09-03,0.0,0.0001888844337312345,5.2192598069804216e-05
2014-09-04,0.0,-0.001741340779817779,-0.0004811677575978022
2014-09-05,0.0,0.0025156831359246486,0.0006951342479133455
2014-09-08,0.0,-0.0018666870900385603,-0.0005158034841087286
2014-09-09,0.0,-0.0026747550882523737,-0.0007390890530183206
2014-09-10,0.0,-0.0006755963647570746,-0.0001866809711453525
2014-09-11,0.0,0.0009887436999908713,0.0002732099279345805
2014-09-12,0.0,-0.0022447539754019024,-0.0006202710286357114
2014-09-15,0.0,-0.0020043621504845064,-0.0005538458942329834
2014-09-16,0.0,0.0016705938877521044,0.00046161895715231065
2014-09-17,-0.0004653936333648342,0.0002533609052326593,-0.000266787183892957
2014-09-18,0.0,0.0030474533700721035,0.0008420731435548778
2014-09-19,0.0,0.0037001104548141373,0.0010224155266112863
2014-09-22,0.0,-0.00198870365167454,-0.0005495191335856346
2014-09-23,0.0,-0.001607925816495468,-0.00044430249866869877
2014-09-24,0.0,0.0016284554198338185,0.00044997524424335886
2014-09-25,0.0,-0.001719138268453582,-0.0004750327536227225
2014-09-26,0.0,0.0003223059018967176,8.905965441894113e-05
2014-09-29,0.0,-0.00022820475405792352,-6.305759967023769e-05
2014-09-30,0.0,7.119266393297849e-05,1.9671976249031415e-05
2014-10-01,0.0,-0.001157914350539682,-0.0003199552080769606
2014-10-02,0.0,-0.002502111552564151,-0.000691384144310244
2014-10-03,0.0,0.0020375893689107624,0.0005630272482601067
2014-10-06,0.0,0.0023340431366613477,0.0006449434339448499
2014-10-07,0.0,-0.004570678228228407,-0.0012629710503925017
2014-10-08,0.0,0.0027106071829169497,0.0007489957135610912
2014-10-09,0.0,-0.00654971184389526,-0.0018098181570000533
2014-10-10,0.0,-0.0025203273512906764,-0.000696417538765643
2014-10-13,0.0,-0.0004656473815232709,-0.00012866781103138613
2014-10-14,0.0,-0.0009703526062051566,-0.0002681280959007788
2014-10-15,0.0,-0.0005742519754057829,-0.00015867746193311063
2014-10-16,0.0,-0.006421554445233857,-0.001774405669767125
2014-10-17,0.0,0.0051565979691921135,0.0014248725524760248
2014-10-20,0.0,0.003801990171451386,0.0010505669576046925
2014-10-21,0.0,0.0026191644096000646,0.0007237282215828616
2014-10-22,0.0,0.00018644598059097673,5.1518804035285634e-05
2014-10-23,0.0,0.001913415940097167,0.000528715612658418
2014-10-24,0.0,0.003227760611987696,0.000891895689650794
2014-10-27,0.0,-0.0004024927990948584,-0.00011121691964854909
2014-10-28,0.0,0.002582966690676619,0.0007137260580509352
2014-10-29,-0.003995008133998217,-0.0007971193648324087,-0.0031113666400755125
2014-10-30,0.0,0.00584137637938852,0.00161409070891297
2014-10-31,0.0,0.0049842801335765585,0.001377257641300557
2014-11-03,0.0,0.005739477104181459,0.001585933873490237
2014-11-04,0.0,0.0012577061078071874,0.0003475296935697855
2014-11-05,0.0,0.0016105781885065314,0.0004450354028237442
2014-11-06,0.0,0.0023964995880140136,0.0006622014175590758
2014-11-07,0.0,0.0029509860135403226,0.0008154172573769625
2014-11-10,0.0,-0.0016696795066284138,-0.0004613662951116721
2014-11-11,0.0,0.0003686239470301796,0.00010185826924005263
2014-11-12,0.0,-0.0014234514999162853,-0.00039332850536907534
2014-11-13,0.0,0.002913378424944695,0.0008050255182739983
2014-11-14,0.0,-0.0015019967884039446,-0.00041503216083359294
2014-11-17,0.0,-0.0003156403159581766,-8.721781790061251e-05
2014-11-18,0.0,0.0029561181556578965,0.000816835372281872
2014-11-19,0.0,-0.0013194685327420563,-0.0003645959036156005
2014-11-20,0.0,0.0016705220608991354,0.00046159910993677484
2014-11-21,0.0,0.002343492731587806,0.0006475545485834489
2014-11-24,0.0,0.0023699039307681965,0.000654852498319874
2014-11-25,0.0,0.0006495587320788926,0.0001794862454063578
2014-11-26,0.0,0.0015384193731529958,0.0004250964593515722
2014-11-28,0.0,0.0056446621800524755,0.001559734587883015
2014-12-01,0.0,-0.0026919260182428407,-0.0007438337290605634
2014-12-02,0.0,-0.002757873506590883,-0.0007620563569662599
2014-12-03,0.0,0.0029982406100067705,0.0008284746603169713
2014-12-04,0.0,0.00308668345972578,0.0008529132125912185
2014-12-05,0.0,-0.0007819561084832492,-0.00021607032444169908
2014-12-08,0.0,0.0056905322847487115,0.0015724094276807561
2014-12-09,0.0,-0.0024212940835340907,-0.0006690526393006425
2014-12-10,0.0,-0.001648803765104113,-0.0004555979045393854
2014-12-11,0.0,-0.0018711099814185106,-0.0005170256186570345
2014-12-12,0.0,0.0063230993250564275,0.0017472005241983449
2014-12-15,0.0,0.002206963818878908,0.0006098288423134327
2014-12-16,0.0,0.001127080095191295,0.00031143507825795187
2014-12-17,0.0011637906389121502,-0.003888768526758832,-0.0002323338830958467
2014-12-18,0.0,0.0050594792830945855,0.0013980366907354626
2014-12-19,0.0,0.0008790019961124173,0.00024288607048969635
2014-12-22,0.0,0.0036255894610778138,0.0010018238653663122
2014-12-23,0.0,-0.0012927264232508188,-0.00035720651665213654
2014-12-24,0.0,0.001814217052273094,0.0005013049490113519
2014-12-26,0.0,-0.0011890763255792889,-0.0003285658934901256
2014-12-29,0.0,0.0038143370541949937,0.0010539786516004458
2014-12-30,0.0,-0.0013708878901842348,-0.00037880411444045803
2014-12-31,0.0,-0.0008166612066103779,-0.00022566004658947398
2015-01-02,0.0,0.0023115284021382704,0.0006387221563816423
2015-01-05,0.0,0.006911580626241048,0.0019098098372983755
2015-01-06,0.0,-0.0002985391535300703,-8.24924200501649e-05
2015-01-07,0.0,0.001406522802435857,0.0003886507630798483
2015-01-08,0.0,0.0009861806296962276,0.00027250169965408946
2015-01-09,0.0,0.0008396830346289116,0.00023202144436518067
2015-01-12,0.0,-0.004914801728267721,-0.0013580593494605055
2015-01-13,0.0,-6.117299151561335e-05,-1.690333764319078e-05
2015-01-14,0.0,0.0013943340934491778,0.0003852827756996031
2015-01-15,0.0,-0.0014736452639048795,-0.00040719805987770663
2015-01-16,0.0,-0.004286315491605043,-0.001184395861715328
2015-01-20,0.0,0.0012908320409027263,0.0003566830604067944
2015-01-21,0.0,-0.0019266859657196677,-0.000532382389745389
2015-01-22,0.0,-0.0013337461635384764,-0.0003685411024381088
2015-01-23,0.0,0.009467602538354802,0.0026160905068128865
2015-01-26,0.0,0.0032882850410285666,0.0009086198163346763
2015-01-27,0.0,-0.005014919992570922,-0.0013857240554661825
2015-01-28,0.01604224327811777,0.000505934278201783,0.011749246152294755
2015-01-29,0.0,0.004215675846059843,0.001164876695657525
2015-01-30,0.0,0.003945832819485566,0.0010903135972077569
2015-02-02,0.0,6.702209064336266e-05,1.8519562304029948e-05
2015-02-03,0.0,-0.0018429456697843345,-0.0005092432484108612
2015-02-04,0.0,-0.001258710624039096,-0.00034780726176802674
2015-02-05,0.0,0.00021493675050725865,5.939138132270599e-05
2015-02-06,0.0,-0.007123388028671498,-0.001968336516309901
2015-02-09,0.0,0.003197731104128283,0.0008835979278766791
2015-02-10,0.0,-0.0008119500172588792,-0.00022435824946730673
2015-02-11,0.0,0.0003790809573983654,0.00010474775318733804
2015-02-12,0.0,0.0029773801411597366,0.0008227104898950184
2015-02-13,0.0,-0.004624738931203001,-0.0012779091185328275
2015-02-17,0.0,-0.0006270689538565456,-0.00017327186377495135
2015-02-18,0.0,0.00043084819961507177,0.00011905209162765266
2015-02-19,0.0,-0.0021347222654017777,-0.0005898670366204598
2015-02-20,0.0,0.001644052014654499,0.00045428489956356194
2015-02-23,0.0,0.0007589894056603564,0.00020972415887503563
2015-02-24,0.0,0.0030421217569024483,0.0008405999107546384
2015-02-25,0.0,-0.0008511175780701912,-0.00023518104051692925
2015-02-26,0.0,-0.0029473855701681977,-0.0008144223818857308
2015-02-27,0.0,0.004599853297040883,0.0012710327133369195
2015-03-02,0.0,0.00023024954002043397,6.362261548319739e-05
2015-03-03,0.0,4.208802473814558e-05,1.162977443570438e-05
2015-03-04,0.0,-0.00170084105216021,-0.0004699768618431221
2015-03-05,0.0,0.0017331131257303232,0.00047889428998397547
2015-03-06,0.0,-0.0009981241656580875,-0.00027580194075747544
2015-03-09,0.0,0.006505861478800432,0.0017977014121979642
2015-03-10,0.0,0.0006943287084423333,0.00019185709744415225
2015-03-11,0.0,0.0029461096139314995,0.0008140698093115853
2015-03-12,0.0,0.00443609165097461,0.0012257820507833904
2015-03-13,0.0,-0.0032516221307586223,-0.0008984891110034404
2015-03-16,0.0,0.006536057312821493,0.0018060451332622752
2015-03-17,0.0,0.0001463157144918887,4.042999799886931e-05
2015-03-18,-0.002358013031605981,0.002881628761606743,-0.000910193787104214
2015-03-19,0.0,-0.009023821413423665,-0.002493464785746565
2015-03-20,0.0,0.005106169033624218,0.0014109380152926782
2015-03-23,0.0,-0.006776874503421862,-0.001872587804826142
2015-03-24,0.0,-0.0018558829028016022,-0.0005128180681546969
2015-03-25,0.0,-0.002533958727217815,-0.0007001841642670111
2015-03-26,0.0,-0.00350100046696614,-0.0009673974006485027
2015-03-27,0.0,0.0027882016548931494,0.0007704366391487183
2015-03-30,0.0,0.0044195486116854164,0.001221210873670392
2015-03-31,0.0,0.0031658907068075025,0.0008747997806343765
2015-04-01,0.0,0.0007555922092065643,0.00020878544462752264
2015-04-02,0.0,-0.0006166339920517859,-0.0001703884722927049
2015-04-06,0.0,-0.00380668617397072,-0.001051864558297268
2015-04-07,0.0,0.0028072606285756804,0.0007757030199371465
2015-04-08,0.0,0.003988786711017015,0.0011021826281911403
2015-04-09,0.0,-5.815375144929033e-05,-1.6069060407396585e-05
2015-04-10,0.0,0.001846986733622582,0.0005103598762690582
2015-04-13,0.0,0.0020620940176456957,0.0005697983794592184
2015-04-14,0.0,0.002092745071196746,0.0005782678869077905
2015-04-15,0.0,-0.002282383873141524,-0.000630668932207408
2015-04-16,0.0,-0.0014955517729032277,-0.0004132512723985977
2015-04-17,0.0,-0.003845893703386691,-0.0010626983934825939
2015-04-20,0.0,0.0003194558356929107,8.827212335082098e-05
2015-04-21,0.0,0.001213280145023567,0.0003352538994578742
2015-04-22,0.0,0.0007420566098132166,0.00020504528412400487
2015-04-23,0.0,-0.0001811613050365108,-5.005854104963364e-05
2015-04-24,0.0,0.0013202546839721269,0.00036481313313717947
2015-04-27,0.0,-0.0059444906738408505,-0.0016425832787838137
2015-04-28,0.0,-0.0031125042952658134,-0.0008600480328860718
2015-04-29,-0.005810369480818804,-0.004983004817605899,-0.005581751852191583
2015-04-30,0.0,-0.0016602512786280073,-0.00045876108458788755
2015-05-01,0.0,0.0022165570121806125,0.0006124796360941115
2015-05-04,0.0,0.0017687079045010836,0.0004887298489290252
2015-05-05,0.0,-0.003838220298713132,-0.0010605780762174674
2015-05-06,0.0,-0.004746049820092495,-0.0013114297763246138
2015-05-07,0.0,0.00030027400246879113,8.297179398046623e-05
2015-05-08,0.0,0.004398700293287869,0.001215450060663944
2015-05-11,0.0,-0.0040699568663921035,-0.0011246115875874648
2015-05-12,0.0,-0.001530294169443389,-0.000422851300854
2015-05-13,0.0,-0.004613609309730948,-0.0012748337785024972
2015-05-14,0.0,-0.0006090238235366042,-0.00016828562846004941
2015-05-15,0.0,0.002197163749389841,0.0006071208844484302
2015-05-18,0.0,-0.0021953812842741764,-0.0006066283532031732
2015-05-19,0.0,0.0028044462262472713,0.0007749253435207702
2015-05-20,0.0,0.004289542590341313,0.0011852875745153005
2015-05-21,0.0,0.003703989980806627,0.0010234875182880355
2015-05-22,0.0,-0.0020285445668005763,-0.0005605279860825279
2015-05-26,0.0,-2.392466687692474e-06,-6.610870454460344e-07
2015-05-27,0.0,0.005764699795448608,0.0015929034143970235
2015-05-28,0.0,-0.00015240270641346326,-4.2111957261160554e-05
2015-05-29,0.0,-0.0011589207248245972,-0.00032023328969291365
2015-06-01,0.0,0.00012788812802103523,3.53380822963909e-05
2015-06-02,0.0,-0.0012529959910979485,-0.00034622819284041905
2015-06-03,0.0,-0.005920037617336273,-0.0016358264035638173
2015-06-04,0.0,0.002379140308317325,0.000657404696674814
2015-06-05,0.0,0.0004866830497548999,0.00013448039259491182
2015-06-08,0.0,0.0022328170543111855,0.0006169726153553176
2015-06-09,0.0,-0.003801149213285587,-0.001050334583815736
2015-06-10,0.0,-0.0026436947394253584,-0.0007305064489878423
2015-06-11,0.0,0.0006612147395772035,0.00018270703656654206
2015-06-12,0.0,0.0003577391532054875,9.885058005178842e-05
2015-06-15,0.0,-2.697831235489913e-05,-7.454654602953875e-06
2015-06-16,0.0,0.0012786876925051569,0.0003533273307565898
2015-06-17,0.0017403922292720322,-0.0007249832023772932,0.0010591590198783171
2015-06-18,0.0,-0.0025862218024571217,-0.0007146255114229043
2015-06-19,0.0,0.0003929832156502713,0.00010858922896631515
2015-06-22,0.0,-0.0030227370798249255,-0.0008352435315155757
2015-06-23,0.0,0.0011613382231483872,0.00032090129348685007
2015-06-24,0.0,0.003151751219325778,0.000870892753610134
2015-06-25,0.0,-0.00028968978203970387,-8.00471593145752e-05
2015-06-26,0.0,-0.0018605137910125474,-0.0005140976764438796
2015-06-29,0.0,0.005713926830624007,0.001578873814955953
2015-06-30,0.0,-0.003217779543668237,-0.00088913771813978
2015-07-01,0.0,0.00015018917024906312,4.150031234654625e-05
2015-07-02,0.0,0.0027544950199186783,0.0007611228126106807
2015-07-06,0.0,0.006141494509485752,0.001697019432197359
2015-07-07,0.0,0.003660131506103191,0.0010113685326366914
2015-07-08,0.0,0.003024685433099998,0.000835781901022131
2015-07-09,0.0,-0.0054004501172918535,-0.0014922538443210578
2015-07-10,0.0,-0.0033550539836446048,-0.0009270694287069871
2015-07-13,0.0,0.0007094358820397393,0.00019603151575890926
2015-07-14,0.0,0.0033977997015868008,0.0009388809371076041
2015-07-15,0.0,0.0009444592523548413,0.00026097323732671705
2015-07-16,0.0,0.0026263431330107393,0.0007257118483869675
2015-07-17,0.0,0.0025536208888995,0.0007056172181273198
2015-07-20,0.0,0.0027662959264046056,0.0007643836422985084
2015-07-21,0.0,0.0006679558793647209,0.0001845697501449563
2015-07-22,0.0,-0.00025868694250421025,-7.148044626716183e-05
2015-07-23,0.0,0.0022540213604411406,0.0006228317949887466
2015-07-24,0.0,2.580526420615968e-05,7.1305176196447964e-06
2015-07-27,0.0,0.0025986854869419103,0.000718069480107529
2015-07-28,0.0,-0.002482599370409563,-0.0006859925328336291
2015-07-29,0.0019120836833308522,-0.0014669786232599125,0.0009783802683016145
2015-07-30,0.0,0.00345894887918553,0.0009557776944828085
2015-07-31,0.0,0.00023497073853236646,6.492717833929632e-05
2015-08-03,0.0,0.002032780773638212,0.0005616985359073583
2015-08-04,0.0,-0.00131179424658074,-0.00036247534277753706
2015-08-05,0.0,-0.0006526324515719268,-0.00018033557641214902
2015-08-06,0.0,-1.3693834419463056e-05,-3.783884048944253e-06
2015-08-07,0.0,0.001272977900212284,0.00035174959939822907
2015-08-10,0.0,-0.0037912985073324276,-0.001047612634069212
2015-08-11,0.0,0.0009381526183386956,0.0002592305865011524
2015-08-12,0.0,0.001132586636572646,0.0003129566472691947
2015-08-13,0.0,-0.002196562096589485,-0.0006069546355830991
2015-08-14,0.0,0.0006833549536045613,0.00018882482652457307
2015-08-17,0.0,0.0019417495923808809,0.0005365447751589006
2015-08-18,0.0,0.0013212750316003096,0.0003650950758711424
2015-08-19,0.0,-2.3884350252877614e-06,-6.599730153945072e-07
2015-08-20,0.0,-0.002668837160214005,-0.0007374538095341906
2015-08-21,0.0,-0.0021707091345515074,-0.0005998109380856014
2015-08-24,0.0,-0.0007808757830127382,-0.00021577180861404128
2015-08-25,0.0,-0.00585943510349872,-0.0016190807004676912
2015-08-26,0.0,0.0037044147203672433,0.0010236048824388746
2015-08-27,0.0,0.0033962822722796767,0.000938461640629003
2015-08-28,0.0,0.0013078208018611193,0.0003613773994525787
2015-08-31,0.0,-0.0010841433466088344,-0.0002995707842188924
2015-09-01,0.0,0.001480838279917784,0.00040918563601754555
2015-09-02,0.0,0.00043382205247774523,0.00011987382745899758
2015-09-03,0.0,0.0011472319586900781,0.0003170034466574682
2015-09-04,0.0,0.003094993087899616,0.0008552093313068754
2015-09-08,0.0,-0.0024337127441615564,-0.0006724841669807736
2015-09-09,0.0,-0.0010126582651701155,-0.000279818007085192
2015-09-10,0.0,0.00025093283839169,6.933783011112619e-05
2015-09-11,0.0,-0.0005917665757580667,-0.00016351710106314468
2015-09-14,0.0,0.00010300575819304414,2.8462579102176067e-05
2015-09-15,0.0,-0.0018770243849241097,-0.0005186598882413116
2015-09-16,0.0,-0.0019309098603657474,-0.0005335495374621021
2015-09-17,-0.0014075273420217568,-0.0012649565494425223,-0.0013681321418637094
2015-09-18,0.0,0.00014667215209554005,4.052848893439453e-05
2015-09-21,0.0,0.00011776095146314717,3.253973811721998e-05
2015-09-22,0.0,0.0048293369406009435,0.0013344436961020062
2015-09-23,0.0,0.0022393062562366195,0.0006187657133952011
2015-09-24,0.0,-0.00017284821453839388,-4.776146562359032e-05
2015-09-25,0.0,-0.001096061540125417,-0.00030286402269091096
2015-09-28,0.0,0.002450254481757602,0.0006770549844095674
2015-09-29,0.0,0.0005881540884351218,0.00016251889758414856
2015-09-30,0.0,0.00020185204347046774,5.577581151771027e-05
2015-10-01,0.0,0.0006923070796753646,0.00019129848043375908
2015-10-02,0.0,-0.00414965740846134,-0.0011466344630356564
2015-10-05,0.0,-0.004765789544448812,-0.0013168842623242593
2015-10-06,0.0,-7.038499141320675e-05,-1.9448799958832433e-05
2015-10-07,0.0,-0.004564279737533486,-0.00126120301770449
2015-10-08,0.0,-0.002027761507280961,-0.0005603116108632224
2015-10-09,0.0,-0.002217868764388016,-0.0006128420998206122
2015-10-12,0.0,0.0004445582123066404,0.00012284044606114257
2015-10-13,0.0,0.0007741084547650337,0.00021390185863318976
2015-10-14,0.0,0.0007948839069170673,0.0002196425372188716
2015-10-15,0.0,-0.005935950148111362,-0.001640223358392818
2015-10-16,0.0,0.0012469324173081397,0.00034455270448266267
2015-10-19,0.0,0.0023158976022376048,0.0006399294549406945
2015-10-20,0.0,-0.001044878838291721,-0.00028872120460811526
2015-10-21,0.0,0.0026109672142183367,0.0007214631703268807
2015-10-22,0.0,-0.0006047281322893385,-0.00016709864188698147
2015-10-23,0.0,0.0015873943201872916,0.0004386292300281018
2015-10-26,0.0,0.0024639216606845023,0.0006808315030055615
2015-10-27,0.0,0.00029840652613516563,8.245577241235502e-05
2015-10-28,0.0017875334978116955,-7.036002792104995e-05,0.0012741598537821522
2015-10-29,0.0,0.00254282975801581,0.0007026354099083721
2015-10-30,0.0,0.0005384782863195788,0.0001487924664410674
2015-11-02,0.0,-0.0020188951700113853,-0.00055786166213891
2015-11-03,0.0,0.00031871013375226555,8.806607078789065e-05
2015-11-04,0.0,0.0015711945914327764,0.00043415291657536204
2015-11-05,0.0,0.0015892113586549888,0.00043913131459139004
2015-11-06,0.0,0.0015427483159285672,0.00042629263399597973
2015-11-09,0.0,0.004545273808182167,0.0012559512941400803
2015-11-10,0.0,0.00018107369597234943,5.003433288921131e-05
2015-11-11,0.0,-0.0002661646549291027,-7.354668979694538e-05
2015-11-12,0.0,-0.001143867547020113,-0.00031607379151033356
2015-11-13,0.0,-0.000790761751807146,-0.000218503502198444
2015-11-16,0.0,0.0011635322213133965,0.00032150753965616205
2015-11-17,0.0,0.0018224667728358966,0.0005035845140396444
2015-11-18,0.0,0.0011318835767639057,0.000312762377591743
2015-11-19,0.0,-0.001089706678022145,-0.00030110804546720256
2015-11-20,0.0,-0.0014891342077503946,-0.00041147796905119117
2015-11-23,0.0,0.00218237708890244,0.0006030350304033495
2015-11-24,0.0,0.00023696893223270192,6.547931976570746e-05
2015-11-25,0.0,-9.661970445856394e-05,-2.669798299845394e-05
2015-11-27,0.0,0.002462791821409892,0.0006805193055100965
2015-11-30,0.0,0.000643139658438136,0.00017771252523315814
2015-12-01,0.0,0.0009480661086868637,0.0002619698848487709
2015-12-02,0.0,-0.0005868108212809485,-0.00016214772563899032
2015-12-03,0.0,-0.0033131390695893483,-0.0009154874882622324
2015-12-04,0.0,-0.0037996984713132825,-0.0010499337143996185
2015-12-07,0.0,0.003368873450618875,0.0009308880275776243
2015-12-08,0.0,0.0027174490898778593,0.000750886271152247
2015-12-09,0.0,-0.00038186599039246666,-0.00010551731426127546
2015-12-10,0.0,-0.0025006165099799604,-0.0006909710337370088
2015-12-11,0.0,0.002062805666218656,0.0005699950223863339
2015-12-14,0.0,-0.00046986869144180113,-0.00012983424453548009
2015-12-15,0.0,-0.0011482157383042124,-0.0003172752849078496
2015-12-16,0.007603745371910449,-0.00024514294719544085,0.005434938418147517
2015-12-17,0.0,0.004445557884916587,0.0012283977631192802
2015-12-18,0.0,-0.0009330698580475332,-0.00025782611679593957
2015-12-21,0.0,-0.0018965027901905697,-0.000524042166479018
2015-12-22,0.0,-0.000941821073099457,-0.0002602442549177786
2015-12-23,0.0,-0.0011673518224142086,-0.0003225629728705546
2015-12-24,0.0,-0.00011850150624517395,-3.2744368415881824e-05
2015-12-28,0.0,0.0016914410248854898,0.00046737944375152454
2015-12-29,0.0,-0.00012061536446509452,-3.3328470293783805e-05
2015-12-30,0.0,0.0012848641102300754,0.0003550340001811681
2015-12-31,0.0,4.2996298078102e-05,1.1880748771881375e-05
2016-01-04,0.0,-0.000676545108042327,-0.00018694312814781394
2016-01-05,0.0,0.00024325987055313103,6.721763355236541e-05
2016-01-06,0.0,0.00014023469774992984,3.874968979983361e-05
2016-01-07,0.0,-0.0013570809194779125,-0.00037498896854197696
2016-01-08,0.0,-9.641365279692608e-06,-2.6641046747302706e-06
2016-01-11,0.0,0.001895724692961416,0.0005238271624411616
2016-01-12,0.0,0.0013424442614682576,0.00037094456322231943
2016-01-13,0.0,-0.001959879924103279,-0.0005415545533484883
2016-01-14,0.0,0.0028335731933934022,0.0007829737149996689
2016-01-15,0.0,-0.000137193325219647,-3.7909296915582154e-05
2016-01-19,0.0,-0.0006490976760138889,-0.00017935884626915508
2016-01-20,0.0,0.0002591742810664855,7.161510779115454e-05
2016-01-21,0.0,-0.0006364874214336876,-0.0001758743772959264
2016-01-22,0.0,-0.00013048623012161604,-3.6055990575020555e-05
2016-01-25,0.0,-0.0003258113547941717,-9.002828211639229e-05
2016-01-26,0.0,-0.001409776955888966,-0.00038954995164653164
2016-01-27,-0.00480642082592108,-0.00274521947871997,-0.004236869109401749
2016-01-28,0.0,0.001915212687350536,0.0005292120903478477
2016-01-29,0.0,-0.0012014365607576332,-0.0003319812770342747
2016-02-01,0.0,0.0035903047672397174,0.0009920739891741413
2016-02-02,0.0,-0.00036208813112990267,-0.00010005229081397029
2016-02-03,0.0,-0.0033897494909126483,-0.0009366565007059727
2016-02-04,0.0,-0.006969130452140814,-0.0019257120208337729
2016-02-05,0.0,-0.003014554778654725,-0.0008329825958321725
2016-02-08,0.0,0.0017400994522809342,0.0004808247536354127
2016-02-09,0.0,0.0003037253448955732,8.392546985795339e-05
2016-02-10,0.0,-0.0017531217562640157,-0.0004844230802116454
2016-02-11,0.0,-0.00400382950700446,-0.0011063392576672144
2016-02-12,0.0,-0.0025759838648869316,-0.000711796561730708
2016-02-16,0.0,0.002682060149715016,0.0007411075895872865
2016-02-17,0.0,-0.0005198701817939721,-0.00014365066994063248
2016-02-18,0.0,-0.001987347654775361,-0.0005491444441538762
2016-02-19,0.0,-5.7416161811997666e-05,-1.586524943833364e-05
2016-02-22,0.0,-0.0002604989911874907,-7.198115205186375e-05
2016-02-23,0.0,0.0013779376578183476,0.0003807521081493325
2016-02-24,0.0,0.0006581753216629817,0.00018186718378233185
2016-02-25,0.0,0.0003793015068507669,0.00010480869547197377
2016-02-26,0.0,0.0021859395272607785,0.0006040194043388415
2016-02-29,0.0,0.0016669760002746236,0.0004606192615011454
2016-03-01,0.0,-0.006657682506093829,-0.0018396526397265601
2016-03-02,0.0,-0.0027283231807597543,-0.0007538910029004484
2016-03-03,0.0,-0.0017058329639859967,-0.00047135622827568853
2016-03-04,0.0,-0.004852268044129475,-0.0013407800248619753
2016-03-07,0.0,-0.0012334756854520017,-0.00034083433667846385
2016-03-08,0.0,0.003219613613760736,0.0008896445088862628
2016-03-09,0.0,-0.0006272755510432411,-0.0001733289507657348
2016-03-10,0.0,-0.0012902099658540177,-0.00035651116846024733
2016-03-11,0.0,-0.006525587309098126,-0.0018031520589875541
2016-03-14,0.0,-0.0021085565642213313,-0.0005826369229581087
2016-03-15,0.0,0.002665161316835841,0.0007364380994927954
2016-03-16,-0.0020368217017860887,0.001461257786497805,-0.0010702314267610233
2016-03-17,0.0,-0.003897310897694923,-0.0010769060065896916
2016-03-18,0.0,-0.0017220233469038362,-0.00047582995928429776
2016-03-21,0.0,-0.0008153937404352346,-0.00022530981999144498
2016-03-22,0.0,0.00033482317534188076,9.25184308196626e-05
2016-03-23,0.0,0.003830069033995086,0.0010583257165349596
2016-03-24,0.0,0.002039378267162236,0.0005635215571111992
2016-03-28,0.0,-0.0003723552439003613,-0.00010288930220543514
2016-03-29,0.0,-0.001576649320896748,-0.00043566016890351144
2016-03-30,0.0,-0.003980469116238121,-0.0010998843081410086
2016-03-31,0.0,0.0012124820079129398,0.00033503335799452193
2016-04-01,0.0,0.0023750477551856405,0.000656273841281059
2016-04-04,0.0,0.0021222584275174725,0.000586423025548439
2016-04-05,0.0,0.0014888437539786338,0.0004113977107860292
2016-04-06,0.0,0.0002184091712212568,6.0350881558246035e-05
2016-04-07,0.0,0.003497126688363344,0.0009663269970920358
2016-04-08,0.0,-0.0018154200368371194,-0.0005016373580330699
2016-04-11,0.0,-0.0012105984444455238,-0.00033451289122522906
2016-04-12,0.0,-0.0020685474909095517,-0.0005715816049456232
2016-04-13,0.0,-0.000931949317387753,-0.00025751648869625193
2016-04-14,0.0,-0.0021666449218010315,-0.0005986879137136852
2016-04-15,0.0,0.0017853819226385957,0.0004933372181529926
2016-04-18,0.0,0.00031883790891618996,8.810137765591716e-05
2016-04-19,0.0,-0.003236940986113258,-0.0008944324131245117
2016-04-20,0.0,-0.0017192091766116717,-0.00047505234698423963
2016-04-21,0.0,-0.0006585683797442421,-0.0001819757936981839
2016-04-22,0.0,-0.001415904009901951,-0.0003912429808768108
2016-04-25,0.0,-0.003265753708079055,-0.0009023939522897648
2016-04-26,0.0,-0.0010340290107339492,-0.00028572317730823075
2016-04-27,-0.00935654147408415,0.0005833301829645695,-0.00660995343602501
2016-04-28,0.0,-0.00023482938909495207,-6.48881206243294e-05
2016-04-29,0.0,0.003562591454694708,0.0009844162391188737
2016-05-02,0.0,3.5559789129677025e-05,9.825890597914948e-06
2016-05-03,0.0,0.002563880441525026,0.0007084521404974819
2016-05-04,0.0,0.0030405979790263105,0.0008401788600377218
2016-05-05,0.0,0.0011822460447589425,0.0003266785484372904
2016-05-06,0.0,-0.0008864368826050064,-0.0002449404803462252
2016-05-09,0.0,-0.00020249165578238568,-5.595254936559419e-05
2016-05-10,0.0,-0.0008999393538406635,-0.00024867148686820526
2016-05-11,0.0,0.0005013818279078554,0.00013854196296945117
2016-05-12,0.0,-0.0003002382813204144,-8.296192350303731e-05
2016-05-13,0.0,0.0017118240623338616,0.00047301169019962723
2016-05-16,0.0,-0.0008283200797245827,-0.00022888162957742096
2016-05-17,0.0,-0.0003100726512979362,-8.567935928833287e-05
2016-05-18,0.0,-0.0038190720396059207,-0.0010552870240562225
2016-05-19,0.0,-0.0015801319051274413,-0.0004366224775247473
2016-05-20,0.0,-0.0007619272013312644,-0.00021053593137335114
2016-05-23,0.0,0.0008055066177956901,0.00022257780757624048
2016-05-24,0.0,-0.002445000401848384,-0.0006756031756209266
2016-05-25,0.0,-0.002882602902052155,-0.0007965216174231533
2016-05-26,0.0,-0.00022019710943895748,-6.084492513254542e-05
2016-05-27,0.0,-0.0006818388196770392,-0.0001884058879856157
2016-05-31,0.0,6.335914895943348e-05,1.7507417262292535e-05
2016-06-01,0.0,0.0010698484062151075,0.0002956208024037513
2016-06-02,0.0,0.002240211476884002,0.0006190158442105363
2016-06-03,0.0,0.002036362883473432,0.0005626883454706893
2016-06-06,0.0,0.0010438376340267594,0.0002884334987626085
2016-06-07,0.0,-0.001461716003321372,-0.0004039017633507472
2016-06-08,0.0,-0.0014831965758700285,-0.0004098372809960846
2016-06-09,0.0,0.0015692275599204699,0.00043360938589321734
2016-06-10,0.0,0.0024278179483181598,0.0006708553153910458
2016-06-13,0.0,0.0034441882694450036,0.000951699038787185
2016-06-14,0.0,0.0012137554834907884,0.0003353852451123399
2016-06-15,0.0016419655589758955,0.0002373563265590682,0.001253843554083838
2016-06-16,0.0,0.0005067337825258178,0.0001400208165242158
2016-06-17,0.0,-0.0016594965652927853,-0.0004585525419939584
2016-06-20,0.0,-0.004558830661924004,-0.00125969732765095
2016-06-21,0.0,-0.0018019494927822993,-0.0004979151736383769
2016-06-22,0.0,-0.0010746211982318782,-0.0002969396215911309
2016-06-23,0.0,-0.0035478129876193973,-0.0009803326490796487
2016-06-24,0.0,0.008991631972053845,0.0024845701905577573
2016-06-27,0.0,0.011653807032713922,0.0032201831269323632
2016-06-28,0.0,0.0014894264876818373,0.0004115587319212928
2016-06-29,0.0,-0.0036506091610060774,-0.0010087373156511625
2016-06-30,0.0,-0.001273647865530387,-0.00035193472439703236
2016-07-01,0.0,0.004654364053603015,0.0012860951404068842
2016-07-05,0.0,0.0026440195766324385,0.0007305962080931974
2016-07-06,0.0,0.005701270006412853,0.0015753764778496412
2016-07-07,0.0,-0.0015836413100754532,-0.00043759219725388276
2016-07-08,0.0,0.002895172815192566,0.0007999949392387738
2016-07-11,0.0,-0.0026641251200963654,-0.000736151777328092
2016-07-12,0.0,-0.005189919436063415,-0.0014340799492591008
2016-07-13,0.0,-0.001965821903177162,-0.000543196442621289
2016-07-14,0.0,-0.0012145572708042432,-0.0003356067952007297
2016-07-15,0.0,-0.0039048762382979177,-0.0010789964635614668
2016-07-18,0.0,0.0011278594328931457,0.00031165042506356113
2016-07-19,0.0,0.00016651582893917652,4.60116991135917e-05
2016-07-20,0.0,-0.00023141493697087303,-6.39446382853124e-05
2016-07-21,0.0,0.0007151171276677009,0.00019760135909506235
2016-07-22,0.0,2.341984644974175e-05,6.471378336804533e-06
2016-07-25,0.0,0.00047926906712405967,0.00013243175889914334
2016-07-26,0.0,0.0008197116281865145,0.00022650293990853542
2016-07-27,0.008007406448317107,0.003548646351135613,0.006775360646316258
2016-07-28,0.0,-0.0014669237192366216,-0.00040534076082797237
2016-07-29,0.0,0.001916352784282361,0.0005295271222419424
2016-08-01,0.0,0.0024187448691745396,0.0006683482396959025
2016-08-02,0.0,-0.0008817158214972091,-0.00024363595545767424
2016-08-03,0.0,0.0010597183993183053,0.00029282167614456234
2016-08-04,0.0,-0.00016378646352198636,-4.5257520119637515e-05
2016-08-05,0.0,-0.0019695873682074854,-0.0005442369169419692
2016-08-08,0.0,-0.001463324180095555,-0.00040434613519411234
2016-08-09,0.0,0.001731349021407465,0.00047840683219797737
2016-08-10,0.0,0.0017334741386634683,0.00047899404517579003
2016-08-11,0.0,-0.0007635748812270313,-0.00021099121873000977
2016-08-12,0.0,-4.359293406163554e-06,-1.2045611389024606e-06
2016-08-15,0.0,-0.0003579875778412653,-9.891922481467151e-05
2016-08-16,0.0,3.337930734963548e-05,9.22337927977121e-06
2016-08-17,0.0,0.0017123635661099098,0.00047316076602966887
2016-08-18,0.0,0.0003735969995532897,0.00010323242446497729
2016-08-19,0.0,-0.0019059695611105948,-0.000526658027192828
2016-08-22,0.0,-0.00031597247458624913,-8.730960006300645e-05
2016-08-23,0.0,0.0002926823808655137,8.087407503554937e-05
2016-08-24,0.0,-0.0025118402217625224,-0.0006940723728275138
2016-08-25,0.0,-0.0011577800832692745,-0.00031991810730830605
2016-08-26,0.0,0.00021825606290141507,6.030857462569058e-05
2016-08-29,0.0,-0.0003438632234965603,-9.501637938296363e-05
2016-08-30,0.0,-0.0008271191094280506,-0.0002285497771386442
2016-08-31,0.0,-0.0013174477709483627,-0.0003640375261674983
2016-09-01,0.0,0.0010087139780224016,0.00027872812058842835
2016-09-02,0.0,0.0014100596561479148,0.0003896280674589259
2016-09-06,0.0,0.005306538451712834,0.0014663041473618789
2016-09-07,0.0,0.00031841565166645616,8.798469941789582e-05
2016-09-08,0.0,-0.0026398642008227456,-0.0007294479935199792
2016-09-09,0.0,-0.00832375484972526,-0.0023000222025784333
2016-09-12,0.0,0.001794330343488774,0.0004958098482346084
2016-09-13,0.0,-0.004720923701390606,-0.0013044869203753095
2016-09-14,0.0,0.0004516397234326566,0.0001247972111403281
2016-09-15,0.0,0.0012741565562869796,0.00035207528596516266
2016-09-16,0.0,-3.69026840286098e-05,-1.0196959681403952e-05
2016-09-19,0.0,0.002169460301514377,0.0005994658602013329
2016-09-20,0.0,0.0013772252619293254,0.00038055525872363966
2016-09-21,0.004105137231227747,0.0064503646988404205,0.00475317112254111
2016-09-22,0.0,0.00360493122252051,0.0009961155752729863
2016-09-23,0.0,-0.0023888756050851243,-0.0006600947565238697
2016-09-26,0.0,-0.001543992969210719,-0.0004266365569292165
2016-09-27,0.0,0.001970241052540831,0.000544417543174639
2016-09-28,0.0,0.0009941819566520954,0.0002747126284933972
2016-09-29,0.0,-0.0023319522973051857,-0.0006443656926456386
2016-09-30,0.0,-7.555619287419816e-05,-2.0877707752131854e-05
2016-10-03,0.0,-0.0015042977678963437,-0.00041566796811236815
2016-10-04,0.0,-0.005054915071909219,-0.0013967755066601117
2016-10-05,0.0,-0.0006991537528047353,-0.00019319035501387958
2016-10-06,0.0,-0.0026126254458914582,-0.0007219213733535261
2016-10-07,0.0,0.0016225655560415846,0.00044834775547934893
2016-10-10,0.0,0.0009379158089481025,0.00025916515126597593
2016-10-11,0.0,-0.0032466078388594965,-0.0008971035605029257
2016-10-12,0.0,0.0010918675023857182,0.00030170512504268463
2016-10-13,0.0,-8.298849930257782e-05,-2.2931404684617063e-05
2016-10-14,0.0,-0.0016080998299478372,-0.00044435058211315644
2016-10-17,0.0,0.001406469401957716,0.0003886360074452135
2016-10-18,0.0,0.003007215669523887,0.0008309546512022762
2016-10-19,0.0,0.0012543508299644442,0.00034660256228427155
2016-10-20,0.0,0.00018104162125964792,5.0025469995879315e-05
2016-10-21,0.0,-0.0004181018468710623,-0.0001155300159728073
2016-10-24,0.0,0.0009212166210293401,0.000254550827121212
2016-10-25,0.0,0.00023369482219913725,6.457461679128815e-05
2016-10-26,0.0,-0.0016399647621673256,-0.00045315550884533903
2016-10-27,0.0,-0.002702328519176032,-0.0007467081509459549
2016-10-28,0.0,-0.0008194426444327235,-0.0002264286142445747
2016-10-31,0.0,0.0006629741857162495,0.00018319320720192305
2016-11-01,0.0,0.00023865142848482012,6.594422758741662e-05
2016-11-02,-0.000782603285794152,0.0006655900095088159,-0.000382438120798694
2016-11-03,0.0,-0.001565376773637854,-0.00043254533558091223
2016-11-04,0.0,0.0006645651773150857,0.00018363283043296518
2016-11-07,0.0,-0.00022512280548272275,-6.220599480222542e-05
2016-11-08,0.0,0.0010132827103581622,0.0002799905539492852
2016-11-09,0.0,-0.005467115662177811,-0.0015106748858044877
2016-11-10,0.0,-0.004899893161988473,-0.0013539398103738858
2016-11-11,0.0,-0.0061070245449878985,-0.0016874946822379377
2016-11-14,0.0,-0.0033620073893627944,-0.0009289907956650614
2016-11-15,0.0,0.0031659605081353,0.0008748190681562464
2016-11-16,0.0,0.0005127007264846608,0.0001416696041008145
2016-11-17,0.0,-0.0022671734243365463,-0.0006264659768592233
2016-11-18,0.0,-0.0026265895262486383,-0.0007257799318334365
2016-11-21,0.0,0.0010043104163611255,0.0002775113272332405
2016-11-22,0.0,0.0003951622222567557,0.0001091913326641006
2016-11-23,0.0,-0.0023948124772393523,-0.0006617352346512432
2016-11-25,0.0,5.397268673890779e-05,1.491374747015716e-05
2016-11-28,0.0,0.0021635226968818397,0.0005978251796753538
2016-11-29,0.0,0.0016893959484783165,0.00046681434768281664
2016-11-30,0.0,-0.005039628941664087,-0.0013925516389958123
2016-12-01,0.0,-0.0057309384116171905,-0.0015835744596399532
2016-12-02,0.0,0.0029903075646609835,0.0008262825990707209
2016-12-05,0.0,-0.0003907321764034316,-0.00010796722118976733
2016-12-06,0.0,0.0016357607509400421,0.0004519938553203124
2016-12-07,0.0,0.0031844081324537386,0.000879916520722216
2016-12-08,0.0,-0.0001943588314731364,-5.370528514185743e-05
2016-12-09,0.0,-0.003730428967985514,-0.0010307931464117583
2016-12-12,0.0,-0.0012941459121978338,-0.00035759875022381085
2016-12-13,0.0,0.0020896219330193092,0.0005774049005176925
2016-12-14,0.0012403375343765857,-0.004198945995949526,-0.0002626467691895136
2016-12-15,0.0,-0.0044821822427457735,-0.0012385178156296068
2016-12-16,0.0,-0.0013633326601529404,-0.00037671645122460323
2016-12-19,0.0,0.001022796818422759,0.00028261949487575004
2016-12-20,0.0,-0.0003456433619620024,-9.550826772759883e-05
2016-12-21,0.0,-0.0004405371606389446,-0.00012172934797135193
2016-12-22,0.0,-0.000942273812736406,-0.00026036935605732077
2016-12-23,0.0,0.0008455663974392074,0.00023364713677609435
2016-12-27,0.0,0.001174852538453539,0.00032463557276533227
2016-12-28,0.0,0.0008614497031504219,0.0002380360161275015
2016-12-29,0.0,0.0020129233535513898,0.0005562115281914685
2016-12-30,0.0,0.0009222057159548189,0.00025482413409986886
2017-01-03,0.0,0.0037388919694091058,0.0010331316452654765
2017-01-04,0.0,0.0025065998443429163,0.000692624350314527
2017-01-05,0.0,0.0027676082819044264,0.0007647462727269339
2017-01-06,0.0,-0.0025061107223284026,-0.000692489195986527
2017-01-09,0.0,0.002184578421331548,0.0006036433031785107
2017-01-10,0.0,0.00100659896903452,0.00027814370073001054
2017-01-11,0.0,0.0018640048898017085,0.0005150623378102256
2017-01-12,0.0,-0.0008424794187619324,-0.0002327941419889097
2017-01-13,0.0,-6.71705586742459e-05,-1.85605870306791e-05
2017-01-17,0.0,0.0028796692323304063,0.000795710985008231
2017-01-18,0.0,-0.0053459119679083915,-0.0014771838480592573
2017-01-19,0.0,-0.00115377214185402,-0.0003188106318470335
2017-01-20,0.0,-0.0005154762513715354,-0.00014243653789197864
2017-01-23,0.0,0.002427441134153641,0.0006707511939986831
2017-01-24,0.0,-0.0008626951608514781,-0.00023838016133798857
2017-01-25,0.0,-0.0008175319396087674,-0.00022590064776826529
2017-01-26,0.0,-0.0009784321121548863,-0.0002703606271809205
2017-01-27,0.0,0.0016317958823596982,0.0004508982817564901
2017-01-30,0.0,-0.0019297727704777879,-0.0005332353364751856
2017-01-31,0.0,0.003571514867789656,0.000986881959050767
2017-02-01,0.007684605060813705,0.0005180156336257727,0.005704331122323054
2017-02-02,0.0,3.255393435950756e-05,8.995311990792196e-06
2017-02-03,0.0,0.002983717875687316,0.0008244617344223559
2017-02-06,0.0,-0.00011756380879148912,-3.248526360060154e-05
2017-02-07,0.0,-0.00031666057429638776,-8.74997359619462e-05
2017-02-08,0.0,-0.0006591322734682935,-0.00018213160896528728
2017-02-09,0.0,0.00218751146970586,0.0006044537639025404
2017-02-10,0.0,0.0012956843087898243,0.0003580238403882654
2017-02-13,0.0,0.0014847010921147676,0.00041025300933377753
2017-02-14,0.0,0.0016341559214262573,0.0004515504083928503
2017-02-15,0.0,0.0025005239519877626,0.0006909454580874462
2017-02-16,0.0,-0.00020123469113804906,-5.560522455341213e-05
2017-02-17,0.0,-0.001544621394305006,-0.0004268102035220838
2017-02-21,0.0,0.00145410977192479,0.0004018000074237733
2017-02-22,0.0,0.00017384929994218546,4.803808581447375e-05
2017-02-23,0.0,0.0004740746539795996,0.00013099643724715862
2017-02-24,0.0,-0.0015906894895488667,-0.00043953975212176116
2017-02-27,0.0,0.0014437078916436884,0.00039892575703713606
2017-02-28,0.0,-0.001550659671292961,-0.00042847870186067596
2017-03-01,0.0,0.0052225475338860865,0.0014430957541181932
2017-03-02,0.0,-0.0029011168929961788,-0.0008016374084331441
2017-03-03,0.0,2.9131456459927384e-05,8.049611967307213e-06
2017-03-06,0.0,-0.0015550264087010315,-0.0004296853199282087
2017-03-07,0.0,-0.0005236017794210272,-0.00014468178601123602
2017-03-08,0.0,-0.000255723892289928,-7.066169542655665e-05
2017-03-09,0.0,-0.0005353745706378156,-0.00014793484688025322
2017-03-10,0.0,0.0003518228090997133,9.721577424034337e-05
2017-03-13,0.0,0.0011541303673949165,0.0003189096168258643
2017-03-14,0.0,-0.001747685185302436,-0.0004829208454458127
2017-03-15,0.0015755951490581468,0.0036158861378648506,0.0021393689096622344
2017-03-16,0.0,0.0016765546706024013,0.00046326604228972125
2017-03-17,0.0,-0.001706784664816761,-0.0004716192025079297
2017-03-20,0.0,0.0009556831476111643,0.0002640746271147416
2017-03-21,0.0,-0.0026258930249818298,-0.0007255874744140742
2017-03-22,0.0,-0.0007936580639517228,-0.0002193038119574879
2017-03-23,0.0,0.00046167068268183545,0.0001275689685266034
2017-03-24,0.0,8.838007744585929e-05,2.4421207022668054e-05
2017-03-27,0.0,4.5641825688787815e-05,1.2611761680354104e-05
2017-03-28,0.0,0.0016659221899459969,0.0004603280723447002
2017-03-29,0.0,0.0009507578592221097,0.00026271367008832205
2017-03-30,0.0,0.001029809256326055,0.00028455717362325857
2017-03-31,0.0,-0.0008323548643672602,-0.00022999652236659133
2017-04-03,0.0,-0.0006966461945377198,-0.00019249746583195162
2017-04-04,0.0,0.0019393389220333913,0.0005358786580732315
2017-04-05,0.0,-0.0009957919028586958,-0.00027515748926680887
2017-04-06,0.0,0.00020267943346555307,5.600443614604736e-05
2017-04-07,0.0,0.0005087331799404704,0.00014057329056129425
2017-04-10,0.0,0.00042866100642031165,0.00011844772580956963
2017-04-11,0.0,-0.00016965256521751123,-4.6878442934625935e-05
2017-04-12,0.0,-0.00031534358180904787,-8.713582423986915e-05
2017-04-13,0.0,-0.0024339979601395905,-0.0006725629779373493
2017-04-17,0.0,0.0024469069516069026,0.000676129993968425
2017-04-18,0.0,-0.003918267873292228,-0.001082696843783111
2017-04-19,0.0,-0.0021123256015712806,-0.0005836783843831189
2017-04-20,0.0,0.003671454327391055,0.0010144972576926407
2017-04-21,0.0,-0.000940421549297985,-0.00025985753812054753
2017-04-24,0.0,0.0014756081519301985,0.00040774044563040066
2017-04-25,0.0,0.002637138672850849,0.0007286948748899516
2017-04-26,0.0,-0.0027110357024181923,-0.0007491141221861517
2017-04-27,0.0,0.0004021159350064258,0.00011111278446119693
2017-04-28,0.0,3.1198994968470828e-06,8.620914769971179e-07
2017-05-01,0.0,0.0027775183061601173,0.000767484613322937
2017-05-02,0.0,0.00011194681536137794,3.093317444922303e-05
2017-05-03,-0.003740018427111906,0.000712323676347081,-0.0025097460468809524
2017-05-04,0.0,0.0045460518137529085,0.0012561662728508595
2017-05-05,0.0,0.00014435277224838312,3.9887597264591205e-05
2017-05-08,0.0,0.0008326607556699981,0.00023008104633450902
2017-05-09,0.0,0.002593886322687156,0.0007167433737361815
2017-05-10,0.0,0.0018551478282721068,0.0005126149521609042
2017-05-11,0.0,-0.00045956453906592886,-0.00012698699835017948
2017-05-12,0.0,-0.0015783342195893133,-0.00043612574056821796
2017-05-15,0.0,5.507566270000178e-05,1.5218522087529534e-05
2017-05-16,0.0,-0.00121722363955701,-0.00033634356693924714
2017-05-17,0.0,-0.01004948674496235,-0.0027768769089462062
2017-05-18,0.0,-0.0005066451766291305,-0.00013999633291875897
2017-05-19,0.0,0.0022634329871300397,0.000625432418233623
2017-05-22,0.0,-0.0009656994567850078,-0.00026684233638821816
2017-05-23,0.0,0.0010240921548306423,0.0002829774225840653
2017-05-24,0.0,0.0009300864368352216,0.00025700173703562185
2017-05-25,0.0,0.00012332042323365128,3.4075932867980754e-05
2017-05-26,0.0,2.114845434939945e-05,5.84374665424471e-06
2017-05-30,0.0,-0.0005521976618063229,-0.00015258340800466515
2017-05-31,0.0,-0.001489015881323574,-0.00041144527306076945
2017-06-01,0.0,0.0018021608180928544,0.0004979735671056304
2017-06-02,0.0,7.468366001530645e-05,2.0636609235397378e-05
2017-06-05,0.0,0.002383533007259443,0.0006586184884404914
2017-06-06,0.0,-0.00016734448480146095,-4.624067352669733e-05
2017-06-07,0.0,0.0014742221820616018,0.0004073574740595858
2017-06-08,0.0,-0.00032378708040675896,-8.946893406743889e-05
2017-06-09,0.0,-0.0029838469691614456,-0.0008244974055662167
2017-06-12,0.0,-0.001666357005449221,-0.00046044822068273946
2017-06-13,0.0,0.0022361544592431025,0.0006178948079932539
2017-06-14,0.003537084757566873,-0.003204967920742281,0.001674118928920889
2017-06-15,0.0,-0.0004977071018745681,-0.00013752656167309598
2017-06-16,0.0,-0.0019079509109688412,-0.0005272055143242147
2017-06-19,0.0,0.0031979928050567905,0.000883670241148378
2017-06-20,0.0,-0.004546440760919141,-0.0012562737468375536
2017-06-21,0.0,0.0011309799199082213,0.0003125126788837548
2017-06-22,0.0,0.00018970594742442166,5.2419598956803555e-05
2017-06-23,0.0,0.0010188178663489882,0.000281520029757196
2017-06-26,0.0,-0.0004546902662291119,-0.0001256401379550209
2017-06-27,0.0,-0.0008482030732576149,-0.00023437570375491873
2017-06-28,0.0,0.004240248959612324,0.001171666745073631
2017-06-29,0.0,-0.0025218472284914,-0.0006968375116468689
2017-06-30,0.0,0.0018089940243214947,0.0004998617205080806
2017-07-03,0.0,0.002626175806261644,0.000725665612614176
2017-07-05,0.0,-0.0002316024857756867,-6.399646182203667e-05
2017-07-06,0.0,-0.0017145843862157442,-0.00047377442364496014
2017-07-07,0.0,0.0043161861263715205,0.0011926497236332194
2017-07-10,0.0,0.001877432737323554,0.0005187727242873216
2017-07-11,0.0,-0.0001457079828957083,-4.026206943902358e-05
2017-07-12,0.0,0.003126997026436935,0.0008640526683025846
2017-07-13,0.0,0.0015666559932899164,0.0004328988099028783
2017-07-14,0.0,0.0012418561948683076,0.0003431500413183065
2017-07-17,0.0,-0.0014760833614070733,-0.0004078717556422187
2017-07-18,0.0,-0.0012998771625096779,-0.00035918241086780624
2017-07-19,0.0,0.0037772579317270384,0.0010437329384015237
2017-07-20,0.0,0.00030706959780756835,8.484955473160631e-05
2017-07-21,0.0,-0.0009449739649133947,-0.00026111546284080195
2017-07-24,0.0,-5.0349974186221264e-05,-1.3912718552899509e-05
2017-07-25,0.0,0.0017938155266483105,0.0004956675939053177
2017-07-26,0.0019380393597185977,0.0002674800604026187,0.0014764299600523586
2017-07-27,0.0,0.00023244590679879132,6.422951614839349e-05
2017-07-28,0.0,-0.0021773900400339267,-0.0006016570077044585
2017-07-31,0.0,-0.0007143532940271516,-0.0001973902963758861
2017-08-01,0.0,0.0008662939447170873,0.0002393745782739289
2017-08-02,0.0,0.0002687700441952796,7.42666116671533e-05
2017-08-03,0.0,-0.0018243134724226426,-0.0005040947945714105
2017-08-04,0.0,0.0034985009874507794,0.000966706743789428
2017-08-07,0.0,0.0011450944816197499,0.00031641281841240167
2017-08-08,0.0,-0.0012209186592301328,-0.0003373645757796777
2017-08-09,0.0,-0.004193310956856101,-0.001158696823393686
2017-08-10,0.0,-0.008266509217900264,-0.00228420407403246
2017-08-11,0.0,-0.0005613404856152052,-0.0001551097555646712
2017-08-14,0.0,0.00553209047326698,0.0015286287432656263
2017-08-15,0.0,0.0021914113071025525,0.0006055313680320198
2017-08-16,0.0,-0.0003467390398814927,-9.581102574813158e-05
2017-08-17,0.0,-0.005327524435917525,-0.0014721030002215762
2017-08-18,0.0,-0.0009490113131190021,-0.0002622310639943779
2017-08-21,0.0,0.0006250062089905062,0.00017270188555288708
2017-08-22,0.0,0.0044327383098291435,0.0012248554546465944
2017-08-23,0.0,-0.0016087646156927793,-0.0004445342758908961
2017-08-24,0.0,0.0005567282790997712,0.00015383530940667013
2017-08-25,0.0,6.96359654956039e-05,1.9241828913685647e-05
2017-08-28,0.0,-0.0012183348370527923,-0.0003366506133333193
2017-08-29,0.0,-0.0010183042140877903,-0.0002813780972247646
2017-08-30,0.0,0.002760134627457027,0.0007626811504985941
2017-08-31,0.0,-0.00038968455718262665,-0.00010767774276191829
2017-09-01,0.0,0.0017588940935778531,0.00048601809402719966
2017-09-05,0.0,-0.004571006884767849,-0.0012630618648568133
2017-09-06,0.0,0.001354674778139606,0.0003743241029133563
2017-09-07,0.0,0.00038716052514361035,0.00010698030154283331
2017-09-08,0.0,-0.00026640439784002935,-7.36129356232578e-05
2017-09-11,0.0,0.003952531888990748,0.001092164685914321
2017-09-12,0.0,0.0017209044639172322,0.00047552078923331276
2017-09-13,0.0,-0.0002549531980062107,-7.044873697259539e-05
2017-09-14,0.0,-0.0006809905548466874,-0.00018817149521712374
2017-09-15,0.0,-0.0006728789019982891,-0.000185930081097204
2017-09-18,0.0,0.0016321513464175519,0.00045099650368157583
2017-09-19,0.0,0.0015508208035841101,0.0004285232259791641
2017-09-20,-0.0009008109451779031,0.0003074213938559684,-0.0005669518568431593
2017-09-21,0.0,-0.0007838945718949939,-0.00021660596117853136
2017-09-22,0.0,-0.0014361289176189472,-0.00039683153287455817
2017-09-25,0.0,-0.0022773627070221294,-0.0006292814822204801
2017-09-26,0.0,-0.0011870461488478355,-0.00032800491450386257
2017-09-27,0.0,0.0017685882076207764,0.0004886967742545236
2017-09-28,0.0,0.00047496717717416826,0.000131243059498881
2017-09-29,0.0,0.0018656389372327992,0.0005155138582405394
2017-10-02,0.0,0.00159476686099978,0.0004406664125093589
2017-10-03,0.0,-0.000435191784894214,-0.00012025231229262691
2017-10-04,0.0,-4.2769909160227656e-05,-1.181819292455895e-05
2017-10-05,0.0,0.0029954810942372768,0.0008277121501694734
2017-10-06,0.0,-0.0029782321471321233,-0.0008229459164168944
2017-10-09,0.0,-0.002043992716170857,-0.0005647966229155272
2017-10-10,0.0,0.00135884968930447,0.0003754777155012254
2017-10-11,0.0,0.0013207482489061594,0.00036494951513390856
2017-10-12,0.0,-2.997959928735289e-05,-8.283971023917428e-06
2017-10-13,0.0,-0.0005854851904764313,-0.00016178142697476284
2017-10-16,0.0,0.002089613818683561,0.0005774026583622331
2017-10-17,0.0,-0.00020659292916429817,-5.708581434126247e-05
2017-10-18,0.0,0.0012342477435200079,0.00034104767197367053
2017-10-19,0.0,-0.0014132956338931961,-0.0003905222337090819
2017-10-20,0.0,0.0035696064170897455,0.0009863546154346265
2017-10-23,0.0,-0.0025875691980914305,-0.0007149978241508158
2017-10-24,0.0,0.0017900632798346996,0.0004946307720458725
2017-10-25,0.0,-0.0012552996132106516,-0.0003468647303287549
2017-10-26,0.0,0.0014001178947297757,0.0003868809572415686
2017-10-27,0.0,-0.000204560375005391,-5.6524178423599195e-05
2017-10-30,0.0,-0.0023170480023450403,-0.0006402473338110744
2017-10-31,0.0,0.0029489817947498972,0.0008148634510960201
2017-11-01,0.0037729006987625782,-0.0007721784840805781,0.0025170031835490747
2017-11-02,0.0,-0.00016019822052357205,-4.426601583898562e-05
2017-11-03,0.0,0.0004932818905953491,0.00013630378608959354
2017-11-06,0.0,-0.001858488454144704,-0.0005135380348100447
2017-11-07,0.0,0.0007008040890154572,0.00019364637636420858
2017-11-08,0.0,0.0004775905915768244,0.00013196796207970028
2017-11-09,0.0,-0.0018198028143345312,-0.0005028484083024493
2017-11-10,0.0,0.002745787147733868,0.0007587166510016636
2017-11-13,0.0,-0.0012335320343687566,-0.0003408499070264579
2017-11-14,0.0,-0.002370472006078423,-0.0006550094690440059
2017-11-15,0.0,-0.0014702963717793636,-0.00040627269309531264
2017-11-16,0.0,0.007261318231797637,0.0020064494275288977
2017-11-17,0.0,-0.0036786229483774593,-0.001016478092992126
2017-11-20,0.0,0.0012494025238343547,0.0003452352449893927
2017-11-21,0.0,0.0034377328964788605,0.0009499152883745279
2017-11-22,0.0,-0.0013449552620495673,-0.0003716384035854688
2017-11-24,0.0,0.0024316523750001814,0.0006719148452140679
2017-11-27,0.0,-0.0010457660588233679,-0.0002889663616265778
2017-11-28,0.0,0.002118661795758705,0.0005854292032832462
2017-11-29,0.0,-5.959059019194187e-06,-1.646608807931709e-06
2017-11-30,0.0,0.002988686112416719,0.0008258345589458545
2017-12-01,0.0,0.0014828723627065704,0.00040974769432663256
2017-12-04,0.0,-0.00182261686602347,-0.0005036259878300318
2017-12-05,0.0,0.00044062512873542227,0.00012175365533968149
2017-12-06,0.0,-0.0004861851412290522,-0.0001343428103757117
2017-12-07,0.0,-0.0010808071710282094,-0.00029864893127563917
2017-12-08,0.0,0.0007210653925817714,0.0001992449852729323
2017-12-11,0.0,0.0002688902684586299,7.429983206828073e-05
2017-12-12,0.0,-0.00024877460546397556,-6.8741466601905e-05
2017-12-13,0.0030687480107987122,0.002362484688993706,0.002873593137746206
2017-12-14,0.0,0.0021813958240542823,0.0006027638870337862
2017-12-15,0.0,0.0024318969386630056,0.000671982423111855
2017-12-18,0.0,0.0007695379537837553,0.00021263893655972264
2017-12-19,0.0,-0.002411962382890613,-0.000666474101242362
2017-12-20,0.0,-0.0015735426963981271,-0.0004348017455776325
2017-12-21,0.0,0.002198234179164331,0.0006074166658946738
2017-12-22,0.0,0.0010542869182443148,0.0002913208478178517
2017-12-26,0.0,2.3434968249926616e-05,6.475556796741913e-06
2017-12-27,0.0,0.0022466467453169767,0.0006207940393331236
2017-12-28,0.0,0.001719543858213709,0.00047514482629548526
2017-12-29,0.0,0.0012724462893938659,0.00035160270455238514
2018-01-02,0.0,0.004442097868254482,0.0012274416903747308
2018-01-03,0.0,0.005065141399084834,0.0013996012481649232
2018-01-04,0.0,0.0011754030069634563,0.000324787678373617
2018-01-05,0.0,0.0034368783029149336,0.0009496791468486543
2018-01-08,0.0,-0.0003762679764228527,-0.0001039704695195804
2018-01-09,0.0,-0.0034129659339205546,-0.0009430716745484417
2018-01-10,0.0,-0.0018846932613036753,-0.0005207789542470113
2018-01-11,0.0,0.0051632025781475025,0.0014266975398177944
2018-01-12,0.0,0.006725583813222968,0.0018584151473689222
2018-01-16,0.0,0.0019398652771258653,0.0005360241006554539
2018-01-17,0.0,0.0020103585075466356,0.000555502809246277
2018-01-18,0.0,-0.0036330570053259036,-0.001003887299222718
2018-01-19,0.0,0.003399080174015087,0.0009392347575970369
2018-01-22,0.0,0.003358017646755238,0.0009278883489032786
2018-01-23,0.0,0.003577973560954516,0.0009886666269016359
2018-01-24,0.0,0.0033400533519475917,0.0009229244500791061
2018-01-25,0.0,0.0028983794494356406,0.0008008809972844242
2018-01-26,0.0,0.002942317556665384,0.0008130219870170829
2018-01-29,0.0,-0.0028899880278194534,-0.0007985622773825443
2018-01-30,0.0,-0.006768897927699004,-0.001870383715254267
2018-01-31,0.005731521794036805,0.0036613412795454894,0.005159488951571192
2018-02-01,0.0,-0.003751272138927285,-0.0010365525370718272
2018-02-02,0.0,-0.008059442730826429,-0.0022269874060409155
2018-02-05,0.0,-0.016675997505919617,-0.004607916163583755
2018-02-06,0.0,0.0051088002516774395,0.001411665074180343
2018-02-07,0.0,-0.005956145484410518,-0.0016458037392083498
2018-02-08,0.0,-0.015197444834940808,-0.004199362087649485
2018-02-09,0.0,0.004388083690300039,0.001212516478040619
2018-02-12,0.0,0.005316833460438324,0.0014691488669712203
2018-02-13,0.0,0.003300215820045046,0.0009119165324354473
2018-02-14,0.0,0.006600192146807639,0.00182376688802199
2018-02-15,0.0,0.009647830959543123,0.0026658912731440188
2018-02-16,0.0,0.0029041187614381823,0.0008024668855369844
2018-02-20,0.0,-0.004567346253274331,-0.0012620503581675182
2018-02-21,0.0,-0.0050690885885976995,-0.0014006919366440144
2018-02-22,0.0,-0.0012147245789742981,-0.0003356530258397558
2018-02-23,0.0,0.009311490082327095,0.002572953470529961
2018-02-26,0.0,0.0037076432062820926,0.0010244969785444093
2018-02-27,0.0,-0.006588911746240214,-0.0018206498846710427
2018-02-28,0.0,-0.005093396143378433,-0.001407408606788129
2018-03-01,0.0,-0.005512433045063998,-0.0015231969973614396
2018-03-02,0.0,0.0034002500507292993,0.0009395580182486954
2018-03-05,0.0,0.003270933356857801,0.0009038251942482021
2018-03-06,0.0,0.001642018572104615,0.00045372301816546247
2018-03-07,0.0,0.0023730279416298724,0.0006557157258503182
2018-03-08,0.0,0.0007011445261085892,0.00019374044603431796
2018-03-09,0.0,0.0015304986111170898,0.00042290779223284685
2018-03-12,0.0,0.0014732985451441128,0.000407102254455489
2018-03-13,0.0,-0.0007013532237828186,-0.0001937981134323877
2018-03-14,0.0,0.0006730776516329761,0.00018598499965028338
2018-03-15,0.0,0.00016294077146060976,4.502383825936808e-05
2018-03-16,0.0,-0.0026377991891255504,-0.0007288773889265138
2018-03-19,0.0,-0.004503181158019129,-0.0012443202416057126
2018-03-20,0.0,0.0019436582486508233,0.0005370721755782082
2018-03-21,-0.0036263993582920026,-0.0014138775000911159,-0.0030150347170423745
2018-03-22,0.0,-0.0028576249501541078,-0.0007896197029653602
2018-03-23,0.0,-0.005727132345522739,-0.0015825227664221972
2018-03-26,0.0,0.008820669855808646,0.002437329892127208
2018-03-27,0.0,-0.0035995231738806806,-0.0009946212218028523
2018-03-28,0.0,-0.0028637023160635483,-0.0007912990023653621
2018-03-29,0.0,0.0006365270710648263,0.00017588533329277993
2018-04-02,0.0,-0.00471774007297397,-0.001303607219305874
2018-04-03,0.0,0.0025014974978420142,0.0006912144685425152
2018-04-04,0.0,0.002032182925001158,0.0005615333382094647
2018-04-05,0.0,0.001178929929461732,0.0003257622385570029
2018-04-06,0.0,-0.005929822688266887,-0.001638530217023071
2018-04-09,0.0,0.0024742126776644345,0.0006836751196146855
2018-04-10,0.0,0.005690908642393391,0.0015725134229274329
2018-04-11,0.0,0.000816620873795144,0.0002256489018150056
2018-04-12,0.0,0.0016449460885979135,0.0004545319503186269
2018-04-13,0.0,-0.001414241038256083,-0.00039078346809960776
2018-04-16,0.0,0.0013859086294609488,0.00038295464920022745
2018-04-17,0.0,0.0039385080623098355,0.001088289618313997
2018-04-18,0.0,-0.0005199763471398672,-0.0001436800055778673
2018-04-19,0.0,-0.0026788773837566012,-0.0007402281268325411
2018-04-20,0.0,-0.004757474130764313,-0.0013145865449547232
2018-04-23,0.0,-0.0022589934316483568,-0.0006242056790561968
2018-04-24,0.0,-0.00546966261749778,-0.0015113786611907962
2018-04-25,0.0,0.0002369089303791976,6.546274003723787e-05
2018-04-26,0.0,0.0007504608767919448,0.00020736755345995362
2018-04-27,0.0,0.000339956171617593,9.393678174578103e-05
2018-04-30,0.0,-0.00214736555997541,-0.0005933606352136539
2018-05-01,0.0,-0.0005484537329961169,-0.00015154888457818158
2018-05-02,0.001539696775672901,-0.0051407671541087024,-0.00030625083323934546
2018-05-03,0.0,-0.0012423098049511986,-0.0003432753829797079
2018-05-04,0.0,0.0037995112541262086,0.0010498819824955982
2018-05-07,0.0,-6.129469300918593e-05,-1.693696623297477e-05
2018-05-08,0.0,0.0009427139048011386,0.00026049096241627026
2018-05-09,0.0,0.00039578343883140505,0.00010936298739686227
2018-05-10,0.0,0.0005311036674859299,0.00014675470976043844
2018-05-11,0.0,0.0019683217037928346,0.0005438871882068893
2018-05-14,0.0,0.002404892962770425,0.0006645206771531934
2018-05-15,0.0,-0.0019432438307810083,-0.0005369576635197769
2018-05-16,0.0,-0.001067980241575276,-0.00029510459064268214
2018-05-17,0.0,0.0005330308677770793,0.00014728723426872637
2018-05-18,0.0,-0.0038317224466403233,-0.00105878258796651
2018-05-21,0.0,0.0008943572826767733,0.00024712904744692124
2018-05-22,0.0,0.0005343561079157014,0.00014765342498404752
2018-05-23,0.0,-0.0013393768616927482,-0.00037009697848259247
2018-05-24,0.0,-0.002495078158154337,-0.000689440674855158
2018-05-25,0.0,-0.0007317939697733352,-0.00020220950863866885
2018-05-29,0.0,-0.00825519718916182,-0.0022810783311767004
2018-05-30,0.0,0.0027938774882489558,0.0007720049869643583
2018-05-31,0.0,0.0019292533128158786,0.0005330917997928516
2018-06-01,0.0,0.0038230301553250755,0.0010563807316676054
2018-06-04,0.0,0.002287432426971723,0.0006320639499740297
2018-06-05,0.0,-8.888242664194116e-05,-2.4560016289074292e-05
2018-06-06,0.0,0.003963651392563766,0.0010952372301640397
2018-06-07,0.0,-0.002413738093584274,-0.0006669647661038951
2018-06-08,0.0,0.0004316437454008654,0.0001192719170554226
2018-06-11,0.0,0.00063848379285751,0.00017642601519039615
2018-06-12,0.0,-0.0015519672058322863,-0.00042884000015998687
2018-06-13,0.0011025915416411694,-0.0013170439400555058,0.00043399720765107053
2018-06-14,0.0,-0.0005411713977482828,-0.0001495366277230688
2018-06-15,0.0,-0.006190881775454422,-0.0017106661349539083
2018-06-18,0.0,-0.0011186973257483984,-0.00030911874912694737
2018-06-19,0.0,-0.00227581371523789,-0.0006288534643896234
2018-06-20,0.0,0.0005848034357358,0.00016159304431952198
2018-06-21,0.0,-0.0038985590501104876,-0.001077250896404424
2018-06-22,0.0,0.0023884553994245553,0.0006599786451815241
2018-06-25,0.0,-0.0026098227465144127,-0.0007211469306998516
2018-06-26,0.0,0.00017564625405401077,4.853462066308828e-05
2018-06-27,0.0,-0.006023024404996441,-0.0016642837407231925
2018-06-28,0.0,-0.0008772943951894747,-0.00024241422573852123
2018-06-29,0.0,0.0013137531838309272,0.0003630166368509728
2018-07-02,0.0,0.0007017863476350632,0.0001939177943329685
2018-07-03,0.0,-0.0012774821759903088,-0.00035299422210553224
2018-07-05,0.0,0.0017770262849897314,0.0004910283860866899
2018-07-06,0.0,0.0020593728330908843,0.0005690464610033805
2018-07-09,0.0,0.004268381077640158,0.0011794402195737495
2018-07-10,0.0,-0.0010113057965724702,-0.0002794442925946725
2018-07-11,0.0,-0.0031797428913098017,-0.0008786274200212516
2018-07-12,0.0,0.0013866410838212363,0.0003831570411881525
2018-07-13,0.0,-0.001815260005489124,-0.0005015931381274932
2018-07-16,0.0,0.0008578028631702284,0.00023702832031291697
2018-07-17,0.0,0.001522672384622716,0.00042074524720065365
2018-07-18,0.0,-0.0010502829030398853,-0.0002902144572482215
2018-07-19,0.0,-0.002426425272960134,-0.0006704704909575692
2018-07-20,0.0,0.0033113747554917752,0.000914999972511228
2018-07-23,0.0,0.0042387451012835834,0.0011712511985314657
2018-07-24,0.0,0.0004280928417206259,0.00011829073038531808
2018-07-25,0.0,0.002952312957012771,0.0008157839187579496
2018-07-26,0.0,-0.0006216673864738405,-0.00017177930120754762
2018-07-27,0.0,-0.0023767418492566437,-0.0006567419538152349
2018-07-30,0.0,-0.0006464160834139543,-0.0001786178678730502
2018-07-31,0.0,0.0009745784859202651,0.0002692957921323054
2018-08-01,0.004806614750631162,0.0025090529695628223,0.004171751854779868
2018-08-02,0.0,0.00037960923318954096,0.00010489372649754775
2018-08-03,0.0,0.0017258939341175446,0.0004768994809952645
2018-08-06,0.0,-0.00012473627259190125,-3.446716074749823e-05
2018-08-07,0.0,0.002843228254805988,0.000785641604193563
2018-08-08,0.0,-0.0018707885915029332,-0.0005169368121082043
2018-08-09,0.0,-0.0017780849622760395,-0.0004913209200822045
2018-08-10,0.0,-0.0021688700739961654,-0.0005993027683730693
2018-08-13,0.0,0.0038892596289600216,0.0010746812778244263
2018-08-14,0.0,0.001289211991141101,0.00035623540781631196
2018-08-15,0.0,0.0010295623562233873,0.00028448895011977886
2018-08-16,0.0,0.00047949279383460226,0.00013249357912461222
2018-08-17,0.0,-0.0007414594879738608,-0.0002048802872550488
2018-08-20,0.0,-0.0029904316150142873,-0.0008263168766980643
2018-08-21,0.0,-0.00026994473662024683,-7.459120299731657e-05
2018-08-22,0.0,-0.0019105342006581502,-0.0005279193296333356
2018-08-23,0.0,0.000854258527244846,0.00023604894844661976
2018-08-24,0.0,0.002710549647436679,0.0007489798153415439
2018-08-27,0.0,8.447456542260677e-05,2.334203487883512e-05
2018-08-28,0.0,0.0012361563905525696,0.0003415750698405025
2018-08-29,0.0,0.001374609252899489,0.0003798324023974508
2018-08-30,0.0,-0.0024573175735498535,-0.0006790066598534405
2018-08-31,0.0,0.0008066712243727922,0.0002228996119821802
2018-09-04,0.0,0.0017832616595160758,0.0004927513464706634
2018-09-05,0.0,-7.856267920424266e-05,-2.1708460872050944e-05
2018-09-06,0.0,-0.0018990657394406922,-0.0005247503613124541
2018-09-07,0.0,0.0005021240134776978,0.00013874704388784547
2018-09-10,0.0,0.002960448597457277,0.000818031961136946
2018-09-11,0.0,0.0028783373335599404,0.000795342954377949
2018-09-12,0.0,-0.0012644724137892318,-0.00034939936107791195
2018-09-13,0.0,-0.00016288642237670186,-4.500882050572988e-05
2018-09-14,0.0,0.0023602889092201,0.000652195672952219
2018-09-17,0.0,-0.0005490762630404554,-0.0001517209022492448
2018-09-18,0.0,0.0029387447545886924,0.0008120347493761183
2018-09-19,0.0,-0.0006007671326773986,-0.00016600413739756019
2018-09-20,0.0,-1.4816675296265989e-05,-4.094147745224859e-06
2018-09-21,0.0,-8.944990772020707e-05,-2.4716822814869297e-05
2018-09-24,0.0,-0.0004430180196398845,-0.00012241485960482064
2018-09-25,0.0,0.000579454821267542,0.00016011511371583155
2018-09-26,-0.00023818852399370283,-4.909160762068302e-05,-0.000185937212662565
2018-09-27,0.0,0.000921756312355686,0.00025469995477520285
2018-09-28,0.0,-0.00015928071368550732,-4.401249010010156e-05
2018-10-01,0.0,0.0030356914130659335,0.0008388230763978835
2018-10-02,0.0,-0.002397452014945701,-0.0006624645924277214
2018-10-03,0.0,0.004873675901555552,0.0013466954498448764
2018-10-04,0.0,0.0035811728620694597,0.0009895506586553278
2018-10-05,0.0,-0.001876782031714641,-0.0005185929211365966
2018-10-08,0.0,0.0006111782347222744,0.00016888093594447012
2018-10-09,0.0,-0.001721644950751805,-0.00047572540075671566
2018-10-10,0.0,-0.005644687181583838,-0.0015597414963129568
2018-10-11,0.0,-0.008666564421771246,-0.002394747436706178
2018-10-12,0.0,0.000309938230283951,8.564221603721113e-05
2018-10-15,0.0,0.00023712963082978857,6.552372404573437e-05
2018-10-16,0.0,0.0015469165768411458,0.00042744440898432977
2018-10-17,0.0,0.0018056590530807727,0.0004989402003483566
2018-10-18,0.0,-0.0002819404657910264,-7.790586614237801e-05
2018-10-19,0.0,0.0009303827772085493,0.0002570836218881288
2018-10-22,0.0,-0.0010728620213470866,-0.00029645352535615866
2018-10-23,0.0,-0.0005252201888423562,-0.00014512898534244187
2018-10-24,0.0,-0.007595369069521857,-0.0020987544458081174
2018-10-25,0.0,0.005709506335505896,0.0015776523425433697
2018-10-26,0.0,-0.0036487228283044256,-0.0010082160836863128
2018-10-29,0.0,-0.0004036964764943269,-0.00011154952011474504
2018-10-30,0.0,0.004451977309079993,0.0012301715801489935
2018-10-31,0.0,0.005548841809516175,0.00153325747705123
2018-11-01,0.0,-0.004312627693373187,-0.0011916664564598925
2018-11-02,0.0,-0.0040618065866450835,-0.0011223595000724187
2018-11-05,0.0,0.000808087627742224,0.00022329099294621802
2018-11-06,0.0,0.0007525578100634143,0.0002079469786314992
2018-11-07,0.0,-0.0002526357645046519,-6.980838311753678e-05
2018-11-08,-0.004080032714186103,0.0019071393099887929,-0.0024256557130766525
2018-11-09,0.0,0.00204393522272767,0.0005647807363116783
2018-11-12,0.0,0.001202732560597968,0.00033233938806242526
2018-11-13,0.0,0.0012873072086809457,0.0003557090778091778
2018-11-14,0.0,-0.005589992412581183,-0.00154462822287541
2018-11-15,0.0,-0.0005756312369890764,-0.00015905857986870712
2018-11-16,0.0,-0.0011717257471072547,-0.0003237715769306254
2018-11-19,0.0,-0.0049779552972450914,-0.001375509960806275
2018-11-20,0.0,-8.208039572846645e-05,-2.2680477258184514e-05
2018-11-21,0.0,0.0010184405593279611,0.00028141577217858895
2018-11-23,0.0,-0.00013782206875709223,-3.8083031500749506e-05
2018-11-26,0.0,0.0024156522897242206,0.0006674936973015879
2018-11-27,0.0,0.0017098180433325683,0.00047245738648392843
2018-11-28,0.0,0.0015503939809340627,0.0004284052862284872
2018-11-29,0.0,-0.0033994752595816673,-0.0009393439277481835
2018-11-30,0.0,0.00048669359702363724,0.0001344833070190762
2018-12-03,0.0,-0.0021330511944529715,-0.0005894052858416673
2018-12-04,0.0,-0.004272221365168809,-0.0011805013688675051
2018-12-06,0.0,0.0017322802550069401,0.00047866415091930544
2018-12-07,0.0,-0.0038326937707957713,-0.0010590509845211616
2018-12-10,0.0,0.0021548171768431042,0.0005954196680119794
2018-12-11,0.0,0.0026657710574554128,0.0007366065831865306
2018-12-12,0.0,6.709723425830866e-05,1.8540326008136816e-05
2018-12-13,0.0,-0.0015997584196600306,-0.0004420456813551284
2018-12-14,0.0,-0.00019862117923109859,-5.488305823289782e-05
2018-12-17,0.0,-0.0015207872127622139,-0.00042022433599974606
2018-12-18,0.0,-0.002653912278261041,-0.0007333297620961749
2018-12-19,-0.0020668622608838103,-0.0027986161646360685,-0.0022690606984686447
2018-12-20,0.0,-0.0019479522675543894,-0.0005382587000488105
2018-12-21,0.0,-0.002845275098220251,-0.0007862071885221502
2018-12-24,0.0,-0.0020017186857358574,-0.0005531154513351094
2018-12-26,0.0,0.0046722017700891495,0.0012910240630748509
2018-12-27,0.0,-5.781860030943576e-05,-1.5976451353333632e-05
2018-12-28,0.0,-0.004038517391583768,-0.0011159242233627768
2018-12-31,0.0,-0.0019047777858220488,-0.0005263287155211573
2019-01-02,0.0,-0.00035137704763819145,-9.709260131213203e-05
2019-01-03,0.0,0.010334058590740445,0.0028555098787218535
2019-01-04,0.0,-0.009384929922967895,-0.002593246387257709
2019-01-07,0.0,-0.005003231059181594,-0.0013824941662148428
2019-01-08,0.0,-0.0029570603900027463,-0.0008170957307321522
2019-01-09,0.0,-0.0022878828526880566,-0.0006321884117303984
2019-01-10,0.0,-0.00017137623770718143,-4.735472858548769e-05
2019-01-11,0.0,0.0012215913203509404,0.00033755044568341714
2019-01-14,0.0,0.0004870606787566758,0.00013458473914332688
2019-01-15,0.0,-0.0013821473020342453,-0.00038191531818330417
2019-01-16,0.0,-0.0013151508976632495,-0.0003634028535170365
2019-01-17,0.0,-0.001020552695838707,-0.0002819993983133438
2019-01-18,0.0,-0.0015869176114186312,-0.00043849750573157005
2019-01-22,0.0,0.0024370171465918173,0.0006733972403584819
2019-01-23,0.0,-0.0004866545686177185,-0.00013447252267934431
2019-01-24,0.0,-0.0020150702318791616,-0.0005568047541945471
2019-01-25,0.0,-0.0035948134160270068,-0.0009933198202325532
2019-01-28,0.0,-0.0014344769142407591,-0.0003963750508520617
2019-01-29,0.0,9.713701587833821e-05,2.684092663057778e-05
2019-01-30,0.01108355164041331,-0.0032797723563451667,0.007114674049495009
2019-01-31,0.0,-0.0028056268019527896,-0.0007752515605206145
2019-02-01,0.0,-0.0007567357889821593,-0.00020910143890195455
2019-02-04,0.0,0.0006456265472532149,0.00017839970302650874
2019-02-05,0.0,0.0012905719508442789,0.00035661119225114844
2019-02-06,0.0,0.002651875578602695,0.0007327669806929799
2019-02-07,0.0,0.004224064810058412,0.0011671947364698368
2019-02-08,0.0,0.0006393041631036347,0.00017665270011979237
2019-02-11,0.0,0.0004986938773281897,0.00013779922773465882
2019-02-12,0.0,0.00040506902814492,0.00011192878395991392
2019-02-13,0.0,-0.0010787333294928357,-0.00029807588681888826
2019-02-14,0.0,0.0024270833796338734,0.0006706523391725387
2019-02-15,0.0,-0.0027423756578012384,-0.0007577739871761931
2019-02-19,0.0,-0.0020588510134326977,-0.0005689022716535931
2019-02-20,0.0,-0.0026648926029933305,-0.000736363848410793
2019-02-21,0.0,0.0009075654061449713,0.00025077871971378955
2019-02-22,0.0,0.0005413603975666536,0.00014958885220425357
2019-02-25,0.0,-0.0016078593051284448,-0.0004442841202296842
2019-02-26,0.0,5.494005487113942e-05,1.5181050895398355e-05
2019-02-27,0.0,-0.0019620884598141636,-0.0005421648165364279
2019-02-28,0.0,0.0012767861415817238,0.00035280189368856106
2019-03-01,0.0,0.0033677498408834898,0.0009305775514301312
2019-03-04,0.0,0.002651213172062634,0.0007325839443377797
2019-03-05,0.0,0.0002888215996784147,7.98072629285208e-05
2019-03-06,0.0,0.0017054966913205554,0.00047126330932137063
2019-03-07,0.0,0.0024101626439348867,0.0006659767968849237
2019-03-08,0.0,0.0007220828699901579,0.00019952613490698099
2019-03-11,0.0,-8.564201689703595e-05,-2.3664625387577535e-05
2019-03-12,0.0,-0.001945914794530655,-0.0005376957049490811
2019-03-13,0.0,0.00020147961860789629,5.5672902978454716e-05
2019-03-14,0.0,-0.001394170610715723,-0.00038523760210625816
2019-03-15,0.0,0.001165979415853146,0.00032218374911656417
2019-03-18,0.0,-0.0018441612416545902,-0.0005095791355604581
2019-03-19,0.0,-0.0009948408379341796,-0.000274894690748355
2019-03-20,-0.00037939852471457336,0.0011088584422134322,3.183704491413009e-05
2019-03-21,0.0,2.2999659168614187e-05,6.355272073071122e-06
2019-03-22,0.0,0.005212666362423148,0.001440365386133726
2019-03-25,0.0,-0.0009671261604115947,-0.00026723656352211283
2019-03-26,0.0,-7.69467034175128e-05,-2.126193400341899e-05
2019-03-27,0.0,0.0031603449648015514,0.0008732673796958889
2019-03-28,0.0,0.003980679179506909,0.001099942352880538
2019-03-29,0.0,0.00015684455351092793,4.3339329658482484e-05
2019-04-01,0.0,-0.0022774436195211116,-0.0006293038399841919
2019-04-02,0.0,0.000903156267509933,0.0002495603853276958
2019-04-03,0.0,-0.001835809454435969,-0.0005072713674460868
2019-04-04,0.0,-0.0013357262920209486,-0.00036908825207860956
2019-04-05,0.0,0.0018223121984885903,0.0005035418020139814
2019-04-08,0.0,-0.0009279630406756135,-0.00025641499963163284
2019-04-09,0.0,-0.0007661866487502419,-0.00021171290304193493
2019-04-10,0.0,-0.0002179733280781074,-6.023044926246329e-05
2019-04-11,0.0,0.0005299823248421284,0.00014644486005630801
2019-04-12,0.0,-9.710033917559386e-06,-2.683079211410627e-06
2019-04-15,0.0,-7.506307769969108e-05,-2.0741450033077085e-05
2019-04-16,0.0,-0.0009932384798359431,-0.00027445192672310905
2019-04-17,0.0,0.0008471069884537654,0.00023407283330398925
2019-04-18,0.0,0.0009303039106194895,0.00025706182945080285
2019-04-22,0.0,-0.0004890009175634366,-0.0001351208664577926
2019-04-23,0.0,0.0022730353810612946,0.00062808575433476
2019-04-24,0.0,0.002864165129372416,0.000791426887064667
2019-04-25,0.0,0.00218588213422261,0.0006040035454789347
2019-04-26,0.0,-0.0007572369392101359,-0.00020923991686916805
2019-04-29,0.0,-0.0010072260478626012,-0.00027831697532223397
2019-04-30,0.0,-0.0003016604311687557,-8.335489233568936e-05
2019-05-01,0.005658896867115189,0.0006379736948857298,0.004271514011414019
2019-05-02,0.0,-0.00017329167371955075,-4.788400238506543e-05
2019-05-03,0.0,-0.0002598880983620804,-7.181234998029794e-05
2019-05-06,0.0,-6.796168094424586e-05,-1.877919015136258e-05
2019-05-07,0.0,0.0015202693792680194,0.0004200812481078765
2019-05-08,0.0,-0.0009425808658518902,-0.0002604542010576523
2019-05-09,0.0,0.00176730043870881,0.0004883409375987371
2019-05-10,0.0,-0.0012911194954100124,-0.00035676248991438147
2019-05-13,0.0,0.0006209790889598854,0.00017158911065140353
2019-05-14,0.0,-0.0003919277511834206,-0.00010829758273794631
2019-05-15,0.0,0.0033558738354092614,0.0009272959703694432
2019-05-16,0.0,0.0016886697395102474,0.00046661368142336695
2019-05-17,0.0,0.0036005130245602263,0.0009948947376116784
2019-05-20,0.0,-0.00043332060973591075,-0.00011973526866427537
2019-05-21,0.0,-0.0005051889282929272,-0.00013959394198267248
2019-05-22,0.0,0.001946345090954554,0.0005378146045738929
2019-05-23,0.0,0.0022532581392698584,0.0006226209015072448
2019-05-24,0.0,-0.002039358449033036,-0.0005635160809603518
2019-05-28,0.0,0.0032641331778237776,0.0009019461669291457
2019-05-29,0.0,-0.0005022147899611274,-0.00013877212727042096
2019-05-30,0.0,0.001383227193009435,0.00038221371395109666
2019-05-31,0.0,0.0002699947566465448,7.460502454457931e-05
2019-06-03,0.0,-0.0023000509104499447,-0.0006355506927585961
2019-06-04,0.0,-0.0022572168948270916,-0.0006237147859188594
2019-06-05,0.0,0.0005035498059134875,0.0001391410192412514
2019-06-06,0.0,0.0015712095438674735,0.00043415704823618177
2019-06-07,0.0,0.001219359220190527,0.0003369336711603785
2019-06-10,0.0,-0.002574397856301159,-0.0007113583154071899
2019-06-11,0.0,-0.0002990430842419029,-8.263166632143325e-05
2019-06-12,0.0,0.001305162066939726,0.00036064273709642133
2019-06-13,0.0,0.0024355212825285942,0.0006729839027939372
2019-06-14,0.0,0.0015663328005260841,0.0004328095051905283
2019-06-17,0.0,0.002342012256259865,0.0006471454632384203
2019-06-18,0.0,0.0006215707535078774,0.00017175259956012662
2019-06-19,0.001902203081235461,6.48190175121702e-05,0.0013944966173231022
2019-06-20,0.0,-0.00038948649022562255,-0.0001076230128465218
2019-06-21,0.0,-0.0033346182521285183,-0.0009214226218197706
2019-06-24,0.0,0.0005869851242889863,0.00016219588909354907
2019-06-25,0.0,0.0003146332354258727,8.6939541134189e-05
2019-06-26,0.0,-0.001812696440441156,-0.0005008847731366291
2019-06-27,0.0,0.00152693536905246,0.0004219231962170139
2019-06-28,0.0,6.402930781371245e-05,1.7692595739064595e-05
2019-07-01,0.0,-0.0008195132463682162,-0.00022644812299058053
2019-07-02,0.0,0.005352403336120388,0.0014789775446880326
2019-07-03,0.0,0.0027190637002642397,0.0007513324207330833
2019-07-05,0.0,-0.003301159022550659,-0.0009121771584081727
2019-07-08,0.0,-0.0008602733442791728,-0.00023771096432444866
2019-07-09,0.0,-0.0003439992261716544,-9.505395967911287e-05
2019-07-10,0.0,0.0026384272016591985,0.0007290509215205132
2019-07-11,0.0,-0.0033667630214376555,-0.0009303048732126283
2019-07-12,0.0,0.0005575662512611505,0.00015406685810207395
2019-07-15,0.0,0.00040246085171941385,0.00011120809194108255
2019-07-16,0.0,-0.0024314032574223017,-0.0006718460089772349
2019-07-17,0.0,0.002398020233259734,0.0006626216026667039
2019-07-18,0.0,0.001116791542341235,0.00030859214253786384
2019-07-19,0.0,-0.0037347599931987032,-0.0010319898964758945
2019-07-22,0.0,0.0006857341781941247,0.00018948225450986472
2019-07-23,0.0,0.00029217883279686444,8.073493449634945e-05
2019-07-24,0.0,0.0021475406955277234,0.0005934090287170732
2019-07-25,0.0,-0.002418518785459712,-0.000668285768182369
2019-07-26,0.0,0.0014707931309340275,0.0004064099577199548
2019-07-29,0.0,0.0017435395007387323,0.0004817753087603203
2019-07-30,0.0,-0.00020076620872677044,-5.5475773366188147e-05
2019-07-31,0.0022113519992037547,0.0001243435321887686,0.0016346692523227498
2019-08-01,0.0,0.008023831421467757,0.0022171472793593204
2019-08-02,0.0,0.0030465795115714074,0.0008418316787364396
2019-08-05,0.0,0.005782551848311352,0.001597836298496472
2019-08-06,0.0,0.0020725013488708,0.0005726741360521842
2019-08-07,0.0,0.0024630580768011147,0.0006805928772721706
2019-08-08,0.0,0.0016995311321057014,0.00046961490437760734
2019-08-09,0.0,-0.000836796097990714,-0.00023122372524860782
2019-08-12,0.0,0.006050582785288816,0.0016718986798562997
2019-08-13,0.0,-0.0015523602547775725,-0.00042894860755138405
2019-08-14,0.0,0.0032467412786705836,0.0008971404326277959
2019-08-15,0.0,0.004560670515616928,0.0012602057165234742
2019-08-16,0.0,-0.002451180733601969,-0.0006773109265709699
2019-08-19,0.0,-0.004214752589430386,-0.0011646215811347207
2019-08-20,0.0,0.0033671158177523957,0.0009304023579862117
2019-08-21,0.0,-0.0017881051053022137,-0.0004940896887267992
2019-08-22,0.0,-0.0012132533714535431,-0.00033524650137772784
2019-08-23,0.0,0.004196841000558631,0.0011596722460290798
2019-08-26,0.0,0.0024711737597097757,0.0006828354049794377
2019-08-27,0.0,0.0027403288620257934,0.000757208416011177
2019-08-28,0.0,0.0010490423767447806,0.00028987167468516736
2019-08-29,0.0,-0.0010122168456360868,-0.00027969603391956574
2019-08-30,0.0,-0.00045887495714039376,-0.0001267964528850785
2019-09-03,0.0,0.0048072401273414715,0.001328337898655954
2019-09-04,0.0,0.0010703914982780414,0.00029577086975020057
2019-09-05,0.0,-0.01016643042116777,-0.002809190817342065
2019-09-06,0.0,-0.003731745071909843,-0.0010311568126058627
2019-09-09,0.0,-0.003174191504236462,-0.0008770934592362088
2019-09-10,0.0,-0.0052024406408301025,-0.0014375398119636546
2019-09-11,0.0,0.00019018692921769263,5.2552503976657154e-05
2019-09-12,0.0,-0.0013171293227673012,-0.00036394953247954914
2019-09-13,0.0,-0.0072931285339674036,-0.002015239258870892
2019-09-16,0.0,0.0030111338139245827,0.0008320373139280779
2019-09-17,0.0,0.002880304521091217,0.0007958865281712978
2019-09-18,-0.0017609987693920567,-0.0022435614522509496,-0.0018943406210862957
2019-09-19,0.0,0.0019110729662580718,0.0005280682014903492
2019-09-20,0.0,0.003352971615304246,0.000926494028121165
2019-09-23,0.0,0.004694129027152298,0.001297083008706647
2019-09-24,0.0,0.0024408758818483217,0.0006744634871334124
2019-09-25,0.0,-0.005606165624587559,-0.0015490972092130962
2019-09-26,0.0,0.002171131027789659,0.0005999275157398434
2019-09-27,0.0,-0.0003259009013751607,-9.005302565199107e-05
2019-09-30,0.0,-0.0024448114314745578,-0.0006755509592758664
2019-10-01,0.0,0.0023133165320511923,0.0006392162529252173
2019-10-02,0.0,0.003053662694616471,0.0008437889058007508
2019-10-03,0.0,0.0019201090647580157,0.0005305650586839801
2019-10-04,0.0,0.0007557791315003552,0.0002088370950465508
2019-10-07,0.0,-0.002273815380273934,-0.0006283012839292103
2019-10-08,0.0,0.002037070380311022,0.0005628838411891588
2019-10-09,0.0,0.00036631424433286787,0.0001012200515629249
2019-10-10,0.0,-0.004097501392213168,-0.0011322226984492934
2019-10-11,0.0,-0.006958667993034964,-0.001922821031289815
2019-10-14,0.0,-0.0009513060902395593,-0.0002628651574320799
2019-10-15,0.0,-0.0024621437527606736,-0.0006803402310047911
2019-10-16,0.0,-0.0010047517227133945,-0.0002776332691244521
2019-10-17,0.0,-0.0007401608364963976,-0.00020452144352580616
2019-10-18,0.0,-0.0022213268246109165,-0.0006137976319613487
2019-10-21,0.0,-0.002342844139833749,-0.0006473753295336724
2019-10-22,0.0,-0.0004913400880136381,-0.00013576722667240853
2019-10-23,0.0,0.0014660131454943832,0.0004050891508440115
2019-10-24,0.0,0.0009893573942654787,0.00027337950410334996
2019-10-25,0.0,0.0017631617810940487,0.0004871973426016865
2019-10-28,0.0,-0.002306212505453387,-0.0006372532663647469
2019-10-29,0.0,-0.0010468023329360057,-0.0002892527051710543
2019-10-30,0.000826837567424972,0.001966533468814351,0.0011417586486807147
2019-10-31,0.0,0.0023250722593179136,0.0006424645986789138
2019-11-01,0.0,0.0029996773109543934,0.000828871649913332
2019-11-04,0.0,-0.0017314115882278963,-0.00047842412067880535
2019-11-05,0.0,-0.0037990367424016267,-0.0010497508652868835
2019-11-06,0.0,0.0011348693413639752,0.00031358740487760295
2019-11-07,0.0,-0.003759470689969763,-0.001038817962924355
2019-11-08,0.0,-0.0020721578770526,-0.0005725792278260192
2019-11-11,0.0,-0.00019488414581475633,-5.3850440143520956e-05
2019-11-12,0.0,0.0011113706799764707,0.0003070942483757729
2019-11-13,0.0,0.0013735306293676923,0.0003795343568499611
2019-11-14,0.0,0.0022966417388817855,0.0006346086695442261
2019-11-15,0.0,0.00224888241733723,0.000621411800833444
2019-11-18,0.0,1.1512925638879979e-05,3.1812547418948145e-06
2019-11-19,0.0,0.001500979694660773,0.0004147511172140208
2019-11-20,0.0,8.491548067910181e-05,2.3463868702356196e-05
2019-11-21,0.0,-0.0013936381921283922,-0.0003850904840574888
2019-11-22,0.0,0.00015540169208200713,4.294063779625502e-05
2019-11-25,0.0,0.0013774431375753787,0.00038061546218137846
2019-11-26,0.0,0.002050200140387063,0.000566511860062206
2019-11-27,0.0,-0.0014029401377514364,-0.0003876608002004354
2019-11-29,0.0,-0.0016546600538873241,-0.00045721611584777607
2019-12-02,0.0,-0.0032449849157126635,-0.0008966551139378616
2019-12-03,0.0,0.002139868003564261,0.0005912889083881941
2019-12-04,0.0,-0.0003003547311273117,-8.299410094533171e-05
2019-12-05,0.0,0.000554356051979381,0.00015317981496396242
2019-12-06,0.0,-0.0002619312571768582,-7.237691617935387e-05
2019-12-09,0.0,2.6026713642009763e-06,7.191708587951663e-07
2019-12-10,0.0,0.0004713283037678607,0.00013023756501015805
2019-12-11,0.0017380163821614295,0.003275789225979384,0.0021629341923514083
2019-12-12,0.0,-0.0010351885140528292,-0.0002860435715804714
2019-12-13,0.0,0.0020968338137277854,0.0005793976893553396
2019-12-16,0.0,0.0016162558659301043,0.00044660426019269077
2019-12-17,0.0,-0.001073899218079451,-0.0002967401238391689
2019-12-18,0.0,-0.001669796717489273,-0.00046139868284860407
2019-12-19,0.0,0.0012125692594382245,0.0003350574673597047
2019-12-20,0.0,-0.00010646885486745334,-2.9419502916562505e-05
2019-12-23,0.0,0.0012449718624281735,0.0003440109634253266
2019-12-24,0.0,0.0009052620521714849,0.00025014225631775485
2019-12-26,0.0,0.0029154138931989006,0.0008055879594152665
2019-12-27,0.0,-0.00025490243093240385,-7.043470900096195e-05
2019-12-30,0.0,-0.002158656799743447,-0.0005964806336554604
2019-12-31,0.0,-0.00038157290190746364,-0.00010543632797143426
2020-01-02,0.0,0.005538107425116114,0.0015302913490360629
2020-01-03,0.0,0.0010584042186418444,0.00029245854138283163
2020-01-06,0.0,0.0022870722300706065,0.000631964420268407
2020-01-07,0.0,-0.0004768221941350388,-0.0001317556382897259
2020-01-08,0.0,0.0014310466204593773,0.0003954271911419928
2020-01-09,0.0,-0.00024352705060477685,-6.729146081685912e-05
2020-01-10,0.0,0.0009900826479048257,0.0002735799063861075
2020-01-13,0.0,-0.00011722715445088595,-3.239223918169915e-05
2020-01-14,0.0,-0.0016492168509231258,-0.00045571204852517703
2020-01-15,0.0,0.0020841843360657956,0.0005759023822494898
2020-01-16,0.0,0.0005001077709752031,0.00013818991521151583
2020-01-17,0.0,0.0007701651756978453,0.00021281225068951092
2020-01-21,0.0,-0.0011204322104291758,-0.0003095981329335035
2020-01-22,0.0,0.0024906910371909874,0.0006882284243980902
2020-01-23,0.0,0.0013073521369598431,0.00036124789783966896
2020-01-24,0.0,0.0012798019555430309,0.000353635224222086
2020-01-27,0.0,-0.0012758560570449592,-0.0003525448924765534
2020-01-28,0.0,0.00010679393565532463,2.9509329328228186e-05
2020-01-29,0.005224870204590955,0.0017007734865462018,0.004251090841566555
2020-01-30,0.0,0.0008802532836802839,0.00024323182661056513
2020-01-31,0.0,-0.000914431859814656,-0.0002526760600581862
2020-02-03,0.0,-4.5725973129672296e-05,-1.2635013324091647e-05
2020-02-04,0.0,0.0037307350424544005,0.001030877720992196
2020-02-05,0.0,-0.0012469507510724093,-0.000344557770473389
2020-02-06,0.0,0.002331402209156275,0.0006442136921388106
2020-02-07,0.0,0.0004456181041015764,0.00012313331565001135
2020-02-10,0.0,0.004985526008927235,0.0013776019019161006
2020-02-11,0.0,-7.783895106963905e-05,-2.150848011717877e-05
2020-02-12,0.0,-0.00030663730641581477,-8.473010385673468e-05
2020-02-13,0.0,0.0005953337174302038,0.00016450277461958402
2020-02-14,0.0,0.0011350821608404453,0.00031364621121318816
2020-02-18,0.0,0.0023757308420179744,0.0006564625920202411
2020-02-19,0.0,0.003425958504570354,0.00094666178520194
2020-02-20,0.0,-0.00221465075218248,-0.0006119528978132819
2020-02-21,0.0,0.0013233975651702641,0.0003656815749241238
2020-02-24,0.0,-0.007111031407416503,-0.001964922131366034
2020-02-25,0.0,-0.006603567996061048,-0.0018246997036052907
2020-02-26,0.0,9.884657055991097e-05,2.7313311244868655e-05
2020-02-27,0.0,-0.006759140889755737,-0.0018676876478776966
2020-02-28,0.0,-0.004046887736090431,-0.0011182371192320238
2020-03-02,0.0,0.008457851635049552,0.0023370758627484518
2020-03-03,0.0,-0.00030739740836615263,-8.49401354342574e-05
2020-03-04,0.0,0.00522793957489855,0.0014445856843563823
2020-03-05,0.0,-0.0008602477827094283,-0.0002377039011445489
2020-03-06,0.0,0.003035407428303284,0.0008387446056510775
2020-03-09,0.0,-0.008134508666502274,-0.00224772964579074
2020-03-10,0.0,-0.0007136079908504431,-0.00019718435399951515
2020-03-11,0.0,-0.008769162127773832,-0.002423097262716173
2020-03-12,0.0,-0.014893670072525206,-0.004115422962728965
2020-03-13,0.0,0.010125668851222252,0.0027979275692552067
2020-03-16,0.0,-0.009633291443140091,-0.0026618737100195075
2020-03-17,0.0,0.0025206447012940977,0.0006965052290048481
2020-03-18,0.0,-0.009243550181737595,-0.002554180298732142
2020-03-19,0.0,0.010377120387563367,0.002867408726124707
2020-03-20,0.0,0.00879481435503677,0.0024301854931260696
2020-03-23,0.0,0.007748129070646267,0.002140965130840924
2020-03-24,0.0,0.01131298532398445,0.0031260071797365634
2020-03-25,0.0,-0.004334073431193104,-0.0011975923485635159
2020-03-26,0.0,0.008747915939156482,0.002417226510102443
2020-03-27,0.0,-0.00756529693691406,-0.002090444905951943
2020-03-30,0.0,3.4594685272707273e-06,9.559212837829573e-07
2020-03-31,0.0,-0.003171527661213265,-0.0008763573854079726
2020-04-01,0.0,0.004997485983050634,0.0013809066852167513
2020-04-02,0.0,0.00024811872917886803,6.856023468852859e-05
2020-04-03,0.0,0.0027484318685736214,0.000759447440982973
2020-04-06,0.0,-0.0015356473166698806,-0.00042433048395067765
2020-04-07,0.0,-0.003741540434203322,-0.0010338634697773007
2020-04-08,0.0,-0.0035351581586399827,-0.0009768358632963137
2020-04-09,0.0,-0.001624386195032788,-0.00044885083494027104
2020-04-13,0.0,0.0010618051904357874,0.0002933982988333613
2020-04-14,0.0,-0.0013744315732016994,-0.0003797833058950619
2020-04-15,0.0,0.0026435571007910543,0.0007304684166429994
2020-04-16,0.0,0.00356295945328746,0.0009845179245900498
2020-04-17,0.0,-0.0032797160018688833,-0.000906252017104899
2020-04-20,0.0,0.0021494322361023657,0.0005939316997228032
2020-04-21,0.0,0.0027007095972095174,0.000746260809988124
2020-04-22,0.0,0.00045639351484389563,0.0001261107800752226
2020-04-23,0.0,0.0009264832606644997,0.0002560061064167389
2020-04-24,0.0,-0.0011446597964513906,-0.0003162927060885277
2020-04-27,0.0,-0.003601614669072998,-0.0009951991443228885
2020-04-28,0.0,-0.0006618804697768537,-0.00018289099131626332
2020-04-29,0.02195192845893846,-0.0021721564820482227,0.015285954750812153
2020-04-30,0.0,-0.0008578507778426572,-0.00023704156010822633
2020-05-01,0.0,-0.0003474796204466487,-9.60156631711947e-05
2020-05-04,0.0,0.003041193392515638,0.0008403433848549336
2020-05-05,0.0,1.3188950063410382e-06,3.644374266445794e-07
2020-05-06,0.0,-0.0004931883951369092,-0.00013627795139910416
2020-05-07,0.0,0.0033860557157294555,0.0009356358357433379
2020-05-08,0.0,-0.00411498957652403,-0.0011370550382915816
2020-05-11,0.0,-0.0017112329249159986,-0.0004728483469476447
2020-05-12,0.0,0.0013205296813249528,0.0003648891204804601
2020-05-13,0.0,0.0010243206085016005,0.00028304054896452106
2020-05-14,0.0,0.0018072929370217406,0.0004993916756030354
2020-05-15,0.0,-0.0009681540024929904,-0.00026752057712542464
2020-05-18,0.0,-0.001781685495419489,-0.0004923158203790732
2020-05-19,0.0,-0.0027668908764398674,-0.000764548039053967
2020-05-20,0.0,-0.001160704403815877,-0.00032072615635661073
2020-05-21,0.0,-0.0006322740318011901,-0.00017471013232742185
2020-05-22,0.0,0.0020490114731983333,0.0005661834072215214
2020-05-26,0.0,-0.0025407111698331443,-0.0007020500010458786
2020-05-27,0.0,-0.0029569878304635394,-0.0008170756810605559
2020-05-28,0.0,-0.00023815215874027892,-6.580626923589714e-05
2020-05-29,0.0,-0.0008031954857758618,-0.00022193919494832646
2020-06-01,0.0,-0.0013749922779211947,-0.00037993823997555957
2020-06-02,0.0,-0.0037902049663819507,-0.0010473104665365378
2020-06-03,0.0,-0.0073256063829152986,-0.0020242135469200665
2020-06-04,0.0,-0.000929569299124252,-0.00025685884140276213
2020-06-05,0.0,-0.003919424378986939,-0.0010830164097510267
2020-06-08,0.0,-0.00022726794622557247,-6.279874067536616e-05
2020-06-09,0.0,0.0024971729155754884,0.0006900194987951524
2020-06-10,0.0067643784173470126,0.0042718531580395154,0.006075643160195123
2020-06-11,0.0,0.00013976709464295827,3.862048158221476e-05
2020-06-12,0.0,0.00199554947926586,0.0005514107745264511
2020-06-15,0.0,0.0008456985217892165,0.00023368364541240195
2020-06-16,0.0,-0.003716327400527008,-0.0010268965974586388
2020-06-17,0.0,0.001991123310698126,0.0005501877344247259
2020-06-18,0.0,0.0017050117147928456,0.000471129300475411
2020-06-19,0.0,0.0022964782384778245,0.0006345634910681621
2020-06-22,0.0,0.0014537352431399301,0.00040169651752813916
2020-06-23,0.0,-0.002901292545930738,-0.0008016859448997661
2020-06-24,0.0,-0.0006221022676020518,-0.00017189946767910116
2020-06-25,0.0,0.002333627558000567,0.0006448286011363436
2020-06-26,0.0,0.00026301630797609437,7.26767377111294e-05
2020-06-29,0.0,0.001071302039089509,0.00029602247063472185
2020-06-30,0.0,0.0009145914759845004,0.0002527201652416233
2020-07-01,0.0,-0.0017054890361296359,-0.00047126119403693496
2020-07-02,0.0,-0.0006483999656518209,-0.0001791660547522619
2020-07-06,0.0,-0.0005368071470154729,-0.00014833069677431995
2020-07-07,0.0,0.0005856827280323128,0.00016183601060589724
2020-07-08,0.0,0.0006387330191825661,0.00017649488147627852
2020-07-09,0.0,-0.000298025901222292,-8.23505980329711e-05
2020-07-10,0.0,0.0007955779328614666,0.0002198343106564731
2020-07-13,0.0,0.00038037918185901827,0.00010510647892317955
2020-07-14,0.0,0.0005401598691060582,0.00014925712185370296
2020-07-15,0.0,-0.001240472490259159,-0.00034276769568459804
2020-07-16,0.0,-0.0005945911400484005,-0.00016429758543560217
2020-07-17,0.0,0.0008717325270028476,0.00024087736880940597
2020-07-20,0.0,0.0009150183056381655,0.0002528381069275417
2020-07-21,0.0,0.0008406763291772231,0.00023229591178476017
2020-07-22,0.0,0.001581861294990396,0.0004371003430017491
2020-07-23,0.0,-0.0008065703667598911,-0.00022287174297916897
2020-07-24,0.0,0.0007818551100928311,0.00021604241653900612
2020-07-27,0.0,0.0023866348748308544,0.0006594755973309508
2020-07-28,0.0,-0.0009435046858217569,-0.00026070947124283184
2020-07-29,0.006296638084500435,0.0005528409788508717,0.004709510507030299
2020-07-30,0.0,-0.001195247927605474,-0.00033027123223952095
2020-07-31,0.0,0.0012599545092541492,0.0003481509724687541
2020-08-03,0.0,-0.002632106657977964,-0.0007273044271725104
2020-08-04,0.0,0.0029843070086865505,0.0008246245238128382
2020-08-05,0.0,0.002518689110367243,0.0006959648595883852
2020-08-06,0.0,0.004389571498832813,0.0012129275896988004
2020-08-07,0.0,-0.0021631299314665998,-0.000597716650629056
2020-08-10,0.0,-0.0021720924549343706,-0.0006001931775497983
2020-08-11,0.0,-0.008033987704181374,-0.002219953666159354
2020-08-12,0.0,-0.0008886267956676877,-0.0002455455977189515
2020-08-13,0.0,0.0031729455064688546,0.0008767491647943855
2020-08-14,0.0,-0.00098829588517695,-0.000273086187623476
2020-08-17,0.0,0.004252292711425097,0.0011749946778481814
2020-08-18,0.0,0.0024503431683889063,0.0006770794903236356
2020-08-19,0.0,-0.0006358745821152779,-0.0001757050373688859
2020-08-20,0.0,-0.0012266251572256462,-0.0003389413968568967
2020-08-21,0.0,0.0012763610886767443,0.00035268444295432234
2020-08-24,0.0,-0.002580553903023932,-0.0007130593559109183
2020-08-25,0.0,-1.1998931411258583e-05,-3.315547989021016e-06
2020-08-26,0.0,0.002661410543693144,0.0007354016848384974
2020-08-27,0.0,-0.00048775841768025483,-0.00013477753855234455
2020-08-28,0.0,0.00100695911683428,0.000278243216867933
2020-08-31,0.0,0.0047709855556991665,0.001318320025565299
2020-09-01,0.0,0.0017810910492003541,0.0004921515628382238
2020-09-02,0.0,0.0004940711248700192,0.00013652186751889428
2020-09-03,0.0,-0.005799144897678884,-0.00160242129440791
2020-09-04,0.0,-0.0026058044033679187,-0.0007200365810293756
2020-09-08,0.0,-0.0031823329548103835,-0.0008793431070717445
2020-09-09,0.0,0.0008115630827574481,0.00022425133162069758
2020-09-10,0.0,-0.0008361039319214975,-0.0002310324657322224
2020-09-11,0.0,-0.0003435839031473594,-9.493919750814961e-05
2020-09-14,0.0,0.002261084388666061,0.0006247834528676776
2020-09-15,0.0,0.0016014926871629088,0.00044252489462291966
2020-09-16,0.002197861968891608,-0.00020656116073739127,0.0015334711161597598
2020-09-17,0.0,-0.00044472040612903195,-0.00012288526350223215
2020-09-18,0.0,-0.00039846251480982604,-0.00011010327039942645
2020-09-21,0.0,-0.0035695750616594316,-0.0009863459512935992
2020-09-22,0.0,-0.0020809453179546408,-0.0005750073758846091
2020-09-23,0.0,-0.006307714821375796,-0.0017429494739596091
2020-09-24,0.0,-0.0011312851913664898,-0.00031259703157608025
2020-09-25,0.0,0.0009728824543017122,0.00026882714421446396
2020-09-28,0.0,0.002084736080497147,0.0005760548404207319
2020-09-29,0.0,0.00237882740664787,0.0006573182356004595
2020-09-30,0.0,-0.00024938099863301916,-6.89090253272005e-05
2020-10-01,0.0,0.0024689502184919543,0.0006822209954657425
2020-10-02,0.0,-0.0014574477409108654,-0.00040272235592130805
2020-10-05,0.0,0.0009332068393679803,0.0002578639675116388
2020-10-06,0.0,-0.0008821507756728955,-0.000243756142113726
2020-10-07,0.0,-0.000815469017847691,-0.0002253306206665163
2020-10-08,0.0,0.00185860789885491,0.0005135710398048354
2020-10-09,0.0,0.003340438661187186,0.0009230309188329229
2020-10-12,0.0,0.0034165024210887247,0.0009440488776440125
2020-10-13,0.0,-0.0011468181027689452,-0.00031688908987684945
2020-10-14,0.0,-0.00232363616877895,-0.0006420677777508397
2020-10-15,0.0,-9.67863464113631e-05,-2.67440295481468e-05
2020-10-16,0.0,-0.002145856335798593,-0.0005929436059788896
2020-10-19,0.0,-0.0008750548005483791,-0.0002417953803385434
2020-10-20,0.0,0.0008007471668426375,0.0002212626747952137
2020-10-21,0.0,0.0007361843223066775,0.00020342265204403563
2020-10-22,0.0,0.0012213465232895158,0.00033748280329286534
2020-10-23,0.0,5.127638124326943e-05,1.4168703602712269e-05
2020-10-26,0.0,-0.0008331011074349379,-0.0002302027244538904
2020-10-27,0.0,-0.00016027085374582212,-4.42860858707004e-05
2020-10-28,0.0,-0.0046384685815014015,-0.001281702899235175
2020-10-29,0.0,-0.0010563771202453773,-0.00029189841300292875
2020-10-30,0.0,-0.0030071536466914077,-0.0008309375130363469
2020-11-02,0.0,0.0009081574543818348,0.0002509423146435259
2020-11-03,0.0,0.00033652011516497254,9.298732969282913e-05
2020-11-04,0.0,0.007563007575353525,0.0020898123089432585
2020-11-05,0.020441998310401173,0.001968894970331805,0.015337505374248953
2020-11-06,0.0,0.002846957354140938,0.0007866720299354131
2020-11-09,0.0,-0.004001788634730758,-0.00110577532328581
2020-11-10,0.0,-0.0040473181677167505,-0.0011183560562160052
2020-11-11,0.0,0.0011796851016577109,0.00032597090794346116
2020-11-12,0.0,0.0007533679359497863,0.000208170832836624
2020-11-13,0.0,0.0004448585363081255,0.0001229234316708648
2020-11-16,0.0,0.0022937226165603048,0.0006338020568709001
2020-11-17,0.0,0.00048485224183114037,0.00013397450325178172
2020-11-18,0.0,-0.0003976443528463306,-0.00010987719566328658
2020-11-19,0.0,0.0004306260884715046,0.00011899071781608955
2020-11-20,0.0,0.00036644257065507536,0.00010125551072715801
2020-11-23,0.0,-0.0007692662753230167,-0.0002125638662936057
2020-11-24,0.0,-0.001826295424192754,-0.0005046424480232473
2020-11-25,0.0,0.00137496538245736,0.0003799308082136822
2020-11-27,0.0,-0.00014240835171554223,-3.93503144544384e-05
2020-11-30,0.0,0.00040021082780024547,0.00011058636472015284
2020-12-01,0.0,0.0017156147153521446,0.00047405912447198684
2020-12-02,0.0,0.0019336758269061,0.0005343138300883571
2020-12-03,0.0,0.0016720722221902505,0.0004620274509260893
2020-12-04,0.0,0.001242036411096944,0.00034319983871558833
2020-12-07,0.0,0.0006535302940769379,0.0001805836684971787
2020-12-08,0.0,0.0003604495248683257,9.959951068637733e-05
2020-12-09,0.0,-0.002628765257043116,-0.0007263811303579579
2020-12-10,0.0,0.0008280772985481173,0.000228814544216749
2020-12-11,0.0,0.0011988189822595267,0.0003312579870321868
2020-12-14,0.0,-0.00011851495732157261,-3.274808522096847e-05
2020-12-15,0.0,0.0020977149856492945,0.0005796411750202047
2020-12-16,0.0006087354148502991,0.002317088661310756,0.0010807880482643752
2020-12-17,0.0,0.002367101715976969,0.0006540781895670845
2020-12-18,0.0,0.0008926189959801676,0.0002466487235944267
2020-12-21,0.0,-0.0022993934509508832,-0.0006353690233711095
2020-12-22,0.0,-0.0005005329796910206,-0.00013830740899944765
2020-12-23,0.0,-0.0005844535256124495,-0.00016149635705912775
2020-12-24,0.0,0.0015771989350264676,0.0004358120384292277
2020-12-28,0.0,0.0014468813956411,0.0003998026605242996
2020-12-29,0.0,-0.00018988046703197225,-5.246782226219858e-05
2020-12-30,0.0,0.0019506757806751233,0.0005390112619346172
2020-12-31,0.0,0.0023591419257356933,0.000651878738164043
2021-01-04,0.0,0.0019395610609300596,0.0005359400395535391
2021-01-05,0.0,0.00018532580925520806,5.120927798730923e-05
2021-01-06,0.0,-0.00047937702077844295,-0.0001324615886822657
2021-01-07,0.0,0.0007232912795437947,0.00019986004296330297
2021-01-08,0.0,-0.003992885319954041,-0.0011033151569266736
2021-01-11,0.0,-0.0036074146547221196,-0.0009968017979339635
2021-01-12,0.0,0.000677912157617278,0.00018732087165794584
2021-01-13,0.0,0.0028760968001663545,0.0007947238495816278
2021-01-14,0.0,-0.0010637329098847586,-0.0002939309667954797
2021-01-15,0.0,-0.0014668126591831955,-0.0004053100726838221
2021-01-19,0.0,0.0023500182948979556,0.0006493576940110405
2021-01-20,0.0,0.0037411724135590738,0.0010337617782128494
2021-01-21,0.0,0.0005478109454036102,0.00015137126933590232
2021-01-22,0.0,-2.745122773637269e-05,-7.58533070970706e-06
2021-01-25,0.0,0.0004748147496710493,0.00013120094068978742
2021-01-26,0.0,-0.0004987114511305366,-0.00013780408373250007
2021-01-27,-0.009163468731438577,-0.0018332370295568049,-0.0071379771151244735
2021-01-28,0.0,-0.0010297789722804554,-0.00028454880552754693
2021-01-29,0.0,-0.001936430416009151,-0.0005350749788980445
2021-02-01,0.0,0.0029567667168841996,0.0008170145828962114
2021-02-02,0.0,-0.001950357617264255,-0.0005389233469344451
2021-02-03,0.0,-0.00101779430138784,-0.00028123719800891356
2021-02-04,0.0,-0.0005430297852155064,-0.00015005013785314536
2021-02-05,0.0,-0.0006115854096175006,-0.00016899344662219435
2021-02-08,0.0,0.0034327111994992693,0.0009485276917001662
2021-02-09,0.0,0.0010877950842052262,0.0003005798333441161
2021-02-10,0.0,0.0023298395582696963,0.0006437819000210828
2021-02-11,0.0,-0.00011432294911083622,-3.158974837273669e-05
2021-02-12,0.0,-0.00031935382653106703,-8.824393615149296e-05
2021-02-16,0.0,-0.0017043627522247487,-0.00047094997896219827
2021-02-17,0.0,-0.0018781214755014695,-0.000518963036607851
2021-02-18,0.0,-0.0012090244262678263,-0.00033407795809452956
2021-02-19,0.0,0.0006490064713511634,0.0001793336445719602
2021-02-22,0.0,0.0011033165965862338,0.0003048687418641804
2021-02-23,0.0,0.0008809535791130301,0.00024342533243489073
2021-02-24,0.0,-9.207542780818847e-05,-2.544230723923004e-05
2021-02-25,0.0,-0.005526684724001419,-0.0015271350251592152
2021-02-26,0.0,-0.002084001081088021,-0.00057585174518422
2021-03-01,0.0,0.0010511622508432054,0.0002904574388722528
2021-03-02,0.0,-0.0014903544939581306,-0.00041181515886780205
2021-03-03,0.0,-2.3125828893407108e-05,-6.390135325720436e-06
2021-03-04,0.0,-0.0030013582990914348,-0.0008293361410122732
2021-03-05,0.0,-0.0010530283145415884,-0.00029097307010060987
2021-03-08,0.0,-0.0024173345799967908,-0.0006679585482069724
2021-03-09,0.0,0.0006948951701033745,0.00019201362228430264
2021-03-10,0.0,0.001894884061473841,0.0005235948789200206
2021-03-11,0.0,0.0027065907561918414,0.0007478858934366934
2021-03-12,0.0,0.002168498294339113,0.0005992000381171782
2021-03-15,0.0,-0.0009486827625913437,-0.0002621402788232711
2021-03-16,0.0,-0.00023209583164372142,-6.41327832863897e-05
2021-03-17,-0.010030349708399992,0.0012470238766979027,-0.006914182774032283
2021-03-18,0.0,0.0007300324013842733,0.0002017227515825866
2021-03-19,0.0,-0.0008382366773806246,-0.0002316217865371957
2021-03-22,0.0,-0.001585646631395793,-0.0004381463081861909
2021-03-23,0.0,-0.001973032586380556,-0.0005451889005640062
2021-03-24,0.0,-0.003932739590088053,-0.00108669567250173
2021-03-25,0.0,-0.0001324636015447357,-3.660237838413166e-05
2021-03-26,0.0,0.0019418925361091696,0.0005365842734087553
2021-03-29,0.0,-0.00024412034010585221,-6.745539873305989e-05
2021-03-30,0.0,-0.0017176683051670306,-0.000474626572967828
2021-03-31,0.0,0.00044960824534003496,0.0001242358725615933
2021-04-01,0.0,0.001802375974071647,0.0004980330190641725
2021-04-05,0.0,0.0026320938668450903,0.0007273008927231979
2021-04-06,0.0,-0.00012258021568215438,-3.387139851615331e-05
2021-04-07,0.0,-0.00033687952001807444,-9.308664053952906e-05
2021-04-08,0.0,-0.0004031206371128326,-0.00011139040402033007
2021-04-09,0.0,0.0006423508346416338,0.00017749455722729633
2021-04-12,0.0,-0.0011083381196624375,-0.0003062562904855108
2021-04-13,0.0,0.0004433802893209725,0.0001225149620615684
2021-04-14,0.0,5.13244715110472e-05,1.4181991918576168e-05
2021-04-15,0.0,0.001739290735638317,0.0004806012888329052
2021-04-16,0.0,0.0017664401447858543,0.0004881032209481071
2021-04-19,0.0,-0.0006733501205529969,-0.00018606028833632405
2021-04-20,0.0,-0.0004899626618957138,-0.00013538661591310178
2021-04-21,0.0,0.0012703065931916652,0.00035101146311619646
2021-04-22,0.0,-0.0019487441624443664,-0.000538477516660056
2021-04-23,0.0,0.0004746864499306003,0.00013116548887063306
2021-04-26,0.0,0.0021443498757509117,0.0005925273405290393
2021-04-27,0.0,0.0020379357822146306,0.0005631229692783912
2021-04-28,-0.0008177785076199859,0.0007064335386335645,-0.0003966078206990004
2021-04-29,0.0,0.0013340049935804397,0.00036861262242565733
2021-04-30,0.0,-0.0021160181823974373,-0.000584698719320693
2021-05-03,0.0,-0.0005796289897226841,-0.00016016323999069762
2021-05-04,0.0,-0.0023555336096912306,-0.0006508816872938509
2021-05-05,0.0,-0.0001740859324817947,-4.81034721821383e-05
2021-05-06,0.0,0.003049500460271018,0.0008426387960750669
2021-05-07,0.0,0.003101094053341375,0.0008568951517360623
2021-05-10,0.0,0.0010065038622336143,0.0002781174207929331
2021-05-11,0.0,0.000211981494042497,5.8574784053086784e-05
2021-05-12,0.0,-0.0032480618420154613,-0.0008975053310501985
2021-05-13,0.0,-0.00040052490763322165,-0.00011067315134497171
2021-05-14,0.0,0.002342795788888446,0.0006473619691873239
2021-05-17,0.0,0.0025979216079032442,0.0007178584048439327
2021-05-18,0.0,0.0003411258522983656,9.425998822942618e-05
2021-05-19,0.0,0.0004893808146088169,0.00013522583971263292
2021-05-20,0.0,-0.00029846297887042714,-8.247137144750706e-05
2021-05-21,0.0,2.384717384502115e-05,6.589457558821153e-06
2021-05-24,0.0,0.0004445595638280715,0.0001228408195139118
2021-05-25,0.0,0.00026936664561496643,7.443146473360501e-05
2021-05-26,0.0,0.000717728080674445,0.00019832281833957613
2021-05-27,0.0,0.0002869226658790468,7.928254902492511e-05
2021-05-28,0.0,0.0024242922204772135,0.000669881085315698
2021-06-01,0.0,0.0013304520261133515,0.0003676308654894098
2021-06-02,0.0,-2.884311443720207e-05,-7.969937221212728e-06
2021-06-03,0.0,-0.0019895640569833582,-0.0005497568810144363
2021-06-04,0.0,-0.000538410291693745,-0.00014877367814757522
2021-06-07,0.0,0.001424322453295803,0.00039356916744363987
2021-06-08,0.0,-0.0015796926890447305,-0.0004365011132173881
2021-06-09,0.0,-0.001828131811738485,-0.0005051498791290371
2021-06-10,0.0,0.00029209659695085153,8.071221106502641e-05
2021-06-11,0.0,0.00013419840516107885,3.708173979094127e-05
2021-06-14,0.0,0.0003820280327390478,0.00010556208984652794
2021-06-15,0.0,-0.00027956235603234035,-7.724874620745743e-05
2021-06-16,0.0012786241659787992,-0.001434744850716781,0.000528865301757295
2021-06-17,0.0,-0.00580153805337309,-0.0016030825718398231
2021-06-18,0.0,-0.00758901927433231,-0.002096999868675387
2021-06-21,0.0,0.0021691471135413883,0.0005993793200155082
2021-06-22,0.0,0.001314323472169477,0.0003631742190796925
2021-06-23,0.0,0.0015410382581458237,0.00042582011036463663
2021-06-24,0.0,0.002161050374358369,0.0005971420268436596
2021-06-25,0.0,0.0015199972736405058,0.0004200060598069202
2021-06-28,0.0,-0.0010307647197812409,-0.00028482118754490267
2021-06-29,0.0,-0.0017362217257455251,-0.00047975325918513307
2021-06-30,0.0,-0.0020154668647961037,-0.0005569143519099665
2021-07-01,0.0,8.470182492541797e-05,2.3404831286423928e-05
2021-07-02,0.0,-0.000491420912325237,-0.0001357895600681586
2021-07-06,0.0,-0.0031224965235064337,-0.0008628090881095346
2021-07-07,0.0,-0.002643445360003398,-0.0007304375403981816
2021-07-08,0.0,-0.0036968288786063384,-0.0010215087605815732
2021-07-09,0.0,0.0032092121732424047,0.0008867703800149938
2021-07-12,0.0,0.0033213672170094113,0.0009177610921938592
2021-07-13,0.0,0.0002972292497365674,8.213046707789568e-05
2021-07-14,0.0,-0.0031791288205385653,-0.0008784577398188312
2021-07-15,0.0,-0.0017045156529208114,-0.00047099222852409466
2021-07-16,0.0,-0.002787727219764438,-0.0007703055431049952
2021-07-19,0.0,-0.007189106945098542,-0.0019864959851602585
2021-07-20,0.0,0.0005467490842409354,0.00015107785557080466
2021-07-21,0.0,0.004392008885593658,0.0012136010890710699
2021-07-22,0.0,0.0007678370722637773,0.00021216894851580113
2021-07-23,0.0,0.0018714280316249287,0.000517113502376522
2021-07-26,0.0,0.00014873663292033635,4.1098946837054363e-05
2021-07-27,0.0,-0.0028966046262862122,-0.0008003905776693546
2021-07-28,0.002882590952156601,0.0009587508752703029,0.002350994939187197
2021-07-29,0.0,0.002481329517546244,0.0006856416467452747
2021-07-30,0.0,-0.0011776995756803143,-0.00032542226686569574
2021-08-02,0.0,-0.0019841609919914217,-0.0005482639046272427
2021-08-03,0.0,0.0010464000130712993,0.000289141536036683
2021-08-04,0.0,-0.000194593747989109,-5.377019733740427e-05
2021-08-05,0.0,0.0017755616587281735,0.0004906236801599922
2021-08-06,0.0,0.002857637669429997,0.0007896232175591311
2021-08-09,0.0,-0.0006386909910889462,-0.0001764832682620257
2021-08-10,0.0,0.0002570644095081179,7.10321075086565e-05
2021-08-11,0.0,0.00022299757628479146,6.161875089258874e-05
2021-08-12,0.0,0.00032892271458432877,9.088801389931562e-05
2021-08-13,0.0,-0.002716000201727393,-0.000750485913984684
2021-08-16,0.0,-0.0009217292900430907,-0.0002546924879624415
2021-08-17,0.0,-0.003158475324139218,-0.0008727507600798808
2021-08-18,0.0,-0.0037753617737201,-0.0010432089915056468
2021-08-19,0.0,-0.0019602271865046678,-0.0005416505089896304
2021-08-20,0.0,-0.001405958070152533,-0.0003884947161018188
2021-08-23,0.0,0.0024109913462724035,0.0006662057841400782
2021-08-24,0.0,0.004570377953097548,0.001262888078286724
2021-08-25,0.0,0.002527643632105039,0.0006984391754689258
2021-08-26,0.0,-0.0004990416528833794,-0.00013789532517059864
2021-08-27,0.0,-0.0004678388638275344,-0.00012927336201737295
2021-08-30,0.0,0.002116326892298788,0.0005847840221245456
2021-08-31,0.0,0.0007971810204785048,0.0002202772762625527
2021-09-01,0.0,0.00034292980884257724,9.475845799206105e-05
2021-09-02,0.0,-0.0006933731751188303,-0.00019159306421647583
2021-09-03,0.0,-0.0003412602305420124,-9.429711966223639e-05
2021-09-07,0.0,0.003086626739965384,0.0008528975397716087
2021-09-08,0.0,-0.0005107548063313162,-0.00014113190691511648
2021-09-09,0.0,-0.0018554420869181358,-0.0005126962617899581
2021-09-10,0.0,0.0006129711559043385,0.00016937635641283685
2021-09-13,0.0,0.00030289222963068765,8.369526322150888e-05
2021-09-14,0.0,-0.002865272845537612,-0.0007917329714965252
2021-09-15,0.0,0.0018760734791599444,0.0005183971337020893
2021-09-16,0.0,0.001766186453816498,0.0004880331209904982
2021-09-17,0.0,0.0008893927583085208,0.0002457572487240649
2021-09-20,0.0,-0.005299581989605811,-0.0014643819358616114
2021-09-21,0.0,-0.000921342276942163,-0.0002545855483971981
2021-09-22,0.002733671684374002,0.0012503228126654225,0.0023237923209504124
2021-09-23,0.0,0.006885591524040451,0.001902628521514138
2021-09-24,0.0,0.0006959304534963277,0.00019229969207284667
2021-09-27,0.0,0.0009361586862062893,0.0002586796226323498
2021-09-28,0.0,-0.0009239721735278867,-0.0002553122421366046
2021-09-29,0.0,0.0005482933282444448,0.0001515045614935995
2021-09-30,0.0,-0.001172822494928326,-0.0003240746305866538
2021-10-01,0.0,1.1748122006047346e-05,3.2462442659998634e-06
2021-10-04,0.0,-0.0027986405242868607,-0.0007733211103770059
2021-10-05,0.0,0.0038160591553812635,0.001054454503068325
2021-10-06,0.0,0.000488419869921753,0.00013496031121550646
2021-10-07,0.0,0.00399223539039716,0.0011031355682148572
2021-10-08,0.0,0.0015583739948454697,0.00043061032584155637
2021-10-11,0.0,0.00020787986692157674,5.744142133215973e-05
2021-10-12,0.0,-0.00048798053306811856,-0.00013483891353669282
2021-10-13,0.0,-0.0005181648040818947,-0.00014317943950768793
2021-10-14,0.0,0.0014361192522145537,0.00039682886212738896
2021-10-15,0.0,0.005363295097063445,0.0014819871590323371
2021-10-18,0.0,0.0019721817167384355,0.0005449537880332183
2021-10-19,0.0,0.0019996422894516903,0.0005525417009494775
2021-10-20,0.0,0.0009597737820484639,0.00026520495233434263
2021-10-21,0.0,0.0008618348742974376,0.0002381424467235393
2021-10-22,0.0,-0.003164365465654032,-0.0008743783255842696
2021-10-25,0.0,-0.00046683659089341605,-0.00012899641368778686
2021-10-26,0.0,0.0009857040534138582,0.00027237001196620566
2021-10-27,0.0,-0.0019078649290137362,-0.0005271817557670091
2021-10-28,0.0,0.0013637026705726185,0.0003768186926043422
2021-10-29,0.0,-0.0005768095524559975,-0.00015938417231880787
2021-11-01,0.0,-0.00041010319421327934,-0.00011331982609627327
2021-11-02,0.0,-0.0010609616586860768,-0.00029316521391099863
2021-11-03,0.0014198617740586242,0.0014198262478269778,0.001419851957440639
2021-11-04,0.0,0.0005105154990371098,0.00014106578145853463
2021-11-05,0.0,-0.0054426978236589455,-0.001503927742027876
2021-11-08,0.0,0.0007535196075749456,0.00020821274278131428
2021-11-09,0.0,-0.0019788182476720944,-0.0005467875960647004
2021-11-10,0.0,-0.00070624092751789,-0.00019514868505700263
2021-11-11,0.0,0.00019623732598106035,5.422435125488565e-05
2021-11-12,0.0,8.453269517780494e-05,2.335809730859188e-05
2021-11-15,0.0,0.0018657204248673821,0.0005155363749258767
2021-11-16,0.0,0.0001821350025059899,5.032759339906345e-05
2021-11-17,0.0,-0.0017155867766723131,-0.00047405140444838176
2021-11-18,0.0,-0.0010661371156916628,-0.00029459529759753714
2021-11-19,0.0,-0.0004199050589957045,-0.00011602828003722441
2021-11-22,0.0,-0.0013944169509159069,-0.0003853056708973314
2021-11-23,0.0,0.0014431724109509906,0.00039877779286657936
2021-11-24,0.0,-0.0015253856321739252,-0.00042149497250149894
2021-11-26,0.0,-0.01067811380127387,-0.002950579308015028
2021-11-29,0.0,0.0020027364010448355,0.0005533966667059143
2021-11-30,0.0,-0.004336408976641021,-0.0011982377071165153
2021-12-01,0.0,-0.0041164835024975035,-0.00113746784032264
2021-12-02,0.0,0.0034794608527125574,0.0009614455685832119
2021-12-03,0.0,-0.0038447219630905493,-0.0010623746178854703
2021-12-06,0.0,0.005339116466189393,0.00147530611317716
2021-12-07,0.0,0.006162677395946618,0.001702872693142003
2021-12-08,0.0,0.001564033110670245,0.00043217405426447785
2021-12-09,0.0,-0.003974462891080435,-0.0010982246663728684
2021-12-10,0.0,0.0019683559941403948,0.0005438966633250477
2021-12-13,0.0,-0.005055800248719912,-0.0013970200989570445
2021-12-14,0.0,0.00042094432044310036,0.00011631544904285329
2021-12-15,-0.0007452928484742369,0.004398841023780262,0.0006761356213480863
2021-12-16,0.0,-0.0033985534269294613,-0.0009390892066991602
2021-12-17,0.0,-0.005008916700215248,-0.0013840652240906916
2021-12-20,0.0,0.001288127715810429,0.0003559358005622209
2021-12-21,0.0,0.0050123790741825195,0.0013850219482064452
2021-12-22,0.0,0.0008407876473353317,0.0002323266712484664
2021-12-23,0.0,0.00021721728302157234,6.002153868693887e-05
2021-12-27,0.0,0.0022850807271963982,0.0006314141276528901
2021-12-28,0.0,0.00017733138583694817,4.9000256735389775e-05
2021-12-29,0.0,0.0014282051763382445,0.00039464204253010076
2021-12-30,0.0,-0.002394392706151516,-0.0006616192433901532
2021-12-31,0.0,-0.00012731934305835777,-3.5180915480900884e-05
2022-01-03,0.0,0.004336269935146346,0.0011981992871329136
2022-01-04,0.0,0.0021121942569870445,0.0005836420912119016
2022-01-05,0.0,-0.0003902524433282589,-0.00010783466121603807
2022-01-06,0.0,0.00060572167617046,0.00016737317820227082
2022-01-07,0.0,0.0003676999640837004,0.00010160295402113119
2022-01-10,0.0,-0.003043092977410611,-0.000840868278669444
2022-01-11,0.0,-0.0011083732242252791,-0.0003062659905878571
2022-01-12,0.0,-0.001623617585364029,-0.00044863845250768167
2022-01-13,0.0,-0.006108948305775588,-0.0016880262563416946
2022-01-14,0.0,0.0015935599512339567,0.0004403329188748132
2022-01-18,0.0,-0.00029235050815063765,-8.078237187676761e-05
2022-01-19,0.0,-0.0023391804827724958,-0.0006463629868186784
2022-01-20,0.0,-0.0037457656409132325,-0.001035030980043848
2022-01-21,0.0,-0.003834985219756252,-0.0010596841583207666
2022-01-24,0.0,0.001278638193752433,0.00035331365324778275
2022-01-25,0.0,-0.00028756253894170284,-7.945935892352386e-05
2022-01-26,0.02393001899894532,0.0031614824912036973,0.018191251345973995
2022-01-27,0.0,0.002374832022002526,0.0006562142298292618
2022-01-28,0.0,0.007405118109370813,0.002046184248786552
2022-01-31,0.0,0.0020286477601839273,0.0005605565005062647
2022-02-01,0.0,-0.0014285509272912854,-0.00039473758052742457
2022-02-02,0.0,-0.001961438448572494,-0.0005419852052534485
2022-02-03,0.0,-0.0033071263979114677,-0.0009138260651898798
2022-02-04,0.0,0.0010213173115207845,0.0002822106771264477
2022-02-07,0.0,-7.324549159521216e-05,-2.023921414664447e-05
2022-02-08,0.0,0.0005129590300510344,0.00014174097861248506
2022-02-09,0.0,0.0021519832983361025,0.0005946366099326405
2022-02-10,0.0,-0.00013176306524852112,-3.6408806004346986e-05
2022-02-11,0.0,-0.006486352987361965,-0.0017923108205410308
2022-02-14,0.0,0.0009381058988371086,0.0002592176769557749
2022-02-15,0.0,0.005927163018940894,0.001637795296471981
2022-02-16,0.0,-0.00260066318163307,-0.0007186159572421529
2022-02-17,0.0,-0.007161318759420599,-0.001978817546140547
2022-02-18,0.0,-0.0027486661196639,-0.0007595121693079113
2022-02-22,0.0,-0.002365042626690126,-0.0006535092214556573
2022-02-23,0.0,-0.0016660405700674203,-0.0004603607831720291
2022-02-24,0.0,0.0036033423254134057,0.0009956765307924688
2022-02-25,0.0,0.00793358630196346,0.002192210723408123
2022-02-28,0.0,-0.004862637635240003,-0.0013436453530962231
2022-03-01,0.0,-0.007394795685414704,-0.002043331953793234
2022-03-02,0.0,0.007911409541021439,0.002186082834796698
2022-03-03,0.0,-0.001989147268502577,-0.0005496417139081385
2022-03-04,0.0,-0.0035475465018778075,-0.0009802590136670985
2022-03-07,0.0,0.0008169586537478969,0.00022574223726336314
2022-03-08,0.0,0.004515949439031869,0.0012478483764857338
2022-03-09,0.0,0.005889074717953931,0.0016272707267903789
2022-03-10,0.0,-0.002805888761764134,-0.0007753239453268891
2022-03-11,0.0,-0.0004081968830914637,-0.00011279307368893359
2022-03-14,0.0,0.008262768174399894,0.002283170347875575
2022-03-15,0.0,0.004861785511280234,0.0013434098939720414
2022-03-16,0.012630225079662612,0.0006427383600261213,0.009317839490941424
2022-03-17,0.0,0.0005111194232206278,0.00014123265795307858
2022-03-18,0.0,-0.002812806513231582,-0.0007772354602927072
2022-03-21,0.0,0.00497936502486268,0.001375899497124749
2022-03-22,0.0,0.003868098875407805,0.0010688341326511163
2022-03-23,0.0,-0.003518229888357672,-0.0009721582390505865
2022-03-24,0.0,0.0034535102071105023,0.0009542748791367367
2022-03-25,0.0,0.004402979462391282,0.0012166324818337316
2022-03-28,0.0,-6.222361401398206e-05,-1.7193645937512574e-05
2022-03-29,0.0,0.003550348793103907,0.0009810333435403926
2022-03-30,0.0,-0.003611685981407256,-0.0009979820520846013
2022-03-31,0.0,-0.004712034634158654,-0.001302030690901615
2022-04-01,0.0,0.000701326675179193,0.00019379077751501762
2022-04-04,0.0,0.0031530896650650664,0.0008712625933006207
2022-04-05,0.0,0.0006898303744309365,0.00019061411656741875
2022-04-06,0.0,0.0015382755111218085,0.000425056707356011
2022-04-07,0.0,0.0032820555846389955,0.0009068984912518647
2022-04-08,0.0,0.002316433271370435,0.0006400774711810798
2022-04-11,0.0,0.0012603780046665039,0.0003482679928362073
2022-04-12,0.0,0.001609822020114152,0.0004448264581680257
2022-04-13,0.0,0.0020711289608500586,0.0005722949174212604
2022-04-14,0.0,-0.001413072526866865,-0.0003904605847149228
2022-04-18,0.0,0.001992535413410983,0.0005505779270301701
2022-04-19,0.0,0.0035433745301765435,0.0009791062133126102
2022-04-20,0.0,6.638715587720387e-05,1.8344116956861614e-05
2022-04-21,0.0,-0.004660732485993219,-0.0012878548673759661
2022-04-22,0.0,-0.002021061202739632,-0.0005584601808911344
2022-04-25,0.0,0.0016673470398364265,0.00046072178725371603
2022-04-26,0.0,-0.0034225186452320386,-0.0009457112823345792
2022-04-27,0.0,0.0028789347920367965,0.0007955080442666706
2022-04-28,0.0,0.006383726568583287,0.0017639530606089419
2022-04-29,0.0,0.0004462243012768739,0.00012330082021826165
2022-05-02,0.0,-0.0008236529577515637,-0.00022759200916525329
2022-05-03,0.0,0.0006040555992989326,0.00016691280738826949
2022-05-04,0.001218408655050636,-0.003324179015373819,-3.680040477410727e-05
2022-05-05,0.0,0.0014118483824440984,0.0003901223287952859
2022-05-06,0.0,0.009403269198915968,0.0025983139009725285
2022-05-09,0.0,0.0033377307138833362,0.0009222826580978686
2022-05-10,0.0,-0.0011605599889830483,-0.0003206862516107497
2022-05-11,0.0,-1.4613838611655757e-05,-4.038099857399771e-06
2022-05-12,0.0,0.0012104399364219036,0.0003344690922450578
2022-05-13,0.0,-0.0009385535001086932,-0.0002593413582608029
2022-05-16,0.0,-0.0014916833647544102,-0.000412182352807434
2022-05-17,0.0,-0.0027451809185321447,-0.0007585491375838626
2022-05-18,0.0,-0.0028956951578251373,-0.0008001392730969853
2022-05-19,0.0,-0.0001448744280861432,-4.0031741347473756e-05
2022-05-20,0.0,-0.004890762074554081,-0.001351416705812069
2022-05-23,0.0,0.0004555703100718629,0.00012588331190885698
2022-05-24,0.0,-0.0033965744573481098,-0.0009385423772865321
2022-05-25,0.0,-0.0027086841809334157,-0.0007484643491303048
2022-05-26,0.0,-0.0002665074950940921,-7.364142348452357e-05
2022-05-27,0.0,-0.0025560062005990014,-0.000706276328104484
2022-05-31,0.0,0.0016426597508851827,0.0004539001888603895
2022-06-01,0.0,0.003080529098362247,0.0008512126377864135
2022-06-02,0.0,-0.0018119520580258633,-0.0005006790851853029
2022-06-03,0.0,0.0012120865890047313,0.00033492409573432586
2022-06-06,0.0,0.003728481269642632,0.001030254957876244
2022-06-07,0.0,-0.000989929212367456,-0.00027353750903671574
2022-06-08,0.0,0.001996021986589356,0.0005515413378785129
2022-06-09,0.0,0.006882130049116342,0.0019016720458222356
2022-06-10,0.0,0.007031853492351446,0.0019430436683536942
2022-06-13,0.0,0.017658969430321067,0.004879531232918625
2022-06-14,0.0,0.00477429040641398,0.0013192332228131169
2022-06-15,0.01348989165920101,-0.0048001119638663246,0.008435992886619621
2022-06-16,0.0,-0.0015327266182790457,-0.0004235234357774392
2022-06-17,0.0,-0.00429724644243998,-0.0011874163050212092
2022-06-21,0.0,-0.00268550853827969,-0.0007420604492527931
2022-06-22,0.0,-0.0005921737432682231,-0.00016362960970022438
2022-06-23,0.0,-0.0007158941577475891,-0.00019781606825794372
2022-06-24,0.0,-0.004783554854531958,-0.0013217931776352712
2022-06-27,0.0,0.0007137174085920572,0.00019721458833961907
2022-06-28,0.0,0.003394850901897992,0.0009380661239760713
2022-06-29,0.0,0.000960617081870938,0.0002654379731705083
2022-06-30,0.0,0.003465622052794312,0.0009576216276282406
2022-07-01,0.0,-0.003011576072979166,-0.0008321595190702519
2022-07-05,0.0,-0.0004254240837058075,-0.00011755329844526112
2022-07-06,0.0,0.004810251485702758,0.0013291699980168704
2022-07-07,0.0,-0.0003090450870851971,-8.539542246576379e-05
2022-07-08,0.0,-0.0005016125182438934,-0.00013860570738580974
2022-07-11,0.0,0.001858956280679459,0.0005136673047652895
2022-07-12,0.0,0.0048650455827494166,0.001344310717806535
2022-07-13,0.0,-0.0010230510440759025,-0.00028268974257732843
2022-07-14,0.0,0.003528144635457381,0.0009748978846641324
2022-07-15,0.0,-0.002383340872170263,-0.0006585653976204245
2022-07-18,0.0,-0.0015640021752098803,-0.00043216550616966123
2022-07-19,0.0,-0.004355477038269171,-0.0012035065990885472
2022-07-20,0.0,-0.003278530487093616,-0.0009059244353399591
2022-07-21,0.0,-0.0022768950853452336,-0.0006291522688716148
2022-07-22,0.0,-0.001998422396553333,-0.000552204619812221
2022-07-25,0.0,0.000558118874898135,0.00015421955921565562
2022-07-26,0.0,0.0001736122950738518,4.797259656483485e-05
2022-07-27,0.017236007599911625,-0.0027307125175093567,0.011718798069857586
2022-07-28,0.0,-0.006877720748587765,-0.0019004536667016753
2022-07-29,0.0,-0.0032359995452813707,-0.000894172273937949
2022-08-01,0.0,-0.002379123955515086,-0.0006574001780640543
2022-08-02,0.0,0.00136344779807063,0.0003767482661653152
2022-08-03,0.0,0.0015578727886572522,0.00043047183241139386
2022-08-04,0.0,-0.002479058883528938,-0.0006850142245364254
2022-08-05,0.0,0.0020017095211753893,0.0005531129189812698
2022-08-08,0.0,0.001052816696305303,0.0002909145956920389
2022-08-09,0.0,-0.0003055867583628001,-8.443981613317335e-05
2022-08-10,0.0,-0.0022290567963479772,-0.000615933579852838
2022-08-11,0.0,-0.00294162676886534,-0.0008128311083444098
2022-08-12,0.0,-0.004578441531143908,-0.0012651162083642774
2022-08-15,0.0,0.002693857055551738,0.0007443673138146385
2022-08-16,0.0,0.00285011147441905,0.0007875435773079908
2022-08-17,0.0,0.0037628161982476965,0.0010397423946810654
2022-08-18,0.0,0.0023682474055245584,0.0006543947668142873
2022-08-19,0.0,0.008114271493753064,0.0022421377047159574
2022-08-22,0.0,0.006791577850198651,0.0018766506376040608
2022-08-23,0.0,0.0016176840582784692,0.0004469988986905917
2022-08-24,0.0,-0.001797474484671086,-0.0004966786381807223
2022-08-25,0.0,-0.0033677920606473605,-0.0009305892176067599
2022-08-26,0.0,0.004209143388657494,0.001163071645252503
2022-08-29,0.0,0.00533987726603776,0.001475516337598056
2022-08-30,0.0,0.0018860031338457973,0.0005211408985838905
2022-08-31,0.0,0.003881022337598293,0.0010724051472363531
2022-09-01,0.0,0.004400806155889402,0.0012160319531903999
2022-09-02,0.0,0.0019958267924352923,0.0005514874017768059
2022-09-06,0.0,0.0020060370208128575,0.0005543086948573645
2022-09-07,0.0,-0.0011242088311719457,-0.0003106416898036792
2022-09-08,0.0,0.00020039900578150316,5.537430774854146e-05
2022-09-09,0.0,-0.004498188619686088,-0.0012429407020564914
2022-09-12,0.0,-0.0065624085172500644,-0.0018133265052325703
2022-09-13,0.0,0.006173104535164696,0.0017057539230849715
2022-09-14,0.0,0.004980046212963108,0.001376087723205815
2022-09-15,0.0,0.0025053406375580576,0.0006922764059534665
2022-09-16,0.0,0.00217238701206351,0.0006002745696557864
2022-09-19,0.0,-0.0017387742337693663,-0.000480458568896085
2022-09-20,0.0,0.0036057297350941277,0.0009963362204843743
2022-09-21,0.0031346275474977217,0.002245306645312451,0.0028888901540771645
2022-09-22,0.0,0.007627664640655584,0.0021076783668021355
2022-09-23,0.0,0.0036836368106887563,0.0010178635247888152
2022-09-26,0.0,0.013586508275689737,0.0037542276597241995
2022-09-27,0.0,0.004436484696824187,0.0012258906573193804
2022-09-28,0.0,-0.007510593036846459,-0.002075329109416048
2022-09-29,0.0,0.0006913509305160612,0.00019103427703816688
2022-09-30,0.0,-0.002445279010944194,-0.0006756801609620103
2022-10-03,0.0,-0.007552925939142391,-0.0020870265484850808
2022-10-04,0.0,-0.009355115617414688,-0.0025850080902433395
2022-10-05,0.0,-0.000171192594826964,-4.730398433490954e-05
2022-10-06,0.0,0.004132049719486671,0.0011417691016321822
2022-10-07,0.0,0.010176931773439835,0.0028120925538562833
2022-10-10,0.0,0.006206763178462876,0.0017150544885499715
2022-10-11,0.0,0.0033819734379494427,0.0009345078196375498
2022-10-12,0.0,0.0009309706325130836,0.0002572460582256643
2022-10-13,0.0,-0.0017696239250205833,-0.0004889829639679594
2022-10-14,0.0,0.003807315469409952,0.0010520384453840872
2022-10-17,0.0,-0.002407582216407265,-0.0006652637724490983
2022-10-18,0.0,-0.004211086901686901,-0.0011636086773010603
2022-10-19,0.0,0.004404924103982065,0.0012171698257266751
2022-10-20,0.0,0.004423328267870355,0.001222255269294773
2022-10-21,0.0,-0.004692661588713693,-0.0012966775257184234
2022-10-24,0.0,-0.002748088329396636,-0.0007593525141442101
2022-10-25,0.0,-0.004160871298445639,-0.0011497330881641956
2022-10-26,0.0,-0.004906785881238101,-0.0013558444084304717
2022-10-27,0.0,-0.004466866175245053,-0.0012342856756947058
2022-10-28,0.0,0.00213833088362287,0.0005908641709881803
2022-10-31,0.0,0.003971651208703043,0.0010974477415340966
2022-11-01,0.0,-0.00038101933038820987,-0.00010528336493876627
2022-11-02,0.0006626916357732673,0.0036148922225746824,0.0014784445043638714
2022-11-03,0.0,0.003405480531430682,0.0009410033060978125
2022-11-04,0.0,-0.004396067524442858,-0.0012147225732610705
2022-11-07,0.0,-0.005014888131816769,-0.0013857152516939348
2022-11-08,0.0,-0.006992520926769213,-0.0019321752831409202
2022-11-09,0.0,0.0010013997670915368,0.0002767070558359163
2022-11-10,0.0,-0.010788086295506418,-0.0029809669375132873
2022-11-11,0.0,-0.010999050521019432,-0.003039260629649801
2022-11-14,0.0,-0.0032845985236887782,-0.0009076011568613037
2022-11-15,0.0,-0.0019940678910300258,-0.0005510013816624108
2022-11-16,0.0,-0.002596298460331895,-0.0007174098962658254
2022-11-17,0.0,0.0022732449927601955,0.0006281436742963754
2022-11-18,0.0,0.0028895000275932733,0.0007984274330274016
2022-11-21,0.0,0.0015383777094472133,0.00042508494682506567
2022-11-22,0.0,-8.488982639326606e-06,-2.3456779903120904e-06
2022-11-23,0.0,-0.0054654700347591375,-0.0015102201655888573
2022-11-25,0.0,-0.00041155262402030714,-0.00011372033293452464
2022-11-28,0.0,0.004275422580903558,0.0011813859296694621
2022-11-29,0.0,0.0006347676745073525,0.00017539917635779243
2022-11-30,0.0,-0.007422655969677405,-0.0020510303151134827
2022-12-01,0.0,-0.007860828292393424,-0.0021721062104271788
2022-12-02,0.0,-0.004172843200085607,-0.0011530411672794666
2022-12-05,0.0,0.004759973270589196,0.001315277107950433
2022-12-06,0.0,0.003295851514842737,0.0009107105864356716
2022-12-07,0.0,-0.0017659576150282372,-0.00048796988819432466
2022-12-08,0.0,-0.002433193378787534,-0.0006723406557994536
2022-12-09,0.0,0.0008327070735878638,0.00023009384491416346
2022-12-12,0.0,5.241670469883892e-05,1.4483798089909638e-05
2022-12-13,0.0,-0.003564990783382437,-0.0009850792222740351
2022-12-14,-0.001157115963542836,-0.003196147608471478,-0.001720541741904232
2022-12-15,0.0,0.004021184549931713,0.0011111348078461942
2022-12-16,0.0,0.005330859338734356,0.001473024501474392
2022-12-19,0.0,0.002794924032002056,0.0007722941682186789
2022-12-20,0.0,-0.0014706712157683075,-0.00040637627008822497
2022-12-21,0.0,-0.004574581172569908,-0.0012640495130338152
2022-12-22,0.0,0.0037372130326122385,0.0010326677209934099
2022-12-23,0.0,0.000923927770515137,0.0002552999726840523
2022-12-27,0.0,0.00040354283402941753,0.00011150706558707931
2022-12-28,0.0,0.003979321556867292,0.00109956721422374
2022-12-29,0.0,-0.003923357193019845,-0.0010841031259935878
2022-12-30,0.0,0.00021433343384887963,5.922467269967356e-05
2023-01-03,0.0,-0.001442216903749032,-0.00039851376685681516
2023-01-04,0.0,-0.0013234930853740206,-0.0003657079690927894
2023-01-05,0.0,-0.00011633347327232541,-3.21452969555254e-05
2023-01-06,0.0,-0.0026060165959917616,-0.0007200952141528725
2023-01-09,0.0,-0.00565447829183193,-0.0015624469785580578
2023-01-10,0.0,-0.0010503701556550049,-0.0002902385669145477
2023-01-11,0.0,-0.0022413843314020515,-0.0006193399276897604
2023-01-12,0.0,-0.0032284894032249215,-0.0008920970694435589
2023-01-13,0.0,-0.003059675711997759,-0.0008454504243979627
2023-01-17,0.0,0.0008625478823009435,0.00023833946528887268
2023-01-18,0.0,-0.001611882071660126,-0.0004453956921711575
2023-01-19,0.0,0.000510604833782349,0.00014109046645962146
2023-01-20,0.0,-0.0011052372509166852,-0.000305399457590829
2023-01-23,0.0,-0.00200135051927489,-0.0005530137194785426
2023-01-24,0.0,-0.0005882059679859721,-0.00016253323295574104
2023-01-25,0.0,-0.0005936476840940362,-0.0001640368894298489
2023-01-26,0.0,-0.0020656148892090305,-0.0005707712676466168
2023-01-27,0.0,0.0002697641399259652,7.45413004696642e-05
2023-01-30,0.0,0.0027690230583618243,0.0007651372041421962
2023-01-31,0.0,-0.0005527476115295047,-0.00015273537026165807
2023-02-01,-0.0014976472502125013,-0.0018350059370952287,-0.0015908662942703145
2023-02-02,0.0,-0.004529150436119299,-0.0012514960795891312
2023-02-03,0.0,0.001759469845355855,0.0004861771859149938
2023-02-06,0.0,0.00451091106507503,0.001246456171624486
2023-02-07,0.0,-0.0004267819868473205,-0.00011792851461041931
2023-02-08,0.0,0.0006381380811923949,0.00017633048804912272
2023-02-09,0.0,7.92724408078089e-05,2.1904582391270588e-05
2023-02-10,0.0,0.0013155558793953694,0.000363514758179335
2023-02-13,0.0,-0.0017099095858682436,-0.0004724826815422686
2023-02-14,0.0,0.00016344470343464552,4.516308487940876e-05
2023-02-15,0.0,0.00023668275153269818,6.540024223689488e-05
2023-02-16,0.0,0.0026759611826721957,0.0007394223213562376
2023-02-17,0.0,0.0006671044894437534,0.00018433449385057597
2023-02-21,0.0,0.004034494864656585,0.0011148127176288834
2023-02-22,0.0,-0.0011085474234167876,-0.00030631412535580426
2023-02-23,0.0,-0.001460959915733492,-0.00040369284102295
2023-02-24,0.0,0.0021185652077525645,0.0005854025140591356
2023-02-27,0.0,-0.00039195444877566536,-0.00010830495982389213
2023-02-28,0.0,2.652399542969942e-05,7.329117626693578e-06
2023-03-01,0.0,0.0005815572508137196,0.00016069605761949841
2023-03-02,0.0,-0.0009657013919598473,-0.00026684287111625583
2023-03-03,0.0,-0.003175334820407874,-0.0008774093806714613
2023-03-06,0.0,7.492681687972565e-08,2.0703798406266816e-08
2023-03-07,0.0,0.0038088426794588123,0.0010524604444799035
2023-03-08,0.0,0.0036854527097095733,0.0010183652944998319
2023-03-09,0.0,0.0007730857472362764,0.00021361926381085865
2023-03-10,0.0,-0.004226640010705504,-0.0011679063166126133
2023-03-13,0.0,-0.006651966385020052,-0.0018380731595977397
2023-03-14,0.0,-0.0018104105322543408,-0.0005002531303651094
2023-03-15,0.0,-0.00019200943576261215,-5.305609948052975e-05
2023-03-16,0.0,9.069556142082882e-05,2.5061022184009606e-05
2023-03-17,0.0,-0.0035667390344472478,-0.0009855622994834605
2023-03-20,0.0,-0.0025124961234576013,-0.0006942536117621804
2023-03-21,0.0,-0.0007520834597373398,-0.00020781590602046384
2023-03-22,-0.00026389192039543563,-0.0016304506627151628,-0.0006414998035212554
2023-03-23,0.0,-0.00411311400133929,-0.0011365367788467291
2023-03-24,0.0,0.0006403129128709088,0.00017693143812967657
2023-03-27,0.0,0.003245220428750955,0.0008967201909646178
2023-03-28,0.0,-0.001400473120362005,-0.00038697911328482105
2023-03-29,0.0,-0.002036255841718544,-0.0005626587676638834
2023-03-30,0.0,-0.0016410569150675177,-0.00045345729283158113
2023-03-31,0.0,-0.002938406480861745,-0.0008119412774879412
2023-04-03,0.0,0.0013358912048423049,0.00036913382083423213
2023-04-04,0.0,-0.003786746044341094,-0.0010463546962580293
2023-04-05,0.0,-0.0006900012813673791,-0.00019066134161855125
2023-04-06,0.0,-0.0004185080429304447,-0.00011564225617834509
2023-04-10,0.0,0.0013220224305674627,0.00036530159735689865
2023-04-11,0.0,0.001349467547058391,0.0003728852394056034
2023-04-12,0.0,-0.0005252730900667377,-0.00014514360302314222
2023-04-13,0.0,-0.0027184659223185212,-0.0007511672425686387
2023-04-14,0.0,-0.0008663919224210175,-0.00023940165149971047
2023-04-17,0.0,0.00342640971883071,0.0009467864648490073
2023-04-18,0.0,0.0004511365766579262,0.00012465818148677291
2023-04-19,0.0,-0.000757662763633964,-0.00020935758078970474
2023-04-20,0.0,0.0007070398119972734,0.00019536943303349278
2023-04-21,0.0,-0.0006786425724505493,-0.00018752270008321143
2023-04-24,0.0,-0.0004860090569452813,-0.0001342941547185582
2023-04-25,0.0,0.0005937061811328216,0.0001640530533475063
2023-04-26,0.0,0.0018955791122042993,0.0005237869355267843
2023-04-27,0.0,-0.0023184038076524715,-0.0006406219703021489
2023-04-28,0.0,-0.0020932109077040303,-0.0005783966069781036
2023-05-01,0.0,0.0033529087231325004,0.0009264766497391735
2023-05-02,0.0,-0.0013393071099305567,-0.0003700777046567043
2023-05-03,0.00037981834305057116,-0.0011748520416353487,-4.9768600225010104e-05
2023-05-04,0.0,0.0009015609535586551,0.0002491195677430521
2023-05-05,0.0,-0.00035470548672699424,-9.801231650586206e-05
2023-05-08,0.0,0.001336331209923542,0.00036925540315787853
2023-05-09,0.0,-0.0002749827685554809,-7.598331335106156e-05
2023-05-10,0.0,-0.0007808766784320595,-0.00021577205603655152
2023-05-11,0.0,-0.00298746973212715,-0.0008254984484136131
2023-05-12,0.0,0.0005607579700393431,0.00015494879470241384
2023-05-15,0.0,0.0010589912263276856,0.0002926207435061394
2023-05-16,0.0,-0.0008356047891113575,-0.00023089454245525114
2023-05-17,0.0,0.0013191175617813286,0.00036449892322433383
2023-05-18,0.0,0.0011741828443107567,0.0003244505226977673
2023-05-19,0.0,0.0014715593404274674,0.0004066216769354476
2023-05-22,0.0,-0.0004070619670360166,-0.00011247947337600783
2023-05-23,0.0,-0.0007573622865341464,-0.00020927455287580963
2023-05-24,0.0,-0.001274783251208979,-0.00035224845447635314
2023-05-25,0.0,0.0013531252704263982,0.00037389594252086687
2023-05-26,0.0,0.0015546918899054854,0.000429592885603697
2023-05-30,0.0,-0.0009138036718369795,-0.0002525024789854451
2023-05-31,0.0,-0.0002549194312601803,-7.043940653615403e-05
2023-06-01,0.0,0.0009976086825004365,0.0002756595023112385
2023-06-02,0.0,-0.001260593284904608,-0.00034832747913011617
2023-06-05,0.0,0.0015700997707737455,0.00043385039543327245
2023-06-06,0.0,-0.000805085461455469,-0.00022246143354183492
2023-06-07,0.0,-0.0009196975915289855,-0.0002541310884767825
2023-06-08,0.0,0.0016853721920166633,0.00046570250220362446
2023-06-09,0.0,-0.0021419108498149874,-0.0005918533882194665
2023-06-12,0.0,0.000522642366659327,0.00014441668081614242
2023-06-13,0.0,0.0008350020668766254,0.0002307279980835224
2023-06-14,-0.0007929943041471363,-0.0005166105273763079,-0.000716623863825198
2023-06-15,0.0,-0.000872588907439941,-0.0002411140040845587
2023-06-16,0.0,-0.0016275142897520592,-0.00044971519092335595
2023-06-20,0.0,-0.0016301522990229127,-0.0004504441263621227
2023-06-21,0.0,-0.0006497165157784055,-0.00017952984424109483
2023-06-22,0.0,-0.00014301348847364418,-3.951752600792099e-05
2023-06-23,0.0,0.0002130653459108566,5.887427429595662e-05
2023-06-26,0.0,0.001112909875881879,0.0003075195594067283
2023-06-27,0.0,0.0012213646473344705,0.00033748781133389355
2023-06-28,0.0,-0.0008446433236917532,-0.00023339207278729463
2023-06-29,0.0,0.003459809756170756,0.0009560155722453636
2023-06-30,0.0,0.001577280570874628,0.000435834596068981
2023-07-03,0.0,0.0015810182849083176,0.0004368674022267283
2023-07-05,0.0,-0.00032709181681204606,-9.038209972921717e-05
2023-07-06,0.0,-0.0015766032394855178,-0.0004356474356754348
2023-07-07,0.0,0.002367267721970026,0.0006541240603882085
2023-07-10,0.0,-0.00031713506821921307,-8.763084825167477e-05
2023-07-11,0.0,0.0011416200955631415,0.00031545277511285734
2023-07-12,0.0,0.003057511033637061,0.0008448522798849476
2023-07-13,0.0,0.0014432830031015278,0.0003988083517196761
2023-07-14,0.0,0.0003337612519383599,9.222499985615744e-05
2023-07-17,0.0,0.0008637474313796704,0.00023867092501635918
2023-07-18,0.0,0.0014025482124084296,0.00038755250328312545
2023-07-19,0.0,-0.0007997013358524373,-0.00022097369049173146
2023-07-20,0.0,-0.001205515656650739,-0.0003331084139202078
2023-07-21,0.0,-0.0013001438191338503,-0.0003592560934986782
2023-07-24,0.0,0.0017802735924851347,0.0004919256829764792
2023-07-25,0.0,0.0007679445449548366,0.00021219864539900708
2023-07-26,-0.0033847017720983683,9.942313716648704e-05,-0.0024219674301408753
2023-07-27,0.0,-0.0007277533280220409,-0.00020109299741165345
2023-07-28,0.0,0.000872557045910389,0.00024110520009805252
2023-07-31,0.0,0.002633529424667394,0.0007276975664508598
2023-08-01,0.0,-0.001325277275257549,-0.00036620097692637146
2023-08-02,0.0,-0.0024360213757264643,-0.0006731220886823043
2023-08-03,0.0,0.0012805680648609213,0.0003538469157570437
2023-08-04,0.0,-0.0021710850228803093,-0.0005999148036507872
2023-08-07,0.0,0.0010328106597712547,0.00028538652223905576
2023-08-08,0.0,-0.002467147103968966,-0.000681722758370641
2023-08-09,0.0,-0.0010528838851359662,-0.00029093316132799057
2023-08-10,0.0,0.0018677180628598813,0.0005160883627989475
2023-08-11,0.0,-0.0001636087619418796,-4.5208417570720865e-05
2023-08-14,0.0,0.00014497491779293486,4.005950869056881e-05
2023-08-15,0.0,-0.0017191874926929041,-0.0004750463552779118
2023-08-16,0.0,-0.0008511544430553881,-0.00023519122705965923
2023-08-17,0.0,0.00028124147515905923,7.77127208609583e-05
2023-08-18,0.0,-0.0007131291390968622,-0.00019705203755280768
2023-08-21,0.0,0.0026966553621630292,0.0007451405426580857
2023-08-22,0.0,0.00024645733445624986,6.810115764718653e-05
2023-08-23,0.0,0.0009681782185817226,0.00026752726852164534
2023-08-24,0.0,-0.0027445974674997643,-0.0007583879182360058
2023-08-25,0.0,0.0009852154543937503,0.00027223500215216203
2023-08-28,0.0,0.0015043799879855225,0.0004156906871897585
2023-08-29,0.0,0.0028489089182478534,0.0007872112866598958
2023-08-30,0.0,8.477735996964842e-06,2.342570315037707e-06
2023-08-31,0.0,-0.0004066727580985191,-0.00011237192705660658
2023-09-01,0.0,0.00012825969933133,3.544075498184935e-05
2023-09-05,0.0,-0.0004842768683353074,-0.00013381551589101932
2023-09-06,0.0,-0.0011537404112384984,-0.0003188018640347278
2023-09-07,0.0,-0.002041497303404256,-0.0005641070897815751
2023-09-08,0.0,-0.0005561246773569341,-0.00015366852200902277
2023-09-11,0.0,0.0024513713306468896,0.000677363592398229
2023-09-12,0.0,-0.0018461845357796425,-0.0005101382127430496
2023-09-13,0.0,-0.0003022908899518584,-8.352910087800302e-05
2023-09-14,0.0,0.0018362124261981953,0.000507382716712958
2023-09-15,0.0,-0.0013775928794822019,-0.0003806568389057736
2023-09-18,0.0,0.0004476599598700331,0.00012369752179095366
2023-09-19,0.0,0.0001593693770909495,4.403698959639318e-05
2023-09-20,0.0019053332579059903,-0.001403496778365612,0.0009910364429013673
2023-09-21,0.0,-0.0015140881722106104,-0.0004183732552936426
2023-09-22,0.0,-1.5804377465389145e-05,-4.3670698770669715e-06
2023-09-25,0.0,0.0004984262325633343,0.00013772527206048474
2023-09-26,0.0,-0.003303850935406064,-0.0009129209885000743
2023-09-27,0.0,-0.0005470749209950553,-0.00015116789087126964
2023-09-28,0.0,0.0005307528929790545,0.00014665778365335365
2023-09-29,0.0,-0.0013519805834678617,-0.0003735796423093436
2023-10-02,0.0,-0.0011857955836346652,-0.00032765935798423986
2023-10-03,0.0,-0.0014683939332432877,-0.00040574701076191716
2023-10-04,0.0,-0.0004918470201242528,-0.00013590730229100416
2023-10-05,0.0,0.0007453212403855574,0.00020594736773112216
2023-10-06,0.0,0.004507767039958008,0.0012455874137495644
2023-10-09,0.0,0.0003273495353869279,9.04533125958797e-05
2023-10-10,0.0,0.001183881305912612,0.0003271304042437571
2023-10-11,0.0,0.0007643702694412648,0.0002112110006175634
2023-10-12,0.0,0.0009561040118149373,0.0002641909204259244
2023-10-13,0.0,0.00014031390661311573,3.8771576814439114e-05
2023-10-16,0.0,0.0020449755727716926,0.000565068206118623
2023-10-17,0.0,0.002036684511786894,0.0005627772178936878
2023-10-18,0.0,-0.0012042305460174079,-0.00033275331180069635
2023-10-19,0.0,0.0006019578869772261,0.0001663331669493507
2023-10-20,0.0,-0.0018483486207053316,-0.0005107361932779419
2023-10-23,0.0,-0.0012885912396439932,-0.000356063881593903
2023-10-24,0.0,0.0018798106793259724,0.0005194297978677846
2023-10-25,0.0,-0.002129843068374087,-0.0005885188155715405
2023-10-26,0.0,-0.0031026515393216673,-0.0008573255166854811
2023-10-27,0.0,0.0008687874125912364,0.00024006357399467004
2023-10-30,0.0,0.0019754979211254334,0.0005458701225308201
2023-10-31,0.0,0.00019361381109030346,5.349942090716702e-05
2023-11-01,0.0027065012810376723,0.0010403482274660891,0.002246109416393198
2023-11-02,0.0,0.0011569760127951479,0.0003196959263363388
2023-11-03,0.0,0.0025713110362328455,0.0007105053644468766
2023-11-06,0.0,0.0017329395665200982,0.00047884633205583053
2023-11-07,0.0,-0.00153689309396093,-0.0004246747174703585
2023-11-08,0.0,-0.0019410469455931698,-0.0005363506196075321
2023-11-09,0.0,0.001619367340514835,0.0004474640236956819
2023-11-10,0.0,0.0005805156574352537,0.00016040824425404238
2023-11-13,0.0,0.0009154428764157566,0.00025295542444020945
2023-11-14,0.0,0.004288796572430417,0.0011850814346433848
2023-11-15,0.0,0.0035476038573934165,0.0009802748621587614
2023-11-16,0.0,-0.0010740489165535232,-0.0002967814885622144
2023-11-17,0.0,0.0007197136296369858,0.00019887146576860282
2023-11-20,0.0,0.0007896073791720315,0.000218184525638136
2023-11-21,0.0,-0.00047343781106387665,-0.00013082046463958405
2023-11-22,0.0,-0.00018315358111983284,-5.0609047318503136e-05
2023-11-24,0.0,0.0029312749900847327,0.0008099707020180073
2023-11-27,0.0,-0.0005371658939132441,-0.00014842982581462407
2023-11-28,0.0,0.0008935744401016446,0.0002469127321737751
2023-11-29,0.0,-0.0014044202906750107,-0.0003880697964586018
2023-11-30,0.0,0.0011957741358101363,0.0003304166342336633
2023-12-01,0.0,0.0003332206992753004,9.207563419737174e-05
2023-12-04,0.0,-0.004913477259937293,-0.0013576933720114343
2023-12-05,0.0,-0.002612100231284196,-0.0007217762459104873
2023-12-06,0.0,-0.0014966946093569952,-0.00041356706127814027
2023-12-07,0.0,0.0013527974046503354,0.0003738053465605071
2023-12-08,0.0,-0.0020828529776029474,-0.0005755345009171554
2023-12-11,0.0,0.00017129711064063334,4.733286417295138e-05
2023-12-12,0.0,0.0010542078749361788,0.0002912990065494626
2023-12-13,0.0019792556980602408,0.0032775031516753665,0.0023379877873233286
2023-12-14,0.0,-0.0008127855880819349,-0.00022458913462425226
2023-12-15,0.0,-0.00022444484014279994,-6.201865923521835e-05
2023-12-18,0.0,-0.0002075648116281189,-5.7354365167835416e-05
2023-12-19,0.0,0.0021961795039320943,0.0006068489174760153
2023-12-20,0.0,-0.0028632814492209418,-0.0007911827083250161
2023-12-21,0.0,0.003252008111155873,0.0008985957652117231
2023-12-22,0.0,-0.00021458560108878247,-5.929435161994578e-05
2023-12-26,0.0,0.00173195451477242,0.0004785741422891625
2023-12-27,0.0,9.21116498130184e-06,2.5452316113450247e-06
2023-12-28,0.0,0.0005024966131370938,0.00013885000072700712
2023-12-29,0.0,-0.0007006693094829043,-0.00019360913404713878
2024-01-02,0.0,-0.0031867392802388417,-0.0008805606641118313
2024-01-03,0.0,-0.0027510975871856062,-0.0007601840330744128
2024-01-04,0.0,-0.0012349092068467042,-0.0003412304476998974
2024-01-05,0.0,0.0002824850986682998,7.805635924706433e-05
2024-01-08,0.0,0.0033638902250196696,0.0009295110613255478
2024-01-09,0.0,-0.001327150738170076,-0.00036671865270759195
2024-01-10,0.0,-0.0002186513747786948,-6.0417807311071314e-05
2024-01-11,0.0,0.003030998570253154,0.0008375263487962819
2024-01-12,0.0,0.0005519601994983283,0.00015251779235517482
2024-01-16,0.0,-0.004559779762038623,-0.001259959583252599
2024-01-17,0.0,-0.0037739397157530966,-0.001042816048061671
2024-01-18,0.0,0.0022941467212457874,0.0006339192455928696
2024-01-19,0.0,0.003567015398800485,0.0009856386645566663
2024-01-22,0.0,0.0011484191664899023,0.0003173314962394138
2024-01-23,0.0,-0.000539578851791212,-0.00014909657499133678
2024-01-24,0.0,-3.912727883514423e-05,-1.0811660323018685e-05
2024-01-25,0.0,0.001177368752282563,0.00032533085365450714
2024-01-26,0.0,-0.0004685343386594948,-0.00012946553581197914
2024-01-29,0.0,0.002323771537105697,0.0006421051827636813
2024-01-30,0.0,-0.00013643630279976172,-3.770011627475114e-05
2024-01-31,-0.012168911600661463,-0.001305933659063241,-0.009167250583143586
2024-02-01,0.0,0.001825427146880673,0.0005044025254003642
2024-02-02,0.0,0.0004473568273768906,0.00012361376013805326
2024-02-05,0.0,0.0015623669598529746,0.00043171366301776874
2024-02-06,0.0,-0.0003988243862826618,-0.00011020326282316171
2024-02-07,0.0,0.0006050500812682435,0.00016718760291634232
2024-02-08,0.0,-6.049437528539282e-05,-1.6715822221999733e-05
2024-02-09,0.0,0.0014213331559735883,0.0003927431639950365
2024-02-12,0.0,-0.0013044763213971068,-0.00036045325170169047
2024-02-13,0.0,-0.0014587980924673635,-0.00040309548543044233
2024-02-14,0.0,0.0028478755634719407,0.0007869257497873367
2024-02-15,0.0,-0.0004885316601661105,-0.00013499120112621334
2024-02-16,0.0,-0.0024421991394374515,-0.000674829130030119
2024-02-20,0.0,0.0005533810831759027,0.00015291041131917642
2024-02-21,0.0,-0.0005209686103304704,-0.00014395418801240454
2024-02-22,0.0,0.0032192277216256306,0.0008895378790666
2024-02-23,0.0,5.776731091032368e-05,1.596227905262987e-05
2024-02-26,0.0,0.000411627139566799,0.00011374092309058554
2024-02-27,0.0,0.0005706940214700863,0.00015769432713450186
2024-02-28,0.0,0.0001393762066939643,3.851247131790044e-05
2024-02-29,0.0,0.0013019100149928066,0.0003597441292184995
2024-03-01,0.0,0.0036490862203341075,0.0010083164962707291
2024-03-04,0.0,0.00198559392908848,0.0005486598541953923
2024-03-05,0.0,-0.0012654199729790119,-0.0003496611908907906
2024-03-06,0.0,0.0032940102686852997,0.0009102018127969745
2024-03-07,0.0,0.0027869904777232317,0.0007701019663439132
2024-03-08,0.0,-0.0009855308446909035,-0.0002723221508847985
2024-03-11,0.0,-0.0007129424115488156,-0.0001970004409459765
2024-03-12,0.0,0.001101907442814906,0.0003044793641110612
2024-03-13,0.0,0.0013049508222383454,0.00036058436590311684
2024-03-14,0.0,-0.0012259955330016124,-0.0003387674189201718
2024-03-15,0.0,-0.001558283184958216,-0.00043058523322882713
2024-03-18,0.0,0.0014720980754706606,0.0004067705403490178
2024-03-19,0.0,0.00021170122693500205,5.849734056976362e-05
2024-03-20,0.0016287005211814767,0.005670514181087934,0.002745535570303146
2024-03-21,0.0,-0.00013085815831214136,-3.615876187372132e-05
2024-03-22,0.0,-0.002508077712303846,-0.0006930327151911945
2024-03-25,0.0,-0.0008910237073597302,-0.00024620791300920776
2024-03-26,0.0,6.0870520291414205e-05,1.6819758712304554e-05
2024-03-27,0.0,0.0017800208738398538,0.000491855851691723
2024-03-28,0.0,0.0008627862013253231,0.0002384053176664674
2024-04-01,0.0,0.0023791943266309287,0.0006574196230299119
2024-04-02,0.0,0.0023409579296303083,0.0006468541314175618
2024-04-03,0.0,0.0019756495541917323,0.0005459120218209156
2024-04-04,0.0,-0.0047339918334808875,-0.0013080979101865804
2024-04-05,0.0,0.00450069324271164,0.0012436327801717002
2024-04-08,0.0,0.0023750388679105944,0.0006562713855468025
2024-04-09,0.0,0.00018269716042277075,5.048292902742999e-05
2024-04-10,0.0,-0.0016143766583986384,-0.00044608499705680357
2024-04-11,0.0,0.006833790208909055,0.0018883147680367751
2024-04-12,0.0,-0.006315435732388165,-0.0017450829181891885
2024-04-15,0.0,0.002426167329639732,0.0006703992159891635
2024-04-16,0.0,-0.00038057377557692244,-0.00010516024911220388
2024-04-17,0.0,-0.0020849021829853214,-0.000576100737905413
2024-04-18,0.0,-0.0005060334748397602,-0.00013982730731405184
2024-04-19,0.0,-0.0010086534655140433,-0.0002787113997556707
2024-04-22,0.0,-0.0015436326977942274,-0.0004265370066334852
2024-04-23,0.0,0.002146688614749065,0.000593173581524708
2024-04-24,0.0,0.0004620726934917226,0.00012768005226286306
2024-04-25,0.0,0.0009809530568609106,0.000271057215307314
2024-04-26,0.0,0.0021203786985745225,0.0005859036183359889
2024-04-29,0.0,0.0018945659834757247,0.0005235069875211233
2024-04-30,0.0,-0.0064577868086832585,-0.0017844174062838804
2024-05-01,-0.0036604052171013077,0.0014177430519395622,-0.0022572099070946997
2024-05-02,0.0,0.0007206676675235206,0.00019913508577672976
2024-05-03,0.0,-0.0005512873017654445,-0.0001523318570707222
2024-05-06,0.0,0.002934216236618957,0.0008107834280598123
2024-05-07,0.0,-0.0008215952388282956,-0.0002270234197130617
2024-05-08,0.0,0.0007739726214506662,0.0002138643251348425
2024-05-09,0.0,0.0035023927225896513,0.0009677821091008241
2024-05-10,0.0,0.0007147130210649631,0.00019748969624875255
2024-05-13,0.0,0.0002939961577271119,8.123709821504743e-05
2024-05-14,0.0,0.0020855615225455243,0.0005762829267919052
2024-05-15,0.0,0.0036646580124412836,0.0010126192980983951
2024-05-16,0.0,-0.0029061483918646964,-0.0008030277135681182
2024-05-17,0.0,0.005463834236354096,0.0015097681613289455
2024-05-20,0.0,0.0013084999606076456,0.0003615650647820228
2024-05-21,0.0,0.0005317321600281745,0.0001469283749905437
2024-05-22,0.0,-0.0033207474380171046,-0.0009175898346942413
2024-05-23,0.0,-0.0015879032201855552,-0.0004387698494139475
2024-05-24,0.0,0.0019892637763168092,0.0005496739073790354
2024-05-28,0.0,0.0036365505464231052,0.0010048526354482854
2024-05-29,0.0,-0.0020365938866550516,-0.000562752176332624
2024-05-30,0.0,-0.0016136520260872178,-0.0004458847664595476
2024-05-31,0.0,-0.002050768813352107,-0.0005666689959304796
2024-06-03,0.0,0.0012265357551168954,0.000338916693241906
2024-06-04,0.0,-0.0022948672913811106,-0.0006341183537285222
2024-06-05,0.0,0.0019504360264993835,0.0005389450129956085
2024-06-06,0.0,0.0031668317463583525,0.0008750598089388538
2024-06-07,0.0,-0.0036345207379123827,-0.0010042917582088748
2024-06-10,0.0,-7.106581463717637e-05,-1.9636925217136124e-05
2024-06-11,0.0,-0.0014948206573972068,-0.00041304925036324757
2024-06-12,0.0073684171274750535,0.0021208821266598976,0.005918416829703108
2024-06-13,0.0,-0.0013099821064635672,-0.00036197461172779715
2024-06-14,0.0,-0.0009987990843702869,-0.00027598843447948187
2024-06-17,0.0,0.001229517138709787,0.0003397405099666718
2024-06-18,0.0,0.0014159291282753797,0.00039124992159258413
2024-06-20,0.0,0.0024609453415455717,0.0006800090856920908
2024-06-21,0.0,-0.003842505248115668,-0.0010617620946010797
2024-06-24,0.0,-0.0005253205776760131,-0.0001451567248122449
2024-06-25,0.0,0.0008772804459229074,0.00024241037127339176
2024-06-26,0.0,-0.00020351900827420376,-5.6236427685380826e-05
2024-06-27,0.0,0.0004176938616605678,0.00011541728138854789
2024-06-28,0.0,0.0019590845309607986,0.0005413347700991601
2024-07-01,0.0,0.0014307771119820352,0.0003953527204862778
2024-07-02,0.0,0.0016076940077477623,0.00044423844521252414
2024-07-03,0.0,0.004619997468672953,0.0012765989563177347
2024-07-05,0.0,0.0032791227892104966,0.0009060881004218907
2024-07-08,0.0,-0.00116807877627858,-0.00032276384495995297
2024-07-09,0.0,0.00037336169037826796,0.00010316740376977526
2024-07-10,0.0,0.0030102667034361003,0.0008317977137222087
2024-07-11,0.0,0.0012801120571762923,0.00035372091158967833
2024-07-12,0.0,-0.0005146856183408041,-0.00014221806995802285
2024-07-15,0.0,-0.00014490222002414225,-4.0039420823335855e-05
2024-07-16,0.0,0.0023641411705052208,0.0006532601308376171
2024-07-17,0.0,-0.005352595721015357,-0.001479030704534503
2024-07-18,0.0,-0.0047408516787279835,-0.001309993424489851
2024-07-19,0.0,-0.0031534318231193933,-0.0008713571385071952
2024-07-22,0.0,0.0026784273831682564,0.0007401037825476537
2024-07-23,0.0,-0.0017731480854327498,-0.0004899567609309609
2024-07-24,0.0,-0.006448500089808824,-0.0017818512976002484
2024-07-25,0.0,-0.005537726887122418,-0.0015301861986742097
2024-07-26,0.0,0.0025791335351444734,0.0007126668794723923
2024-07-29,0.0,-3.062316932109912e-05,-8.461802470572701e-06
2024-07-30,0.0,-1.781237645860437e-05,-4.921920704671847e-06
2024-07-31,0.022354933024650643,0.0060093483309112475,0.017838316619138924
2024-08-01,0.0,-0.007905689270281468,-0.002184502208030987
2024-08-02,0.0,-0.0022927067659297886,-0.0006335213567485547
2024-08-05,0.0,-0.013658916899380431,-0.0037742356303039964
2024-08-06,0.0,0.000356870573591065,9.861057389664022e-05
2024-08-07,0.0,-0.00010387574222096553,-2.8702973325244022e-05
2024-08-08,0.0,0.008408019383529275,0.0023233062014633298
2024-08-09,0.0,0.0006279467547552334,0.0001735144179578742
2024-08-12,0.0,0.0019136793551292606,0.0005287883995716857
2024-08-13,0.0,0.0034596570320008743,0.0009559733714612294
2024-08-14,0.0,-0.0033734034508645775,-0.0009321397584768285
2024-08-15,0.0,0.005708507847925085,0.0015773764401836384
2024-08-16,0.0,0.004660857493986114,0.0012878894096185417
2024-08-19,0.0,-0.00026202930006252604,-7.240400741617091e-05
2024-08-20,0.0,-0.0035568375492353865,-0.0009828263183983695
2024-08-21,0.0,-0.0005147245836923591,-0.00014222883687455581
2024-08-22,0.0,-0.00495774959470789,-0.0013699267155890288
2024-08-23,0.0,0.007093808216412979,0.0019601630145464582
2024-08-26,0.0,-0.0058303378674570095,-0.0016110405442956472
2024-08-27,0.0,0.0019590331819578925,0.0005413205813287198
2024-08-28,0.0,-0.0041424994068256955,-0.0011446565620780592
2024-08-29,0.0,0.0023158685201271996,0.0006399214189640424
2024-08-30,0.0,0.0017034038937987757,0.0004706850269413035
2024-09-03,0.0,-0.004143080998258759,-0.0011448172675809273
2024-09-04,0.0,0.0001377223563330776,3.805547893664268e-05
2024-09-05,0.0,0.003585945570294074,0.0009908694546892358
2024-09-06,0.0,-0.004837233170897249,-0.001336625584603777
2024-09-09,0.0,0.002399579259745873,0.0006630523932891171
2024-09-10,0.0,-0.0004848569563619741,-0.00013397580597222314
2024-09-11,0.0,0.0029586045879724777,0.000817522423934881
2024-09-12,0.0,0.0035462864370082565,0.0009799108321998425
2024-09-13,0.0,0.005865053885145168,0.0016206332837394942
2024-09-16,0.0,0.0018385286744787097,0.0005080227430674154
2024-09-17,0.0,0.0006505839986512535,0.00017976954734431305
2024-09-18,0.002032809023750033,-0.004219108563148991,0.0003052774567874428
2024-09-19,0.0,0.006267624126257637,0.0017318716021873987
2024-09-20,0.0,0.0018003824641164414,0.0004974821718514887
2024-09-23,0.0,8.94890159224322e-05,2.4727629203938252e-05
2024-09-24,0.0,0.005461709950259668,0.0015091811780179253
2024-09-25,0.0,0.0008394519707171301,0.00023195759672227107
2024-09-26,0.0,0.0006936194744418207,0.00019166112171235182
2024-09-27,0.0,0.0012309395463833688,0.0003401335500416644
2024-09-30,0.0,-0.0008219091380912762,-0.00022711015644273028
2024-10-01,0.0,-0.0008850555490176785,-0.0002445587898739107
2024-10-02,0.0,-0.0016783840517874112,-0.0004637715373960122
2024-10-03,0.0,-0.004092769376075133,-0.0011309151464638095
2024-10-04,0.0,-0.0017402080294208545,-0.00048085475570022805
2024-10-07,0.0,-0.005044365724306359,-0.0013938605080630426
2024-10-08,0.0,-0.0018516645893859299,-0.0005116524626450871
2024-10-09,0.0,-0.0007376497824765975,-0.00020382758839651859
2024-10-10,0.0,-0.0009704270643515332,-0.0002681486701960243
2024-10-11,0.0,0.0024663610494481732,0.0006815055555717958
2024-10-14,0.0,-0.0003227610097498974,-8.918540994463586e-05
2024-10-15,0.0,-0.002118050027440479,-0.0005852601592952675
2024-10-16,0.0,0.001110856951753833,0.0003069522948536558
2024-10-17,0.0,-0.0026143730163931916,-0.000722404262509577
2024-10-18,0.0,0.004012849209788293,0.001108831584392113
2024-10-21,0.0,-0.0013096887727516403,-0.0003618935576767857
2024-10-22,0.0,-0.001903630276834485,-0.0005260116355258061
2024-10-23,0.0,-0.004376830135539587,-0.001209406892730352
2024-10-24,0.0,-0.0007224326224672624,-0.00019962277860652164
2024-10-25,0.0,0.0012558099317779236,0.0003470057416939746
2024-10-28,0.0,-0.0009667652040017396,-0.00026713682394882915
2024-10-29,0.0,0.0015096617129520707,0.0004171501348681551
2024-10-30,0.0,-0.0016101482559459691,-0.0004449166037417485
2024-10-31,0.0,-0.004867903073192609,-0.0013451003003425
2024-11-01,0.0,-0.0019799183402895333,-0.0005470915739557703
2024-11-04,0.0,0.002503480888829023,0.0006917625196791564
2024-11-05,0.0,0.0032996755966030796,0.0009117672577471235
2024-11-06,0.0,-0.0021633017497764803,-0.0005977641275111446
2024-11-07,0.005197666631171723,0.0028323602438108993,0.0045440845272958445
2024-11-08,0.0,0.000976052531927984,0.00026970310092582276
2024-11-11,0.0,-0.00605314626636459,-0.0016726070216439442
2024-11-12,0.0,-0.005390520655725966,-0.0014895101328022177
2024-11-13,0.0,-0.00452935106996152,-0.0012515515187869486
2024-11-14,0.0,-0.0017838733894129661,-0.0004929203798420481
2024-11-15,0.0,-0.0035812349197730403,-0.0009895678064568492
2024-11-18,0.0,0.002562845021609642,0.0007081660329850227
2024-11-19,0.0,0.0037325004034248666,0.0010313655260154027
2024-11-20,0.0,0.0002832380450558791,7.826441359754065e-05
2024-11-21,0.0,-0.0005824630833333338,-0.000160946357507535
2024-11-22,0.0,-0.0005786934706935055,-0.000159904737118269
2024-11-25,0.0,0.001459795811556447,0.00040337117544033064
2024-11-26,0.0,-0.0023097556741390143,-0.0006382323156990378
2024-11-27,0.0,0.0010004880517161198,0.0002764551303955652
2024-11-29,0.0,0.0041003763215998554,0.0011330170997188654
2024-12-02,0.0,0.0002256573371403545,6.235369673515472e-05
2024-12-03,0.0,0.0007523769588584252,0.00020789700577737895
2024-12-04,0.0,0.002621187918287139,0.0007242873580532895
2024-12-05,0.0,0.0016880765832201407,0.0004664497803160573
2024-12-06,0.0,-0.00014971449401990694,-4.1369149681882784e-05
2024-12-09,0.0,0.0014732633705748129,0.0004070925350089392
2024-12-10,0.0,-0.0012700596643250616,-0.00035094323166465815
2024-12-11,0.0,0.0034771729776692808,0.0009608133823293801
2024-12-12,0.0,-0.0039017439637377364,-0.0010781309526036054
2024-12-13,0.0,-0.0021607240869721705,-0.0005970518670244163
2024-12-16,0.0,0.00045291674253988026,0.00012515007740714616
2024-12-17,0.0,-3.796864400114707e-05,-1.0491506030756916e-05
2024-12-18,-0.001319532876271283,-0.00945333081588911,-0.003567066133816128
2024-12-19,0.0,0.0012204746647981077,0.00033724189111753724
2024-12-20,0.0,0.003225869044365303,0.0008913730111712223
2024-12-23,0.0,-0.0006615737403694098,-0.00018280623576302546
2024-12-24,0.0,0.0027015827747998277,0.0007465020866572193
2024-12-26,0.0,0.000689249510431681,0.00019045361206925827
2024-12-27,0.0,-0.003020261756173069,-0.0008345595494112703
2024-12-30,0.0,-0.001174856639822332,-0.00032463670605667195
2024-12-31,0.0,-0.0014891296459980507,-0.0004114767085465435
2025-01-02,0.0,0.0024295775251730097,0.0006713415221458534
2025-01-03,0.0,0.004718170614519285,0.001303726186662702
2025-01-06,0.0,0.0010469452437335436,0.00028929219432147495
2025-01-07,0.0,-0.0025575065350605464,-0.0007066909009307081
2025-01-08,0.0,0.0010538334353114907,0.00029119554129059135
2025-01-10,0.0,-0.0004584335577930273,-0.00012667448529743626
2025-01-13,0.0,0.0006695545743250327,0.00018501150197093526
2025-01-14,0.0,2.0902335509025165e-05,5.7757390293742594e-06
2025-01-15,0.0,0.002673034997344481,0.0007386137570311091
2025-01-16,0.0,-0.001995986031649603,-0.0005515314027997874
2025-01-17,0.0,0.0011235625691029805,0.00031046311449312047
2025-01-21,0.0,-0.0025240534836866346,-0.0006974471446821043
2025-01-22,0.0,0.0025043450482337124,0.0006920013044407497
2025-01-23,0.0,0.0018740251787781707,0.0005178311467838435
2025-01-24,0.0,-0.0005632442269427775,-0.00015563579788576706
2025-01-27,0.0,-0.007984446908723195,-0.002206264540092532
2025-01-28,0.0,0.0025391793571630087,0.0007016267301525006
2025-01-29,0.00012455225170882744,0.0009461962777613217,0.00035158915232094066
2025-01-30,0.0,0.0031614083544516404,0.0008735612158130443
2025-01-31,0.0,-0.0006142263348699726,-0.00016972318780579445
2025-02-03,0.0,0.0030290247469566324,0.0008369809414064768
2025-02-04,0.0,-0.00043690928089157397,-0.00012072689125345466
2025-02-05,0.0,-0.0024916524842839975,-0.0006884940917201642
2025-02-06,0.0,-0.0009388670110343835,-0.0002594279876850059
2025-02-07,0.0,-0.0010872731206676186,-0.000300435604237528
2025-02-10,0.0,0.005526223902944917,0.0015270076909596254
2025-02-11,0.0,0.0005670118004756156,0.00015667685482843524
2025-02-12,0.0,0.0007276437246243645,0.00020106271177101589
2025-02-13,0.0,0.0019090915089306885,0.0005275206846630613
2025-02-14,0.0,-0.00436647393187443,-0.0012065452637186479
2025-02-18,0.0,0.0032880351440924267,0.000908550764745357
2025-02-19,0.0,-0.00016932298399510528,-4.6787372961666357e-05
2025-02-20,0.0,0.0005847976098327417,0.00016159143450440535
2025-02-21,0.0,-0.008300221551470786,-0.002293519475208107
2025-02-24,0.0,-0.000929911902754567,-0.00025695350973101475
2025-02-25,0.0,-0.00229984463696674,-0.0006354936952136491
2025-02-26,0.0,-0.0017940506768535497,-0.0004957325706739463
2025-02-27,0.0,-0.0039562916019482116,-0.001093203570820665
2025-02-28,0.0,0.0032051636989309,0.0008856517044928121
2025-03-03,0.0,-0.0005211963391879848,-0.0001440171141122125
2025-03-04,0.0,-0.0018659012507939714,-0.0005155863407950627
2025-03-05,0.0,0.0003488130304765153,9.638411139308523e-05
2025-03-06,0.0,-0.0075083334251732185,-0.0020747047329043073
2025-03-07,0.0,0.0018730022547739202,0.0005175484921449453
2025-03-10,0.0,-0.006274916774906055,-0.0017338867088441644
2025-03-11,0.0,0.0015610798752542204,0.00043135801545159504
2025-03-12,0.0,-0.0009649637047195836,-0.00026663903317751336
2025-03-13,0.0,-0.00032665420461413256,-9.026117860774115e-05
2025-03-14,0.0,0.005022804656745172,0.0013879027480139632
2025-03-17,0.0,0.0022348383047980027,0.0006175311278392364
2025-03-18,0.0,-0.003098841111626175,-0.00085627261826894
2025-03-19,0.004431299225701409,0.002359740112198394,0.003858885448382162
2025-03-20,0.0,-0.0007341802182840594,-0.00020286887747576486
2025-03-21,0.0,7.139295795895809e-05,1.972732154873256e-05
2025-03-24,0.0,0.0010371768768227387,0.00028659299652151506
2025-03-25,0.0,0.00145476639680489,0.00040198144618912155
2025-03-26,0.0,-0.0034427337670152477,-0.0009512971302804426
2025-03-27,0.0,0.0023222237384846896,0.0006416774946280132
2025-03-28,0.0,-0.003905045161855686,-0.0010790431405648649
2025-03-31,0.0,0.0023095304253694976,0.0006381700748978195
2025-04-01,0.0,0.0015505989127001347,0.00042846191302979125
2025-04-02,0.0,7.709820496650079e-05,2.1303796952615397e-05
2025-04-03,0.0,-0.004198143783971744,-0.0011600322314959043
2025-04-04,0.0,-0.013119465129711896,-0.00362517417067934
2025-04-07,0.0,-0.0046413618166916085,-0.001282502358769351
2025-04-08,0.0,-0.007972348291724609,-0.002202921446954925
2025-04-09,0.0,0.02552554830111893,0.007053226444733599
2025-04-10,0.0,-0.01112247136739585,-0.0030733643114678874
2025-04-11,0.0,0.01206892072687829,0.0033348874557370387
2025-04-14,0.0,0.003949830750990066,0.0010914183067277689
2025-04-15,0.0,0.002050490493740168,0.0005665920905796578
2025-04-16,0.0,-0.0007274849170676931,-0.00020101883002379055
2025-04-17,0.0,0.0011398264640273094,0.0003149571583593444
2025-04-21,0.0,-0.004012459734515747,-0.0011087239644789388
2025-04-22,0.0,0.006548761146497432,0.0018095554600366741
2025-04-23,0.0,0.0001275070370714568,3.523277914161803e-05
2025-04-24,0.0,0.00549978325609759,0.0015197016042358682
2025-04-25,0.0,0.001625150747169106,0.00044906209619439345
2025-04-28,0.0,0.0014048015890275331,0.00038817515692301255
2025-04-29,0.0,0.003306969822674647,0.0009137828002778824
2025-04-30,0.0,-0.0007130203112144447,-0.00019702196620275726
2025-05-01,0.0,-0.0035311074124095725,-0.0009757165599968824
2025-05-02,0.0,4.976240490252676e-05,1.3750361248720245e-05
2025-05-05,0.0,0.0010834218654924817,0.0002993714243607141
2025-05-06,0.0,0.0020896387149696434,0.0005774095377107704
2025-05-07,0.00032445143381077546,-0.0005681345964933328,7.781181930091791e-05
2025-05-08,0.0,-0.002635088035127622,-0.0007281282421168801
2025-05-09,0.0,-0.0006188231487915009,-0.0001709933806780636
2025-05-12,0.0,0.0012843194655197188,0.000354883503806761
2025-05-13,0.0,-0.001869063565183322,-0.0005164601523666853
2025-05-14,0.0,-0.001033416462811649,-0.0002855539178998424
2025-05-15,0.0,0.00379615014804072,0.0010489532407484648
2025-05-16,0.0,0.001096310383674215,0.0003029327832079537
2025-05-19,0.0,0.0011879056863658994,0.0003282424221444872
2025-05-20,0.0,0.0014354012709599118,0.00039663046935194986
2025-05-21,0.0,-0.0011730362337884076,-0.00032413369096656846
2025-05-22,0.0,0.0006343020124167957,0.0001752705044823569
2025-05-23,0.0,0.0013353581695752792,0.0003689865323843618
2025-05-27,0.0,0.0032778981192557286,0.0009057496992871084
2025-05-28,0.0,-0.003390067278200085,-0.0009367443117756158
2025-05-29,0.0,3.761637045495152e-05,1.0394165708719735e-05
2025-05-30,0.0,0.002017695026223755,0.0005575300380812976
2025-06-02,0.0,0.003696964624084403,0.0010215462698089693
2025-06-03,0.0,0.0013414966138729917,0.00037068270898121293
2025-06-04,0.0,-0.00013120943452279562,-3.625582661173064e-05
2025-06-05,0.0,0.0008906581152278189,0.0002461068924919454
2025-06-06,0.0,0.00022568146796826086,6.236036457208088e-05
2025-06-09,0.0,0.00023301448830506186,6.438662674475385e-05
2025-06-10,0.0,0.0007514663171741088,0.00020764537701964465
2025-06-11,0.0,-0.00032920156947281466,-9.096506715789834e-05
2025-06-12,0.0,0.0028565925443459973,0.0007893344283118421
2025-06-13,0.0,5.698981623612258e-05,1.5747441512921692e-05
2025-06-16,0.0,7.115323464187185e-05,1.9661081136595445e-05
2025-06-17,0.0,-0.0016968402597110452,-0.00046887136178610264
2025-06-18,0.0008764383472950124,-0.0022734385611605738,6.063503773991218e-06
2025-06-20,0.0,-0.0003183692635855612,-8.797188145077405e-05
2025-06-23,0.0,0.0015988318347550285,0.0004417896471623207
2025-06-24,0.0,0.003176135861263474,0.0008776307244984136
2025-06-25,0.0,0.001307889092048871,0.0003613962694158203
2025-06-26,0.0,0.0027926413992106387,0.0007716634305053059
2025-06-27,0.0,-0.0006750389772257412,-0.00018652695367118945
2025-06-30,0.0,0.0017349000058034696,0.000479388041171484
2025-07-01,0.0,0.0004054129390507885,0.00011202381351490283
2025-07-02,0.0,0.0012500276880845467,0.00034540799054493334
2025-07-03,0.0,-0.0009483803978750969,-0.00026205672932269126
2025-07-07,0.0,-0.0023363162358748363,-0.0006455715373373784
2025-07-08,0.0,-0.001032399580740321,-0.0002852729327694917
2025-07-09,0.0,0.0008919211498176204,0.0002464558945531082
2025-07-10,0.0,0.0012518765747721852,0.00034591887541701255
2025-07-11,0.0,-0.0017529367526779322,-0.00048437195997045256
2025-07-14,0.0,-0.0016015837013507097,-0.0004425500436880316
2025-07-15,0.0,-0.002273388035533635,-0.0006281831999144131
2025-07-16,0.0,0.0004012182366303538,0.0001108647322019149
2025-07-17,0.0,0.0016231332013157513,0.00044850460737579984
2025-07-18,0.0,0.0003315821525910103,9.16228705321909e-05
2025-07-21,0.0,0.002946780885088797,0.0008142552951402297
2025-07-22,0.0,0.0030564407975078854,0.0008445565519468299
2025-07-23,0.0,0.0013639563200597224,0.0003768887810995639
2025-07-24,0.0,-0.0008391311495100196,-0.00023186894731911902
2025-07-25,0.0,-0.00135320398210363,-0.0003739176921529144
2025-07-28,0.0,-0.00260606023519794,-0.0007201072725501854
2025-07-29,0.0,-5.273049637906173e-05,-1.4570505092281372e-05
2025-07-30,0.0009054488702304811,-0.0035146842059346206,-0.00031592350282380263
2025-07-31,0.0,-0.002251005681483259,-0.000621998501759405
2025-08-01,0.0,-0.0009638085474631807,-0.0002663198398104377
2025-08-04,0.0,0.006319120846161083,0.001746101189828582
2025-08-05,0.0,3.157628801470886e-05,8.725168487060717e-06
2025-08-06,0.0,0.000992255023909058,0.00027418017791407633
2025-08-07,0.0,0.0027015365753528687,0.0007464893208134779
2025-08-08,0.0,0.0017005452578357021,0.00046989512787497343
2025-08-11,0.0,-0.002455816624087771,-0.0006785919170901007
2025-08-12,0.0,0.0018697728684683053,0.0005166561472431895
2025-08-13,0.0,0.002657470747048271,0.0007343130391586993
2025-08-14,0.0,-0.00022419394890638936,-6.194933290057795e-05
2025-08-15,0.0,-0.00034926348141937376,-9.650858012005417e-05
2025-08-18,0.0,0.0009190890527456119,0.00025396293687475214
2025-08-19,0.0,-0.002735285298140404,-0.0007558147770674614
2025-08-20,0.0,0.0010055443635444599,0.000277852291854342
2025-08-21,0.0,-0.00045568669672359517,-0.000125915471900099
2025-08-22,0.0,0.003002207707029409,0.0008295708496445743
2025-08-25,0.0,-0.00014674450604286525,-4.054848179678615e-05
2025-08-26,0.0,-0.0006490099920456917,-0.0001793346174112292
2025-08-27,0.0,0.000551636299485529,0.00015242829221559796
2025-08-28,0.0,0.0015740497830608292,0.00043494186390210295
2025-08-29,0.0,0.0005977991538892942,0.00016518402469209683
2025-09-02,0.0,0.001282982072680975,0.00035451395505403893
2025-09-03,0.0,0.0003201326247302194,8.845913388156999e-05
2025-09-04,0.0,0.0005254985655386342,0.00014520590646682372
2025-09-05,0.0,0.0017327290101413389,0.0004787881510600198
2025-09-08,0.0,0.002016491363641368,0.0005571974417093617
2025-09-09,0.0,-0.00014638885042758516,-4.045020694050024e-05
2025-09-10,0.0,0.0001624145072103127,4.4878420778680684e-05
2025-09-11,0.0,0.0014372772791176214,0.00039714884843601106
2025-09-12,0.0,0.0003178279456079531,8.782230432006429e-05
2025-09-15,0.0,0.0022887960518486947,0.000632440747170685
2025-09-16,0.0,0.00031532667015565915,8.713115120720797e-05
2025-09-17,0.00016175340123792547,-0.0006698085816833873,-6.802403191200641e-05
2025-09-18,0.0,0.0008717278476096966,0.00024087607579821856
2025-09-19,0.0,0.0016669953590915793,0.00046062461073470855
2025-09-22,0.0,0.0016405944582994702,0.00045332950665173265
2025-09-23,0.0,0.00013899169550773497,3.840622308240652e-05
2025-09-24,0.0,-0.0011828356948100944,-0.00032684148069969904
2025-09-25,0.0,-0.0005325313058588812,-0.0001471491951837026
2025-09-26,0.0,0.0011178265433824837,0.0003088781343069081
2025-09-29,0.0,0.002547361058288553,0.0007038875000314013
2025-09-30,0.0,0.0007460853503684317,0.0002061585068092848
2025-10-01,0.0,0.0012967028184254388,0.0003583052752476222
2025-10-02,0.0,-0.0002792079407069217,-7.715081406840316e-05
2025-10-03,0.0,0.001292817999288067,0.00035723182096764045
2025-10-06,0.0,0.0033694985535766245,0.0009310607561968205
2025-10-07,0.0,-0.0008990576060253092,-0.0002484278420721963
2025-10-08,0.0,0.003206743611063623,0.0008860882662427663
2025-10-09,0.0,-0.0019377001146803057,-0.0005354258223799782
2025-10-10,0.0,-0.005116828661628978,-0.0014138834866003758
2025-10-13,0.0,0.006559913534592981,0.0018126370909465968
2025-10-14,0.0,-0.0005926323739812283,-0.00016375633866350364
2025-10-15,0.0,0.003392595896788996,0.0009374430203514144
2025-10-16,0.0,0.0024066008013203534,0.0006649925875655218
2025-10-17,0.0,-0.0012705065835573463,-0.0003510667245084014
2025-10-20,0.0,0.003810207193920098,0.0010528374874867383
2025-10-21,0.0,-0.0071859280730201015,-0.001985617598363486
2025-10-22,0.0,-0.0004153592973293242,-0.00011477219393797441
2025-10-23,0.0,0.0016131831280565415,0.00044575520042825867
2025-10-24,0.0,0.0008537586725120075,0.00023591082845097496
2025-10-27,0.0,-0.0005996712760633749,-0.00016570133000010543
2025-10-28,0.0,2.655052903952053e-05,7.336449400971519e-06
2025-10-29,0.004871807192567308,-0.0011334983592602539,0.0032124195301679493
2025-10-30,0.0,-0.00030129917819636163,-8.32550708161643e-05
2025-10-31,0.0,0.00011762171284755776,3.250126366511349e-05
2025-11-03,0.0,-2.3468774913601833e-05,-6.48489826323773e-06
2025-11-04,0.0,-0.003722882321653584,-0.001028707855046045
2025-11-05,0.0,-8.950172317691267e-06,-2.4731140475950287e-06
2025-11-06,0.0,-7.614260997826361e-05,-2.103974668572284e-05
2025-11-07,0.0,0.0013402248920503141,0.0003703313064615005
2025-11-10,0.0,0.0052323000688244805,0.0014457905772232332
2025-11-11,0.0,0.0018918459622119669,0.0005227553905061854
2025-11-12,0.0,0.002468629619914762,0.0006821324075797499
2025-11-13,0.0,-0.004238230654211027,-0.0011711090463765437
2025-11-14,0.0,-0.0017911116217073583,-0.0004949204501570781
2025-11-17,0.0,-0.0025374535053206055,-0.0007011498423022993
2025-11-18,0.0,-0.00011725332446204356,-3.239947048629556e-05
2025-11-19,0.0,-7.749042634195126e-05,-2.1412175669690628e-05
2025-11-20,0.0,-0.0027505460043203227,-0.0007600316195471504
2025-11-21,0.0,0.00255403408584864,0.0007057313928206183
2025-11-24,0.0,0.0035379989643999996,0.0009776208355160886
2025-11-25,0.0,0.002189287133065014,0.0006049444156845897
2025-11-26,0.0,0.0037505207372581033,0.0010363449095583583
2025-11-28,0.0,0.002342194798931737,0.0006471959034791293
2025-12-01,0.0,-0.0012410901463338622,-0.0003429383665790468
2025-12-02,0.0,0.00026619619318645214,7.355540445678868e-05
2025-12-03,0.0,0.0017169691363327414,0.0004744333784454942
2025-12-04,0.0,4.6870517108641135e-05,1.2951274027461916e-05
2025-12-05,0.0,0.00017058801621359497,4.7136927008131265e-05
2025-12-08,0.0,-0.0007609088685788771,-0.00021025454539041571
2025-12-09,0.0,0.001529264346846614,0.00042256673999414027
2025-12-10,-0.0017853254204017663,0.003291805522380717,-0.00038241121826339806
2025-12-11,0.0,0.002466867089127427,0.0006816453845935153
2025-12-12,0.0,-0.003403556416434507,-0.0009404716341190705
2025-12-15,0.0,0.0009528375406756079,0.0002632883282328365
2025-12-16,0.0,-0.00026100002471363294,-7.211959777199466e-05
2025-12-17,0.0,-0.00017113635510593254,-4.728844415990746e-05
2025-12-18,0.0,0.0013820872413452636,0.00038189872219739947
2025-12-19,0.0,0.0020553038396338,0.0005679221156253148
2025-12-22,0.0,0.003109754939331463,0.0008592883301069823
2025-12-23,0.0,0.00411472001884985,0.001136980554041783
2025-12-24,0.0,0.0019662842958623763,0.0005433242110937516
2025-12-26,0.0,0.0033802337784437763,0.0009340271164500825
2025-12-29,0.0,-0.004032275896922886,-0.0011141995718615641
2025-12-30,0.0,0.000845848129668929,0.00023372498510238943
2025-12-31,0.0,-0.004560833616135221,-0.0012602507845030219
2026-01-02,0.0,0.0020484225249182623,0.0005660206688726886
2026-01-05,0.0,0.004095772005320888,0.0011317448337931494
2026-01-06,0.0,0.004399019808306798,0.0012155383491408225
2026-01-07,0.0,-0.00158818319865149,-0.0004388472131397563
2026-01-08,0.0,-0.0018652559822516428,-0.0005154080400160542
2026-01-09,0.0,0.0025456315797519917,0.0007034096100520845
2026-01-12,0.0,0.0016397253807580777,0.0004530893629092687
2026-01-13,0.0,0.001283211967403315,0.0003545774796262043
2026-01-14,0.0,0.001456054949002789,0.00040233749928268985
2026-01-15,0.0,0.00011600860245919274,3.205552856413656e-05
2026-01-16,0.0,-0.002689341551798877,-0.0007431195885902765
2026-01-20,0.0,-0.0011877180376126735,-0.0003281905709899905
2026-01-21,0.0,0.004652401830516313,0.0012855529383902096
2026-01-22,0.0,0.0025341855541932755,0.0007002468411585248
2026-01-23,0.0,0.005900725473186946,0.001630490066643189
2026-01-26,0.0,0.008351251664879248,0.002307620130015767
2026-01-27,0.0,0.00427381257591555,0.001180941052653556
2026-01-28,0.006676261471994856,0.006752887945363664,0.006697434919944173
2026-01-29,0.0,-9.31984673383164e-05,-2.575262582745141e-05
2026-01-30,0.0,-0.01446292993642448,-0.0039964007312409695
2026-02-02,0.0,-0.006155389874561723,-0.0017008590032520881
2026-02-03,0.0,0.0025371238825159527,0.000701058760839322
2026-02-04,0.0,-3.6476420234417564e-05,-1.0079174353928836e-05
2026-02-05,0.0,-0.005609888811080557,-0.001550126001116851
2026-02-06,0.0,0.003899037543783839,0.001077383113906305
2026-02-09,0.0,0.00629767463470702,0.0017401751668502427
2026-02-10,0.0,0.0029660936025269623,0.0008195917904721856
2026-02-11,0.0,0.001758342158465401,0.0004858655831669039
2026-02-12,0.0,-0.0026796162365697457,-0.0007404322868426988
2026-02-13,0.0,0.0024488860710466884,0.0006766768647899764
2026-02-17,0.0,-0.002791584573452574,-0.0007713714081245787
2026-02-18,0.0,0.001853773142194019,0.0005122350985301497
2026-02-19,0.0,-0.0024336914402268866,-0.0006724782802717549
2026-02-20,0.0,0.0033976452899743726,0.0009388382700488869
2026-02-23,0.0,0.003425552661536362,0.000946549642544474
2026-02-24,0.0,-0.0006492757333361161,-0.00017940804711683112
2026-02-25,0.0,0.0010574019936520158,0.00029218160630122475
2026-02-26,0.0,0.0013593311877711327,0.00037561076328841106
2026-02-27,0.0,0.0012854235299514206,0.0003551885791906276
2026-03-02,0.0,-0.004854494915890665,-0.0013413953546723195
2026-03-03,0.0,-0.0073745616759288875,-0.002037740886792252
2026-03-04,0.0,3.683854771885925e-05,1.0179237518860615e-05
2026-03-05,0.0,-0.0035996058498101186,-0.000994644066838147
2026-03-06,0.0,-0.002135929317291843,-0.0005902005695268146
2026-03-09,0.0,0.0022968638779171254,0.0006346700510628515
2026-03-10,0.0,0.0025799995562153263,0.0007129061786500858
2026-03-11,0.0,-0.0016082655877644372,-0.00044439638435809446
2026-03-12,0.0,-0.00547631806964429,-0.0015132176975369567
2026-03-13,0.0,-0.003913755338731975,-0.001081449939006858
2026-03-16,0.0,0.0020417162265099955,0.0005641675826736592
2026-03-17,0.0,0.002507196590244483,0.0006927892433042511
2026-03-18,-0.0024928936774758423,-0.004547079745786131,-0.00306050693022522
2026-03-19,0.0,-0.0038494597769316175,-0.0010636837718938322
2026-03-20,0.0,-0.007029215039891282,-0.0019423146104527366
2026-03-23,0.0,0.002787592170514341,0.0007702682262595003
2026-03-24,0.0,-0.001197003110335826,-0.0003307562248086528
2026-03-25,0.0,0.005042247893465154,0.0013932753084693475
2026-03-26,0.0,-0.009654735845577541,-0.002667799233129885
2026-03-27,0.0,-0.0016712521381886827,-0.0004618008450918668
2026-03-30,0.0,3.001174632058172e-05,8.292853900877191e-06
2026-03-31,0.0,0.007212379765179103,0.0019929267371307673
2026-04-01,0.0,0.004338514181540984,0.0011988194179066948
2026-04-02,0.0,-0.001055974072844401,-0.0002917870428355376
2026-04-06,0.0,-0.00018855434025380211,-5.21013865503965e-05
2026-04-07,0.0,0.0018530072512492367,0.0005120234673361086
2026-04-08,0.0,0.01141491135860613,0.003154171409328018
2026-04-09,0.0,-5.176565785743453e-06,-1.4303900649729972e-06
2026-04-10,0.0,0.0016757855771679187,0.00046305352618285564
2026-04-13,0.0,0.00039272980904446936,0.00010851920758412081
2026-04-14,0.0,0.006695145603058298,0.0018500044528627281
2026-04-15,0.0,0.001273847161261205,0.0003519897938475431
2026-04-16,0.0,0.0010410104031147234,0.0002876522775485175
2026-04-17,0.0,0.002799425275575487,0.0007735379530663845
2026-04-20,0.0,-0.002444127914827872,-0.0006753620897702656
2026-04-21,0.0,-0.0027866006870077447,-0.0007699942592674598
2026-04-22,0.0,0.0022712899495640248,0.0006276034562290039
2026-04-23,0.0,-0.0025264572561266648,-0.0006981113557361094
2026-04-24,0.0,0.00189339459556685,0.000523183309295745
2026-04-27,0.0,0.0002444386552016407,6.754335564685025e-05
2026-04-28,0.0,-0.0015763388874642716,-0.0004355743898530698
2026-04-29,0.001152826031174621,-0.0013619320781440795,0.00045794738686446505
2026-04-30,0.0,0.002975273812114486,0.0008221284684807078
2026-05-01,0.0,0.0019062507309623208,0.0005267357201226825
2026-05-04,0.0,-0.0036488294549408672,-0.001008245546787477
2026-05-05,0.0,0.0026265415341315303,0.0007257666706385925
2026-05-06,0.0,0.009691118149555316,0.002677852401254196
2026-05-07,0.0,-0.002243628929450005,-0.0006199601556324812
2026-05-08,0.0,0.00390698989943088,0.001079580510980247
2026-05-11,0.0,0.001278134242496947,0.0003531744012998865
2026-05-12,0.0,-0.0028151985926267373,-0.000777896440321374
2026-05-13,0.0,0.00112433315432093,0.00031067604280999916
2026-05-14,0.0,-8.620401413105027e-05,-2.381991661603836e-05
2026-05-15,0.0,-0.010611647747576676,-0.0029322133899911014
2026-05-18,0.0,-0.0018127356099883367,-0.0005008955964765528
2026-05-19,0.0,-0.0018349045672583773,-0.0005070213287752148
2026-05-20,0.0,0.0045693641368578855,0.0012626079403078123
2026-05-21,0.0,0.002514824047680875,0.0006948968644163149
2026-05-22,0.0,0.000395787922440885,0.00010936422630905248
2026-05-26,0.0,0.005400486769492046,0.0014922639720669774
2026-05-27,0.0,-0.0010718998215661153,-0.0002961876500511426
2026-05-28,0.0,0.0013653350021212562,0.00037726973890155025
2026-05-29,0.0,0.0018062577526857422,0.000499105633185936
2026-06-01,0.0,0.0005609892076784734,0.00015501269034971167
2026-06-02,0.0,0.0012300309262475073,0.0003398824798787486
2026-06-03,0.0,-0.002835253534328863,-0.0007834380272636935
2026-06-04,0.0,0.00033546542024871497,9.269589610688935e-05
2026-06-05,0.0,-0.01208780296986148,-0.003340105002250587
2026-06-08,0.0,0.00032041389951850425,8.853685580752292e-05
2026-06-09,0.0,-0.0009221532242577962,-0.00025480962957987965
2026-06-10,0.0,-0.006022830932992748,-0.001664230280486544
2026-06-11,0.0,0.01036135725071066,0.0028630530518649463
2026-06-12,0.0,0.0011990354800997,0.00033131780977423034
2026-06-15,0.0,0.0063375355493896285,0.0017511895456300442
2026-06-16,0.0,-0.0006364267824424125,-0.0001758576215133748
2026-06-17,0.0060871400810353984,-0.0037459780889360743,0.0033700501955423985
2026-06-18,0.0,0.0038406349122925543,0.0010612452828980558
2026-06-22,0.0,-0.0017252400847963406,-0.0004767188091731048
2026-06-23,0.0,-0.008074842505493122,-0.0022312426759626704
2026-06-24,0.0,-0.00119024594008348,-0.0003288890816878398
2026-06-25,0.0,0.0018896150286611209,0.0005221389383410196
2026-06-26,0.0,-0.0010610909576850563,-0.00029320094184554174
2026-06-29,0.0,0.0027823822993576996,0.000768828633245388
2026-06-30,0.0,0.0003645913145000629,0.00010074397112321003
2026-07-01,0.0,-0.002043100471515682,-0.0005645500776298858
2026-07-02,0.0,0.0003169465962348804,8.757876962173488e-05
2026-07-06,0.0,0.0034699794311736838,0.0009588256596064195
2026-07-07,0.0,-0.0051970514586611805,-0.0014360506716818897
2026-07-08,0.0,-0.0007874410667547185,-0.00021758592960215283
2026-07-09,0.0,0.0027228348560276814,0.0007523744675186855
2026-07-10,0.0,7.985691609518326e-05,2.2066084761545685e-05
2026-07-13,0.0,-0.005391286018215549,-0.0014897216179733746
2026-07-14,0.0,0.003685553879877485,0.0010183932498681286
2026-07-15,0.0,0.0005382406752246369,0.00014872680967872734
2026-07-16,0.0,-0.00503607698669994,-0.0013915701618346526
2026-07-17,0.0,-0.00022571550712077772,-6.236977027995661e-05
2026-07-20,0.0,-0.0012124843529400006,-0.00033503400597303674
2026-07-21,0.0,0.004228636322174697,0.0011684579379404036
2026-07-22,0.0,0.0006370820037867997,0.0001760386724533534
2026-07-23,0.0,-0.0047113129223270616,-0.001301831267292139
2026-07-24,0.0,0.0008542301696949544,0.00023604111268072577
2026-07-27,0.0,0.0012685894871717809,0.00035053699191405077
2026-07-28,0.0,0.00014332601923210884,3.960388459204978e-05
2026-07-29,0.00028421195263540067,-0.0052830633853028,-0.001254139081999871
2026-07-30,0.0,0.004324546370505915,0.0011949598285648558
2026-07-31,0.0,-0.003692881383217281,-0.0010204179875826895
2026-08-03,0.0,0.0011634603863542134,0.0003214876902007149
2026-08-04,0.0,0.0030928280194365224,0.0008546110790006603
2026-08-05,0.0,0.0024423511809744405,0.0006748711421889467
2026-08-06,0.0,-0.00031632453304407463,-8.740688095176675e-05
2026-08-07,0.0,0.0027370932781429526,0.0007563143585931976
2026-08-10,0.0,0.0008526996774920675,0.00023561820665921683
2026-08-11,0.0,0.0004159810395071621,0.000114943993905552
2026-08-12,0.0,0.0020344058622518723,0.0005621475808348047
2026-08-13,0.0,0.0004025524786763614,0.00011123341032673166
2026-08-14,0.0,0.0001784434434489255,4.930754079700275e-05
2026-08-17,0.0,0.0019659557392226646,0.0005432334242337606
2026-08-18,0.0,-0.003355856879557241,-0.000927291285123804
2026-08-19,0.0,0.0013716636950728519,0.00037901848505815435
2026-08-20,0.0,0.001212600002171694,0.0003350659622001732
2026-08-21,0.0,0.002804925959943983,0.0007750579036662433
2026-08-24,0.0,-0.0005519052078242522,-0.00015250259704084664
2026-08-25,0.0,0.001173107323256836,0.00032415333442780764
2026-08-26,0.0,-0.0006941859429980369,-0.00019181764845777882
2026-08-27,0.0,0.0010197641525388804,0.0002817815078143996
2026-08-28,0.0,-0.0025714487913142416,-0.0007105434289684116
