Date,s1,s2
2006-05-01,0.0,-0.0010815407676592348
2006-05-02,0.0,-0.0008456199637615309
2006-05-03,0.0,0.0013036575460853728
2006-05-04,0.0,-0.0011038122525846511
2006-05-05,0.0,-0.0007433733563374224
2006-05-08,0.0,-0.0018170775756758699
2006-05-09,0.0,-0.001613317480939743
2006-05-10,-0.0032503492996992,0.0008850064876514087
2006-05-11,0.0,-0.0066934020196552394
2006-05-12,0.0,-0.0039035673866146346
2006-05-15,0.0,0.004822877393908144
2006-05-16,0.0,-0.003474995760427121
2006-05-17,0.0,-0.0002573961228248079
2006-05-18,0.0,-0.0012585083927797113
2006-05-19,0.0,0.0005388795679311979
2006-05-22,0.0,-0.004017491933032129
2006-05-23,0.0,0.0004549829177371416
2006-05-24,0.0,0.002086315473544734
2006-05-25,0.0,0.0018662088282914778
2006-05-26,0.0,0.004313570418469004
2006-05-30,0.0,-0.007454263037597996
2006-05-31,0.0,0.0019243947953248863
2006-06-01,0.0,-0.00045857116030794634
2006-06-02,0.0,0.0034347607815739373
2006-06-05,0.0,-0.0030423314309113683
2006-06-06,0.0,-0.0027340413062374243
2006-06-07,0.0,-0.0015226067755075396
2006-06-08,0.0,-0.0019294218333219002
2006-06-09,0.0,0.0009205404596329517
2006-06-12,0.0,-0.003153226705787442
2006-06-13,0.0,-0.002914871734857398
2006-06-14,0.0,0.0018652186453698098
2006-06-15,0.0,0.004612578086433968
2006-06-16,0.0,-0.0009731175875182907
2006-06-19,0.0,-0.0033487708076454293
2006-06-20,0.0,0.00023249596543817316
2006-06-21,0.0,0.00273940540434684
2006-06-22,0.0,-0.0024238015085581966
2006-06-23,0.0,-0.0013662233627023347
2006-06-26,0.0,0.002038799674978325
2006-06-27,0.0,-0.0022188134236944476
2006-06-28,0.0,-0.0005150100307847607
2006-06-29,0.0047046999939053,0.0066458532669305724
2006-06-30,0.0,0.004095148507772047
2006-07-03,0.0,0.0006484750903234558
2006-07-05,0.0,-0.002160272868366966
2006-07-06,0.0,0.0017108238874358659
2006-07-07,0.0,0.0013521369519558892
2006-07-10,0.0,-0.0019660542591779092
2006-07-11,0.0,0.0024782154722697643
2006-07-12,0.0,-0.0005139102870553072
2006-07-13,0.0,-0.0008209751984341696
2006-07-14,0.0,0.00020306133080282265
2006-07-17,0.0,-0.003362197238299077
2006-07-18,0.0,0.0012681109058508434
2006-07-19,0.0,0.00402877312336189
2006-07-20,0.0,-0.00029065938842105625
2006-07-21,0.0,-1.2928792676380112e-05
2006-07-24,0.0,0.0003885113289494603
2006-07-25,0.0,-0.00014951368990749652
2006-07-26,0.0,0.0038850480578901227
2006-07-27,0.0,-0.0004198628883577705
2006-07-28,0.0,0.0023148394423979156
2006-07-31,0.0,-8.918690349230899e-05
2006-08-01,0.0,0.0004319712933016717
2006-08-02,0.0,-0.0004228263707870091
2006-08-03,0.0,0.0008441614309758805
2006-08-04,0.0,0.0022777385388643083
2006-08-07,0.0,-0.0006688774635313512
2006-08-08,0.0028859216221552,-0.002646646693009651
2006-08-09,0.0,0.0030203857673119115
2006-08-10,0.0,-0.0014028147487203438
2006-08-11,0.0,-0.00015585426028968418
2006-08-14,0.0,-0.0022955440932031453
2006-08-15,0.0,0.0029155423553313816
2006-08-16,0.0,0.0024564979029188506
2006-08-17,0.0,-0.0028029113775896036
2006-08-18,0.0,-0.0005498047862019953
2006-08-21,0.0,0.001945231087669495
2006-08-22,0.0,-0.0003006089556476405
2006-08-23,0.0,-0.0015322772057023597
2006-08-24,0.0,-0.00048762009195526916
2006-08-25,0.0,0.00022815868762941595
2006-08-28,0.0,0.002541642751290322
2006-08-29,0.0,0.0005385121479375973
2006-08-30,0.0,0.0009597433438638637
2006-08-31,0.0,-0.0007510671057892934
2006-09-01,0.0,0.0016663823864027445
2006-09-05,0.0,-0.00018956193514541744
2006-09-06,0.0,-0.002759100675533207
2006-09-07,0.0,-0.005338536454245933
2006-09-08,0.0,-0.0008240138854421685
2006-09-11,0.0,0.002029819439884847
2006-09-12,0.0,0.0027189324139248643
2006-09-13,0.0,0.0003000194181798257
2006-09-14,0.0,0.0018720887260046447
2006-09-15,0.0,-0.002234149460985611
2006-09-18,0.0,0.002173025791800317
2006-09-19,0.0,-0.002008659200029627
2006-09-20,0.008,0.0013563833049479404
2006-09-21,0.0,0.001175961341516786
2006-09-22,0.0,-0.0003549788734472018
2006-09-25,0.0,0.00010256670359535577
2006-09-26,0.0,-0.00015564236697851067
2006-09-27,0.0,0.0004583188204256523
2006-09-28,0.0,-0.0011670237473941133
2006-09-29,0.0,-0.0013949085042836134
2006-10-02,0.0,0.00183079280456722
2006-10-03,0.0,-0.0004613122579934047
2006-10-04,0.0,0.0008994702793128152
2006-10-05,0.0,-0.0011281022240674165
2006-10-06,0.0,-0.0009292057835390265
2006-10-09,0.0,-0.0007094782969705776
2006-10-10,0.0,-0.0009111716520113917
2006-10-11,0.0,-0.0007498725024619202
2006-10-12,0.0,0.00416443119460666
2006-10-13,0.0,-0.000795937659624317
2006-10-16,0.0,0.000975232472742177
2006-10-17,0.0,6.886520160959475e-05
2006-10-18,0.0,0.00032832658684190985
2006-10-19,0.0,0.0020247107593762276
2006-10-20,0.0,0.0010292440871303723
2006-10-23,0.0,-0.0009058673079876229
2006-10-24,0.0,0.001042525540084727
2006-10-25,0.0016379766604308,0.0020325785134142254
2006-10-26,0.0,0.0023220888342052022
2006-10-27,0.0,0.0008744391477456413
2006-10-30,0.0,5.51675153778862e-05
2006-10-31,0.0,0.001498377190312117
2006-11-01,0.0,-0.0003078495182609958
2006-11-02,0.0,0.0005539828577764834
2006-11-03,0.0,-0.0014312631576366777
2006-11-06,0.0,0.001456846180197126
2006-11-07,0.0,0.001860274915729024
2006-11-08,0.0,-0.0004945421357875635
2006-11-09,0.0,-0.0001858782600592302
2006-11-10,0.0,-0.00016975503862821025
2006-11-13,0.0,-0.001456652697789242
2006-11-14,0.0,0.0003152452493082592
2006-11-15,0.0,-0.0001198888182444716
2006-11-16,0.0,0.0005576217528408435
2006-11-17,0.0,0.0018383087105341507
2006-11-20,0.0,0.0007618854495466778
2006-11-21,0.0,6.363198048231163e-05
2006-11-22,0.0,0.002661628027328612
2006-11-24,0.0,0.0028684816127886015
2006-11-27,0.0,-0.0004883779716077041
2006-11-28,0.0,0.003451335547489986
2006-11-29,0.0,0.0005222782292179926
2006-11-30,0.0,0.003604752963985088
2006-12-01,0.0,0.0035395376346340907
2006-12-04,0.0,-0.00023244937857064423
2006-12-05,0.0,0.00036397072018830317
2006-12-06,0.0,-0.0026580034109952876
2006-12-07,0.0,-0.0006387428540221482
2006-12-08,0.0,-0.001367294192377785
2006-12-11,0.0,-0.001995054913846051
2006-12-12,-9.439322727566169e-05,0.001987680355292874
2006-12-13,0.0,-0.002334919954575782
2006-12-14,0.0,-0.0016706900001930054
2006-12-15,0.0,-0.0006696435153829501
2006-12-18,0.0,0.00012791740651893406
2006-12-19,0.0,0.004957493929492404
2006-12-20,0.0,-0.0007772225987988016
2006-12-21,0.0,-0.0010383187296648083
2006-12-22,0.0,-0.0038428968424798404
2006-12-26,0.0,-0.0002802647524129557
2006-12-27,0.0,0.0021641309532890673
2006-12-28,0.0,0.0021473328304312494
2006-12-29,0.0,-0.0005504702003750253
2007-01-03,0.0,-0.0038345453093880364
2007-01-04,0.0,-0.005373393752324997
2007-01-05,0.0,-0.00499678458594647
2007-01-08,0.0,0.002902479881975927
2007-01-09,0.0,-0.0003988550554779105
2007-01-10,0.0,-0.0016818461690611562
2007-01-11,0.0,0.0034731658957955175
2007-01-12,0.0,0.0034846036475437068
2007-01-16,0.0,-5.644445989542289e-05
2007-01-17,0.0,0.0022122937480811423
2007-01-18,0.0,0.0018483995237755606
2007-01-19,0.0,0.0002728730548581005
2007-01-22,0.0,-0.0006130928729775237
2007-01-23,0.0,0.0033939612349859574
2007-01-24,0.0,-0.004955799843145599
2007-01-25,0.0,-0.0033315849680112105
2007-01-26,0.0,-0.0015428443078774057
2007-01-29,0.0,0.001446958807158278
2007-01-30,0.0,0.0003336552538745329
2007-01-31,-0.0022075571174607,0.0013502840415552837
2007-02-01,0.0,0.000977517371723932
2007-02-02,0.0,-0.00020279665561849522
2007-02-05,0.0,-0.0022697071611448285
2007-02-06,0.0,0.001887678452778588
2007-02-07,0.0,0.0021821108956975774
2007-02-08,0.0,0.00047181614268333147
2007-02-09,0.0,0.0009825527491312484
2007-02-12,0.0,-0.00549349621757213
2007-02-13,0.0,0.0025779093634420683
2007-02-14,0.0,0.003922380939591881
2007-02-15,0.0,-0.0023586369363064676
2007-02-16,0.0,0.0008759547296078203
2007-02-20,0.0,0.0011072748165645255
2007-02-21,0.0,0.0023790785835515887
2007-02-22,0.0,0.00025449042842153985
2007-02-23,0.0,0.00021517912863997578
2007-02-26,0.0,3.626196494043904e-05
2007-02-27,0.0,-0.011688231989223937
2007-02-28,0.0,0.0036014907650130704
2007-03-01,0.0,-0.0027903922679182566
2007-03-02,0.0,-0.004232046201911792
2007-03-05,0.0,-0.010204505587539579
2007-03-06,0.0,0.007633513723884882
2007-03-07,0.0,-0.001226296004538274
2007-03-08,0.0,0.0035118566085876415
2007-03-09,0.0,0.0025185107689033237
2007-03-12,0.0,0.0009618003579054888
2007-03-13,0.0,-0.00612593083674447
2007-03-14,0.0,0.005731440103891949
2007-03-15,0.0,0.0008263644951562105
2007-03-16,0.0,0.0017753607335504822
2007-03-19,0.0,0.00452841581512016
2007-03-20,0.0,0.002454860683282254
2007-03-21,0.0037680830474606,0.00569393187570282
2007-03-22,0.0,-0.0010345706289039721
2007-03-23,0.0,-0.0004530217498828398
2007-03-26,0.0,0.0020980118189389257
2007-03-27,0.0,-0.0009155618407029484
2007-03-28,0.0,-0.004146031938996119
2007-03-29,0.0,0.002410290960477975
2007-03-30,0.0,-0.0006593553013338439
2007-04-02,0.0,0.004917422644909387
2007-04-03,0.0,0.0005390105860516772
2007-04-04,0.0,0.0028760487244654125
2007-04-05,0.0,0.0005815251376444208
2007-04-09,0.0,-0.0038023641305386254
2007-04-10,0.0,0.004652118669338546
2007-04-11,0.0,0.00023369720120969753
2007-04-12,0.0,0.0024603900595981656
2007-04-13,0.0,0.0025868489250177353
2007-04-16,0.0,0.002761789838360133
2007-04-17,0.0,0.002561878032417427
2007-04-18,0.0,0.0009481097902249454
2007-04-19,0.0,-0.0011743637728256178
2007-04-20,0.0,0.0017417553583310358
2007-04-23,0.0,-0.002414491492194397
2007-04-24,0.0,-0.00015912230842100823
2007-04-25,0.0,0.002891178443815795
2007-04-26,0.0,-0.001544077324990147
2007-04-27,0.0,0.0027250120461293813
2007-04-30,0.0,-0.0015559254915668568
2007-05-01,0.0,-0.0005325197817581149
2007-05-02,0.0,-0.0002198226883070157
2007-05-03,0.0,0.0004628732819434599
2007-05-04,0.0,-0.0003351810506228846
2007-05-07,0.0,0.002229424766659303
2007-05-08,0.0,-0.0009969052157934016
2007-05-09,-0.00488251437362,0.00048606872161842727
2007-05-10,0.0,-0.0045757153689171244
2007-05-11,0.0,0.004172260686777336
2007-05-14,0.0,-8.459739757675943e-05
2007-05-15,0.0,0.0016864404662406366
2007-05-16,0.0,-0.002274403814523517
2007-05-17,0.0,-0.0007186712659237924
2007-05-18,0.0,0.0012546565496210766
2007-05-21,0.0,-0.0012615205179409225
2007-05-22,0.0,-0.0001648863458993311
2007-05-23,0.0,0.0017894011241981593
2007-05-24,0.0,-0.003214917037792483
2007-05-25,0.0,0.0015369564945109768
2007-05-29,0.0,-0.0008205816179345974
2007-05-30,0.0,0.0011772716745122678
2007-05-31,0.0,0.002025055631957371
2007-06-01,0.0,0.003808433480469018
2007-06-04,0.0,0.0020220108588653637
2007-06-05,0.0,0.00011885293521789726
2007-06-06,0.0,-0.0018551088767638083
2007-06-07,0.0,-0.007361823187420736
2007-06-08,0.0,-0.0005708598660827078
2007-06-11,0.0,0.0010220161422456763
2007-06-12,0.0,-0.004155642460741417
2007-06-13,0.0,0.004442759887499492
2007-06-14,0.0,0.00045052297845589597
2007-06-15,0.0,0.004957319800708049
2007-06-18,0.0,0.0023362054769797366
2007-06-19,0.0,0.002062587788328759
2007-06-20,0.0,-0.0038896855195501736
2007-06-21,0.0,0.0015785690965120448
2007-06-22,0.0,0.001022372152352997
2007-06-25,0.0,-0.0022156918540250994
2007-06-26,0.0,-0.00614279943499912
2007-06-27,0.0,0.0011682070087242848
2007-06-28,-0.001007355914145,0.003166760820890156
2007-06-29,0.0,0.0023305232016129014
2007-07-02,0.0,0.007019553645385043
2007-07-03,0.0,-0.0010233760582924602
2007-07-05,0.0,-0.0013534975043571955
2007-07-06,0.0,0.0014982501471220045
2007-07-09,0.0,0.003616348618391992
2007-07-10,0.0,-0.0007536718177530553
2007-07-11,0.0,0.0034996422541481603
2007-07-12,0.0,0.005000284037929786
2007-07-13,0.0,0.00042219156631064555
2007-07-16,0.0,-7.452618626138526e-05
2007-07-17,0.0,0.0014492839340003601
2007-07-18,0.0,0.0037429964922626392
2007-07-19,0.0,0.0014245002415303708
2007-07-20,0.0,-0.0003145546855494261
2007-07-23,0.0,0.0002127913190094664
2007-07-24,0.0,-0.00332670164249441
2007-07-25,0.0,-0.00262573751246947
2007-07-26,0.0,-0.012153301774126041
2007-07-27,0.0,-0.011362906698348885
2007-07-30,0.0,0.006843541005725397
2007-07-31,0.0,-0.0048270703290749515
2007-08-01,0.0,0.0029540968256950664
2007-08-02,0.0,0.0031194966414379694
2007-08-03,0.0,-0.001545778807068027
2007-08-06,0.0,0.00171012371008261
2007-08-07,-0.0059581687685457,-0.000738934515844319
2007-08-08,0.0,0.008051432198631959
2007-08-09,0.0,-0.015886020892999515
2007-08-10,0.0,0.0009407493909312052
2007-08-13,0.0,-0.003869578892217363
2007-08-14,0.0,-0.008125372256361426
2007-08-15,0.0,-0.011171629900157612
2007-08-16,0.0,-0.011797545782330424
2007-08-17,0.0,0.004054973182448434
2007-08-20,0.0,0.003400338903580238
2007-08-21,0.0,-0.004518905597967038
2007-08-22,0.0,0.010056957687102618
2007-08-23,0.0,0.0034331806320939255
2007-08-24,0.0,0.009213210896443445
2007-08-27,0.0,-0.004305954311063208
2007-08-28,0.0,-0.009877253370666432
2007-08-29,0.0,0.010677485028032067
2007-08-30,0.0,-0.0023395907704612503
2007-08-31,0.0,0.0034652735553732813
2007-09-04,0.0,0.0014051505914153867
2007-09-05,0.0,0.001619858120728621
2007-09-06,0.0,0.0029942170660181913
2007-09-07,0.0,0.0027846892251610724
2007-09-11,0.0,0.003535675817422392
2007-09-12,0.0,0.003139134200693734
2007-09-13,0.0,-0.0032049484467797326
2007-09-14,0.0,-0.000749181119783352
2007-09-17,0.0,-0.0032328092938382147
2007-09-18,0.0050909557707781,0.009500053832422431
2007-09-19,0.0,-0.00027798142082763967
2007-09-20,0.0,0.00546895410647163
2007-09-21,0.0,-0.0006169277149286083
2007-09-24,0.0,0.0007158020433572843
2007-09-25,0.0,0.0028183683090817787
2007-09-26,0.0,-0.001262520373325249
2007-09-27,0.0,0.003238882517742256
2007-09-28,0.0,0.005830635216009919
2007-10-01,0.0,0.0009084197139739411
2007-10-02,0.0,-0.007278520329997556
2007-10-03,0.0,-0.0038718280967642007
2007-10-04,0.0,0.004142103894631232
2007-10-05,0.0,0.0037655810624540073
2007-10-08,0.0,-0.006151490551764115
2007-10-09,0.0,0.0050831988031794775
2007-10-10,0.0,0.0012322568521560087
2007-10-11,0.0,0.0013187207278224024
2007-10-12,0.0,0.0019340091889418927
2007-10-15,0.0,0.00024217376805420695
2007-10-16,0.0,-0.004357424930907793
2007-10-17,0.0,0.0019302652997537373
2007-10-18,0.0,0.006330452061263715
2007-10-19,0.0,-0.0026273639446527685
2007-10-22,0.0,-0.005751940450576752
2007-10-23,0.0,0.006419883029494916
2007-10-24,0.0,0.0021589081550758074
2007-10-25,0.0,0.004265394962191109
2007-10-26,0.0,0.007050594691160138
2007-10-29,0.0,0.0034712216809289855
2007-10-30,0.0,-0.0021477884877499974
2007-10-31,0.0026178525366853,0.00629299546226284
2007-11-01,0.0,-0.006874710439893023
2007-11-02,0.0,0.00703129297803663
2007-11-05,0.0,-0.0009450344542231202
2007-11-06,0.0,0.009239665680140393
2007-11-07,0.0,0.0011270086887050358
2007-11-08,0.0,0.0020433287797323963
2007-11-09,0.0,-0.002230365906828292
2007-11-12,0.0,-0.019110560786892015
2007-11-13,0.0,0.00960410092452378
2007-11-14,0.0,-2.3442360140825528e-05
2007-11-15,0.0,-0.007624331955638602
2007-11-16,0.0,0.000830479531454107
2007-11-19,0.0,-0.002553333701550513
2007-11-20,0.0,0.011313968508864583
2007-11-21,0.0,-0.004917644319966182
2007-11-23,0.0,0.005469819887779793
2007-11-27,0.0,-0.000798709690693745
2007-11-28,0.0,0.003570181207093541
2007-11-29,0.0,-0.0052253767299822815
2007-11-30,0.0,-0.004846596676850092
2007-12-03,0.0,0.001381295496508011
2007-12-04,0.0,0.00022520232447026736
2007-12-05,0.0,-0.0062674488891193494
2007-12-06,0.0,0.002928496616154572
2007-12-07,0.0,-0.0008814788773311182
2007-12-10,0.0,0.004210245140632569
2007-12-11,0.0010372135709113,-0.004560331357522705
2007-12-12,0.0,0.0032778831547072727
2007-12-13,0.0,-0.0032100381853538565
2007-12-14,0.0,-0.00892291976167195
2007-12-17,0.0,-0.0020049435098238298
2007-12-19,0.0,-0.0015874201473500182
2007-12-20,0.0,-0.004665568672717259
2007-12-21,0.0,0.0030838800695462657
2007-12-24,0.0,0.00017471762019395307
2007-12-26,0.0,0.0039055367766046506
2007-12-27,0.0,0.0031901067020267565
2007-12-28,0.0,0.003757538019506019
2007-12-31,0.0,-0.0030605923090138965
2008-01-02,0.0,0.008382323571488765
2008-01-03,0.0,9.727342694458884e-05
2008-01-04,0.0,-0.00231458702649051
2008-01-07,0.0,-0.004184045221552558
2008-01-08,0.0,0.019982561173831247
2008-01-09,0.0,-0.016783402017045035
2008-01-10,0.0,0.008536044876263202
2008-01-11,0.0,-0.00014967079670929033
2008-01-14,0.0,0.004656453846133253
2008-01-15,0.0,-0.005645606272077411
2008-01-16,0.0,-0.00569504066963391
2008-01-17,0.0,-0.0017252436135254867
2008-01-18,0.0,0.0012770249641862682
2008-01-22,0.0,0.0038341827520127123
2008-01-23,0.0,0.00101185376224804
2008-01-24,0.0,0.009321856041919213
2008-01-25,0.0,-0.002121502913765596
2008-01-28,0.0,0.006493513022431316
2008-01-29,0.0,-5.55052572546489e-05
2008-01-30,-0.0043839120060846,0.0015192728119956024
2008-01-31,0.0,0.004135898476930306
2008-02-01,0.0,-0.00581799835688708
2008-02-04,0.0,0.001693041053643419
2008-02-05,0.0,-0.004082957515757342
2008-02-06,0.0,0.0017159313383952937
2008-02-07,0.0,-0.002633226015443505
2008-02-08,0.0,0.012609355037810912
2008-02-11,0.0,-0.005436912141204397
2008-02-12,0.0,-0.002685337334437894
2008-02-13,0.0,-0.002535162775317562
2008-02-14,0.0,0.0036188246127891017
2008-02-15,0.0,-0.0007451370701685769
2008-02-19,0.0,0.00469960162664197
2008-02-20,0.0,0.0012562371813173315
2008-02-21,0.0,0.004337152478259812
2008-02-22,0.0,0.001154102200343525
2008-02-25,0.0,-0.0015510941588776184
2008-02-26,0.0,0.007064553570037346
2008-02-27,0.0,0.005484411119820127
2008-02-28,0.0,0.006970486159735388
2008-02-29,0.0,0.0013960616062247543
2008-03-03,0.0,0.0035728284552157285
2008-03-04,0.0,-0.0037963509959335865
2008-03-05,0.0,0.005362811639092536
2008-03-06,0.0,0.0030751079983010287
2008-03-07,0.0,-2.909440854473828e-05
2008-03-10,0.0,-0.0007525696964660437
2008-03-11,0.0,-0.0037925953428549304
2008-03-12,0.0,0.009029871745100075
2008-03-13,0.0,0.005114559544370169
2008-03-14,0.0,0.0017397943944709384
2008-03-17,0.0,-0.0008958631372994649
2008-03-18,0.008,-0.008854539518739189
2008-03-19,0.0,-0.0066475251325688895
2008-03-20,0.0,-0.012029250357178872
2008-03-24,0.0,-0.0023334777287983394
2008-03-25,0.0,0.009274683544984863
2008-03-26,0.0,0.006484358765289499
2008-03-27,0.0,-0.0002640418017044013
2008-03-28,0.0,-0.003436478088
2008-03-31,0.0,-0.0058815334095715125
2008-04-02,0.0,0.001338613727688435
2008-04-03,0.0,0.0006528282462727031
2008-04-04,0.0,0.0037168311050776817
2008-04-07,0.0,0.00030728415342580343
2008-04-08,0.0,-0.00946524153498221
2008-04-09,0.0,0.011449312591567503
2008-04-10,0.0,-0.001724899152364821
2008-04-11,0.0,0.002732199527026838
2008-04-14,0.0,-0.0011876711451188418
2008-04-15,0.0,-0.0015765335965798074
2008-04-16,0.0,0.004031048431060895
2008-04-17,0.0,-0.000534931358684017
2008-04-18,0.0,-0.0051590298633738835
2008-04-21,0.0,-0.0004435909526999734
2008-04-22,0.0,0.0035102153255845633
2008-04-23,0.0,-0.004749235141093602
2008-04-24,0.0,-0.006689772690603573
2008-04-25,0.0,-0.0003205740331878843
2008-04-28,0.0,0.0023966265376872712
2008-04-29,0.0,-0.005760425423239279
2008-04-30,0.0025147887882433,0.005710800340882693
2008-05-02,0.0,-0.0004994302863214923
2008-05-05,0.0,0.0042371849119633796
2008-05-06,0.0,0.0009210784818683416
2008-05-07,0.0,-0.00017364996893655778
2008-05-08,0.0,-0.0004718426469327937
2008-05-09,0.0,0.004930952369514191
2008-05-12,0.0,-0.000582239334743883
2008-05-13,0.0,-0.003325344543631651
2008-05-14,0.0,-0.002419128365949122
2008-05-15,0.0,0.0022012522517473533
2008-05-16,0.0,0.004604390807767222
2008-05-19,0.0,-0.00014812970948640657
2008-05-20,0.0,0.0039050811522272112
2008-05-21,0.0,0.0044505829254802235
2008-05-22,0.0,-0.0035446974976598654
2008-05-23,0.0,0.0030291311149701766
2008-05-27,0.0,-0.004889362361981811
2008-05-28,0.0,-0.0011358320944241868
2008-05-29,0.0,-0.006331218357338732
2008-05-30,0.0,0.0006694251983814386
2008-06-02,0.0,0.0002587575871399741
2008-06-03,0.0,-0.002305080083877368
2008-06-04,0.0,-0.00040670882516227497
2008-06-05,0.0,0.0001682858462154887
2008-06-06,0.0,0.00913975298433251
2008-06-09,0.0,-0.005086267423767756
2008-06-10,0.0,-0.007200956950983478
2008-06-11,0.0,0.004946091686623611
2008-06-12,0.0,-0.006211015712015552
2008-06-13,0.0,-0.0014030079274102009
2008-06-16,0.0,0.00498872992145224
2008-06-17,0.0,0.0006040941769328773
2008-06-18,0.0,0.0027771177625193523
2008-06-19,0.0,0.0013032224221151396
2008-06-20,0.0,0.003522343159277341
2008-06-23,0.0,-0.004891247811369746
2008-06-24,0.0,0.001433956611862933
2008-06-25,0.0035102926304473,0.0011225362549307776
2008-06-26,0.0,0.0075914958409867145
2008-06-27,0.0,0.0037574433971017855
2008-06-30,0.0,-0.0009996144133501577
2008-07-02,0.0,0.00376750341148379
2008-07-03,0.0,-0.0024721778821712227
2008-07-07,0.0,-0.0013443025175323242
2008-07-08,0.0,-0.0050218861506159595
2008-07-09,0.0,0.0059976686007085665
2008-07-10,0.0,0.00276296331733147
2008-07-11,0.0,0.004514034946724377
2008-07-14,0.0,0.0015323318811152342
2008-07-15,0.0,0.0018929920575570535
2008-07-16,0.0,-0.004143278430008452
2008-07-17,0.0,-0.0021792960087840423
2008-07-18,0.0,-0.002063587327991583
2008-07-21,0.0,0.0021390253682059975
2008-07-22,0.0,-0.004424346873163432
2008-07-23,0.0,-0.006217782633453588
2008-07-24,0.0,0.0033566588947244393
2008-07-25,0.0,-0.0008157819122176391
2008-07-28,0.0,0.0018007244960385634
2008-07-29,0.0,-0.0035293267699500475
2008-07-30,0.0,-0.0028030774516140567
2008-07-31,0.0,0.001712319892317932
2008-08-08,0.0,-0.009277697927805006
2008-08-26,0.0,-0.001147696252289916
2008-08-27,0.0,0.00030483113816623294
2008-08-28,0.0,0.0016307063501219256
2008-08-29,0.0,-8.912594893117835e-06
2008-09-02,0.0,-0.003939259036559931
2008-09-03,0.0,-9.576759363123281e-05
2008-09-04,0.0,0.00030442902005480693
2008-09-05,0.0,-0.003571337531754994
2008-09-08,0.0,0.0037753513647163146
2008-09-09,0.0,-0.00789319080818542
2008-09-10,0.0,-0.005179582472584531
2008-09-11,0.0,-0.0020249927027994373
2008-09-12,0.0,0.0038936570469123495
2008-09-15,0.0,0.00444601676557279
2008-09-16,-0.008,-0.00452671367942257
2008-09-17,0.0,0.013678131426101534
2008-09-18,0.0,-0.0036468431669855793
2008-09-19,0.0,0.0030927269303104112
2008-09-22,0.0,0.009070669229486088
2008-09-23,0.0,-0.0006900095419125455
2008-09-24,0.0,-0.002340123791192079
2008-09-25,0.0,-0.00038320847728875025
2008-09-26,0.0,-0.0005301728983469005
2008-09-29,0.0,0.007289972551831921
2008-09-30,0.0,-0.011563626514470333
2008-10-01,0.0,0.000925820630174738
2008-10-02,0.0,0.007728316952577282
2008-10-03,0.0,-0.0005949632499034358
2008-10-06,0.0,0.017610063086524363
2008-10-07,0.0,0.0037611554761517543
2008-10-08,0.0,-0.0031977154333674646
2008-10-09,0.0,0.015935665895240734
2008-10-10,0.0,0.008673173139669782
2008-10-13,0.0,-0.026268770083249873
2008-10-14,0.0,0.0011260050930181544
2008-10-15,0.0,0.018562080652785775
2008-10-16,0.0,-0.009788968680758717
2008-10-17,0.0,-0.0002231076362058839
2008-10-20,0.0,-0.004181419108989239
2008-10-21,0.0,0.009287805672499084
2008-10-22,0.0,0.010573397012139123
2008-10-23,0.0,-0.002421223388924751
2008-10-24,0.0,0.018771265311553775
2008-10-27,0.0,0.01058718002598826
2008-10-28,0.0,-0.024372681019631953
2008-10-29,-0.0044090733024932,-0.0074462891942362565
2008-10-30,0.0,-0.0031139033457771997
2008-10-31,0.0,0.003031029368848176
2008-11-03,0.0,0.0016503702083809526
2008-11-04,0.0,-0.01100131758581709
2008-11-05,0.0,0.00660643859949254
2008-11-06,0.0,0.008135795529782998
2008-11-07,0.0,-0.003412318579970646
2008-11-10,0.0,-0.0003149288127584624
2008-11-11,0.0,0.008062800787339819
2008-11-12,0.0,0.011562815395660021
2008-11-13,0.0,-0.01013176560871733
2008-11-14,0.0,0.00516456266460173
2008-11-17,0.0,-0.0004365776865084501
2008-11-18,0.0,-0.0016422480630704378
2008-11-19,0.0,0.005918563384125853
2008-11-20,0.0,0.008877482678980902
2008-11-21,0.0,-0.013144425078237846
2008-11-24,0.0,-0.012213224742984962
2008-11-25,0.0,-0.0013633581060768475
2008-11-26,0.0,-0.0004464352102597336
2008-11-28,0.0,0.0005896213228916887
2008-12-01,0.0,0.010122429272031335
2008-12-02,0.0,-0.003022751501555835
2008-12-03,0.0,-0.000834388474697926
2008-12-04,0.0,0.0019419068333527735
2008-12-05,0.0,-0.0022244128139735963
2008-12-08,0.0,-0.021537506137691908
2008-12-09,0.0,0.016708377302538605
2008-12-10,0.0,-0.00019294078267664486
2008-12-11,0.0,-0.0024447103101074
2008-12-12,0.0,0.0009069560412387087
2008-12-15,0.0,-0.0036748824459884033
2008-12-16,0.008,-0.006652266482048738
2008-12-17,0.0,-0.0008018079724761535
2008-12-18,0.0,0.004517497369002454
2008-12-19,0.0,0.0022585577273852198
2008-12-22,0.0,0.0017148210622629637
2008-12-23,0.0,0.0020826285096860564
2008-12-24,0.0,-0.0004460960528101279
2008-12-26,0.0,0.0011308482621009547
2008-12-29,0.0,0.00032753194811145425
2008-12-30,0.0,-0.001501608319379762
2008-12-31,0.0,-0.0032103260344695803
2009-01-02,0.0,-0.0008035986226920097
2009-01-05,0.0,-0.0016934705998840286
2009-01-06,0.0,-0.0018843426476586509
2009-01-07,0.0,0.000516928408068504
2009-01-08,0.0,-0.00033238103425145066
2009-01-09,0.0,0.0021129241946190613
2009-01-12,0.0,0.00575585245242609
2009-01-13,0.0,0.003274376047039538
2009-01-14,0.0,0.0004039216748796968
2009-01-15,0.0,-0.00047176820344014403
2009-01-16,0.0,-0.0022187917390821613
2009-01-20,0.0,0.009178354348075417
2009-01-21,0.0,-0.002665214750344753
2009-01-22,0.0,0.0006238545146579612
2009-01-23,0.0,0.0018932964066741239
2009-01-26,0.0,-0.0032546636246552287
2009-01-27,0.0,-0.0024169247002817722
2009-01-28,0.008,-0.0023723016540495236
2009-01-29,0.0,0.0030526886241232167
2009-01-30,0.0,0.0002806438094224775
2009-02-02,0.0,0.005098245456614472
2009-02-03,0.0,-0.004179924629178009
2009-02-04,0.0,0.0004766178887153689
2009-02-05,0.0,-0.004082553841189751
2009-02-06,0.0,-0.004645374828313618
2009-02-09,0.0,0.0006844442558887187
2009-02-10,0.0,0.003840301330963542
2009-02-11,0.0,-0.0001139763357595843
2009-02-12,0.0,-0.0005006966746831371
2009-02-13,0.0,-0.0008954797647579895
2009-02-17,0.0,0.0013092784746622144
2009-02-18,0.0,-0.0017215445092909633
2009-02-19,0.0,0.0003931667767555916
2009-02-20,0.0,-0.003145789603223604
2009-02-23,0.0,0.0016763146061731357
2009-02-24,0.0,-0.0015938825096902655
2009-02-25,0.0,0.0037176923921983687
2009-02-26,0.0,0.000699039948441953
2009-02-27,0.0,0.0021245786199931677
2009-03-02,0.0,0.005628752506199169
2009-03-03,0.0,-0.00024702343545607156
2009-03-04,0.0,-0.0028131990595183865
2009-03-05,0.0,0.0007620807879821998
2009-03-06,0.0,-0.0005276799889475915
2009-03-09,0.0,0.004125160313813087
2009-03-10,0.0,-0.0014829421186504867
2009-03-11,0.0,-0.0010273889127126899
2009-03-12,0.0,-0.004011914399646246
2009-03-13,0.0,-0.0020897280181331863
2009-03-16,0.0,6.438493297219229e-05
2009-03-17,0.0,-0.0008341575327365205
2009-03-18,-0.0062032493492645,-0.0056914925083281455
2009-03-19,0.0,-0.003296792529035013
2009-03-20,0.0,0.0007786773283825775
2009-03-23,0.0,-0.004211811275071292
2009-03-24,0.0,0.0010903783001965648
2009-03-25,0.0,-0.00018489706389899618
2009-03-26,0.0,-0.0006479809905923903
2009-03-27,0.0,0.0040160613109822335
2009-03-30,0.0,0.0043133579215736744
2009-03-31,0.0,-0.002687468922493312
2009-04-01,0.0,-0.0021419156440191283
2009-04-02,0.0,-0.0038317206786700584
2009-04-03,0.0,-0.00022874897967224507
2009-04-06,0.0,0.0036198614246938173
2009-04-07,0.0,0.0001664616897319824
2009-04-08,0.0,0.0006086622732303146
2009-04-09,0.0,-0.0018293198423897836
2009-04-13,0.0,-0.004133423232733885
2009-04-14,0.0,0.0018073630302089894
2009-04-15,0.0,-0.0012910260618751467
2009-04-16,0.0,0.0024991911686308107
2009-04-17,0.0,0.002035752150651385
2009-04-20,0.0,0.003920571763912387
2009-04-21,0.0,-0.0021670888000228524
2009-04-22,0.0,0.00045476804412201456
2009-04-23,0.0,-0.004065947458656442
2009-04-24,0.0,-0.001861476543964845
2009-04-27,0.0,0.0034064092671405146
2009-04-28,0.0,0.0010353518001052515
2009-04-29,0.008,-0.004512757565341541
2009-04-30,0.0,0.0005315296586806152
2009-05-01,0.0,-0.002005014742344027
2009-05-04,0.0,-0.0029897941464420495
2009-05-05,0.0,-0.0006094991303366188
2009-05-06,0.0,-0.0014369145206076606
2009-05-07,0.0,-0.0001077179755886507
2009-05-08,0.0,-0.0033949270191258466
2009-05-11,0.0,0.002250098617660044
2009-05-12,0.0,-0.000823511815160365
2009-05-13,0.0,0.0035203800502277556
2009-05-14,0.0,-0.0016945236277765205
2009-05-15,0.0,0.0026403446125180022
2009-05-18,0.0,-0.004013130301989813
2009-05-19,0.0,-0.0019224445517705138
2009-05-20,0.0,-0.0008409493890903099
2009-05-21,0.0,-5.133311208070172e-05
2009-05-22,0.0,-0.0014720064357073865
2009-05-26,0.0,-0.0014952373456213442
2009-05-27,0.0,0.0009805395052601236
2009-05-28,0.0,-0.001956709288535656
2009-05-29,0.0,-0.003137827481246077
2009-06-01,0.0,-0.0032059052309838664
2009-06-02,0.0,-0.0017430051389884878
2009-06-03,0.0,0.0032312372277576973
2009-06-04,0.0,0.00042687512537598375
2009-06-05,0.0,0.0005802515805532005
2009-06-08,0.0,0.0009121994133594671
2009-06-09,0.0,-0.0027277086658432466
2009-06-10,0.0,-0.0001712591494432252
2009-06-11,0.0,-0.0028629725937453715
2009-06-12,0.0,0.00128683317203492
2009-06-15,0.0,0.004451610618356167
2009-06-16,0.0,0.0005428381116913806
2009-06-17,0.0,3.126514313972507e-06
2009-06-18,0.0,-0.0009630155848418784
2009-06-19,0.0,-0.0013070188468789976
2009-06-22,0.0,0.0038273331482567238
2009-06-23,0.0,-0.0012169472302681309
2009-06-24,0.008,-0.00022873774893002546
2009-06-25,0.0,-0.0007909001909836965
2009-06-26,0.0,-0.0008787758557870131
2009-06-29,0.0,-0.0009576797522531307
2009-06-30,0.0,0.0011868911410734342
2009-07-01,0.0,-0.0017263460570421405
2009-07-02,0.0,0.004648746205866426
2009-07-06,0.0,0.000727608781931898
2009-07-07,0.0,0.002677354772997745
2009-07-08,0.0,0.0031799131345716957
2009-07-09,0.0,-0.002671677314289219
2009-07-10,0.0,0.0018667525810828704
2009-07-13,0.0,-0.0022564062118239367
2009-07-14,0.0,-0.001661484814770085
2009-07-15,0.0,-0.004173287744041834
2009-07-16,0.0,0.00017558723935618938
2009-07-17,0.0,-0.00010469277168792082
2009-07-20,0.0,-0.003444378086541516
2009-07-21,0.0,0.0009342579087134057
2009-07-22,0.0,-0.0005768973113412783
2009-07-23,0.0,-0.001541351196291412
2009-07-24,0.0,-0.0004634615154711106
2009-07-27,0.0,-0.0012466457390967367
2009-07-28,0.0,0.002449044981503463
2009-07-29,0.0,0.0021610733087595963
2009-07-30,0.0,-0.002574706534549921
2009-07-31,0.0,-0.003483346644816754
2009-08-03,0.0,-0.0032231342018507773
2009-08-04,0.0,-0.000571579909132584
2009-08-05,0.0,8.05350308451693e-05
2009-08-06,0.0,0.0011477461004390228
2009-08-07,0.0,-0.0004928399339396316
2009-08-10,0.0,0.0015666918387026091
2009-08-11,0.0,0.0012250254282755602
2009-08-12,1.7479121535275753e-05,-0.001441066236803234
2009-08-13,0.0,-0.0012916666469018252
2009-08-14,0.0,0.001657660180057001
2009-08-17,0.0,0.003437974758433063
2009-08-18,0.0,-0.0019254591979027517
2009-08-19,0.0,0.0004423612405379123
2009-08-20,0.0,-0.0006773843676122095
2009-08-21,0.0,-0.0006918265567575501
2009-08-24,0.0,-0.00021984521322276386
2009-08-25,0.0,0.0008024846785843388
2009-08-26,0.0,0.0007592607308936578
2009-08-27,0.0,-0.0011657046412202217
2009-08-28,0.0,-0.0003930822214395121
2009-08-31,0.0,7.392710377268637e-05
2009-09-01,0.0,0.0034983527611698742
2009-09-02,0.0,0.000974363209835495
2009-09-03,0.0,0.0008987335388031487
2009-09-04,0.0,-0.0015098285563022447
2009-09-08,0.0,-0.001556839229416854
2009-09-09,0.0,-0.000588310350679009
2009-09-10,0.0,0.00014124996264835364
2009-09-11,0.0,0.0010785996019017524
2009-09-14,0.0,-0.0008194152203615504
2009-09-15,0.0,0.0015132067975554583
2009-09-16,0.0,3.109715943282931e-05
2009-09-17,0.0,-0.0003855543756147327
2009-09-18,0.0,0.00023107361707636452
2009-09-21,0.0,-0.00021625216354778496
2009-09-22,0.0,-0.0001557401144131716
2009-09-23,0.0030278113625796,-0.0002144035736002034
2009-09-24,0.0,0.0016467861739312155
2009-09-25,0.0,-0.00046714825266755536
2009-09-28,0.0,3.939257430949512e-05
2009-09-29,0.0,-0.0003465989655598432
2009-09-30,0.0,0.001004223930696366
2009-10-01,0.0,-0.0012302759277733218
2009-10-02,0.0,8.917603134982913e-05
2009-10-05,0.0,0.002209336081179863
2009-10-06,0.0,0.004070016135340607
2009-10-07,0.0,0.0003661375690571277
2009-10-08,0.0,0.0013165829752181221
2009-10-09,0.0,-0.00041570460047920486
2009-10-12,0.0,0.0009591878053273589
2009-10-13,0.0,-0.00019364795397564883
2009-10-14,0.0,0.00031279077309941003
2009-10-15,0.0,-0.0037825906264178357
2009-10-16,0.0,-0.00011775288055558324
2009-10-19,0.0,0.0015927091110429915
2009-10-20,0.0,-0.0009709255311098557
2009-10-21,0.0,3.0112141287134352e-05
2009-10-22,0.0,-0.0005368963683417945
2009-10-23,0.0,0.0010596944759054406
2009-10-26,0.0,-0.002690969656902254
2009-10-27,0.0,-0.001095286209817696
2009-10-28,0.0,-0.0018025913536570293
2009-10-29,0.0,0.0015405867372879536
2009-10-30,0.0,0.0002485810627619517
2009-11-02,0.0,0.0011732333772724543
2009-11-03,0.0,0.0035392071150512974
2009-11-04,0.0043765579892884,0.0020825178521550252
2009-11-05,0.0,0.0007252482950953316
2009-11-06,0.0,0.002097871673521775
2009-11-09,0.0,0.004318622260539454
2009-11-10,0.0,-0.0007169847274593821
2009-11-11,0.0,0.0003207626684868109
2009-11-12,0.0,-0.0032452785731842643
2009-11-13,0.0,0.003662239956718796
2009-11-16,0.0,0.0057423207364824995
2009-11-17,0.0,-0.0006468405082993312
2009-11-18,0.0,-0.0002490702783177205
2009-11-19,0.0,-0.001102435074203658
2009-11-20,0.0,-0.0010706124347776172
2009-11-23,0.0,0.0027444361429087376
2009-11-24,0.0,0.0003194169556850616
2009-11-25,0.0,0.005068932152800763
2009-11-27,0.0,-0.003650583784128782
2009-11-30,0.0,0.0018256438135932
2009-12-01,0.0,0.004583343604109195
2009-12-02,0.0,0.0003326379583750042
2009-12-03,0.0,-0.0030303930510721367
2009-12-04,0.0,-0.009051937698865729
2009-12-07,0.0,3.422987720156282e-05
2009-12-08,0.0,-0.00530160978901851
2009-12-09,0.0,0.0012076034485018056
2009-12-10,0.0,0.0004377983881687521
2009-12-11,0.0,-0.003562899174618949
2009-12-14,0.0,0.0027454540678566136
2009-12-15,0.0,-0.003096136123651875
2009-12-16,0.0037307528700145,0.0008243727449085016
2009-12-17,0.0,-0.00771320960919264
2009-12-18,0.0,0.001063459705775398
2009-12-21,0.0,-0.004014700181999647
2009-12-22,0.0,-0.0024585415951430115
2009-12-23,0.0,0.0018767550372314104
2009-12-24,0.0,0.0033245187456360675
2009-12-28,0.0,-0.00046990321256389637
2009-12-29,0.0,-0.0023186587611517045
2009-12-30,0.0,-0.0005310675580040569
2009-12-31,0.0,7.074438234005217e-05
2010-01-04,0.0,0.0052709900559499085
2010-01-05,0.0,-0.0016161371222106198
2010-01-06,0.0,0.004289110110730075
2010-01-07,0.0,-0.00040880127483013085
2010-01-08,0.0,0.0022969073782679417
2010-01-11,0.0,0.002259503466147817
2010-01-12,0.0,-0.004729294367184495
2010-01-13,0.0,0.004002368820408698
2010-01-14,0.0,0.001081043790699832
2010-01-15,0.0,-0.00462877020215271
2010-01-19,0.0,0.0012339226340325972
2010-01-20,0.0,-0.007017646817018169
2010-01-21,0.0,-0.005572098401652625
2010-01-22,0.0,-0.0033269534057378393
2010-01-25,0.0,0.0026651585577016734
2010-01-26,0.0,-0.003840749702404476
2010-01-27,-0.0015540307030665,-0.0010482989382097384
2010-01-28,0.0,-0.0027848531396626594
2010-01-29,0.0,-0.003078324133727784
2010-02-01,0.0,0.005516400071220201
2010-02-02,0.0,0.0010400367165041698
2010-02-03,0.0,-0.0025051500118074208
2010-02-04,0.0,-0.013154839188030754
2010-02-05,0.0,-0.001767823812003534
2010-02-08,0.0,-0.0026641365595766217
2010-02-09,0.0,0.006970279113536573
2010-02-10,0.0,-0.001538829894240714
2010-02-11,0.0,0.004466437617355007
2010-02-12,0.0,-0.0008524638385134858
2010-02-16,0.0,0.008201593247793423
2010-02-17,0.0,-0.0016608272959289158
2010-02-18,0.0,-0.0017350334838923378
2010-02-19,0.0,0.002230947184601278
2010-02-22,0.0,-0.0007359309721406336
2010-02-23,0.0,-0.005510769031785026
2010-02-24,0.0,0.0005524948445625842
2010-02-25,0.0,-0.002433637594777186
2010-02-26,0.0,0.002951311578091684
2010-03-01,0.0,-0.0017844194417810707
2010-03-02,0.0,0.004484320227173524
2010-03-03,0.0,0.0027957620024728173
2010-03-04,0.0,-0.003427235820192393
2010-03-05,0.0,0.0020170093364223476
2010-03-08,0.0,-0.0018165210940830623
2010-03-09,0.0,0.0008809097631016557
2010-03-10,0.0,-0.002100593318327587
2010-03-11,0.0,0.0018851370833450544
2010-03-12,0.0,0.001433971677814752
2010-03-15,0.0,-0.0017098958799743255
2010-03-16,0.0018370092992239,0.0056152675529836365
2010-03-17,0.0,0.0005266490294603077
2010-03-18,0.0,-0.0015130598245813203
2010-03-19,0.0,-0.005968902661561785
2010-03-22,0.0,0.001298733293095371
2010-03-23,0.0,-0.000562542218628998
2010-03-24,0.0,-0.007962369868358327
2010-03-25,0.0,-0.001329619259499936
2010-03-26,0.0,0.0030555327428068864
2010-03-29,0.0,0.004280283397637126
2010-03-30,0.0,-0.000804021857758664
2010-03-31,0.0,0.001433784386727577
2010-04-01,0.0,0.004310403658013479
2010-04-05,0.0,0.0025623037406372036
2010-04-06,0.0,0.00021955245204393795
2010-04-07,0.0,0.0008251470934848729
2010-04-08,0.0,0.0007411170839438808
2010-04-09,0.0,0.004940482067404913
2010-04-12,0.0,-0.0005857575134587167
2010-04-13,0.0,0.0002460993857616909
2010-04-14,0.0,0.003584092141263588
2010-04-15,0.0,-0.00023680020627899102
2010-04-16,0.0,-0.005924925687785963
2010-04-19,0.0,-0.0005622310542764966
2010-04-20,0.0,0.0005075785751626724
2010-04-21,0.0,0.0009201096366064651
2010-04-22,0.0,-0.0026678005441581848
2010-04-23,0.0,0.0029316829489082685
2010-04-26,0.0,0.0003678010487768404
2010-04-27,0.0,-0.004913622171553826
2010-04-28,0.0047790128504672,-0.00012182519146649346
2010-04-29,0.0,0.004266598872529459
2010-04-30,0.0,-0.0006790384760603103
2010-05-03,0.0,-0.0006515961969569083
2010-05-04,0.0,-0.010211764813233108
2010-05-05,0.0,-0.0026410475805589404
2010-05-06,0.0,-0.002217759615421562
2010-05-07,0.0,0.00032913227910143526
2010-05-10,0.0,0.003924284911576007
2010-05-11,0.0,0.002851128418625371
2010-05-12,0.0,0.0006424943039793734
2010-05-13,0.0,-0.004371512803860711
2010-05-14,0.0,-0.005204258992671291
2010-05-17,0.0,-0.0028637690190889517
2010-05-18,0.0,-0.006052858916774782
2010-05-19,0.0,-0.0017763319562639596
2010-05-20,0.0,-0.00590396298763734
2010-05-21,0.0,0.004429468292501793
2010-05-24,0.0,-0.0036074306332147406
2010-05-25,0.0,0.0006072921828119832
2010-05-26,0.0,-0.001289161326225033
2010-05-27,0.0,0.00898143080427774
2010-05-28,0.0,-0.0031238443379994823
2010-06-01,0.0,-0.0027890045672739777
2010-06-02,0.0,0.0014677986871311547
2010-06-03,0.0,-0.001342019090966108
2010-06-04,0.0,-0.0009578216390696586
2010-06-07,0.0,0.0020814658079427568
2010-06-08,0.0,0.002343052282800885
2010-06-09,0.0,-0.0017027572154353205
2010-06-10,0.0,0.0009653257061972825
2010-06-11,0.0,0.0023247649368252554
2010-06-14,0.0,-0.0022929971019130394
2010-06-15,0.0,0.002786407853975541
2010-06-16,0.0,-9.649990277394855e-05
2010-06-17,0.0,0.0016017644749943345
2010-06-18,0.0,0.002261724924861297
2010-06-21,0.0,-0.0013132114199926898
2010-06-22,0.0,-0.00023702178620064077
2010-06-23,0.0014839077974298,-0.0018743900086354924
2010-06-24,0.0,-0.0012024993508017877
2010-06-25,0.0,0.002265744282077428
2010-06-28,0.0,-0.002071780309467902
2010-06-29,0.0,-0.0028726834473477834
2010-06-30,0.0,-0.0005207631809787019
2010-07-01,0.0,-0.008722554491556504
2010-07-02,0.0,-0.0012608877903442907
2010-07-06,0.0,-0.00031966299316063713
2010-07-07,0.0,0.004728191709122443
2010-07-08,0.0,0.0003045960252496077
2010-07-09,0.0,0.002855982542763763
2010-07-12,0.0,-0.00030333713157202805
2010-07-13,0.0,0.00018191564317981114
2010-07-14,0.0,-6.84104881218935e-05
2010-07-15,0.0,-0.002022263358455851
2010-07-16,0.0,-0.0037090388996344143
2010-07-19,0.0,-0.0007216924045413278
2010-07-20,0.0,0.0025943417049332346
2010-07-21,0.0,0.0005339683389245152
2010-07-22,0.0,0.002900970229113759
2010-07-23,0.0,-0.001802629321456623
2010-07-26,0.0,0.000643033329908617
2010-07-27,0.0,-0.0047602174526679975
2010-07-28,0.0,-0.0011613957225476807
2010-07-29,0.0,0.0013085269211654594
2010-07-30,0.0,0.002211810544161425
2010-08-02,0.0,0.000362320128529891
2010-08-03,0.0,0.00037472399488319415
2010-08-04,0.0,0.0007450671177231677
2010-08-05,0.0,0.0009313074386150595
2010-08-06,0.0,0.0008755097250198264
2010-08-09,0.0,-0.0009424079751273207
2010-08-10,-0.008,-5.630128081650198e-05
2010-08-11,0.0,-0.002180409429563508
2010-08-12,0.0,0.004631871604202799
2010-08-13,0.0,-0.0005730463012906912
2010-08-16,0.0,0.0013594675129626596
2010-08-17,0.0,0.001945069635884004
2010-08-18,0.0,0.0005960479699610913
2010-08-19,0.0,-0.0019337825829125767
2010-08-20,0.0,-0.001329282520934952
2010-08-23,0.0,0.0002692152090461677
2010-08-24,0.0,0.002376132951978703
2010-08-25,0.0,0.003943829843928055
2010-08-26,0.0,-0.002147834686499829
2010-08-27,0.0,0.0011772199962282151
2010-08-30,0.0,-0.001816990581562064
2010-08-31,0.0,0.003378442101622974
2010-09-01,0.0,0.0036102864935981514
2010-09-02,0.0,0.0012976492762234494
2010-09-03,0.0,0.0015318795410325797
2010-09-07,0.0,0.0008442418119626016
2010-09-08,0.0,0.003226685738527493
2010-09-09,0.0,-0.0020390789852398066
2010-09-10,0.0,0.0021155787163239918
2010-09-13,0.0,0.00139693985085448
2010-09-14,0.0,0.0021566652128966546
2010-09-15,0.0,-2.5076711508288415e-05
2010-09-16,0.0,-0.004309885444222422
2010-09-17,0.0,-0.001266632361637415
2010-09-20,0.0,0.0019464738598312028
2010-09-21,4.196250926003653e-05,0.0028195571455133556
2010-09-22,0.0,-0.000910727537408676
2010-09-23,0.0,-0.0014119901788681563
2010-09-24,0.0,0.002768563987238602
2010-09-27,0.0,-0.001885084521812789
2010-09-28,0.0,0.002262604328261329
2010-09-29,0.0,0.00022031633571937726
2010-09-30,0.0,-0.0005600903789851066
2010-10-01,0.0,0.0023188450442247293
2010-10-04,0.0,-0.0024576842138587913
2010-10-05,0.0,0.005308566991137214
2010-10-06,0.0,0.0001727908720295155
2010-10-07,0.0,-0.0022557980923016414
2010-10-08,0.0,0.004189360008483254
2010-10-11,0.0,0.0010940979097511065
2010-10-12,0.0,0.0006028303955739557
2010-10-13,0.0,0.004445842048285372
2010-10-14,0.0,0.00043984079776887726
2010-10-15,0.0,-0.002230541809682829
2010-10-18,0.0,0.002139245007076792
2010-10-19,0.0,-0.004593317658175291
2010-10-20,0.0,0.0036703707752245287
2010-10-21,0.0,-0.003678066760619368
2010-10-22,0.0,0.0011943607168914915
2010-10-25,0.0,0.0021995392785420552
2010-10-26,0.0,0.001517270634608792
2010-10-27,0.0,-0.0030628871943687154
2010-10-28,0.0,0.001377870232322946
2010-10-29,0.0,0.0025277475483107678
2010-11-01,0.0,-0.0013117552693400394
2010-11-02,0.0,0.0018637967833854236
2010-11-03,-0.0005863281951609,-0.00041487064113328716
2010-11-04,0.0,0.005366549077778816
2010-11-05,0.0,0.000804931418983521
2010-11-08,0.0,0.0038289181770804416
2010-11-09,0.0,-0.0014061638676252579
2010-11-10,0.0,0.002837150435723671
2010-11-11,0.0,-0.001554470794459854
2010-11-12,0.0,-0.005706022786598331
2010-11-15,0.0,-0.0037254685931805173
2010-11-16,0.0,-0.00197509634334865
2010-11-17,0.0,0.000855366012461198
2010-11-18,0.0,0.004982343279320518
2010-11-19,0.0,-0.0009922391189294648
2010-11-22,0.0,0.0011711772120932772
2010-11-23,0.0,0.0007019705025169343
2010-11-24,0.0,0.0032614122682971098
2010-11-26,0.0,-0.0035285382575674404
2010-11-29,0.0,0.0017360962183181206
2010-11-30,0.0,0.0032412910873783874
2010-12-01,0.0,0.004132397368517973
2010-12-02,0.0,-0.0006119874052714054
2010-12-03,0.0,0.004153936041843794
2010-12-06,0.0,0.0017622739742719142
2010-12-07,0.0,-0.002224893064616167
2010-12-08,0.0,-0.003347662433402485
2010-12-09,0.0,-0.0006640507814334131
2010-12-10,0.0,0.0016816307976890569
2010-12-13,0.0,0.0018768393711218084
2010-12-14,0.0022784191826439,-0.0003562782305639855
2010-12-15,0.0,-0.001610829865539078
2010-12-16,0.0,0.0015297889238103126
2010-12-17,0.0,0.0004996767613945206
2010-12-20,0.0,0.0028054013890879232
2010-12-21,0.0,0.0018795247756086756
2010-12-22,0.0,0.0009704184147263276
2010-12-23,0.0,0.0007281472170222123
2010-12-27,0.0,0.0007337804449293021
2010-12-28,0.0,0.00260242667702024
2010-12-29,0.0,0.003666450861115806
2010-12-30,0.0,-0.0013074064281445982
2010-12-31,0.0,0.001654081914276685
2011-01-03,0.0,-0.0005166785359718911
2011-01-04,0.0,-0.00415742968140011
2011-01-05,0.0,-0.0028998798116704632
2011-01-06,0.0,-0.001289902287434751
2011-01-07,0.0,0.0004243811712199312
2011-01-10,0.0,0.0012143665882418681
2011-01-11,0.0,0.0012027632833196552
2011-01-12,0.0,-0.001447963044020407
2011-01-13,0.0,-0.0034485802073567534
2011-01-14,0.0,-0.0028720640006266096
2011-01-18,0.0,0.002606029997746547
2011-01-19,0.0,-0.0015423461127490189
2011-01-20,0.0,-0.003899575154313903
2011-01-21,0.0,-0.0019786140731042376
2011-01-24,0.0,-0.0019790348858868445
2011-01-25,0.0,0.000381969829325153
2011-01-26,0.0009446885239612,0.0035874671450224238
2011-01-27,0.0,-0.0036167180267542348
2011-01-28,0.0,-0.00022662754424191884
2011-01-31,0.0,0.0037569007995215662
2011-02-01,0.0,0.0008242343054507077
2011-02-02,0.0,-3.052251236512834e-05
2011-02-03,0.0,0.00176046324181336
2011-02-04,0.0,0.002355490427639631
2011-02-07,0.0,0.0004866228136179312
2011-02-08,0.0,0.002543479436591898
2011-02-09,0.0,-5.437566838423922e-05
2011-02-10,0.0,-0.0019457191208968778
2011-02-11,0.0,-0.001790447222714533
2011-02-14,0.0,0.0033224012113158606
2011-02-15,0.0,0.0006076772119383284
2011-02-16,0.0,-0.0016051595433660018
2011-02-17,0.0,0.00307792837053364
2011-02-18,0.0,0.0018956630621927788
2011-02-22,0.0,-0.00045105375838955366
2011-02-23,0.0,0.0013092641179507768
2011-02-24,0.0,-0.0035750594811930483
2011-02-25,0.0,0.00539420143731695
2011-02-28,0.0,0.00374593961156332
2011-03-01,0.0,0.0036035042555997063
2011-03-02,0.0,-0.0009980512926234088
2011-03-03,0.0,0.001459839553161455
2011-03-04,0.0,0.0010438381068711817
2011-03-07,0.0,0.0007805226627551375
2011-03-08,0.0,-0.0005988856030425115
2011-03-09,0.0,-0.001995508630469269
2011-03-10,0.0,-0.003484068925250752
2011-03-11,0.0,-0.0012031305017270613
2011-03-14,0.0,0.004623944543346052
2011-03-15,-0.008,-0.004187325125030948
2011-03-16,0.0,-0.003108158434449305
2011-03-17,0.0,0.001963920028846172
2011-03-18,0.0,0.0048005119395936584
2011-03-21,0.0,0.0038982200892441923
2011-03-22,0.0,0.001694329968061951
2011-03-23,0.0,0.00301442158942022
2011-03-24,0.0,-0.0011885961304513135
2011-03-25,0.0,0.0004915992294068107
2011-03-28,0.0,-0.003551861900974156
2011-03-29,0.0,0.00011742488217451082
2011-03-30,0.0,0.0012066990806628287
2011-03-31,0.0,0.0007058802380704416
2011-04-01,0.0,-0.0002668702894024839
2011-04-04,0.0,0.0018519873999728127
2011-04-05,0.0,0.0023012385789225715
2011-04-06,0.0,0.00017165986548473773
2011-04-07,0.0,0.0020749999351857913
2011-04-08,0.0,0.0023666579737569382
2011-04-11,0.0,0.0010453170543764999
2011-04-12,0.0,-0.0017738824717448138
2011-04-13,0.0,0.0014890415420657935
2011-04-14,0.0,0.0030273926735019103
2011-04-18,0.0,0.0022802560997492636
2011-04-19,0.0,-0.0002511606269369437
2011-04-20,0.0,0.004233164225549304
2011-04-21,0.0,0.005794015208094873
2011-04-25,0.0,0.000580530390964383
2011-04-26,0.0,-0.0017486690326769965
2011-04-27,0.0023393995886955,0.007593153534651127
2011-04-28,0.0,0.0020709040418181264
2011-04-29,0.0,0.004092740574740117
2011-05-02,0.0,-0.003945751019068256
2011-05-03,0.0,-0.002678264181081742
2011-05-04,0.0,-0.00605423052344526
2011-05-05,0.0,-0.008433203230634435
2011-05-06,0.0,-0.00195520010507723
2011-05-09,0.0,0.003080096906276055
2011-05-10,0.0,0.004052476944725566
2011-05-11,0.0,-0.006024650461705879
2011-05-12,0.0,-0.0037957389142180198
2011-05-13,0.0,-0.001077446527053789
2011-05-16,0.0,-0.005473074233935456
2011-05-17,0.0,0.0011080539697519388
2011-05-18,0.0,0.0034140592030415854
2011-05-19,0.0,-0.0012007965010837408
2011-05-20,0.0,0.0018929693937851824
2011-05-23,0.0,-0.0030505746073446476
2011-05-24,0.0,-0.0011228388156351676
2011-05-25,0.0,0.0031493645182460025
2011-05-26,0.0,0.00034243871216803237
2011-05-27,0.0,0.005502927088325107
2011-05-31,0.0,0.0012739980462835331
2011-06-01,0.0,-0.004453363597721457
2011-06-02,0.0,-0.0023765284517357757
2011-06-03,0.0,0.0013450768237932374
2011-06-06,0.0,0.004236611136518348
2011-06-07,0.0,-0.0012738441012780824
2011-06-08,0.0,0.0006687917764621941
2011-06-09,0.0,0.0004691453215903162
2011-06-10,0.0,-0.005740387258308591
2011-06-13,0.0,-0.006418777821645058
2011-06-14,0.0,0.006001070761266942
2011-06-15,0.0,-0.0005432020405977492
2011-06-16,0.0,-0.00624464769621457
2011-06-17,0.0,0.0014339495508370625
2011-06-20,0.0,0.003042799762677265
2011-06-21,0.0,0.002465919304775977
2011-06-22,-0.0041636214086804,0.00028466446591807453
2011-06-23,0.0,-0.006208172020565097
2011-06-24,0.0,-0.004583612476782612
2011-06-27,0.0,-0.0026038051550593875
2011-06-28,0.0,0.00268543746045554
2011-06-29,0.0,0.0033907474322341707
2011-06-30,0.0,0.004393562143322924
2011-07-01,0.0,0.000228676387693445
2011-07-05,0.0,0.00392637318694399
2011-07-06,0.0,-0.0011383270747972458
2011-07-07,0.0,0.0005076722011728453
2011-07-08,0.0,0.0006217561338461515
2011-07-11,0.0,-0.002260030969819676
2011-07-12,0.0,-0.002222202075628905
2011-07-13,0.0,0.004083634020981159
2011-07-14,0.0,0.007737410066754929
2011-07-15,0.0,-0.00013830842592640617
2011-07-18,0.0,-0.00022634452799289738
2011-07-19,0.0,-0.0018795069009768799
2011-07-20,0.0,0.004661175945708901
2011-07-21,0.0,0.001995302169231693
2011-07-22,0.0,0.005758682005108624
2011-07-25,0.0,0.0005851821360299017
2011-07-26,0.0,0.0001133688999210558
2011-07-27,0.0,0.001604280720220998
2011-07-28,0.0,-0.0019264849327033265
2011-07-29,0.0,7.122197844850442e-05
2011-08-01,0.0,0.0006026843257728463
2011-08-02,0.0,-0.001710355720022563
2011-08-03,0.0,-0.0023195297497979744
2011-08-04,0.0,-0.004270672631737366
2011-08-05,0.0,-0.012395804059148554
2011-08-08,0.0,0.002370916270239876
2011-08-09,0.008,0.000409295615724969
2011-08-10,0.0,0.007014374008753004
2011-08-11,0.0,-0.004886726693118499
2011-08-12,0.0,0.005015677693517553
2011-08-15,0.0,0.005566069067625673
2011-08-16,0.0,0.004301338814108653
2011-08-17,0.0,0.0008914162783694898
2011-08-18,0.0,0.00014928207165176608
2011-08-19,0.0,-0.0020209303729243136
2011-08-22,0.0,0.0033658124566089925
2011-08-23,0.0,-0.0021088149698164525
2011-08-24,0.0,-0.000650709552133231
2011-08-25,0.0,-0.00317561993448402
2011-08-26,0.0,0.0026794206152012975
2011-08-29,0.0,0.005267412591288688
2011-08-30,0.0,0.005577495563430899
2011-08-31,0.0,-0.0017413344463494372
2011-09-01,0.0,-0.001667256233924162
2011-09-02,0.0,0.0003326613679315722
2011-09-06,0.0,-0.004130491135028625
2011-09-07,0.0,-0.004696554631376079
2011-09-08,0.0,0.005479011152663374
2011-09-09,0.0,-0.005618783342453144
2011-09-12,0.0,-0.008001331583976094
2011-09-13,0.0,0.0023087574240816086
2011-09-14,0.0,-0.00013653893458980717
2011-09-15,0.0,-0.00021219243913539145
2011-09-16,0.0,0.0034751542156194045
2011-09-19,0.0,-0.005345085594052142
2011-09-20,0.0,-0.0014222652537769856
2011-09-21,0.0051132316953539,-0.0005756980904547627
2011-09-22,0.0,-0.013291622014766233
2011-09-23,0.0,-0.01395030988930163
2011-09-26,0.0,0.0027037768155436727
2011-09-27,0.0,0.004715513302433995
2011-09-28,0.0,-0.004703363165766168
2011-09-29,0.0,0.00023084670285785806
2011-09-30,0.0,-0.002442433346862122
2011-10-03,0.0,0.0001498821388100997
2011-10-04,0.0,0.0022105180469622
2011-10-05,0.0,0.0012231928154121296
2011-10-06,0.0,0.004243749583821423
2011-10-07,0.0,-0.0010876847461974706
2011-10-10,0.0,0.004747973849251503
2011-10-11,0.0,-0.0012048788039114157
2011-10-12,0.0,0.0018543398039240417
2011-10-13,0.0,-0.0031681076870721664
2011-10-14,0.0,0.0032207955217296463
2011-10-17,0.0,-0.002806641275470114
2011-10-18,0.0,0.002344149294731725
2011-10-19,0.0,-0.0014153952254373835
2011-10-20,0.0,-0.002282403587994387
2011-10-21,0.0,0.0024352862494634456
2011-10-24,0.0,0.002203799327238013
2011-10-25,0.0,0.002769819712535498
2011-10-26,0.0,0.001387982940871197
2011-10-27,0.0,0.005133759589218216
2011-10-28,0.0,-4.494990323082196e-06
2011-10-31,0.0,-0.0032636050719912313
2011-11-01,0.0,-0.012085621958204866
2011-11-02,0.008,-0.0028238084829385374
2011-11-03,0.0,0.002497078349606556
2011-11-04,0.0,0.0032043887589685125
2011-11-07,0.0,0.002224116389908534
2011-11-08,0.0,1.1413170838372019e-05
2011-11-09,0.0,-0.002048885083179978
2011-11-10,0.0,-0.006680463145408562
2011-11-11,0.0,0.0043849186369529095
2011-11-14,0.0,0.0044558712339514365
2011-11-15,0.0,-0.0036502824495157284
2011-11-16,0.0,-0.005190815106941406
2011-11-17,0.0,-0.0075362078894955055
2011-11-18,0.0,0.0010331960377725105
2011-11-21,0.0,-0.0024135940357241257
2011-11-22,0.0,-0.0018327744580775708
2011-11-23,0.0,-0.0023581916371241255
2011-11-25,0.0,-0.0019114638048791344
2011-11-28,0.0,0.004720523270718553
2011-11-29,0.0,0.00022482012372206542
2011-11-30,0.0,0.007653645605741272
2011-12-01,0.0,0.004985077326204211
2011-12-02,0.0,-0.0008887627343761346
2011-12-05,0.0,-0.002652732831274274
2011-12-06,0.0,0.0020397044395543858
2011-12-07,0.0,0.0003466846271855898
2011-12-08,0.0,-0.0023751106997792542
2011-12-09,0.0,-0.00025175258017929577
2011-12-12,0.0,-0.0028372740496932017
2011-12-13,0.0066619059507306,-0.007649426362502832
2011-12-14,0.0,-0.007970614282940843
2011-12-15,0.0,-0.0013658443595951203
2011-12-16,0.0,0.00394248744589274
2011-12-19,0.0,-0.0013728909692862176
2011-12-20,0.0,0.0024882551624249632
2011-12-21,0.0,0.004444228235472876
2011-12-22,0.0,-0.0011533378807067286
2011-12-23,0.0,0.0012509405005994216
2011-12-27,0.0,-0.0006297267122767554
2011-12-28,0.0,-0.003492827735623805
2011-12-29,0.0,-0.003219444672373721
2011-12-30,0.0,0.001496521952547533
2012-01-03,0.0,0.0005244283229586864
2012-01-04,0.0,-0.002148016175267399
2012-01-05,0.0,0.0023031399597783523
2012-01-06,0.0,0.002466036315363163
2012-01-09,0.0,0.0026282946391735632
2012-01-10,0.0,-0.0012358011234669178
2012-01-11,0.0,4.629204528571136e-05
2012-01-12,0.0,0.0018713727529583739
2012-01-13,0.0,-0.0012989885760399194
2012-01-17,0.0,-0.00023966480421888124
2012-01-18,0.0,-0.0007550158748542271
2012-01-19,0.0,-0.0022923671071487643
2012-01-20,0.0,-0.0030670485871138807
2012-01-23,0.0,1.0195102233798853e-05
2012-01-24,0.0,-0.0025752792160020944
2012-01-25,0.008,-0.0004700083467539922
2012-01-26,0.0,-0.0022078585074217266
2012-01-27,0.0,0.0005299966054290676
2012-01-30,0.0,-0.0003575731906810034
2012-01-31,0.0,0.0027704004786086845
2012-02-01,0.0,0.001483990096916855
2012-02-02,0.0,0.0007048235629094364
2012-02-03,0.0,-0.0004992963127604283
2012-02-06,0.0,-0.00048238739117768175
2012-02-07,0.0,0.0014157476257757606
2012-02-08,0.0,-0.0023146546681920865
2012-02-09,0.0,-1.7629524364820523e-05
2012-02-10,0.0,-0.0027778486638898128
2012-02-13,0.0,0.0008557403667903493
2012-02-14,0.0,0.0012280020098432687
2012-02-15,0.0,-0.0010826969407173384
2012-02-16,0.0,0.001066455388486481
2012-02-17,0.0,-0.002399098104688311
2012-02-21,0.0,0.0028800576333451733
2012-02-22,0.0,-0.00024806607576267084
2012-02-23,0.0,0.001050849791423279
2012-02-24,0.0,-0.000428291097641012
2012-02-27,0.0,-0.005797691102805857
2012-02-28,0.0,0.005829150824705589
2012-02-29,0.0,-0.007125653834871568
2012-03-01,0.0,0.0012283575038362856
2012-03-02,0.0,-0.00035775288397891624
2012-03-05,0.0,-0.00043974866888184114
2012-03-06,0.0,-0.004051608444671983
2012-03-07,0.0,0.004511499026866018
2012-03-08,0.0,3.367741892475473e-05
2012-03-09,0.0,-0.0009617515789288646
2012-03-12,0.0,-0.000454263902185976
2012-03-13,0.006630531194121,-0.0007869101220294739
2012-03-14,0.0,-0.003027629698001175
2012-03-15,0.0,-0.00041220314354151546
2012-03-16,0.0,0.000648580698188521
2012-03-19,0.0,-0.0007754851781819795
2012-03-20,0.0,-0.0024506863343530566
2012-03-21,0.0,-0.001446632462705809
2012-03-22,0.0,-0.0006781389350035414
2012-03-23,0.0,0.0032186831349754015
2012-03-26,0.0,0.0021637936381686115
2012-03-27,0.0,-0.0030423349772107844
2012-03-28,0.0,-0.00199098761539467
2012-03-29,0.0,0.0006243159657210722
2012-03-30,0.0,0.0010052558977573802
2012-04-02,0.0,-0.0015418245704340908
2012-04-03,0.0,0.0014840598868970857
2012-04-04,0.0,-0.0018022642778989758
2012-04-05,0.0,0.0012906750249186984
2012-04-09,0.0,0.0009816771315660003
2012-04-10,0.0,-0.0015439746160118095
2012-04-11,0.0,0.002716272803179347
2012-04-12,0.0,-0.00023378427592175
2012-04-13,0.0,-0.0003685664814763575
2012-04-16,0.0,0.0013075240766184716
2012-04-17,0.0,0.0006266709437845362
2012-04-18,0.0,-0.0019022625509646422
2012-04-19,0.0,-0.002073726459753966
2012-04-20,0.0,-0.0013194157326673914
2012-04-23,0.0,-0.0008602902247145998
2012-04-24,0.0,0.0013011633158705569
2012-04-25,0.008,3.87524819712385e-06
2012-04-26,0.0,0.0004784757021022494
2012-04-27,0.0,0.000956555303107822
2012-04-30,0.0,0.000958353848316279
2012-05-01,0.0,0.0019445472980703477
2012-05-02,0.0,0.00017785721353893953
2012-05-03,0.0,0.0010544867438833786
2012-05-04,0.0,-0.0008032807867147047
2012-05-07,0.0,0.0047846100900105866
2012-05-08,0.0,-0.0036270029003540433
2012-05-09,0.0,0.0016572379974588553
2012-05-10,0.0,0.0018527868498835036
2012-05-11,0.0,-0.000854307846294145
2012-05-14,0.0,0.00015325188413117634
2012-05-15,0.0,0.000933253794588116
2012-05-16,0.0,0.0016878164175891063
2012-05-17,0.0,0.000292999281710079
2012-05-18,0.0,0.00361134643157529
2012-05-21,0.0,0.0013015680347078006
2012-05-22,0.0,-0.0024017679650394494
2012-05-23,0.0,0.0025745353671016227
2012-05-24,0.0,0.003021778948249263
2012-05-25,0.0,-0.00022018239567438616
2012-05-29,0.0,0.0012842885791841797
2012-05-30,0.0,0.00036175462361909185
2012-05-31,0.0,0.004955561015796399
2012-06-01,0.0,0.005197117739702133
2012-06-04,0.0,0.0019495263525413815
2012-06-05,0.0,-0.003954702897823222
2012-06-06,0.0,-0.0029415851079784483
2012-06-07,0.0,-0.00502379622014702
2012-06-08,0.0,-0.00165852327769413
2012-06-11,0.0,-0.0003929443893503489
2012-06-12,0.0,0.003177303808510333
2012-06-13,0.0,-0.00162252697109649
2012-06-14,0.0,6.442659405524835e-05
2012-06-15,0.0,-0.002274923035982856
2012-06-18,0.0,-0.003003699789420378
2012-06-19,0.0,0.0008609716462504618
2012-06-20,0.0012510691463001,-0.0018789818119449174
2012-06-21,0.0,0.00038405172580018986
2012-06-22,0.0,0.002476117919489433
2012-06-25,0.0,8.36395460851321e-05
2012-06-26,0.0,0.002285230500005327
2012-06-27,0.0,-0.0008621751594128881
2012-06-28,0.0,0.0002311783653582809
2012-06-29,0.0,0.001010821825289864
2012-07-02,0.0,-0.00720098149661708
2012-07-03,0.0,0.0018868492822370884
2012-07-05,0.0,0.0018817541641481146
2012-07-06,0.0,0.0012915873577717745
2012-07-09,0.0,0.0031866303625223717
2012-07-10,0.0,-0.002031199551935754
2012-07-11,0.0,0.0015126430731371686
2012-07-12,0.0,-0.0015929231624791259
2012-07-13,0.0,0.004839123629178036
2012-07-16,0.0,-0.0032273643984718635
2012-07-17,0.0,0.00017587131090130361
2012-07-18,0.0,-0.0017185370101230463
2012-07-19,0.0,0.0009030455711267779
2012-07-20,0.0,-0.0018075530025621592
2012-07-23,0.0,0.0037068669355198175
2012-07-24,0.0,0.0016743983073947606
2012-07-25,0.0,0.0023416078048271913
2012-07-26,0.0,-0.000271927214100632
2012-07-27,0.0,-0.003998423729407953
2012-07-30,0.0,-0.002349322001051809
2012-07-31,0.0,0.0006836815437440026
2012-08-01,0.0064565021166773,0.001659768322405514
2012-08-02,0.0,0.003095991898231078
2012-08-03,0.0,0.0004679148479992456
2012-08-06,0.0,-0.004939652247188337
2012-08-07,0.0,0.0003478552005127572
2012-08-08,0.0,0.0009478787639907845
2012-08-09,0.0,-0.0014524525884341837
2012-08-10,0.0,0.0016865230009544942
2012-08-13,0.0,7.31790834928848e-05
2012-08-14,0.0,0.00022418030561096328
2012-08-15,0.0,0.0012482469090172694
2012-08-16,0.0,0.0001382959827578958
2012-08-17,0.0,-0.0008912489796583817
2012-08-20,0.0,0.0010774586819206373
2012-08-21,0.0,-0.0024342115533159715
2012-08-22,0.0,-0.003906630081941305
2012-08-23,0.0,-0.005748866896303821
2012-08-24,0.0,0.0011037755110461375
2012-08-27,0.0,0.002079480044896344
2012-08-28,0.0,0.00018403532387816315
2012-08-29,0.0,-0.0009415944815370236
2012-08-30,0.0,0.001072458616673533
2012-08-31,0.0,-0.002058877982053884
2012-09-04,0.0,-0.0006768614798359773
2012-09-05,0.0,0.0014829792460475315
2012-09-06,0.0,-0.000397031674592985
2012-09-07,0.0,-0.0032316220708861485
2012-09-10,0.0,-0.004412516603267058
2012-09-11,0.0,0.0006613366330288992
2012-09-12,0.0,-0.003491650751913181
2012-09-13,0.0014653785483702,-0.00337431874153445
2012-09-14,0.0,-0.002503029625852867
2012-09-17,0.0,0.0005034135971572846
2012-09-18,0.0,-0.000338896713970403
2012-09-19,0.0,0.0013422822687873177
2012-09-20,0.0,-0.000869273370352263
2012-09-21,0.0,0.0008417310288316373
2012-09-24,0.0,0.0006603821934561373
2012-09-25,0.0,-0.0003884950299263749
2012-09-26,0.0,0.0008892746270428318
2012-09-27,0.0,-0.0010871321103803884
2012-09-28,0.0,-0.0019008874872726799
2012-10-01,0.0,0.0003320218328809801
2012-10-02,0.0,-0.0007680949254152035
2012-10-03,0.0,-0.0005531507386002711
2012-10-04,0.0,0.001427274314221953
2012-10-05,0.0,-0.0007760664567816921
2012-10-08,0.0,-0.002122736090868423
2012-10-09,0.0,-0.0028736468025703965
2012-10-10,0.0,-7.313603866164425e-05
2012-10-11,0.0,0.00039807226727102955
2012-10-12,0.0,-0.0006464147127327128
2012-10-15,0.0,-0.0013920020757340822
2012-10-16,0.0,0.003025717746033508
2012-10-17,0.0,0.00036418016710744667
2012-10-18,0.0,0.0002539846670624644
2012-10-19,0.0,-0.0031020299447248037
2012-10-22,0.0,-0.0004313708652836364
2012-10-23,0.0,-0.0013071217803778928
2012-10-24,0.0069855373754879,-0.001547339548203458
2012-10-25,0.0,0.003516680193534762
2012-10-26,0.0,0.002236309807681973
2012-10-31,0.0,0.0007945485758510049
2012-11-01,0.0,0.0008819391065318282
2012-11-02,0.0,0.0034606104756317838
2012-11-05,0.0,0.004019375582018377
2012-11-06,0.0,-0.002743643377929477
2012-11-07,0.0,-0.0024403232185223984
2012-11-08,0.0,-0.0023944351082591142
2012-11-09,0.0,-0.0009360466164418995
2012-11-12,0.0,0.0019185778701267585
2012-11-13,0.0,8.412587024961097e-05
2012-11-14,0.0,-0.0021944909834757946
2012-11-15,0.0,0.0035206792870229324
2012-11-16,0.0,0.002564070013370505
2012-11-19,0.0,-6.784197636024176e-05
2012-11-20,0.0,-0.0007540257438437571
2012-11-21,0.0,-7.881312286071739e-05
2012-11-23,0.0,-0.0010227681425345198
2012-11-26,0.0,-0.0030618593678588307
2012-11-27,0.0,-0.0019722347875328465
2012-11-28,0.0,0.0038372330523685355
2012-11-29,0.0,-0.0010074870038924665
2012-11-30,0.0,0.001777608375934579
2012-12-03,0.0,-0.00020689974216455792
2012-12-05,0.0,-0.000987788056765809
2012-12-06,0.0,0.0015376566693272055
2012-12-07,0.0,0.0012343187425779326
2012-12-10,0.0,0.0008085170003142233
2012-12-11,0.0,0.00015460213256270725
2012-12-12,0.0042571334342942,0.0015229956430341013
2012-12-13,0.0,-5.399044839634e-05
2012-12-14,0.0,-0.0005242861158860471
2012-12-17,0.0,0.0022284248855301996
2012-12-18,0.0,0.0012021778236129123
2012-12-19,0.0,-0.0011291778843285512
2012-12-20,0.0,-0.001013707808411814
2012-12-21,0.0,-0.0007663725934742006
2012-12-24,0.0,-0.0027517706563008003
2012-12-26,0.0,0.0001106464116689001
2012-12-27,0.0,0.0006621846606329276
2012-12-28,0.0,0.00034497204402220583
2012-12-31,0.0,0.001550198841695414
2013-01-02,0.0,0.004381554065545738
2013-01-03,0.0,-6.685634985295966e-05
2013-01-04,0.0,-0.003929787561704967
2013-01-07,0.0,0.0007180729935950977
2013-01-08,0.0,0.0007752677364105058
2013-01-09,0.0,-0.0019178961950525718
2013-01-10,0.0,0.003819206807739478
2013-01-11,0.0,0.007015178429987465
2013-01-14,0.0,0.0017210460092389236
2013-01-15,0.0,0.0010437025588385387
2013-01-16,0.0,-0.0018758014564205932
2013-01-17,0.0,-0.00014145245193324652
2013-01-18,0.0,0.0029899212494556506
2013-01-22,0.0,0.00024001232376354202
2013-01-23,0.0,-0.0011186960231297674
2013-01-24,0.0,-0.002460874897093101
2013-01-25,0.0,0.001593103277294708
2013-01-28,0.0,0.0006612643662448627
2013-01-29,0.0,-0.0007740141264840711
2013-01-30,0.0015005895012005,0.004011704023457856
2013-01-31,0.0,-0.0004212786765454847
2013-02-01,0.0,0.002916679937530264
2013-02-04,0.0,-0.0014126036783617027
2013-02-05,0.0,-0.0012153325521397087
2013-02-06,0.0,0.0025383250409316475
2013-02-07,0.0,0.000970966595648523
2013-02-08,0.0,0.0007766328735138528
2013-02-11,0.0,0.0005015708509620612
2013-02-12,0.0,0.0020039016861974944
2013-02-13,0.0,-0.0005793761784377464
2013-02-14,0.0,-0.0014993014366420623
2013-02-15,0.0,0.0005237562735479479
2013-02-19,0.0,0.0014310356027971126
2013-02-20,0.0,0.0022762384592566465
2013-02-21,0.0,-0.00468146701930948
2013-02-22,0.0,-0.0014460965558250505
2013-02-25,0.0,-0.004203314967150486
2013-02-26,0.0,-0.004381903237976905
2013-02-27,0.0,0.0028353244338917174
2013-02-28,0.0,0.003755832239320813
2013-03-01,0.0,0.0024556189135222736
2013-03-04,0.0,0.005277620770013108
2013-03-05,0.0,-0.0014620199605146161
2013-03-06,0.0,-0.0027293773293027776
2013-03-07,0.0,0.005631830053672349
2013-03-08,0.0,-0.0008725097717156742
2013-03-11,0.0,0.0065280747781598005
2013-03-12,0.0,-0.0021962555241183744
2013-03-13,0.0,-0.0010226439286039975
2013-03-14,0.0,0.0023241141098897
2013-03-15,0.0,-0.004954891712049157
2013-03-18,0.0,-0.001874213585861684
2013-03-19,0.0,-0.0010974781844868453
2013-03-20,0.0074310131984334,0.002626597048882113
2013-03-21,0.0,-0.00211806027759992
2013-03-22,0.0,-0.0012534207193159782
2013-03-25,0.0,-0.003277884261540742
2013-03-26,0.0,0.0028929813538571643
2013-03-27,0.0,0.0008252581448278901
2013-03-28,0.0,0.0030795418377577463
2013-04-01,0.0,0.00024123277777637135
2013-04-02,0.0,0.0014691620628362514
2013-04-03,0.0,0.003269814349332598
2013-04-04,0.0,-0.0006077360989950782
2013-04-05,0.0,-0.0007239509746840071
2013-04-08,0.0,0.0008406218663515654
2013-04-09,0.0,0.0007334457056017298
2013-04-10,0.0,0.0030759583919358078
2013-04-11,0.0,0.0021873638028090648
2013-04-12,0.0,0.0061262183770630935
2013-04-15,0.0,0.01241359718065559
2013-04-16,0.0,-0.004773769999508441
2013-04-17,0.0,-0.001706360629560548
2013-04-18,0.0,0.0009358072809195495
2013-04-19,0.0,-0.0006376375329650279
2013-04-22,0.0,0.000618244378814647
2013-04-23,0.0,0.0008375267724239711
2013-04-24,0.0,0.0007926759055819399
2013-04-25,0.0,-0.005778010792076306
2013-04-26,0.0,-0.0007424506278121246
2013-04-29,0.0,-0.0048357889155263055
2013-04-30,0.0,0.00041229772353601815
2013-05-01,-0.0010637704653285,-0.0014184517300953354
2013-05-02,0.0,0.0008076453670777811
2013-05-03,0.0,0.004006193518344187
2013-05-06,0.0,-0.00010235561174654817
2013-05-07,0.0,0.004389129426562689
2013-05-08,0.0,0.00031595016934595415
2013-05-09,0.0,-0.0008549417343752033
2013-05-10,0.0,0.008388972273363726
2013-05-13,0.0,0.0066280328876779275
2013-05-14,0.0,0.0022200099745519524
2013-05-15,0.0,0.008103842744304321
2013-05-16,0.0,0.00014868271834829317
2013-05-17,0.0,0.004948642998974324
2013-05-20,0.0,-0.0010653931972166996
2013-05-21,0.0,-0.00025434628106824037
2013-05-22,0.0,0.0013678305503972252
2013-05-23,0.0,0.0035934136086857383
2013-05-24,0.0,-0.0022006098205154083
2013-05-28,0.0,0.0016116536844492963
2013-05-29,0.0,0.0030488342871014484
2013-05-30,0.0,-0.007388613899743373
2013-05-31,0.0,-0.0015565536472923744
2013-06-03,0.0,-0.0024191551725243183
2013-06-04,0.0,-0.0032430437935991657
2013-06-05,0.0,0.0011270664722752388
2013-06-06,0.0,-0.0001509944449628315
2013-06-07,0.0,0.0021271546738071494
2013-06-10,0.0,0.003474477241167688
2013-06-11,0.0,-0.00018466802693798797
2013-06-12,0.0,-0.0052528898806261095
2013-06-13,0.0,0.0008266095824364819
2013-06-14,0.0,-0.005473889710665815
2013-06-17,0.0,0.0010098844783679956
2013-06-18,0.0,0.0038297179031945116
2013-06-19,0.0003275366699029,0.0036975267183000987
2013-06-20,0.0,0.011650615315858355
2013-06-21,0.0,-0.0006552648356456944
2013-06-24,0.0,0.001383895990700552
2013-06-25,0.0,-0.0005177271208350432
2013-06-26,0.0,0.007688130855377958
2013-06-27,0.0,0.001713280524220404
2013-06-28,0.0,-0.0034174358862750567
2013-07-01,0.0,0.0038269782323746616
2013-07-02,0.0,-0.00011223957108039289
2013-07-03,0.0,0.0015347646419399759
2013-07-05,0.0,0.006105592749312944
2013-07-08,0.0,0.003163705096937003
2013-07-09,0.0,-0.0028289003264491933
2013-07-10,0.0,-1.8626522591071123e-05
2013-07-11,0.0,-0.006996840581622611
2013-07-12,0.0,0.0020531208844543555
2013-07-15,0.0,0.0027902936816810026
2013-07-16,0.0,-0.00035173763339470227
2013-07-17,0.0,-0.00013952928744573174
2013-07-18,0.0,-0.0006245697564329608
2013-07-19,0.0,0.0008399334656451705
2013-07-22,0.0,-0.005379849409216727
2013-07-23,0.0,-0.0034081542631074152
2013-07-24,0.0,0.001546236439548161
2013-07-25,0.0,0.004047616735768642
2013-07-26,0.0,-0.002820146432985542
2013-07-29,0.0,-0.0015304329144716236
2013-07-30,0.0,0.0020980144959220305
2013-07-31,0.0027358427766477,0.0035372386767834794
2013-08-01,0.0,0.005899563227998656
2013-08-02,0.0,0.0015031719846608992
2013-08-05,0.0,-0.0007105074141316658
2013-08-06,0.0,-0.001309360235480749
2013-08-07,0.0,-0.002123752811195557
2013-08-08,0.0,-0.005684278628924282
2013-08-09,0.0,-0.0023857289775167483
2013-08-12,0.0,-0.005903232128682628
2013-08-13,0.0,0.00363206751010152
2013-08-14,0.0,-0.0010865725792913853
2013-08-15,0.0,-0.007588657311209274
2013-08-16,0.0,-0.002449254533229657
2013-08-19,0.0,-0.0010206795490707537
2013-08-20,0.0,0.001776592310042071
2013-08-21,0.0,0.0011256217025119627
2013-08-22,0.0,0.0022256735012565984
2013-08-23,0.0,-0.0018421886704659766
2013-08-26,0.0,-0.0011413484546441113
2013-08-27,0.0,-0.003337786717609325
2013-08-28,0.0,0.0010437787466798726
2013-08-29,0.0,0.001980429518091171
2013-08-30,0.0,0.001118072967462196
2013-09-03,0.0,-0.002297822692105564
2013-09-04,0.0,0.0018764531028525636
2013-09-05,0.0,-4.929562962810193e-05
2013-09-06,0.0,-0.0015572566533578597
2013-09-09,0.0,0.00024998558278499603
2013-09-10,0.0,0.0029214993406757915
2013-09-11,0.0,-0.0007665521286339241
2013-09-12,0.0,0.002795013884151035
2013-09-13,0.0,0.00039777604543211106
2013-09-16,0.0,3.1582735225756135e-05
2013-09-17,0.0,0.0006691652418991092
2013-09-18,0.0020480535347569,-0.004868180861288646
2013-09-19,0.0,-0.0038591901397598467
2013-09-20,0.0,0.007105866157525213
2013-09-23,0.0,0.000982006014492224
2013-09-24,0.0,-0.0022792708250442095
2013-09-25,0.0,-0.00034649638102640147
2013-09-26,0.0,0.0007625689203172732
2013-09-27,0.0,-0.00065090164468223
2013-09-30,0.0,-0.0017658929821433276
2013-10-01,0.0,0.004482450213336155
2013-10-02,0.0,-0.004363086852197482
2013-10-03,0.0,-0.0014525037882335856
2013-10-04,0.0,0.002317044343821308
2013-10-07,0.0,-0.0028533512349977574
2013-10-09,0.0,0.0005459528237347314
2013-10-10,0.0,0.005677907740038321
2013-10-11,0.0,0.002884619739250765
2013-10-14,0.0,0.0011732458509577594
2013-10-15,0.0,-0.0021760929037430822
2013-10-16,0.0,0.0008054452679726291
2013-10-17,0.0,-0.0017357714813974918
2013-10-18,0.0,-0.001722407416204941
2013-10-21,0.0,-0.0015121702669096538
2013-10-22,0.0,-0.0007726274720250376
2013-10-23,0.0,-0.0006191324096795049
2013-10-24,0.0,0.00046257356455970327
2013-10-25,0.0,0.0007070479724705146
2013-10-28,0.0,0.0010858230339421445
2013-10-29,0.0,0.00213249340765775
2013-10-30,0.0028265040862018,0.0012926685487033563
2013-10-31,0.0,0.002718651030917341
2013-11-01,0.0,-0.0014021159604364136
2013-11-04,0.0,0.0016033599984439228
2013-11-05,0.0,-0.0014160505230701671
2013-11-06,0.0,-0.0013816761894233835
2013-11-07,0.0,-0.0006705631892446157
2013-11-08,0.0,0.002080138595279962
2013-11-11,0.0,0.0031167593975908667
2013-11-12,0.0,0.0028614100234189838
2013-11-13,0.0,0.004227097901961539
2013-11-14,0.0,-0.003378943519003134
2013-11-15,0.0,0.0020039747818078844
2013-11-18,0.0,5.9868229635764644e-05
2013-11-19,0.0,-0.0004411342663575519
2013-11-20,0.0,0.0020356003705850707
2013-11-21,0.0,0.0013588402547872094
2013-11-22,0.0,0.003245721027740884
2013-11-25,0.0,0.0007694570012888735
2013-11-26,0.0,0.0007382183769434136
2013-11-27,0.0,0.0019517564644921683
2013-11-29,0.0,-0.0016110193588812127
2013-12-02,0.0,0.002924390997477299
2013-12-03,0.0,-0.0008217665689377222
2013-12-04,0.0,-0.002490382564712282
2013-12-05,0.0,0.0026060203565549285
2013-12-06,0.0,0.00042375294872384287
2013-12-09,0.0,0.00010519756958940102
2013-12-10,0.0,-0.0010013743330151387
2013-12-11,0.0,-0.0014231299351978182
2013-12-12,0.0,0.0033511959283585896
2013-12-13,0.0,0.0012874756643416825
2013-12-16,0.0,-0.0012633523406177167
2013-12-17,0.0,0.000533394802591106
2013-12-18,-0.0006772897261042,0.002652454706330597
2013-12-19,0.0,0.005860435878118812
2013-12-20,0.0,-0.0010379213088897144
2013-12-23,0.0,-0.0006342131404269918
2013-12-24,0.0,0.00037688384433414395
2013-12-26,0.0,-0.00029240310805508175
2013-12-27,0.0,0.0011165424640036741
2013-12-30,0.0,0.004325249145984502
2013-12-31,0.0,-8.43439765216407e-05
2014-01-02,0.0,-0.0026594035715497284
2014-01-03,0.0,-0.0046646178193910275
2014-01-06,0.0,-0.002646363560967029
2014-01-07,0.0,0.0015445125423775969
2014-01-08,0.0,0.0020458329235743594
2014-01-09,0.0,0.00038942495332045624
2014-01-10,0.0,-0.0012237963240907784
2014-01-13,0.0,-0.004622942143148651
2014-01-14,0.0,-6.780360276073155e-05
2014-01-15,0.0,0.003913676866810047
2014-01-16,0.0,-0.0004897867255780255
2014-01-17,0.0,-0.0003168676174416625
2014-01-21,0.0,0.001651742068735009
2014-01-22,0.0,0.0013490529233344834
2014-01-23,0.0,-0.0024786795570488846
2014-01-24,0.0,-0.00011543298120898027
2014-01-27,0.0,-0.0012732184642038169
2014-01-28,0.0,0.0016915788603841318
2014-01-29,-0.008,-0.003052861703222869
2014-01-30,0.0,0.003570658689062573
2014-01-31,0.0,-0.00304277770008549
2014-02-03,0.0,-0.0036260990384009003
2014-02-04,0.0,-0.0023057377962179665
2014-02-05,0.0,-0.0026690492219739086
2014-02-06,0.0,0.0006851571927378164
2014-02-07,0.0,0.0003440902760826969
2014-02-10,0.0,0.0010244219076129039
2014-02-11,0.0,-0.0005432446343899864
2014-02-12,0.0,-0.0001263653030544033
2014-02-13,0.0,0.0017492037040267427
2014-02-14,0.0,-0.002472484174025362
2014-02-18,0.0,-0.0005961631347918293
2014-02-19,0.0,0.00023133068434451372
2014-02-20,0.0,-0.00010368796520620843
2014-02-21,0.0,-0.0002687350880471664
2014-02-24,0.0,-0.0002487240963495711
2014-02-25,0.0,-0.0005234269332299072
2014-02-26,0.0,0.0019215640162431012
2014-02-27,0.0,0.0021688480813925257
2014-02-28,0.0,0.0005803405877905735
2014-03-03,0.0,-0.0015420441974733946
2014-03-04,0.0,0.0016454688133527237
2014-03-05,0.0,0.0005943423721768851
2014-03-06,0.0,-0.0006199691862896993
2014-03-07,0.0,0.0026931185320735016
2014-03-10,0.0,0.0010731024900642087
2014-03-11,0.0,-0.0015256809766938518
2014-03-12,0.0,-0.0019290304917292144
2014-03-13,0.0,-0.0013450696268976815
2014-03-14,0.0,-0.0035764884657839674
2014-03-17,0.0,0.0027560554790139664
2014-03-18,0.0,0.0020569073101785198
2014-03-19,-0.0006394931735053,-0.0006230423475170968
2014-03-20,0.0,0.0021026596823419145
2014-03-21,0.0,-0.0018616924425614591
2014-03-24,0.0,0.00022882365504076112
2014-03-25,0.0,0.000563582289755482
2014-03-26,0.0,-0.00021862780660305536
2014-03-27,0.0,-0.0011129365726781127
2014-03-28,0.0,-0.00011583343652503471
2014-03-31,0.0,0.0031767197254048414
2014-04-01,0.0,0.0017901583291191786
2014-04-02,0.0,0.0004908517706006971
2014-04-03,0.0,0.00010314829613482387
2014-04-04,0.0,-0.0033013338502543197
2014-04-07,0.0,-0.0030855057086988055
2014-04-08,0.0,0.0005915552427710764
2014-04-09,0.0,0.0011787793207672385
2014-04-10,0.0,-0.0021136228101884206
2014-04-11,0.0,-0.0019615649291517346
2014-04-14,0.0,-0.00039106605061570924
2014-04-15,0.0,0.002693444443480527
2014-04-16,0.0,0.0021211712179073595
2014-04-17,0.0,0.001723693410808189
2014-04-21,0.0,0.001451125840321315
2014-04-22,0.0,0.0005153322665260215
2014-04-23,0.0,-0.00015842528826867454
2014-04-24,0.0,-0.00011099922959999479
2014-04-25,0.0,-0.001032553473803029
2014-04-28,0.0,0.0006678831600715482
2014-04-29,0.0,0.0018902775683918393
2014-04-30,-0.0053735871906556,0.0008350967197792079
2014-05-01,0.0,0.0013814329916822764
2014-05-02,0.0,-0.0014188172830033523
2014-05-05,0.0,-0.0010816016102128945
2014-05-06,0.0,-0.0011067838522664795
2014-05-07,0.0,0.002818874210846349
2014-05-08,0.0,0.00033366749499061154
2014-05-09,0.0,-0.002023199617011675
2014-05-12,0.0,-0.0017788704164102317
2014-05-13,0.0,0.0008505085112528347
2014-05-14,0.0,-0.003083292703930745
2014-05-15,0.0,-0.0011307117514024452
2014-05-16,0.0,0.0009248541349781986
2014-05-19,0.0,0.0004325824194648259
2014-05-20,0.0,-0.0004178667249884483
2014-05-21,0.0,0.002497475394441594
2014-05-22,0.0,0.0004881059704416576
2014-05-23,0.0,0.0006509023582504952
2014-05-27,0.0,0.003248115467634153
2014-05-28,0.0,-8.871580817980779e-05
2014-05-29,0.0,-0.0008667330010204501
2014-05-30,0.0,0.00013781087400029562
2014-06-02,0.0,0.0019957752894194775
2014-06-03,0.0,0.0007620632400661161
2014-06-04,0.0,0.0006272721736386631
2014-06-05,0.0,-0.0005830656775574549
2014-06-06,0.0,0.001140495358601833
2014-06-09,0.0,-0.0004582465984674812
2014-06-10,0.0,-0.0017683476679048855
2014-06-11,0.0,-0.0026123742021715323
2014-06-12,0.0,-0.0028111367555277164
2014-06-13,0.0,0.0009719721937227959
2014-06-16,0.0,0.0015821347541822449
2014-06-17,0.0,0.0005972033141084639
2014-06-18,0.0009478764449548,0.0010682496691105361
2014-06-19,0.0,-0.005268433951251474
2014-06-20,0.0,0.0011317948742032816
2014-06-23,0.0,-0.0003847385006042528
2014-06-24,0.0,-0.0015774482909270172
2014-06-25,0.0,0.0006550955262922669
2014-06-26,0.0,-0.0004145367393621117
2014-06-27,0.0,0.0003998997361836197
2014-06-30,0.0,-0.0009471469965054427
2014-07-01,0.0,0.00237645504490383
2014-07-02,0.0,0.0022283052317760873
2014-07-03,0.0,-0.0003868395081656263
2014-07-07,0.0,-0.0012522910381927187
2014-07-08,0.0,-0.001067983900815458
2014-07-09,0.0,0.001574820512973054
2014-07-10,0.0,0.0015754531553016007
2014-07-11,0.0,-0.0015276194276948878
2014-07-14,0.0,-0.002627992482122657
2014-07-15,0.0,-0.0014107780235064354
2014-07-16,0.0,0.0005925583554328833
2014-07-17,0.0,0.00016874782403628286
2014-07-18,0.0,-0.0017626739763195122
2014-07-21,0.0,0.0012317091558666702
2014-07-22,0.0,-0.0004673185377726518
2014-07-23,0.0,-0.00043589818539470674
2014-07-24,0.0,-0.0017245623999658337
2014-07-25,0.0,0.000573737621003481
2014-07-28,0.0,-0.0012631559799495906
2014-07-29,0.0,-0.0004660597442243323
2014-07-30,0.0054872021653424,-0.0011363312817939885
2014-07-31,0.0,-0.0046907195441225
2014-08-01,0.0,-0.002294374838799041
2014-08-04,0.0,0.000486966981236888
2014-08-05,0.0,-0.0015836480439590669
2014-08-06,0.0,-0.0018995432458084373
2014-08-07,0.0,-0.0016242535671620025
2014-08-08,0.0,-0.0006997339393259953
2014-08-11,0.0,0.0011042055574122783
2014-08-12,0.0,-0.0008228717008430815
2014-08-13,0.0,0.0005649453663483889
2014-08-14,0.0,-7.895718775859008e-05
2014-08-15,0.0,-1.851785483255483e-05
2014-08-18,0.0,0.0024559111504203757
2014-08-19,0.0,0.0003383606101412824
2014-08-20,0.0,-0.001503717063103346
2014-08-21,0.0,0.0010595185620833876
2014-08-22,0.0,0.00021243113734633763
2014-08-25,0.0,-0.0007087361424264884
2014-08-26,0.0,-0.0008312368928894177
2014-08-27,0.0,9.363157633770155e-05
2014-08-28,0.0,0.0005208924955605878
2014-08-29,0.0,0.0004767181009506017
2014-09-02,0.0,0.0034080013974688585
2014-09-03,0.0,-0.0021501419493651047
2014-09-04,0.0,0.0006505791413940413
2014-09-05,0.0,0.0031288260003478285
2014-09-08,0.0,-0.0008005792814995788
2014-09-09,0.0,-0.0014689988240150962
2014-09-10,0.0,-0.000835134065944179
2014-09-11,0.0,0.00401153825896606
2014-09-12,0.0,0.000362991050767768
2014-09-15,0.0,-0.0023759149968726814
2014-09-16,0.0,0.0008414058695376229
2014-09-17,-0.0004653936333648,0.0030840578991192095
2014-09-18,0.0,0.0030735725563203393
2014-09-19,0.0,0.004966683102910929
2014-09-22,0.0,-0.0012085804064314559
2014-09-23,0.0,-0.0023879652968097523
2014-09-24,0.0,0.0013018736649210386
2014-09-25,0.0,0.0002352790073879994
2014-09-26,0.0,-0.0008205718614289977
2014-09-29,0.0,0.0007147402158423484
2014-09-30,0.0,0.001310243632337231
2014-10-01,0.0,-0.0020388171692863233
2014-10-02,0.0,-0.0012748253048886532
2014-10-03,0.0,0.0011886128171349707
2014-10-06,0.0,0.0015564954143638097
2014-10-07,0.0,-0.006801834258652246
2014-10-08,0.0,-0.0019247963302247463
2014-10-09,0.0,-0.0034933255087994013
2014-10-10,0.0,-0.00017077289745033808
2014-10-13,0.0,-0.002124256847315706
2014-10-14,0.0,-0.0039749688776603296
2014-10-15,0.0,-0.0011518903992535623
2014-10-16,0.0,-0.006530032470666471
2014-10-17,0.0,0.005596762622086827
2014-10-20,0.0,0.0027949576185261338
2014-10-21,0.0,0.001559772077116901
2014-10-22,0.0,0.0023781330925924152
2014-10-23,0.0,0.0028195303484022426
2014-10-24,0.0,0.0028210276196635456
2014-10-27,0.0,8.765229767214717e-05
2014-10-28,0.0,0.0006084018283809072
2014-10-29,-0.0039950081339982,0.0005531161992915419
2014-10-30,0.0,0.007608555110355343
2014-10-31,0.0,0.005104589618009664
2014-11-03,0.0,0.010801165268707166
2014-11-04,0.0,0.0025328870155137055
2014-11-05,0.0,0.003165329996757238
2014-11-06,0.0,0.007130785734393915
2014-11-07,0.0,0.0011811060400805453
2014-11-10,0.0,-0.0015601929074112789
2014-11-11,0.0,-0.00039722818550750385
2014-11-12,0.0,-0.0014062144128554872
2014-11-13,0.0,0.003429190554903837
2014-11-14,0.0,-0.004830789294558627
2014-11-17,0.0,0.0016336552726190776
2014-11-18,0.0,0.0018722061735282004
2014-11-19,0.0,0.0001709299783301217
2014-11-20,0.0,0.0018832535267315949
2014-11-21,0.0,-0.0013472069319378987
2014-11-24,0.0,0.002912172634929218
2014-11-25,0.0,-0.0005393980687916201
2014-11-26,0.0,-0.00042646137581211173
2014-11-28,0.0,0.009304047597670855
2014-12-01,0.0,-0.0033682398289234905
2014-12-02,0.0,-0.0020856384473423423
2014-12-03,0.0,0.004268888756345008
2014-12-04,0.0,0.0028040544721793276
2014-12-05,0.0,0.0012134291896613355
2014-12-08,0.0,0.005300495479775959
2014-12-09,0.0,-0.007572221153776412
2014-12-10,0.0,-0.006177353712028833
2014-12-11,0.0,-0.004503562664392856
2014-12-12,0.0,0.0037585081922909378
2014-12-15,0.0,0.003000592144866538
2014-12-16,0.0,0.0010649137137203955
2014-12-17,0.0011637906389121,-0.001712505958120204
2014-12-18,0.0,0.013382724530201813
2014-12-19,0.0,-0.0011694808134206783
2014-12-22,0.0,0.007411390795424482
2014-12-23,0.0,0.0022075177739279135
2014-12-24,0.0,0.002722132237304931
2014-12-26,0.0,-0.002660544841478572
2014-12-29,0.0,0.003034533816120653
2014-12-30,0.0,-0.0031939347317798037
2014-12-31,0.0,-0.0015487122796278097
2015-01-02,0.0,-0.00035688939871388053
2015-01-05,0.0,0.005251929916884221
2015-01-06,0.0,-0.005089386711542468
2015-01-07,0.0,0.004616934711473557
2015-01-08,0.0,0.005693828676969559
2015-01-09,0.0,-0.0016159737344103972
2015-01-12,0.0,-0.0100797350495147
2015-01-13,0.0,0.0010951105398231062
2015-01-14,0.0,-0.0002393970847907085
2015-01-15,0.0,-0.004821059355084328
2015-01-16,0.0,-0.0022852032053142022
2015-01-20,0.0,-0.0007542167172540533
2015-01-21,0.0,0.00198006602998752
2015-01-22,0.0,-0.0008124462926548082
2015-01-23,0.0,0.010877531342627112
2015-01-26,0.0,0.008410585851726611
2015-01-27,0.0,-0.006823732461294903
2015-01-28,0.008,-0.005718783716578314
2015-01-29,0.0,0.009550025968428013
2015-01-30,0.0,-0.0015597697653061443
2015-02-02,0.0,-0.00016455480127653674
2015-02-03,0.0,0.0009250011362960423
2015-02-04,0.0,-0.0032311863716889336
2015-02-05,0.0,0.002901807147077454
2015-02-06,0.0,-0.006187736515006675
2015-02-09,0.0,0.005676527232202712
2015-02-10,0.0,-8.280851552357044e-06
2015-02-11,0.0,0.0001788477468155103
2015-02-12,0.0,0.0040536427403762895
2015-02-13,0.0,-0.0068544740494748185
2015-02-17,0.0,0.0031463348638680424
2015-02-18,0.0,-0.0007828672447641073
2015-02-19,0.0,-0.002108360282028239
2015-02-20,0.0,0.0023822503746419497
2015-02-23,0.0,-0.0009933639022907154
2015-02-24,0.0,0.0010927122920497193
2015-02-25,0.0,-0.0017464220090562983
2015-02-26,0.0,-0.002565385028911647
2015-02-27,0.0,0.006412331295236074
2015-03-02,0.0,0.003930450483940931
2015-03-03,0.0,0.0015458344317590435
2015-03-04,0.0,-0.0022277246979815067
2015-03-05,0.0,0.0032003209268351663
2015-03-06,0.0,0.0045825133560365135
2015-03-09,0.0,0.009092576842533348
2015-03-10,0.0,-1.0398206194990154e-05
2015-03-11,0.0,0.003898150660088011
2015-03-12,0.0,0.007636009738863087
2015-03-13,0.0,-0.0039303468918070695
2015-03-16,0.0,0.008022310680929335
2015-03-17,0.0,-0.0027892028514868443
2015-03-18,-0.0023580130316059,-0.001136770225986915
2015-03-19,0.0,-0.013600674401502902
2015-03-20,0.0,0.007597684563099051
2015-03-23,0.0,-0.01131656210211313
2015-03-24,0.0,-0.005367275076613013
2015-03-25,0.0,0.001055103058544871
2015-03-26,0.0,-0.002480521562357787
2015-03-27,0.0,0.0019109288070617784
2015-03-30,0.0,0.005303090596196426
2015-03-31,0.0,0.004025733761706568
2015-04-01,0.0,-0.0011666791745674986
2015-04-02,0.0,0.00039994244125036386
2015-04-06,0.0,-0.00702846790252284
2015-04-07,0.0,0.004097704938606169
2015-04-08,0.0,0.00474915495683325
2015-04-09,0.0,0.0009854646491012696
2015-04-10,0.0,0.002839002659693237
2015-04-13,0.0,0.002910586020228164
2015-04-14,0.0,0.002749312295015651
2015-04-15,0.0,-0.0046920085578242565
2015-04-16,0.0,-0.002459991363445955
2015-04-17,0.0,-0.0066570990633245
2015-04-20,0.0,0.0006701259114022833
2015-04-21,0.0,0.0031736892899325774
2015-04-22,0.0,0.0031393870853657787
2015-04-23,0.0,-0.00220258027568786
2015-04-24,0.0,-0.00040492655940979903
2015-04-27,0.0,-0.00924090341228632
2015-04-28,0.0,-0.00237925530155748
2015-04-29,-0.0058103694808188,-0.005420211745713573
2015-04-30,0.0,-0.001244009957191571
2015-05-01,0.0,0.0034355849871484045
2015-05-04,0.0,0.004016168728585885
2015-05-05,0.0,-0.0015737695931674208
2015-05-06,0.0,-0.003446960177319431
2015-05-07,0.0,-0.0021895273075362744
2015-05-08,0.0,0.0011538153307520868
2015-05-11,0.0,0.0004522449086500677
2015-05-12,0.0,-0.0022425907623017014
2015-05-13,0.0,-0.007883468572310978
2015-05-14,0.0,-0.005997987398535291
2015-05-15,0.0,-0.0010834795294051788
2015-05-18,0.0,0.0006273233774757905
2015-05-19,0.0,0.00727037874138776
2015-05-20,0.0,0.006373982689761892
2015-05-21,0.0,0.002439713501742294
2015-05-22,0.0,-0.0024083844181837393
2015-05-26,0.0,0.001211510422908699
2015-05-27,0.0,0.006873912943498541
2015-05-28,0.0,0.001371804407078648
2015-05-29,0.0,0.00022920398636744555
2015-06-01,0.0,0.0014019996979874488
2015-06-02,0.0,0.00216425299978461
2015-06-03,0.0,-0.006528609864221259
2015-06-04,0.0,-0.00015849085039564532
2015-06-05,0.0,0.0024300332492633602
2015-06-08,0.0,0.004463048849609386
2015-06-09,0.0,-0.005807335893529635
2015-06-10,0.0,-0.0005666975055086532
2015-06-11,0.0,-0.003230730880351144
2015-06-12,0.0,0.000743287244214189
2015-06-15,0.0,-0.0019109596310052663
2015-06-16,0.0,-0.00015110506385234798
2015-06-17,0.001740392229272,-0.0005850862179319375
2015-06-18,0.0,-0.003497916763450369
2015-06-19,0.0,-0.002444308034766879
2015-06-22,0.0,0.0015543368868247305
2015-06-23,0.0,0.004430280735670449
2015-06-24,0.0,0.0027490090556680307
2015-06-25,0.0,0.0003327237750711432
2015-06-26,0.0,-0.001020471644372995
2015-06-29,0.0,0.0014526032830874415
2015-06-30,0.0,-0.003575073776634293
2015-07-01,0.0,0.0025589681885205755
2015-07-02,0.0,0.004077583331723566
2015-07-06,0.0,0.002870242843405557
2015-07-07,0.0,0.003202034314801617
2015-07-08,0.0,-0.00013451395925129735
2015-07-09,0.0,-0.002253201243273051
2015-07-10,0.0,0.0013373946049779696
2015-07-13,0.0,0.0012610032700417675
2015-07-14,0.0,0.005080429824253039
2015-07-15,0.0,-0.0017650923559414528
2015-07-16,0.0,0.004402348682035422
2015-07-17,0.0,0.002031705877401135
2015-07-20,0.0,0.00496150399474498
2015-07-21,0.0,-0.00023176852948541968
2015-07-22,0.0,-0.002178005332398987
2015-07-23,0.0,0.0009696898331543295
2015-07-24,0.0,-0.0017675446630114548
2015-07-27,0.0,0.0016395727143979758
2015-07-28,0.0,-0.001592123538391867
2015-07-29,0.0019120836833308,-0.0010081260952933342
2015-07-30,0.0,0.00346519889381169
2015-07-31,0.0,4.59203703192064e-06
2015-08-03,0.0,0.000451698589681548
2015-08-04,0.0,0.00024528909702675744
2015-08-05,0.0,0.00020401811856990564
2015-08-06,0.0,-0.0011613218880490047
2015-08-07,0.0,-4.696825423496741e-05
2015-08-10,0.0,-0.0028854718976810165
2015-08-11,0.0,-0.0033799351360672618
2015-08-12,0.0,0.00023583703984847337
2015-08-13,0.0,-0.0028718643326416282
2015-08-14,0.0,0.0012565235692275259
2015-08-17,0.0,0.0005733759342348152
2015-08-18,0.0,0.0022174142138765307
2015-08-19,0.0,-0.003466394817238855
2015-08-20,0.0,-0.006911348735659818
2015-08-21,0.0,-0.005184994470404416
2015-08-24,0.0,-0.004672908520661497
2015-08-25,0.0,-0.004777203701068254
2015-08-26,0.0,0.009399504535951975
2015-08-27,0.0,0.008065534497400734
2015-08-28,0.0,0.0007050959690219471
2015-08-31,0.0,-5.625491672949465e-05
2015-09-01,0.0,-0.0023391307924681562
2015-09-02,0.0,0.0021075196881191714
2015-09-03,0.0,0.0019202508906652229
2015-09-04,0.0,0.0004934056176721704
2015-09-08,0.0,0.0007691432483359689
2015-09-09,0.0,-0.002040683311556737
2015-09-10,0.0,0.001986984248397715
2015-09-11,0.0,-0.00238357727320756
2015-09-14,0.0,-0.0007182991012521479
2015-09-15,0.0,0.000606623226163439
2015-09-16,0.0,-0.00017041055070310198
2015-09-17,-0.0014075273420217,-0.005286667851708532
2015-09-18,0.0,-0.004648858936867325
2015-09-21,0.0,0.0025331828319636778
2015-09-22,0.0,0.003623197279150534
2015-09-23,0.0,0.0024098402313822626
2015-09-24,0.0,-0.0015044475898029577
2015-09-25,0.0,0.0008775211276591714
2015-09-28,0.0,0.00041914516953713514
2015-09-29,0.0,0.0006456101729116744
2015-09-30,0.0,0.0025007892365163107
2015-10-01,0.0,0.0009099829662958617
2015-10-02,0.0,-0.006805149885895261
2015-10-05,0.0,-0.0036811687849922646
2015-10-06,0.0,-0.0005308696901693194
2015-10-07,0.0,-0.00456917046948941
2015-10-08,0.0,-0.0011077247860347844
2015-10-09,0.0,-0.004116506455118707
2015-10-12,0.0,-0.0015124482425935618
2015-10-13,0.0,-0.0007207754241207498
2015-10-14,0.0,0.00019144941112870278
2015-10-15,0.0,-0.007299051436514597
2015-10-16,0.0,0.0019614325158871025
2015-10-19,0.0,0.002878306498875238
2015-10-20,0.0,-0.0004036177292800082
2015-10-21,0.0,0.0022894175873770886
2015-10-22,0.0,-0.0006644513471151652
2015-10-23,0.0,0.0038234878237464053
2015-10-26,0.0,0.0021091641423246366
2015-10-27,0.0,-0.001991115692324944
2015-10-28,0.0017875334978116,0.0003860669008837197
2015-10-29,0.0,0.006031899747529335
2015-10-30,0.0,0.00012383876134528584
2015-11-02,0.0,-0.001202421614229902
2015-11-03,0.0,0.0025145719916118067
2015-11-04,0.0,0.0018555280333713176
2015-11-05,0.0,0.0033454337526656053
2015-11-06,0.0,0.0041195698863249345
2015-11-09,0.0,0.007129790403896168
2015-11-10,0.0,-0.0004875317203414552
2015-11-11,0.0,0.0005570172081847908
2015-11-12,0.0,-0.0035207521141191966
2015-11-13,0.0,-0.0027358981080672228
2015-11-16,0.0,0.002997567912145737
2015-11-17,0.0,0.0030888927371570626
2015-11-18,0.0,0.0018091565520958204
2015-11-19,0.0,-0.00197570338131136
2015-11-20,0.0,-0.002065104893855884
2015-11-23,0.0,0.0022498925316027283
2015-11-24,0.0,0.0006341344641481464
2015-11-25,0.0,-0.0009375699925956842
2015-11-27,0.0,0.002500186640352422
2015-11-30,0.0,0.0009178747187805843
2015-12-01,0.0,-0.00014123892180273337
2015-12-02,0.0,-0.0016374028380203483
2015-12-03,0.0,-0.00031812937565994
2015-12-04,0.0,-0.009027335441638296
2015-12-07,0.0,0.002996691326856395
2015-12-08,0.0,0.002502459045166745
2015-12-09,0.0,-0.0006158018911117494
2015-12-10,0.0,-0.004844284774703872
2015-12-11,0.0,-0.0012645997276368632
2015-12-14,0.0,0.0025878113086370965
2015-12-15,0.0,9.463067805910198e-05
2015-12-16,0.0076037453719104,0.002144611462372365
2015-12-17,0.0,0.0050775466435666
2015-12-18,0.0,-0.0025511120940908227
2015-12-21,0.0,-0.003450333996876986
2015-12-22,0.0,0.00030928804691265563
2015-12-23,0.0,0.0009441957808808901
2015-12-24,0.0,-0.0015292658294028833
2015-12-28,0.0,0.002069002815820334
2015-12-29,0.0,0.002111745400423286
2015-12-30,0.0,0.0014071664840380287
2015-12-31,0.0,-0.0009366852982557484
2016-01-04,0.0,-0.002876181413973719
2016-01-05,0.0,0.000161503341616225
2016-01-06,0.0,-0.0017944494186386685
2016-01-07,0.0,-0.004084883605375056
2016-01-08,0.0,-0.0012442359504450443
2016-01-11,0.0,0.003005100342579379
2016-01-12,0.0,0.0023227127920242064
2016-01-13,0.0,-0.0026489345469467894
2016-01-14,0.0,0.004755436782717872
2016-01-15,0.0,-0.0030158951836277226
2016-01-19,0.0,0.0004841860321591512
2016-01-20,0.0,-0.0028254608739861076
2016-01-21,0.0,-0.00039114545202866376
2016-01-22,0.0,0.0024903208685702317
2016-01-25,0.0,-0.0018857495190332616
2016-01-26,0.0,-0.0008503619177954722
2016-01-27,-0.004806420825921,-0.0036540320608925672
2016-01-28,0.0,0.003392223051381115
2016-01-29,0.0,-0.00039559552710176187
2016-02-01,0.0,0.005059935648702514
2016-02-02,0.0,-0.002689946123017847
2016-02-03,0.0,-0.0033345192092956435
2016-02-04,0.0,-0.011122528261709634
2016-02-05,0.0,-0.004483353943401558
2016-02-08,0.0,0.002095130343135679
2016-02-09,0.0,-0.0007700394836632882
2016-02-10,0.0,-0.002878380157666633
2016-02-11,0.0,-0.009014193818325158
2016-02-12,0.0,-0.002756266578255006
2016-02-16,0.0,0.005509503773913787
2016-02-17,0.0,6.611990336465128e-05
2016-02-18,0.0,-0.0032617512442030573
2016-02-19,0.0,-0.00043597736440949676
2016-02-22,0.0,0.0011417443623252266
2016-02-23,0.0,0.000769724632887212
2016-02-24,0.0,-3.945983021020973e-06
2016-02-25,0.0,0.0007137631645072099
2016-02-26,0.0,0.002997100096439512
2016-02-29,0.0,0.00355237690751654
2016-03-01,0.0,-0.0014252618948859344
2016-03-02,0.0,-0.0031942976937328685
2016-03-03,0.0,-0.0022169176360872654
2016-03-04,0.0,-0.005074860097117195
2016-03-07,0.0,-0.0022482230282016434
2016-03-08,0.0,0.0006923808728788025
2016-03-09,0.0,0.001507428375262657
2016-03-10,0.0,-0.0011078940353757955
2016-03-11,0.0,-0.004976152740619115
2016-03-14,0.0,-0.004463421486762415
2016-03-15,0.0,0.0028634159897756003
2016-03-16,-0.002036821701786,0.00358324218008138
2016-03-17,0.0,-0.005390064078889698
2016-03-18,0.0,-0.003309300809093569
2016-03-21,0.0,0.0002696611565736691
2016-03-22,0.0,0.0010506594490224956
2016-03-23,0.0,0.001973773036784349
2016-03-24,0.0,0.003038029482352576
2016-03-28,0.0,-0.0004893704709135737
2016-03-29,0.0,-0.0023837316010830822
2016-03-30,0.0,-0.003965529596772858
2016-03-31,0.0,-0.0003708002051455352
2016-04-01,0.0,0.0021115859402231333
2016-04-04,0.0,0.002546444940840093
2016-04-05,0.0,-0.0015776105909942727
2016-04-06,0.0,0.002293318604315746
2016-04-07,0.0,0.0021298010135710585
2016-04-08,0.0,0.0002909215732740471
2016-04-11,0.0,-0.0008151067848318966
2016-04-12,0.0,-0.000481959832591888
2016-04-13,0.0,-0.0005683191926431189
2016-04-14,0.0,-0.002619783382539413
2016-04-15,0.0,0.0011625730545408409
2016-04-18,0.0,0.0015673249775847804
2016-04-19,0.0,-0.0019283925385717735
2016-04-20,0.0,-0.000928366449771108
2016-04-21,0.0,-0.0011610678122878598
2016-04-22,0.0,-0.0012329413781639112
2016-04-25,0.0,-0.005405794648948944
2016-04-26,0.0,0.0004110090455349155
2016-04-27,-0.008,-0.00024441176627153065
2016-04-28,0.0,-0.0024021352799958587
2016-04-29,0.0,0.005181151201553047
2016-05-02,0.0,0.002967900527323775
2016-05-03,0.0,-0.0019054656265812752
2016-05-04,0.0,0.00190546314173792
2016-05-05,0.0,0.0005292487675258314
2016-05-06,0.0,0.00014827951705395563
2016-05-09,0.0,-0.0018434180977525828
2016-05-10,0.0,0.0017535103063268768
2016-05-11,0.0,-0.0015120684555085457
2016-05-12,0.0,5.622146418854725e-05
2016-05-13,0.0,-0.0010625492276296043
2016-05-16,0.0,0.002830722567052756
2016-05-17,0.0,-0.0021152219792288673
2016-05-18,0.0,-0.003561842160996776
2016-05-19,0.0,-0.004856209144553357
2016-05-20,0.0,0.0005056336878751685
2016-05-23,0.0,0.00054889895094792
2016-05-24,0.0,-0.00018925030320787102
2016-05-25,0.0,-0.002396086756852081
2016-05-26,0.0,-0.0007901484018360768
2016-05-27,0.0,-0.00030138299490399144
2016-05-31,0.0,-0.0005617992641424821
2016-06-01,0.0,0.0013716536695471543
2016-06-02,0.0,0.00260560241988176
2016-06-03,0.0,0.0015400091570626502
2016-06-06,0.0,0.0038699270750369957
2016-06-07,0.0,-0.001778128354080048
2016-06-08,0.0,-0.0028272364574408815
2016-06-09,0.0,0.00013070950094819445
2016-06-10,0.0,-0.0001288466836179127
2016-06-13,0.0,0.003563111803172398
2016-06-14,0.0,0.0007617052201933835
2016-06-15,0.0016419655589758,0.0006428475329346423
2016-06-16,0.0,-0.000235933672487956
2016-06-17,0.0,0.00035202722917690324
2016-06-20,0.0,-0.00312487227719762
2016-06-21,0.0,-0.0013017218213090018
2016-06-22,0.0,-0.0021461722467023404
2016-06-23,0.0,-0.001152528264912736
2016-06-24,0.0,0.001998326793079428
2016-06-27,0.0,0.014238697027738606
2016-06-28,0.0,0.004599299005644938
2016-06-29,0.0,-0.0026581757790430072
2016-06-30,0.0,-0.002101230715808137
2016-07-01,0.0,0.005944408618359981
2016-07-05,0.0,-0.00032031090752159447
2016-07-06,0.0,0.008563698735895955
2016-07-07,0.0,-0.002960453204416549
2016-07-08,0.0,0.004791927611007899
2016-07-11,0.0,-0.0011819141740006815
2016-07-12,0.0,-0.004078571038236932
2016-07-13,0.0,-0.00510187198570502
2016-07-14,0.0,0.0014105287327865024
2016-07-15,0.0,-0.0050542158237149555
2016-07-18,0.0,0.002343671169599947
2016-07-19,0.0,-0.0017743657589630965
2016-07-20,0.0,0.0008508130018024771
2016-07-21,0.0,0.00019847897331422295
2016-07-22,0.0,0.00021606891023935197
2016-07-25,0.0,0.0004987881338365795
2016-07-26,0.0,0.001653927228280971
2016-07-27,0.008,0.003480997964895778
2016-07-28,0.0,-0.002719447280643447
2016-07-29,0.0,0.0023614117127184393
2016-08-01,0.0,0.005249059854523621
2016-08-02,0.0,-2.022064868150879e-05
2016-08-03,0.0,0.0013248310531097133
2016-08-04,0.0,-0.0011741830573253553
2016-08-05,0.0,-0.00041098073628661303
2016-08-08,0.0,-0.0019325469711498663
2016-08-09,0.0,0.0017992759940825206
2016-08-10,0.0,0.002332310810450637
2016-08-11,0.0,0.0018006790649138377
2016-08-12,0.0,-0.002272301374100153
2016-08-15,0.0,0.0017287396377682856
2016-08-16,0.0,0.0007920313848795227
2016-08-17,0.0,0.0013477297985567374
2016-08-18,0.0,0.000908102686615953
2016-08-19,0.0,-0.002698101180314865
2016-08-22,0.0,-0.002802572640613719
2016-08-23,0.0,0.00033520204229589134
2016-08-24,0.0,-0.0035315170534460844
2016-08-25,0.0,-0.0012887639273655399
2016-08-26,0.0,0.000954782239120787
2016-08-29,0.0,-0.0024912396204989956
2016-08-30,0.0,-0.0010201046467134343
2016-08-31,0.0,-0.002834800901065641
2016-09-01,0.0,1.6162630794384434e-05
2016-09-02,0.0,0.0018236753679291794
2016-09-06,0.0,0.00469928450099437
2016-09-07,0.0,0.0005362649852323506
2016-09-08,0.0,-0.0010135258192969538
2016-09-09,0.0,-0.005609167289995115
2016-09-12,0.0,0.00032195852083996557
2016-09-13,0.0,-0.002112778369904621
2016-09-14,0.0,-0.000422053721907293
2016-09-15,0.0,-0.0003746098000161603
2016-09-16,0.0,0.0001638083392228581
2016-09-19,0.0,0.003980534938882038
2016-09-20,0.0,0.0009303533400997889
2016-09-21,0.0041051372312277,0.005864750964704195
2016-09-22,0.0,0.0026579855955108007
2016-09-23,0.0,-0.002141062393760525
2016-09-26,0.0,-0.0017996252836700605
2016-09-27,0.0,6.82768976515759e-05
2016-09-28,0.0,0.000830408038962393
2016-09-29,0.0,-0.0018192116668147985
2016-09-30,0.0,6.53914760859707e-05
2016-10-03,0.0,-0.0017047025652002763
2016-10-04,0.0,-0.005270201527545855
2016-10-05,0.0,-0.0015823466886425522
2016-10-06,0.0,-0.0028923360839062627
2016-10-07,0.0,0.0031748344004477362
2016-10-10,0.0,0.0015350935229593795
2016-10-11,0.0,-0.0015135641053179432
2016-10-12,0.0,0.0021166469040317113
2016-10-13,0.0,3.2427334613179185e-05
2016-10-14,0.0,-0.0006788036729462597
2016-10-17,0.0,0.0016227965419281201
2016-10-18,0.0,0.0016454313434185604
2016-10-19,0.0,0.0013447907416255839
2016-10-20,0.0,0.0005933377036902165
2016-10-21,0.0,-0.0012956149417348768
2016-10-24,0.0,0.0011794163717192795
2016-10-25,0.0,0.0004009118494378544
2016-10-26,0.0,0.00010990997456036772
2016-10-27,0.0,-0.0014525823070119944
2016-10-28,0.0,-0.0003868874953510087
2016-10-31,0.0,-0.00011079091088817374
2016-11-01,0.0,0.0011698355198978571
2016-11-02,-0.0007826032857941,0.0007036436320317803
2016-11-03,0.0,-0.000700531050152603
2016-11-04,0.0,-0.0005325071100188043
2016-11-07,0.0,-0.0015213735859321718
2016-11-08,0.0,0.002405772587135042
2016-11-09,0.0,0.0015263268481246189
2016-11-10,0.0,-0.0019977599292239695
2016-11-11,0.0,-0.008293927179328217
2016-11-14,0.0,-0.0024843308327391197
2016-11-15,0.0,0.0027232146386268296
2016-11-16,0.0,-0.0011304268952804096
2016-11-17,0.0,-0.001079585238256625
2016-11-18,0.0,-0.0030803723619901935
2016-11-21,0.0,0.0003584959814613324
2016-11-22,0.0,-0.000636892280892212
2016-11-23,0.0,-0.001829650272667346
2016-11-25,0.0,-0.00019476350167873163
2016-11-28,0.0,0.0010856748662847425
2016-11-29,0.0,0.0021826242265734113
2016-11-30,0.0,-0.004035694771713708
2016-12-01,0.0,-0.005710987943697519
2016-12-02,0.0,0.0031129731288797474
2016-12-05,0.0,-0.0009003593148472552
2016-12-06,0.0,0.00276882207348358
2016-12-07,0.0,0.002689617138548169
2016-12-08,0.0,0.0013955440611176627
2016-12-09,0.0,-0.0037335201914479774
2016-12-12,0.0,-0.0019479004000345025
2016-12-13,0.0,0.002073163368025699
2016-12-14,0.0012403375343765,-0.002892696203306855
2016-12-15,0.0,-0.007888748932873649
2016-12-16,0.0,-0.001721797724557682
2016-12-19,0.0,-0.0006386615868354043
2016-12-20,0.0,0.00018519898835319803
2016-12-21,0.0,-0.001278675516304648
2016-12-22,0.0,-0.0004947546298109051
2016-12-23,0.0,0.0007435690529355805
2016-12-27,0.0,0.0019261430273142543
2016-12-28,0.0,-0.00035786102073930026
2016-12-29,0.0,0.0015222169164390178
2016-12-30,0.0,0.002212663598648033
2017-01-03,0.0,0.004016342805232252
2017-01-04,0.0,0.0017120556537986303
2017-01-05,0.0,-0.000564553907911656
2017-01-06,0.0,-0.002333134281337255
2017-01-09,0.0,0.0017457768480412127
2017-01-10,0.0,0.001336230238943004
2017-01-11,0.0,0.0011012149005330347
2017-01-12,0.0,-0.0016176104660678915
2017-01-13,0.0,0.00044538109061226786
2017-01-17,0.0,0.0030505749124448596
2017-01-18,0.0,-0.005491201202672992
2017-01-19,0.0,0.00022377925343502924
2017-01-20,0.0,-0.001555125617205257
2017-01-23,0.0,0.0004400816377279209
2017-01-24,0.0,-0.0009212802385379986
2017-01-25,0.0,-0.001123622300328966
2017-01-26,0.0,-0.0019126451052364616
2017-01-27,0.0,0.001990358054917869
2017-01-30,0.0,-0.001305252781680415
2017-01-31,0.0,0.004389762251357425
2017-02-01,0.0076846050608137,-0.0013711453174949813
2017-02-02,0.0,-0.00015666218379917132
2017-02-03,0.0,0.0042154164906911965
2017-02-06,0.0,0.0023988415915372633
2017-02-07,0.0,0.0008187243213516293
2017-02-08,0.0,0.000705398829769027
2017-02-09,0.0,-0.00013255152777762094
2017-02-10,0.0,0.0008152726899697199
2017-02-13,0.0,0.0006461523327133139
2017-02-14,0.0,0.0007788918899392468
2017-02-15,0.0,0.0017824688968716266
2017-02-16,0.0,0.0014196523875534765
2017-02-17,0.0,-0.0012178378396507942
2017-02-21,0.0,0.0006190659230934801
2017-02-22,0.0,0.000654962449951325
2017-02-23,0.0,0.0020420668838442286
2017-02-24,0.0,0.0009905828707521128
2017-02-27,0.0,0.0009112220473184231
2017-02-28,0.0,-0.001251115623566093
2017-03-01,0.0,0.0018455233371663937
2017-03-02,0.0,-0.003720427767362385
2017-03-03,0.0,-0.0006977877707238678
2017-03-06,0.0,-0.002774901002977445
2017-03-07,0.0,-0.0012195234981240877
2017-03-08,0.0,-0.0011401320296593757
2017-03-09,0.0,-0.0024297413060159895
2017-03-10,0.0,-0.0004920081705388614
2017-03-13,0.0,-0.0011065024298709885
2017-03-14,0.0,-0.0007846846803179799
2017-03-15,0.0015755951490581,0.006044013837011783
2017-03-16,0.0,0.0007563683526220993
2017-03-17,0.0,-0.0015459303892881849
2017-03-20,0.0,0.0019905394479351507
2017-03-21,0.0,0.00029577403359810813
2017-03-22,0.0,-0.0015309821423247047
2017-03-23,0.0,0.00042320346362350757
2017-03-24,0.0,5.440050789908163e-05
2017-03-27,0.0,0.0010704510777005112
2017-03-28,0.0,-0.0001489195820864632
2017-03-29,0.0,0.002412944570305648
2017-03-30,0.0,0.0005945398702120646
2017-03-31,0.0,0.00016770572521373548
2017-04-03,0.0,0.0010954501988975226
2017-04-04,0.0,0.002165266539706974
2017-04-05,0.0,0.0003513150251486387
2017-04-06,0.0,7.784709191322526e-05
2017-04-07,0.0,-0.00020462593626171562
2017-04-10,0.0,0.002099767689036316
2017-04-11,0.0,0.002371780248881662
2017-04-12,0.0,0.001192121686794523
2017-04-13,0.0,-0.0015600315484395814
2017-04-17,0.0,0.0010871642242421976
2017-04-18,0.0,-0.002167070489489419
2017-04-19,0.0,-0.00427992659508328
2017-04-20,0.0,0.0025308863163740797
2017-04-21,0.0,-0.0015565172832670252
2017-04-24,0.0,-0.0035031123441033206
2017-04-25,0.0,-0.0004569027105160074
2017-04-26,0.0,-0.002688361924208537
2017-04-27,0.0,8.73917424690057e-05
2017-04-28,0.0,0.0003014462910582894
2017-05-01,0.0,0.0012966895174181918
2017-05-02,0.0,8.79881610448667e-05
2017-05-03,-0.0037400184271119,0.001879825419932519
2017-05-04,0.0,0.00657964318851151
2017-05-05,0.0,-0.0017681976677485875
2017-05-08,0.0,0.0006086978541134188
2017-05-09,0.0,0.002950042802842436
2017-05-10,0.0,0.002209363687131017
2017-05-11,0.0,-0.0004180176936170313
2017-05-12,0.0,-0.0016121426511920465
2017-05-15,0.0,-0.0020982287912944928
2017-05-16,0.0,-0.0025075889819360813
2017-05-17,0.0,-0.007845999589052079
2017-05-18,0.0,-0.0007617827384010224
2017-05-19,0.0,0.0007529999849992979
2017-05-22,0.0,-0.003528237261413458
2017-05-23,0.0,5.552314455894409e-05
2017-05-24,0.0,0.0018808231388671454
2017-05-25,0.0,-0.0010440838959278845
2017-05-26,0.0,0.0001717269716886953
2017-05-30,0.0,0.000707309180731224
2017-05-31,0.0,-0.0016043311829892113
2017-06-01,0.0,0.0011563434306231728
2017-06-02,0.0,-0.0002285155110496408
2017-06-05,0.0,0.003654534165457108
2017-06-06,0.0,0.0019772248752813045
2017-06-07,0.0,0.001091417902856338
2017-06-08,0.0,-0.0017942932110393322
2017-06-09,0.0,-0.0014474884670062052
2017-06-12,0.0,-0.0015611643714834816
2017-06-13,0.0,0.0018039993161716192
2017-06-14,0.0035370847575668,-0.001649194341347871
2017-06-15,0.0,0.0009200849245296992
2017-06-16,0.0,-0.003449657987896541
2017-06-19,0.0,0.001220405887864503
2017-06-20,0.0,-0.0034747731913443505
2017-06-21,0.0,0.0008627655074464291
2017-06-22,0.0,0.00050400217490018
2017-06-23,0.0,0.0006396974411015429
2017-06-26,0.0,-0.0004804919033668501
2017-06-27,0.0,-0.0008164115470678724
2017-06-28,0.0,0.003339978589761338
2017-06-29,0.0,-0.002193263141618358
2017-06-30,0.0,0.0017467440870562573
2017-07-03,0.0,0.004221302783179878
2017-07-05,0.0,-0.001282606908005621
2017-07-06,0.0,-0.0015494380940128184
2017-07-07,0.0,0.004667264064375278
2017-07-10,0.0,0.0017153613095750482
2017-07-12,0.0,0.0025486385964308797
2017-07-13,0.0,0.00048709078723258183
2017-07-14,0.0,-0.0005543313202534429
2017-07-17,0.0,-0.0013024399078474349
2017-07-18,0.0,-0.0014228633294646946
2017-07-19,0.0,0.004325140319278867
2017-07-20,0.0,0.00030162686330720566
2017-07-21,0.0,3.786361200543999e-05
2017-07-24,0.0,-0.0013029269926893925
2017-07-25,0.0,0.00024123702335583159
2017-07-26,0.0019380393597185,-0.00047433394923308315
2017-07-27,0.0,0.0009548750554766763
2017-07-28,0.0,-0.00254658887335397
2017-07-31,0.0,-0.0008849922711835396
2017-08-01,0.0,0.0016917675735650434
2017-08-02,0.0,-0.0002589786244993887
2017-08-03,0.0,3.1092284944163194e-05
2017-08-04,0.0,0.0033046199870920786
2017-08-07,0.0,0.0007503119842094915
2017-08-08,0.0,-0.0017805588236169088
2017-08-09,0.0,-0.0048801707280725064
2017-08-10,0.0,-0.004784712223264806
2017-08-11,0.0,-0.0015468946207003354
2017-08-14,0.0,0.0043531890162119965
2017-08-15,0.0,0.002259379001770969
2017-08-16,0.0,-0.0016012151016969352
2017-08-17,0.0,-0.0015462050234985002
2017-08-18,0.0,-0.0027270779524033203
2017-08-21,0.0,0.0014511509551378787
2017-08-22,0.0,0.002726142469183922
2017-08-23,0.0,-0.0008374224338413333
2017-08-24,0.0,0.00043559819420241564
2017-08-25,0.0,-4.429167256847803e-05
2017-08-28,0.0,-0.0019717826194900518
2017-08-29,0.0,-0.0004141470920077409
2017-08-30,0.0,0.002967010214640283
2017-08-31,0.0,-0.0025332977846693116
2017-09-01,0.0,0.0004133006822009759
2017-09-05,0.0,-0.00037066771503027916
2017-09-06,0.0,-0.0010847840186010219
2017-09-07,0.0,0.001053615430025684
2017-09-08,0.0,0.0007431569393619184
2017-09-11,0.0,-0.00030640980287756586
2017-09-12,0.0,0.0008468630990534713
2017-09-13,0.0,-0.00042217861423239227
2017-09-14,0.0,-0.00034933303810516704
2017-09-15,0.0,-0.0018192860105482576
2017-09-18,0.0,0.0005738061657148899
2017-09-19,0.0,0.0008619868209228614
2017-09-20,-0.0009008109451779,0.0012006115775135581
2017-09-21,0.0,-0.000709606715363112
2017-09-22,0.0,-0.0013695569654654381
2017-09-25,0.0,0.001524668916369503
2017-09-26,0.0,-0.0022074701304746563
2017-09-27,0.0,-0.0013756969227675408
2017-09-28,0.0,6.006001181886488e-05
2017-09-29,0.0,0.00031483622608908054
2017-10-02,0.0,0.002181829130174402
2017-10-03,0.0,-0.0026392681062084645
2017-10-04,0.0,7.13248852671584e-05
2017-10-05,0.0,0.002391315911282684
2017-10-06,0.0,-0.00542815566139731
2017-10-09,0.0,-0.0026295677422776436
2017-10-10,0.0,-5.217272526882145e-05
2017-10-11,0.0,0.0015621790768710366
2017-10-12,0.0,0.0012114830344658952
2017-10-13,0.0,-0.0013862308015942643
2017-10-16,0.0,0.0027474645874060676
2017-10-17,0.0,0.0005214191601164744
2017-10-18,0.0,-4.999910186389769e-05
2017-10-19,0.0,-0.00028190355351065887
2017-10-20,0.0,0.0030341359886852837
2017-10-23,0.0,-0.0018889417051295213
2017-10-24,0.0,0.0008889066005256923
2017-10-25,0.0,-0.0018701084314079394
2017-10-26,0.0,0.002724023411989275
2017-10-27,0.0,-0.004220119152346223
2017-10-30,0.0,-0.001716473751838
2017-10-31,0.0,0.002778620676712046
2017-11-01,0.0037729006987625,-0.0012783131132063283
2017-11-02,0.0,0.00034521939952712554
2017-11-03,0.0,0.0012861353320636278
2017-11-06,0.0,-0.0042533078400576125
2017-11-07,0.0,0.0031262867596513954
2017-11-08,0.0,-0.0014265111561562731
2017-11-09,0.0,-0.0012985075883373861
2017-11-10,0.0,0.002111015975282259
2017-11-13,0.0,-0.0012169889617547694
2017-11-14,0.0,-0.0014706726836387883
2017-11-15,0.0,0.0019487469495586937
2017-11-17,0.0,-0.004408540183079404
2017-11-20,0.0,0.0008310423932005185
2017-11-21,0.0,0.0023283576498768087
2017-11-22,0.0,-0.0018734762452717337
2017-11-24,0.0,0.0019097859243593072
2017-11-27,0.0,0.0008266914413763152
2017-11-28,0.0,0.0018036655198530843
2017-11-29,0.0,0.0024296142061908553
2017-11-30,0.0,0.0036784432231919376
2017-12-01,0.0,0.0012082627780705193
2017-12-04,0.0,-0.0010682651870241111
2017-12-05,0.0,0.00023078297557334394
2017-12-06,0.0,-0.0007263426621599925
2017-12-07,0.0,-0.0012912181539977974
2017-12-08,0.0,-0.0015052829605337718
2017-12-11,0.0,-0.0011119158131013683
2017-12-12,0.0,0.0006141559112761492
2017-12-13,0.0030687480107987,-0.0007465346813244827
2017-12-14,0.0,0.005256064034945682
2017-12-15,0.0,0.0019533530708064537
2017-12-18,0.0,-0.0011715856634867572
2017-12-19,0.0,0.0013251451488868224
2017-12-20,0.0,0.00014845520500567406
2017-12-21,0.0,0.001266326537122881
2017-12-22,0.0,0.00017979419750211955
2017-12-26,0.0,0.0003194210782875048
2017-12-27,0.0,-0.00012320710463938493
2017-12-28,0.0,0.0024062930538328938
2017-12-29,0.0,0.0016234252177703711
2018-01-02,0.0,0.004325923240071704
2018-01-03,0.0,0.004313602423431006
2018-01-04,0.0,-0.0006861344276718626
2018-01-05,0.0,0.003285978645982733
2018-01-08,0.0,-0.0009112843969685841
2018-01-09,0.0,-0.002304758952710251
2018-01-10,0.0,-0.0015022214649963483
2018-01-11,0.0,0.0051773826193097
2018-01-12,0.0,0.0075354746589132915
2018-01-16,0.0,0.0036123859272629865
2018-01-17,0.0,0.00040075635656941516
2018-01-18,0.0,-0.0038218754689572925
2018-01-19,0.0,0.005085879721769297
2018-01-22,0.0,0.002669932210415695
2018-01-23,0.0,0.002209382985555689
2018-01-24,0.0,0.006858045833070881
2018-01-25,0.0,0.003901833942628324
2018-01-26,0.0,0.0011926492172091002
2018-01-29,0.0,0.0011461948587595642
2018-01-30,0.0,-0.005707153190589196
2018-01-31,0.0057315217940368,0.003998808103505505
2018-02-01,0.0,-0.00026797878598152486
2018-02-02,0.0,-0.0018729923002957654
2018-02-05,0.0,-0.015915259987476164
2018-02-06,0.0,0.0003285817242554351
2018-02-07,0.0,-0.0004956869507248475
2018-02-08,0.0,-0.011775039893290233
2018-02-09,0.0,0.004161295509885907
2018-02-12,0.0,0.0015946677530726018
2018-02-13,0.0,0.003389132401325413
2018-02-14,0.0,0.006551084828621328
2018-02-15,0.0,0.009938270480307893
2018-02-16,0.0,0.0034361497119623453
2018-02-20,0.0,-0.003792576961593123
2018-02-21,0.0,-0.004439649296676828
2018-02-22,0.0,-0.004021254566406324
2018-02-23,0.0,0.007019248450931258
2018-02-26,0.0,0.0013422544197458778
2018-02-27,0.0,-0.00228190509194085
2018-02-28,0.0,-0.0062874618221210685
2018-03-01,0.0,-0.004749971038294975
2018-03-02,0.0,0.0037006897214535996
2018-03-05,0.0,0.0035074235161155374
2018-03-06,0.0,0.00047702237898481213
2018-03-07,0.0,0.003953071953562563
2018-03-08,0.0,0.00017578011873873624
2018-03-09,0.0,-0.0020973129811218158
2018-03-12,0.0,0.0015596155270354046
2018-03-13,0.0,0.0018196089369856775
2018-03-14,0.0,6.542015607321964e-05
2018-03-15,0.0,0.0006707097794902771
2018-03-16,0.0,-0.003764016400578004
2018-03-19,0.0,-0.0032051558140618716
2018-03-20,0.0,0.0019055899555583563
2018-03-21,-0.003626399358292,-0.002701372924234866
2018-03-22,0.0,0.003387660619526716
2018-03-23,0.0,-0.0030557514250420864
2018-03-26,0.0,0.005255909475746604
2018-03-27,0.0,0.0004080816600234056
2018-03-28,0.0,-0.0044549861816671555
2018-03-29,0.0,-0.004056789523707957
2018-04-02,0.0,-0.0018471672683157633
2018-04-03,0.0,0.001517934452672767
2018-04-04,0.0,0.0015709924522237712
2018-04-05,0.0,0.0005853920382167618
2018-04-06,0.0,-0.005298851956713317
2018-04-09,0.0,0.0022333002770418163
2018-04-10,0.0,0.004194030432005195
2018-04-11,0.0,0.0022157503698685493
2018-04-12,0.0,0.0010260250343727025
2018-04-13,0.0,-0.0012227058224975522
2018-04-16,0.0,0.0011103708237105948
2018-04-17,0.0,0.003785153799704388
2018-04-18,0.0,-0.0026909740668706757
2018-04-19,0.0,-0.0024788813533678823
2018-04-20,0.0,-0.005192486670302927
2018-04-23,0.0,-0.003220391415761383
2018-04-24,0.0,-0.0062096850262567645
2018-04-25,0.0,0.001416169884189534
2018-04-26,0.0,-0.0026809726580159757
2018-04-27,0.0,-0.0007131834107742236
2018-04-30,0.0,-0.0018362976197010025
2018-05-01,0.0,-0.002135811883946057
2018-05-02,0.0015396967756729,-0.0077011767464719655
2018-05-03,0.0,-0.0007314372405974194
2018-05-04,0.0,0.004290823109206478
2018-05-07,0.0,-0.00075832547965341
2018-05-08,0.0,0.0004478018193537766
2018-05-09,0.0,-0.0025052356467169896
2018-05-10,0.0,-0.0007469828000776649
2018-05-11,0.0,0.0036850028508326202
2018-05-14,0.0,0.0020403765227813126
2018-05-15,0.0,-0.003357903138277296
2018-05-16,0.0,-0.0052872390454756875
2018-05-17,0.0,0.001364092710681736
2018-05-18,0.0,-0.0021826161245054394
2018-05-21,0.0,-9.631883846281406e-06
2018-05-22,0.0,0.0005091620357202481
2018-05-23,0.0,0.0013139676205295631
2018-05-24,0.0,-0.0011966430920604865
2018-05-25,0.0,0.0016283833069844164
2018-05-29,0.0,-0.0016603998496776875
2018-05-30,0.0,-0.0011523634939100307
2018-05-31,0.0,0.0038231779123453977
2018-06-01,0.0,0.000753101377355535
2018-06-04,0.0,-0.0004833831170019415
2018-06-05,0.0,0.0016975408668922695
2018-06-06,0.0,0.0011957095921881315
2018-06-07,0.0,0.0015531432270123899
2018-06-08,0.0,-0.00015735201412533904
2018-06-11,0.0,-0.0005836176707195608
2018-06-12,0.0,-0.002263191849290692
2018-06-13,0.0011025915416411,-0.0023430120225226983
2018-06-14,0.0,0.001426893373844988
2018-06-15,0.0,-0.008603864677782963
2018-06-18,0.0,0.000161474736420355
2018-06-19,0.0,0.0003202807606098435
2018-06-20,0.0,-0.0025178534999318117
2018-06-21,0.0,-0.002074267717018734
2018-06-22,0.0,0.0020732867680108937
2018-06-25,0.0,0.0012705511800744464
2018-06-26,0.0,0.0004385679153283553
2018-06-27,0.0,-0.003543466262541944
2018-06-28,0.0,-0.003796133400318487
2018-06-29,0.0,-0.0007961032736390317
2018-07-02,0.0,0.002312518294267161
2018-07-03,0.0,5.2306362510665316e-05
2018-07-05,0.0,0.0013249633372075613
2018-07-06,0.0,0.0011099128643318507
2018-07-09,0.0,0.0018893353348898247
2018-07-10,0.0,-0.0018418986357276496
2018-07-11,0.0,0.00016370787357939735
2018-07-12,0.0,-0.0014749322390205783
2018-07-13,0.0,-0.002682914883496771
2018-07-16,0.0,0.000995729616597767
2018-07-17,0.0,0.0007592597336832993
2018-07-18,0.0,-0.002440798206679943
2018-07-19,0.0,-0.0004770839188976141
2018-07-20,0.0,0.0007848826504203665
2018-07-23,0.0,0.003994481661522642
2018-07-24,0.0,-0.000890175475196695
2018-07-25,0.0,0.0010066050834030762
2018-07-26,0.0,0.0011351400157645086
2018-07-27,0.0,-0.0026502957717151917
2018-07-30,0.0,-0.000687512382871408
2018-07-31,0.0,0.0016783661800689026
2018-08-01,0.0048066147506311,0.0033744249227393103
2018-08-02,0.0,0.0020480208290007155
2018-08-03,0.0,0.003649774596708802
2018-08-06,0.0,0.0006894090534557497
2018-08-07,0.0,0.0012047569492475711
2018-08-08,0.0,-0.0026176951118494812
2018-08-09,0.0,-0.00017305663229814065
2018-08-10,0.0,0.0039121308990039344
2018-08-13,0.0,0.008126352861001069
2018-08-14,0.0,0.0005070043626952839
2018-08-15,0.0,0.008844745537180503
2018-08-16,0.0,-0.0010579922081907038
2018-08-17,0.0,-0.0025571835293799823
2018-08-20,0.0,-0.004046955689105083
2018-08-21,0.0,-0.003653670581550638
2018-08-22,0.0,-0.0034870763648473997
2018-08-23,0.0,0.004076562050977876
2018-08-24,0.0,0.0020382728759463084
2018-08-27,0.0,-0.005290281715805367
2018-08-28,0.0,0.0006961793518546121
2018-08-29,0.0,0.0002578978300029637
2018-08-30,0.0,0.0003421147428272915
2018-08-31,0.0,0.001540353052145807
2018-09-04,0.0,0.0012624760567640735
2018-09-05,0.0,0.0005675197807125046
2018-09-06,0.0,-0.0007286390091026986
2018-09-07,0.0,-0.0011246164291711437
2018-09-10,0.0,0.004020704975310622
2018-09-11,0.0,0.0018740277420996414
2018-09-12,0.0,-0.0012479094524914728
2018-09-13,0.0,-0.0008864170167692866
2018-09-14,0.0,0.0026681084044240626
2018-09-17,0.0,-0.0004471117701225601
2018-09-18,0.0,0.0006920027143140071
2018-09-19,0.0,-0.0018077734350420646
2018-09-20,0.0,-0.0009333913267598927
2018-09-21,0.0,0.0007183605809779261
2018-09-24,0.0,-0.0021080632855517553
2018-09-25,0.0,5.870582524986768e-05
2018-09-26,-0.0002381885239937,0.0022119750685743165
2018-09-27,0.0,0.0015801136699466706
2018-09-28,0.0,3.327992528209811e-05
2018-10-01,0.0,0.00281980040037378
2018-10-02,0.0,-0.002342401625372729
2018-10-03,0.0,0.0023544382527960835
2018-10-04,0.0,0.005239105113961899
2018-10-05,0.0,-0.003951904777185533
2018-10-08,0.0,0.001903078970818484
2018-10-09,0.0,-0.0009318631076525838
2018-10-10,0.0,-0.005819817250455216
2018-10-11,0.0,-0.009450310297523325
2018-10-12,0.0,-0.0010092442947939987
2018-10-15,0.0,0.0010677870890149824
2018-10-16,0.0,0.0002976856458004515
2018-10-17,0.0,0.0008176456679327501
2018-10-18,0.0,0.002080544640706745
2018-10-19,0.0,0.0009140712147197556
2018-10-22,0.0,-0.0010213845533911501
2018-10-23,0.0,0.0011983893777987146
2018-10-24,0.0,-0.004923668827566725
2018-10-25,0.0,0.005203768589350034
2018-10-26,0.0,-0.001477488000912361
2018-10-29,0.0,-0.00032892084068188263
2018-10-30,0.0,0.004666094581461077
2018-10-31,0.0,0.005709267679939336
2018-11-01,0.0,-0.003936476962692485
2018-11-02,0.0,-0.009073418969100256
2018-11-05,0.0,0.0025993369152680587
2018-11-06,0.0,0.0005840077555797238
2018-11-07,0.0,0.0002996907478188047
2018-11-08,-0.0040800327141861,0.0002651796765803413
2018-11-09,0.0,0.005255118467451873
2018-11-12,0.0,0.0035236543348203734
2018-11-13,0.0,0.0036497810629327393
2018-11-14,0.0,-0.007642065323241606
2018-11-15,0.0,-0.00015672503401495315
2018-11-16,0.0,0.0004972046451675907
2018-11-19,0.0,-0.007151172786696565
2018-11-20,0.0,-0.0023412895110992093
2018-11-21,0.0,0.0039750376842909215
2018-11-23,0.0,-0.0009041883222735623
2018-11-26,0.0,0.004377950933613452
2018-11-27,0.0,0.0033117579770127387
2018-11-28,0.0,0.002828223056333467
2018-11-29,0.0,-0.005270441348836874
2018-11-30,0.0,0.0010150807012504922
2018-12-03,0.0,-0.00018446939800243915
2018-12-04,0.0,-0.004662114777096909
2018-12-06,0.0,0.0022225699382254663
2018-12-07,0.0,-0.00529164330023791
2018-12-10,0.0,0.0022577072185988004
2018-12-11,0.0,0.004242289945013353
2018-12-12,0.0,0.0005365172162899264
2018-12-13,0.0,-0.0031224002205696875
2018-12-14,0.0,8.39623377581499e-05
2018-12-17,0.0,-0.0005651674674927674
2018-12-18,0.0,-0.0026044587025603914
2018-12-19,-0.0020668622608838,-0.0019595621232898464
2018-12-20,0.0,-0.0032433820160585694
2018-12-21,0.0,-0.004749403071397167
2018-12-24,0.0,-0.001923539354129045
2018-12-26,0.0,0.004170154018973106
2018-12-27,0.0,0.0007732541882335443
2018-12-28,0.0,-0.0023920684603182785
2018-12-31,0.0,-0.0020438536251852616
2019-01-02,0.0,-0.0003222397188339032
2019-01-03,0.0,0.012443457125190151
2019-01-04,0.0,-0.0070653092177932085
2019-01-07,0.0,-0.006750749055831633
2019-01-08,0.0,-0.0031152267748589773
2019-01-09,0.0,-0.0015284450464518754
2019-01-10,0.0,-5.530299423283923e-05
2019-01-11,0.0,0.000388911655285461
2019-01-14,0.0,-0.0011141196686336849
2019-01-15,0.0,-0.0003710496945468304
2019-01-16,0.0,-0.0007959528326289946
2019-01-17,0.0,9.556025245237335e-05
2019-01-18,0.0,-0.00042235846220088733
2019-01-22,0.0,5.948134356903433e-06
2019-01-23,0.0,0.0005032395553819951
2019-01-24,0.0,-0.002387687586007451
2019-01-25,0.0,-0.0033222481828828095
2019-01-28,0.0,-0.0047484928878729765
2019-01-29,0.0,-0.00032904542777395166
2019-01-30,0.008,-0.0023968465253768104
2019-01-31,0.0,-0.003563168161639916
2019-02-01,0.0,0.0011720734842712627
2019-02-04,0.0,0.0023464293289844587
2019-02-05,0.0,0.0021170487042922325
2019-02-06,0.0,0.0030271348399053466
2019-02-07,0.0,0.003927337252430686
2019-02-08,0.0,-0.0008647654206832571
2019-02-11,0.0,0.0017533043291957007
2019-02-12,0.0,0.0024109748350164026
2019-02-13,0.0,-0.0008686569828546654
2019-02-14,0.0,0.0017903279155542494
2019-02-15,0.0,-0.003612930273059368
2019-02-19,0.0,-0.0037756769680664807
2019-02-20,0.0,-0.0034102188260106696
2019-02-21,0.0,0.003897617683256103
2019-02-22,0.0,-0.0004301022593501516
2019-02-25,0.0,-0.0009518782842229545
2019-02-26,0.0,-0.0014777681417961664
2019-02-27,0.0,-0.0013430773320079598
2019-02-28,0.0,0.0027952229672589327
2019-03-01,0.0,0.008634529329725355
2019-03-04,0.0,0.0019263852171122404
2019-03-05,0.0,0.0007140085522494254
2019-03-06,0.0,0.0010528823407742083
2019-03-07,0.0,-2.6330942531817975e-05
2019-03-08,0.0,-0.00031470306901537306
2019-03-11,0.0,0.0015184147397010199
2019-03-12,0.0,-0.005451013271732204
2019-03-13,0.0,0.0013177075133718355
2019-03-14,0.0,-0.0010529774786404828
2019-03-15,0.0,0.001507600730259857
2019-03-18,0.0,-0.0015806284672241454
2019-03-19,0.0,-0.0010927183124500265
2019-03-20,-0.0003793985247145,-0.0022855341420420466
2019-03-21,0.0,-0.001155287542339314
2019-03-22,0.0,0.0010839680327873968
2019-03-25,0.0,-0.0023948435559853353
2019-03-26,0.0,0.0007327034885766068
2019-03-27,0.0,0.0026291533150722907
2019-03-28,0.0,0.006272610564478104
2019-03-29,0.0,0.0017072350618322653
2019-04-01,0.0,0.0024812647437874704
2019-04-02,0.0,0.0002375436142407677
2019-04-03,0.0,0.00026130975079252005
2019-04-04,0.0,-0.002853149022036041
2019-04-05,0.0,0.0032871434906763773
2019-04-08,0.0,-0.0006071644053541015
2019-04-09,0.0,-0.0030526874643379723
2019-04-10,0.0,-0.0011784410784078712
2019-04-11,0.0,0.0018057574310932946
2019-04-12,0.0,0.003745129411449887
2019-04-15,0.0,-0.0013092273454032332
2019-04-16,0.0,0.0008603563948280125
2019-04-17,0.0,0.0016270988789368922
2019-04-18,0.0,-0.00025382576701342495
2019-04-22,0.0,-0.00044212374703586236
2019-04-23,0.0,0.0025163985008408267
2019-04-24,0.0,0.0007455271116655631
2019-04-25,0.0,0.003961189993286333
2019-04-26,0.0,-0.002127179523296438
2019-04-29,0.0,0.0004963602952786517
2019-04-30,0.0,-0.0015021040083443335
2019-05-01,0.0056588968671151,-0.0003994539893949148
2019-05-02,0.0,0.0017339546363592418
2019-05-03,0.0,-0.0003698595126089061
2019-05-06,0.0,-0.0038500620141429702
2019-05-07,0.0,-0.0018192406954765903
2019-05-08,0.0,-0.00011624957814505031
2019-05-09,0.0,0.00014504842712966069
2019-05-10,0.0,-0.0006020044100996961
2019-05-13,0.0,-0.0045609794514745875
2019-05-14,0.0,0.001486636709369302
2019-05-15,0.0,0.003284038387073499
2019-05-16,0.0,0.00391125238063621
2019-05-17,0.0,0.004310726090790694
2019-05-20,0.0,0.0005879660787176432
2019-05-21,0.0,0.0007289739047172793
2019-05-23,0.0,-0.0008974911470728629
2019-05-24,0.0,-0.0022723609383837017
2019-05-28,0.0,0.002406743797318162
2019-05-29,0.0,-0.0008808380008415948
2019-05-30,0.0,0.00032092036154445815
2019-05-31,0.0,-0.0034449755694322647
2019-06-03,0.0,-0.0038973219015373847
2019-06-04,0.0,-0.0012395582800840618
2019-06-05,0.0,0.000653304960442882
2019-06-06,0.0,0.0021609073607718175
2019-06-07,0.0,-6.293223322528133e-05
2019-06-10,0.0,-0.0008625254888475568
2019-06-11,0.0,0.0006699902667589547
2019-06-12,0.0,1.4680114465289972e-05
2019-06-13,0.0,0.0023190498430212766
2019-06-14,0.0,0.0007115703329900064
2019-06-17,0.0,0.0037475687167957228
2019-06-18,0.0,0.0018095404206317468
2019-06-19,0.0019022030812354,-5.345458884189355e-05
2019-06-20,0.0,-0.00027831965406230385
2019-06-21,0.0,-0.0030761025991496447
2019-06-24,0.0,-0.0012946126978460024
2019-06-25,0.0,-0.0007375296167017915
2019-06-26,0.0,-0.00012276068630901125
2019-06-27,0.0,0.00093679247705128
2019-06-28,0.0,0.00048158114048498185
2019-07-01,0.0,-0.0029516065083230033
2019-07-02,0.0,0.00634215347281025
2019-07-03,0.0,0.0017908787564297798
2019-07-05,0.0,8.852769101129632e-05
2019-07-08,0.0,0.00014746765225604638
2019-07-09,0.0,4.643118874244338e-05
2019-07-10,0.0,0.003564974250058638
2019-07-11,0.0,-0.0016858410221370882
2019-07-12,0.0,-0.00017449748599164988
2019-07-15,0.0,-0.0014779916583941056
2019-07-16,0.0,-0.002022632694517697
2019-07-17,0.0,0.001518753021517938
2019-07-18,0.0,0.0002797201874650553
2019-07-19,0.0,-0.00420846805011327
2019-07-22,0.0,5.689708983223975e-05
2019-07-23,0.0,0.0007374111226905537
2019-07-24,0.0,0.0018205424103015645
2019-07-25,0.0,-0.00041895320948547585
2019-07-26,0.0,0.001106889356447484
2019-07-29,0.0,0.0027797325848232138
2019-07-30,0.0,0.0012260750876441774
2019-07-31,0.0022113519992037,0.0005536838128161616
2019-08-01,0.0,0.0053477663770868916
2019-08-02,0.0,0.002102739039673544
2019-08-05,0.0,0.0009355921889092416
2019-08-06,0.0,0.002448483992383054
2019-08-07,0.0,0.00466575537270879
2019-08-08,0.0,0.003040975857642181
2019-08-09,0.0,-0.0015482578029822596
2019-08-12,0.0,0.003819253232930238
2019-08-13,0.0,-0.0003969678770406459
2019-08-14,0.0,-0.0032344768529059243
2019-08-15,0.0,0.004742608569238481
2019-08-16,0.0,-0.0007188062939219514
2019-08-19,0.0,-0.003369285001253408
2019-08-20,0.0,0.0029538181150751282
2019-08-21,0.0,-0.00026947084638883007
2019-08-22,0.0,-0.0011905914924885445
2019-08-23,0.0,0.0019105697814845782
2019-08-26,0.0,0.005202044385836299
2019-08-27,0.0,0.0011583868325794144
2019-08-28,0.0,0.0013968817713788542
2019-08-29,0.0,0.00034454821485863546
2019-08-30,0.0,0.0003273187722750629
2019-09-03,0.0,0.006613782908679596
2019-09-04,0.0,0.0025515937448434786
2019-09-05,0.0,-0.011340879096830684
2019-09-06,0.0,-0.006341682820281067
2019-09-09,0.0,-0.00033768307627587285
2019-09-10,0.0,-0.0038429381449972327
2019-09-11,0.0,0.001283180757255749
2019-09-12,0.0,0.00025539922335833005
2019-09-13,0.0,-0.0048519745356866
2019-09-16,0.0,0.00036554194081286445
2019-09-17,0.0,0.0032979487622075442
2019-09-18,-0.001760998769392,-0.004645625830229045
2019-09-19,0.0,0.0025844091451545244
2019-09-20,0.0,0.0024665486202047394
2019-09-23,0.0,0.006706131381234953
2019-09-24,0.0,0.0006861613953865418
2019-09-25,0.0,-0.0059153263611091255
2019-09-26,0.0,0.0028006327793848756
2019-09-27,0.0,-0.0015567139876755535
2019-09-30,0.0,-0.004126074824135518
2019-10-01,0.0,0.0017069160347237182
2019-10-02,0.0,0.0022576825456619987
2019-10-03,0.0,0.0016223944629902166
2019-10-04,0.0,3.3932653790982696e-05
2019-10-07,0.0,-0.0024400607597726944
2019-10-08,0.0,0.0019312595740287642
2019-10-09,0.0,0.002833418787599809
2019-10-10,0.0,-0.0022620926981998567
2019-10-11,0.0,-0.006076160880535591
2019-10-14,0.0,-0.004138543204852916
2019-10-15,0.0,-0.00016332318705397208
2019-10-16,0.0,-0.0019178070713602327
2019-10-17,0.0,-0.0004718960095990697
2019-10-18,0.0,-0.0038976153087773658
2019-10-21,0.0,-0.0012855690090468857
2019-10-22,0.0,-0.0019662673048281257
2019-10-23,0.0,0.0027567463891436067
2019-10-24,0.0,0.001573022463717296
2019-10-25,0.0,0.00440901873044546
2019-10-28,0.0,-0.001403067156095492
2019-10-29,0.0,-0.0020716938643078864
2019-10-30,0.0008268375674249,0.0005657060567167714
2019-10-31,0.0,-0.0004623865826048338
2019-11-01,0.0,0.0032155901290182357
2019-11-04,0.0,-0.0017057101564507751
2019-11-05,0.0,-0.003896009751994473
2019-11-06,0.0,0.0008252828476872745
2019-11-07,0.0,-0.003083472810002561
2019-11-08,0.0,-0.0021074720242274295
2019-11-11,0.0,0.00010676388177879082
2019-11-12,0.0,0.001488293319554782
2019-11-13,0.0,0.0017823918989959497
2019-11-14,0.0,0.0015200375676841112
2019-11-15,0.0,0.002353953359834363
2019-11-18,0.0,-0.00074531202636617
2019-11-19,0.0,0.0008601203437194909
2019-11-20,0.0,-0.0007106047520762627
2019-11-21,0.0,-0.0004189249369410516
2019-11-22,0.0,-0.00020785732037953376
2019-11-25,0.0,-0.0006791186911522158
2019-11-26,0.0,0.002424396472427523
2019-11-27,0.0,-0.0021860702457998905
2019-11-29,0.0,5.97760746174758e-05
2019-12-02,0.0,-0.0015499152992140305
2019-12-03,0.0,0.00023520464691364543
2019-12-04,0.0,-0.00027271119319230815
2019-12-05,0.0,0.0018159433452283184
2019-12-06,0.0,-0.0012869448097376757
2019-12-09,0.0,0.0008495749723431293
2019-12-10,0.0,0.0008225425060166848
2019-12-11,0.0017380163821614,0.0011293897273759648
2019-12-12,0.0,-0.00045132849783783603
2019-12-13,0.0,-0.000658279689643876
2019-12-16,0.0,0.0023901772432133603
2019-12-17,0.0,-0.0019263617992170297
2019-12-18,0.0,-0.0014898946843633104
2019-12-19,0.0,0.001150248292833942
2019-12-20,0.0,-0.0008792682114758289
2019-12-23,0.0,0.0020203875305686743
2019-12-24,0.0,0.0010230182960164356
2019-12-26,0.0,0.0024856564719834503
2019-12-27,0.0,-0.0015024892982039985
2019-12-30,0.0,-0.0010946862694488483
2019-12-31,0.0,0.0007864823132827927
2020-01-02,0.0,0.002224679161123607
2020-01-03,0.0,0.002319585829362233
2020-01-06,0.0,0.0040275210897431895
2020-01-07,0.0,0.0005721593599085541
2020-01-08,0.0,0.002298067815116371
2020-01-09,0.0,-0.002648930467993078
2020-01-10,0.0,0.00025637740381573233
2020-01-13,0.0,-0.002663111039952755
2020-01-14,0.0,-0.0031937137409775536
2020-01-15,0.0,0.002789241483234878
2020-01-16,0.0,-0.0001843270459806249
2020-01-17,0.0,0.0012122848944742838
2020-01-21,0.0,-0.000775184494946287
2020-01-22,0.0,0.0025270762542377377
2020-01-23,0.0,0.0017359058087489424
2020-01-24,0.0,0.002286538297549241
2020-01-27,0.0,0.0018457420232684694
2020-01-28,0.0,-0.00127183445679006
2020-01-29,0.0052248702045909,-0.00015282376310140418
2020-01-30,0.0,0.0024090608816499668
2020-01-31,0.0,0.0014446429890370754
2020-02-03,0.0,-0.002493813177293642
2020-02-04,0.0,0.002804920853216903
2020-02-05,0.0,-0.001722489451234085
2020-02-06,0.0,0.002003307446138878
2020-02-07,0.0,0.000997457989177539
2020-02-10,0.0,0.0057262845756498185
2020-02-11,0.0,-0.0009775805261781395
2020-02-12,0.0,-0.0018350776634913843
2020-02-13,0.0,0.0025594294148855693
2020-02-14,0.0,0.0006459991009672468
2020-02-18,0.0,0.0041243725911563915
2020-02-19,0.0,0.003851170940465791
2020-02-20,0.0,-0.0022403930641619577
2020-02-21,0.0,0.003090727346958016
2020-02-24,0.0,-0.0037315787312306352
2020-02-25,0.0,-0.007092985354677311
2020-02-26,0.0,-0.0005094175069031007
2020-02-27,0.0,-0.0032397719241363493
2020-02-28,0.0,-0.011310386771065564
2020-03-02,0.0,0.010210355826543671
2020-03-03,0.0,-0.0022356306107146192
2020-03-04,0.0,0.0042056726429714935
2020-03-05,0.0,-0.002561440338230155
2020-03-06,0.0,-0.002757690109178591
2020-03-09,0.0,-0.011589338077828085
2020-03-10,0.0,0.004466583556142488
2020-03-11,0.0,-0.0012469571995408282
2020-03-12,0.0,-0.013656521839055682
2020-03-13,0.0,0.01485958610173911
2020-03-16,0.0,-0.01574075958940736
2020-03-17,0.0,0.012129786041222713
2020-03-18,0.0,-0.002314860526108965
2020-03-19,0.0,0.012690074332087355
2020-03-20,0.0,0.00685053810270054
2020-03-23,0.0,0.0031428495094786733
2020-03-24,0.0,0.012163636854146584
2020-03-25,0.0,-0.007524349082777128
2020-03-26,0.0,0.0072429862155267265
2020-03-27,0.0,-0.017684038421984228
2020-03-30,0.0,-0.004416896277133306
2020-03-31,0.0,-0.002077809207046072
2020-04-01,0.0,0.004435842551153263
2020-04-02,0.0,0.0017357051767530227
2020-04-03,0.0,0.0029506827053773733
2020-04-06,0.0,0.0005567197477177376
2020-04-07,0.0,-0.0043286441216478224
2020-04-08,0.0,-0.005424632800515112
2020-04-09,0.0,-0.0022673744253078674
2020-04-13,0.0,0.0018772258775605441
2020-04-14,0.0,-0.002554376738046253
2020-04-15,0.0,-0.0012796587327519172
2020-04-16,0.0,0.004588947682984775
2020-04-17,0.0,-0.002237925881804874
2020-04-20,0.0,0.001821072504268409
2020-04-21,0.0,0.002592431172149849
2020-04-22,0.0,0.0028813091852586048
2020-04-23,0.0,0.0008869421877992953
2020-04-24,0.0,-0.0023502243192352334
2020-04-27,0.0,-0.0026532584937263037
2020-04-28,0.0,-0.0013436068135851441
2020-04-29,0.008,-0.0021989353821103078
2020-04-30,0.0,-0.0023922440539138274
2020-05-01,0.0,-0.0028972411312494623
2020-05-04,0.0,0.005435471963752885
2020-05-05,0.0,0.0004206937184776748
2020-05-06,0.0,0.0001528848397494849
2020-05-07,0.0,0.004193054737277082
2020-05-08,0.0,-0.00438527580933934
2020-05-11,0.0,-0.0026406711695139587
2020-05-12,0.0,0.001091202806867146
2020-05-13,0.0,0.0010098452030662245
2020-05-14,0.0,0.0013935466557571778
2020-05-15,0.0,-0.0021604045817903467
2020-05-18,0.0,0.002506547960099477
2020-05-19,0.0,-0.006408558437283195
2020-05-20,0.0,-0.0014464253254085067
2020-05-21,0.0,-0.0020210260356376382
2020-05-22,0.0,0.0015608826914858577
2020-05-26,0.0,-0.0004593154475376112
2020-05-27,0.0,-0.004564994293120692
2020-05-28,0.0,0.00022074900050853523
2020-05-29,0.0,-0.0024310061810707173
2020-06-01,0.0,0.00011299382437205503
2020-06-02,0.0,-0.0047223852002256815
2020-06-03,0.0,-0.008547620892513713
2020-06-04,0.0,-0.0004690867387231305
2020-06-05,0.0,-0.00417172656523481
2020-06-08,0.0,-0.000277557558058402
2020-06-09,0.0,0.0016177061400528255
2020-06-10,0.006764378417347,0.0046460545919440556
2020-06-11,0.0,-0.0044097586914864815
2020-06-12,0.0,0.005904236322818293
2020-06-15,0.0,0.0008487993688040152
2020-06-16,0.0,-0.004859742498602749
2020-06-17,0.0,0.0033288388749559794
2020-06-18,0.0,0.001469731254127671
2020-06-19,0.0,0.00356050499182022
2020-06-22,0.0,0.0032548598429480986
2020-06-23,0.0,-0.004160732898138869
2020-06-24,0.0,-0.0030324306497147217
2020-06-25,0.0,0.004250450353137603
2020-06-26,0.0,-0.0009567325586453504
2020-06-29,0.0,0.0019870383341409384
2020-06-30,0.0,0.0011016665129137601
2020-07-01,0.0,-0.0023226886571113734
2020-07-02,0.0,-0.00012418938685880302
2020-07-06,0.0,0.0011082465906416617
2020-07-07,0.0,-0.0015836841964321647
2020-07-08,0.0,0.0024607713693874356
2020-07-09,0.0,-0.0029762382023136155
2020-07-10,0.0,0.001968588875458198
2020-07-13,0.0,0.00047869724535258215
2020-07-14,0.0,0.0012318740684999529
2020-07-15,0.0,-0.001230700617177921
2020-07-16,0.0,-0.001977372341690753
2020-07-17,0.0,0.002075875287385579
2020-07-20,0.0,0.0007454557367371792
2020-07-21,0.0,0.0018900848347584193
2020-07-22,0.0,0.0018793899511783032
2020-07-23,0.0,-0.001844501074579145
2020-07-24,0.0,0.0015181387878231687
2020-07-27,0.0,0.004854417697746549
2020-07-28,0.0,-0.002556788378591925
2020-07-29,0.0062966380845004,0.0015712835849223598
2020-07-30,0.0,-0.004046974852317084
2020-07-31,0.0,-8.970976448644688e-05
2020-08-03,0.0,-0.004068845237454897
2020-08-04,0.0,0.0030165507183887975
2020-08-05,0.0,0.004883711353867837
2020-08-06,0.0,0.0058775628949496945
2020-08-07,0.0,-0.0015634952495692585
2020-08-10,0.0,-0.0031930154064812055
2020-08-11,0.0,-0.010479068704766918
2020-08-12,0.0,-0.0010136972661800722
2020-08-13,0.0,0.00580889535764159
2020-08-14,0.0,-0.0014947833070026951
2020-08-17,0.0,0.005898163619144072
2020-08-18,0.0,0.0029719894266727735
2020-08-19,0.0,0.00038191477196656453
2020-08-20,0.0,-0.0039941623823191354
2020-08-21,0.0,0.0010821497683472037
2020-08-24,0.0,-0.004105132207972409
2020-08-25,0.0,0.00013572311446839174
2020-08-26,0.0,0.003944406655622889
2020-08-27,0.0,0.0010092427537060757
2020-08-28,0.0,0.0009237324307952718
2020-08-31,0.0,0.0076535458070707005
2020-09-01,0.0,0.00016524229694081413
2020-09-02,0.0,-0.0009527291688823922
2020-09-03,0.0,-0.006274994517342245
2020-09-04,0.0,-0.0017034216169705002
2020-09-08,0.0,-0.002841306576117856
2020-09-09,0.0,-0.0011450763176147143
2020-09-10,0.0,0.00011690281960345847
2020-09-11,0.0,-0.0016086027931824407
2020-09-14,0.0,0.0023362223081703276
2020-09-15,0.0,0.0016311274548207705
2020-09-16,0.0021978619688916,0.0007001263411653257
2020-09-17,0.0,-0.00023488300347286628
2020-09-18,0.0,0.0009711964907484959
2020-09-21,0.0,-0.005252355318035013
2020-09-22,0.0,-0.003980592152626275
2020-09-23,0.0,-0.008486723956474625
2020-09-24,0.0,-0.0022498207158471372
2020-09-25,0.0,0.00031284753177655996
2020-09-28,0.0,0.0016758561687131586
2020-09-29,0.0,0.004133842157794985
2020-09-30,0.0,-4.428030318474798e-05
2020-10-01,0.0,0.0026662529141623296
2020-10-02,0.0,-0.0003087252503981487
2020-10-05,0.0,0.0019192450857003988
2020-10-06,0.0,-0.0011159769790509196
2020-10-07,0.0,-0.0019637278453066664
2020-10-08,0.0,0.0015760327845605396
2020-10-09,0.0,0.004493227607256922
2020-10-12,0.0,0.0035137830382879097
2020-10-13,0.0,-0.0021344996312664135
2020-10-14,0.0,-0.003486011414578255
2020-10-15,0.0,0.001296095070032121
2020-10-16,0.0,-0.0035191429019770606
2020-10-19,0.0,3.706097165983208e-05
2020-10-20,0.0,0.001606717221956868
2020-10-21,0.0,0.0018723530672668672
2020-10-22,0.0,0.003439525940744134
2020-10-23,0.0,-0.0012266291858432292
2020-10-26,0.0,-0.0005195059988072739
2020-10-27,0.0,-0.0012970418118461288
2020-10-28,0.0,-0.0038666173689230732
2020-10-29,0.0,-0.0017312582541814685
2020-10-30,0.0,-0.00210951472670226
2020-11-02,0.0,0.0006901901393229527
2020-11-03,0.0,0.0017414142556253158
2020-11-04,0.0,0.007234110319671862
2020-11-05,0.008,0.0025812686745242974
2020-11-06,0.0,0.006168065387500589
2020-11-09,0.0,-0.0020996240834924426
2020-11-10,0.0,-0.004264225129507195
2020-11-11,0.0,0.0006820394194055086
2020-11-12,0.0,-0.0011142839748640944
2020-11-13,0.0,0.0008477220610441813
2020-11-16,0.0,0.0038528329595497366
2020-11-17,0.0,2.0032428420899882e-05
2020-11-18,0.0,-0.0006194252181190423
2020-11-19,0.0,0.00011488375090419491
2020-11-20,0.0,-0.00012280092843939354
2020-11-23,0.0,-0.0007826576195129975
2020-11-24,0.0,-0.0025595681579995877
2020-11-25,0.0,0.0024213123196310596
2020-11-27,0.0,-0.0019170524297750216
2020-11-30,0.0,0.0009020103062884073
2020-12-01,0.0,0.0024831857171752586
2020-12-02,0.0,0.004045065052253551
2020-12-03,0.0,0.0011902791458734323
2020-12-04,0.0,0.002882554855664972
2020-12-07,0.0,5.051659384532767e-05
2020-12-08,0.0,-0.00019670181874941028
2020-12-09,0.0,-0.0027888841032557205
2020-12-10,0.0,-0.00037741701358977265
2020-12-11,0.0,0.001959687852661701
2020-12-14,0.0,5.471953533689455e-07
2020-12-15,0.0,0.0026382891170197184
2020-12-16,0.0006087354148502,0.0036948516735784386
2020-12-17,0.0,0.0035028305458005946
2020-12-18,0.0,0.002311880551044712
2020-12-21,0.0,-0.0030681145615344416
2020-12-22,0.0,-0.001154390291634688
2020-12-23,0.0,-0.0008777690312735279
2020-12-24,0.0,0.002149301252126542
2020-12-28,0.0,0.0015279370869250748
2020-12-29,0.0,-0.0011719189111536533
2020-12-30,0.0,0.0024379814532034796
2020-12-31,0.0,0.0041068036058243326
2021-01-04,0.0,0.003386381762675617
2021-01-05,0.0,-0.0005496745782578132
2021-01-06,0.0,0.0021032342801170062
2021-01-07,0.0,0.001115703633696783
2021-01-08,0.0,-0.008054783087140185
2021-01-11,0.0,-0.003929449769419256
2021-01-12,0.0,0.0006726064561729138
2021-01-13,0.0,0.0031982107712823513
2021-01-14,0.0,-0.001301858946312116
2021-01-15,0.0,-0.001665212020028436
2021-01-19,0.0,0.0020684277132186927
2021-01-20,0.0,0.004259659731074217
2021-01-21,0.0,0.001254437160152727
2021-01-22,0.0,0.00015117919182417168
2021-01-25,0.0,-0.0013647734885459813
2021-01-26,0.0,-0.0004856226458533933
2021-01-27,-0.008,-0.0002069563087873322
2021-01-28,0.0,-0.001750583535658852
2021-01-29,0.0,0.0002586344138502781
2021-02-01,0.0,0.0019071321162915274
2021-02-02,0.0,-0.004020952931292738
2021-02-03,0.0,-0.0008823882378954234
2021-02-04,0.0,-0.001192186521951936
2021-02-05,0.0,-0.0010066545893223585
2021-02-08,0.0,0.0048752143547270395
2021-02-09,0.0,0.0010271612746898188
2021-02-10,0.0,0.003305728484599949
2021-02-11,0.0,-0.0006645254424767636
2021-02-12,0.0,0.0003884864970833326
2021-02-16,0.0,-0.0008636905154474999
2021-02-17,0.0,-0.0035157657087196994
2021-02-18,0.0,-0.0007369346497271589
2021-02-19,0.0,0.0026127631550274255
2021-02-22,0.0,0.0050872553716831154
2021-02-23,0.0,0.0015856055927265082
2021-02-24,0.0,0.0002688434472967633
2021-02-25,0.0,-0.0027417762616924165
2021-02-26,0.0,-0.006603524994729405
2021-03-01,0.0,-0.002559942183875219
2021-03-02,0.0,-0.0012217756698167245
2021-03-03,0.0,-0.0002996004617908493
2021-03-04,0.0,-0.004707024682176484
2021-03-05,0.0,-0.0037700934606030266
2021-03-08,0.0,-0.003218790707435991
2021-03-09,0.0,-0.0002386450697005595
2021-03-10,0.0,0.00410698011882817
2021-03-11,0.0,0.0016566297189665874
2021-03-12,0.0,0.0017710626025774477
2021-03-15,0.0,-0.0017871558025401941
2021-03-16,0.0,-0.00121267491598382
2021-03-17,-0.008,0.0009174157221953987
2021-03-18,0.0,0.0018019037547211676
2021-03-19,0.0,-0.001934874251964487
2021-03-22,0.0,-0.0020295530212160896
2021-03-23,0.0,-0.0002443996021727522
2021-03-24,0.0,-0.004130769473195184
2021-03-25,0.0,-0.0015932620796589986
2021-03-26,0.0,-4.8973268659137004e-05
2021-03-29,0.0,-0.0014970387166841556
2021-03-30,0.0,-0.0027615812010043333
2021-03-31,0.0,-0.000657304100994699
2021-04-01,0.0,0.0038030174535311806
2021-04-05,0.0,0.0007735922933004314
2021-04-06,0.0,0.0025028356080566715
2021-04-07,0.0,-0.0008914123861070736
2021-04-08,0.0,-0.00020429710892516884
2021-04-09,0.0,-0.00017213763464497017
2021-04-12,0.0,-0.0013028988906371947
2021-04-13,0.0,0.0015582006174904735
2021-04-14,0.0,-0.00035880880067967145
2021-04-15,0.0,0.004806643531664024
2021-04-16,0.0,0.0006011499816844038
2021-04-19,0.0,-0.0009358023176568683
2021-04-20,0.0,0.002756100165783655
2021-04-21,0.0,0.0009850045290606339
2021-04-22,0.0,-0.001525459418008629
2021-04-23,0.0,-0.0021702701253528624
2021-04-26,0.0,0.002697453756992868
2021-04-27,0.0,0.0018371763183932278
2021-04-28,-0.0008177785076199,0.001263443109931733
2021-04-29,0.0,0.0013246350833516231
2021-04-30,0.0,-0.0007514084956192173
2021-05-03,0.0,-0.0009066900289266246
2021-05-04,0.0,0.00018638093582607499
2021-05-05,0.0,-0.000918704892775795
2021-05-06,0.0,0.003763618947614966
2021-05-07,0.0,0.0027567291625565323
2021-05-10,0.0,0.003125883836149562
2021-05-11,0.0,0.0005669597497743508
2021-05-12,0.0,-0.0035335686611956438
2021-05-13,0.0,-0.00033240204678094964
2021-05-14,0.0,0.0017995482504454443
2021-05-17,0.0,0.004489323431089143
2021-05-18,0.0,-0.0003888694039703972
2021-05-19,0.0,0.0004186029681971484
2021-05-20,0.0,-0.0008786046128655542
2021-05-21,0.0,0.0014852836150803389
2021-05-24,0.0,-0.0006036593365035494
2021-05-25,0.0,0.001883361479606485
2021-05-26,0.0,4.1277904042569163e-07
2021-05-27,0.0,-0.0004195442656520459
2021-05-28,0.0,0.003185089356610583
2021-06-01,0.0,0.0006324506095754003
2021-06-02,0.0,7.582521508295518e-05
2021-06-03,0.0,-0.0028696164158879367
2021-06-04,0.0,6.036546283418191e-05
2021-06-07,0.0,0.0017266094143009254
2021-06-08,0.0,-0.000602744769344572
2021-06-09,0.0,-0.0006748395219870976
2021-06-10,0.0,0.0009208089286941983
2021-06-11,0.0,-0.0005566372006561309
2021-06-14,0.0,-0.0021715218697131076
2021-06-15,0.0,0.0002183971742619871
2021-06-16,0.0012786241659787,-0.003114461074295715
2021-06-17,0.0,-0.007646628108858163
2021-06-18,0.0,-0.006264187299161422
2021-06-21,0.0,-0.001039788421499109
2021-06-22,0.0,0.0028772647139061573
2021-06-23,0.0,0.0017741975480172628
2021-06-24,0.0,0.001983344124036494
2021-06-25,0.0,3.82881412194296e-05
2021-06-28,0.0,0.0001759718273997793
2021-06-29,0.0,-0.0028077042383354103
2021-06-30,0.0,-0.0012193984209856697
2021-07-01,0.0,0.0001005094707885394
2021-07-02,0.0,0.0001385622522553677
2021-07-06,0.0,-0.0006288332638699463
2021-07-07,0.0,-0.003126106697648093
2021-07-08,0.0,-0.0018755420719438031
2021-07-09,0.0,-0.0011124966266096007
2021-07-12,0.0,0.004674969852646922
2021-07-13,0.0,-0.000977927314422315
2021-07-14,0.0,-0.003342591582941483
2021-07-15,0.0,0.0008816869196471472
2021-07-16,0.0,-0.0033141001530177993
2021-07-19,0.0,-0.003511818853212037
2021-07-20,0.0,-0.0022917270241872767
2021-07-21,0.0,0.0017896625776946816
2021-07-22,0.0,0.0025907036740878933
2021-07-23,0.0,0.0016291475374986364
2021-07-26,0.0,0.0009690897025442373
2021-07-27,0.0,0.00023702008625114553
2021-07-28,0.0028825909521566,-0.000779209170060344
2021-07-29,0.0,0.0015135797702840823
2021-07-30,0.0,0.0009675410207832586
2021-08-02,0.0,-0.0020772148657925544
2021-08-03,0.0,0.0005163202198492118
2021-08-04,0.0,-0.0004680455014106748
2021-08-05,0.0,0.0005763330175346972
2021-08-06,0.0,0.00229604574161434
2021-08-09,0.0,-0.0026645988949115266
2021-08-10,0.0,-0.0006786004907648071
2021-08-11,0.0,1.9989543871741034e-05
2021-08-12,0.0,0.0004483353749583077
2021-08-13,0.0,-0.0015653331217813486
2021-08-16,0.0,0.0004911409058680087
2021-08-17,0.0,-0.0028327983130841464
2021-08-18,0.0,-0.005393474054087593
2021-08-19,0.0,5.1462514472720884e-05
2021-08-20,0.0,-0.0036799569138647173
2021-08-23,0.0,0.001282857873795468
2021-08-24,0.0,0.004012993157284642
2021-08-25,0.0,0.001996165138678093
2021-08-26,0.0,0.0010580161119977851
2021-08-27,0.0,-0.0013316615878793945
2021-08-30,0.0,0.0036074106847029017
2021-08-31,0.0,-0.0009626686911459276
2021-09-01,0.0,-0.0011152085556549545
2021-09-02,0.0,-0.00032870639659399306
2021-09-03,0.0,-0.003471915311737433
2021-09-07,0.0,0.0025585707555245
2021-09-08,0.0,0.0028866037473651916
2021-09-09,0.0,-0.00041753250059805864
2021-09-10,0.0,-4.294121399054248e-05
2021-09-13,0.0,0.00062371071360759
2021-09-14,0.0,-0.0011672001503438318
2021-09-15,0.0,0.0015431494085364208
2021-09-16,0.0,0.0026353567572172353
2021-09-17,0.0,0.002553773540344299
2021-09-20,0.0,-0.0008512453675574605
2021-09-21,0.0,-0.003493131956560873
2021-09-22,0.002733671684374,0.0010100629527706358
2021-09-23,0.0,0.00418203176288582
2021-09-24,0.0,0.0009533386224730064
2021-09-27,0.0,0.00042016526144678996
2021-09-28,0.0,0.0005509774736372462
2021-09-29,0.0,0.0025803890114722084
2021-09-30,0.0,-0.0017220925329432346
2021-10-01,0.0,0.0014406054837418868
2021-10-04,0.0,-0.0017431705479173877
2021-10-05,0.0,0.0023288568215601925
2021-10-06,0.0,0.002220831318944673
2021-10-07,0.0,0.0015300064409335637
2021-10-08,0.0,0.0013736763950173204
2021-10-11,0.0,0.0004735097571160608
2021-10-12,0.0,0.003105033508988037
2021-10-13,0.0,-0.0019511966354913005
2021-10-14,0.0,0.0008889370238835818
2021-10-15,0.0,0.004921190902211656
2021-10-18,0.0,0.00342016520839353
2021-10-19,0.0,-0.001386829743480513
2021-10-20,0.0,0.0005097483751855997
2021-10-21,0.0,0.0010968035390933003
2021-10-22,0.0,-0.003355079403179157
2021-10-25,0.0,-0.0016038184735990388
2021-10-26,0.0,0.002966674454602275
2021-10-27,0.0,0.0012869733008718544
2021-10-28,0.0,-0.000726268357195502
2021-10-29,0.0,0.0008251568127907565
2021-11-01,0.0,-0.0034655513998590915
2021-11-02,0.0,-5.551169614575043e-05
2021-11-03,0.0014198617740586,-0.0016385202175099515
2021-11-04,0.0,0.002829924539702517
2021-11-05,0.0,-0.006202511131469497
2021-11-08,0.0,-0.0007055264985120961
2021-11-09,0.0,0.0004457565127350401
2021-11-10,0.0,-0.0028524019895685765
2021-11-11,0.0,-0.002789018281796707
2021-11-12,0.0,-0.0013386172308366424
2021-11-15,0.0,0.0011609655303190971
2021-11-16,0.0,-0.0006912151302674054
2021-11-17,0.0,-0.0006161375256201132
2021-11-18,0.0,-0.001142858749843994
2021-11-19,0.0,0.0017578736910289704
2021-11-22,0.0,-0.0036442423968065804
2021-11-23,0.0,0.00014404878657189982
2021-11-24,0.0,0.0005154078165542898
2021-11-26,0.0,-0.004872267250799297
2021-11-29,0.0,-0.000498704611251366
2021-11-30,0.0,-0.0019079685424469451
2021-12-01,0.0,-0.004202110467715887
2021-12-02,0.0,0.0025324262873786738
2021-12-03,0.0,-0.000667699123325975
2021-12-06,0.0,0.003961130232411901
2021-12-07,0.0,0.0025628745120086635
2021-12-08,0.0,-0.0009197433912391596
2021-12-09,0.0,-0.003049145626538216
2021-12-10,0.0,0.0021215231051106634
2021-12-13,0.0,-0.002273935565383734
2021-12-14,0.0,0.0016022692712658788
2021-12-15,-0.0007452928484742,0.002955075335128759
2021-12-16,0.0,-0.0029081397443183857
2021-12-17,0.0,-0.004577234027799014
2021-12-20,0.0,0.003415280085197193
2021-12-21,0.0,0.002678345858238906
2021-12-22,0.0,-0.00020127770609139922
2021-12-23,0.0,-0.0027980544380694495
2021-12-27,0.0,0.0016775152953309696
2021-12-28,0.0,0.00044900342310854154
2021-12-29,0.0,0.0002928002584033982
2021-12-30,0.0,-0.002654280135854511
2021-12-31,0.0,0.0007084189329967445
2022-01-03,0.0,0.0013977926171259768
2022-01-04,0.0,0.0031124985001014633
2022-01-05,0.0,-0.0002331434015337704
2022-01-06,0.0,0.0017552284816238436
2022-01-07,0.0,0.00024012424494631042
2022-01-10,0.0,-0.004077129144554207
2022-01-11,0.0,-0.001175845884470845
2022-01-12,0.0,-0.003310203153534162
2022-01-13,0.0,-0.006997860339000059
2022-01-14,0.0,-0.0010262719772838344
2022-01-18,0.0,-0.001949464032466786
2022-01-19,0.0,-0.0015126486049512073
2022-01-20,0.0,-0.0032268532924557038
2022-01-21,0.0,-0.0011831162115754084
2022-01-24,0.0,0.0008088054591937757
2022-01-25,0.0,0.0013433821894604171
2022-01-26,0.008,0.0018837823445624193
2022-01-27,0.0,0.007620053520961916
2022-01-28,0.0,0.010961897614272338
2022-01-31,0.0,0.0014096952609119015
2022-02-01,0.0,-0.004268163781346401
2022-02-02,0.0,-0.004106353628024057
2022-02-03,0.0,-0.0035081246331505342
2022-02-04,0.0,-0.0027298081207612597
2022-02-07,0.0,0.00015140892703663887
2022-02-08,0.0,-0.0013199321916427759
2022-02-09,0.0,0.0020594365991301465
2022-02-10,0.0,-0.001541869957154875
2022-02-11,0.0,-0.004143401726515243
2022-02-14,0.0,-0.0014244943490754076
2022-02-15,0.0,0.006142528882930513
2022-02-16,0.0,-0.0031970369163636823
2022-02-17,0.0,-0.0070542814041565345
2022-02-18,0.0,-0.002324610132562239
2022-02-22,0.0,-0.002936648629442045
2022-02-23,0.0,-0.0037372095011853905
2022-02-24,0.0,0.004234611006089212
2022-02-25,0.0,0.01109553080407272
2022-02-28,0.0,-0.002370019815760273
2022-03-01,0.0,-0.0065573049139836985
2022-03-02,0.0,0.003963205490275139
2022-03-03,0.0,0.0005241027502188344
2022-03-04,0.0,0.0006826858287792403
2022-03-07,0.0,0.002677731865139671
2022-03-08,0.0,0.00464957688371047
2022-03-09,0.0,0.002694324255411689
2022-03-10,0.0,-0.006923791975599586
2022-03-11,0.0,0.0004311329332754487
2022-03-14,0.0,0.006656685101930922
2022-03-15,0.0,0.0047180338297343315
2022-03-16,0.008,0.0018289467201518957
2022-03-17,0.0,-0.002702290106074642
2022-03-18,0.0,-0.004083775455431696
2022-03-21,0.0,0.002326417651203745
2022-03-22,0.0,0.002938754519970336
2022-03-23,0.0,-0.000657529187656435
2022-03-24,0.0,0.0016250167852628196
2022-03-25,0.0,0.002613471960803821
2022-03-28,0.0,0.0008652795975298148
2022-03-29,0.0,0.005546136640313887
2022-03-30,0.0,-0.00328205343813544
2022-03-31,0.0,-0.00566103067173069
2022-04-01,0.0,0.0006818513476892859
2022-04-04,0.0,0.0039091967163380524
2022-04-05,0.0,-0.002240974796223902
2022-04-06,0.0,0.0025239562815021596
2022-04-07,0.0,0.003381886040014588
2022-04-08,0.0,0.002725766215907453
2022-04-11,0.0,0.001205777459427333
2022-04-12,0.0,0.004198937229583959
2022-04-13,0.0,0.002816080313112514
2022-04-14,0.0,-0.005277686471965837
2022-04-18,0.0,0.002427334050320143
2022-04-19,0.0,0.0014335534362641812
2022-04-20,0.0,0.003228297699064494
2022-04-21,0.0,-0.00862944927255202
2022-04-22,0.0,-0.0013734068406893395
2022-04-25,0.0,0.004211561179921685
2022-04-26,0.0,0.00033960453284461795
2022-04-27,0.0,0.003113500363469778
2022-04-28,0.0,0.007811636435724514
2022-04-29,0.0,0.0022828806290753714
2022-05-02,0.0,-0.0037883988854119075
2022-05-03,0.0,0.003163422899372071
2022-05-04,0.0012184086550506,0.0007033267888312579
2022-05-05,0.0,-0.01094821050565188
2022-05-06,0.0,0.010852045980713074
2022-05-09,0.0,0.0007347515149852233
2022-05-10,0.0,0.0013436351941271075
2022-05-11,0.0,0.00012808530226906352
2022-05-12,0.0,0.0017532327755639414
2022-05-13,0.0,0.0028995968998737623
2022-05-16,0.0,-0.002745174347838391
2022-05-17,0.0,-0.0022656529588995305
2022-05-18,0.0,-0.008562541688117894
2022-05-19,0.0,0.002535237102741618
2022-05-20,0.0,-0.0056499002325469
2022-05-23,0.0,0.0011238448248447619
2022-05-24,0.0,-0.004936926111512591
2022-05-25,0.0,-0.00251128201502811
2022-05-26,0.0,0.0028914204050757403
2022-05-27,0.0,0.00015621183245397192
2022-05-31,0.0,-0.0010688414157818092
2022-06-01,0.0,0.002102040187621007
2022-06-02,0.0,0.0015547874308686018
2022-06-03,0.0,-0.0023182770156210336
2022-06-06,0.0,0.004112077822813902
2022-06-07,0.0,0.0007459772831207569
2022-06-08,0.0,0.000585439388832146
2022-06-09,0.0,0.0066490981719213565
2022-06-10,0.0,0.004736953003784224
2022-06-13,0.0,0.016047373193601392
2022-06-14,0.0,0.005893184539810451
2022-06-15,0.008,-8.056873921682601e-05
2022-06-16,0.0,-0.006799074600816127
2022-06-17,0.0,-0.006137612874677037
2022-06-21,0.0,-0.0031823999402481734
2022-06-22,0.0,0.0017298584958833313
2022-06-23,0.0,0.001591630923318651
2022-06-24,0.0,-0.0037198215622048533
2022-06-27,0.0,-0.0013526063733883804
2022-06-28,0.0,0.0036413751232655654
2022-06-29,0.0,0.003922538680353467
2022-06-30,0.0,0.006597904608645721
2022-07-01,0.0,-0.002245174911290462
2022-07-05,0.0,-0.0008307542989391941
2022-07-06,0.0,0.005343038143860868
2022-07-07,0.0,0.00130662480508691
2022-07-08,0.0,-0.0027061656764862316
2022-07-11,0.0,0.001777587785319054
2022-07-12,0.0,0.008387488878167421
2022-07-13,0.0,-0.0002677179310159928
2022-07-14,0.0,0.0027166593297814176
2022-07-15,0.0,-0.00047928823598178535
2022-07-18,0.0,-0.0036911248806442954
2022-07-19,0.0,-0.003822482717162994
2022-07-20,0.0,-0.005555923616227479
2022-07-21,0.0,0.0019423172914540057
2022-07-22,0.0,-0.0017373721275327947
2022-07-25,0.0,7.854313002349301e-05
2022-07-26,0.0,-0.0022322065118581184
2022-07-27,0.008,0.0006198050085330891
2022-07-28,0.0,-0.007985673428009318
2022-07-29,0.0,-0.0038129213978815462
2022-08-01,0.0,-0.0014567284617191707
2022-08-02,0.0,-0.0032769686473239075
2022-08-03,0.0,0.006831913346692385
2022-08-04,0.0,-0.002364286147088849
2022-08-05,0.0,-0.0017614275943553684
2022-08-08,0.0,0.003955852781264612
2022-08-09,0.0,-0.002583245458037926
2022-08-10,0.0,-0.000283594467899428
2022-08-11,0.0,-0.00786779043395872
2022-08-12,0.0,-0.004022374026048722
2022-08-15,0.0,0.004686522867520376
2022-08-16,0.0,0.004882106476736328
2022-08-17,0.0,0.0027860640801265664
2022-08-18,0.0,0.003910376298306832
2022-08-19,0.0,0.007994048901772667
2022-08-22,0.0,0.0071893917527037846
2022-08-23,0.0,0.0021894660749118247
2022-08-24,0.0,-0.003929542223002473
2022-08-25,0.0,-0.0003454126699213149
2022-08-26,0.0,0.0025519248813612805
2022-08-29,0.0,0.006267112711820724
2022-08-30,0.0,0.0013157392127054327
2022-08-31,0.0,0.0045377030764314425
2022-09-01,0.0,0.003218712847367318
2022-09-02,0.0,0.002936289873019109
2022-09-06,0.0,-0.0017040481624098866
2022-09-07,0.0,0.0025492070277137483
2022-09-08,0.0,-0.0011878502585792679
2022-09-09,0.0,-0.003471867826905669
2022-09-12,0.0,-0.009522447169019527
2022-09-13,0.0,0.0023677139096296962
2022-09-14,0.0,0.009778611471211618
2022-09-15,0.0,0.001518767943152041
2022-09-16,0.0,0.0018130990290051222
2022-09-19,0.0,-0.0023659797925293133
2022-09-20,0.0,0.0022762289486224904
2022-09-21,0.0031346275474977,0.0028147793374828783
2022-09-22,0.0,0.00736902102445982
2022-09-23,0.0,0.0020264220026027123
2022-09-26,0.0,0.016789960390729206
2022-09-27,0.0,0.003779779566182112
2022-09-28,0.0,-0.0030865330689962877
2022-09-29,0.0,-0.003823331443057535
2022-09-30,0.0,-0.007001040596506201
2022-10-03,0.0,-0.00587504298259902
2022-10-04,0.0,-0.009262633858766689
2022-10-05,0.0,-0.003281582674589787
2022-10-06,0.0,0.0037639755351394325
2022-10-07,0.0,0.011424174332340258
2022-10-10,0.0,0.006625791784299507
2022-10-11,0.0,0.0038915730666464845
2022-10-12,0.0,0.002265707126969649
2022-10-13,0.0,-0.0016602538561190671
2022-10-14,0.0,0.001344501458836413
2022-10-17,0.0,0.0009182648772857342
2022-10-18,0.0,-0.0057167321506548865
2022-10-19,0.0,0.0022333202442455335
2022-10-20,0.0,0.005183809825772462
2022-10-21,0.0,-0.005454311862158287
2022-10-24,0.0,-0.00746281528124214
2022-10-25,0.0,0.0001291495080372782
2022-10-26,0.0,-0.0057846562036776164
2022-10-27,0.0,-0.007798476663342223
2022-10-28,0.0,0.004091409799653449
2022-10-31,0.0,0.004061668633831394
2022-11-01,0.0,0.0012487792350674744
2022-11-02,0.0006626916357732,0.002516711912203031
2022-11-03,0.0,0.0037152132491640967
2022-11-04,0.0,-0.002716525762798919
2022-11-07,0.0,-0.008977146063416855
2022-11-08,0.0,-0.008511897504882893
2022-11-09,0.0,-0.0006037585728856312
2022-11-10,0.0,-0.0027292151766228415
2022-11-11,0.0,-0.01508111292695087
2022-11-14,0.0,-0.007429624514795556
2022-11-15,0.0,0.0013287970036321283
2022-11-16,0.0,-0.0034758226874214123
2022-11-17,0.0,0.0019875797863622637
2022-11-18,0.0,0.003584938301905717
2022-11-21,0.0,0.0010638548807040751
2022-11-22,0.0,0.003521009864178953
2022-11-23,0.0,-0.0053913262782336255
2022-11-25,0.0,-0.001214215980851817
2022-11-28,0.0,0.0056248755839101786
2022-11-29,0.0,0.0009039226060584781
2022-11-30,0.0,-0.005526744975186129
2022-12-01,0.0,-0.008897440721040676
2022-12-02,0.0,-0.00567767161807544
2022-12-05,0.0,0.003391025716797833
2022-12-06,0.0,0.005960954836873804
2022-12-07,0.0,-0.0005619047826420481
2022-12-08,0.0,-0.0035202527483920716
2022-12-09,0.0,-0.0021806512395530567
2022-12-12,0.0,0.0006598992072683261
2022-12-13,0.0,-0.002335816582664995
2022-12-14,-0.0011571159635428,-0.0049131800677885435
2022-12-15,0.0,0.0028932937727667203
2022-12-16,0.0,0.006907168137851592
2022-12-19,0.0,0.0017473360858252685
2022-12-20,0.0,-0.00459295597389664
2022-12-21,0.0,-0.005108471811044383
2022-12-22,0.0,0.004113947484165932
2022-12-23,0.0,0.00011931134828574745
2022-12-27,0.0,-0.0015673720858034753
2022-12-28,0.0,0.0037721469023899758
2022-12-29,0.0,-0.002109384484554624
2022-12-30,0.0,-0.002441993859330306
2023-01-03,0.0,0.0007457858307787677
2023-01-04,0.0,0.002635410199002509
2023-01-05,0.0,-0.001668523817457072
2023-01-06,0.0,0.002734801451828685
2023-01-09,0.0,-0.007904369080455715
2023-01-10,0.0,-0.002844437660654341
2023-01-11,0.0,-0.0003054778712149363
2023-01-12,0.0,-0.0014063325226734908
2023-01-13,0.0,-0.005511583362243491
2023-01-17,0.0,0.0005208951076871953
2023-01-18,0.0,-0.00037597699939679756
2023-01-19,0.0,8.97118188286112e-05
2023-01-20,0.0,-0.0012473961430304742
2023-01-23,0.0,-0.0025713430552920477
2023-01-24,0.0,0.0006452050195398497
2023-01-25,0.0,-0.0002959686176528164
2023-01-26,0.0,-0.002844995633785409
2023-01-27,0.0,8.164579773994032e-05
2023-01-30,0.0,0.0015210112693437895
2023-01-31,0.0,0.0012112215577399468
2023-02-01,-0.0014976472502125,0.000946768872044778
2023-02-02,0.0,-0.0065182917210462096
2023-02-03,0.0,-0.0019295266613053364
2023-02-06,0.0,0.004031186521631506
2023-02-07,0.0,6.752832251471165e-05
2023-02-08,0.0,0.0007093618288058674
2023-02-09,0.0,-0.0011322138790292992
2023-02-10,0.0,-0.0003379052336167721
2023-02-13,0.0,-0.0001724890511006686
2023-02-14,0.0,-0.00017805423021121223
2023-02-15,0.0,-0.0011129419483831575
2023-02-16,0.0,0.001991139864200904
2023-02-17,0.0,0.0012398058516151762
2023-02-21,0.0,0.0015576435799309056
2023-02-22,0.0,-0.0016436795080082482
2023-02-23,0.0,-0.0002802563870991002
2023-02-24,0.0,-0.0012395834568734473
2023-02-27,0.0,0.0012823834657104197
2023-02-28,0.0,-0.0003766625464626822
2023-03-01,0.0,0.0004676400852211137
2023-03-02,0.0,-0.002100166448542085
2023-03-03,0.0,-0.00022885805874569345
2023-03-06,0.0,-0.001112148482696605
2023-03-07,0.0,0.00426030473060216
2023-03-08,0.0,0.007167805903615785
2023-03-09,0.0,-0.0002800328971107386
2023-03-10,0.0,-0.003989636051569502
2023-03-13,0.0,-0.009545071562319095
2023-03-14,0.0,-0.003571956016437827
2023-03-15,0.0,0.00014963896457223787
2023-03-16,0.0,0.0015461956650446966
2023-03-17,0.0,-0.004803312421911292
2023-03-20,0.0,-0.004052248564859973
2023-03-21,0.0,-0.0008846988288400964
2023-03-22,-0.0002638919203954,-0.0006688898069209557
2023-03-23,0.0,-0.0048504216758789315
2023-03-24,0.0,0.001242599027359665
2023-03-27,0.0,0.0022288158233980267
2023-03-28,0.0,-0.00168717673306999
2023-03-29,0.0,-0.0020750025628485875
2023-03-30,0.0,-0.00048025187193025495
2023-03-31,0.0,-0.002246838843343218
2023-04-03,0.0,0.0038154979057202832
2023-04-04,0.0,-0.005454608102495863
2023-04-05,0.0,-0.001375621789924803
2023-04-06,0.0,0.0004098723214914306
2023-04-10,0.0,-0.00017068969651735239
2023-04-11,0.0,0.0027654418135748212
2023-04-12,0.0,-0.0010422193477004544
2023-04-13,0.0,-0.002936852959275146
2023-04-14,0.0,-0.0035129330086055626
2023-04-17,0.0,0.004430709593295182
2023-04-18,0.0,0.0015362159046095943
2023-04-19,0.0,-0.002574750789334646
2023-04-20,0.0,0.0021328245713927705
2023-04-21,0.0,-0.00213669582689982
2023-04-24,0.0,0.00041114441792106023
2023-04-25,0.0,0.0002572100134471836
2023-04-26,0.0,0.002610188403577711
2023-04-27,0.0,-0.0024940894411811143
2023-04-28,0.0,-0.0008154039384822644
2023-05-01,0.0,0.0020455744343254255
2023-05-02,0.0,0.0016359024808838825
2023-05-03,0.0003798183430505,-0.0007087697295886288
2023-05-04,0.0,0.0017214227180863094
2023-05-05,0.0,-0.002678945794784066
2023-05-08,0.0,0.0003720380579968628
2023-05-09,0.0,-0.0007201693059410048
2023-05-10,0.0,-7.792048106354756e-05
2023-05-11,0.0,-0.004119943709496019
2023-05-12,0.0,-0.0009598453003194395
2023-05-15,0.0,0.001266806181187133
2023-05-16,0.0,-0.0019739830034577028
2023-05-17,0.0,0.0010336291639800356
2023-05-18,0.0,-0.0005162094284074977
2023-05-19,0.0,0.0012697855262759612
2023-05-22,0.0,-0.0007995360362171253
2023-05-23,0.0,-0.00033908227372217214
2023-05-24,0.0,-0.0021425188848943908
2023-05-25,0.0,7.281098306726243e-05
2023-05-26,0.0,0.0028039213706907633
2023-05-30,0.0,-0.00012957886132074285
2023-05-31,0.0,0.0010371238725506826
2023-06-01,0.0,0.0019620546251634505
2023-06-02,0.0,-0.00409402518440666
2023-06-05,0.0,0.0029066877583647224
2023-06-06,0.0,-0.0008403963204456147
2023-06-07,0.0,-0.002385910706967207
2023-06-08,0.0,0.0037279290193012768
2023-06-09,0.0,-0.004017924631751488
2023-06-12,0.0,0.00027244738429155245
2023-06-13,0.0,-0.0005868661887509556
2023-06-14,-0.0007929943041471,-0.00023348170120756495
2023-06-15,0.0,-0.0004920310390358663
2023-06-16,0.0,-0.0033960369124201926
2023-06-20,0.0,-0.0022991970539612853
2023-06-21,0.0,-0.000566302530610155
2023-06-22,0.0,-0.0022864242402931873
2023-06-23,0.0,0.002239534378574645
2023-06-26,0.0,0.003183615255185125
2023-06-27,0.0,0.0006399241344995657
2023-06-28,0.0,-0.001195390764548577
2023-06-29,0.0,0.0030984483647985136
2023-06-30,0.0,0.0027116219043415604
2023-07-03,0.0,0.0007887910571094226
2023-07-05,0.0,-0.0006070126683680707
2023-07-06,0.0,-0.0015686918723527403
2023-07-07,0.0,0.0021840843590811934
2023-07-10,0.0,-5.4029033257404847e-05
2023-07-11,0.0,0.0008647299245819176
2023-07-12,0.0,0.0035263135302884383
2023-07-13,0.0,0.0011982443756264637
2023-07-14,0.0,0.000321334975056193
2023-07-17,0.0,0.001229948112260024
2023-07-18,0.0,0.0024993917928769786
2023-07-19,0.0,0.00014551599110950017
2023-07-20,0.0,-0.0017979535405448549
2023-07-21,0.0,-0.001961714470631791
2023-07-24,0.0,0.0015391264257909865
2023-07-25,0.0,-0.00018097288886595027
2023-07-26,-0.0033847017720983,0.00024858128279467255
2023-07-27,0.0,-0.002964392250103289
2023-07-28,0.0,-0.0011266150782264334
2023-07-31,0.0,0.004823529254734351
2023-08-01,0.0,-0.0022266201612914953
2023-08-02,0.0,-0.0006905807687133087
2023-08-03,0.0,-0.0005516197681946904
2023-08-04,0.0,-0.0007647602279795679
2023-08-07,0.0,-0.00036709994048102847
2023-08-08,0.0,-0.0007578664763518218
2023-08-09,0.0,-0.0008522691735438042
2023-08-10,0.0,0.0003445410763889051
2023-08-11,0.0,0.0008385743888677576
2023-08-14,0.0,-8.262192494717222e-05
2023-08-15,0.0,-0.0011998241815817281
2023-08-16,0.0,-0.0006353627229830853
2023-08-17,0.0,0.0010161119722411928
2023-08-18,0.0,4.4078570226359546e-05
2023-08-21,0.0,0.0013527432172888742
2023-08-22,0.0,0.0014539381851701519
2023-08-23,0.0,0.0020601873936825824
2023-08-24,0.0,-0.003113499781759849
2023-08-25,0.0,0.0008421194894530796
2023-08-28,0.0,0.0010391210606111394
2023-08-29,0.0,0.0034493574192947457
2023-08-30,0.0,-0.00011843175850817214
2023-08-31,0.0,0.0009885739256465028
2023-09-01,0.0,-0.002631355020199978
2023-09-05,0.0,-0.0015592534883454732
2023-09-06,0.0,-0.0010510853156784651
2023-09-07,0.0,-0.0012340420004467128
2023-09-08,0.0,-0.0007720380199979635
2023-09-11,0.0,0.0009510236872189204
2023-09-12,0.0,-0.0013193861019460925
2023-09-13,0.0,-0.00026015901719026526
2023-09-14,0.0,0.00022335186932743883
2023-09-15,0.0,-0.0017296993446114651
2023-09-18,0.0,0.0016703787829177735
2023-09-19,0.0,-0.0003007945368018766
2023-09-20,0.0019053332579059,-0.000901855877611641
2023-09-21,0.0,-0.0018267410440509048
2023-09-22,0.0,0.00016128205595586283
2023-09-25,0.0,-0.0016584290728197536
2023-09-26,0.0,-0.0029832804538611492
2023-09-27,0.0,-0.0020919238344884027
2023-09-28,0.0,0.00018462262309547624
2023-09-29,0.0,-0.0021886221586214067
2023-10-02,0.0,-0.003557986162485056
2023-10-03,0.0,-0.0022328226876680993
2023-10-04,0.0,0.0003884117259825434
2023-10-05,0.0,0.00029073618158929605
2023-10-06,0.0,0.0028077531877380977
2023-10-09,0.0,0.004594567187321892
2023-10-10,0.0,-0.0010770352414520453
2023-10-11,0.0,0.002527996965796337
2023-10-12,0.0,-0.00014129361565846243
2023-10-13,0.0,0.004628872563522562
2023-10-16,0.0,-0.000583027546531137
2023-10-17,0.0,0.0015350102475898762
2023-10-18,0.0,4.869563623215824e-05
2023-10-19,0.0,0.0005031337488771904
2023-10-20,0.0,0.0008379666917711838
2023-10-23,0.0,-0.0007864652864150393
2023-10-24,0.0,0.0024202201337129334
2023-10-25,0.0,-0.0035575997225047768
2023-10-26,0.0,-0.0007719280913599064
2023-10-27,0.0,0.0014736080464879903
2023-10-30,0.0,-9.345795891676753e-05
2023-10-31,0.0,-0.00061650064103217
2023-11-01,0.0027065012810376,0.0024319086628497933
2023-11-02,0.0,6.211756463870278e-05
2023-11-03,0.0,0.002657774658729573
2023-11-06,0.0,0.0008236496928483645
2023-11-07,0.0,-0.0006068603521369177
2023-11-08,0.0,-0.0007807919950777931
2023-11-09,0.0,0.0008657028325773625
2023-11-10,0.0,-0.0009582050573365503
2023-11-13,0.0,0.0013213262082343322
2023-11-14,0.0,0.005433202561742068
2023-11-15,0.0,0.003229457514868961
2023-11-16,0.0,0.0011060201170228236
2023-11-17,0.0,0.0003102550560966465
2023-11-20,0.0,-0.0002275885746469884
2023-11-21,0.0,0.0006090430506753979
2023-11-22,0.0,-0.00043422520537479773
2023-11-24,0.0,0.0027784201396762985
2023-11-27,0.0,0.002239718891124925
2023-11-28,0.0,0.0014526345562441046
2023-11-29,0.0,-0.0003450342946028118
2023-11-30,0.0,0.0005342654877881715
2023-12-01,0.0,0.0018260225394921999
2023-12-04,0.0,-0.007024831349903602
2023-12-05,0.0,-0.0010253348684350666
2023-12-06,0.0,-0.0007282302344336471
2023-12-07,0.0,-0.00031991840665435107
2023-12-08,0.0,-0.005662567820170084
2023-12-11,0.0,-0.001240516588393408
2023-12-12,0.0,0.0016225718436662176
2023-12-13,0.0019792556980602,0.006354733168319586
2023-12-14,0.0,-0.000297780661960872
2023-12-15,0.0,0.0006902425841601748
2023-12-18,0.0,-0.0019605656062077126
2023-12-19,0.0,0.002494737394853268
2023-12-20,0.0,0.0001752951171415771
2023-12-21,0.0,0.0006470412420259917
2023-12-22,0.0,-0.000740696410965349
2023-12-26,0.0,0.0016512140555996603
2023-12-27,0.0,0.0013338549765444835
2023-12-28,0.0,-0.0007481111064355521
2023-12-29,0.0,-0.00202410423855553
2024-01-02,0.0,-0.0008417492927360658
2024-01-03,0.0,-0.0031791859618727513
2024-01-04,0.0,0.000506153857390498
2024-01-05,0.0,0.0016207564303683832
2024-01-08,0.0,0.0014681472064907218
2024-01-09,0.0,0.00033276897753266966
2024-01-10,0.0,-0.0007673148106105201
2024-01-11,0.0,0.0035113989963295586
2024-01-12,0.0,-0.00017366911534984412
2024-01-16,0.0,-0.001174788978856792
2024-01-17,0.0,-0.002934858023954038
2024-01-18,0.0,0.00222551065106211
2024-01-19,0.0,0.0030674166340300115
2024-01-22,0.0,0.001432826615166208
2024-01-23,0.0,-0.0007607132179971545
2024-01-24,0.0,-0.0014423335844076215
2024-01-25,0.0,0.0002924696680275434
2024-01-26,0.0,-0.00043277001366573333
2024-01-29,0.0,0.0007194004230448477
2024-01-30,0.0,0.0002114693568903149
2024-01-31,-0.008,-0.0016848937170756313
2024-02-01,0.0,0.0025893685812550865
2024-02-02,0.0,0.00022509324673660683
2024-02-05,0.0,0.003446371696585967
2024-02-06,0.0,0.000900619271678915
2024-02-07,0.0,0.0002418363788965006
2024-02-08,0.0,-0.0005468476421852414
2024-02-09,0.0,0.0018081539207016044
2024-02-12,0.0,-0.0014217495960838658
2024-02-13,0.0,-0.0009651750681349267
2024-02-14,0.0,0.003980021292778012
2024-02-15,0.0,-0.0018823431345891344
2024-02-16,0.0,-0.002966332804672981
2024-02-20,0.0,0.0010869161197878468
2024-02-21,0.0,-0.0005575542546736567
2024-02-22,0.0,0.0032454646687404415
2024-02-23,0.0,0.0005065774998664808
2024-02-26,0.0,0.00048720267318456956
2024-02-27,0.0,0.00046427607880505196
2024-02-28,0.0,7.464761808446941e-06
2024-02-29,0.0,0.0015421327373893008
2024-03-01,0.0,0.0025452270210532435
2024-03-04,0.0,0.0042965987109636885
2024-03-05,0.0,0.0005889470281223517
2024-03-06,0.0,0.00256111501418789
2024-03-07,0.0,0.0012470891029890757
2024-03-08,0.0,-0.0002885446800647379
2024-03-11,0.0,-0.0003592668599590037
2024-03-12,0.0,-0.0013110862694822943
2024-03-13,0.0,0.00324003301479315
2024-03-14,0.0,-0.0006773015922943243
2024-03-15,0.0,-0.000816357589190266
2024-03-18,0.0,0.0015143510987390154
2024-03-19,0.0,0.00018447678703868305
2024-03-20,0.0016287005211814,0.00617626889471281
2024-03-21,0.0,-0.0006050257420273398
2024-03-22,0.0,-0.0034880422184434164
2024-03-25,0.0,-0.0010423626217368773
2024-03-26,0.0,0.00030091122138196696
2024-03-27,0.0,0.002152009090551612
2024-03-28,0.0,0.0016319496818417237
2024-04-01,0.0,0.0010863896696019205
2024-04-02,0.0,0.004327877890559074
2024-04-03,0.0,0.0025304248591496883
2024-04-04,0.0,-0.004183685673852232
2024-04-05,0.0,0.0037005045346605947
2024-04-08,0.0,0.0024013980226295895
2024-04-09,0.0,0.0007641015455736551
2024-04-10,0.0,-0.0031913341444013065
2024-04-11,0.0,0.00874347816993406
2024-04-12,0.0,-0.004068915540638005
2024-04-15,0.0,0.004107703810081195
2024-04-16,0.0,0.0006602633806744782
2024-04-17,0.0,-0.00045832796133218255
2024-04-18,0.0,-0.0014713260708768656
2024-04-19,0.0,0.0009534133854537699
2024-04-22,0.0,-0.005923732487281459
2024-04-23,0.0,0.0005320461537535145
2024-04-24,0.0,-0.0007315978423639647
2024-04-25,0.0,0.0011883404202183755
2024-04-26,0.0,0.0011432873963680204
2024-04-29,0.0,0.0029964582406871265
2024-04-30,0.0,-0.008047910546702005
2024-05-01,-0.0036604052171013,0.004465561541468678
2024-05-02,0.0,-0.002758264717400098
2024-05-03,0.0,-0.002868243965151444
2024-05-06,0.0,0.003525538530224787
2024-05-07,0.0,-0.00021139342776004466
2024-05-08,0.0,0.0004823005529291452
2024-05-09,0.0,0.005416826856843637
2024-05-10,0.0,-0.0004182600696984654
2024-05-13,0.0,-2.417810975400054e-05
2024-05-14,0.0,0.0025490354397777163
2024-05-15,0.0,0.004944573311748479
2024-05-16,0.0,-0.0047514434785834924
2024-05-17,0.0,0.007239534519939308
2024-05-20,0.0,0.0013631448071893648
2024-05-21,0.0,0.002352521824074199
2024-05-22,0.0,-0.004265185596641677
2024-05-23,0.0,-0.002094153189745264
2024-05-24,0.0,0.0018028778603948
2024-05-28,0.0,0.003720242754735783
2024-05-29,0.0,-0.001456855012460983
2024-05-30,0.0,-0.0007562859087171084
2024-05-31,0.0,-0.002043039485291272
2024-06-03,0.0,0.0027992807355199404
2024-06-04,0.0,-0.0006390285329004906
2024-06-05,0.0,0.00034794872187242685
2024-06-06,0.0,0.004287500732132228
2024-06-07,0.0,-0.007076378067001968
2024-06-10,0.0,-0.001955898572944679
2024-06-11,0.0,0.00032758576375297447
2024-06-12,0.007368417127475,0.0017100496931798327
2024-06-13,0.0,0.0016331859455595908
2024-06-14,0.0,6.99289428464891e-05
2024-06-17,0.0,-0.001748388165012183
2024-06-18,0.0,0.002599344099522565
2024-06-20,0.0,0.003885246609215521
2024-06-21,0.0,-0.005039514384137441
2024-06-24,0.0,-0.00027618301509542995
2024-06-25,0.0,0.0007684950715377681
2024-06-26,0.0,-0.0017636404003840355
2024-06-27,0.0,0.0010696466698053742
2024-06-28,0.0,0.0009616779163202386
2024-07-01,0.0,0.0013318053949220835
2024-07-02,0.0,0.0011756555155929256
2024-07-03,0.0,0.004248187575102114
2024-07-05,0.0,0.0031707341381466705
2024-07-08,0.0,-0.0015204291866092302
2024-07-09,0.0,0.0004893950486541435
2024-07-10,0.0,0.0020620878950439263
2024-07-11,0.0,0.002964291659633632
2024-07-12,0.0,-0.0030468910648969116
2024-07-15,0.0,0.0011895179165304737
2024-07-16,0.0,0.0032778293318205427
2024-07-17,0.0,-0.004348044829216318
2024-07-18,0.0,-0.00568907995511197
2024-07-19,0.0,-0.0028431057364974944
2024-07-22,0.0,0.001059615284080002
2024-07-23,0.0,-0.0014196676831991844
2024-07-24,0.0,-0.0053143725252372065
2024-07-25,0.0,-0.006999532032373984
2024-07-26,0.0,0.0007673090603330082
2024-07-29,0.0,0.000758566059126645
2024-07-30,0.0,0.0013667663679919223
2024-07-31,0.008,0.0032921262082997783
2024-08-01,0.0,-0.006290476706627091
2024-08-02,0.0,0.0012879075047095485
2024-08-05,0.0,-0.014680589985736575
2024-08-06,0.0,-0.001281356256043966
2024-08-07,0.0,-0.00023115850034001248
2024-08-08,0.0,0.0073206404228896346
2024-08-09,0.0,-0.000469776064320043
2024-08-12,0.0,0.0027065734091329457
2024-08-13,0.0,0.00040957998283229155
2024-08-14,0.0,-0.005394600795446426
2024-08-15,0.0,0.005438144463970176
2024-08-16,0.0,0.0057453096460563504
2024-08-19,0.0,-0.0037389251135720486
2024-08-20,0.0,-0.00468715683649031
2024-08-21,0.0,-0.0029477922867975773
2024-08-22,0.0,-0.005126198770253794
2024-08-23,0.0,0.0069277481710979995
2024-08-26,0.0,-0.007520006890883249
2024-08-27,0.0,0.0022872803860571156
2024-08-28,0.0,-0.004998891685359961
2024-08-29,0.0,0.00359583439150464
2024-08-30,0.0,0.001190897653092878
2024-09-03,0.0,-0.0033607759933108323
2024-09-04,0.0,-0.0012853701671361431
2024-09-05,0.0,0.004833453975220538
2024-09-06,0.0,-0.002317076114609553
2024-09-09,0.0,0.00037340456025673763
2024-09-10,0.0,-0.0020129671914557935
2024-09-11,0.0,0.0019911809837356515
2024-09-12,0.0,0.004144999166816805
2024-09-13,0.0,0.008252096591757782
2024-09-16,0.0,0.000973451269749665
2024-09-17,0.0,0.0023408857542518433
2024-09-18,0.00203280902375,-0.004189551142307496
2024-09-19,0.0,0.004715191001625813
2024-09-20,0.0,0.004928221446921532
2024-09-23,0.0,-0.0008766350264892855
2024-09-24,0.0,0.004597802618673474
2024-09-25,0.0,0.004461286882080614
2024-09-26,0.0,-0.005544955687239078
2024-09-27,0.0,0.002318435966735269
2024-09-30,0.0,0.0011725684138250666
2024-10-01,0.0,-0.0015303924379717992
2024-10-02,0.0,-0.003350928035080441
2024-10-03,0.0,-0.002975178093903586
2024-10-04,0.0,-0.0025782666333151348
2024-10-07,0.0,-0.006539107286217407
2024-10-08,0.0,-0.002205282647366078
2024-10-09,0.0,-0.00022825648488310072
2024-10-10,0.0,-0.0012428869750863987
2024-10-11,0.0,0.003141523686357453
2024-10-14,0.0,-0.0008797253265739157
2024-10-15,0.0,-0.0007612895106526566
2024-10-16,0.0,0.00020820027368848807
2024-10-17,0.0,-0.0020441373798993404
2024-10-18,0.0,0.004376013610209245
2024-10-21,0.0,0.0024804098521351396
2024-10-22,0.0,-0.0024286492418007437
2024-10-23,0.0,-0.0038997529714226748
2024-10-24,0.0,-0.0032895428396122047
2024-10-25,0.0,0.0029816736753246324
2024-10-28,0.0,-0.002258836019190334
2024-10-29,0.0,0.002268365984277755
2024-10-30,0.0,-0.0004956091309442146
2024-10-31,0.0,-0.005041844542961383
2024-11-01,0.0,-0.0018170115991839983
2024-11-04,0.0,0.0014135899334185773
2024-11-05,0.0,0.0016302387694674075
2024-11-06,0.0,0.0014430230408784635
2024-11-07,0.0051976666311717,-0.002935431879160801
2024-11-08,0.0,0.0037886283447633056
2024-11-11,0.0,-0.008642430983470523
2024-11-12,0.0,-0.0026223322799370117
2024-11-13,0.0,-0.005364162843729889
2024-11-14,0.0,-0.0027323502054012387
2024-11-15,0.0,-0.0035981562377505713
2024-11-18,0.0,0.001524652993587101
2024-11-19,0.0,0.005136052841637976
2024-11-20,0.0,0.0015465221148976936
2024-11-21,0.0,-0.0009495257556874099
2024-11-22,0.0,-0.0017716099506037595
2024-11-25,0.0,-0.002810410997296506
2024-11-26,0.0,-0.0025955030506041414
2024-11-27,0.0,0.0001880715108524625
2024-11-29,0.0,0.002853320394226757
2024-12-02,0.0,-0.0014050174176577566
2024-12-03,0.0,0.0016294031888086796
2024-12-04,0.0,0.0013533425189014045
2024-12-05,0.0,0.0017929902314262627
2024-12-06,0.0,-0.0016248390917546845
2024-12-09,0.0,0.002945875947286358
2024-12-10,0.0,0.0014210595817868046
2024-12-11,0.0,0.004926503588617605
2024-12-12,0.0,-0.0027802306540055375
2024-12-13,0.0,-0.002172066123641297
2024-12-16,0.0,0.00011777610232954033
2024-12-17,0.0,0.0004636455316406695
2024-12-18,-0.0013195328762712,-0.005587354816969781
2024-12-19,0.0,0.004890460020334019
2024-12-20,0.0,0.0034747590291347645
2024-12-23,0.0,-0.0014048081353642248
2024-12-24,0.0,0.002322055605400455
2024-12-26,0.0,0.0009334414011952359
2024-12-27,0.0,-0.002194022265999448
2024-12-30,0.0,-0.0014219943725337187
2024-12-31,0.0,-0.0006633021834482862
2025-01-02,0.0,0.005225810418303415
2025-01-03,0.0,0.004770892362913092
2025-01-06,0.0,-0.0011684195439765237
2025-01-07,0.0,-0.004330572315462333
2025-01-08,0.0,0.002907656019311947
2025-01-10,0.0,0.0015094392228542398
2025-01-13,0.0,0.001940430115547977
2025-01-14,0.0,-0.0014295191366178197
2025-01-15,0.0,0.004090730868669529
2025-01-16,0.0,-0.002500262386885982
2025-01-17,0.0,-0.0002593103999045347
2025-01-21,0.0,-0.006428137690770161
2025-01-22,0.0,0.0023950158411136712
2025-01-23,0.0,0.0005801103019827473
2025-01-24,0.0,-0.000858578852418953
2025-01-27,0.0,-0.007131662206889281
2025-01-28,0.0,0.002595334608586681
2025-01-29,0.0001245522517088,0.0013052857351773396
2025-01-30,0.0,0.0031177118613660184
2025-01-31,0.0,0.00015331208014602815
2025-02-03,0.0,0.008737995050284107
2025-02-04,0.0,-0.003794313404065014
2025-02-05,0.0,-0.0025225448652593653
2025-02-06,0.0,-0.003185424327146352
2025-02-07,0.0,-0.001082771078703172
2025-02-10,0.0,0.006303793765348912
2025-02-11,0.0,-0.0002125728906832339
2025-02-12,0.0,-0.002586652059603701
2025-02-13,0.0,0.003468704305915997
2025-02-14,0.0,-0.0072241609317855145
2025-02-18,0.0,0.0017641319714063097
2025-02-19,0.0,0.001433844797523361
2025-02-20,0.0,0.0008038869599453129
2025-02-21,0.0,-0.009134931201129997
2025-02-24,0.0,0.0015546170487829864
2025-02-25,0.0,-0.0006240301362571823
2025-02-26,0.0,-0.003120955121705318
2025-02-27,0.0,-0.0025455953989975996
2025-02-28,0.0,0.007683786627100034
2025-03-03,0.0,-0.0008768960104112505
2025-03-04,0.0,-0.00176498606052408
2025-03-05,0.0,-0.0037246378738730016
2025-03-06,0.0,-0.008584027125084657
2025-03-07,0.0,0.0016364126182972292
2025-03-10,0.0,-0.005591965481031386
2025-03-11,0.0,0.003995644727176097
2025-03-12,0.0,-0.0025434315081142166
2025-03-13,0.0,0.00015718323079858508
2025-03-14,0.0,0.004345351602965124
2025-03-17,0.0,-0.0001631922461697997
2025-03-18,0.0,-0.0038634166558677826
2025-03-19,0.0044312992257014,0.0012539846300173088
2025-03-20,0.0,0.0003724154358270675
2025-03-21,0.0,0.0017911094375485557
2025-03-24,0.0,0.0020228219521541474
2025-03-25,0.0,0.0013690177738037471
2025-03-26,0.0,-0.0013169123114948535
2025-03-27,0.0,0.004226758813047358
2025-03-28,0.0,-0.0051635335048798355
2025-03-31,0.0,0.0034065954154625577
2025-04-01,0.0,-2.6990039581930046e-06
2025-04-02,0.0,-0.0004980722874823193
2025-04-03,0.0,-0.001958232256514069
2025-04-04,0.0,-0.007872762991316984
2025-04-07,0.0,0.003346402093215197
2025-04-08,0.0,-0.007640998038217511
2025-04-09,0.0,0.020803592617180514
2025-04-10,0.0,-0.008144914619499883
2025-04-11,0.0,0.014479005910949331
2025-04-14,0.0,0.0018555563956560528
2025-04-15,0.0,0.0015429818765584462
2025-04-16,0.0,0.0008492897506092738
2025-04-17,0.0,0.001642252466554643
2025-04-22,0.0,0.00505430964108807
2025-04-23,0.0,-0.00406548437746544
2025-04-24,0.0,0.002714975482172317
2025-04-25,0.0,0.00010292423686867983
2025-04-28,0.0,8.181922726613017e-05
2025-04-29,0.0,0.0030740511229806386
2025-04-30,0.0,-0.000812266513771309
2025-05-01,0.0,-0.00506096115230958
2025-05-02,0.0,-0.0018405209145595286
2025-05-05,0.0,0.0024325655272375716
2025-05-06,0.0,0.003657028873253643
2025-05-07,0.0003244514338107,-0.0011458784752186352
2025-05-08,0.0,-0.001944536669509347
2025-05-09,0.0,-0.00211503328092053
2025-05-12,0.0,0.00014496717584383905
2025-05-13,0.0,-0.0036120259853741244
2025-05-14,0.0,-0.0009066747543638654
2025-05-15,0.0,0.0032992278980303715
2025-05-16,0.0,0.0010912441908220228
2025-05-19,0.0,0.001448164995931219
2025-05-20,0.0,0.0033844526570116257
2025-05-21,0.0,0.0026521555957972945
2025-05-22,0.0,-0.000129870951888661
2025-05-23,0.0,0.001646728721907553
2025-05-27,0.0,0.0009672169228265302
2025-05-28,0.0,-0.0032171551941207245
2025-05-29,0.0,-0.0024104608565619985
2025-05-30,0.0,0.003437697550182351
2025-06-02,0.0,0.0044163309191588675
2025-06-03,0.0,0.002305032363813474
2025-06-04,0.0,-0.0016318734380131486
2025-06-05,0.0,0.0023859491892246516
2025-06-06,0.0,-0.0002081139417980145
2025-06-09,0.0,-0.0005316444693387949
2025-06-10,0.0,0.0005161009650200362
2025-06-11,0.0,-0.0011594869868951617
2025-06-12,0.0,0.004261278761370721
2025-06-13,0.0,0.0028429726277875165
2025-06-16,0.0,-0.0022313560093579162
2025-06-17,0.0,-0.00019368220472077978
2025-06-18,0.000876438347295,-0.003999233220344221
2025-06-20,0.0,0.00048806807875508804
2025-06-23,0.0,0.0005459235969087673
2025-06-24,0.0,0.0016257272574525339
2025-06-25,0.0,0.0025280553987674335
2025-06-26,0.0,0.002612851717797778
2025-06-27,0.0,-0.0019051340298108994
2025-06-30,0.0,0.0024603443985430316
2025-07-01,0.0,0.001363558087113965
2025-07-02,0.0,0.0023230126660031707
2025-07-03,0.0,-0.001073551959637806
2025-07-07,0.0,2.776191824249472e-06
2025-07-08,0.0,-0.002490120931530009
2025-07-09,0.0,-0.001603734808675821
2025-07-10,0.0,0.0021821113250968505
2025-07-11,0.0,0.0005547323078470857
2025-07-14,0.0,-0.002815469771277613
2025-07-15,0.0,-0.002100860174066022
2025-07-16,0.0,-0.0008515439741691494
2025-07-17,0.0,0.001834857458573971
2025-07-18,0.0,0.00023394126069201828
2025-07-21,0.0,0.002198970738450167
2025-07-22,0.0,0.003867001718040785
2025-07-23,0.0,0.0006850553106593684
2025-07-24,0.0,-3.256081815029942e-05
2025-07-25,0.0,-0.0033224375750967677
2025-07-28,0.0,-0.0017500794065123005
2025-07-29,0.0,-0.0030361286582772573
2025-07-30,0.0009054488702304,-0.003713563255441855
2025-07-31,0.0,-0.0025533432955999447
2025-08-01,0.0,-0.0008587783179459796
2025-08-04,0.0,0.007961294750263363
2025-08-05,0.0,0.0007371884329944283
2025-08-06,0.0,-0.00034164601346440556
2025-08-07,0.0,0.0030958322412668244
2025-08-08,0.0,0.0020190391951861275
2025-08-11,0.0,-0.003481070541225318
2025-08-12,0.0,0.0001226945248784861
2025-08-13,0.0,0.0032295252570300986
2025-08-14,0.0,0.0005109392388706682
2025-08-15,0.0,-0.0012081247078143298
2025-08-18,0.0,0.0011754978278689068
2025-08-19,0.0,-0.0033141806584754676
2025-08-20,0.0,0.0018046029395259837
2025-08-21,0.0,0.00031405513809062594
2025-08-22,0.0,0.0011009187662783585
2025-08-25,0.0,0.0015573873700083431
2025-08-26,0.0,-0.001708069959188229
2025-08-27,0.0,0.0009660738640956602
2025-08-28,0.0,0.001944039090567883
2025-08-29,0.0,0.002014370630798953
2025-09-02,0.0,0.0035406420246732384
2025-09-03,0.0,0.00010564109811589123
2025-09-04,0.0,-0.0002734819285829419
2025-09-05,0.0,0.002118746699163428
2025-09-08,0.0,0.002349145569331655
2025-09-09,0.0,-0.0006817892737641799
2025-09-10,0.0,-0.00024198066027048232
2025-09-11,0.0,0.0004885503774614936
2025-09-12,0.0,0.000891265277456168
2025-09-15,0.0,0.002209357761990519
2025-09-16,0.0,0.00031712266421388905
2025-09-17,0.0001617534012379,-0.0009108823025163317
2025-09-18,0.0,0.0005134702184351581
2025-09-19,0.0,0.002952069050957071
2025-09-22,0.0,0.0018771432223425523
2025-09-23,0.0,0.0008318405660378798
2025-09-24,0.0,-0.0008718345182570433
2025-09-25,0.0,0.0010096613216729778
2025-09-26,0.0,0.001285825158286728
2025-09-29,0.0,0.0032871703992023165
2025-09-30,0.0,0.00021589521212645398
2025-10-01,0.0,4.310193063826598e-05
2025-10-02,0.0,-0.0011461627451564895
2025-10-03,0.0,0.0016989613994559834
2025-10-06,0.0,0.004539632041110296
2025-10-07,0.0,0.00023191851376218108
2025-10-08,0.0,0.00385884082383972
2025-10-09,0.0,-0.0016359657986986075
2025-10-10,0.0,-0.0018609240356644008
2025-10-13,0.0,0.0066150164044253956
2025-10-14,0.0,-0.0004987741487070124
2025-10-15,0.0,0.003574950237011598
2025-10-16,0.0,0.0030523864053507922
2025-10-17,0.0,-0.002372292288586996
2025-10-20,0.0,0.0040061386375082565
2025-10-21,0.0,-0.010434521401136734
2025-10-22,0.0,9.563643899196934e-05
2025-10-23,0.0,0.001146544968162817
2025-10-24,0.0,-8.689464530412616e-06
2025-10-27,0.0,-0.0031363956963838114
2025-10-28,0.0,-0.0003160014422438857
2025-10-29,0.0048718071925673,-0.0018175038684528425
2025-10-30,0.0,0.0012716196792081648
2025-10-31,0.0,-0.00010294689235440331
2025-11-03,0.0,-0.00046981081180506927
2025-11-04,0.0,-0.0033309195411877317
2025-11-05,0.0,0.0006048455891458261
2025-11-06,0.0,-0.0004013824616777019
2025-11-07,0.0,0.002500502908191027
2025-11-10,0.0,0.005643022088838289
2025-11-11,0.0,0.0014385846579728445
2025-11-12,0.0,0.0034598780436055775
2025-11-13,0.0,-0.0025789686885809597
2025-11-14,0.0,-0.0018657465775629475
2025-11-17,0.0,-0.0023046167657997476
2025-11-18,0.0,0.0016801468600096548
2025-11-19,0.0,0.0004325275988706734
2025-11-20,0.0,-0.0019596416130953334
2025-11-21,0.0,0.0015184508108047998
2025-11-24,0.0,0.0025809932512063545
2025-11-25,0.0,0.0011874084735881056
2025-11-26,0.0,0.003643939121154731
2025-11-28,0.0,0.003975318058672095
2025-12-01,0.0,0.001158800102173715
2025-12-02,0.0,-0.0006717163330988549
2025-12-03,0.0,0.0014485998121290791
2025-12-04,0.0,0.0014687707311034112
2025-12-05,0.0,0.0003404635172248309
2025-12-08,0.0,0.000185140828764659
2025-12-09,0.0,0.0027318555269901503
2025-12-10,-0.0017853254204017,0.002201100200282125
2025-12-11,0.0,0.004225402076847256
2025-12-12,0.0,-0.001341435947695475
2025-12-15,0.0,0.0011225337272631108
2025-12-16,0.0,-0.0009638759426063831
2025-12-17,0.0,0.0019442787629681579
2025-12-18,0.0,-0.001106550136204455
2025-12-19,0.0,0.0021922060125649507
2025-12-22,0.0,0.004764707798343559
2025-12-23,0.0,0.005450250243013331
2025-12-24,0.0,0.0015273638927126981
2025-12-26,0.0,0.004635900012690747
2025-12-29,0.0,-0.006469255108481211
2025-12-30,0.0,0.0013480400789255523
2025-12-31,0.0,-0.004511128578458336
2026-01-02,0.0,0.0005541324748766383
2026-01-05,0.0,0.0026007856698763176
2026-01-06,0.0,0.0057851196097807225
2026-01-07,0.0,-0.00250746506681618
2026-01-08,0.0,-0.0012842899247940238
2026-01-09,0.0,0.000993724167788591
2026-01-12,0.0,0.00086263941983474
2026-01-13,0.0,0.0026242350805921696
2026-01-14,0.0,0.00015144589562368928
2026-01-15,0.0,0.0002837744993463855
2026-01-16,0.0,-0.0024402662394139595
2026-01-20,0.0,0.0032002162755738845
2026-01-21,0.0,0.0035660119847025933
2026-01-22,0.0,0.0019392500288318072
2026-01-23,0.0,0.007271228037272293
2026-01-26,0.0,0.011698973223668993
2026-01-27,0.0,0.004344415196788067
2026-01-28,0.0066762614719948,0.011666631484943586
2026-01-29,0.0,-0.0002487818160481496
2026-01-30,0.0,-0.01671539697721899
2026-02-02,0.0,-0.010767725367312405
2026-02-03,0.0,0.004025192788583056
2026-02-04,0.0,0.002049779676882273
2026-02-05,0.0,-0.009350751316997008
2026-02-06,0.0,0.001012461381797132
2026-02-09,0.0,0.008203259662281708
2026-02-10,0.0,0.0026374078973804694
2026-02-11,0.0,0.002215710035450697
2026-02-12,0.0,-0.004529409903880329
2026-02-13,0.0,0.001831228876028318
2026-02-17,0.0,-0.004361601454811036
2026-02-18,0.0,0.002971532487261737
2026-02-19,0.0,-0.003926053251706161
2026-02-20,0.0,0.0028294914664164952
2026-02-23,0.0,0.006256010393478448
2026-02-24,0.0,-0.0032780213036700642
2026-02-25,0.0,-0.0006416538989741596
2026-02-26,0.0,0.0026933796525859923
2026-02-27,0.0,0.0007002277152021458
2026-03-02,0.0,-0.0023677564738344994
2026-03-03,0.0,-0.00466234284374141
2026-03-04,0.0,-0.0018857459973683221
2026-03-05,0.0,-0.0008353562146454877
2026-03-06,0.0,-0.0009358409577373625
2026-03-09,0.0,-0.0010334586177665815
2026-03-10,0.0,0.006083716851901964
2026-03-11,0.0,0.0001442990079894856
2026-03-12,0.0,-0.00330326815381277
2026-03-13,0.0,-0.004128260316682192
2026-03-16,0.0,-0.003200174969321111
2026-03-17,0.0,0.002458173654187644
2026-03-18,-0.0024928936774758,-0.0018620220314009071
2026-03-19,0.0,-0.007001655537842061
2026-03-20,0.0,-0.000683567077504871
2026-03-23,0.0,-0.002056301697083614
2026-03-24,0.0,0.0014146142872534242
2026-03-25,0.0,0.0030263821701991926
2026-03-26,0.0,-0.007263934816331782
2026-03-27,0.0,0.00010202389394337438
2026-03-30,0.0,-0.0026865069918789656
2026-03-31,0.0,0.004078319318809233
2026-04-01,0.0,0.004835976938631561
2026-04-02,0.0,-0.0004290545804325341
2026-04-06,0.0,-0.0012202600407402607
2026-04-07,0.0,0.0023340535127922236
2026-04-08,0.0,0.01038268628540959
2026-04-09,0.0,-0.0003006321497442532
2026-04-10,0.0,0.0024750293854468833
2026-04-13,0.0,-0.0012120863385777767
2026-04-14,0.0,0.008065340875793189
2026-04-15,0.0,0.0015922292352332286
2026-04-16,0.0,0.001117463784328993
2026-04-17,0.0,0.0013393574324633876
2026-04-20,0.0,-0.002944247266506537
2026-04-21,0.0,-0.0012847334032860382
2026-04-22,0.0,0.0013183552514206675
2026-04-23,0.0,-0.0020902937551514704
2026-04-24,0.0,-0.00022470526796815885
2026-04-27,0.0,0.0007797299464934163
2026-04-28,0.0,-0.0006571083855095826
2026-04-29,0.0011528260311746,-0.0012438914733981213
2026-04-30,0.0,0.0005731293264988412
2026-05-01,0.0,0.0015447628996021184
2026-05-04,0.0,-0.002540465618507221
2026-05-05,0.0,-0.0006954552463177821
2026-05-06,0.0,0.007124488165467083
2026-05-07,0.0,0.0005923602463849039
2026-05-08,0.0,0.0005853334135438842
2026-05-11,0.0,0.00398169550597438
2026-05-12,0.0,0.0007695520467251399
2026-05-13,0.0,-0.0009462847353180325
2026-05-14,0.0,-0.0005842096662640025
2026-05-15,0.0,-0.00807280448137943
2026-05-18,0.0,-0.003209540087776429
2026-05-19,0.0,0.0010115363988406742
2026-05-20,0.0,-0.0001877797073450863
2026-05-21,0.0,0.0022090852096530163
2026-05-22,0.0,-0.0003233508979240391
2026-05-26,0.0,0.0017195116339583402
2026-05-27,0.0,-0.0018051544766068113
2026-05-28,0.0,2.7787810881760772e-05
2026-05-29,0.0,0.002294154311737581
2026-06-01,0.0,-0.00035595127658072324
2026-06-02,0.0,-8.854519423959218e-05
2026-06-03,0.0,-0.0015551623363574333
2026-06-04,0.0,0.000383600079115553
2026-06-05,0.0,-0.0069109750582144825
2026-06-08,0.0,-0.0016364327011591314
2026-06-09,0.0,-0.002305367242348893
2026-06-10,0.0,-0.005322342479477786
2026-06-11,0.0,0.00464995528798718
2026-06-12,0.0,0.0016979834953549085
2026-06-15,0.0,0.004782832123785457
2026-06-16,0.0,6.416593661633049e-06
2026-06-17,0.0060871400810353,-0.0035787942485052747
2026-06-18,0.0,-0.0003383767674749049
2026-06-22,0.0,-0.0010641316648142714
2026-06-23,0.0,-0.00540977566988545
2026-06-24,0.0,-0.005422100684574905
2026-06-25,0.0,0.0007876636977337059
2026-06-26,0.0,1.0900144871227801e-05
2026-06-29,0.0,0.0012071992196166644
2026-06-30,0.0,0.0008957043090733407
2026-07-01,0.0,0.002001674620718849
2026-07-02,0.0,0.001162194349528171
2026-07-06,0.0,0.001981629682456355
2026-07-07,0.0,-0.001460843691613784
2026-07-08,0.0,-0.00039219467462101807
2026-07-09,0.0,0.00147050901551724
2026-07-10,0.0,-0.00029589923768784165
2026-07-13,0.0,-0.0025772107275559867
2026-07-14,0.0,0.0026485338666782715
2026-07-15,0.0,-0.0004071490321004312
2026-07-16,0.0,-0.0050331203556189434
2026-07-17,0.0,0.0011797530659287407
2026-07-20,0.0,0.00032245302447781593
2026-07-21,0.0,0.003834825489817847
2026-07-22,0.0,0.002761740908770423
2026-07-23,0.0,-0.003727236151544623
2026-07-24,0.0,0.002432633205893572
2026-07-27,0.0,-2.9325032197409853e-05
2026-07-28,0.0,0.0005119250348709148
2026-07-29,0.0002842119526354,-0.0019782584941978798
2026-07-30,0.0,-0.0003933725321975094
2026-07-31,0.0,-0.00508205812459399
2026-08-03,0.0,1.2895930470018986e-05
2026-08-04,0.0,-8.649416669661852e-05
2026-08-05,0.0,0.0051325768407864
2026-08-06,0.0,0.0007076364201707216
2026-08-07,0.0,0.0019764369847716716
2026-08-10,0.0,0.0025954134918669785
2026-08-11,0.0,0.0005363630330094418
2026-08-12,0.0,0.0012376679834492574
2026-08-13,0.0,-0.0007342492660266376
2026-08-14,0.0,0.0003401345879447027
2026-08-17,0.0,0.0023923840774831007
2026-08-18,0.0,-0.001506839245969485
2026-08-19,0.0,0.002537300992129301
2026-08-20,0.0,0.0024097716941399445
2026-08-21,0.0,0.003404474810870727
2026-08-24,0.0,0.0011715235209824371
2026-08-25,0.0,-6.702324631679026e-05
2026-08-26,0.0,-0.0004263402385998344
2026-08-27,0.0,0.0005425600426238081
2026-08-28,0.0,-0.0024740692677169248
