fecha,tod,dir,bp,pos
2011-09-19,580,-1,-3.7010708673897326,0.10638297872340151
2011-09-19,665,1,48.97198830871292,0.9950138504155045
2011-09-20,575,-1,-61.62228698486553,-0.35608308605337
2011-09-20,655,1,1.4895554820730355,0.8959107806691555
2011-09-21,575,1,-72.4840491380126,0.9934210526315354
2011-09-21,655,-1,-55.53841222278381,-0.0003987240829433137
2011-09-22,580,1,-8.636673108168447,1.039502560351131
2011-09-22,725,-1,-28.901367882665106,0.1131778883940308
2012-01-19,685,1,-10.915419205165966,0.8785425101215582
2012-01-19,770,-1,-3.4712279178701784,0.19815668202767248
2012-01-20,580,-1,-12.575858891667613,0.18251533742332177
2012-01-20,665,-1,-7.885891972820458,0.1978527607361913
2012-01-23,575,1,37.67876442812219,0.8579234972677588
2012-01-23,675,-1,38.02053468919304,0.12098501070665087
2012-01-24,575,-1,-41.04220447928868,0.17752596789425534
2012-01-24,655,1,-7.002771523598339,0.8913301662707862
2012-01-25,575,-1,16.786689908841314,-0.026470588235269335
2012-01-25,685,1,5.7136652645998875,0.8103879849812142
2012-01-26,590,1,-42.92962317621844,0.8542116630669679
2012-01-26,670,-1,16.37647880801714,0.16682509505704488
2012-01-27,575,1,0.21087852476937596,0.9929701230228536
2012-01-27,680,1,-16.61707304185871,0.8325434439178582
2012-01-30,580,1,36.03293307651341,0.8574999999999591
2012-01-30,660,1,35.066347782435734,0.9758539458186187
2012-01-31,575,1,-62.62936079711583,0.9707467282524931
2012-01-31,655,-1,10.492980530831097,0.053547523427052934
2012-02-01,575,1,5.92559488795259,0.8311611374407648
2012-02-01,655,1,24.64287888426493,0.935426540284352
2012-02-02,575,1,24.835733799060524,0.8715789473684421
2012-02-02,655,1,-27.089360614013945,0.9819518716577552
2012-02-03,575,1,40.92756866734422,0.8962673611111165
2012-02-03,655,1,6.9607686858667694,0.9536667689475234
2012-02-06,575,-1,-6.5621153150448475,0.059382422802849846
2012-02-06,680,1,9.828800019029815,0.8088097469540816
2012-02-07,575,-1,-20.512343504545825,-0.07515337423309557
2012-02-07,655,1,26.502352373341378,0.9853281853281809
2012-02-08,575,1,-7.889514679449583,0.8992537313432928
2012-02-08,665,-1,-6.052866556771219,0.0014903129657214383
2012-02-09,590,-1,-30.164592700214364,0.08201058201060663
2012-02-09,670,1,32.16347333278509,0.8689258312020625
2012-02-10,575,-1,-5.902690422567458,0.14558058925477202
2012-02-10,840,-1,8.055345941631442,0.17246773562768497
2012-02-13,575,-1,29.59313551124816,-0.0073891625615129025
2012-02-13,725,1,-7.764631067054983,0.8253638253638301
2012-02-14,590,1,-31.47779184110648,0.8193146417445645
2012-02-14,745,-1,-9.73750590919491,0.159322033898318
2012-02-15,575,1,45.42703292198565,0.9255691768826705
2012-02-15,655,1,11.043366892838202,0.8931737588652364
2012-02-16,580,-1,-23.50916141161856,0.19559228650138155
2012-02-16,700,1,56.40799132868897,0.9592727272727313
2012-02-17,580,-1,5.865300676420171,0.19169719169721042
2012-02-17,660,-1,12.376237746426888,0.030965391621142528
2012-02-21,580,1,31.2696469606792,0.813953488372133
2012-02-21,660,1,0.023273908243260144,0.985359643539146
2012-02-22,575,-1,-2.025582016417937,0.1863354037267144
2012-02-22,695,-1,12.691337252988388,0.11401425178147602
2012-02-23,585,-1,-80.91561108237238,0.034849951597258
2012-02-23,665,1,-2.4839282819962167,0.9384410983171002
2012-02-24,575,1,-11.538979899901758,0.8557114228456861
2012-02-24,670,1,7.624480424488889,0.8743169398907421
2012-02-27,575,-1,-57.61354569351966,0.03134796238255865
2012-02-27,655,1,32.00164199068474,0.8882187374346517
2012-02-28,580,1,41.16406295407145,0.850551654964868
2012-02-28,660,1,4.777343033238024,0.8584260051325922
2012-02-29,575,1,-46.13528854533659,0.8798751950078004
2012-02-29,655,-1,-5.802875699616061,0.15705765407554034
2012-03-01,595,1,-32.37938769323838,0.9722222222222199
2012-03-01,705,1,10.936965712314128,0.8629227053140103
2012-03-02,595,1,3.418626579910056,0.9516380655226283
2012-03-02,690,1,-37.735970886247514,0.9033124440465604
2012-03-05,605,1,-112.9419572613029,1.0174672489083476
2012-03-05,740,-1,-2.122171620142099,0.19886975242195645
2012-03-06,580,-1,34.43593894827885,0.11555708865127066
2012-03-06,660,-1,-0.5549528749578144,0.15663560815914868
2012-03-07,590,-1,-28.426841090120767,0.03985507246381438
2012-03-07,670,1,9.534829055731064,0.9989701338825728
2012-03-08,590,-1,-25.33680008236021,0.050119331742251465
2012-03-08,670,1,20.25974203858012,0.9144186046511983
2012-03-09,580,1,13.66863375413181,0.8885869565216639
2012-03-09,660,1,-0.47549306407450553,0.9296724470134865
2012-03-12,575,-1,15.974100937067702,0.0945558739254865
2012-03-12,665,-1,-16.951212177449147,0.1629793510324517
2012-03-13,575,1,13.11478179258514,0.8788351534061402
2012-03-13,655,1,21.93338954152897,0.9675987572126049
2012-03-15,580,-1,-21.142906073758503,0.10919540229887852
2012-03-15,685,1,12.492294091646494,0.802318486882257
2012-03-16,585,-1,-21.94067462146969,0.17367706919948697
2012-03-16,665,1,-13.386344105008208,0.8916996047430564
2012-03-19,580,1,7.513547256759301,0.9658914728682471
2012-03-19,660,1,39.757984157453976,0.8141509433962437
2012-03-20,575,-1,-10.564959616383307,0.111275233874947
2012-03-20,830,1,27.885848282330052,0.8203971119133591
2012-03-21,580,1,-14.034855649168332,0.8383045525902327
2012-03-21,660,-1,-29.48910181916635,0.10418604651161775
2012-03-22,575,-1,-10.532865361387467,0.1991421568627431
2012-03-22,665,-1,-35.53718924515574,0.18688725490197006
2012-03-23,575,1,-44.873052841008665,0.8787878787878523
2012-03-23,860,1,-4.683172622839837,0.8475336322869961
2012-03-26,575,1,29.17966316294858,0.800000000000035
2012-03-26,655,1,9.506199539162496,0.8895184135977283
2012-03-27,575,1,22.10689408457074,0.9598853868193932
2012-03-27,725,1,-1.2250795484299188,0.8397548161120915
2012-03-28,575,1,-26.010399113320524,0.8993808049535469
2012-03-28,655,-1,50.31428314335047,0.11903425042110598
2012-03-29,580,-1,12.254234817637277,0.18084436042847576
2012-03-29,700,-1,-10.995997553088932,0.01792828685260058
2012-03-30,590,-1,26.081632889319152,0.1708099438652517
2012-04-02,585,1,28.214277362402076,0.9984227129337195
2012-04-02,670,1,55.3774685054313,0.9499999999999885
2012-04-03,580,1,10.06145027228551,0.8793774319065776
2012-04-03,660,1,-67.64355120387049,0.9195804195804501
2012-04-04,575,-1,55.923530477770946,0.1552706552706577
2012-04-04,655,-1,6.868716030623956,0.01959930313589045
2012-04-05,585,1,42.46901619982242,0.9880668257756131
2012-04-05,665,1,21.418366635688592,0.9525569932224288
2012-04-09,575,1,39.746386093320446,0.9890776699028953
2012-04-09,655,1,-11.699187916429254,0.9475843208751099
2012-04-10,575,1,-27.52622250056529,0.9688221709006944
2012-04-10,660,-1,123.56951030032687,0.16509433962262507
2012-04-11,575,-1,-33.33145174658285,0.17133443163096138
2012-04-11,660,1,-33.737249603477835,0.8069753457606673
2012-04-12,585,1,58.02130209692043,0.9387211367673143
2012-04-12,665,1,-15.68957134464326,0.9731788079470215
2012-04-13,575,-1,90.81195221462374,0.02995008319464948
2012-04-13,680,-1,-33.08711801789337,0.09807460890492735
2012-04-16,585,-1,82.77132329796916,0.09844908968307477
2012-04-16,695,-1,4.840226976689355,0.1999241274658557
2012-04-17,575,1,88.23323522499521,0.8474440894568804
2012-04-17,655,1,33.10832535955917,0.99430894308943
2012-04-18,580,1,16.278790016237956,0.8518518518518534
2012-04-18,660,1,-32.23592030750248,0.8510773130545027
2012-04-19,590,1,13.677742868561227,0.9982332155477449
2012-04-19,725,-1,43.48018864793564,0.09969584319026034
2012-04-20,600,1,-17.231226354157013,1.03746530989824
2012-04-20,725,1,-31.13308756713522,0.8082572449384529
2012-04-23,580,1,-59.23948347823464,0.9945305378304515
2012-04-23,660,-1,-55.56890493710625,0.14569775849602876
2012-04-24,605,1,-3.4532624674883823,0.9182948490230857
2012-04-24,700,-1,32.974784084423405,0.18628030751035587
2012-04-25,575,1,23.271712674384617,0.953562985477879
2012-04-25,655,1,-1.0294734269651769,0.8632752613240425
2012-04-26,580,1,-23.959987778255517,0.926038500506583
2012-04-26,660,-1,-8.486432517058207,0.1302083333333284
2012-04-27,575,-1,9.869041580481808,0.1908396946564965
2012-04-27,660,1,15.532236834892421,0.8186813186813321
2012-04-30,585,-1,7.548747065006367,0.13714285714283636
2012-04-30,695,-1,-16.773642107427865,0.18701608100058842
2012-05-01,575,1,97.25538922595462,0.8940731399748161
2012-05-01,655,1,6.872965297047129,0.9452130603209733
2012-05-02,580,1,-14.041411058735731,0.9762114537444948
2012-05-02,675,1,40.33379655159748,0.8050139275765907
2012-05-03,605,-1,-14.703790504481828,0.08549222797929557
2012-05-03,695,-1,36.22183733005531,0.17594501718213013
2012-05-04,580,-1,39.95228781390843,0.15837104072397928
2012-05-04,665,-1,38.76380392540164,0.17589220684631904
2012-05-07,575,1,14.77110266159527,1.001107419712095
2012-05-07,655,1,-7.5613152570115805,0.8207207207207184
2012-05-08,580,-1,96.90596046706895,0.007966011683488471
2012-05-08,660,-1,-7.172174060265535,0.15176322418135954
2012-05-09,575,1,1.3663502595777204,0.9415041782729691
2012-05-09,665,1,40.96769798901652,0.9093644227153125
2012-05-10,580,-1,38.609969637747724,0.07038512616198715
2012-05-10,660,-1,8.745594808058765,0.18950563746749158
2012-05-11,575,1,107.98582134154783,0.9430147058823636
2012-05-11,655,1,-7.794682654350282,0.8548559231590289
2012-05-14,575,1,-3.864069897233246,1.0054869684499264
2012-05-14,655,1,17.441144601706828,0.9810606060606057
2012-05-15,575,1,31.941526520049955,0.8531468531468794
2012-05-15,655,1,36.06007238283788,0.8336000000000058
2012-05-16,595,1,-42.09717522833349,0.8622790981109212
2012-05-16,680,-1,2.619323671498153,0.15904936014626145
2012-05-17,580,-1,17.790495563866763,-0.012578616352189695
2012-05-17,665,-1,64.98615508999367,0.1815525876460727
2012-05-18,575,-1,-24.193419010862403,0.003389830508471702
2012-05-18,655,1,-73.68315676412789,0.9973672663448905
2012-05-21,575,1,110.12788116042266,0.8761792452829977
2012-05-21,655,1,6.15354844859568,0.9669217477166094
2012-05-22,575,1,25.101610009479593,1.0068493150685178
2012-05-22,665,1,-36.54340138712535,0.8422081094284294
2012-05-23,575,-1,45.81028059644594,-0.012870012870001194
2012-05-23,660,-1,29.49024302760268,0.11711711711710647
2012-05-24,575,-1,6.320377284339385,0.0010638297872572534
2012-05-24,725,-1,-17.056314167362572,0.053918044572250745
2012-05-25,585,-1,22.564699186156513,0.07326007326006166
2012-05-25,700,-1,-17.155129525469757,0.10989010989010406
2012-05-29,575,-1,-93.89727807671738,0.02267573696148176
2012-05-29,710,-1,13.113938213017828,0.11958041958042251
2012-05-30,575,-1,27.95243898104856,0.09196581196581383
2012-05-30,655,-1,-3.0510295490855817,0.12544901906604072
2012-05-31,580,-1,69.54860676460157,0.01948051948055048
2012-05-31,660,-1,-40.56112212324341,0.14371468926554168
2012-06-01,575,1,-38.52723511394167,0.9857651245551733
2012-06-01,660,-1,2.9067716230605893,0.15503875968993303
2012-06-04,575,1,-58.82404470428497,1.0154462242562918
2012-06-04,735,-1,-4.364539847711724,0.06755652410787294
2012-06-05,590,1,-30.535893541329838,0.9391759319816979
2012-06-05,715,-1,-13.870873786407545,0.19079535299374267
2012-06-06,585,1,73.34033548674051,0.905633802816893
2012-06-06,665,1,25.104765364054995,0.8766372220530083
2012-06-07,575,-1,75.81475798403109,0.01372549019602161
2012-06-07,655,-1,-10.845996944743463,0.1311355311355276
2012-06-08,595,1,55.37207364601655,0.963010204081638
2012-06-08,685,1,8.127862925411522,0.8460952380952395
2012-06-11,575,-1,60.37027589938888,0.05306495882890539
2012-06-11,655,-1,-13.028045241342978,0.011190233977617148
2012-06-12,575,1,-41.053457914386904,0.9789768745620373
2012-06-12,670,1,28.97339395137295,0.836762075134165
2012-06-13,595,-1,-61.95424467812143,0.14456928838950184
2012-06-13,675,1,-33.46484470492421,0.8163026521060819
2012-06-14,575,-1,-53.60372029591125,-0.11656441717787817
2012-06-14,655,1,12.367315671879942,0.9925208974922978
2012-06-15,585,1,39.66875657347475,0.8654781199351737
2012-06-15,665,1,2.024545788721755,0.8386721025043655
2012-06-18,575,-1,-121.88630102170488,0.16367017978920365
2012-06-18,655,1,-16.871725471243202,0.8862545865086038
2012-06-19,575,1,34.24968934100643,0.9128745837957732
2012-06-19,655,1,6.5452924655033495,0.9578622816032882
2012-06-20,575,-1,0.09620403909989006,0.01056338028165387
2012-06-20,660,-1,12.774828058948318,0.171086398631308
2012-06-21,580,-1,8.892436415644367,0.059610705596133975
2012-06-21,665,-1,50.977555918210584,0.09442270058707589
2012-06-22,605,1,-8.371752774558194,0.9975669099756529
2012-06-22,775,1,15.89557608167298,0.8820928518791493
2012-06-25,580,-1,47.74711880595235,0.18960538979790112
2012-06-25,660,-1,44.57574143080274,0.1658986175115098
2012-06-26,580,1,-32.89658550369738,0.9143944197844064
2012-06-26,670,-1,-37.86839836401116,0.0889810972798447
2012-06-27,575,1,19.535939700610474,0.9395643007730059
2012-06-27,665,1,-2.1883871469392964,0.864393645873692
2012-06-28,575,-1,42.137729030321935,0.08386350491612615
2012-06-28,655,-1,-22.808808049720895,0.06420716566158007
2012-06-29,575,-1,-48.14176047741552,0.08781558726675859
2012-06-29,660,1,12.82226119940817,0.8794133623031061
2012-07-02,580,1,-5.669991598564339,0.9432355723746523
2012-07-02,675,-1,-19.110723775272607,0.16109725685785847
2012-07-03,595,1,40.596242962691996,0.8985074626866567
2012-07-03,675,1,11.274538135562073,0.9902097902097674
2012-07-05,575,1,10.153071738192976,0.9528301886792468
2012-07-05,655,1,10.962521045201745,0.9994780793319301
2012-07-06,775,-1,16.348617086661534,-0.008333333333516496
2012-07-06,855,-1,-46.00463666381853,0.031145717463870157
2012-07-09,575,1,-33.54536939692303,0.84501061571125
2012-07-09,710,-1,-5.435227373186846,0.18924825174825144
2012-07-10,580,1,-98.18044847415402,1.0088757396450294
2012-07-10,660,-1,12.59045701042556,0.08374063212771928
2012-07-11,585,-1,21.073143039089096,0.1295336787564775
2012-07-11,675,-1,-1.17845546650801,0.02568306010930328
2012-07-12,575,-1,89.48155721465163,0.1514950166112815
2012-07-12,655,-1,-51.69503146121594,0.14400000000000987
2012-07-13,575,1,65.24072071790106,0.864053377814872
2012-07-13,655,1,21.79354638101301,0.9467372134038883
2012-07-16,580,-1,-10.804413334732521,0.07894736842103402
2012-07-16,675,1,-29.830418909721644,0.9902650081125022
2012-07-17,585,-1,104.9514355389129,0.1097453906935921
2012-07-17,745,1,9.446358198928317,0.8181398569120674
2012-07-18,575,1,83.44863297814959,1.0456226880394432
2012-07-18,655,1,44.73266557879536,0.9364698831285616
2012-07-19,575,1,7.56764607036593,1.0135951661631641
2012-07-19,655,1,26.344826441542637,0.9016393442623131
2012-07-20,575,-1,41.58539572745741,0.1272509003601386
2012-07-20,680,-1,44.12011937762901,0.10390848427074781
2012-07-23,575,-1,-34.94001992693412,0.13133514986375294
2012-07-23,690,1,1.0387649952363192,0.8562968811685794
2012-07-24,575,-1,43.50147844116843,-0.006546644844511095
2012-07-24,670,-1,63.19621059652487,0.1830652790917651
2012-07-25,575,1,-48.93932232691483,0.962851405622501
2012-07-25,655,-1,-50.35607175078742,0.032270029673586414
2012-07-26,575,1,-57.00624556860561,0.9768134439480931
2012-07-26,940,1,47.368363981803846,0.8222357971899817
2012-07-27,585,-1,-75.51382633683451,0.10369609856260638
2012-07-27,665,1,5.292693866792275,0.9660944206008595
2012-07-30,575,1,-38.18294917535341,0.9347631814119737
2012-07-30,655,-1,33.312361450878306,0.029661016949157987
2012-07-31,575,1,10.77086517596011,0.9960835509138122
2012-07-31,655,1,-41.785335507413414,0.8959330143540788
2012-08-01,575,-1,25.164566531878222,0.0051724137931377845
2012-08-01,665,-1,-0.02191673094080715,0.19666666666667187
2012-08-02,575,1,106.65852685632954,0.9683830171635136
2012-08-02,655,1,-84.92420139007156,0.8211071107110754
2012-08-03,575,-1,-47.70546565848481,-0.049833887043219734
2012-08-03,655,1,11.706311348920595,0.8441150044923531
2012-08-06,585,1,18.745835501956922,1.0012269938650575
2012-08-06,665,1,12.878143730341973,0.9382716049382552
2012-08-07,585,1,21.199308822117803,0.8245614035088079
2012-08-07,685,1,48.83385343347242,0.8249468462083464
2012-08-08,575,1,1.1505077913013921,0.8222222222222447
2012-08-08,680,1,3.057903701060694,1.0007770007769825
2012-08-09,580,1,15.706138718716689,0.8492268041237062
2012-08-09,660,1,-35.40086308529049,0.8581314878892837
2012-08-10,575,-1,-14.418829501520891,0.18473895582329025
2012-08-10,655,1,-5.335997789852209,0.8872858431018951
2012-08-13,580,1,-36.15072859544504,0.8860971524288344
2012-08-13,660,-1,-7.217938918639577,0.01364942528736017
2012-08-14,575,-1,-8.187507083707457,-0.24404761904752317
2012-08-14,655,1,2.7031071229081776,0.9102244389027679
2012-08-15,590,1,0.07560163606963355,0.9008363201911663
2012-08-15,670,1,5.2261667902712805,1.0508317929759885
2012-08-16,580,1,24.160369387955917,0.9551020408162754
2012-08-16,660,1,32.339877679170975,0.8999264164827296
2012-08-17,575,-1,4.436916501826937,0.18390804597706384
2012-08-17,655,-1,-20.292271256931603,0.1348684210526352
2012-08-20,580,-1,2.230971945910554,0.04873949579831098
2012-08-20,710,1,2.083667188597494,0.8289578361177357
2012-08-21,575,1,-0.11399357915569086,0.9332321699544697
2012-08-21,660,-1,30.77564429664821,0.07813673929376168
2012-08-22,575,-1,-24.390881293987075,0.008547008547039773
2012-08-22,720,1,-18.932606932060157,0.8261370178468407
2012-08-23,575,-1,-2.2773240911218458,0.13994910941477337
2012-08-23,690,1,-38.531553860819564,0.8694698354661727
2012-08-24,575,-1,-54.7841305800008,0.18015665796346414
2012-08-24,655,1,17.788379646337795,0.9231473010064107
2012-08-27,600,-1,-30.982910269740803,0.09175627240141664
2012-08-27,680,1,-21.679111006027306,0.9620071684587665
2012-08-28,580,1,6.4638619465333225,0.8925869894099815
2012-08-28,710,1,-0.7948936659059488,0.8402777777777666
2012-08-29,600,-1,26.11700250079103,0.052631578947322934
2012-08-29,795,1,8.141395262038342,0.8199886428165787
2012-08-30,575,-1,33.536406282751855,0.13149847094803244
2012-08-30,655,-1,-15.408358165562452,-0.0028901734104020286
2012-08-31,575,-1,15.711882062463944,0.17563739376767581
2012-08-31,660,1,-43.543341772334806,0.8990442054958152
2012-09-04,575,1,-73.24863792170305,0.8908382066276933
2012-09-04,655,-1,8.678232577055534,0.11920222634509138
2012-09-05,580,-1,-13.0124823822793,0.18352059925093472
2012-09-05,730,1,-7.382938593332877,0.8807478524507261
2012-09-06,575,1,81.48712604103586,0.9079333986287903
2012-09-06,655,1,30.570088293165167,0.9302325581395359
2012-09-07,575,-1,-18.876946374297308,0.1839738348323791
2012-09-10,575,1,-52.897343251860505,0.9397163120567152
2012-09-10,655,-1,-14.22288185711067,0.05747126436781579
2012-09-11,575,1,6.904157282852497,1.0291828793773592
2012-09-11,665,1,-14.309150719413344,0.8736141906873564
2012-09-12,590,-1,30.913409654550875,0.12287334593574582
2012-09-12,730,-1,-23.13870249299481,0.18044300378174977
2012-09-13,600,1,12.221883413845847,0.8028673835125585
2012-09-13,680,1,21.131638654110898,0.850102669404557
2012-09-14,575,1,57.27288670567972,0.8667763157894487
2012-09-14,660,1,9.918690120991736,0.8099999999999989
2012-09-17,575,-1,-5.731443944427417,0.14002642007931007
2012-09-17,850,-1,-0.6106615827002223,0.12124060150375743
2012-09-18,575,-1,-17.06725148250725,-0.004608294930836304
2012-09-18,670,1,-22.726505901826275,0.8419010669253479
2012-09-19,575,-1,-3.1320777451267374,0.15991902834007185
2012-09-19,680,1,22.00835646416306,0.9146230699364182
2012-09-20,585,-1,-28.548054555281464,0.04636188023179592
2012-09-20,875,1,-11.275000437098326,0.8013059701492441
2012-09-21,580,1,-14.612047924833105,0.8880597014925821
2012-09-21,660,-1,1.4455774045622598,0.02814814814815623
2012-09-24,575,1,10.664675494913967,0.9981273408240142
2012-09-24,660,1,-17.442839020721124,0.8982360922659415
2012-09-25,575,-1,-14.22519202630217,0.11249999999995453
2012-09-25,655,1,-9.615750172576476,0.8798486281929975
2012-09-26,590,-1,58.898592598963084,0.12789203084834097
2012-09-27,605,-1,-30.412026350270114,0.0808709175738717
2012-09-27,695,1,58.67067384191889,0.8228454172366819
2012-09-28,590,-1,17.155667133155596,0.16102756892231565
2012-09-28,675,-1,-19.713772040370213,0.19298936589208804
2012-10-01,575,1,-1.6430698853882482,0.8825347758887501
2012-10-01,740,-1,51.88297582312802,0.13442940038685497
2012-10-02,605,-1,-19.573603385427283,0.02567094515752963
2012-10-02,685,-1,21.190165750990932,0.17428087986464424
2012-10-03,575,1,-11.854183266931262,0.9370574350904658
2012-10-03,670,1,23.392757612615124,0.888045540796968
2012-10-04,580,-1,-33.70232690245793,0.017142857142867538
2012-10-04,885,1,-0.15256449229688018,0.8359150889271325
2012-10-05,575,1,-21.83317179267745,0.9432153392330395
2012-10-05,670,-1,26.296234983367707,0.1876799078871755
2012-10-08,575,-1,-9.580003370783396,0.074388947927763
2012-10-08,670,-1,9.891607498887911,0.1535989717223574
2012-10-09,590,-1,68.60097021301343,0.02796052631580108
2012-10-09,670,-1,-9.90927062801199,0.1431344007763235
2012-10-10,580,-1,-24.63715120253522,0.026410564225666486
2012-10-10,715,-1,18.17995047784833,0.08338332333535221
2012-10-11,585,-1,-3.168337504053253,-0.001828153564939423
2012-10-11,670,-1,30.837227769019826,0.05580558055808627
2012-10-12,575,1,30.83323510174636,0.8051282051282476
2012-10-12,695,-1,-8.4586107543823,0.12539021852238696
2012-10-15,575,1,-66.83084205481987,0.9092436974789949
2012-10-15,655,-1,-44.40905960557644,0.10147689375893688
2012-10-16,580,-1,-35.29244531210245,0.18584070796461602
2012-10-16,660,1,69.31974402272928,0.9636471990464768
2012-10-17,575,-1,-66.04939673527448,0.0663716814158691
2012-10-17,700,1,5.712931006585498,0.868122637547235
2012-10-18,600,1,-24.319992495687877,1.1056910569105507
2012-10-18,720,1,-106.54210928599267,0.9859241126070978
2012-10-19,575,-1,65.02907641808758,-0.10771276595743981
2012-10-19,655,-1,81.3757869998592,0.05016239624683763
2012-10-22,575,1,9.069838192528445,0.9981515711644697
2012-10-22,680,-1,-20.60330273584836,0.06179066834804782
2012-10-23,580,-1,-6.256735245532985,0.045513654096216716
2012-10-23,735,1,29.36179348455954,0.8085655314757474
2012-10-24,585,-1,44.66977039435145,0.13877551020409204
2012-10-24,665,-1,26.398899558474476,0.11573409851745753
2012-10-25,575,-1,48.178154777474404,0.005361930294901263
2012-10-25,655,-1,13.390978370334938,0.08128078817732308
2012-10-26,580,1,-63.28978172223514,0.9860650298606476
2012-10-26,660,-1,27.18126285207552,0.02529510961213803
2012-10-30,1205,-1,-0.4,0.0
2012-10-30,1285,-1,-0.4,0.0
2012-10-31,575,1,-63.66620211412614,0.8621190130623763
2012-10-31,655,-1,4.324076159666745,0.07970342910101046
2012-11-01,575,1,87.11403792775835,0.8966101694915054
2012-11-01,655,1,7.15824127544491,0.9872589531680478
2012-11-02,585,-1,12.12634435180755,0.19527449617789924
2012-11-02,665,-1,-2.4488902465354285,0.04986449864499089
2012-11-05,575,1,23.878594998456972,0.9114942528735681
2012-11-05,655,1,-27.15179281972806,0.9518918918918988
2012-11-06,580,1,-8.4673474113524,0.9494382022471958
2012-11-06,680,1,58.25957271918853,0.8631465517241429
2012-11-07,590,1,-117.4261328182476,0.947222222222208
2012-11-07,670,-1,2.1950137573882427,0.17952127659574293
2012-11-08,585,1,-65.14699511443972,0.8773747841105284
2012-11-08,665,-1,28.662066900341635,0.14006384676774825
2012-11-09,575,1,57.45572930813832,0.9827255278310663
2012-11-09,655,1,25.7391543713696,0.9690949227372949
2012-11-12,575,1,-57.5498943592863,0.8051282051281538
2012-11-12,655,-1,2.8162564325122212,0.01622418879055678
2012-11-13,580,1,60.932220093714974,1.0035928143712816
2012-11-13,660,1,3.511029878718164,0.9795125397386107
2012-11-14,585,-1,72.56234101439757,0.046692607003849744
2012-11-14,665,-1,-24.50668088242307,0.001512859304083341
2012-11-15,580,1,-53.170137060691445,0.9210779595765026
2012-11-15,660,-1,18.57458040032829,0.05070118662351852
2012-11-16,585,-1,7.54997873380665,0.102996254681641
2012-11-16,675,-1,-119.43052351092126,0.10728155339806049
2012-11-19,575,1,48.33655358486495,0.87404580152674
2012-11-19,655,1,17.79183268168656,0.9185360094450942
2012-11-20,575,-1,-24.27381644975317,0.1786542923433855
2012-11-20,685,1,-16.9001233654094,0.8003095975232266
2012-11-21,575,1,-44.8670113244705,0.8739770867430404
2012-11-21,655,-1,-22.87026165113741,0.1335740072202328
2012-11-23,575,-1,-39.53011910994246,-0.032345013477185755
2012-11-23,655,1,-3.1373823781007277,0.9644578313252932
2012-11-26,575,-1,-26.42741808012565,0.09302325581401322
2012-11-26,670,-1,-27.124957232466816,0.16488925348648148
2012-11-27,575,-1,18.375050715303942,0.13193116634800234
2012-11-27,715,1,2.3880970860616473,0.9038251366120109
2012-11-28,575,-1,-43.59432498877562,0.08205470313542354
2012-11-28,660,1,15.79614402809777,0.8169658570925654
2012-11-29,575,1,-14.174822602621306,1.0053191489361764
2012-11-29,655,1,-44.451059012779616,0.855152027027033
2012-11-30,590,-1,-8.436962551492,0.06267029972752415
2012-11-30,680,-1,-12.303826069379342,-0.001888574126532723
2012-12-03,605,-1,14.144128970341852,0.09004329004328547
2012-12-03,685,-1,-11.29097093751823,0.010033444816044356
2012-12-04,590,-1,28.075705608475012,0.11455525606467665
2012-12-04,670,-1,-15.515306037829513,0.01055806938160069
2012-12-05,575,-1,97.9537500423126,0.13718070009459396
2012-12-05,655,-1,-100.92889920474818,0.015829829334649402
2012-12-06,580,1,67.76622246148983,0.9836182336182323
2012-12-06,660,1,5.2077861664571845,0.9687408705813566
2012-12-07,580,-1,68.60048829959204,0.07114228456914179
2012-12-07,660,-1,26.51234750615945,0.06582677165353357
2012-12-10,575,1,35.086106640107985,1.0123152709359495
2012-12-10,655,1,-20.875760313158896,0.9975619666802136
2012-12-11,575,1,71.99022563430452,1.1581920903955092
2012-12-11,655,1,0.9763293667756748,0.8835766423357648
2012-12-12,585,-1,36.41022655021127,-0.00404858299594769
2012-12-12,665,-1,3.2572759265407485,0.10223835450696192
2012-12-13,575,1,17.009236608711966,1.0140086206896177
2012-12-13,675,-1,65.90157101010558,0.10847939365229511
2012-12-14,585,1,-24.924738573099557,1.031907179115305
2012-12-14,885,-1,6.555265858386017,0.19411396368190031
2012-12-17,580,1,-20.94918938556693,0.8330569375345518
2012-12-17,670,1,59.50516592179418,0.8369264787175349
2012-12-18,580,1,52.41492722529091,0.9235880398671034
2012-12-18,660,1,25.3888293062325,0.8867851622874855
2012-12-19,580,1,-26.534394927936898,0.9387500000000273
2012-12-19,695,1,-14.604335827393555,0.815278647464004
2012-12-20,575,-1,24.223772525367295,0.017408123791130416
2012-12-20,690,-1,-9.757466400732318,0.1551246537395994
2012-12-21,575,1,52.65330252088014,0.9567627494456903
2012-12-21,935,1,6.4346796150042795,0.8294075660242611
2012-12-24,585,1,-25.840894076442787,0.9757462686567794
2012-12-24,665,-1,-3.450744042574216,0.17869822485209108
2012-12-26,580,1,-51.714246188084445,0.8131212723658018
2012-12-26,660,-1,30.0553932529017,0.006347656250005323
2012-12-27,575,-1,32.69610028384369,0.18413173652695333
2012-12-27,675,-1,34.71305716665581,0.14183266932272304
2012-12-28,575,1,47.520026291050634,0.8319604612850158
2012-12-28,665,1,-12.042019319664243,0.8413583375570144
2013-01-02,575,1,-47.8011592635093,1.0202863961813384
2013-01-02,655,-1,19.088455567422404,0.10781517398744439
2013-01-03,575,-1,-18.25857759533771,-0.0024183796856084468
2013-01-03,695,1,-12.516404811631787,0.8962264150943609
2013-01-04,580,-1,17.949566583237832,0.04947916666668193
2013-01-04,660,-1,-42.96618545170898,0.1290322580645125
2013-01-07,580,-1,-44.08634460143017,0.11170928667563197
2013-01-07,670,1,-24.82240103418647,0.9564164648910257
2013-01-08,580,1,-70.49996482176374,0.8550724637681335
2013-01-08,660,-1,-8.040857547839275,0.05692514567458471
2013-01-09,585,-1,-45.68962198605324,0.16738660907129
2013-01-09,670,1,-16.234299359681614,0.9491017964071919
2013-01-10,575,1,-65.44212997506698,0.9222170470423806
2013-01-10,660,-1,3.3747880804661627,0.08116591928250975
2013-01-11,585,1,-17.513249660465345,0.8738461538461286
2013-01-11,690,-1,-18.070682730923647,0.07664884135473332
2013-01-14,580,1,-36.11506745368658,0.9043173862310212
2013-01-14,785,-1,-39.82089784303437,0.15093360995850066
2013-01-15,585,-1,-7.213243472176822,0.008536585365873813
2013-01-15,740,1,4.230327173036352,0.8226444972288327
2013-01-16,575,-1,-25.686816356790974,-0.009230769230830797
2013-01-16,685,1,-5.519765953556233,0.8320413436692567
2013-01-17,575,1,-19.106146097186013,0.970938897168415
2013-01-17,695,1,0.8735099024485663,0.8175797712221446
2013-01-18,580,-1,6.947001436502909,0.17885590152062344
2013-01-18,660,-1,16.534460346662573,0.05763688760808182
2013-01-22,580,-1,39.20959383753515,0.055737704918057476
2013-01-22,660,-1,-2.1937810708512635,0.17781233799895504
2013-01-23,575,-1,0.7233145751876616,-0.009287925696515533
2013-01-23,760,-1,-15.878304998730597,0.16588050314463096
2013-01-24,575,-1,-64.07116663308581,0.17188693659281903
2013-01-24,780,-1,23.631944902369597,0.1731601731601663
2013-01-25,580,1,-11.269883468994646,0.9184952978056667
2013-01-25,720,-1,-18.547423065926203,0.19308087891536602
2013-01-28,585,1,6.232628889835512,0.8531791907514488
2013-01-28,665,1,6.839733403185955,0.9941133186166018
2013-01-29,580,-1,-8.594532344623085,0.13759689922481713
2013-01-29,685,1,-4.229251837129677,0.9809141135108158
2013-01-30,580,1,-21.40664725914192,0.9548387096774311
2013-01-30,700,1,-26.10040873814072,0.8825659596482157
2013-01-31,575,-1,-22.18410345256232,-0.004878048780372022
2013-01-31,665,-1,4.714286027404491,0.14070351758792535
2013-02-01,575,-1,9.308173045457346,0.15789473684214125
2013-02-01,715,1,16.448924929886434,1.2130627774254998
2013-02-04,575,1,-10.86987185313153,0.8396226415094429
2013-02-04,655,-1,91.87039776367074,0.13465553235907865
2013-02-05,575,1,52.21999926662098,0.922455573505652
2013-02-05,655,1,9.553187207420999,0.9790915645277606
2013-02-06,575,-1,-5.501055554137535,0.051677243880342415
2013-02-06,665,1,-8.67090853028234,0.9840392879067057
2013-02-07,595,-1,46.718851920523456,0.011739594450387258
2013-02-07,700,-1,-36.814679047414025,0.14237078303930414
2013-02-08,580,1,22.515418648459253,2.0687622789784648
2013-02-08,660,1,-7.165851165668746,0.9612937433722147
2013-02-11,590,-1,-20.1460092845958,0.1339155749635564
2013-02-11,670,1,-11.819719730537681,0.9765784114052939
2013-02-12,580,-1,0.5388755881500898,0.08673469387751591
2013-02-12,680,-1,-8.210183611631772,0.06016949152542588
2013-02-13,575,1,25.86357372199406,1.0175438596491568
2013-02-13,660,1,-42.99375843151392,0.8327661643169652
2013-02-14,575,1,34.068400948604044,0.8769841269839895
2013-02-14,655,1,-2.3129775676318682,0.9114671163575282
2013-02-15,575,-1,-6.207598936595771,0.1021276595745529
2013-02-15,695,-1,10.88957211439463,0.19610231425087277
2013-02-19,580,-1,-2.459070022830678,-0.03316326530614967
2013-02-19,785,1,-8.183250876516324,0.8571428571428504
2013-02-20,575,1,-26.24360128247587,0.9041095890410816
2013-02-20,660,-1,32.41526089935372,-0.008629989212505653
2013-02-21,575,-1,7.59348787409837,0.027418126428003203
2013-02-21,675,-1,31.763097078090617,0.16887417218543682
2013-02-22,590,-1,-14.858788772915288,0.06526631657916884
2013-02-22,675,-1,-28.806582084721242,0.14674634794156557
2013-02-27,585,1,-0.5216684953808667,0.9160839160827374
2013-02-27,675,1,104.2391330669416,0.8181818181797945
2013-02-28,575,1,-0.6700046046733018,0.946428571429659
2013-02-28,660,-1,-0.4839234734684169,0.03571428571356067
2013-03-01,380,1,-0.6335203928971463,0.823529411762739
2013-03-01,460,-1,-0.4,0.0
2013-03-04,200,1,-0.41455785254123045,1.0
2013-03-04,465,1,-0.40727892627061524,0.8749999999786837
2013-03-05,575,1,70.35952421251142,0.8952754302005796
2013-03-05,655,1,15.588419392225505,0.946664966203293
2013-03-06,140,1,-0.4,1.0
2013-03-06,220,1,-0.4,1.0
2013-03-07,575,1,-7.196203278337521,0.8890124143042963
2013-03-07,670,1,-3.004949260661682,0.9463887650467888
2013-03-08,590,-1,7.311286574614284,0.15347810084652416
2013-03-11,575,-1,9.109546905839272,0.12045813586097462
2013-03-11,655,-1,-33.80638406061913,0.006249449872362773
2013-03-12,575,-1,6.701113935927827,0.08742058449810482
2013-03-12,655,-1,16.94725826565198,0.18481070396834315
2013-03-13,580,-1,-10.58131465912786,0.00185873605943572
2013-03-13,660,1,-9.683505543136173,0.8509708390055208
2013-03-14,575,1,-10.05485323697446,0.9886968085106246
2013-03-15,580,-1,24.759909999040723,0.02043049981759953
2013-03-15,870,-1,2.9223672564075547,0.09792323024497844
2013-03-18,580,1,48.61900742904309,0.9580148317170629
2013-03-18,660,1,47.625563891436194,0.8101382488479143
2013-03-19,590,1,-48.81220245738298,0.9303966138893296
2013-03-19,700,-1,56.345256034267386,0.19739243807041842
2013-03-20,580,1,-31.784772971485562,0.8515188834154468
2013-03-20,865,1,-5.67367187861616,0.8744663382594426
2013-03-21,575,-1,20.69185464978292,0.1707262818373939
2013-03-21,655,-1,-18.64817518248034,0.13490973312401874
2013-03-22,575,1,6.402643025838328,0.9392272429600301
2013-03-22,655,1,-3.873131034790189,1.0004843918191613
2013-03-25,585,1,-35.34194909658854,0.8042163316135853
2013-03-25,665,-1,44.20166817459865,0.005412438199337415
2013-03-27,575,-1,-59.111767494648014,0.057828696126570024
2013-03-27,655,1,9.054584419761325,0.8665791776027968
2013-03-28,580,-1,-12.50116703811437,0.08743882544862132
2013-03-28,660,1,-9.867586842187848,0.8562603724875769
2013-04-01,575,-1,50.265395832720785,0.15203836930459036
2013-04-01,655,-1,-1.5560871018856388,0.03302177485618234
2013-04-02,575,1,42.59867141531743,1.0084383240550971
2013-04-02,655,1,4.915747246481539,0.9318969463153055
2013-04-03,575,1,-23.233992730227904,0.8127883981541795
2013-04-03,660,-1,11.650589739946993,0.07858338472383677
2013-04-04,610,1,-39.92055440182178,1.0062748212867496
2013-04-04,725,-1,1.861867534266715,0.05528727092620274
2013-04-05,580,1,21.636318673588352,1.0103458049887075
2013-04-05,660,1,5.861474987292459,0.845894649979375
2013-04-08,575,-1,11.763439084269534,0.1269230769230315
2013-04-08,665,-1,-4.199095446579415,0.1963024897807325
2013-04-09,575,1,-12.550389893625935,0.8725572473324472
2013-04-09,680,-1,-46.14450000377483,0.009941804073718788
2013-04-10,575,1,98.31661658171105,0.9984892185139449
2013-04-10,655,1,24.75104323619344,0.9791876085168587
2013-04-11,590,1,22.876529020819227,0.8874467260752232
2013-04-11,670,1,-13.095192963435576,0.8813135261923352
2013-04-12,575,-1,43.501222774771485,0.12390337699795216
2013-04-12,655,-1,-25.558194345553662,0.13084072486524106
2013-04-15,605,-1,0.48460082652064285,0.0677685950413714
2013-04-15,715,-1,36.71891401308787,0.0
2013-04-16,575,1,-9.58671301468721,0.8857214934409735
2013-04-16,670,1,45.17040021665459,0.8231835190591641
2013-04-17,575,-1,72.83576161204047,0.009982504888345662
2013-04-17,655,-1,-4.477445623889009,0.07237723012340308
2013-04-18,575,-1,57.58533857870214,0.05609756097561544
2013-04-22,575,1,-25.51228898031792,1.0058485807801645
2013-04-22,700,1,28.60714109965952,0.8071971616827124
2013-04-23,580,1,31.62169581298931,0.8816720257234795
2013-04-23,660,1,19.086608244441152,0.9118199503588945
2013-04-24,600,1,2.919246545159249,0.8266233766233468
2013-04-24,690,-1,-3.4257346696105357,0.17138290059187408
2013-04-25,575,1,38.57026620667488,0.8941077658612149
2013-04-25,655,1,-18.414651730144936,0.9219116388133994
2013-04-26,575,-1,5.298719706412891,0.11780285582682118
2013-04-26,655,-1,14.169672427608981,0.1916639136659053
2013-04-29,580,1,61.332638024332155,0.8757591662292754
2013-04-29,660,1,7.935197602029609,0.946343929722546
2013-04-30,585,1,-24.987877016727374,0.9949068916123351
2013-04-30,675,1,18.156712516486497,0.9940380277151087
2013-05-01,600,-1,-1.055160340961025,0.051566080977814475
2013-05-01,785,-1,-7.97270211256822,0.09296044116819686
2013-05-02,565,-1,-56.16464348284959,0.0
2013-05-02,645,1,18.545344702612223,0.9606498370543435
2013-05-03,575,1,28.4476452484554,0.9816478439425015
2013-05-03,655,1,-6.971255740525084,0.9443247211499729
2013-05-06,575,1,-1.5714656694539193,0.9825246933680609
2013-05-06,710,1,0.4124277066290375,0.8465813850904255
2013-05-07,615,-1,3.588100699203745,0.04434030281178829
2013-05-08,575,-1,-62.02881685023214,0.0
2013-05-08,655,1,4.790346427801362,0.9865504626640842
2013-05-09,580,1,-8.07981285135888,0.9927130994747219
2013-05-09,705,1,7.449706267968326,0.9204696080287679
2013-05-10,575,1,-12.393033260454533,0.8534183730558397
2013-05-10,740,-1,-30.412170927617986,0.11085689382795978
2013-05-13,575,1,10.657000162948416,0.9994718774755867
2013-05-13,665,1,16.56854012539939,0.8368678629690078
2013-05-14,580,1,20.155755310180947,0.8240412504028238
2013-05-14,660,1,17.172000144179258,0.9996519317786526
2013-05-15,575,1,-0.0026165861162660287,1.002056343820638
2013-05-15,705,1,-10.083535792133214,0.9956295525494522
2013-05-17,575,1,-9.612388791295379,0.9513914656771703
2013-05-17,655,1,-4.445281957809621,0.8086884643644329
2013-05-22,665,1,24.051507040199606,0.9277721261444691
2013-05-22,800,-1,78.89787657578124,0.17515560165974678
2013-05-23,70,-1,66.90641255182523,0.16807846633969578
2013-05-23,150,-1,-22.84899402044531,0.039450537111205726
2013-05-27,65,1,-12.135350826278524,0.8633802816902226
2013-05-27,145,-1,-18.570710432332536,0.04473369239975604
2013-05-28,80,1,7.5050068923547375,0.8162803843978349
2013-05-28,160,1,32.25815889297086,0.9524614806463452
2013-05-29,60,1,-39.53753768692185,0.8142112125162877
2013-05-29,140,-1,10.897866155165481,0.04657599240866316
2013-05-30,75,-1,26.194083083790744,0.19262739428982126
2013-05-30,155,-1,-20.557673780303308,0.05156307465980376
2013-05-31,65,-1,4.090051977665832,0.17633205769801932
2013-05-31,145,-1,59.63958105891716,0.009330628803209588
2013-06-03,685,-1,12.957870634446156,0.020204860413743995
2013-06-03,930,1,27.493220520007757,0.8141396176078269
2013-06-04,60,1,11.98361263175447,0.8672848449724483
2013-06-04,140,1,-6.916765449635642,0.9753616960320842
2013-06-05,75,-1,17.93258293575724,0.09152850329316639
2013-06-05,155,-1,-24.30802707037176,0.16305970149254476
2013-06-06,60,1,-7.628918936914575,0.9342891278375286
2013-06-06,180,1,3.4109781986217507,0.8044318474620064
2013-06-07,95,1,-10.02259367369489,0.8529315960911728
2013-06-07,175,1,-0.5593429375312816,0.8273864929154755
2013-06-10,80,-1,-10.040308342533377,0.1236432279375908
2013-06-10,160,1,1.646971986584545,0.941117764471086
2013-06-11,120,-1,3.682201734501023,0.16061046511628446
2013-06-11,205,-1,5.747164184312492,0.1654069035021523
2013-06-12,60,1,1.2633478275784875,0.971526908635827
2013-06-12,160,-1,-19.145623606208904,0.1649838449111561
2013-06-13,70,-1,23.62872991342897,0.04308183268745454
2013-06-13,150,-1,-34.0459058225147,0.09629017826415359
2013-06-14,60,1,0.31206995699180096,0.9541673206718079
2013-06-14,140,1,-13.902733097550124,0.9239520217633508
2013-06-17,100,1,26.021004918943948,1.0
2013-06-17,180,1,26.22099402150231,0.8868985808237938
2013-06-18,70,1,7.446876879071818,0.8397461324870926
2013-06-18,150,1,0.006782168149710777,0.9433850992726536
2013-06-19,65,1,21.040493689508512,0.8623972306360058
2013-06-19,145,1,-11.027878522714296,0.8892973856209312
2013-06-20,65,-1,-7.794448324247183,0.048107890499202915
2013-06-20,150,-1,-6.599752213627008,0.033384793515974814
2013-06-21,60,1,16.852340030200487,0.9024767801858006
2013-06-21,140,1,2.831392564484459,0.9855238491980707
2013-06-24,60,1,-28.096489753520345,0.9443406022845221
2013-06-24,140,-1,-26.372662197875083,0.1931758067360064
2013-06-25,60,1,28.79708542547417,0.8168063790636271
2013-06-25,140,1,43.37400190297421,0.9699622279513312
2013-06-26,70,1,-0.22175672379014488,1.0032736375890285
2013-06-26,150,1,7.620664306715996,0.9267143604955407
2013-06-27,60,1,3.476483221252336,0.9810006333122885
2013-06-27,140,1,-16.328499961489484,0.8323615160349753
2013-06-28,60,1,-1.75980558900739,1.0004844961240196
2013-06-28,180,1,8.396541788722578,0.975074080529889
2013-07-01,90,1,53.11865824543278,0.9393647738210553
2013-07-01,170,1,11.509701254437799,0.9399019984627325
2013-07-02,70,1,13.412880511077097,0.9488074461896226
2013-07-02,150,1,6.201357419029341,0.881775942178628
2013-07-03,60,1,-3.958632403880546,0.8380977825273421
2013-07-03,140,-1,40.69642536119007,0.03182396799421239
2013-07-04,60,1,6.371731935719671,0.9760765550239434
2013-07-04,210,1,-2.8599112398970834,0.9092679759778947
2013-07-05,60,-1,-6.956054433772829,0.11251504211788196
2013-07-05,185,-1,-7.235748979439061,0.09901980396077437
2013-07-08,70,-1,-0.9594168046108017,0.04687076672994809
2013-07-08,180,1,10.47591692967127,0.9216285806243887
2013-07-09,60,1,3.3826086079384425,0.9564343163538563
2013-07-09,155,1,10.360689718887217,0.9239598278335265
2013-07-10,65,-1,-9.722159731091073,0.11154684095854031
2013-07-10,145,1,7.990266887676745,0.9368231046931641
2013-07-11,70,1,1.4215855912573354,0.9614636045154897
2013-07-11,150,-1,-15.32007949450036,0.05798618379737097
2013-07-12,60,1,-0.7727838978284659,0.9099545642297137
2013-07-12,175,-1,-5.307912831542128,0.12269938650309682
2013-07-15,70,1,-8.085260619411105,0.8121137206427077
2013-07-15,150,-1,-10.861956389098415,0.008456659619524652
2013-07-16,60,1,2.5879510872410365,0.8803716608594041
2013-07-16,145,1,-1.7604819288071112,0.8662857142858446
2013-07-17,60,1,-0.9844732726856261,0.9284320104098187
2013-07-17,145,-1,-4.776164296868712,0.12975849365533357
2013-07-18,60,1,-3.825907597355282,0.8057757644392485
2013-07-18,170,1,8.136078747765074,0.8003656307128881
2013-07-19,60,-1,2.3284646417868875,0.18302094818076475
2013-07-19,195,-1,1.0700776844167597,0.197226870667051
2013-07-22,65,-1,-0.7375384728321329,0.1263560944479033
2013-07-22,155,-1,14.813051559166412,0.06652542372887471
2013-07-23,65,-1,-0.25960421448494275,0.12254901960780792
2013-07-23,180,-1,16.10391339331425,0.12731092436971747
2013-07-24,60,-1,-3.1070685699803753,0.1822871883060938
2013-07-24,140,1,25.95765225764031,0.8382838283828886
2013-07-25,75,1,-7.3798993297598425,0.8439955106622673
2013-07-25,185,-1,3.3855443291834324,0.16475354490218957
2013-07-26,85,-1,4.909921318402688,0.1618357487922931
2013-07-26,190,1,-28.36552975006694,1.0122921185828297
2013-07-29,60,-1,-0.40651565124520916,0.014061654948779029
2013-07-29,140,-1,-14.034502164741047,0.12096029547553054
2013-07-30,75,-1,-3.910859282809253,0.15120854412604462
2013-07-30,155,1,2.0663148187498153,0.8157156220765914
2013-07-31,60,1,-14.111270029842515,0.8124999999999298
2013-07-31,140,-1,-4.48992255397811,0.01695513952666888
2013-08-01,65,1,2.821376266098197,0.9821836455003369
2013-08-01,145,1,1.530735897248681,0.932157394843961
2013-08-02,70,1,1.3956855533718397,0.8607594936709833
2013-08-02,175,1,-8.984061736136573,0.8802832990633098
2013-08-05,65,1,-3.4518787531264024,0.8554729011690436
2013-08-05,145,-1,-14.208114059545851,0.1867915229178713
2013-08-06,65,-1,-8.239932687574436,0.035115303983234133
2013-08-06,145,1,6.841201159740029,0.9414927261227293
2013-08-07,60,-1,4.091055901775231,0.08796068796051369
2013-08-07,185,-1,13.945985869830269,0.1404011461318116
2013-08-08,60,-1,6.4990553379710825,-0.019809244314041113
2013-08-08,155,-1,2.8236079503711324,0.17255379618357639
2013-08-09,80,1,9.317616920672522,0.9392111368910099
2013-08-09,160,1,-19.246811518787865,0.8009179575445114
2013-08-12,305,-1,-7.149673658124067,0.04612765957442226
2013-08-12,420,1,13.17399082748012,0.8157090909090502
2013-08-13,60,1,5.195332150107879,0.8116279069767868
2013-08-13,140,1,13.947926676663291,0.9271348499835111
2013-08-14,70,1,4.623858546504556,0.8717826501428797
2013-08-14,175,-1,10.486642752616637,0.18974229408787757
2013-08-15,80,-1,-2.444408670864861,0.17997616209773776
2013-08-15,180,1,-9.943459036525093,1.0324918186068561
2013-08-16,60,1,-5.405289681140335,0.8518764530056734
2013-08-16,140,1,11.792921864206951,0.9075354107648929
2013-08-19,60,-1,-14.206758175136658,0.046027957722387956
2013-08-19,140,1,-13.107191489403913,0.9324712643678706
2013-08-20,60,1,-16.724935900045022,0.866543095458747
2013-08-20,170,1,-16.7515129300007,1.000909090909099
2013-08-21,60,1,11.720199889065208,0.8797091870457379
2013-08-21,140,1,-16.66886077724432,0.8769971126082573
2013-08-22,60,1,5.106028873014656,1.0199530516431652
2013-08-22,140,1,37.82339713257739,0.8825065274151319
2013-08-23,65,-1,13.60184868158294,0.09138381201046866
2013-08-23,145,-1,17.801381372092706,0.17565359477121523
2013-08-26,65,-1,0.6713578709464766,0.07281323877069137
2013-08-26,160,-1,12.779074189232364,0.1728203537078037
2013-08-27,380,-1,31.1259994479411,-0.0891566265061152
2013-08-27,510,-1,-17.80795740596379,0.03309966033100268
2013-08-28,60,-1,-17.890793630865474,0.06697215368348794
2013-08-28,140,1,8.3142287597608,0.8153716622564046
2013-08-29,60,1,7.597596489521807,0.9934752747251944
2013-08-29,140,1,5.858949484914122,0.9404407385348277
2013-08-30,75,1,-7.248731742630232,0.84575923392612
2013-08-30,155,-1,18.623705868262967,0.11503496503495189
2013-09-02,225,1,6.7053440565505,0.8567354698533017
2013-09-02,305,1,-2.4319554785985793,0.8652716214822966
2013-09-03,60,-1,-9.043028445087797,0.17261698440208306
2013-09-03,145,1,-5.030169994760403,0.845440956651647
2013-09-04,60,1,0.9867437640180391,0.9371900826446119
2013-09-04,195,-1,1.9062693275577307,0.11850703289402638
2013-09-05,60,1,-3.1908717418800854,0.9768325104443057
2013-09-05,150,-1,-5.042537400703084,0.18225165562916165
2013-09-06,65,-1,-5.860773126468866,0.1524064171123336
2013-09-06,145,1,5.069407419098626,0.9039985908049921
2013-09-09,65,-1,-4.891271166708888,0.17101226993860538
2013-09-09,145,1,-7.465001193411469,0.8943552563438909
2013-09-10,60,1,2.9380691005535646,0.8067708333332914
2013-09-10,170,1,22.61332428304326,0.8738535800482563
2013-09-11,60,-1,-1.331142045719202,0.1721938775510106
2013-09-11,140,-1,6.64315331855998,0.02430555555554655
2013-09-12,60,-1,4.540534219649572,0.019775521111600917
2013-09-12,140,-1,-0.2740688572596014,0.06936936936936688
2013-09-13,60,1,-16.074129099713108,0.812599681020618
2013-09-13,205,1,-8.511614302493964,0.8470168281489278
2013-09-16,65,-1,3.344605447248972,-0.08589743589747327
2013-09-16,145,-1,9.351497317637136,0.11015118790483736
2013-09-17,60,-1,-1.3515337396148737,0.08050161812299855
2013-09-17,160,-1,-1.6649721310831196,0.14792025596852024
2013-09-18,60,-1,1.355754791472608,0.1726190476190361
2013-09-18,140,-1,1.4280694428485234,0.05789473684214649
2013-09-19,75,1,0.3391847071036572,0.8409567771716595
2013-09-19,170,1,-1.7262771678146378,0.9280936454848797
2013-09-20,60,1,7.536927389169401,0.8698979591835773
2013-09-20,140,1,-1.3265779622691372,0.8441558441557758
2013-09-23,60,1,4.226206250766262,0.9732654360280594
2013-09-23,170,1,-1.6624547504347382,0.9343555342597296
2013-09-24,70,1,11.73950629770144,0.9975308641974024
2013-09-24,150,1,5.570804290027498,0.8586218601493476
2013-09-25,60,1,-6.029566458211777,0.8430121250799553
2013-09-25,145,-1,15.575224737001525,0.06427779830069667
2013-09-26,70,1,20.30462940579887,0.8740222313709226
2013-09-26,150,1,-8.782393559739354,0.9801941747572646
2013-09-27,60,1,-4.006171439741735,0.8722849695916985
2013-09-27,140,-1,7.987987263626106,0.0743276283618769
2013-09-30,595,1,71.83828316369029,1.0
2013-09-30,690,1,11.501736578623367,0.8356666666666704
2013-10-01,575,1,35.05178751823697,1.134708916728035
2013-10-01,655,1,15.679515129390209,0.9903329223181301
2013-10-02,590,1,-5.023861655539408,1.0
2013-10-02,670,1,17.597550333428426,0.8193265553586091
2013-10-03,590,-1,53.041623263085214,0.0
2013-10-03,680,-1,48.893028078751804,0.13599560861808577
2013-10-04,590,1,31.6541317219325,1.0
2013-10-04,715,1,24.904083842681015,0.8296577946768138
2013-10-07,585,-1,-32.66477159880892,0.0
2013-10-07,675,-1,6.090292301812861,0.19924471299092925
2013-10-08,140,-1,-0.4,0.0
2013-10-08,220,-1,-0.4,0.0
2013-10-09,585,-1,40.295757562655425,0.0
2013-10-09,665,-1,3.471241178007301,0.041281577325943786
2013-10-10,240,1,-0.4,1.0
2013-10-10,320,1,-0.34588875491752236,1.0
2013-10-11,585,1,15.38182782769888,1.0
2013-10-11,685,1,42.3550507160901,0.8784403669724805
2013-10-15,1205,-1,-0.4,0.0
2013-10-15,1285,-1,-0.4,0.0
2013-10-17,435,-1,-0.4,0.0
2013-10-17,515,-1,-0.4,0.0
2013-10-18,740,1,-11.445752654403885,1.0027608302941522
2013-10-18,820,1,40.05843677136895,0.8592863616528488
2013-10-21,575,1,-0.8133974069575608,0.9759174311926571
2013-10-21,680,1,-18.400856533083584,0.9096551724137969
2013-10-22,405,-1,-3.086563700569078,0.0
2013-10-22,485,1,-0.4,0.9367219917011161
2013-10-23,170,-1,-0.4,0.0
2013-10-23,250,-1,-0.4,0.0
2013-10-28,125,1,-12.825426745265034,0.883955002960254
2013-10-28,225,1,-0.4,1.0
2013-10-29,60,1,4.101261950378143,0.8261809200370188
2013-10-29,140,1,-2.200327961221093,0.9601398601399014
2013-10-30,75,1,0.2479510902956953,0.847398030942375
2013-10-30,155,1,3.558151967118351,0.8657015590200234
2013-10-31,60,-1,-2.099671081074605,0.12397577484856649
2013-10-31,170,1,6.172771620305673,0.9008881711748148
2013-11-01,70,1,4.305428347868689,0.865746549560894
2013-11-01,150,1,9.290905364774238,0.8963668850506438
2013-11-04,60,-1,9.14900258908431,-0.00596658711230394
2013-11-04,200,-1,-19.391150295719626,0.019674935842563843
2013-11-05,60,1,-2.7173936651788018,0.9575557994877434
2013-11-05,140,-1,7.53910434834455,0.08611410118399652
2013-11-06,60,-1,-5.367332277407977,0.15067765081052867
2013-11-06,255,-1,-7.593860845799982,0.03066500267427596
2013-11-07,90,1,-1.67346168050102,0.8535422343324656
2013-11-07,185,-1,1.792881078282305,0.15419119708443532
2013-11-08,65,-1,0.9188276313313984,0.17070805043641082
2013-11-08,175,1,15.384371189286883,0.8105823418910376
2013-11-11,60,1,5.04606387965052,0.8579141801648106
2013-11-11,140,1,-14.390364968886615,0.9903063202791426
2013-11-12,65,1,-10.82458464545537,0.8906896551723976
2013-11-12,145,-1,18.541604709166172,0.18488204140588102
2013-11-13,70,1,0.45878272320094593,0.8350515463917381
2013-11-13,185,1,5.023054896214196,0.825675675675652
2013-11-14,60,1,-0.5117012989682032,0.8998576174654755
2013-11-14,165,1,-7.241637104761933,1.0336008024072267
2013-11-15,60,-1,3.0923125251173915,0.167134831460876
2013-11-15,155,1,-0.20697306865007337,0.8275340393343787
2013-11-18,105,1,-9.901590668080651,0.8469565217391114
2013-11-18,185,-1,-1.612198582722923,0.15406847487776873
2013-11-19,140,-1,15.618974596542222,0.1119782214155646
2013-11-19,220,-1,1.0261055424613645,0.10285766623924116
2013-11-20,60,-1,-1.6413505419872627,0.045785639958401146
2013-11-20,160,1,3.573480129046969,0.8431329530495509
2013-11-21,60,1,7.472238359600825,0.8680926916221644
2013-11-21,140,1,-11.88201151529249,0.8600577825929777
2013-11-22,60,-1,-12.137952418635622,-0.02789699570798
2013-11-22,140,1,6.671846968402795,0.9970588235294299
2013-11-25,105,1,-0.3766744671125807,0.8988350705089038
2013-11-25,205,1,-2.739680189318294,0.9580942878523024
2013-11-26,60,1,1.4785988274050426,0.8169848584593781
2013-11-26,140,1,-3.015003363395374,0.8459090909091365
2013-11-27,65,1,1.3575997336338745,0.8694581280788081
2013-11-27,155,1,-5.72591281274919,0.9951963831591335
2013-11-28,60,1,-4.764420165059446,1.023711725168028
2013-11-28,230,1,8.866336845297207,0.8003386482291568
2013-11-29,75,1,-1.1784680897016115,1.0945853324194215
2013-11-29,155,1,-1.2360596251288931,0.9037450722733219
2013-12-02,60,-1,-5.675986812898204,0.02413793103438543
2013-12-02,140,1,-11.375700874649164,0.9324734446129209
2013-12-03,65,-1,-4.9161594098042105,0.10170423309507944
2013-12-03,170,1,-8.142865686821699,0.8499184339314957
2013-12-04,60,-1,-10.95233275041756,-0.0052508751458663116
2013-12-04,140,1,-4.34681997844093,0.9758143163643851
2013-12-05,60,-1,-2.079299755006358,0.19892653471985694
2013-12-05,140,-1,-10.085817725451074,0.06776249580670465
2013-12-06,60,1,5.0632007638710785,0.836530775379651
2013-12-06,140,1,-2.1100240981415825,0.9483390327308537
2013-12-09,70,-1,4.128327266115628,0.09090909090909091
2013-12-09,155,-1,1.3506004502521045,0.10412926391380793
2013-12-10,90,-1,-12.029715986352096,-3.487444608567839
2013-12-10,210,1,-0.15575294125951233,0.82817643186309
2013-12-11,75,-1,4.4264266077058245,0.189010989011
2013-12-11,155,-1,2.597719795264642,0.008795504519925617
2013-12-12,60,1,-0.35386678515174597,0.8816626889419601
2013-12-12,150,1,-0.19820424843346418,0.9436069235063586
2013-12-13,70,1,-1.64847976684328,0.8998975934459597
2013-12-13,175,1,-2.319270746280066,0.9775874635569248
2013-12-16,60,-1,-7.571981381908222,0.18885552218879983
2013-12-16,150,1,10.059610847943778,0.9935108827903508
2013-12-17,70,1,-8.994212980485017,0.8293963254594601
2013-12-17,150,-1,6.37806545427706,0.18412775223808422
2013-12-18,60,1,2.7402881977893316,0.8506224066389423
2013-12-18,140,1,-6.957035264006528,0.905627490039866
2013-12-19,70,-1,1.880044870369702,0.0008888888889352394
2013-12-19,150,-1,-16.55851560909709,0.01589217461278982
2013-12-20,60,1,-2.78073556736218,0.9472140762466772
2013-12-20,170,1,-4.656168232542601,0.869273743016579
2013-12-23,60,1,-0.13255325216525693,0.8150183150182948
2013-12-23,150,1,12.143114317105086,0.9108761329304902
2013-12-24,60,-1,1.8986108541522833,0.1691836734693282
2013-12-24,160,-1,-10.168938253245097,0.10373665480427897
2013-12-26,365,1,-0.6151877862754948,0.9958287994196341
2013-12-26,535,1,-8.889047341174727,0.839674873365547
2013-12-27,60,1,-0.6733476552629899,0.8953488372093459
2013-12-27,160,-1,-3.1958213352974325,0.14876449823503812
2013-12-30,70,1,-0.16223057927438023,1.044213263979035
2013-12-30,160,1,-6.507903498481227,0.9283236994220776
2014-01-02,390,1,-2.6162978100581653,0.9912065175223387
2014-01-02,505,1,-38.177041415885114,0.8483677805678846
2014-01-03,60,-1,4.712710361159234,0.02013311148088023
2014-01-03,205,-1,-27.308555416469414,0.1312409551374834
2014-01-06,65,-1,-4.451339983528468,-0.04037632301061085
2014-01-06,160,1,-17.14377890295009,0.8800531914893484
2014-01-07,85,-1,-6.703833433671802,-0.012009607686046747
2014-01-07,165,1,2.214167314072269,0.9060521651050676
2014-01-08,60,1,0.0048331454886699765,0.8287350338366715
2014-01-08,140,1,-10.872299292411114,0.8193649141073478
2014-01-09,75,1,-7.779784431875703,0.8440111420612993
2014-01-09,155,-1,10.770082240187229,-0.0006712535660187153
2014-01-10,60,1,4.4589963657308385,0.8154538634658071
2014-01-10,140,1,8.709663153139546,0.83034584563476
2014-01-13,95,1,5.9148604002916105,0.9767441860465301
2014-01-13,175,1,-13.051702504733464,0.862841774988776
2014-01-14,130,-1,-10.76620713328329,0.0589721988205713
2014-01-14,210,1,14.059038179430727,0.8408425980105658
2014-01-15,65,1,-5.393591045850954,0.951989892608959
2014-01-15,170,1,22.452662772483436,0.9710144927536823
2014-01-16,65,-1,7.017961342267576,0.054667519181671335
2014-01-16,145,-1,-1.4938033541441071,0.06732047872343666
2014-01-17,75,-1,5.142189606160263,0.15673799884312312
2014-01-17,155,-1,-0.1556501732387524,0.19018952062423033
2014-01-20,110,-1,9.153909354915735,0.17241379310350297
2014-01-20,290,1,6.268076631888286,0.8079968329374595
2014-01-21,60,-1,0.5305677377158261,0.015013054830375946
2014-01-21,140,-1,6.031851882847672,0.17262578870732898
2014-01-22,120,-1,-5.523873438392934,0.19116321009917872
2014-01-22,205,-1,14.416034468897454,0.13941405686244512
2014-01-23,65,-1,-12.192042689844351,0.03994673768308644
2014-01-23,165,-1,-23.581891189723024,0.16185897435895558
2014-01-24,60,1,5.601933003940696,0.96867728655813
2014-01-24,150,1,-25.19205748111002,0.8740454022387119
2014-01-27,760,1,72.1282903808866,1.0049101951156496
2014-01-27,840,1,45.95772879805211,0.894668475593917
2014-01-28,605,1,-23.602114388992668,0.8002635993290118
2014-01-28,700,-1,-6.350918680237561,0.17748431569977882
2014-01-29,575,-1,-22.472865185001066,0.1920358558869084
2014-01-29,720,1,-34.12100435254488,0.8129511186458055
2014-01-30,435,-1,-0.4,0.0
2014-01-30,515,-1,-136.5529573149012,0.0
2014-01-31,635,-1,-54.93883511111313,0.19323355722850535
2014-01-31,725,1,-13.228588940342334,0.8146328269395446
2014-02-03,575,1,-90.85231831750988,0.9056634568304262
2014-02-03,655,-1,54.621886636681396,0.13398825002407166
2014-02-04,575,1,-6.359844176954832,0.8343545046599952
2014-02-04,665,1,25.45971724053282,0.8383382494047397
2014-02-05,590,-1,51.02034748841118,0.00522657470770011
2014-02-05,670,-1,-109.20130811513178,0.12667366481715547
2014-02-07,530,1,32.14838095737345,0.8807201205488052
2014-02-07,660,1,52.27297985425357,0.8232764697589235
2014-02-10,65,-1,6.1502263098971,0.1580584940883074
2014-02-10,150,-1,9.006806448214455,0.09038461538459465
2014-02-11,80,-1,-1.8345080236344287,0.06568446899937208
2014-02-11,185,1,5.537599255754211,0.8225099601593467
2014-02-12,60,1,-7.805653791754397,0.974550898203597
2014-02-12,240,1,6.3350732318494085,0.9252550123109832
2014-02-13,60,-1,-3.711161940755536,-0.0131759538841618
2014-02-13,185,1,-17.246405915686978,0.8981832440203938
2014-02-14,65,1,14.834403189785528,0.851483420593349
2014-02-14,145,1,1.6251585529229566,0.8257014976760504
2014-02-17,80,1,9.209029048687212,1.0452488687783177
2014-02-17,160,1,7.382181803110965,0.8088410991636701
2014-02-18,95,1,-1.8659005111306022,0.9103531542408644
2014-02-18,185,-1,11.308656771115544,0.06804562149620069
2014-02-19,60,-1,-10.651369572085168,0.18244013683008783
2014-02-19,140,1,3.5793444009683655,0.9801006404391621
2014-02-20,65,-1,-14.915437787194774,0.15041381792015854
2014-02-20,145,1,8.039019856372187,0.8933691756272281
2014-02-21,65,-1,-3.459737710369159,0.09121621621622801
2014-02-21,195,-1,2.166405748748446,0.017384273296903847
2014-02-24,60,1,5.423647503599982,0.9247199402538688
2014-02-24,140,1,10.627377148851158,0.9024089635854255
2014-02-25,60,-1,2.9294873729117215,0.015206372194031037
2014-02-25,185,-1,0.9247431342078286,0.1945658369751604
2014-02-26,70,-1,-3.484751935884533,0.16785714285723502
2014-02-26,180,1,-12.240644390576083,1.0020299416392453
2014-02-27,90,1,-1.2246337635986477,0.8506475613116753
2014-02-27,200,-1,7.932289986505703,0.08634087376964683
2014-02-28,85,1,-9.17229726899298,0.8141545110750631
2014-02-28,185,-1,9.636863152915742,0.08654524918817193
2014-03-03,90,-1,3.754071030522122,0.0043586550435542855
2014-03-03,175,-1,-22.276493969485987,0.1294142980189712
2014-03-04,65,1,0.46277869915774017,0.9984355444305447
2014-03-04,145,1,-15.522889693437447,0.840896265560177
2014-03-05,60,-1,3.92193635666156,0.09935117599363784
2014-03-05,195,1,-0.9190958694767378,0.9611829944547453
2014-03-06,80,-1,-6.991296968352367,0.12845528455288702
2014-03-06,160,1,3.5751089605766233,0.9059926157341927
2014-03-07,60,1,-4.2163892717058005,0.8643277723257273
2014-03-07,190,-1,6.1234814434089735,0.12293314162468728
2014-03-10,65,-1,-0.2430151060069271,-0.019706801249670464
2014-03-10,160,-1,-1.626734027814924,0.03264469326602797
2014-03-11,60,-1,-1.48234192881973,0.16543209876544795
2014-03-11,175,1,-5.817245239069946,0.8247216671424478
2014-03-12,60,1,-8.477875274675739,0.9700777977258046
2014-03-12,140,-1,-6.658636171223575,-0.0037499999999681677
2014-03-13,60,1,-14.011838561067291,0.9352517985611949
2014-03-13,140,-1,-2.8835732639294505,0.08556008950902635
2014-03-14,60,-1,15.936635966709423,0.15667254556153723
2014-03-14,140,-1,-7.396571077018121,0.00021927420243475856
2014-03-17,60,-1,-12.544370063245092,0.13860860329259797
2014-03-17,140,1,16.776707271253645,0.8983211910041431
2014-03-18,60,1,-11.897658819945578,0.8366336633661461
2014-03-18,140,-1,9.166224499980569,0.0778133089690828
2014-03-19,60,1,-8.554405187292824,0.8851830826000905
2014-03-19,215,1,-3.0311620803931567,0.8292911540714816
2014-03-20,60,1,-7.30385973925789,0.9831750339212683
2014-03-20,220,1,3.3762131220686613,0.9092942623867389
2014-03-21,60,1,5.767404214698635,0.8745746232376106
2014-03-21,140,1,3.664901304681179,0.9825503355705092
2014-03-24,75,-1,-17.206782611891168,0.11804613297149305
2014-03-24,155,1,12.935617979435277,0.9642341040462381
2014-03-25,65,-1,17.117808253956213,0.17411764705883864
2014-03-25,145,-1,-1.5113460972267396,0.05213620981387004
2014-03-26,65,-1,3.027697723276113,0.0
2014-03-26,195,-1,1.143723703726352,0.15326934613077173
2014-03-27,70,1,-2.8870843090907257,0.8834048640915442
2014-03-27,190,1,-6.507698431901954,0.9028180142217173
2014-03-28,65,1,-6.225689975776927,0.8253250423968523
2014-03-28,160,-1,-12.945524494897986,0.16200852676460514
2014-03-31,65,-1,3.775126620405978,0.02149681528666139
2014-03-31,145,-1,-6.039415074623067,0.11071187963169571
2014-04-01,65,1,3.2832330551805904,0.9641089108910933
2014-04-01,160,-1,-3.4359899776155607,0.14849315068490487
2014-04-02,70,-1,-2.698465896852786,0.15883668903803042
2014-04-02,165,1,-0.648310804358276,0.8728613569321538
2014-04-03,60,1,-0.9075599139003906,0.9404418828050897
2014-04-03,140,1,-0.5964700338175085,0.8362552594670244
2014-04-04,65,-1,3.6429524586671485,0.13497822931784972
2014-04-04,145,-1,-4.920736061521813,0.0755813953488577
2014-04-07,60,-1,16.128491081907463,0.12349691257708245
2014-04-07,140,-1,30.316608473885246,0.1014804399966812
2014-04-08,70,1,-3.6728836467099675,0.8424345847553825
2014-04-08,155,1,-10.075388167358357,0.995005549389559
2014-04-09,60,1,-10.495379153112205,0.898443291326895
2014-04-09,175,1,5.534258587860785,0.8379637927944003
2014-04-10,60,1,5.865312351116936,0.8117088607594075
2014-04-10,150,1,9.459547949027103,0.9104592821304643
2014-04-11,65,-1,-6.490278854522513,0.1132776230269688
2014-04-11,145,1,6.806761294076269,0.8822174699786357
2014-04-14,70,1,-11.417475455673554,0.9538389072066974
2014-04-14,150,-1,-18.235516132667094,0.062197940743816106
2014-04-15,70,-1,-7.625998417983437,0.03938730853378403
2014-04-15,155,1,-3.9902001895626866,0.8211693548386765
2014-04-16,75,-1,-5.607858769931129,0.04886211512723282
2014-04-16,190,-1,-4.243186599519211,0.12189492196086271
2014-04-17,60,1,-7.454424082754141,0.862612612612666
2014-04-17,190,-1,-17.55942525780667,0.020729197294858615
2014-04-21,75,1,-3.91213011821061,0.8840135010740411
2014-04-21,335,-1,-3.0616109244725904,0.024854249769908132
2014-04-22,70,-1,19.567819018337218,0.12371134020624268
2014-04-22,205,1,-0.7565602881683283,0.8834085536213162
2014-04-23,150,1,-2.434234128938106,0.9492168960605581
2014-04-23,230,1,-7.544828568631523,0.8588616381304695
2014-04-24,85,1,2.3672693164282337,0.8537653239930456
2014-04-24,165,1,10.900822107729313,0.9094120615695417
2014-04-25,65,-1,-4.825446680469403,0.16141235813368215
2014-04-25,155,-1,10.305892447430143,0.0150291610587721
2014-04-28,105,1,2.373249926641963,0.8864123446207187
2014-04-28,185,1,28.91681901078509,0.8100701083492431
2014-04-29,75,-1,-5.77889565533245,-0.0012195121951855238
2014-04-29,180,1,-0.5068259235026403,0.8010021474588167
2014-04-30,60,-1,16.268746395605007,0.17667436489601246
2014-04-30,140,-1,-11.66567287840663,0.15314120342457052
2014-05-01,115,1,5.052398385599188,0.849879518072281
2014-05-01,195,1,15.213965210814484,0.8439490445859777
2014-05-02,60,-1,-0.8870604731488371,0.11642791831760677
2014-05-02,145,-1,-9.673905007045613,0.16759002770083015
2014-05-05,75,1,9.533744326415805,1.0004940711463457
2014-05-05,155,1,3.5410004618756212,0.948546608753759
2014-05-06,60,1,4.1607989476015295,1.0316774658026386
2014-05-06,160,1,1.7725335709144034,0.84157334061734
2014-05-07,65,-1,5.67729132874768,0.19695465077796032
2014-05-07,175,-1,-6.40367711143246,0.10713122761320848
2014-05-08,60,1,-5.965075010105503,0.8062880324542583
2014-05-08,140,-1,-8.986712823539511,0.11019430396598558
2014-05-09,65,-1,-5.707611108678057,0.16941297631317045
2014-05-09,145,1,-13.336552143344438,0.8522114347358465
2014-05-12,60,1,-5.118832044127153,0.9491945477075355
2014-05-12,215,1,-1.9389817332966959,0.827425915165587
2014-05-13,60,1,-10.434258601286928,0.9837235228539881
2014-05-13,155,-1,-5.9367291385044485,0.0508547008546661
2014-05-14,60,-1,-3.513420669627054,0.07977026164645783
2014-05-14,155,1,-12.912275751412894,0.835526315789345
2014-05-15,100,1,-0.5055343314293467,0.909129875696536
2014-05-15,180,1,-15.489477491435633,0.9450951683747831
2014-05-16,70,-1,-12.544016924144907,0.09274004683835473
2014-05-16,160,-1,3.100986705514686,0.06571325126724499
2014-05-19,65,-1,18.342129170599144,0.08506308506319045
2014-05-19,145,-1,1.2014054358903796,0.04698955787600274
2014-05-20,70,-1,7.740799596362269,0.16754270696430051
2014-05-20,150,-1,-18.951216695152915,0.0934619506966126
2014-05-21,65,1,10.516445156461396,1.0200886262925306
2014-05-21,145,1,-0.4499561634670354,0.9720954492111168
2014-05-22,95,-1,2.713656706992263,0.0973221998272827
2014-05-22,175,-1,12.206173151517019,0.10336582674274718
2014-05-23,60,1,-4.945129715537444,0.9409131602506418
2014-05-23,145,-1,-1.6216433568346118,0.19355783308933097
2014-05-26,80,1,-2.3590293865279217,1.0116110304786792
2014-05-26,170,1,15.76311544457627,0.8496557000765018
2014-05-27,85,1,-5.794316396445387,1.0486564996368828
2014-05-27,185,-1,-10.791181464584065,0.07070707070714241
2014-05-28,65,1,9.447363185950808,0.9526493799324355
2014-05-28,145,1,-14.11328584865661,0.8871987356776128
2014-05-29,75,1,-1.3490351968388654,0.8999230177058419
2014-05-29,195,-1,-5.457163431652079,-0.02741549108332813
2014-05-30,60,-1,1.971680685487876,0.09849521203843305
2014-05-30,140,-1,-3.624469731530899,0.15880503144658828
2014-06-02,75,-1,-6.425846923152223,-0.14898255813945996
2014-06-02,155,1,-8.21120052883999,0.862787356321822
2014-06-03,70,-1,-1.6132137226283922,0.188740526885505
2014-06-03,195,-1,0.9505034317007336,-0.05506607929521344
2014-06-04,75,-1,-1.497763782706984,0.030123722431430133
2014-06-04,170,1,8.709205556534494,0.8170532505715867
2014-06-05,60,1,1.3025721401453532,0.9538626609445546
2014-06-05,145,1,0.8531807142712736,0.9954476479514339
2014-06-06,60,-1,1.1336664915288623,0.024036469125566708
2014-06-06,180,-1,4.068549507241626,0.005659950192459005
2014-06-09,85,-1,-1.1482105517175873,0.01626016260161099
2014-06-09,185,-1,-3.9694222307514067,0.016921397380007985
2014-06-10,65,-1,0.3392147902085533,0.13835566823617038
2014-06-10,145,-1,6.731287235629946,0.19175572519076992
2014-06-11,60,-1,0.8695185179822932,0.18181818181853637
2014-06-11,175,1,-7.1679631485728645,0.8188727042431755
2014-06-12,100,-1,-1.2054713086380615,0.17677573822831433
2014-06-12,195,-1,-3.7723358941317726,0.11612451906257042
2014-06-13,60,1,-0.6674169167404816,0.948881088196539
2014-06-13,140,1,-10.375519207507944,0.8278414096915797
2014-06-16,60,-1,-15.42003646280059,0.027498323272778673
2014-06-16,140,1,2.2517179495821886,0.8586082617133366
2014-06-17,60,1,1.1727588648739578,0.9539325842697238
2014-06-17,160,1,11.509251818302824,0.8350482315111403
2014-06-18,60,1,-3.8428214000703504,0.8164973102212609
2014-06-18,140,-1,-6.223178047703604,0.043267286696309255
2014-06-19,95,1,6.369954018976953,0.8157480314957625
2014-06-19,180,1,-5.060278802819385,0.9298655756867055
2014-06-20,65,1,-4.066182850012856,0.812171299774624
2014-06-20,145,-1,-4.0963937223521985,0.19946666666655802
2014-06-23,60,1,-1.9904914854902862,0.8830364058870073
2014-06-23,150,-1,35.333874268747415,-0.014607425441473856
2014-06-24,60,1,7.594244564939467,0.8884866039102012
2014-06-24,140,1,0.24422129553598493,0.9229009380004617
2014-06-25,60,-1,-9.632785322847992,0.19367787255392838
2014-06-25,140,1,-1.387325635001257,1.0124426981009054
2014-06-26,60,1,2.763803163332979,0.9493192133131608
2014-06-26,185,-1,2.9985200347852463,0.18451584114229722
2014-06-27,60,1,2.4581613856126787,0.8925747348119094
2014-06-27,140,1,1.3134732626233885,0.9679066374909097
2014-06-30,65,-1,5.225356953758986,0.005852231163324408
2014-06-30,145,-1,-8.930298578683926,0.057283566614824685
2014-07-01,125,1,2.714557900045778,0.8004201680673125
2014-07-01,240,1,0.3440815700077152,0.886065573770393
2014-07-02,60,-1,-3.5943573885051534,0.08150789607758202
2014-07-02,170,-1,-4.079311894215776,0.17200251098550753
2014-07-03,60,1,1.1626311012861827,0.9960380348655662
2014-07-03,145,1,2.1271508362689766,0.8052580331060983
2014-07-04,160,1,-6.748986264932411,1.93511450381739
2014-07-04,320,1,-6.690940179479732,0.898418654516125
2014-07-07,60,-1,3.299379728827612,-0.007076755579706065
2014-07-07,140,-1,-0.13201864231442395,0.12775685852607008
2014-07-08,70,-1,-5.362493525098033,0.1224147568471915
2014-07-08,150,1,0.4538504565280824,1.0153121319199927
2014-07-09,80,1,-1.245334323261726,0.8105954055320993
2014-07-09,180,1,7.065926534662159,0.8465207631874163
2014-07-10,65,1,6.2691494866844,0.9821693907876025
2014-07-10,145,1,-22.966203235663272,0.8362749651649046
2014-07-11,65,-1,-4.924846068911792,0.1824817518248704
2014-07-11,145,1,15.95382781299377,0.9174820613176214
2014-07-14,60,1,4.241131832692213,0.9953307392997208
2014-07-14,140,1,3.1347474879143804,0.9535928143712358
2014-07-15,95,-1,3.263983223027856,0.049608355091393115
2014-07-15,195,1,-7.847834633651507,0.9554759467758506
2014-07-16,60,1,-0.4204025421557397,0.9180658159836833
2014-07-16,150,1,6.379420748341813,0.8036065573771283
2014-07-17,65,-1,0.5719660500673299,0.09473270440249795
2014-07-17,210,1,3.7538203800350893,0.8723489395757565
2014-07-18,75,1,11.510538507347023,0.9696745562130642
2014-07-18,155,1,1.1727139534482682,0.8579274990845619
2014-07-21,85,-1,-2.1668140960758193,0.1751101321586816
2014-07-21,185,-1,2.18481684690004,0.16189039718457068
2014-07-22,60,-1,-8.887362061315729,0.1518921721097211
2014-07-22,165,1,-3.095772891034842,0.9213000268601481
2014-07-23,110,-1,-11.961497583136849,0.09943795936014184
2014-07-23,190,1,2.442719356443979,0.8594664931685256
2014-07-24,65,1,4.213662263857065,0.9034197670048643
2014-07-24,190,-1,-25.179212792747084,0.18869720404519136
2014-07-25,60,-1,-8.990978640310443,0.07961678229269309
2014-07-25,140,1,-0.48565183185371696,0.9527428164332404
2014-07-28,100,-1,-26.84128629898379,0.1624248033316624
2014-07-28,180,1,-24.722489913498613,0.9574859820905676
2014-07-29,65,1,2.153602307731051,0.8525190839694164
2014-07-29,180,1,-19.39815616514644,0.8129507211538611
2014-07-30,85,1,0.973985141801537,0.9314040728830882
2014-07-30,170,1,-13.422450563688892,0.9014510278113596
2014-07-31,60,1,1.9547769988407908,0.8159733777038723
2014-07-31,195,1,-49.16000561860216,0.9671953074082473
2014-08-01,515,-1,-41.41414066548736,0.10426622643151198
2014-08-01,595,1,-71.35793078443768,0.994446781657549
2014-08-04,60,1,4.153545556151839,0.8177982355197874
2014-08-04,140,1,-3.339957283243366,0.9963262307127425
2014-08-05,75,-1,1.5560344046432033,-0.022533022533023084
2014-08-05,165,1,-1.3980441925760974,0.8921355819001876
2014-08-06,60,1,6.924265955672704,0.8874128196612602
2014-08-06,140,1,11.780559795651468,0.8591504311721332
2014-08-07,65,1,5.871042782246549,0.9911678115799661
2014-08-07,170,-1,-5.830262442027712,0.18803648068669784
2014-08-08,65,1,-3.1817186906231583,0.8598396689940807
2014-08-08,155,-1,6.236459394173677,0.17850230757773977
2014-08-11,60,1,-0.6007110833435189,0.9007508978125768
2014-08-11,210,1,13.333807524469732,0.8388179986568486
2014-08-12,65,1,-0.41022302291153745,0.8537414965986375
2014-08-12,145,1,-0.573775267690024,0.8977659977281431
2014-08-13,65,-1,-15.486808652431394,0.12885154061639456
2014-08-13,145,1,13.38505735554869,0.908342480790324
2014-08-14,75,-1,3.364395456075098,0.19855421686739436
2014-08-14,155,-1,-0.516602763282625,0.0015754233950001704
2014-08-15,60,-1,-4.067026909484062,0.0036231884058759013
2014-08-15,160,-1,-3.963978446989857,0.18952802359886642
2014-08-18,60,-1,-9.408094026390357,0.15536938309227907
2014-08-18,185,1,12.01840582650644,0.980296527506805
2014-08-19,60,1,-0.8302879969797502,0.9732984293194059
2014-08-19,200,1,-8.414773418678623,0.9297194623027768
2014-08-20,105,1,-3.0157377161362127,0.8147977941177365
2014-08-20,185,-1,2.6408706910656226,0.10753676470585066
2014-08-21,95,1,3.0128509441067046,0.888888888888861
2014-08-21,185,-1,-18.979393646287466,0.12506841817183373
2014-08-22,105,1,1.5871371746704726,0.8686468646864514
2014-08-22,185,-1,-1.3778538330773578,0.01824940858400881
2014-08-25,65,-1,-14.139328188127065,0.03147268408570793
2014-08-25,145,1,-10.077172470026197,0.945197407189141
2014-08-26,60,1,-3.1782487484961925,0.804997284084568
2014-08-26,140,-1,-4.011268931469347,0.0973489787049834
2014-08-27,60,1,2.2491555601815265,0.8706270627063174
2014-08-27,140,1,-1.4749764143291872,0.8440667859272012
2014-08-28,80,-1,-2.8910877282979803,0.02557544757030422
2014-08-28,200,-1,6.012492094987065,0.055639097744347533
2014-08-29,60,1,-0.5595772626461489,0.974096385542368
2014-08-29,145,1,16.029020347239477,0.810208126858372
2014-09-01,60,1,-3.012009810581961,0.9931432695776862
2014-09-01,155,-1,-0.9953410520231906,0.0
2014-09-02,70,1,3.3493257576715068,0.8156848572461888
2014-09-02,150,1,2.302941362806577,0.9954001839926444
2014-09-03,85,1,6.642277595641355,0.9426111908178398
2014-09-03,225,1,14.430862539445544,0.8259456264775593
2014-09-04,70,-1,-3.2988163248566678,0.09532062391692173
2014-09-04,150,1,3.359952454160942,0.8890503875969811
2014-09-05,175,-1,18.690630631913855,-0.6006493506491877
2014-09-05,255,-1,4.452381308587672,0.1903397866456032
2014-09-08,125,-1,-0.21137182899493256,0.05674102812811307
2014-09-08,265,-1,-4.262657998887631,-0.009326947315302815
2014-09-09,75,1,-0.4073420486701448,1.0005078720161245
2014-09-09,155,1,17.372446614756633,0.8614357262103577
2014-09-10,60,1,-3.0541349477438025,0.9620205089252122
2014-09-10,140,1,-10.471085963894167,1.0407659048794304
2014-09-11,65,-1,-3.280135742899803,0.15527699150829816
2014-09-11,180,1,-8.976216141176208,0.8026481715005679
2014-09-12,60,-1,-2.079361285369385,0.12215320910968017
2014-09-12,140,1,-3.430626682273274,0.8720379146920322
2014-09-15,60,1,3.568218735910245,0.961023851076204
2014-09-15,140,1,-0.057317516030818916,0.8308862087047902
2014-09-16,60,1,-3.631347092308434,0.8935251798560175
2014-09-16,140,-1,14.51934423366037,0.0
2014-09-17,115,1,-3.1841432334618776,1.0435323383085549
2014-09-17,195,1,1.899605053912579,0.8016438356163994
2014-09-18,90,1,-9.494748421186738,0.8709844559584387
2014-09-18,170,-1,-10.62193569888863,0.13696672790362058
2014-09-19,95,-1,0.36701225908859525,0.03997564935048936
2014-09-19,185,-1,-3.5005636373082623,0.07026776040856007
2014-09-22,75,1,-2.6530098151796184,0.920210764019566
2014-09-22,170,-1,5.098011662850022,-0.015723270440308832
2014-09-23,65,1,-6.172460634477783,0.8638065073423662
2014-09-23,145,-1,15.676088887662099,0.15577310682412154
2014-09-24,70,1,7.640036219671975,0.8526852685268608
2014-09-24,150,1,-14.37322115935018,0.8578747072599502
2014-09-25,60,1,-5.3599282289336525,0.8656838656836903
2014-09-25,150,-1,-7.930216246092181,0.024732461355593583
2014-09-26,60,1,0.2617628217164828,0.9862021386685184
2014-09-26,165,-1,-2.494192860471189,0.050429799426956495
2014-09-29,60,1,-3.0646746699188205,0.848894348894367
2014-09-29,165,-1,10.345765002670992,0.18072623117436526
2014-09-30,60,1,1.0607759414397848,0.8965289982425331
2014-09-30,140,1,11.779467217510176,0.9503424657534312
2014-10-01,80,-1,-3.135687789261476,0.17739520958079313
2014-10-01,190,1,-1.988989857154166,0.9171134020618451
2014-10-02,70,1,-20.87823270773574,1.0072536268134058
2014-10-02,195,-1,19.73843764661072,0.10828095710662423
2014-10-03,70,1,14.724381895399441,0.9579233118424683
2014-10-03,255,1,9.697745678276926,0.8080789617985827
2014-10-07,90,-1,7.19789989959958,0.040050062578272816
2014-10-07,185,-1,23.68429403100265,0.13122358519737556
2014-10-08,60,1,-5.5901392393416405,0.9561978545888127
2014-10-08,175,-1,-5.792405989153027,0.14188248398777475
2014-10-09,65,1,-22.82601120855836,0.9954621447337524
2014-10-09,160,-1,-32.46531212118779,0.1907059874888297
2014-10-10,80,-1,-23.076923216893295,0.18372241765268701
2014-10-10,165,1,1.650981910743932,0.800992604126109
2014-10-13,60,1,2.525726444578114,0.9312770562770802
2014-10-13,140,1,17.59945892156485,1.0397872759504105
2014-10-14,60,-1,13.306224943185185,0.04715479506567174
2014-10-14,140,-1,-5.57005556173622,0.17371074059711822
2014-10-15,90,1,12.713124984129864,0.8438630670748829
2014-10-15,170,1,-42.56852047584485,0.9329260281172154
2014-10-16,60,-1,-13.462308594249395,-0.1150442477875671
2014-10-16,215,-1,8.041216226821035,0.016963208685155832
2014-10-17,70,-1,-8.846619046817983,0.09133082052770318
2014-10-17,175,1,76.40794159714565,0.8919102139198581
2014-10-20,75,1,-12.3931481127733,0.802077322561982
2014-10-20,155,-1,15.614827093380201,0.18142774230988817
2014-10-21,135,-1,-21.396553860279653,0.07944766860115007
2014-10-21,220,1,36.82298207121,0.8550429557530764
2014-10-22,65,1,-12.241987947041055,0.9681034482757941
2014-10-22,170,-1,4.081630971641115,0.04789757587574534
2014-10-23,90,1,6.109452230225587,0.8295977438028611
2014-10-23,170,1,45.99849108298178,1.039435028248606
2014-10-24,80,1,8.365483872987811,0.963573883161512
2014-10-24,180,1,7.41222852505925,0.8129832137633245
2014-10-27,80,-1,-8.67413790674747,0.12891511575119446
2014-10-27,180,1,-4.173446984550733,0.8109396277802784
2014-10-28,60,1,-5.855273542119832,0.8651672021896665
2014-10-28,155,1,12.53385917539247,0.8185210312075973
2014-10-29,60,1,-1.743793875236976,1.3107031520609709
2014-10-29,145,1,7.714008302968489,0.8977457587729336
2014-10-30,65,1,4.046368345971674,0.8395061728395246
2014-10-30,165,1,8.703324941690527,0.8405984484669755
2014-10-31,60,1,72.84703618924121,0.8935917133369742
2014-10-31,140,1,-7.48840087071061,0.9313152471367313
2014-11-03,65,1,1.9483071836283288,0.8896889400919795
2014-11-03,165,-1,-7.901418112612069,0.16846861384538478
2014-11-04,60,-1,-5.339941096073764,0.014114211551011419
2014-11-04,140,1,11.650268895957838,0.8921104536489136
2014-11-05,60,1,-7.281071586640753,0.9147123143050843
2014-11-05,205,-1,-14.885907731065506,0.08843486127863115
2014-11-06,75,1,3.6883864227914125,0.921830985915446
2014-11-06,190,1,-6.120785133103146,0.8014423076922518
2014-11-07,70,1,7.137688442211809,0.8028895768835981
2014-11-07,175,-1,-9.293084141705643,0.15070643642071813
2014-11-10,90,1,-26.94685120578759,0.8945702459215983
2014-11-10,205,1,-19.723615834992977,0.9947822846139613
2014-11-11,60,-1,3.928836512120793,0.05787983642660944
2014-11-11,140,-1,-7.491407330723776,0.17683426443207997
2014-11-12,70,-1,-2.0319236814843484,0.12677575975543356
2014-11-12,170,-1,3.127687198970897,0.12643678160924088
2014-11-13,75,1,15.76149223097496,0.9512046355596662
2014-11-13,255,1,-2.158563265678026,0.8106306614254181
2014-11-14,60,1,9.120948934687023,0.9876581302067375
2014-11-14,145,1,-8.900490686440543,0.8068291118948444
2014-11-17,85,1,-1.5851473252122434,0.8396985962015001
2014-11-17,180,1,1.9866801872296507,0.8017612891137352
2014-11-18,80,1,6.996561962274006,0.981504100505904
2014-11-18,240,-1,-7.417234108646076,0.1970643801773231
2014-11-19,75,1,2.196207038199072,0.9629525680604791
2014-11-19,185,-1,-7.564065838614065,0.19417781274591447
2014-11-20,60,-1,-9.713126154963936,0.050209205020904576
2014-11-20,140,1,-30.94733239600038,0.8288848861961556
2014-11-21,65,1,4.191071412201053,0.800898509291326
2014-11-21,150,1,9.05509966967073,0.8708952428518356
2014-11-24,65,-1,-15.91986000827288,0.18097964376602182
2014-11-24,150,1,-2.6321779971623545,0.8813238243815814
2014-11-25,70,1,5.659117066024022,1.0279518072289147
2014-11-25,150,1,-3.923115069189453,0.9210526315789426
2014-11-26,65,-1,-7.177493040261984,0.05059896298935361
2014-11-26,175,-1,-2.2979291380794016,0.19864808939171608
2014-11-27,70,-1,5.951703702056621,0.0393925011867772
2014-11-27,150,-1,4.159911722706866,0.06049317012601852
2014-11-28,60,1,-2.2942465264826235,0.9995157384986908
2014-11-28,180,-1,20.446309313469204,0.02845399936773072
2014-12-01,60,1,-15.494737270228143,0.8871428571428934
2014-12-01,140,-1,-23.54150505715151,0.07364699941082206
2014-12-02,70,1,13.785904566408336,0.8038516405134933
2014-12-02,225,1,-2.904627281461058,0.9611868935452335
2014-12-03,160,-1,2.0634531617384604,0.016875602700244966
2014-12-03,240,-1,-11.739606085898346,0.009469964664312226
2014-12-04,60,1,-1.6608998884888755,1.0586666666667615
2014-12-04,150,1,-8.725312031164378,0.8578296703296615
2014-12-05,60,-1,-2.332781434905717,0.11187607573156612
2014-12-05,140,1,6.925653845922097,0.9183114035085672
2014-12-08,65,-1,2.7657760360725985,0.11249377799883345
2014-12-08,160,-1,19.615774082100536,0.11519559661871127
2014-12-09,75,-1,15.4916444713042,0.04095277893855209
2014-12-09,155,-1,8.548200590744859,0.17965632380487417
2014-12-10,60,1,5.9887732995482335,1.012401352874822
2014-12-10,210,1,-8.99017834524578,0.8974434611603089
2014-12-11,110,-1,-10.850079066985918,0.08680339755540262
2014-12-11,210,1,5.3548998085632515,0.8331950207469542
2014-12-12,70,1,-5.319637252439602,0.9900388726918932
2014-12-12,155,1,-15.68967691270755,0.8602805178791598
2014-12-15,75,-1,4.309403171789805,0.08988044406478034
2014-12-15,160,1,17.655473319491534,0.8797081231891668
2014-12-16,60,-1,-14.788361200763367,0.0003980574795087382
2014-12-16,180,1,-32.12560385454215,0.9686330706153775
2014-12-17,80,1,6.657190574404348,0.8659052453468771
2014-12-17,170,1,-12.552149000067558,0.9524256117316071
2014-12-18,70,1,18.28864742267773,1.0025451180008127
2014-12-18,155,1,54.79558377719447,0.9941385806991319
2014-12-22,60,-1,-7.232496914637165,0.030390045465519214
2014-12-22,145,1,20.79688328604541,0.8322580645161299
2014-12-23,60,1,-20.288363585163214,2.093047034764247
2014-12-23,170,-1,-9.878005383620758,0.13279226385774662
2014-12-24,95,-1,4.273089264646268,0.01779619697715905
2014-12-24,180,-1,-5.423560944981132,0.08250787933355065
2014-12-26,65,1,-2.8003930119198546,1.0046003450257668
2014-12-26,145,-1,-7.224358225883121,0.0
2014-12-29,65,-1,-4.240739497555923,0.09981447124313984
2014-12-29,185,-1,8.389343257216142,0.15052245128504133
2014-12-30,60,-1,22.887421592753654,0.080723981900442
2014-12-30,140,-1,-0.9461147421925716,0.1474814015560129
2015-01-02,60,-1,-7.905156712135364,0.08569202804465244
2015-01-02,210,-1,8.069024595429974,-0.006296000709400764
2015-01-05,60,-1,11.924655808261253,0.15549234728432448
2015-01-05,140,-1,-14.105121247473695,0.14424936765364563
2015-01-06,60,1,5.165212545723952,0.8678872733800237
2015-01-06,150,1,-24.13071624336198,0.8499655884377215
2015-01-07,60,-1,-15.36763862273376,0.11137123745823009
2015-01-07,165,1,-0.3198596134730721,0.8730239028708884
2015-01-08,60,-1,4.487892473052213,0.1783748786015911
2015-01-08,185,-1,-14.578267574407322,0.012577252520870216
2015-01-09,60,1,-2.87464258046004,1.0002416626390052
2015-01-09,155,-1,-7.530430428585744,0.18013029315970971
2015-01-12,125,1,20.733605355525555,0.8605782596607515
2015-01-12,205,1,1.8048536652863327,0.9402186555012647
2015-01-13,60,1,-10.865600882583193,0.889758643183379
2015-01-13,140,-1,-19.31499560247478,-0.025968211327509042
2015-01-14,85,-1,4.5590090677642525,-0.07379679144392125
2015-01-14,220,1,28.670005723352833,0.8375800256081767
2015-01-15,60,1,25.802835136224235,0.994313439065089
2015-01-15,145,1,-17.00663329746792,0.8446879709811751
2015-01-16,65,1,14.174241357807604,0.9102517985611459
2015-01-16,145,1,14.321250285842924,0.8290791066123891
2015-01-19,70,-1,5.844768313533599,0.19494648183891058
2015-01-19,185,-1,-12.014190649726908,-0.05099249491477041
2015-01-20,70,1,-2.6348411494643726,0.8650502081802793
2015-01-20,150,1,-5.2582174548728045,0.9914856136230636
2015-01-21,65,-1,15.710964838793595,0.1258426966292082
2015-01-21,145,-1,7.719791139596932,0.0038613020310587593
2015-01-22,70,1,-2.854796004069948,0.9689306358381734
2015-01-22,170,1,4.125992776513998,0.8582831536199734
2015-01-23,60,-1,-12.367927923195454,0.022984886649692282
2015-01-23,140,1,12.937523899812353,0.97975903614469
2015-01-26,60,1,13.597626795914097,0.8090531725636861
2015-01-26,140,1,-2.8871466140086173,0.9101568951280126
2015-01-27,60,1,-11.381283879517579,0.947725869520501
2015-01-27,145,-1,0.885370817774023,0.07852698839744986
2015-01-28,60,-1,-4.651670552222198,0.18722689075632967
2015-01-28,190,-1,21.307981323194625,0.18295618680794204
2015-01-29,130,1,7.511541751111084,0.8101343441663476
2015-01-29,310,1,-7.776149804477761,0.8102972356682749
2015-01-30,105,1,-6.3489929817113655,0.8226314132829148
2015-01-30,205,-1,37.684365938259035,0.10352258599252695
2015-02-02,100,-1,-13.48660867956224,0.1847735482078172
2015-02-02,180,1,-22.726017070771753,0.8402189718587362
2015-02-03,70,1,17.838276778477226,0.9188808373590608
2015-02-03,150,1,35.02531763450985,0.8816759699538561
2015-02-04,70,-1,1.4930803406214115,0.09886284520759958
2015-02-04,160,-1,-8.93994679978598,0.1202540782445023
2015-02-05,120,-1,-27.70138895816525,0.139909669472414
2015-02-05,210,1,8.176482060977941,0.9869092813195367
2015-02-06,75,1,0.8441166101817558,0.843861088323793
2015-02-06,165,1,1.5347898249333363,0.8451578573963099
2015-02-09,60,1,4.663292339468894,0.9045948789898549
2015-02-09,140,1,-21.435447263886285,0.8242580042066012
2015-02-10,130,1,-7.195012162859049,0.9482970236269511
2015-02-10,220,-1,-16.26421164808449,0.029700290914032007
2015-02-11,60,1,-5.249332977171495,0.9719873150106297
2015-02-11,165,1,-4.502931235947516,0.8869102682702078
2015-02-12,60,1,6.705168812815421,1.1276118356471645
2015-02-12,155,-1,-23.62951712199872,0.1897915168942512
2015-02-13,60,1,-0.08964554072359265,0.9390354868061644
2015-02-13,185,1,18.357196193150973,0.8387148853729616
2015-02-16,60,-1,2.2685017185346106,0.005519144532780013
2015-02-16,140,-1,-9.43550498598582,0.17609535000837992
2015-02-17,60,-1,-5.0522729202225225,0.006896551724198183
2015-02-17,200,-1,-17.962048949950614,0.0953883495145727
2015-02-18,60,1,-2.2924625269611805,1.0
2015-02-18,150,1,-0.42507408823126946,1.0012543116964268
2015-02-19,60,-1,1.9068692274119674,0.02922940655479122
2015-02-19,140,-1,15.544246892548585,0.04355800091713559
2015-02-20,60,-1,-0.8055454144036297,0.0
2015-02-20,145,-1,-2.532342077520999,0.02334630350198454
2015-02-23,60,1,-0.0014251415621387986,0.8578637510514503
2015-02-23,145,-1,6.223020809349844,0.002720163209728446
2015-02-24,60,1,-2.3425084934154845,1.0
2015-02-24,185,1,-7.935910230942467,0.9733740724575775
2015-02-25,60,1,-2.8708794824601642,0.9165474487362295
2015-02-25,155,-1,-8.114233649716018,0.06263550951561522
2015-02-26,60,-1,-6.705570799463034,0.05962190983983833
2015-02-26,165,-1,-2.2357538630242586,0.10904033379689769
2015-02-27,60,-1,-0.44262061128246233,0.05301556420208699
2015-02-27,140,-1,-2.4888658737217013,0.041680341319171595
2015-03-02,60,1,-0.7887786350631473,0.9068100358420514
2015-03-02,155,-1,-11.315688222228326,0.062076749435483435
2015-03-03,60,1,-6.1888445770082345,0.8997384481257295
2015-03-03,200,-1,-2.4770693334237754,0.183081423695814
2015-03-04,160,1,-14.534518325380485,0.8918478260871746
2015-03-04,240,-1,8.764373699596106,0.05880905511812045
2015-03-05,65,1,-2.6222252211756554,1.0093182932806852
2015-03-05,155,1,4.434978800305478,0.8033437234343083
2015-03-06,75,-1,-2.4454407014369735,-0.018943170488772164
2015-03-06,170,1,-1.5546755260660734,0.8685318148056498
2015-03-09,85,1,4.074281060256046,0.9830402010049988
2015-03-09,170,1,-15.217387672079186,1.0
2015-03-10,60,-1,-0.41815329275789426,0.16529605263159888
2015-03-10,140,-1,2.6565315378683345,0.17274819197902935
2015-03-11,75,-1,6.679706346495573,0.03286611889812821
2015-03-11,165,-1,4.002980102909959,0.14504901264380815
2015-03-12,110,1,-1.2055742031065626,0.9737012987012555
2015-03-12,195,1,3.5697052464915395,0.8108966528220226
2015-03-13,60,1,1.933970408852082,0.9816597890875877
2015-03-13,175,-1,-4.67557598561501,0.01949054419136668
2015-03-16,60,-1,-14.338148480474588,0.0
2015-03-16,140,1,-4.068366682892943,0.8693976591492947
2015-03-17,65,-1,1.8482561103254196,0.010679611650600314
2015-03-17,190,1,6.940182488724256,0.8249136086884539
2015-03-18,90,1,-4.794332725365935,0.9740983606555317
2015-03-18,180,-1,1.6069180451398606,-0.031803278688441586
2015-03-19,65,-1,-5.705628317850975,0.18343898573679687
2015-03-19,150,1,-6.6773776243707506,0.8151648351647658
2015-03-20,60,1,-2.7844972519682094,0.9996570644718095
2015-03-20,230,1,10.36987113338923,0.8416220351950904
2015-03-23,90,-1,1.5286757756964424,0.07079439252334149
2015-03-23,170,-1,7.667949314347622,0.14494902687661015
2015-03-24,65,-1,0.9691771470158986,0.0044042084658740275
2015-03-24,180,-1,14.227480459777908,0.18941781389959353
2015-03-25,60,1,-0.44732953254538155,0.9940845070420735
2015-03-25,145,1,-9.53253738526798,0.8172799422799524
2015-03-26,100,-1,24.34452880347755,0.0325621251072496
2015-03-26,180,-1,35.39245382717922,-0.005718845591185174
2015-03-27,60,-1,5.065302952256667,0.13033033033030114
2015-03-27,145,-1,6.6136803778853,0.1280418314674403
2015-03-30,80,-1,3.8088645587379237,0.012573673870393666
2015-03-30,170,-1,-66.5904092471466,0.19907352417145768
2015-03-31,115,1,-2.697863398187383,0.9940176322417393
2015-03-31,195,1,-4.921679397402334,0.9908045977011679
2015-04-01,60,1,9.01774086081093,0.9947037638584975
2015-04-01,140,1,1.3179632884456454,0.9530797850351668
2015-04-02,60,1,-18.94504355675579,1.0
2015-04-02,140,-1,6.478189379946331,0.07182517084282679
2015-04-06,95,-1,6.539805129710929,0.143488282750726
2015-04-06,175,-1,3.619045602846605,0.024077258896650914
2015-04-07,80,1,7.86863973518277,0.9895005675370719
2015-04-07,160,1,-2.3017423910794306,0.8044868735083646
2015-04-08,60,1,6.975108421920906,1.2178368948974583
2015-04-08,140,1,-3.461719057487755,0.927526658488247
2015-04-09,105,1,-0.41597832061328577,0.8087097354687526
2015-04-09,205,-1,18.654121662843707,0.09112835570476
2015-04-10,60,1,-3.158288145082721,0.9727870813396089
2015-04-10,160,1,-8.661284390348456,0.894647277227786
2015-04-13,60,1,0.5728685073184806,0.8013283844501099
2015-04-13,195,-1,6.594120093728462,0.14600930873984297
2015-04-14,60,1,-1.2650744315030766,0.9464033850494793
2015-04-14,150,1,4.858649493691258,0.9360357010040885
2015-04-15,60,-1,2.552451216369223,-1.9726775956278177
2015-04-15,170,-1,-7.312295700733928,0.17165406116408544
2015-04-16,60,-1,1.654154363725358,0.04347826086949127
2015-04-16,140,-1,11.140161656984349,0.07774968394441001
2015-04-17,175,-1,7.207775690167129,0.18273991983014357
2015-04-17,255,-1,3.1099581750752674,0.14746720291104726
2015-04-20,135,-1,-40.76547359580922,0.052716297786487176
2015-04-20,585,1,60.87438112738082,0.8575990373935487
2015-04-21,175,1,23.510137208198458,0.8896488828089542
2015-04-21,255,1,-30.476638865322855,0.8853435537495299
2015-04-22,130,-1,-21.40666250541616,0.019760285066311504
2015-04-22,210,1,-77.75305323618991,0.8497712442811253
2015-04-23,140,-1,27.53311163126311,0.07553503986565278
2015-04-23,225,-1,-7.883467622506624,0.19139309764309534
2015-04-24,125,1,11.3407051269236,0.898163606009795
2015-04-24,210,1,25.763107998860015,0.8693701776421993
2015-04-27,130,-1,-0.3537464087395744,0.08738328944213783
2015-04-27,210,-1,-8.619424939863718,0.12991171048801486
2015-04-28,125,-1,-4.7787311081677775,0.08135283363803623
2015-04-28,225,-1,-0.5170513312054311,0.0005652911249159695
2015-04-29,125,-1,-3.872479381321225,0.0804077010191709
2015-04-29,205,-1,-27.584193714950842,0.006501811980355047
2015-04-30,125,-1,6.599607905781024,0.18015308911977124
2015-04-30,215,-1,-2.9527072468012334,0.11151475121091355
2015-05-01,165,-1,4.553483622178733,0.05570486195946103
2015-05-01,380,1,15.400498699001242,0.8652869004833807
2015-05-04,125,-1,-4.952408087350468,0.02707930367528484
2015-05-04,215,1,16.321128877497106,0.8797547547547275
2015-05-05,135,-1,10.005064840666167,0.018151815181464286
2015-05-05,225,-1,-4.6359121256208,0.18249868212973858
2015-05-06,125,-1,6.952047677655626,0.13183495471316334
2015-05-06,205,-1,12.948843202156679,0.12085860942604341
2015-05-07,125,-1,17.575115984526505,0.04075235109720639
2015-05-07,205,-1,12.11291683654232,0.09625568500405181
2015-05-08,135,1,-2.9957026750444977,0.945035742652827
2015-05-08,225,1,-12.959463044526931,0.837677359654566
2015-05-11,140,-1,1.98343947613906,0.16607093758600944
2015-05-11,240,-1,-4.672026273073326,0.18994317203377054
2015-05-12,130,-1,31.321893608539497,-0.012473271560888803
2015-05-12,215,-1,47.26957899072999,0.13399406217256174
2015-05-13,125,-1,8.7702512270031,0.07232267037552331
2015-05-13,220,1,10.969604955777656,0.9911747401452009
2015-05-14,130,1,-9.313594157236027,0.9767441860463381
2015-05-14,225,1,51.547183792804276,0.8110896997575777
2015-05-15,130,1,4.2443978645993585,0.8212497981592228
2015-05-15,215,1,8.512000820802124,0.8291782844022012
2015-05-18,140,-1,-7.117265310807186,0.042919799498657873
2015-05-18,230,1,-4.91426427296231,0.8022903777807145
2015-05-19,135,-1,-20.289222173201658,0.07033069399193762
2015-05-19,260,1,0.8287469322758149,0.8264371170120005
2015-05-20,150,-1,-7.29410477440644,-0.0022257551668063997
2015-05-20,240,-1,-0.3178320633941297,0.12542225128036177
2015-05-21,135,-1,10.405590347124916,-0.07942057942038881
2015-05-21,215,-1,-0.3665995317243983,0.1406383759324546
2015-05-22,125,-1,-3.684443867992426,0.13283496262209502
2015-05-22,215,-1,-0.7000883274695276,0.030295685894327153
2015-05-25,160,1,-11.240703274337394,0.8402793946450098
2015-05-25,350,-1,3.0129715480257784,0.06543037088870068
2015-05-26,155,-1,33.90638308787204,0.13203356367223512
2015-05-26,235,-1,-4.018570298657975,0.05936073059361903
2015-05-27,125,1,-4.881995642616754,0.9288738357325469
2015-05-27,205,-1,-11.85514537374881,0.004351136734468254
2015-05-28,125,1,-11.413475479649815,0.9877085162422106
2015-05-28,205,-1,-13.629742632201447,0.009375771033805083
2015-05-29,135,1,-35.84290302728403,0.9671232876711783
2015-05-29,215,-1,-2.538921514629466,0.05402852555021413
2015-06-01,125,-1,-11.560351712407035,-0.2541233964570797
2015-06-01,210,1,-33.46723125894084,0.9474309474309507
2015-06-02,125,-1,-0.41990717945821177,0.030798845043451574
2015-06-02,205,-1,30.470511223103358,0.002524114306259648
2015-06-03,125,1,-13.833849265561682,0.99901632893976
2015-06-03,210,-1,-9.256589633503554,0.14932351066091565
2015-06-04,140,1,-27.077080690531428,0.9965644171778836
2015-06-04,220,-1,28.405010849924928,0.004339188624034908
2015-06-05,150,1,8.456826573682141,0.8323011734028063
2015-06-05,235,1,-15.939630832189788,0.8740391767914578
2015-06-08,125,-1,-7.021289063373226,0.03732057416245789
2015-06-08,225,-1,-18.166702869277394,0.10855393125248737
2015-06-09,140,-1,-11.636223726500683,0.035096153846308986
2015-06-09,235,-1,29.009030562466133,0.14147831398894553
2015-06-10,125,-1,-2.634002647438782,0.0904207699199198
2015-06-10,205,1,-7.137223746260402,1.0375445544553863
2015-06-11,125,-1,-7.074105141246667,0.017780704642472615
2015-06-11,210,1,-2.7975114009910924,0.9006089176979241
2015-06-12,125,-1,1.8606561035476425,0.07338597306100249
2015-06-12,245,-1,8.762835236636857,0.14027370478984735
2015-06-15,125,-1,-14.140193345599394,0.011311672683411215
2015-06-15,215,1,-18.44421586887317,0.899430367314923
2015-06-16,135,-1,17.800115333731895,0.028873917228078038
2015-06-16,215,-1,-7.192979030900704,0.00931207077172951
2015-06-17,125,1,3.9378941719618425,1.3175460902733254
2015-06-17,205,1,-2.54641264839055,0.8143252656961952
2015-06-18,125,1,19.775277780771773,0.8033620015638377
2015-06-18,210,1,-2.8192884780649403,0.8669797592273866
2015-06-19,135,1,4.003603854707949,0.9847036328871169
2015-06-19,215,1,3.8630657457265465,0.999145507812548
2015-06-22,125,1,23.778503967213773,0.9984469035137412
2015-06-22,205,1,30.419778338231353,0.9378443632761784
2015-06-23,125,1,-9.187786272955734,0.9258635214829439
2015-06-23,205,-1,-2.346344665750832,0.12965517241374339
2015-06-25,125,-1,-6.859168277228589,0.16123642439447972
2015-06-25,210,1,19.26505487568604,0.9991277802006311
2015-06-26,125,1,-0.5042133224526953,0.9927040583672916
2015-06-26,320,1,-2.5378153166828894,0.8977049823459607
2015-06-29,125,-1,-25.123940891606676,0.029378531073413646
2015-06-29,205,1,13.15618399291103,0.8574751533093713
2015-06-30,170,1,-9.443396024815964,0.8008900609857216
2015-06-30,275,-1,-39.9884622702014,0.08223031105225916
2015-07-01,145,1,1.8873561918124175,0.9955783516093839
2015-07-01,300,1,15.439586058816746,0.9510155880963914
2015-07-02,125,1,8.658809347841645,0.9864472410455977
2015-07-02,205,1,-0.44958365506402276,0.9954182014194246
2015-07-03,135,1,1.9744567923200678,0.959416324669433
2015-07-03,245,-1,-7.1141173055751405,0.11999999999998807
2015-07-06,135,1,22.29489523172519,0.9971702220287506
2015-07-06,215,1,-23.130359520336526,0.844408799266709
2015-07-07,135,1,15.443296376882865,0.8279883381924357
2015-07-07,215,1,-11.605811305453617,0.843811693242234
2015-07-08,125,-1,4.280952307157815,0.03176661264180071
2015-07-08,210,-1,22.42433118910521,0.13445482095367653
2015-07-09,125,-1,-9.622468149636676,0.010708661417498678
2015-07-09,210,1,-2.4643244407125837,0.848267117497918
2015-07-10,125,-1,4.193711486691187,0.1975750347844577
2015-07-10,205,-1,-0.844313707350652,0.18957345971565256
2015-07-13,125,-1,-73.59765658604371,0.16639363444891578
2015-07-13,205,1,-2.8196953749822113,0.951360182182723
2015-07-14,125,1,-9.369412703379032,0.9962039940584028
2015-07-14,210,-1,-4.276620707692347,0.1653509401464192
2015-07-15,125,1,1.7805504609817562,0.9373321396600742
2015-07-15,215,-1,-9.329233834642503,0.006882049321364904
2015-07-16,125,1,-5.5269090990446745,0.8599276527330859
2015-07-16,235,1,8.345396438230024,0.8334416639584478
2015-07-17,130,1,-3.714580299659253,0.9975880366617904
2015-07-17,230,1,7.376781494073237,0.8915470494417637
2015-07-20,125,-1,-4.491949058024902,0.1162207357859767
2015-07-20,220,1,5.949808572263526,0.9548317046689145
2015-07-21,125,-1,-0.10129924161899029,0.1586655817736457
2015-07-21,255,-1,3.8494599555675806,0.1437720140890785
2015-07-22,125,-1,2.7907703771738572,0.14699999999993452
2015-07-22,205,-1,-30.788270968513263,0.0021133764296153226
2015-07-23,140,-1,3.1807199036286264,0.07929383602641639
2015-07-23,230,-1,5.48820054218786,0.1576492537312263
2015-07-24,125,-1,-3.9862897566762974,0.1651993785601107
2015-07-24,245,1,2.496795829130383,0.9071488120050372
2015-07-27,160,-1,29.55513735422395,-0.07474639615591673
2015-07-27,240,-1,-12.753320795439604,0.020602425348774663
2015-07-28,125,1,-9.096225772051314,0.91793936630943
2015-07-28,230,-1,-17.790259077212365,0.18535636098273955
2015-07-29,135,1,32.40861618632835,0.9348105330765744
2015-07-29,215,1,-3.4192563403297345,0.8700032855109061
2015-07-30,125,1,-6.407774046504766,0.9040590405906622
2015-07-30,230,-1,-8.2955640370304,0.04660027050287892
2015-07-31,135,1,7.702651842152308,0.8000995767986262
2015-07-31,345,-1,-4.738859017094521,0.14725711447022216
2015-08-03,125,-1,-5.659959875891785,-0.07572254335276131
2015-08-03,210,-1,-19.533165609657164,0.0032464432349518665
2015-08-04,130,-1,15.993897407186443,0.010682204418517206
2015-08-04,210,-1,-34.886057269971225,0.09291452653760612
2015-08-05,125,1,4.729242461459071,0.8935361216733276
2015-08-05,235,1,-2.8622365942594814,0.8884709006417616
2015-08-06,125,1,0.5463650336627438,0.902366863905231
2015-08-06,205,1,3.583371597908736,0.96919872848844
2015-08-07,125,-1,21.358854335296453,-0.0074812967578640425
2015-08-07,205,-1,-19.672252315603032,0.014126490409528913
2015-08-10,155,-1,23.740731934469974,0.16928502725242076
2015-08-10,250,-1,-16.78797967324912,0.1064378879821364
2015-08-11,135,-1,-19.97051878103133,0.028591851322346328
2015-08-11,255,1,-33.32587643251132,0.8689269256089508
2015-08-12,130,1,-7.399192932017895,0.9570941759603411
2015-08-12,215,-1,31.71500400125744,0.04301075268817265
2015-08-13,125,1,-0.6458867213050997,0.8511988716502827
2015-08-13,205,1,-20.18286881209601,0.8362626430110778
2015-08-14,125,1,1.850014435933867,0.8847835592479038
2015-08-14,210,1,-0.38010153083427556,0.8714551083591852
2015-08-17,125,1,18.271270175241174,1.0086248203162556
2015-08-17,220,-1,-0.4991855324894431,0.07593143504746817
2015-08-18,130,-1,-4.773368203423045,0.07120743034059837
2015-08-18,210,1,-26.65598346733593,0.9934311167101306
2015-08-19,160,1,-0.3161142532688729,0.9196398799599164
2015-08-19,270,-1,-20.442863069036353,0.16844999999998436
2015-08-20,140,-1,-1.8944824242646425,0.16758241758238104
2015-08-20,240,-1,36.59891321119697,0.19196115141585787
2015-08-21,125,1,29.429420486584547,0.9434993924666693
2015-08-21,210,1,-11.538261995145005,0.9477693686516636
2015-08-24,130,1,17.648042393279397,0.998458888586726
2015-08-24,210,1,-38.95942329628714,0.9639936165968453
2015-08-25,125,1,18.12302041370546,0.8183574551740537
2015-08-25,205,1,138.29871257389033,1.0041639677986487
2015-08-26,135,-1,43.88578748362555,0.0003881557058670876
2015-08-26,260,1,-41.520863901827894,0.9992869565217363
2015-08-27,125,-1,-76.22523766925588,0.009359171988552439
2015-08-27,205,1,53.76156432810793,0.9714483714483784
2015-08-28,125,1,-4.970952705905685,0.8269770513455819
2015-08-28,215,-1,36.63759469905421,0.1684920898329574
2015-08-31,125,1,4.18470379472331,0.8358136525397197
2015-08-31,220,-1,18.114872451939057,0.052482333348345234
2015-09-01,125,-1,-14.862496340157394,0.061474880537329635
2015-09-01,210,-1,44.949316892154826,0.12043912175651549
2015-09-02,125,1,0.560634665643223,0.8880891571859776
2015-09-02,245,-1,23.20943642198299,0.038980225774662335
2015-09-03,125,1,16.019903089042177,0.921499815293646
2015-09-03,205,1,18.31877622318108,0.8498577915273626
2015-09-04,125,1,-20.448033529362906,0.912314356435676
2015-09-04,210,-1,6.634249716579843,0.09061791004938999
2015-09-07,125,1,18.63671525273376,0.9526447836085725
2015-09-07,285,-1,5.405024566000183,0.1880258266484041
2015-09-08,125,-1,-71.39504004331792,-0.006973756652682759
2015-09-08,205,1,41.763477408154735,0.9333265055305142
2015-09-09,135,-1,-57.921684871777444,-0.0013797332515735645
2015-09-09,215,1,-34.611716482422935,0.8539309700822458
2015-09-10,125,-1,-3.8758681296853665,0.18847390551574286
2015-09-10,205,1,-40.19903430121445,0.8114111498257885
2015-09-11,135,1,-63.02445019020624,0.9939380579742769
2015-09-11,220,-1,15.985146161915777,0.03102917711419979
2015-09-14,140,-1,-48.15073763370719,0.0007775042114038679
2015-09-14,220,1,-30.096269319839926,0.8482199570490888
2015-09-15,135,-1,-18.82529025521955,0.02093206951022132
2015-09-15,215,1,-46.40222610097737,0.9385537876988927
2015-09-16,140,1,-0.45499555567056726,0.999601950442749
2015-09-16,245,-1,-9.557731948825632,0.18897343145813966
2015-09-17,135,1,-19.596550040018187,0.8712744090443688
2015-09-17,245,-1,-2.6822015211332313,0.14184562713977122
2015-09-18,125,-1,2.6511875537109213,0.10978480161388746
2015-09-18,285,-1,27.96987666482771,0.19464153341096954
2015-09-21,150,1,15.126685724704947,0.8505792263890742
2015-09-21,230,1,41.32340629500893,0.8115297946920076
2015-09-22,150,1,-67.19423963461995,0.8547565118913086
2015-09-22,230,-1,44.43162856550482,0.031324270367910696
2015-09-23,125,1,23.186110731104172,0.9946212952799144
2015-09-23,205,1,44.60266183861346,0.8960770818995327
2015-09-24,125,-1,-21.346660347520572,0.030004800768121693
2015-09-24,245,1,-9.866180472272879,0.9997385074002348
2015-09-25,140,1,13.691295990348307,0.8510186757215829
2015-09-25,220,1,46.127702685066346,0.9450476401506671
2015-09-28,130,1,1.401486155152965,0.9387812942844325
2015-09-28,220,1,-83.27597948461012,0.8755749538358184
2015-09-29,125,1,32.20405316103609,0.882926829268327
2015-09-29,205,1,66.96419245868762,0.9718754334859308
2015-09-30,140,-1,-1.836218669144118,0.15262655205349152
2015-09-30,235,-1,-45.32058733935211,0.12382163698935711
2015-10-01,125,-1,-26.82911684776372,0.007802340702026107
2015-10-01,210,1,-28.518780991637225,0.8883546122809676
2015-10-02,130,-1,-33.18310889341718,0.03429219214966207
2015-10-02,210,1,-8.067864869282948,0.9501246882793012
2015-10-05,125,-1,20.585281056297156,0.16470977344140322
2015-10-05,230,1,8.2236274779794,0.9520563905394732
2015-10-06,130,-1,-6.802237599469896,0.1256620125182444
2015-10-06,215,-1,-30.646625255407887,0.10361661851151048
2015-10-07,135,1,6.807280650396441,0.8139155939384263
2015-10-07,215,1,25.14924521682711,0.93058769088384
2015-10-08,150,1,1.149256484636441,0.8078975453574965
2015-10-08,230,1,-18.021339569824367,0.922837495475944
2015-10-09,150,1,-46.895391005210165,0.8531328320802083
2015-10-09,230,-1,-12.465708229656025,0.034940963097291014
2015-10-12,135,-1,-16.300206620229616,0.14796203238405803
2015-10-12,215,1,-16.543743305340186,0.9671065032988444
2015-10-13,135,-1,19.673329381158357,0.11328976034853831
2015-10-13,215,-1,11.795865461794852,0.05280731494320423
2015-10-14,155,-1,4.128967770841552,0.025417151726700626
2015-10-14,245,1,-15.004258858590402,0.994666197760955
2015-10-15,140,-1,-6.116100203811969,0.025701485498577984
2015-10-15,220,1,-4.079260047720901,0.9230432562550591
2015-10-16,125,-1,-10.118987594131701,0.11939673229991134
2015-10-16,205,1,21.13767612408597,0.9771110423755273
2015-10-19,125,-1,-44.88101903120172,0.10817717206141964
2015-10-19,205,1,-11.505624631236877,0.8740922215417062
2015-10-20,125,-1,-18.010596907138286,0.004588032880794025
2015-10-20,205,1,-26.137354821171453,0.8145666423889696
2015-10-21,130,-1,32.659725029828124,0.15711500974653236
2015-10-21,210,-1,6.607755835459761,0.11059740730670477
2015-10-22,140,1,-2.1321507070600094,0.8718844630793793
2015-10-22,260,-1,-12.829618107732133,0.08614771343154155
2015-10-23,135,1,-13.655512383920643,0.8701923076921311
2015-10-23,215,-1,-17.495325018854356,0.1191750170250326
2015-10-26,130,1,-3.864893023054083,1.0067437379576702
2015-10-26,210,-1,10.552498527877496,0.031013762357014363
2015-10-27,125,-1,-9.215538220015018,0.041108132261172436
2015-10-27,245,-1,-2.7266650765618734,0.10967162647506835
2015-10-28,125,1,1.7223009272031136,0.9221105527639147
2015-10-28,240,-1,-17.754510385794163,0.02429149797567781
2015-10-29,125,-1,-12.994939533989713,-0.011571841851513866
2015-10-29,205,1,-13.770746273262402,0.8838979824895277
2015-10-30,130,1,-0.3658983202999174,0.9535554131965334
2015-10-30,210,1,-13.280280920504195,0.9997218745654988
2015-11-02,65,-1,-4.6468737031975405,0.11583710407290172
2015-11-02,190,1,25.42711575426,0.8056789646513042
2015-11-04,65,1,-2.068468174711446,0.9090121317161851
2015-11-04,190,-1,-16.04215229575616,0.09383378016097524
2015-11-05,65,1,2.0109629475077555,0.9956483899041675
2015-11-05,145,1,-18.081220856293754,0.8539174064068626
2015-11-06,125,-1,6.08952999812824,0.02770083102511336
2015-11-06,205,-1,-6.876552940921643,0.11224043715847917
2015-11-09,125,-1,9.442758165706788,0.026862302483003104
2015-11-09,220,-1,-3.098563057736969,0.07751801722619354
2015-11-10,125,-1,11.858991089110216,-0.004247286455881084
2015-11-10,255,-1,25.470230283725485,0.09058570483118539
2015-11-11,130,1,19.0298259774639,0.9766332856461688
2015-11-11,210,1,6.523745353109023,0.8857393803896155
2015-11-12,125,-1,8.874650429856867,0.013744075829168775
2015-11-12,215,1,-23.56999895737193,0.9852208568581962
2015-11-13,170,1,-1.9492660052696116,0.8748376431692663
2015-11-13,265,-1,3.8112245499104085,0.18500386498321192
2015-11-16,125,1,21.290079790177565,0.9707443671110538
2015-11-16,205,1,15.164807623289489,0.9501752628943476
2015-11-17,125,-1,5.537359541322573,0.02098880597018091
2015-11-17,210,1,39.080550232626756,0.8141728040236742
2015-11-18,125,1,-0.7199565910938507,0.9224030037545342
2015-11-18,205,-1,-10.66487683025712,0.04116675839293283
2015-11-19,125,1,11.080103192227364,0.9828228812186417
2015-11-19,215,1,-2.302286321082691,0.9287734046618429
2015-11-20,125,-1,-23.23315171086597,0.10473269062206923
2015-11-20,250,-1,-10.104021966319143,0.13256449165398235
2015-11-23,125,-1,19.077396311099463,0.1261368129693804
2015-11-23,215,-1,-6.156460906474193,0.11603957730363892
2015-11-24,125,1,-14.21517365861229,0.9063161075852578
2015-11-24,205,-1,40.23889497138096,0.15700211996508018
2015-11-25,125,-1,-6.209236493310444,0.17078528281198177
2015-11-25,205,1,25.987172525323967,0.8360354604264285
2015-11-26,130,1,14.602282259817256,0.9111284857961142
2015-11-26,210,1,12.481280796575023,0.9438038005522178
2015-11-27,145,1,-15.230510737326997,0.8676015297758563
2015-11-27,250,-1,-26.518718607617274,0.0005676979847017833
2015-11-30,125,-1,12.288144227963604,0.020993701889890134
2015-11-30,205,-1,-46.022591385463535,0.011756500946447247
2015-12-01,125,1,-16.60311942531871,0.8252911813643291
2015-12-01,210,-1,7.862736678977811,0.14051446945342833
2015-12-02,135,-1,-2.029053858211993,0.1800219538970408
2015-12-02,215,1,-8.279522211157175,0.8562905589282416
2015-12-03,125,-1,-22.360779311069876,0.06679462571977249
2015-12-03,205,1,3.873947741970652,0.8945567037451501
2015-12-04,125,-1,-30.94783357961055,0.05668604651172366
2015-12-04,205,1,-9.964093561521548,0.8684000188067108
2015-12-07,130,-1,-15.500904588580822,-0.018852947013347724
2015-12-07,225,1,17.111051744425467,0.9690501600853831
2015-12-08,130,1,-13.725534478858537,0.9622222222222061
2015-12-08,220,1,-41.40201770843803,1.0083169379359957
2015-12-09,130,1,13.762976595866183,0.8756198347109173
2015-12-09,220,-1,34.28838199153002,0.1286884258701521
2015-12-10,125,-1,-39.38022913960241,0.06894977168943722
2015-12-10,205,1,-23.974100610386227,0.9967554413951549
2015-12-11,125,-1,-2.6227333601310128,0.04748732134627556
2015-12-11,205,1,-34.82151109209202,0.9198571862655548
2015-12-14,135,1,23.693344399853668,0.9866314573361729
2015-12-14,215,1,-15.655913359344398,0.9476308042920867
2015-12-15,130,1,29.822400657060612,1.0059551076499862
2015-12-15,210,1,28.88248745417861,0.8830053667263122
2015-12-16,140,-1,-8.170474278538942,0.14091657519211118
2015-12-16,230,-1,-15.980638309860007,0.10367540508500499
2015-12-17,140,1,26.660185021141604,0.9706559961197793
2015-12-17,220,1,18.88300471245592,0.8591833079609765
2015-12-18,125,1,3.0654537578515666,0.9248242293130818
2015-12-18,205,1,-36.10232644350191,0.93070787637089
2015-12-21,125,1,18.852033238061907,0.8886981402002473
2015-12-21,205,1,19.49683919028096,0.8707541885216891
2015-12-22,125,1,-6.608004833687664,0.9002746672299504
2015-12-22,210,-1,51.20482909820851,0.13638170974155436
2015-12-23,125,1,22.1730734951779,0.8537511870844059
2015-12-23,205,1,-2.286688403748282,0.9353741496598598
2015-12-24,125,1,-2.488066989873738,0.9395695364243104
2015-12-24,205,-1,-3.707698130574632,0.13332058148433582
2015-12-28,125,1,-13.229071199503828,0.8786828422881512
2015-12-28,205,-1,-0.4542202082187693,0.003723300019641894
2015-12-29,125,-1,-28.744968994988838,0.016671909405436343
2015-12-29,205,1,19.14357791045469,0.9212698412698382
2015-12-30,140,-1,7.324052935225156,0.1265120967740719
2015-12-30,220,-1,-1.2746310283669344,0.06608843216743884
2016-01-04,125,-1,83.19851674798024,0.08792785406847625
2016-01-04,205,-1,-23.12266404564682,0.18927667967242154
2016-01-05,125,-1,13.084023049528115,0.011111111110998828
2016-01-05,210,-1,30.839201633757042,0.08099259003962794
2016-01-06,125,-1,15.465675262428658,0.05662143191373697
2016-01-06,205,-1,-11.5018927070905,0.08862488616605972
2016-01-07,150,1,-91.38257857508508,0.9185142711518567
2016-01-07,230,-1,24.913489239811028,0.024020200276249095
2016-01-08,130,1,-0.2829179868065076,0.8874278098623001
2016-01-08,210,1,-9.63805020908941,0.8008173630123259
2016-01-11,125,1,30.126704932569705,0.9966497084005407
2016-01-11,205,1,15.913873407709511,0.9985677367126358
2016-01-12,125,1,18.28857506831745,0.8282671036460081
2016-01-12,205,1,25.623490400066686,0.8951187990853963
2016-01-13,125,-1,-28.16297489556434,0.03262896208840209
2016-01-13,225,1,-21.174465094179904,0.9991438649361448
2016-01-14,130,-1,-14.672726104958,0.005593385214041293
2016-01-14,230,-1,28.533964971769034,0.09995951234872538
2016-01-15,140,1,-40.63284231096436,0.9938944327731193
2016-01-15,230,-1,37.68949785222837,0.07490703028158836
2016-01-18,160,-1,-36.57382673112068,0.08913308913311092
2016-01-18,240,1,-38.53796863950558,0.8069152657352971
2016-01-19,125,1,58.9781712419994,0.98972442783749
2016-01-19,310,1,-5.107228191956903,0.8226234576903985
2016-01-20,125,1,-20.066402452042098,0.8845783343550025
2016-01-20,205,-1,-2.998567610418989,-0.08360128617362397
2016-01-21,130,1,55.2692028134198,0.8121697780908248
2016-01-21,210,1,-68.85274647485411,0.8178878688145877
2016-01-22,125,-1,-24.977263188176877,0.08993853121960599
2016-01-22,225,-1,-33.33221138628954,0.13333680971996828
2016-01-25,135,-1,40.20367930571518,0.14326923076918974
2016-01-25,220,-1,-25.857857499791013,0.04826451461254935
2016-01-26,155,-1,43.86158942463121,0.021334319891449793
2016-01-26,300,1,41.509144309852935,0.9596399535423836
2016-01-27,130,1,-49.224704204634136,0.8268020304568459
2016-01-27,245,-1,3.385891720633483,0.1547721695297318
2016-01-28,145,1,42.173909539735945,0.8914590747331212
2016-01-28,225,1,-17.529120315551026,0.8616273741025418
2016-01-29,145,-1,-2.707896825792799,0.159717964439043
2016-01-29,225,-1,-41.24976502358284,0.08715956523533738
2016-02-01,135,-1,4.253884092236104,0.014066496163686755
2016-02-01,220,-1,9.021747310995876,0.15319445828767836
2016-02-02,130,-1,13.78408865651699,0.1294769230768837
2016-02-02,210,-1,37.12167618376379,0.008750575695757235
2016-02-03,125,1,12.626580427204503,0.925585386784362
2016-02-03,205,1,-5.669716253363255,0.8795569149375952
2016-02-04,155,-1,36.27559015634758,0.1716849148419725
2016-02-04,245,-1,-26.771227319932354,0.08321162806871288
2016-02-05,135,-1,-14.446889292156362,0.09328589108911989
2016-02-05,220,-1,-66.72403546698251,0.10566100427793518
2016-02-08,135,-1,10.13236047343975,0.039981185324570706
2016-02-08,215,-1,137.78353666754546,0.010377048410574418
2016-02-09,135,-1,-61.30251218406672,0.11597842261907587
2016-02-09,240,1,-23.686250357038574,0.8341869035245225
2016-02-10,130,1,-9.307406948687191,0.92142813771326
2016-02-10,215,1,89.57922722031148,0.8538569525935008
2016-02-11,130,-1,94.14873764117799,0.17452214175470013
2016-02-11,210,-1,97.56572577815076,0.1568718466195784
2016-02-12,130,1,49.16437892045918,0.8806517311608782
2016-02-12,230,1,14.619713530595169,0.8041803120785951
2016-02-15,125,-1,2.2301331000033735,-0.046584663700691545
2016-02-15,205,1,12.818767404032938,0.8973577908747954
2016-02-16,125,-1,-13.753112101137654,0.14798671647982028
2016-02-16,215,-1,24.23500972981425,0.03961446635421855
2016-02-17,125,-1,-25.173640493096492,0.009053497942484688
2016-02-17,205,1,57.553518223563536,0.8765486725663728
2016-02-18,125,1,-12.036602074128755,0.8098572582817107
2016-02-18,205,-1,-27.966453779266363,0.03843595591031001
2016-02-19,125,-1,18.33224416895414,0.021526418786630065
2016-02-19,205,-1,-18.406772164487204,0.0009637973615819516
2016-02-22,125,1,63.97435731289742,0.8669950738915929
2016-02-22,205,1,1.5497366905540937,0.8147636079468502
2016-02-23,125,1,-30.210010296227317,0.9958419958417797
2016-02-23,225,1,-10.164945845039952,0.8570543787935073
2016-02-24,125,1,-17.434780504810995,0.8190160093714124
2016-02-24,210,-1,49.49785629465615,0.12593840968287282
2016-02-25,125,-1,-3.9369382278394034,0.16939890710373762
2016-02-25,205,-1,-27.29623851212186,0.08747733129711048
2016-02-26,125,-1,-61.64094761664756,0.15397881251539042
2016-02-26,205,1,14.903178134653539,0.8610965142757003
2016-02-29,125,-1,-0.14496478249652578,0.07155240346725064
2016-02-29,205,1,-23.79011976960514,0.835850895358767
2016-03-01,125,1,50.07788184491253,0.83885421667458
2016-03-01,210,1,-4.886901417312117,0.9200293726833951
2016-03-02,125,-1,35.97612271948032,0.08563074352544164
2016-03-02,205,-1,-9.381326546313451,0.11053984575835095
2016-03-03,130,-1,19.98044261726824,0.179814385150922
2016-03-03,210,-1,-21.978003337618944,0.09081344117842326
2016-03-04,125,1,-13.76688231225347,1.0149680827647405
2016-03-04,205,-1,-9.346858394769386,0.126840317100809
2016-03-07,130,-1,-4.230385967580341,0.07682417229202732
2016-03-07,220,-1,-0.8460185181320853,0.029632743130368046
2016-03-08,135,-1,44.51310838679596,0.14341846758357213
2016-03-08,235,-1,7.948403253459757,0.11932378136608583
2016-03-09,135,1,-5.539551778826635,0.9443749130858508
2016-03-09,215,1,-5.538001019207028,0.8802769497067118
2016-03-10,130,1,25.622701487231627,0.9401684577403083
2016-03-10,210,1,-17.499101129598447,0.9191560951211618
2016-03-11,125,-1,-32.760864822598144,0.05954825462023934
2016-03-11,325,1,-17.222080299115916,0.8036253776435228
2016-03-14,130,-1,0.404885424559032,0.009161381254348953
2016-03-14,210,1,8.199784511147401,0.8180822774910761
2016-03-15,135,1,-15.277983316914368,0.8183540877097453
2016-03-15,215,-1,8.288472840532313,0.12495388021149874
2016-03-16,135,-1,-6.0113086986742115,0.009861932938815073
2016-03-16,250,1,-0.6973723266230799,0.819862939192856
2016-03-17,130,1,12.624242196004731,0.9717703349281376
2016-03-17,210,1,12.787405699062182,0.9537243036398039
2016-03-18,125,-1,-9.969934195634567,0.12499999999986236
2016-03-18,205,1,-5.641893777594431,0.8082802547771063
2016-03-21,125,-1,-3.8854794470606797,-0.15187713310575834
2016-03-21,245,-1,-49.58274870992833,0.16500491504004583
2016-03-23,135,-1,-17.437792901928304,-0.1213793103448743
2016-03-23,220,1,5.442074870860969,0.9163990267639579
2016-03-24,135,-1,5.523539687033852,0.06253443526191857
2016-03-24,280,-1,1.1863641968538734,0.08677122400273028
2016-03-28,125,-1,-3.991015045176782,0.1178895300907337
2016-03-28,205,1,0.3113329566665882,0.9984483170206698
2016-03-29,135,1,-8.374420164849061,1.0161453077698537
2016-03-29,245,-1,-0.7338286260090584,0.12778130959951095
2016-03-30,160,1,43.35049912210383,0.9139375476009354
2016-03-30,240,1,-0.9697606226406915,0.9990527073623378
2016-03-31,195,1,-10.389668937417929,0.8416339671999487
2016-03-31,280,1,-1.5599217588154075,0.9584567420108839
2016-04-01,150,1,-9.669798584421452,0.8493703967688518
2016-04-01,275,1,-6.539832904357157,0.8722955504149975
2016-04-04,125,-1,4.826192707588062,-0.06483381206397554
2016-04-04,210,1,9.249188734208724,0.8004171011470246
2016-04-05,125,1,-13.915720647809815,0.9495956873315643
2016-04-05,205,-1,18.23752095550453,0.07591940769512069
2016-04-06,130,1,-1.6055457774873267,0.885968722849759
2016-04-06,210,1,-27.112368220130897,0.860003309614432
2016-04-07,130,1,-4.504941146726438,0.8237564322469298
2016-04-07,220,-1,2.2423715527290615,0.18190575579991658
2016-04-08,125,1,26.54538255036072,0.868565169770132
2016-04-08,205,1,-5.484153611535358,0.9480419265642098
2016-04-11,125,-1,45.18191684919888,0.0719827586204666
2016-04-11,215,-1,-87.57533825695512,0.1851522466438083
2016-04-12,125,-1,0.4621716693524295,0.1464088397790116
2016-04-12,210,-1,8.546803619341858,0.04524797470854893
2016-04-13,145,1,2.1747849954904646,0.8706238294193684
2016-04-13,225,1,10.859524630791162,0.9088803599788585
2016-04-14,125,-1,19.279794217756233,0.11616161616177446
2016-04-14,210,-1,-6.574091766431023,0.01620414673045724
2016-04-15,130,-1,5.285058309725654,0.15242593387703116
2016-04-15,225,-1,3.882672193981485,0.10040816326529382
2016-04-18,130,-1,-24.0751337921115,0.16599770642196887
2016-04-18,215,1,25.03040361260296,0.9511094854913618
2016-04-19,125,1,18.954992731746014,0.8149152542374913
2016-04-19,205,1,20.152367554931285,0.8420038535645504
2016-04-20,140,1,-6.25207002048116,0.9524747599112964
2016-04-20,245,1,-0.40883583265887113,0.8161032979685878
2016-04-21,125,-1,28.199701444234073,0.1753312945972085
2016-04-21,205,-1,-13.133158624942398,0.10174969352501606
2016-04-22,125,1,-12.90613317821836,0.813276750530467
2016-04-22,285,-1,2.555902998339477,0.1064139941690582
2016-04-25,150,1,-38.354907637542944,0.9278543474561939
2016-04-25,230,-1,9.743180680597385,0.1676653883029758
2016-04-26,125,1,15.478563604145856,0.8819210767817698
2016-04-26,205,1,8.771995079442219,0.8482969878200065
2016-04-27,125,1,7.488071839901034,0.9950233281494181
2016-04-27,215,-1,-14.473981223055032,0.12123906921591451
2016-04-28,125,1,-17.067609618103983,0.9785790789004116
2016-04-28,205,1,-39.5937733546166,0.8085533519892982
2016-04-29,125,1,-18.684926316872726,0.9426633785449133
2016-04-29,205,-1,-0.2151568633619757,0.19986348969970597
2016-05-02,125,1,-8.21137094976514,0.9647335423196878
2016-05-02,205,-1,-18.744192132344615,0.10335380255078386
2016-05-03,130,1,-16.027960815121077,0.9517766497460699
2016-05-03,210,-1,40.99467581194101,0.0611403384046413
2016-05-04,125,1,-17.455062500691554,0.9738658777120863
2016-05-04,210,1,-29.502990920686354,0.8827111673520921
2016-05-05,130,1,-0.44155729018795464,0.9010953608247898
2016-05-05,265,1,5.632282395673771,0.8840218614371242
2016-05-06,125,1,-1.297471339623701,0.8804409270774937
2016-05-06,205,1,6.51771590781931,0.933372992266462
2016-05-09,125,1,-24.50495461796835,0.8976644130302278
2016-05-09,205,-1,-30.172950917037465,0.05791147627886786
2016-05-10,125,1,27.233058158722525,0.9189479334407458
2016-05-10,205,1,-9.83011899399604,0.8074869315946593
2016-05-11,130,1,-13.531165909069376,0.9450227716330871
2016-05-11,250,-1,-9.786272855507194,0.1397457869179833
2016-05-12,130,1,-16.67789736270757,0.9076717216773382
2016-05-12,210,-1,-40.05513522988351,0.057658450704280044
2016-05-13,140,-1,16.90366897497948,0.06384540117405314
2016-05-13,230,1,-2.880433613114563,0.8260373049105292
2016-05-16,130,1,-23.02760627918969,0.8622222222221791
2016-05-16,210,-1,-5.957381816634344,0.12364807854568134
2016-05-17,125,-1,-21.334805088683726,0.1953840031834465
2016-05-17,205,1,-6.258034751144992,0.8861719268315722
2016-05-18,125,-1,8.391271873440642,0.009440993788936421
2016-05-18,210,1,-3.152665169740709,0.9045466400069561
2016-05-19,125,1,-9.942139056460952,0.9564275397208462
2016-05-19,205,-1,-15.769137216103557,0.17520536778076432
2016-05-20,125,-1,-5.874658162203383,0.030147310723064095
2016-05-20,220,-1,-13.561386191158364,0.1769039506400414
2016-05-23,125,-1,35.37649161841223,0.13537505548132353
2016-05-23,205,-1,-56.66878717952088,0.13202768867126882
2016-05-24,125,-1,-0.9292194726069788,0.13056234718817403
2016-05-24,205,1,24.431935794957795,1.0030429392539215
2016-05-25,125,-1,-13.664802635273299,0.013505908834795658
2016-05-25,255,1,5.352425804008698,0.803155924043836
2016-05-26,125,1,7.776810449327387,0.8045371219066823
2016-05-26,225,1,-13.307142450616638,0.8742186180098318
2016-05-27,125,-1,-4.125942464236632,-0.05031928480207363
2016-05-27,215,1,1.684144266378818,0.8443328550932573
2016-05-30,125,-1,2.0080700447370874,0.18498429917193376
2016-05-30,215,-1,2.8912440946974987,0.12088172552742643
2016-05-31,125,-1,8.26241024547354,0.096414342629584
2016-05-31,230,-1,4.474847910059099,0.09215381627505774
2016-06-01,125,1,-18.57429426581696,0.821135308818231
2016-06-01,205,-1,-3.7642579465120725,0.17214281294475237
2016-06-02,125,1,9.742988423691434,0.9145607701565254
2016-06-02,215,1,-1.8351301251092074,0.8203523412147281
2016-06-03,125,-1,4.388759199153558,0.010869565217138786
2016-06-03,215,1,-8.846613124376557,0.9832134292565194
2016-06-06,125,-1,-9.550624823717202,0.07941834451893771
2016-06-06,205,1,-10.1414468702961,0.946961159942897
2016-06-07,130,1,26.079209901877356,1.0346020761244212
2016-06-07,210,1,2.9737366930641778,0.8957891133173584
2016-06-08,135,1,-7.301350990397015,0.8765368852459233
2016-06-08,280,-1,-8.99890402213237,0.17917251051896538
2016-06-09,130,-1,12.669291397557192,0.03272910372588312
2016-06-09,210,-1,4.1741664131004885,0.10128968253965656
2016-06-10,125,1,-42.69446414331317,0.9898373983737595
2016-06-10,205,-1,8.34278486424962,0.16390646739374587
2016-06-13,135,1,14.761560318797118,0.9453975585616584
2016-06-13,220,1,-9.965966442112162,0.8032335972091773
2016-06-14,135,-1,17.76711623181422,0.12920792079206417
2016-06-14,240,-1,9.992111961189387,0.011121532895629309
2016-06-15,125,1,15.533922335795713,0.8983788058522707
2016-06-15,205,1,1.3698241155561512,0.9575802286979118
2016-06-16,130,1,-8.480226109803413,0.9657121326298667
2016-06-16,210,1,-4.677715968310503,0.8298373613010771
2016-06-17,125,1,-17.040114253242407,0.8885047536733894
2016-06-17,210,1,-8.336348453336795,0.8452138492871303
2016-06-21,135,1,12.61468583314369,0.8894294559929441
2016-06-21,215,1,-2.500880762565538,0.901232808380219
2016-06-22,150,-1,10.84864240522605,0.08530259366001579
2016-06-22,235,-1,-9.205342679694128,0.1986537023186216
2016-06-23,140,1,-14.927159580227656,0.9119830328737947
2016-06-23,230,-1,-29.24782236383554,0.07419972164231546
2016-06-24,135,1,67.06284451353723,0.9028478252626033
2016-06-24,215,1,71.88894925050077,0.905017107743877
2016-06-27,125,1,27.464387993536967,0.9774320771253158
2016-06-27,260,-1,25.56523526549821,0.15721124465269798
2016-06-28,125,-1,3.0311271571940694,0.0394042817249456
2016-06-28,215,1,-1.9571171358508272,0.9722709722709645
2016-06-29,125,1,22.412807273300263,0.9708002883921698
2016-06-29,245,1,4.928179896069151,0.8465006112469502
2016-06-30,125,-1,14.238110075191335,0.06171525856563764
2016-06-30,205,-1,-47.058093107019296,0.17750285752707848
2016-07-01,125,-1,8.660845105816062,-0.018220042046136985
2016-07-01,205,-1,-6.58925346560717,-0.004460137520970564
2016-07-04,135,1,-7.736254814978016,0.8723582690371745
2016-07-04,220,-1,8.598142377001361,0.0709972552607337
2016-07-05,125,-1,38.224202304186065,0.19044943820214444
2016-07-05,220,-1,9.507923122669526,0.08764820651360071
2016-07-06,145,1,28.357000164005843,0.8913728432107781
2016-07-06,275,-1,9.350079637794728,0.14667003756138686
2016-07-07,125,-1,-21.674178654060448,0.03103448275867476
2016-07-07,205,1,11.767670909299932,0.9132969719766335
2016-07-08,125,1,21.01478538192354,0.8412017167380519
2016-07-08,205,1,-21.373542824189727,0.992330128551376
2016-07-11,140,1,-8.431102830424742,0.9869721473495054
2016-07-11,240,-1,8.025931613667003,0.13186412894995367
2016-07-12,135,1,31.607640788231926,0.9948879276445451
2016-07-12,215,1,20.90882446828464,0.850796450421632
2016-07-13,130,-1,-15.791381788978365,0.19168506254590142
2016-07-13,280,1,6.206315156829634,0.9110183923705706
2016-07-14,130,1,36.166654016794155,1.0064772252402734
2016-07-14,230,1,-1.2636865492239742,0.814763839000971
2016-07-15,125,1,1.1271016982176811,0.8085106382979459
2016-07-15,205,1,-6.4351277954073804,0.9268685242932583
2016-07-18,130,-1,-23.207979025805113,0.16640431751737403
2016-07-18,260,-1,-5.053786182806652,0.023357984916190316
2016-07-19,125,1,-4.517601293535112,0.9689762150985085
2016-07-19,205,-1,1.3302510405392547,0.03980628395941766
2016-07-20,125,1,-0.4043342917888101,0.9514677103715493
2016-07-20,280,1,18.030015375292543,0.9960397640022646
2016-07-21,130,1,-0.09325620550186786,0.8447204968944855
2016-07-21,225,-1,4.21182219579026,0.017313150425732997
2016-07-22,125,1,-3.6679738562091386,0.909814323607282
2016-07-22,215,1,16.960894488358537,0.967131172371924
2016-07-25,125,1,-7.787220409159623,1.006289308176062
2016-07-25,250,1,1.5349679164304413,0.8710438015779844
2016-07-26,140,-1,3.66837615631539,0.006849315068789312
2016-07-26,220,-1,-9.779890056866458,0.038728374462089626
2016-07-27,130,1,-1.9907143115367893,0.848779207140984
2016-07-27,260,1,-5.689167368557335,0.9922087334661038
2016-07-28,125,1,-6.726096270720117,0.8519144144144462
2016-07-28,210,1,-9.884954279557201,0.9881638846738201
2016-07-29,125,1,-21.77562219649669,0.9805236961696292
2016-07-29,490,1,1.828102288921452,0.8068987543915674
2016-08-01,160,-1,7.5612870831691215,0.04549356223166115
2016-08-01,240,-1,9.477390513994832,0.14874400225798076
2016-08-03,130,-1,9.335686821187306,0.04029936672408888
2016-08-03,215,-1,-0.6315731015745115,0.15383489461357572
2016-08-04,135,-1,6.962203941929657,-0.01834215167537185
2016-08-04,225,-1,-3.8352892738054307,0.06672964616970876
2016-08-05,135,1,16.477195108200295,0.832991803278826
2016-08-05,220,1,-14.906938420598692,0.9130233419784844
2016-08-08,130,-1,-2.504902587236612,0.1541176470586731
2016-08-08,210,1,13.653235466036096,0.9331485971597697
2016-08-09,130,-1,-3.7028716587679695,0.15712468193402038
2016-08-09,215,-1,-5.128235218094401,0.09982622127820365
2016-08-10,150,-1,-13.849149396624894,0.07533302710180294
2016-08-10,245,1,6.217421931616185,0.8386581469648581
2016-08-11,130,1,-13.758296628431799,0.9273447820344394
2016-08-11,210,-1,-8.704004289496625,0.014957562265211393
2016-08-12,125,-1,-4.096076328660869,0.0209973753280677
2016-08-12,220,1,-2.0041262037447267,0.9422676837724451
2016-08-15,145,-1,-4.872446571610611,0.1772679874870724
2016-08-15,230,1,-12.103076699655091,0.9865083025831082
2016-08-16,135,-1,5.775413716393851,0.07877813504821624
2016-08-16,310,1,-11.292618115011521,1.0193086265960447
2016-08-17,130,1,-5.265152254501793,0.9371069182387707
2016-08-17,220,-1,6.098830564714008,0.033725645336706946
2016-08-18,125,-1,7.10275867304917,0.019971469329272597
2016-08-18,205,-1,2.991173414699633,0.15132712857634636
2016-08-19,140,1,-20.754739165378,0.9195121951219761
2016-08-19,220,-1,14.744024550576285,0.17549036625585368
2016-08-22,125,-1,1.2636975156070211,0.1522222222223968
2016-08-22,205,1,16.48196794798369,0.9886088788328212
2016-08-23,125,1,6.451098771702979,0.9965347964193713
2016-08-23,225,1,11.472748048291637,0.8047096116834305
2016-08-24,125,1,-6.850066307929215,0.9863317325454893
2016-08-24,210,1,4.730084736781892,0.8717521652232043
2016-08-25,125,-1,12.588420920926335,0.009254974549021758
2016-08-25,215,-1,8.48349624277307,0.09936714062634218
2016-08-26,125,1,-6.281921215711295,0.9924069855734495
2016-08-26,205,-1,-3.143788542016734,0.12400299102690035
2016-08-29,175,-1,2.3496793610182203,0.0823560767588828
2016-08-29,285,1,-0.5672568044253087,0.9075230449003867
2016-08-30,125,-1,5.359182296272147,0.1357943309163027
2016-08-30,210,1,-6.886239370179226,0.8326765686571269
2016-08-31,125,1,-7.212059041756413,0.9064914992271199
2016-08-31,220,1,3.182537580504308,0.9661091549296107
2016-09-01,125,1,14.22674527227481,1.0
2016-09-01,205,1,-5.19979732333935,0.8247422680411752
2016-09-02,135,1,-2.2853829461773496,0.9504752376187243
2016-09-02,215,1,-0.39790837380331257,0.8513513513513131
2016-09-05,155,-1,7.105942812001675,0.10360843158269592
2016-09-05,235,-1,-3.0965636526554703,0.11550192282191689
2016-09-06,130,1,3.811592930780661,0.9177358490563069
2016-09-06,210,1,0.05618622896759218,0.8780564263323769
2016-09-07,125,-1,7.076914096218312,0.0
2016-09-07,225,1,3.1620510956690944,0.8905995290707664
2016-09-08,125,1,4.590172816039528,0.8330605564650042
2016-09-08,205,1,0.8307427542856963,0.8680483077382757
2016-09-09,125,1,-14.15897199632159,0.9365079365076981
2016-09-09,210,-1,-2.90763722736691,0.0722891566264387
2016-09-12,130,-1,5.730267869235428,0.14265335235364612
2016-09-12,210,1,-34.17728839731087,0.8787351778655946
2016-09-13,130,-1,15.823269266869564,0.1718954248367417
2016-09-13,210,-1,3.1915854284251925,0.04109589041092306
2016-09-14,130,-1,6.8645534981585765,0.018439716311945114
2016-09-14,215,-1,-31.097244226107755,0.042919085764667735
2016-09-15,130,1,7.965837239185936,0.834778741383068
2016-09-15,245,1,3.3368513893665246,0.8361159237675045
2016-09-16,130,-1,-0.48937057550895136,0.14650145772593157
2016-09-16,210,1,-16.175686035587322,0.870512099043313
2016-09-19,125,1,-1.6396002702330654,0.981317229666116
2016-09-19,205,1,1.4594388213633018,0.8096523257660552
2016-09-20,130,1,-14.251719864714785,0.9004349927500774
2016-09-20,240,1,-2.6539409658761666,0.8053982407519236
2016-09-21,125,1,6.231615813916802,0.9659516513449395
2016-09-21,520,-1,-14.922610667480063,0.029631824579571985
2016-09-22,160,1,15.425815813070853,0.8209619127052078
2016-09-22,240,1,10.005450199399979,0.8763968845242085
2016-09-23,145,-1,3.8408673545468734,0.19024683925333682
2016-09-23,225,-1,3.1913752120986243,0.02712078208764985
2016-09-26,125,1,-13.391113047634562,0.8707897793264306
2016-09-26,205,-1,22.994922403224827,0.017304284374040444
2016-09-27,130,-1,1.888610499747712,-0.0662690523527918
2016-09-27,210,-1,9.662983995868801,0.06590795397699317
2016-09-28,135,-1,-27.73014656539634,0.049500000000080036
2016-09-28,215,1,-0.8453201266851892,0.9158472012102877
2016-09-29,125,1,-13.109911784648531,0.9166048925131566
2016-09-29,210,1,-9.384985605372531,0.8492392807745986
2016-09-30,130,1,-22.342444776835713,1.0986187845303816
2016-09-30,225,1,12.717897491965457,0.8567058663584977
2016-10-03,125,1,-7.462553961459939,0.8270013568519945
2016-10-03,235,1,-2.8469977819085996,0.8486447589350257
2016-10-04,140,1,13.099293343479657,0.81848484848481
2016-10-04,220,1,-1.3852190514736402,0.9476731562567224
2016-10-05,140,-1,-12.581860330864325,0.09608030592734818
2016-10-05,220,1,-6.949550453328612,0.9543839352119912
2016-10-06,125,-1,-12.223755312436735,0.11280101394165891
2016-10-06,250,-1,2.5849705910700576,0.17869586859141284
2016-10-07,130,-1,6.796492403702681,0.16454025516928003
2016-10-07,255,1,4.532112553273082,0.8206603773585118
2016-10-10,125,1,1.85647042895627,0.9725199230556855
2016-10-10,225,-1,-9.801518122407193,0.1505791505791446
2016-10-11,130,-1,-2.8492055836988768,0.1185328185327304
2016-10-11,245,1,-11.085571982818054,0.9309689677010302
2016-10-12,135,1,-22.61845813455414,1.0219951121973285
2016-10-12,215,-1,-5.945010424121699,0.07039297977871009
2016-10-13,125,1,-9.966620803118653,0.9829310344827316
2016-10-13,215,-1,-4.338881102836245,0.19613627712216705
2016-10-14,150,-1,-3.381605929208708,0.07770632368702195
2016-10-14,255,1,20.473197511122045,0.847184103633779
2016-10-17,125,1,-17.627466361401375,0.9096725630411111
2016-10-17,210,-1,-7.54201585277019,0.135651773376322
2016-10-18,125,1,5.254654702549333,0.9103671706267439
2016-10-18,205,1,9.035373897646037,0.8729047315934361
2016-10-19,125,-1,15.8503186336993,-0.02121023081699898
2016-10-19,205,-1,-8.204632740371354,0.1227404193781758
2016-10-20,135,-1,8.09489748498855,0.051458990536180305
2016-10-20,215,-1,1.780523358674691,0.16187671371983156
2016-10-21,125,1,9.803158704651382,0.9040469973890862
2016-10-21,215,1,-17.997742142229086,0.8158484923996892
2016-10-24,125,1,28.90332181187545,1.003081664098541
2016-10-24,205,1,12.800233375196823,0.9439489693461911
2016-10-25,130,-1,3.1719644096554593,0.17930029154521945
2016-10-25,255,1,1.8013734293602206,0.9178021978022458
2016-10-26,135,-1,14.172211890785391,0.18611223253946946
2016-10-26,215,-1,17.55277226233072,0.19079406197071708
2016-10-27,125,1,-1.5579437309394701,0.9373077832977676
2016-10-27,225,1,-15.714310589608083,0.9608673555819456
2016-10-28,130,-1,23.922455519716348,0.120266333749746
2016-10-28,230,-1,-12.268923088462769,0.15533560962960172
2016-10-31,130,1,-5.970645737753566,0.9047165316818472
2016-10-31,240,-1,-3.3955911361989606,0.1392045454545839
2016-11-01,125,-1,1.0586666168692198,0.05611111111142073
2016-11-01,210,-1,10.237562428726932,0.007299270073070526
2016-11-02,135,1,-0.44843972487122985,0.8665777184790892
2016-11-02,220,1,1.3135622770436677,0.8459359605911059
2016-11-03,125,1,-7.390791769927452,0.9223674096850893
2016-11-03,205,-1,-16.414346265045275,0.12132457893227615
2016-11-04,125,-1,-4.471185882563722,0.06728847435080201
2016-11-04,255,-1,7.836444986128299,0.16016814031011867
2016-11-07,130,-1,-6.532025900831284,0.02608922515010429
2016-11-07,235,1,2.982083071648001,0.9034775465498468
2016-11-08,150,1,6.465411528609311,0.8730610134436568
2016-11-08,230,1,-3.603888557448131,0.8638027825238066
2016-11-09,125,-1,-233.78118338477765,0.006223854708671769
2016-11-09,225,1,28.01046003066339,0.8936179643797487
2016-11-10,135,1,44.04472793962318,0.9333244432590994
2016-11-10,215,1,-24.99028656014661,0.8608369202887035
2016-11-11,125,-1,1.700403518608962,0.06229946524044886
2016-11-11,215,-1,30.472210352005384,0.10625620655409258
2016-11-14,160,-1,17.484791263067525,0.03294231078256929
2016-11-14,320,-1,53.340156241147696,0.1722215489031469
2016-11-15,125,1,12.796349549162711,0.8416622830092049
2016-11-15,205,1,11.713114948808512,0.9897990102010241
2016-11-16,125,-1,32.325923377463496,0.10340136054422948
2016-11-16,205,-1,-6.910667210903876,0.018740142870417073
2016-11-17,140,-1,-1.0233491151141911,0.04039999999986321
2016-11-17,220,1,-12.27606637179428,0.9665332443852027
2016-11-18,145,1,-11.591191684013502,0.8535949982631728
2016-11-18,225,-1,0.4312584693537239,0.1500927930714977
2016-11-21,125,1,-2.380292971267561,0.8883333333333325
2016-11-21,225,-1,7.70333044596323,0.12049644535486236
2016-11-22,125,1,0.3215453862308152,0.9211697393511249
2016-11-22,245,-1,5.089089793265789,0.019662921348371366
2016-11-23,125,1,2.039534897544782,0.8164915117220315
2016-11-23,205,1,-0.4,0.9016393442622413
2016-11-24,125,-1,-4.372841933079785,0.0844027640672326
2016-11-24,220,-1,-9.615366458419361,0.1325200998058681
2016-11-25,125,-1,2.454327629890907,0.015407554671938085
2016-11-25,240,-1,-5.916339013020844,0.09436466755160228
2016-11-28,125,-1,32.192717471530145,0.1419141914192073
2016-11-28,210,-1,-8.855752696043817,0.0924406282267288
2016-11-29,130,1,5.772370863199994,0.923076923076654
2016-11-29,210,1,10.907403059577225,0.8357534246574666
2016-11-30,125,1,4.835171744994993,0.9828571428572457
2016-11-30,205,1,-12.926076361747407,0.9814031180400488
2016-12-01,125,1,-8.079877121965495,1.0740847506487496
2016-12-01,205,-1,2.921672467287984,0.0880379453956966
2016-12-02,145,1,-17.013693018058262,0.9344126193439934
2016-12-02,225,-1,11.597346080176996,0.020613956808831383
2016-12-05,125,-1,-87.08687474116422,0.1539149888143317
2016-12-05,205,1,14.856227105417963,0.9885917842810049
2016-12-06,125,-1,11.69851619010882,0.13816230717648087
2016-12-06,210,-1,-18.10876187810799,0.11084337349401413
2016-12-07,140,-1,-2.214146248997339,0.16684723726959028
2016-12-07,255,-1,-2.9474137382008876,0.08898809523809742
2016-12-08,130,-1,-3.71220137854471,0.09585253456203777
2016-12-08,240,-1,-0.3339567813172458,0.04292503449329134
2016-12-09,130,-1,5.232146712483132,0.01575689364110675
2016-12-09,265,1,0.8919468713579185,0.9479593030055328
2016-12-12,125,-1,9.470244842375974,0.0
2016-12-12,205,-1,6.600564932652109,0.14345451442222285
2016-12-13,135,1,6.4830488421811605,0.9546247818499289
2016-12-13,215,1,-5.942513411121997,0.983365323096628
2016-12-14,135,-1,-6.271309166249894,-0.03535714285719773
2016-12-14,235,1,-6.069271576528301,0.9315162306533388
2016-12-15,125,1,1.8289906988270936,1.009194886745945
2016-12-15,205,1,-11.56045653134834,0.9065006132654052
2016-12-16,125,-1,7.930495386927872,0.13892365456805925
2016-12-16,205,-1,1.6297795630996874,0.1647774728552084
2016-12-19,130,1,-7.103270586658761,0.9055712936733801
2016-12-19,250,-1,-6.0909097932855705,0.05471732412279853
2016-12-20,125,1,9.319077956882316,0.9279086366883158
2016-12-20,205,1,-9.096937808198025,0.875
2016-12-21,130,1,1.6947133310134093,0.830685780705201
2016-12-21,210,1,-2.80642088765175,0.8849034860270848
2016-12-22,125,1,4.657404270560894,1.0
2016-12-22,240,-1,-2.4239350559725366,0.19999999999991916
2016-12-23,125,-1,-1.6163057954928113,0.12500000000042633
2016-12-23,280,1,-5.059955924921633,0.8141694043707545
2016-12-28,145,1,-2.41091160857092,0.9326666666662883
2016-12-28,285,1,-2.2070464358677095,0.9759581052131261
2016-12-29,125,-1,7.934739054176587,0.03365544818382245
2016-12-29,350,1,-1.214797204899964,0.8407220599946801
2016-12-30,125,-1,7.94872955569943,-0.152133580705698
2016-12-30,205,-1,-3.932279884792544,0.14936077330847744
2017-01-03,125,1,12.26091659398949,0.8001998002000226
2017-01-03,205,1,-16.71069623698189,0.8928667083296299
2017-01-04,130,-1,-0.6035719135085046,0.19010361598652797
2017-01-04,210,1,-2.640095056532665,0.812769485903822
2017-01-05,155,-1,-11.56735623399423,0.0
2017-01-05,265,1,-9.324497654809738,0.9426370847224027
2017-01-06,130,-1,0.9678427226637701,0.17540842648299362
2017-01-06,235,1,1.374308377213707,0.8423047763455515
2017-01-09,135,1,-9.164992619478829,1.0
2017-01-09,215,-1,7.573332105132291,0.0
2017-01-10,130,-1,-10.05885590373583,0.188189845474817
2017-01-10,270,1,4.176322109406394,0.8232728130158216
2017-01-11,125,-1,7.542136599585758,0.12499999999943157
2017-01-11,205,-1,-15.112169204860182,0.10318523863521302
2017-01-12,135,-1,2.727344267190857,0.13029465929995532
2017-01-12,240,-1,-7.466373837407714,0.039241549876239075
2017-01-13,125,-1,-4.526399897523836,0.09764705882358606
2017-01-13,255,-1,-5.1823495399645925,0.19636087945413536
2017-01-16,130,-1,0.6987564254982818,0.1677307022633588
2017-01-16,210,-1,-13.530097098146276,0.03198859005707852
2017-01-17,125,1,-6.871894772416276,0.805362462760686
2017-01-17,205,-1,-7.897788122772242,0.08226950354609747
2017-01-18,135,-1,11.1282257569993,0.055126791620445204
2017-01-18,215,-1,-3.315468640789509,0.08307245080495577
2017-01-19,125,-1,2.5963948326727775,0.06716417910457892
2017-01-19,230,-1,6.532620979974713,0.105954825461937
2017-01-20,145,1,7.5799271557656756,0.884477967447344
2017-01-20,225,1,-5.180083603128649,0.9470163934425638
2017-01-23,140,1,-3.4503745875842813,0.9927693420102929
2017-01-23,270,1,0.7526128763494903,0.9753654886612243
2017-01-24,125,-1,2.4734713467937213,0.0
2017-01-24,260,1,3.6937801176443856,0.8285930982175972
2017-01-25,130,1,4.569716219620501,0.8692579505299204
2017-01-25,210,1,3.030069770160582,0.826438848920935
2017-01-26,140,-1,0.1493858195393386,0.14003044140019064
2017-01-26,225,-1,1.4057811706762018,0.1322067594433155
2017-01-27,130,1,-1.8449081726908285,0.9116397621070794
2017-01-27,250,-1,3.6422630929159987,0.046797541146121745
2017-01-30,130,-1,-1.6069230815514586,0.16484848484839065
2017-01-30,220,-1,1.4077799782245664,0.007946362056046114
2017-01-31,125,1,-2.6170512748831416,0.9642384105959738
2017-01-31,210,1,5.372416330740437,0.945261918775669
2017-02-01,130,-1,-6.275165099145097,0.010018954779138759
2017-02-01,265,1,-0.25800908508304377,0.8378419685160097
2017-02-02,140,-1,-15.656364865299244,0.010281923714744628
2017-02-02,220,1,-7.792298880284365,0.8378144908756628
2017-02-03,125,1,15.448647558056594,0.9809248554913864
2017-02-03,205,1,-0.21913796486709958,0.8814685605116946
2017-02-06,125,1,-3.783434009076591,0.9625167336007547
2017-02-06,215,-1,-13.717036473312616,0.18434032059185587
2017-02-07,140,1,-0.7777001200500063,0.8180815876516694
2017-02-07,235,1,12.300249145589648,0.9111306643201877
2017-02-08,125,-1,2.730828760236071,0.003075030750375959
2017-02-08,205,-1,-4.077392942451619,-0.003722887665933745
2017-02-09,140,-1,-6.364995986431632,0.1838440111420701
2017-02-09,220,-1,-0.2806354276748021,0.1828128561660531
2017-02-10,145,1,-7.798305810922823,0.8879235447437677
2017-02-10,225,-1,0.09769709809965865,0.14864864864859328
2017-02-13,130,1,4.132555158673901,0.9912974683548107
2017-02-13,300,-1,-0.937268971951832,0.07058137273952406
2017-02-14,125,1,-1.5156175800008937,1.0
2017-02-14,205,-1,-2.894461248734314,0.08945300695081865
2017-02-15,175,-1,1.6444872079328214,0.15593342981176114
2017-02-15,255,-1,1.8556440858989558,0.11357054199420712
2017-02-16,125,-1,-7.083593915612907,0.04467353951863452
2017-02-16,205,1,-7.506109427682528,0.8510515145668656
2017-02-17,125,1,1.287857076644317,0.9649122807017471
2017-02-17,210,-1,9.362037122563738,0.02291047942303266
2017-02-20,125,-1,1.1048982282117596,0.11369863013686683
2017-02-20,205,-1,6.05133945935461,-0.0270481822926261
2017-02-21,125,1,-8.534601031557498,0.8567961165048469
2017-02-21,225,1,4.033387739968264,0.8165605095540358
2017-02-22,125,1,4.717489098458438,0.8299264104663644
2017-02-22,205,1,-15.397292077730818,0.8793946449359673
2017-02-23,140,-1,-2.248998689621961,0.17715332926085148
2017-02-23,240,-1,-4.431087989899707,0.055318011758275
2017-02-24,130,1,-3.420687479898809,0.9001109877911637
2017-02-24,290,1,-25.484318853572095,0.965622032288774
2017-02-27,140,1,8.84444144968728,0.99483922191349
2017-02-27,220,1,-20.453830968067564,0.8420031526615938
2017-02-28,125,1,1.6424037463429024,0.9783057851242416
2017-02-28,255,-1,-10.594451102589764,0.12908463568085118
2017-03-01,140,1,21.01018371735859,0.8305016989806102
2017-03-01,220,1,5.447412253776607,0.9869075829384147
2017-03-02,130,-1,5.7040923231436835,0.1766501335370587
2017-03-02,255,-1,-1.5689051168684016,0.1727676095396804
2017-03-03,125,1,-3.9229759708743646,0.9573934837096826
2017-03-03,230,1,-5.42375349518136,0.8651855047454825
2017-03-06,130,-1,14.222481580005564,0.0010245901641430443
2017-03-06,210,-1,-17.980996291364225,0.0008299520472163878
2017-03-07,125,-1,13.27075545799623,0.172063492063341
2017-03-07,215,-1,-0.5811446699773178,0.14607377234670804
2017-03-08,125,1,0.22311533340908551,0.927053417575871
2017-03-08,205,1,4.616647338296209,0.9515678360757688
2017-03-09,140,1,-7.202289687639629,0.8715277777777528
2017-03-09,240,1,-9.980495833071412,0.8973375451263653
2017-03-10,160,-1,-8.39267477585186,0.014492753623163757
2017-03-10,240,1,-7.755627696018497,0.9174560216508809
2017-03-13,215,1,-2.623671644134839,0.8306173972916482
2017-03-13,320,-1,0.7769511684256439,0.1727924355650217
2017-03-14,185,1,-8.637270460692559,1.0
2017-03-14,265,-1,1.0603383605837906,0.05117148196071001
2017-03-15,125,1,0.34242218951470205,0.8000000000010914
2017-03-15,250,1,0.7522199437585811,0.9427402862983397
2017-03-16,130,1,9.481397435591576,1.0
2017-03-16,210,1,-4.90391087446822,0.8786112833229612
2017-03-17,130,-1,1.0770942247466224,0.0
2017-03-17,215,1,-2.1356079470498552,0.8394744358752428
2017-03-20,125,1,0.7112407558666604,0.9174311926603904
2017-03-20,220,1,3.6753455665298866,0.8061290322581407
2017-03-21,125,-1,-9.061958719748953,0.0
2017-03-21,205,1,-4.819669740179933,0.9049206349207429
2017-03-22,125,-1,-12.585235136663586,0.10282051282069059
2017-03-22,205,1,-0.4882842150651264,0.8385030001017189
2017-03-23,125,-1,7.853134878126733,-0.04761904761921261
2017-03-23,205,-1,2.0459258369935456,0.1134733928796055
2017-03-24,125,-1,4.7724757954774155,0.0
2017-03-24,250,-1,-7.274257044995336,0.0
2017-03-27,125,-1,11.970974021143066,0.16611111111116614
2017-03-27,325,1,-0.40187481134728,0.8682991073606209
2017-03-28,135,-1,4.982061403753635,0.16000000000021827
2017-03-28,220,1,-7.4498475625879745,0.8314736842105623
2017-03-29,125,-1,-9.824319883486465,0.0776325903155554
2017-03-29,205,1,-7.234630023250244,0.8103775211169987
2017-03-30,130,1,-3.8945045652823302,1.0010000000002037
2017-03-30,210,-1,15.048779599740447,0.1054985530123376
2017-03-31,125,-1,-10.360400031798767,0.11757789535556469
2017-03-31,205,1,-3.161927556427235,0.9267162541152828
2017-04-03,130,1,-5.174611700113507,0.971420405830139
2017-04-03,210,-1,1.9868282360128835,0.043339614436869595
2017-04-04,145,1,-14.043397360812993,0.8093311116399949
2017-04-04,245,-1,1.0749945956860079,0.12870012870013947
2017-04-05,135,-1,5.1155351788704895,0.1514692517418787
2017-04-05,250,-1,-14.935798475203699,0.015781249999947466
2017-04-06,125,1,-7.433429148382009,0.8909289220142825
2017-04-06,215,-1,-14.663300527741496,0.1197267413198017
2017-04-07,125,1,-3.1713742004098484,0.9997058823528813
2017-04-07,205,-1,-17.975017540796266,0.16390755613834718
2017-04-10,130,1,-5.375336153059118,0.999285714285569
2017-04-10,210,-1,-5.194774433525273,0.17405797101448214
2017-04-11,130,-1,-10.008331162218598,0.00026308866093228766
2017-04-11,215,1,-0.21352132845113803,0.8156821470859226
2017-04-12,125,-1,-26.36206212314822,0.11055555555533014
2017-04-12,205,1,-13.891114068479027,0.9948976988621683
2017-04-13,145,-1,7.784907113113482,0.16666666666675087
2017-04-13,230,-1,4.815039809627342,0.020546537908374102
2017-04-17,140,1,-0.773359319143507,1.0
2017-04-17,255,-1,2.40279420469598,0.0932558139534472
2017-04-18,130,1,-3.7311304790295536,0.8632439800093261
2017-04-18,210,-1,11.642390548863135,0.14812071838552224
2017-04-19,130,1,0.9523852927188606,0.8909090909089507
2017-04-19,220,-1,-9.479286256925556,0.11087866108781874
2017-04-20,125,-1,-19.651810121871936,-0.10244286840038241
2017-04-20,220,1,5.512513280059705,0.8412611054327994
2017-04-21,130,1,-6.965763056811669,0.8400152730049946
2017-04-21,235,1,-8.318713189853932,0.8370588235293978
2017-04-24,145,1,-2.309976443623673,0.8942307692307305
2017-04-24,260,1,4.238514220229872,0.8942307692307305
2017-04-25,145,-1,0.32348548106115904,0.062460961899018334
2017-04-25,235,-1,0.3255618524237839,0.08142857142863215
2017-04-26,130,-1,1.5827941729988475,0.13043478260876443
2017-04-26,230,-1,-2.74189084266756,0.15928198136784877
2017-04-27,135,1,-3.646888533775527,0.9596000000001368
2017-04-27,225,-1,5.373671013373782,-0.05584884690192078
2017-04-28,145,-1,0.8508793287990816,-0.05614230127829864
2017-04-28,240,1,4.611030170123387,0.8083386513508114
2017-05-01,125,1,-0.3982118490393646,1.2499999999992422
2017-05-01,360,1,0.8512579611279051,0.8333730064270853
2017-05-02,125,1,1.5540092596259663,0.9130434782609556
2017-05-02,240,1,-1.9965741067602845,0.8363933830211757
2017-05-03,140,1,-5.022329871147857,1.7999999999992724
2017-05-03,240,1,-3.776438786979463,0.8092857142858307
2017-05-04,150,1,-1.11149436941198,0.9375390381015143
2017-05-04,245,1,10.270329672284317,0.8545454545455868
2017-05-05,125,1,5.829897455887201,0.849999999999909
2017-05-05,210,1,5.288759587223479,1.0
2017-05-08,130,-1,13.773415279296053,0.15000000000009095
2017-05-08,225,-1,-6.608446965596526,0.1429291656163385
2017-05-09,130,-1,1.0129166755816326,0.0
2017-05-09,230,1,-3.5802850595508136,0.9837678307919073
2017-05-10,125,-1,-5.507947007030323,0.08409658617865585
2017-05-10,215,-1,2.2436050313094484,0.17241379310344288
2017-05-11,135,1,-8.509200610870726,0.9990909090915503
2017-05-11,215,-1,-1.6349449188109317,0.07690828686801461
2017-05-12,135,-1,2.6023830090553095,0.117647058823435
2017-05-12,215,-1,4.017765070321433,0.18968787722027383
2017-05-15,130,1,6.7980716190567225,0.9658620689654684
2017-05-15,210,1,-12.154345238752517,0.8218052321599347
2017-05-16,135,1,2.2321007497975835,0.8001332445035702
2017-05-16,215,1,-1.9787897664265581,0.9694032111482441
2017-05-17,125,1,0.8378486716824177,1.0626959247645382
2017-05-17,205,1,7.145984163790375,0.8902572856968
2017-05-18,125,1,-0.040812877983453455,0.9583333333331913
2017-05-18,205,-1,22.299610983829556,0.09332089054790016
2017-05-19,125,-1,-6.442436744129187,0.1427551748749757
2017-05-19,205,1,10.256000130691012,0.9743556866265138
2017-05-22,125,1,-11.001512129013724,0.961538461538327
2017-05-22,205,-1,-2.874717724745279,0.12510936132985606
2017-05-23,125,1,3.1117476739054966,0.9549999999999235
2017-05-23,205,1,12.227454144573668,1.0089285714285228
2017-05-24,125,1,-1.799601209998158,1.0909090909089783
2017-05-24,205,1,3.6279018011557533,0.8594983336256126
2017-05-25,125,1,-6.832527978281755,0.8148148148148023
2017-05-25,250,-1,-9.281505049396221,0.038241355621724815
2017-05-26,125,1,-2.8219483882803593,1.0531858873094249
2017-05-26,210,1,-5.761773563998807,0.9022189709827181
2017-05-29,125,1,-6.2681739988641905,1.0012500000002544
2017-05-29,275,1,0.8061976818245057,0.8250437390650608
2017-05-30,140,-1,3.2284658328100684,0.09181818181784057
2017-05-30,225,1,-0.5727273826457321,0.9412872102600531
2017-05-31,125,1,3.395194134792457,0.9000499750125949
2017-05-31,225,-1,-3.3347438978466477,0.11290322580642559
2017-06-01,150,1,-0.05367929565696061,0.9579341940855584
2017-06-01,260,1,-9.699970550094017,0.9104477611941089
2017-06-02,125,1,1.3124551486591423,1.2215435868963112
2017-06-02,235,-1,3.196475762169815,0.12484375000000368
2017-06-05,130,-1,-3.8025931162129374,0.19466814773671517
2017-06-05,230,1,-5.331579436945333,0.8916509051608112
2017-06-06,125,1,-3.4649931803905516,1.0
2017-06-06,205,1,6.071694042959885,0.9647368421052582
2017-06-07,150,-1,1.6470235424763229,0.14730961481923766
2017-06-07,235,1,-3.6388075662237447,0.8180808080808543
2017-06-08,125,-1,-6.181162591795841,0.0006662225184567562
2017-06-08,225,-1,0.44834094941865776,0.16363636363646286
2017-06-09,125,1,12.173561024851187,0.8749999999995737
2017-06-09,215,1,-3.1176726808542106,0.8000159987200911
2017-06-12,130,-1,19.180183385901064,0.1997142857144354
2017-06-12,215,-1,40.28302451221917,0.04310798526385565
2017-06-13,125,1,-3.194433279323938,0.869508481948593
2017-06-13,215,1,-10.001907464910076,0.9830508474575644
2017-06-14,125,1,15.274442474133965,0.8817647058823275
2017-06-14,205,1,10.902048104995243,0.9107142857142843
2017-06-15,125,1,-34.60531150601813,0.8842752787387831
2017-06-15,205,-1,15.980535696357554,0.05581450938209071
2017-06-16,125,-1,-7.404065334621501,0.0
2017-06-16,270,-1,0.6488404184927358,0.19385776961539342
2017-06-19,125,1,23.10423602462515,0.9267935578332027
2017-06-19,205,1,-4.773267092914191,0.9421828349367224
2017-06-20,135,-1,-9.064955626762616,0.00037037037044572495
2017-06-20,480,1,-23.607324654903604,0.8015441176470792
2017-06-21,130,-1,19.90254644688867,0.02777006387125057
2017-06-21,210,-1,-15.659641011726722,0.10613932182557696
2017-06-22,135,-1,22.000777479292257,0.08198065256599227
2017-06-22,215,-1,10.4782569371757,0.18518518518518207
2017-06-23,135,-1,-7.830230566967122,0.06894174422607002
2017-06-23,215,1,-4.316073488251515,0.8180808080808543
2017-06-26,135,1,8.192585973119515,0.8826470588236838
2017-06-26,305,1,-1.774642395619574,0.8271428571428612
2017-06-27,125,-1,14.503026342082403,0.1999999999998181
2017-06-27,225,-1,21.993798266611144,0.13122950819676
2017-06-28,125,1,-3.7579174125519805,0.9230769230768872
2017-06-28,205,-1,42.90381660067384,0.17072129748187362
2017-06-29,135,1,-16.87883683696505,1.0002222222222674
2017-06-29,215,-1,4.116803674061709,0.14468057109023277
2017-06-30,135,-1,17.514567026198204,0.19582699413169027
2017-06-30,290,1,41.770393194618244,0.8613445378151524
2017-07-03,125,-1,-7.4634326269480855,0.16625000000010468
2017-07-03,205,1,2.5999452951146034,0.8000000000000304
2017-07-04,125,1,6.060043402014559,0.8669556518838786
2017-07-04,205,1,25.60071833708695,0.8124274618337958
2017-07-05,140,-1,3.7219598306052597,0.00033333333340124227
2017-07-05,220,1,-25.12601794835438,0.8224225277978531
2017-07-06,135,-1,6.767733842881052,0.16949152542371312
2017-07-06,225,-1,-2.8860294026241013,0.1789976133651625
2017-07-07,130,1,-21.80957425455836,0.9316064530787698
2017-07-07,210,-1,-15.600210324124442,0.10783785402068581
2017-07-10,130,-1,1.3625589818326405,0.13479729729741116
2017-07-10,260,-1,6.759819116275834,0.14356066258760353
2017-07-11,130,-1,2.0591588307676383,-0.1000000000003638
2017-07-11,225,-1,11.370040914904633,0.09587727708542537
2017-07-12,135,-1,-6.1794977177016985,0.17114285714290287
2017-07-12,215,1,-1.799514263586976,0.883166666666663
2017-07-13,145,1,6.500693175406758,1.0312499999998312
2017-07-13,225,1,0.8066323408488344,1.0216129032258083
2017-07-14,125,-1,5.122592825395467,0.11098779134337576
2017-07-14,230,1,-3.164124052367922,0.8064724223201502
2017-07-17,130,-1,-1.5972627153578052,0.11572472126117644
2017-07-17,240,-1,10.034538665098358,0.14938068944936583
2017-07-18,135,-1,3.19062129717036,-0.05820105820115156
2017-07-18,215,-1,-21.101564028826612,0.05262234695670597
2017-07-19,125,-1,-2.4358758651828345,0.0
2017-07-19,250,-1,-1.4179033938428893,0.16326530612246792
2017-07-20,135,-1,4.332722016365098,0.1923076923076654
2017-07-20,270,-1,-0.9071705462400544,0.17200437431646393
2017-07-21,125,-1,-0.4,0.14238095238091733
2017-07-21,215,1,7.207173666195343,0.9045465365389579
2017-07-24,130,-1,1.462648628777608,0.10523546435161935
2017-07-24,215,-1,-10.566070667150251,0.16664352173306687
2017-07-25,125,-1,-1.0750861156712417,-0.16666666666654034
2017-07-25,215,1,2.467761285525461,0.9458181326847928
2017-07-26,160,-1,-9.85168417197495,0.10714285714291515
2017-07-26,240,1,-4.277426784488769,0.9389098890378975
2017-07-27,135,-1,-2.240120310412363,0.0627928772258733
2017-07-27,240,-1,3.952285828548297,0.15804244869318304
2017-07-28,135,-1,-3.8115131315104462,0.07717948717936006
2017-07-28,255,-1,14.620476493893264,0.1804417280177641
2017-07-31,130,-1,-35.281659554935054,0.14280614066394537
2017-07-31,210,1,-10.524776605978658,0.8255813953488385
2017-08-01,140,-1,-4.2995578297984505,0.032247662044329356
2017-08-01,255,1,2.9866912179192355,0.8107012565869652
2017-08-02,140,-1,17.443408602779,0.0
2017-08-02,220,-1,-4.954829881910916,0.15482872072767856
2017-08-03,125,1,-8.5232431371292,0.8421883219357897
2017-08-03,215,-1,-4.6372385814482,0.18582426333955332
2017-08-04,130,-1,0.6188713656211767,0.0
2017-08-04,240,1,1.8085401753146884,0.914142857142906
2017-08-07,135,1,-2.0915727232613697,1.14285714285705
2017-08-07,230,-1,12.283554283667852,0.04254413954473882
2017-08-08,135,1,2.127794781512771,1.126249999999544
2017-08-08,215,1,-4.108405387369274,0.9747563109223505
2017-08-09,180,1,-23.10544146071196,0.8396641343462803
2017-08-09,260,-1,3.5070661840023836,0.0
2017-08-10,130,1,-10.396662131458445,1.099900099900443
2017-08-10,210,-1,7.062724538965792,0.1588095238095354
2017-08-11,140,1,3.4099563975513285,0.9759523809524613
2017-08-11,255,-1,14.326088686742855,0.06541444724798862
2017-08-14,130,1,4.373375475419783,0.9565406345065853
2017-08-14,210,1,-2.102114899059248,0.9430681818181599
2017-08-15,130,-1,0.44590227042879993,0.0010000000002037268
2017-08-15,220,-1,3.148454141298896,0.09334577943723658
2017-08-16,130,1,19.414488964007283,1.1005502751375442
2017-08-16,210,1,1.6255191765472525,0.9883040935672623
2017-08-17,135,1,8.571541424229734,0.9500000000002728
2017-08-17,215,1,-22.72136439868304,0.8915833333333012
2017-08-18,140,-1,18.36343780608858,0.03884615384603047
2017-08-18,230,-1,5.989257758199207,0.16198380566802564
2017-08-21,160,-1,11.546607137640619,0.0
2017-08-21,265,-1,-12.86932459556982,0.05562500000002467
2017-08-22,135,1,2.352039519287042,0.9500249875060701
2017-08-22,215,-1,3.039753576053306,0.18905511811022632
2017-08-23,185,1,-5.851537805708507,0.8928571428572298
2017-08-23,275,-1,0.7919847466868027,0.16989999999996144
2017-08-24,130,1,16.89609318929626,1.0416666666668246
2017-08-24,210,1,10.541723355619714,0.8188041071069159
2017-08-25,145,-1,16.888395600942864,0.0
2017-08-25,240,1,-11.356732801900016,0.8077564102563695
2017-08-28,130,1,-18.291337306930043,0.8230452674894875
2017-08-28,245,1,-4.699765920743326,0.9312500000000341
2017-08-29,135,1,-35.67749622702858,1.043932144410465
2017-08-29,215,-1,16.17581622944937,0.16952542372878965
2017-08-30,130,-1,-19.62694085759069,0.09173478655739273
2017-08-30,245,-1,8.274919262537939,0.16944429266158936
2017-08-31,130,1,-4.775863269835412,1.1248439450692
2017-08-31,215,-1,-10.670405760990365,0.14502339086941254
2017-09-01,130,-1,3.2706003266828714,0.09090909090901575
2017-09-01,230,-1,-0.4,0.12349702213733205
2017-09-04,130,1,4.1333382602663615,1.0006250000001276
2017-09-04,280,1,8.160538702950815,0.8094467193601154
2017-09-05,140,1,7.299943254766417,0.8463165993460209
2017-09-05,220,1,-1.4019455139009813,0.8528575629840015
2017-09-06,130,1,5.322728824599787,0.8660892738174587
2017-09-06,210,1,5.484360546539735,0.8437622060776548
2017-09-07,130,-1,-3.765661068843728,0.1999999999998181
2017-09-07,230,-1,-6.964695069914972,0.14770491803275185
2017-09-08,130,1,-10.311020870425613,0.9560869565218739
2017-09-08,210,-1,-8.808053371720126,0.17299740359649188
2017-09-11,135,-1,-2.5846650295120894,-0.039999999999781724
2017-09-11,225,1,9.343571569060805,0.9465404612718468
2017-09-12,135,1,-0.06584068052277703,0.8660892738174587
2017-09-12,230,1,3.4409069617117987,0.9136355800723719
2017-09-13,130,-1,1.6042858312019352,-0.1243749999997307
2017-09-13,210,-1,-0.06415310608258695,-0.02500625156298297
2017-09-14,130,1,-0.5668677701416321,0.9369144284823987
2017-09-14,235,1,0.6026076139135753,0.9163888888887902
2017-09-15,140,-1,2.4527467504280147,0.07137758743716326
2017-09-15,265,1,-0.23057867112945518,0.8590339388818302
2017-09-18,130,-1,3.096311882347225,-0.11098779134337576
2017-09-18,210,-1,3.2685962493976377,0.0001694628027951634
2017-09-19,130,-1,6.625001379582507,-0.1333333333338184
2017-09-19,270,1,7.126543146187947,0.8023700777681205
2017-09-20,175,-1,-6.079226462287357,0.10379310344838931
2017-09-20,265,1,0.9373249394055264,0.9649122807017851
2017-09-21,135,-1,-1.2386489700562548,0.1541714725105316
2017-09-21,215,1,5.469460843066498,0.8101724137931684
2017-09-22,130,1,-2.257772328310858,0.9145714285714348
2017-09-22,230,1,-1.4129881969977993,0.8155384615383809
2017-09-25,140,1,-16.930684915192494,0.8275862068965301
2017-09-25,250,-1,-6.991565735956096,0.17692307692309092
2017-09-26,130,-1,-1.0834525568888416,0.09086778736929402
2017-09-26,210,-1,-6.537751878354525,0.15277777777781287
2017-09-27,130,1,9.778312984905346,0.9126086956521368
2017-09-27,220,1,-5.481010692485899,0.9051578947367632
2017-09-28,130,-1,8.019376181634241,-0.09900000000016007
2017-09-28,210,-1,4.150381060708375,0.07500000000004547
2017-09-29,130,-1,0.6109572602656769,0.19980019979997743
2017-09-29,220,1,0.10369177432507681,0.820558831068996
2017-10-02,135,1,-5.244015194173102,0.8333333333332491
2017-10-02,215,-1,4.77935631247135,0.09731707317060624
2017-10-03,130,-1,-0.9026997985368986,0.0
2017-10-03,235,-1,4.61097016492702,0.1061702127659182
2017-10-04,135,1,-1.2347426571864157,0.8000000000001819
2017-10-04,305,-1,2.604307398595252,0.05128205128223067
2017-10-05,135,1,2.435061898851521,0.9090495679851387
2017-10-05,255,1,-1.5662643054810572,0.8235294117646115
2017-10-06,135,1,-0.8932146692926409,0.8119925046848592
2017-10-06,245,-1,0.4233278648295261,0.10807889759539134
2017-10-09,160,-1,-3.6978611368061904,0.0
2017-10-09,375,1,4.0465897867751455,0.8714285714286234
2017-10-10,130,-1,-3.8619936566393505,0.14265335235299742
2017-10-10,265,-1,-7.656426207620237,0.15481053669532827
2017-10-11,160,-1,14.117930469012396,0.06312500000034035
2017-10-11,240,-1,-2.878040841087381,0.1170375709523344
2017-10-12,135,1,-3.1971710399354865,0.8416622830092049
2017-10-12,215,-1,3.712991902885943,0.08081081081078902
2017-10-13,130,1,-5.6678634484204515,0.8559201141231741
2017-10-13,230,1,-4.3529986647723895,0.8461538461538058
2017-10-16,140,-1,1.893589629960291,0.0
2017-10-16,235,1,-2.5279492122905363,0.8866037735849546
2017-10-17,130,-1,1.2365648813776446,0.000999000999204319
2017-10-17,215,-1,-0.7287499699466956,0.07498125468637007
2017-10-18,135,-1,-2.362235864019224,0.1427551748755322
2017-10-18,235,-1,-1.86893744679355,0.09566872917656713
2017-10-19,130,-1,10.39936578270102,0.09181818181866738
2017-10-19,210,-1,45.99531014086984,0.11264154691742669
2017-10-20,135,1,-1.2179463983370993,1.0
2017-10-20,225,1,-22.635233697227573,0.9284387944579076
2017-10-23,135,1,-9.07306946474078,0.9285969296680273
2017-10-23,220,-1,-12.84928146351132,0.12058788097822755
2017-10-24,135,-1,-0.8941875309905086,0.0693103448275807
2017-10-24,225,-1,-1.222472791646156,0.17346666666659682
2017-10-25,130,1,1.9057006346860477,1.0832639467106182
2017-10-25,210,1,-6.991683045651387,0.983053719708616
2017-10-26,135,1,-4.852088111770447,1.048118151500548
2017-10-26,215,1,-5.014571196865925,0.9742340725547991
2017-10-27,130,1,9.109098332833865,1.126408010012091
2017-10-27,220,1,-4.493979836208295,0.9117698958884782
2017-10-30,145,-1,-7.806967283265509,0.10714285714262513
2017-10-30,400,-1,-2.009821456312055,0.19800019800018687
2017-10-31,135,-1,-7.781347131965033,-0.05820105820115156
2017-10-31,215,1,3.6109252407471986,0.9199999999999515
2017-11-01,130,1,11.405580701058637,0.8998998999004257
2017-11-01,225,1,-2.6305176234782564,0.8333479519339907
2017-11-02,130,1,0.883849685143057,0.9238461538460414
2017-11-02,215,1,15.181405696594164,0.9522298047928317
2017-11-03,130,-1,-4.715451683409855,-0.1999999999989086
2017-11-03,225,-1,-0.5599188891399095,0.06382978723408372
2017-11-06,135,1,4.051781905630003,0.8426315789473497
2017-11-06,280,1,-8.190160015387349,0.8334259362151539
2017-11-08,130,-1,-15.284557588195069,0.14357142857148147
2017-11-08,330,-1,0.5484497754674859,0.09991666666671033
2017-11-09,135,1,-3.7126325348775686,0.8494999999998072
2017-11-09,220,-1,-5.137039814346478,0.02500000000009095
2017-11-10,135,1,-14.510703063402453,0.9996667777406852
2017-11-10,215,-1,25.15815086564217,0.05065584462639434
2017-11-13,140,-1,-4.042228302285222,0.12151515151509631
2017-11-13,235,-1,2.61129918699794,-0.012499999999931788
2017-11-14,130,1,10.37933822789312,1.1179245283017856
2017-11-14,210,1,-10.693166809952626,0.8415147265076652
2017-11-15,135,-1,3.591334652815315,0.025641025641121314
2017-11-15,240,-1,-3.4360317850175455,0.1907819509191599
2017-11-16,130,1,-7.084844137287982,1.0
2017-11-16,220,1,0.0773217286868636,0.8069298245614108
2017-11-20,135,1,-3.892856315004955,0.9285714285714286
2017-11-20,230,1,-0.5587032295635727,0.8737741528304422
2017-11-21,130,-1,0.8677145278028323,-0.12499999999992895
2017-11-21,210,-1,-9.911777879693817,0.19354838709675054
2017-11-22,135,1,-5.416091464665751,0.9540909090910608
2017-11-22,215,-1,1.7974505808886048,0.042765957446806536
2017-11-23,130,-1,4.614832935541502,-0.055586436909597005
2017-11-23,215,1,3.676055656887512,0.8559884790783093
2017-11-24,130,-1,2.263735148619173,0.08409658617865585
2017-11-24,310,1,2.575720406883653,0.8411363275670073
2017-11-27,140,1,3.659474422968279,0.909132212630706
2017-11-27,220,1,3.811925364683289,1.0133315557924878
2017-11-28,130,1,1.4729605215828117,0.9208103130754131
2017-11-28,300,1,2.2522426271546885,0.8293694352969566
2017-11-29,140,1,-8.343716123359757,1.0824313072440952
2017-11-29,220,-1,-1.3369588809127193,0.10797297297296206
2017-11-30,130,1,-0.4015862013180712,0.8684210526315852
2017-11-30,245,1,12.765053286743333,0.8000222197533451
2017-12-01,130,1,12.037292105098585,0.9561060408515643
2017-12-01,220,-1,18.659410229389508,0.0
2017-12-04,130,-1,0.8562084175393728,-0.021517061508404135
2017-12-04,210,-1,-2.9151419404623176,0.10377009110435621
2017-12-05,140,1,-17.62117335210438,0.8854612967724032
2017-12-05,220,-1,9.985199692645175,0.1379310344827406
2017-12-06,140,1,-21.75754164272474,0.9348652931855497
2017-12-06,220,-1,-20.303779936334408,0.0222025358507196
2017-12-07,130,-1,1.9304299334303558,0.1460290350130112
2017-12-07,250,1,6.695569190116446,0.8410634301402174
2017-12-08,130,-1,1.5995783566262305,0.09463965119254703
2017-12-08,215,-1,-1.8164462167975954,0.1490425531914781
2017-12-11,130,1,-4.8074352062972725,0.9482981473503251
2017-12-11,220,-1,9.679092771428932,0.19765432098771551
2017-12-12,140,-1,2.6939583587585862,0.0
2017-12-12,250,-1,1.1648522613764816,0.18703437459162525
2017-12-13,135,-1,-5.726591330909736,0.0645161290324852
2017-12-13,270,1,-2.279684538538262,0.8477022910872087
2017-12-14,130,1,3.8160030105375946,1.1249219237974686
2017-12-14,220,1,-2.959656381737607,0.895470383275194
2017-12-15,130,1,-1.182157443139919,0.8667022127432433
2017-12-15,255,1,-2.8191685551788743,0.8904538341158245
2017-12-18,130,1,0.8293942006391667,0.9500000000001213
2017-12-18,215,1,0.982346210143659,1.0001099021870758
2017-12-19,140,1,7.409744739006863,0.9090090090092903
2017-12-19,225,1,-2.391393928225671,0.8242129441967971
2017-12-20,135,1,2.8340147545562027,0.8709677419356163
2017-12-20,265,1,5.891262374866768,0.9541230443476864
2017-12-22,135,-1,-8.354246556003408,0.08372579801190952
2017-12-22,360,-1,-4.815396281429729,0.16746411483249893
2017-12-26,135,1,-1.392495126556081,1.0
2017-12-26,225,-1,-2.2722792715908375,0.12629451881788864
2017-12-27,135,1,6.806936921366757,0.861402540032995
2017-12-27,215,1,-3.067337406079273,0.8684571428571611
2017-12-28,130,1,6.903160403819841,1.1538461538461537
2017-12-28,210,1,2.5188517299405526,0.9593192868719286
2017-12-29,130,1,-4.5908838106574645,1.0
2017-12-29,250,1,7.360771388694021,0.8137288135592834
2018-01-02,140,-1,24.716342486445342,0.18738288569648692
2018-01-02,220,-1,5.541241125271279,0.1667114671254488
2018-01-03,150,1,3.7452008135700603,1.0680272108840412
2018-01-03,240,1,-2.240753358991476,0.850090415913104
2018-01-04,130,-1,-1.6597765490318657,0.17019475021176325
2018-01-04,210,1,-3.7073147789930423,1.0
2018-01-05,130,-1,-7.974644332575265,0.1675000000000436
2018-01-05,215,1,1.8716716491588685,0.8271604938271938
2018-01-08,140,1,-5.427803754763527,0.9996268656715657
2018-01-08,230,-1,-2.200827569633512,0.16666666666666666
2018-01-09,140,1,3.04297461030596,0.9523809523811999
2018-01-09,235,1,3.385628676211683,0.8096523257660552
2018-01-10,130,1,-10.893616795423933,0.8012658227849914
2018-01-10,210,-1,1.7014177214651043,0.16129032258060375
2018-01-11,130,-1,-5.346123387712387,0.14570179698890398
2018-01-11,240,1,-6.091668006309048,0.8382868465173382
2018-01-12,130,1,8.07937990611447,0.86050632911382
2018-01-12,210,1,-7.305954269216253,0.8929765886287369
2018-01-15,130,1,-14.459803212910227,0.8313943685718985
2018-01-15,220,-1,-6.676079555107561,0.1395287265024561
2018-01-16,130,-1,-13.639304444889744,0.11000000000012733
2018-01-16,215,1,6.520038222169022,0.9091735612328562
2018-01-17,135,1,18.850148345557606,0.8336111111110834
2018-01-17,215,1,-0.5462297322274431,0.9196035242290722
2018-01-18,140,-1,15.020944347439569,0.07999999999992724
2018-01-18,220,-1,-0.694149268105226,0.05262762198329792
2018-01-19,130,1,12.092154738683591,1.0713775874378124
2018-01-19,210,1,30.873633057702367,0.8792241379310426
2018-01-22,130,1,-1.732090049287471,1.0526315789470662
2018-01-22,210,1,-4.35305006362201,0.8180755746007226
2018-01-23,130,1,3.77833520942823,0.8099094807049493
2018-01-23,215,-1,0.8957682572523055,0.1514294373168888
2018-01-24,145,-1,-10.615724197859544,0.13803680981616487
2018-01-24,265,1,6.202015710213127,0.9292705075168987
2018-01-25,160,-1,-20.056391817797213,0.030769230769202786
2018-01-25,240,1,17.048878492407617,0.8776793248945378
2018-01-26,130,1,5.408826909494691,1.0
2018-01-26,210,1,3.6333095789013563,0.8886107634542739
2018-01-29,140,1,-9.949233424598347,0.8622222222224486
2018-01-29,225,-1,15.920673900627191,0.05755890256860601
2018-01-30,140,-1,-18.734248676357133,0.03211332606885363
2018-01-30,255,1,-9.936084587228322,0.8587831160886464
2018-01-31,140,1,14.280124406858397,1.0
2018-01-31,220,1,-19.07680732485999,0.9385474860335011
2018-02-01,150,-1,-2.8416259764881153,0.11625203441059176
2018-02-01,240,-1,7.502674681798949,0.05425935973954165
2018-02-02,140,-1,18.610502616004787,0.06241071428576207
2018-02-02,220,-1,66.0157883293337,0.04789760904559209
2018-02-05,145,-1,10.21421444805366,0.19285714285713298
2018-02-05,290,1,-22.02427962267177,0.8322260273972527
2018-02-06,130,1,39.353217472846545,0.9872062663185434
2018-02-06,210,1,2.6877253653560644,0.8341320355750157
2018-02-07,135,1,-22.321280981076484,0.8867778439547442
2018-02-07,405,1,26.34924810267765,0.9058009807490638
2018-02-08,155,-1,-55.91343443419565,-0.1811828873359677
2018-02-08,305,-1,2.800507204189629,0.19743064869061341
2018-02-09,135,1,16.93453672265961,0.8992008595796017
2018-02-09,215,1,-10.939594239757922,0.8941494323115973
2018-02-12,150,1,33.57477396303694,0.9215053763440239
2018-02-12,230,1,18.585474335624365,0.9677703719630226
2018-02-13,130,1,-12.526061299013724,0.873517011471723
2018-02-13,210,-1,-6.408347906143463,0.03875624981510563
2018-02-14,130,1,34.45247874951858,0.9186486486485604
2018-02-14,235,1,-18.443020411631082,0.8338127197187365
2018-02-15,135,1,16.24764687765441,0.9795454545454197
2018-02-15,215,1,0.3427467070320048,0.9375418545471017
2018-02-16,135,1,13.383183637119389,0.8683377308707649
2018-02-16,215,1,8.664103533114043,0.9884179249287609
2018-02-19,150,-1,9.295388520659653,0.13184210526299742
2018-02-19,230,-1,0.9071493718852522,0.14961466914698746
2018-02-20,130,1,-28.86897289097039,0.8115086683879097
2018-02-20,215,-1,29.922941547312746,0.013371240726772688
2018-02-21,140,-1,25.79206623048598,0.10526315789475574
2018-02-21,220,-1,-7.169941459918716,0.0862276271943449
2018-02-22,145,-1,-9.461726594508102,0.11403619794960868
2018-02-22,225,1,-2.318401797442737,0.9307371221503901
2018-02-23,130,-1,12.496061617027054,0.1652775996922379
2018-02-23,210,-1,-5.841209277878834,0.04379850059186232
2018-02-26,130,-1,-26.636599040985185,0.15021244688841212
2018-02-26,210,1,-1.4134934874728162,0.9193366680185671
2018-02-27,150,-1,-0.6879879371731065,0.03311148086515926
2018-02-27,230,-1,-4.124904548425556,0.0759562841529729
2018-02-28,130,1,6.8369983033082615,0.8692307692309342
2018-02-28,220,1,12.907860228850554,0.8406002390332207
2018-03-01,165,1,4.976376116161818,0.8202247191010937
2018-03-01,245,-1,37.702667492126984,0.08421761832575089
2018-03-02,150,-1,-1.3038917495707287,0.1028836251287119
2018-03-02,240,-1,19.036994337918014,0.0217437722419882
2018-03-05,130,-1,-22.149715090715326,0.1442324835086721
2018-03-05,210,1,37.08448542393979,0.8715469265442889
2018-03-06,155,1,-11.267580702654811,0.9506024096385728
2018-03-06,280,1,2.6277700111680518,0.8031363967906924
2018-03-07,130,1,23.146721228757674,0.8581014189858196
2018-03-07,210,1,-22.853699549392914,0.8864317486355908
2018-03-08,130,1,-11.479318701140429,0.8603689019134035
2018-03-08,210,-1,-3.4416397452448506,0.10656611197640979
2018-03-09,175,-1,-3.715309002880351,0.03406779661017004
2018-03-09,350,1,-4.845266314599961,0.9677444732908626
2018-03-12,130,1,8.567894796505504,1.0447963800905695
2018-03-12,215,1,-22.931265436805944,0.975227085053659
2018-03-13,135,1,1.8281486929109918,0.8229411764704372
2018-03-13,230,1,5.904225091655624,0.8478461538460789
2018-03-14,135,1,-0.24371357016676998,0.9361566290701645
2018-03-14,215,1,57.35588097945095,0.8244547971102385
2018-03-15,135,-1,-10.058809206198882,0.16675931072828545
2018-03-15,215,1,-14.589891972352653,0.8824796787778092
2018-03-16,165,-1,10.389280657762523,0.059612518628993076
2018-03-16,265,-1,-20.17728323107053,0.1884146341463545
2018-03-19,140,1,-2.9978058090614375,0.8073170731707576
2018-03-19,225,1,-53.549462129338245,0.8193758284129763
2018-03-20,130,1,1.7767984363063598,0.9389552238806474
2018-03-20,230,-1,2.5090771639628255,0.089589549229892
2018-03-21,130,-1,-2.5761617439475244,0.0
2018-03-21,245,-1,36.89734985639777,0.15695807724056102
2018-03-22,135,-1,53.98959890380013,0.16156078684299002
2018-03-22,215,-1,18.040007557476436,0.015777427168285885
2018-03-23,130,-1,-52.02894544813889,0.15596491228072842
2018-03-23,210,1,-33.200635991221404,0.9514563106796117
2018-03-26,140,-1,-29.655536735319775,0.16197055080889583
2018-03-26,225,1,-2.5277337417369146,0.8664903953362475
2018-03-27,135,1,38.64293987004426,0.8979800040807965
2018-03-27,340,1,-17.39071821001596,0.8985460739058596
2018-03-28,130,1,-14.95323112369289,0.9780208223788167
2018-03-28,210,-1,38.78119462462122,0.034459770114937845
2018-03-29,135,1,15.021816202976224,0.9885370559528247
2018-03-29,295,1,18.963711902540272,0.8422308957775395
2018-04-02,160,1,-14.456402844283556,0.8729166666667397
2018-04-02,275,1,-0.24869927222908006,0.8783442705704287
2018-04-03,130,1,36.30448942401316,0.9365306122449556
2018-04-03,210,1,-21.697480267435942,0.9209486166007802
2018-04-04,145,-1,26.1026247731881,0.17746947835739416
2018-04-04,225,-1,79.60821544375091,0.03690340909090866
2018-04-05,135,1,32.73477683954736,0.9282662060187494
2018-04-05,215,1,-37.30237078406322,0.9021945866861644
2018-04-06,130,-1,-39.41044882680615,0.0017612524461869136
2018-04-06,225,1,1.2986086711678895,0.8333333333333419
2018-04-09,165,-1,-2.5548506457613747,0.17057079318016477
2018-04-09,270,1,8.963557936725719,0.8357453416149133
2018-04-10,135,1,5.214772009905344,0.8140200286122956
2018-04-10,215,-1,12.208939706384436,0.19857834767763405
2018-04-11,160,1,3.3990302371526675,0.96163636363632
2018-04-11,375,-1,46.910643296923915,0.0057471264368023365
2018-04-12,170,-1,-21.49370375935171,0.18469217970046592
2018-04-12,290,-1,-12.222872698572518,0.10047031158141694
2018-04-13,60,1,12.245707911245196,0.9683042789222321
2018-04-13,140,1,-21.444736410956722,0.9945783132530034
2018-04-16,60,1,-4.153402506684323,0.8291282778171428
2018-04-16,195,-1,-19.973130808161475,0.12131067961164381
2018-04-17,60,1,1.3827246694013255,0.9593495934959355
2018-04-17,140,1,-14.957857083437043,1.0056179775281102
2018-04-18,75,1,-1.2914757788658355,0.9998004390340842
2018-04-18,170,-1,-13.859259704098337,0.1485991485991738
2018-04-19,65,-1,6.1845651720142225,0.036864828960432
2018-04-19,145,-1,4.419393977641972,0.14038985961016284
2018-04-20,60,1,-23.565436419353425,0.9778024417314303
2018-04-20,140,-1,21.198051678219933,0.02124242267239243
2018-04-23,65,1,-22.34187866693675,0.8672193709698653
2018-04-23,145,-1,30.286468270416655,0.1488193300384421
2018-04-24,80,1,-4.896295726765798,0.8529411764705725
2018-04-24,185,-1,-28.00314652769047,0.1278099391023145
2018-04-25,60,-1,5.914169087610066,0.16676586120698328
2018-04-25,215,1,-58.69930073363187,1.0085233611495292
2018-04-26,75,-1,3.115064769901155,0.005161895823541554
2018-04-26,155,-1,6.454771758949551,0.1122846415663935
2018-04-27,100,1,8.352853393119153,0.9543851666476235
2018-04-27,180,1,-10.198182052623839,0.8922754491017966
2018-04-30,65,1,4.827646916450279,0.8890909090909687
2018-04-30,340,1,-7.12886264317496,0.829460556503355
2018-05-01,65,1,-0.0962079956541736,0.9412628487517588
2018-05-01,175,-1,9.566783941633972,0.07462129691814133
2018-05-02,120,1,-5.334227683834891,0.8816692794205405
2018-05-02,205,1,2.728972211599024,0.8413743392599556
2018-05-03,60,-1,-0.7181131997509468,0.08907471368854264
2018-05-03,180,1,10.434035357927263,0.8357260195700201
2018-05-04,60,1,-21.548433966645675,0.9122273551254176
2018-05-04,150,-1,9.831304209926683,0.09952333560319056
2018-05-07,60,1,-13.572624385325849,0.932145886344344
2018-05-07,140,-1,12.822749997432448,0.13949614824070145
2018-05-08,75,1,-0.23736642618747938,0.831116389548638
2018-05-08,160,-1,6.062798825676019,0.19115128449095842
2018-05-09,70,-1,-1.2935829300704689,0.16824196597359803
2018-05-09,150,-1,-19.756725669703588,0.09869706840387049
2018-05-10,70,-1,3.494491270318712,0.15689350853111528
2018-05-10,150,-1,2.772713792544135,0.15316326530614038
2018-05-11,60,-1,8.07692745574835,0.09090909090921215
2018-05-11,140,-1,-1.2501188656051538,0.07438016528922949
2018-05-14,90,-1,8.912339386855495,0.07692307692307693
2018-05-14,170,-1,7.501335814658461,0.08962962962963232
2018-05-15,70,-1,19.00388672787119,0.06873614190675735
2018-05-15,150,-1,-16.53509740273633,0.014732354334466857
2018-05-16,60,-1,3.234297538676057,0.013835616438308974
2018-05-16,140,-1,-19.602309685035777,0.11427052883336762
2018-05-17,60,-1,18.53805608871535,0.17670753064798742
2018-05-17,140,-1,6.9677780576275605,0.11731581417174815
2018-05-18,70,-1,-0.11235995073426397,0.1540785498487575
2018-05-18,180,1,-21.475104797726452,0.9744871794871129
2018-05-21,60,-1,16.217630758527513,0.10613457864571736
2018-05-21,140,-1,7.575371589352686,0.1318675042832763
2018-05-22,60,-1,0.9185184541930628,0.11706066647682008
2018-05-22,150,1,2.91338070454823,0.8080614203454908
2018-05-23,60,1,3.5141682559784564,0.8747126436781416
2018-05-23,140,1,-47.371564085147575,0.8765315739867634
2018-05-24,60,-1,-15.689175480319717,0.08700613321918628
2018-05-24,155,1,27.846084045970844,0.9000066617813435
2018-05-25,80,1,-8.422497374780002,0.8565978160768064
2018-05-25,180,-1,7.07367862464876,0.11799117991184513
2018-05-28,65,-1,-4.964334944918702,0.033524614919929495
2018-05-28,215,-1,2.7640542826361085,0.14488655954759178
2018-05-29,65,-1,10.939870266141583,0.1613636363636246
2018-05-29,145,-1,32.664647135523374,0.054063062462481395
2018-05-30,60,-1,-20.464162045729804,0.1152564102564514
2018-05-30,140,1,9.398194599912602,0.9192926045016017
2018-05-31,80,1,-1.1302123199703913,0.9049881235155267
2018-05-31,170,1,-0.8279333723478107,0.8246997984047768
2018-06-01,80,1,1.175150426866845,0.95
2018-06-01,160,1,2.305035229861874,0.9029079047817706
2018-06-04,65,-1,-8.43314181969883,0.15208613728114873
2018-06-04,175,1,-0.26059008415306695,0.8483870967741144
2018-06-05,60,1,-1.0863265129752881,0.8181818181817618
2018-06-05,180,-1,-19.72463281095531,0.14705882352940783
2018-06-06,60,1,-8.736495412356593,0.8344444444444687
2018-06-06,145,-1,11.546446102630847,0.16677777777780042
2018-06-07,70,-1,-2.2005141160304382,0.16639004149371955
2018-06-07,150,1,3.75377177287235,0.8333333333333334
2018-06-08,75,-1,13.06264571107647,0.12625000000002728
2018-06-08,210,-1,37.23298755247946,0.09825531914894453
2018-06-11,60,-1,2.415592023375224,0.0976015198290275
2018-06-11,145,1,6.582956827414899,0.9416001557329419
2018-06-12,65,1,6.429212136094664,0.8010696430647452
2018-06-12,145,1,-7.9073527773439345,0.9496925656791273
2018-06-13,60,1,-4.553239727794356,0.8416639793614835
2018-06-13,140,-1,15.123375145691798,0.11280101394163002
2018-06-14,65,-1,14.208645371311235,0.0015275656158189803
2018-06-14,155,-1,-7.361791876118895,0.08018489693881498
2018-06-15,70,-1,0.16450073275260413,0.1932059447984622
2018-06-15,205,-1,15.666119455563353,0.14146544546215595
2018-06-18,75,-1,-4.560161214568081,0.17734426956331348
2018-06-18,170,-1,-5.25385729104948,0.066725781423267
2018-06-19,60,1,-25.753398671125183,0.8160024524831312
2018-06-19,150,-1,11.185023589530951,0.17003787878789373
2018-06-20,60,1,11.750836251239027,0.8983799705448434
2018-06-20,200,1,-1.3647275458979364,0.8148062410296787
2018-06-21,60,-1,8.769097204047016,0.16566795911173013
2018-06-21,140,-1,-1.0829937298724608,0.03283004674654131
2018-06-22,70,1,-2.3267902804454006,1.0204457166224437
2018-06-22,165,1,11.502949229403159,0.9901873327386554
2018-06-25,60,1,-11.556410249615334,0.8253283669867806
2018-06-25,195,-1,12.339886753455609,0.08569122460876656
2018-06-26,70,1,14.340953734457829,0.8293544457978278
2018-06-26,150,1,-5.358799460482722,0.8457446808510363
2018-06-27,75,-1,17.54664373720112,0.0
2018-06-27,155,-1,68.45303511660723,0.14460861364351796
2018-06-28,75,-1,13.30908716634922,0.11235955056179087
2018-06-28,175,-1,-53.578683816828,0.09090909090908185
2018-06-29,60,-1,8.933806623325058,0.1844036697247134
2018-06-29,185,1,11.188353422169461,0.8322625156310482
2018-07-02,65,-1,23.94527002320497,0.06802721088435458
2018-07-02,145,-1,37.15073941720699,0.037588652482272784
2018-07-03,65,-1,-34.452421803718586,0.008008881135561115
2018-07-03,145,1,8.056757806563075,0.8558038932948974
2018-07-04,75,1,-10.222921165041354,0.9078789494733109
2018-07-04,165,-1,-6.257738200434337,0.19571045576407117
2018-07-05,65,-1,-10.829897191013282,0.010273327049988852
2018-07-05,185,1,19.555922770764635,0.9226190476190377
2018-07-06,75,1,-0.5530067439470262,0.8287771739130338
2018-07-06,205,-1,-4.189175354300678,0.13551401869159246
2018-07-09,60,-1,1.3806673676068475,0.07871949619527839
2018-07-09,140,-1,-7.880101561283537,0.03393870601589052
2018-07-10,65,1,-20.928945758772066,0.9093655589123427
2018-07-10,145,-1,2.4782368680602134,0.11169243430718882
2018-07-11,60,-1,14.285978451236536,-0.018999999999959983
2018-07-11,140,-1,3.627119547562741,0.04709803921568713
2018-07-12,60,-1,-5.07826022107154,0.1076923076922797
2018-07-12,165,-1,5.227362133411306,0.10998900109992414
2018-07-13,85,-1,1.0748546084264459,0.16808977799470082
2018-07-13,165,-1,4.877788265689587,0.11454753722792216
2018-07-16,65,1,-7.700595872196114,0.8285714285713246
2018-07-16,150,-1,-14.106878073456164,0.060786941162219596
2018-07-17,65,-1,20.545217987698997,0.17215028656348175
2018-07-17,170,-1,-12.21474091010104,0.13346456692911285
2018-07-18,60,1,-11.317148424637313,0.8723675813655901
2018-07-18,190,-1,6.881364206136453,0.10685226938536842
2018-07-19,60,-1,1.5090509187202898,0.16880924555243068
2018-07-19,150,-1,6.778877304859776,0.112232501635363
2018-07-20,65,-1,-23.51625300895237,0.19971455756423562
2018-07-20,160,1,4.346625793246028,0.8005460687676281
2018-07-23,65,1,-0.9445040639251442,0.9374023539215
2018-07-23,160,1,-10.647287095555003,0.8136696501220528
2018-07-24,60,-1,8.90255225146781,0.14520352297085906
2018-07-24,170,-1,7.132211658112242,0.12737382378097767
2018-07-25,90,-1,-13.783368275787788,0.1948156496538383
2018-07-25,170,1,5.002915061150093,0.9848496326036045
2018-07-26,85,-1,-11.2145498946155,0.06378729247289915
2018-07-26,185,1,-5.959184148143937,0.8080059303187537
2018-07-27,70,-1,-0.00983532494518402,0.16237531895148868
2018-07-27,150,1,-2.6716088303043057,0.812013536379035
2018-07-30,65,-1,-7.585842772767792,0.1834675364386985
2018-07-30,145,1,23.591095872195613,0.8364606741573017
2018-07-31,60,1,4.584470389608475,0.8299845440494484
2018-07-31,140,1,0.29525694601280106,0.9380771061399157
2018-08-01,60,1,7.471314550877972,0.9040615301578417
2018-08-01,140,1,-29.430331059466397,0.9529370751263501
2018-08-02,60,1,-10.049888268079554,0.8215560314061413
2018-08-02,140,-1,13.818325501220707,0.06426751592356855
2018-08-03,90,-1,-6.096913103021562,0.08912305768883408
2018-08-03,185,-1,-4.862184680193993,0.17108289171077407
2018-08-06,80,-1,3.921887244813638,0.1999666722214109
2018-08-06,170,-1,8.112784515732896,0.16277177072429855
2018-08-07,70,-1,-9.800509085704112,0.18630280766205545
2018-08-07,150,1,3.4897145217786645,0.864161569084432
2018-08-08,60,-1,-0.1265734058593534,0.164441381686587
2018-08-08,140,-1,-1.4737187693266036,0.09423722973555132
2018-08-09,65,1,-3.091494836146724,0.8330952380952257
2018-08-09,165,-1,5.0785639464949295,0.1941176470588015
2018-08-10,70,-1,17.339536146270664,0.09355140186909451
2018-08-10,170,-1,-3.631727375787585,0.194148677950734
2018-08-13,70,1,12.880381633804516,0.8574944071588309
2018-08-13,150,1,-20.150120394568248,0.9912536443148671
2018-08-14,65,-1,-18.312313166492665,0.12259194395809513
2018-08-14,145,1,11.431823005608033,0.8427376340464026
2018-08-15,60,1,1.212803426298548,0.8672348795280223
2018-08-15,140,1,3.635354600901986,0.9295673936361022
2018-08-16,65,1,-3.7684193445437937,0.8207690248907088
2018-08-16,155,1,-22.150995682224824,0.8983717012913891
2018-08-17,70,-1,-0.8069088235336693,0.18416666666662448
2018-08-17,165,-1,-12.329208089225263,0.14523339907954158
2018-08-20,60,-1,-5.966722862124785,0.15202312138722204
2018-08-20,140,1,16.516674820504075,0.8538855678906717
2018-08-21,70,-1,-4.3456236119139735,0.12262803509497565
2018-08-21,155,1,2.038938465583185,0.9017871518274595
2018-08-22,70,-1,8.979024695429505,0.16561314791397153
2018-08-22,155,-1,-11.945995169699453,0.1738050900061657
2018-08-23,65,-1,-19.42442376856772,0.027320954907178206
2018-08-23,145,1,-4.319550716279252,0.9658742553068355
2018-08-24,65,1,-10.608802974137621,0.9293225305982025
2018-08-24,145,-1,-2.285072514700159,0.10662824207498536
2018-08-27,80,-1,0.5183642096699529,0.07048780487820579
2018-08-27,160,-1,-3.8734056149621217,0.11969696969695759
2018-08-28,60,-1,2.2318363634925125,0.030870833973281657
2018-08-28,140,-1,-10.304564430580632,0.13289349670121564
2018-08-29,90,1,-5.93391108243484,0.8616187989556471
2018-08-29,240,-1,-1.3097537468005789,0.1780821917808424
2018-08-30,65,-1,2.750669046533272,0.03654485049822744
2018-08-30,170,1,-8.372012746334523,0.9558067831449876
2018-08-31,90,1,-3.668610232931568,0.8496732026142729
2018-08-31,195,-1,12.169041443831752,0.1819836214741284
2018-09-03,100,1,-8.494909253730798,0.9183333333333698
2018-09-03,185,1,8.21645795690702,0.8891108891109243
2018-09-04,65,1,9.119265363084894,0.9510714285714196
2018-09-04,145,1,0.6435436501543549,0.8934319526627506
2018-09-05,60,-1,19.02375621526771,0.06866666666671033
2018-09-05,140,-1,15.362366970933916,0.02330124180267479
2018-09-06,65,-1,12.23924792483495,0.04846526655899859
2018-09-06,185,-1,-28.118556641544988,0.1099500000000262
2018-09-07,60,1,18.17241223492956,1.0246433203632306
2018-09-07,140,1,-7.781653350795326,0.9602518693427711
2018-09-10,65,-1,-11.413718795582772,0.1932678370107667
2018-09-10,145,1,0.8088833741508153,0.8160945842867949
2018-09-11,65,-1,6.568623405292362,0.0019955654102026864
2018-09-11,145,-1,3.3476398234370657,0.18165374676998522
2018-09-12,70,1,8.78951391081002,0.8221614227086032
2018-09-12,150,1,6.9060026730131785,0.8437254901960456
2018-09-13,60,-1,-1.4835121329244578,0.055493895671474794
2018-09-13,150,1,15.253642258277589,0.8810172570390215
2018-09-14,70,1,10.168771657724074,0.9004739336494311
2018-09-14,150,1,7.773183414725837,0.9739583333333344
2018-09-17,65,-1,1.5935753711042282,0.15873015873017107
2018-09-17,155,-1,-6.6601699511843915,0.10919827845054964
2018-09-18,70,-1,-34.24273161271211,0.12676279511952324
2018-09-18,150,1,0.9556616676924093,0.9408834618976544
2018-09-19,60,1,4.269024975747504,0.9630314232900741
2018-09-19,140,1,6.4039106546891045,0.8914070891514094
2018-09-20,75,-1,2.270526824173347,0.18480872297172227
2018-09-20,200,1,2.9384640582512227,0.8173043478261167
2018-09-21,60,1,5.782547288577922,0.9324166860871703
2018-09-21,140,1,12.376827418914393,0.8848774444739101
2018-09-24,65,1,-14.94871811778613,0.9458367016976532
2018-09-24,145,-1,-6.429283602126956,0.07785158202980437
2018-09-25,65,-1,2.250766483501821,0.19952210274795681
2018-09-25,210,1,-1.576990978211112,0.9560526315789281
2018-09-26,65,1,-3.4426030252250768,1.0
2018-09-26,145,-1,6.842426633058407,0.038412291933440014
2018-09-27,60,1,-7.1340334087284685,0.8535286284953987
2018-09-27,190,1,-10.82929370615453,0.8786781609195512
2018-09-28,75,-1,8.508525515243237,0.07367647058826328
2018-09-28,155,-1,9.049383666605415,0.17869907076483482
2018-10-01,60,1,-6.243493289743318,0.8988890275871252
2018-10-01,155,-1,-15.383515006770088,0.10294567322395777
2018-10-02,65,-1,11.663345598410935,-0.01603174603183565
2018-10-02,155,-1,-0.9377782674620413,0.1767200040381655
2018-10-03,80,1,4.587325463250425,0.8342692781810542
2018-10-03,160,1,-4.312535024448438,0.9490635569690542
2018-10-04,95,-1,0.2583564526174701,0.113987341772175
2018-10-04,210,-1,0.5113257613724279,0.09587958349083983
2018-10-05,80,1,-10.528930624822008,0.9555869258334609
2018-10-05,180,-1,34.96747473561142,0.1514004542013622
2018-10-08,70,1,-13.480250709299746,0.9582309582309405
2018-10-08,150,-1,31.738019560711273,0.12520385470721518
2018-10-09,95,-1,3.4027667844620084,0.1765674626514725
2018-10-09,205,-1,9.400071206510496,0.15716867469881454
2018-10-10,60,1,18.613282428597124,0.9112658227848135
2018-10-10,140,1,-19.505052724851524,0.8404444444444784
2018-10-11,85,-1,-36.59449851123724,0.1169336384439473
2018-10-11,165,1,-6.84525979134003,0.922816949734076
2018-10-12,60,1,4.667757851575649,0.9842944860995401
2018-10-12,145,1,14.35452890264739,0.8775706214689235
2018-10-15,85,-1,22.634677519434554,0.08323729701414381
2018-10-15,165,-1,1.010144864182339,0.12290739563467326
2018-10-16,60,1,-1.796577116449249,0.8782258064516006
2018-10-16,160,1,-9.976574571941166,0.8972440944881682
2018-10-17,65,-1,-11.752550737389056,0.10769230769241964
2018-10-17,145,1,6.981932396450796,0.866287128712869
2018-10-18,60,1,-23.807601897378337,0.9216454456415104
2018-10-18,140,-1,-36.53962585831576,0.06031882809132417
2018-10-19,70,1,13.9874651826148,0.9115462525320482
2018-10-19,205,-1,37.742833391778824,0.18308849874595842
2018-10-22,80,-1,-24.293399242795875,0.19105400904114142
2018-10-22,160,1,16.14418729311047,0.8844801607232446
2018-10-23,65,1,-57.604948418768664,0.8021954823728347
2018-10-23,145,-1,-22.564569083835682,0.09072164948454733
2018-10-24,65,-1,31.886235821339383,0.13594093181923117
2018-10-24,145,-1,46.04140891654325,0.12669683257919429
2018-10-25,60,-1,-26.731333263156507,0.05205893070956368
2018-10-25,140,1,21.018673878106366,0.980731707317074
2018-10-26,60,1,29.909382768243244,0.8656454237813545
2018-10-26,140,1,-22.022379747427976,0.8933344786119253
2018-10-29,65,-1,20.36384123082864,0.11038497446319055
2018-10-29,145,-1,-11.453477395486233,0.1091990291262288
2018-10-30,65,1,-28.387317054046775,0.967170888153759
2018-10-30,200,1,-5.843875779901353,0.8005000126265869
2018-10-31,65,1,10.8494825091769,0.9286826735885678
2018-10-31,145,1,20.042584360889084,0.8046386882447986
2018-11-01,65,-1,27.690652158655475,0.08469877728826485
2018-11-01,145,-1,-6.14977067056226,0.013135960525446189
2018-11-02,60,1,65.20320282907872,0.9491824099063338
2018-11-02,140,1,-18.254584469308988,0.9825130434782572
2018-11-05,85,1,-2.8398084893850757,0.8216674097191148
2018-11-05,235,-1,-30.88666496018093,0.027830188679209486
2018-11-06,65,1,7.803812707199276,0.9789421790266943
2018-11-06,145,1,-52.183196720190935,0.8300131061598743
2018-11-07,60,-1,1.7217635985104622,0.1783731788942079
2018-11-07,140,-1,-65.09752482090474,0.07436724714936077
2018-11-08,65,-1,-1.5125236185005604,0.01360324930695857
2018-11-08,150,-1,-20.995529697806646,0.1489361702127742
2018-11-09,60,-1,3.8034185468164954,0.18976936723831225
2018-11-09,140,-1,43.62632746058455,0.08332870396089012
2018-11-12,60,1,-25.83111177630952,0.9770616715612543
2018-11-12,140,-1,18.727179961975217,0.1076837273156376
2018-11-13,100,-1,-48.2024199765037,0.16129032258064516
2018-11-13,180,1,-0.4130976360368518,0.8490882414588176
2018-11-14,100,-1,24.7552540547495,0.12141327623126305
2018-11-14,185,-1,37.215141269834454,0.1216872695727763
2018-11-15,60,1,37.22767058295591,0.9787324542747768
2018-11-15,140,1,24.311862856148238,0.9348356622712118
2018-11-16,65,-1,10.841928670480128,0.07691321077383297
2018-11-16,145,-1,-17.927611941388076,0.17661016949152666
2018-11-19,70,1,-2.7298954140693605,0.9038387715930518
2018-11-19,155,1,68.79140284804781,0.8145631067961339
2018-11-20,105,-1,28.871298488977583,0.1191709844559997
2018-11-20,185,-1,35.45022083609002,0.15840041547650816
2018-11-21,85,1,26.437720942567424,0.8741388250981232
2018-11-21,175,1,4.932514972060664,0.8350730688935427
2018-11-22,70,1,-10.725331581524378,0.8872000000000116
2018-11-22,180,-1,47.55874542724343,0.06123595505618733
2018-11-23,175,1,9.854379305527639,0.9923018000765983
2018-11-23,265,1,-28.046257422838657,0.8297413793103351
2018-11-26,80,-1,-25.83053727438016,0.11967642160361402
2018-11-26,160,1,70.95470527404264,0.9327064823299978
2018-11-27,75,-1,-2.357928631994843,0.13067732787874847
2018-11-27,155,1,-78.78118732043542,0.8990450204638524
2018-11-28,60,1,12.675425074049462,0.9049206349207429
2018-11-28,145,1,-31.430625251502462,0.815774705372178
2018-11-29,60,-1,1.139341800681493,0.08086739143076155
2018-11-29,140,-1,-11.878787491316922,0.08837339035841583
2018-11-30,85,1,-12.129913916422863,0.8353894959464493
2018-11-30,165,-1,15.692647254971616,0.17637841543436913
2018-12-03,110,1,34.81734359441142,0.8492797068865444
2018-12-03,190,1,-7.000896407629176,0.87039339665072
2018-12-04,60,-1,-17.875288458275172,0.1660852520017502
2018-12-04,155,1,6.725442930042691,0.8352336448598178
2018-12-05,60,1,-4.350453124288434,0.9741357013535497
2018-12-05,140,1,-5.649259401145512,0.9806371018114
2018-12-06,85,-1,-46.77754704366337,0.19280219780220054
2018-12-06,165,1,-32.726901059283044,0.8258995191510541
2018-12-07,75,-1,25.28517026332429,0.12584053794432454
2018-12-07,155,-1,-4.658160012224899,0.005897054280981638
2018-12-10,60,1,22.27046551513552,0.8812711864406163
2018-12-10,140,1,20.845083280725387,0.9250847457627106
2018-12-11,60,-1,-24.695651078458656,0.01763157894736949
2018-12-11,140,1,-5.054943692394831,0.8266589626205755
2018-12-12,60,1,-19.183241978698184,0.8783533520292113
2018-12-12,140,-1,-9.589854992983637,0.03538228955577395
2018-12-13,75,1,9.313074886190664,0.9460395709813125
2018-12-13,155,1,-30.32884359093284,0.8836511934748746
2018-12-14,60,-1,-14.775618854596262,0.16183107672470554
2018-12-14,140,1,-32.38771193540839,0.8294453084499757
2018-12-17,65,1,-20.162938275215133,0.8552441110673206
2018-12-17,145,-1,8.839254509636474,0.006937499999992269
2018-12-18,70,1,-18.30000369120026,0.9350330390035765
2018-12-18,155,1,3.751318491161238,0.8789920890711789
2018-12-19,65,-1,-3.004178705214455,0.1009990009989501
2018-12-19,145,-1,-5.0361779035053456,0.19400523814142612
2018-12-20,60,1,9.751308357311261,0.8477966101694989
2018-12-20,150,1,-0.5586830575672771,0.819351645632264
2018-12-21,60,1,1.0459454735549216,0.9595959595959508
2018-12-21,195,-1,22.050942302669753,0.1928104575163257
2018-12-24,70,-1,-14.392783016383293,0.19047619047624204
2018-12-24,190,1,-36.64156891555819,0.8743684389643731
2018-12-25,1090,-1,-118.51804203654132,0.1443224625982098
2018-12-25,1175,1,-65.10342494599769,0.8899485145258937
2018-12-26,70,1,-0.24635001909483167,0.8442433171963851
2018-12-26,160,1,42.412600208774755,0.8781624758220503
2018-12-27,60,-1,-2.648970694307406,0.0841221374045696
2018-12-27,140,-1,52.77797052647788,0.14550077694588612
2018-12-28,65,-1,15.824834208440341,0.018970906467895097
2018-12-28,145,-1,-37.20044936023474,0.13770012050266442
2019-01-01,1085,1,16.776073965117224,0.8192033070274426
2019-01-01,1165,1,-1.3588677186955773,0.9106885623739452
2019-01-02,60,-1,-6.165377944546568,0.1404503328131448
2019-01-02,140,-1,127.00874649024958,0.045594091005806435
2019-01-03,75,-1,-34.84339155829645,0.0664592131584973
2019-01-03,235,-1,11.07970094885875,0.19701271186440708
2019-01-04,65,1,39.22922477655617,0.9330463892874392
2019-01-04,145,1,-5.041258799321646,0.8117204513957597
2019-01-07,60,-1,-11.606324898882514,0.16956811615673711
2019-01-07,140,1,-22.89890182084435,0.945236232524926
2019-01-08,60,-1,-11.483965658178485,0.16279623675120836
2019-01-08,165,-1,-39.66207628456524,0.13671328671331168
2019-01-09,65,-1,14.188901947653054,0.04327511402817137
2019-01-09,150,-1,-9.980053752462625,0.19210526315791399
2019-01-10,65,-1,-3.4361915868937216,0.16209433882014954
2019-01-10,170,-1,11.645691184509044,0.12338905193316733
2019-01-11,95,1,0.6752264790414578,0.8247060887875305
2019-01-11,195,-1,-23.125485796837307,0.16168831168830133
2019-01-14,60,-1,0.36698504455574577,0.13416666666663937
2019-01-14,215,1,-5.583676465191356,0.8682991073606268
2019-01-15,80,1,-13.903528365753637,0.8526627218935009
2019-01-15,160,-1,9.631814531813454,0.14732621830709824
2019-01-16,105,-1,-5.047730800551031,0.13362831858408797
2019-01-16,185,-1,0.6345975415571029,0.16393442622950657
2019-01-17,70,1,-41.365953075909886,0.9109987913415724
2019-01-17,150,-1,-2.501421876465892,0.09151175026307816
2019-01-18,60,1,-0.682437165162186,0.9168333333333673
2019-01-18,145,-1,-5.162642315743193,0.08577019241219622
2019-01-21,195,-1,13.374779977513418,0.054569210667897425
2019-01-21,285,-1,-14.939716347938825,0.1804581742450379
2019-01-22,65,-1,-5.479930343447892,0.12207302186211451
2019-01-22,150,1,10.891164775135698,0.9612403100775183
2019-01-23,95,1,-31.026174660173254,0.8087915906524246
2019-01-23,175,-1,-12.750197928527873,0.12540308133285627
2019-01-24,60,1,-19.426244854023487,0.9441384736427982
2019-01-24,140,-1,-1.1525269358810148,0.1676397515528238
2019-01-25,115,-1,3.7544731663611945,0.0665421956684473
2019-01-25,195,-1,-30.34275255720602,0.014486658255077117
2019-01-28,60,-1,-4.386330633758417,0.1542798564838639
2019-01-28,160,-1,18.54749628190029,0.1966009852216724
2019-01-29,70,1,-19.423402481678217,0.9045502752386512
2019-01-29,160,-1,-6.08533827762785,0.11480405694967569
2019-01-30,60,-1,4.249684042041801,0.119259259259235
2019-01-30,140,-1,-12.24423435731663,0.19839574977863914
2019-01-31,70,-1,-11.62026593051606,0.04640813731726477
2019-01-31,150,1,-1.7125959681015153,0.9527596252264032
2019-02-01,100,1,16.460303642427522,0.8122697233756256
2019-02-01,180,1,-15.487941413693962,0.8611439575661415
2019-02-04,115,1,-10.430572895443069,0.9530063863115642
2019-02-04,195,-1,-14.816663268457253,0.17222222222221223
2019-02-05,140,-1,-9.348445750678325,0.1949097519802882
2019-02-05,220,1,9.535002098335754,0.8439288315471835
2019-02-06,60,-1,2.311856665530421,0.09604519774016332
2019-02-06,140,-1,8.59696673692718,0.08412197686638596
2019-02-07,60,1,-11.285557528114154,0.831808731808705
2019-02-07,175,-1,-14.778341420253627,0.10965002397094004
2019-02-08,60,1,5.1350204048321135,0.8252184769038068
2019-02-08,140,1,-4.752028132441621,0.831781502172558
2019-02-11,95,1,4.9640254336828615,0.8846153846153846
2019-02-11,180,1,61.75758931287452,0.9146060606060817
2019-02-12,65,1,-2.1421276975293497,0.9871975419281196
2019-02-12,155,1,2.9077010471038727,0.8762266819910111
2019-02-13,65,1,-0.6695777660211008,0.8299610894942039
2019-02-13,185,-1,7.6779572563904885,0.14569536423839505
2019-02-14,65,1,10.276563327991495,0.9020568070519103
2019-02-14,150,1,1.7163284189218424,0.8578853842736747
2019-02-15,100,-1,4.7753527053044476,0.10561370123688388
2019-02-15,210,1,23.375902664318062,0.8133974358974365
2019-02-18,65,1,-3.6565498969683303,0.8622647460835288
2019-02-18,205,-1,9.106041436423418,0.12197900561476324
2019-02-19,145,-1,0.8728178076704122,0.14460511679646423
2019-02-19,225,-1,10.944694740608174,0.1975746121741941
2019-02-20,60,1,8.099823628660419,0.8967297762479334
2019-02-20,215,1,-22.187851688112033,0.8271009248089908
2019-02-21,60,-1,12.142397606982724,0.008612522607824939
2019-02-21,190,-1,1.450682421484784,0.16036943744753726
2019-02-22,60,1,1.7484083495404428,0.8665269042627587
2019-02-22,170,1,19.37520805907185,0.869193626267512
2019-02-25,75,1,4.3991263056856855,0.8341772151898342
2019-02-25,160,1,-8.129105802886105,0.9999414862492566
2019-02-26,70,1,0.5868198143259121,0.9291637526225656
2019-02-26,150,1,10.312971545416838,0.864719999999943
2019-02-27,65,-1,25.772238105349743,0.1734588451383745
2019-02-27,145,-1,-5.747066356233832,0.0989812161731768
2019-02-28,60,-1,13.692734708571752,0.02462962962964963
2019-02-28,140,-1,1.2968165968722638,0.18156364419555715
2019-03-01,60,1,3.8191792876566937,0.8079901245651185
2019-03-01,140,1,-3.0484742211441147,0.8629142811063752
2019-03-04,65,-1,3.217645095247424,0.08174386920985721
2019-03-04,145,-1,4.899058759731245,0.15773320962102014
2019-03-05,60,1,9.97772191150088,0.8447004608294335
2019-03-05,140,1,5.05461921889423,0.8261744966442813
2019-03-06,65,-1,-9.501654134622273,0.1948605529168575
2019-03-06,150,1,4.761221740912491,0.8781478472786393
2019-03-07,125,-1,-0.8235870196001024,0.0008771929824752456
2019-03-07,210,-1,-12.831907054542002,0.10064493225253168
2019-03-08,75,-1,28.186045797962535,0.10354808590106206
2019-03-08,155,-1,-6.843336795076693,0.1919551282051158
2019-03-11,60,-1,2.8851637367437015,0.12027777777778385
2019-03-11,220,1,-12.202518722827671,0.9026697841335436
2019-03-12,65,-1,5.443014884384656,0.14852941176462012
2019-03-12,145,-1,-5.9817307960048804,0.02542372881349923
2019-03-13,70,1,1.8085794066994958,0.8588664867439075
2019-03-13,185,-1,-15.54391165666984,0.18099173553717077
2019-03-14,75,1,2.2196204886863584,0.8219132369298727
2019-03-14,185,1,16.806342470830195,0.8421052631578664
2019-03-15,70,-1,6.621557461558414,0.17931883463281298
2019-03-15,275,1,-0.12483135601830642,0.8189848671349004
2019-03-18,70,-1,-10.530739995124483,0.02216803369548979
2019-03-18,155,1,1.7851150237717222,0.811230718011326
2019-03-19,90,1,-1.5042839400299264,0.8138747884940117
2019-03-19,180,1,-0.4,0.8014364174060101
2019-03-20,75,1,7.777020433284276,0.9983079526227485
2019-03-20,155,1,-0.3877451981600274,0.8856147261571619
2019-03-21,65,1,-12.429139742808504,0.9607247796277426
2019-03-21,145,-1,17.336116107386346,0.014010378057843487
2019-03-22,60,1,-1.0808560630222614,0.9094373865697485
2019-03-22,180,1,12.0103088298666,0.91233333333336
2019-03-25,60,1,-14.659520528767667,0.9348187988218644
2019-03-25,140,-1,-2.3107661223638494,0.07185198491112664
2019-03-26,95,1,-22.4602174530482,0.8356302946011721
2019-03-26,185,-1,-3.278017893110929,0.09637485382476428
2019-03-27,65,1,8.847617380576667,0.9040367991117456
2019-03-27,145,1,-3.792052015082081,0.8974884674525896
2019-03-28,65,-1,-2.184545261489523,0.10512597741094817
2019-03-28,155,1,-1.7571199447282022,0.9778791829639274
2019-03-29,60,-1,8.31249831025267,0.1816367265469022
2019-03-29,140,-1,-15.931187032276073,0.10991007357616811
2019-04-01,60,-1,4.433538960136163,0.14473684210520174
2019-04-01,140,-1,-4.83112019094416,0.19053366669540528
2019-04-02,70,1,0.5259794041294178,0.8141531322505078
2019-04-02,155,1,-5.5039073827008345,0.9538095238094986
2019-04-03,65,1,0.5406850947191181,0.8358233459202196
2019-04-03,150,1,1.3361986136932296,0.8619261304798245
2019-04-04,115,-1,-0.2806375546078762,0.0686274509804586
2019-04-04,285,-1,-11.943253366450568,0.19177122476272265
2019-04-05,80,1,3.295180101939144,0.9756690997566059
2019-04-05,160,1,0.011895488738878135,0.9562587904359243
2019-04-08,60,1,-1.0608896102866523,0.943650579671113
2019-04-08,140,1,2.7722663556421616,0.9316005471956261
2019-04-09,60,1,-10.143803796659068,0.8268398268396207
2019-04-09,140,-1,0.007282635299655005,0.12986036519868752
2019-04-10,65,1,9.768279747599928,0.8226164079823958
2019-04-10,145,1,2.3821897640745164,0.9200799999999435
2019-04-11,85,1,3.012839314227423,0.8582834331337057
2019-04-11,165,1,-21.01101871020043,0.9092205939567116
2019-04-12,60,1,-3.80889991377713,0.8610295556860474
2019-04-12,155,1,3.5348473502953675,0.8453125000000473
2019-04-15,85,1,-2.484492386749126,0.9965742759263715
2019-04-15,165,-1,1.7011987726160531,0.01866568102008075
2019-04-16,60,1,7.8476315710588995,0.884674329502102
2019-04-16,190,-1,-21.60588874742424,0.198100743187482
2019-04-17,60,-1,-4.18197118685808,0.136817381092129
2019-04-17,260,1,1.5403508268966974,0.8150431565967866
2019-04-18,65,-1,-5.879223477649065,0.04993301668502643
2019-04-18,145,1,-3.9288415183032384,0.9015151515151364
2019-04-22,65,-1,-2.747537477505046,0.14042179261861276
2019-04-22,150,-1,4.032525874868975,0.1738808731039325
2019-04-23,65,1,2.319443203069716,0.926578560939789
2019-04-23,185,-1,2.1915598080172853,0.11997442250814105
2019-04-24,60,1,-3.4660685845307344,0.8921052631579381
2019-04-24,165,1,3.6893928456653406,0.8527941176470328
2019-04-25,85,1,-13.131782093002853,0.8046901942751555
2019-04-25,165,-1,11.455638101674337,0.1766237421715169
2019-04-26,60,1,9.883359249541046,0.9969444444445794
2019-04-26,235,1,-7.859649203896968,0.8344923504867422
2019-04-29,70,-1,-6.521351773382689,0.15861639139920258
2019-04-29,185,-1,-15.875815189298637,0.13624999999996745
2019-04-30,60,-1,-5.289371535623522,0.026760750898683336
2019-04-30,145,1,4.2151848580811,0.8011332074214061
2019-05-01,65,1,-4.876372786204053,0.9033333333333454
2019-05-01,145,-1,-1.2803636795118307,0.11856148491888041
2019-05-02,115,-1,-6.608887098939631,0.05405405405400755
2019-05-02,205,1,2.8237390989253712,0.8990825688073861
2019-05-03,60,1,-2.322317721706479,0.9163265306122839
2019-05-03,165,-1,-12.6611179300125,0.16685205784203389
2019-05-06,60,1,-9.3568862228806,0.9736507708168461
2019-05-06,205,1,-38.16502110822033,0.8535031847133654
2019-05-07,60,1,-7.502660765994085,0.9506428571428712
2019-05-07,140,1,22.557199397077856,0.9198285774015026
2019-05-08,60,1,-5.498428095534624,0.9637349397591001
2019-05-08,145,-1,-12.168303139996217,0.17636684303350744
2019-05-09,65,-1,-12.27645792064318,0.1545253863135315
2019-05-09,165,-1,27.040017836012353,0.11265258321698128
2019-05-10,65,-1,-61.39944196806817,0.1162544916508128
2019-05-10,145,1,-1.7186954181865217,0.9948768507596668
2019-05-13,65,1,-15.059890799724185,0.8926267281106619
2019-05-13,180,-1,51.8689059943704,0.19789259007478252
2019-05-14,65,1,-22.835509799738627,0.94741454864151
2019-05-14,145,-1,-37.87238865867031,0.12437039907013173
2019-05-15,65,1,14.661842390404756,0.8571428571428836
2019-05-15,145,1,-45.42585290389827,0.8474576271186528
2019-05-16,60,-1,-5.763142239627195,0.16494845360827257
2019-05-16,160,1,-1.3354336937872353,0.8749999999999701
2019-05-17,75,-1,9.528041554810862,0.10490856592871002
2019-05-17,155,1,-7.803872308525683,0.8412217412217224
2019-05-20,60,1,-10.907480768388034,0.8700654817586476
2019-05-20,140,-1,7.834493909201612,0.07489069331665196
2019-05-21,75,-1,5.799653924536807,0.03971259345572979
2019-05-21,155,-1,17.144876990318593,0.1682178160587761
2019-05-22,85,-1,13.448813976814478,0.13165910005173198
2019-05-22,165,-1,12.375019653877839,0.1549047903981113
2019-05-23,60,1,-24.244451050957224,0.8870818702643005
2019-05-23,150,-1,20.267249136147036,0.09485401632000472
2019-05-24,75,1,-6.686075048372864,1.0
2019-05-24,165,1,5.049918721274205,0.8475092982135181
2019-05-27,60,-1,-31.837730135757123,0.0
2019-05-27,140,1,17.26631423434806,0.9479999999999927
2019-05-28,85,1,-24.375742286310718,0.8520677213433129
2019-05-28,165,-1,6.578805463406789,0.01805451583072163
2019-05-29,60,-1,-6.6291449676732395,0.14761194029844849
2019-05-29,140,-1,20.73721565461635,0.00869225085835186
2019-05-30,65,1,0.7058272528985391,0.8228070175438157
2019-05-30,165,1,11.369734703181988,0.8487969924811734
2019-05-31,70,-1,9.75375285487341,0.021739130434795504
2019-05-31,150,-1,23.393744848633617,0.16049382716051508
2019-06-03,60,-1,-27.03255917076279,0.031122489799121574
2019-06-03,160,1,-26.095811211636775,0.9477510040160481
2019-06-04,60,-1,3.890820361945169,0.1819244253992775
2019-06-04,140,-1,-41.061460778363966,0.01696428571425026
2019-06-05,70,1,-26.495856548475903,0.8048387096774078
2019-06-05,150,-1,-18.50152195636183,0.10494752623689772
2019-06-06,75,-1,16.925741953087005,0.18489984591677325
2019-06-06,155,-1,-58.56239257526501,0.1670084969235529
2019-06-07,60,-1,-1.7729909880999535,0.10265780730875679
2019-06-07,155,-1,-10.977775079498864,0.08035426731090223
2019-06-10,60,1,-0.4,0.9318955732122206
2019-06-10,140,1,-1.2196203679700086,0.9585106382979327
2019-06-11,120,1,-1.9783416510173342,0.988685015290533
2019-06-11,205,1,12.331301894974844,0.9032258064516129
2019-06-12,65,1,-32.535611239746395,0.9554323725055406
2019-06-12,145,-1,-13.387777311115334,0.014503532911875146
2019-06-13,75,-1,-7.119634567970978,0.08154188287616547
2019-06-13,160,1,38.09216883461626,0.9223371703336654
2019-06-14,85,-1,22.788131557101423,0.04857605486238958
2019-06-14,165,-1,2.421034682288781,0.009558590028563931
2019-06-17,70,1,-11.174370954533819,0.9465517241380121
2019-06-17,150,-1,8.133254827389758,0.16165636379037415
2019-06-18,65,1,-7.033886422556801,0.982539682539735
2019-06-18,145,1,-21.620038755868087,0.8043349420032382
2019-06-19,70,1,1.0517662436608348,0.8926785714286395
2019-06-19,150,1,-4.715275237692929,0.9457111834962
2019-06-20,60,1,-7.502059610221146,0.8459167950693538
2019-06-20,150,1,18.467293017719168,0.9651076466221293
2019-06-21,60,-1,3.364102892921395,0.15236644129133728
2019-06-21,145,1,19.302473082316986,0.9500742206828297
2019-06-24,60,-1,-1.5607707466154692,0.10890909090912002
2019-06-24,160,-1,0.8763828265716093,0.16086698840061683
2019-06-25,60,-1,-14.202775125344447,0.18774157923797336
2019-06-25,185,1,-1.8145081035099593,0.9820246393967359
2019-06-26,60,-1,-12.764749849522739,0.007001463942439749
2019-06-26,175,1,-1.058581407760872,0.8621712151995945
2019-06-27,90,-1,-28.65867678746041,0.09596320088825443
2019-06-27,170,1,0.6302327674005518,1.0042968749999872
2019-06-28,60,-1,-1.589424474095091,0.07201767304853912
2019-06-28,155,1,9.905240680457128,1.000762711864408
2019-07-01,70,1,27.0104959394883,0.979805750552935
2019-07-01,150,1,7.166448527882574,0.8929275852352745
2019-07-02,70,-1,-3.8899029124457747,0.12960562858726882
2019-07-02,150,1,-18.27801629578145,0.8963761863675577
2019-07-03,65,1,4.086816947479877,0.907276356378233
2019-07-03,160,1,29.047517987593043,0.8559216213620218
2019-07-04,90,1,-5.248063891146337,0.9064516129032211
2019-07-04,185,1,-6.760214568198464,0.8643042350907348
2019-07-05,80,1,-3.5720608837670915,0.8722819295175216
2019-07-05,160,-1,16.108837942896816,0.060214422088389286
2019-07-08,65,-1,10.625566084174043,0.19963702359352453
2019-07-08,190,1,9.466394917961152,0.9521512385919318
2019-07-09,60,1,6.578936149066861,0.9057647058824145
2019-07-09,170,-1,13.192737779144492,0.1195717158541104
2019-07-10,60,-1,13.652323646152054,0.10447761194027419
2019-07-10,140,-1,2.8148698618117423,0.0
2019-07-11,140,-1,9.183786251302628,0.07923930269414269
2019-07-11,220,-1,-4.932959921814684,0.15307732772228988
2019-07-12,60,-1,-4.825416558138107,0.08766291733617848
2019-07-12,160,-1,0.9915648399642766,0.14098972922504324
2019-07-15,65,-1,-4.167254459965397,0.06943521594678322
2019-07-15,160,1,14.973166653236403,0.8399366085578203
2019-07-16,70,-1,-1.8917564459815401,0.14464285714291922
2019-07-16,150,-1,3.85331168619425,0.11233307148470398
2019-07-17,75,-1,-7.595371634001191,0.11691720353133016
2019-07-17,185,1,8.42374923260043,0.9300538047655537
2019-07-18,70,-1,-6.278700178494345,0.07450454477723885
2019-07-18,170,1,7.252153121231464,0.800079968012795
2019-07-19,60,1,-7.9505319349744585,0.8851592137027428
2019-07-19,140,-1,-6.445371267031641,0.10899999999996494
2019-07-22,60,1,16.596651655791785,0.8813358196303294
2019-07-22,160,1,-12.888896988264165,0.8836666666666739
2019-07-23,70,-1,-5.7215290611108305,0.1983967935871393
2019-07-23,150,1,0.7230745713919354,0.8829039812646406
2019-07-24,60,-1,8.911354795202842,0.06353985105368429
2019-07-24,145,-1,16.864723280199236,0.1538838820428009
2019-07-25,70,1,-0.6498607338730086,1.0304347826085982
2019-07-25,155,1,-13.51441011383363,0.9130434782608481
2019-07-26,60,-1,-2.2752909045005594,0.024688310085153257
2019-07-26,180,-1,9.614792135549788,0.18285054373974646
2019-07-29,70,-1,-3.3905765556303975,0.17346460384443238
2019-07-29,195,1,5.351567055134465,1.0283055827619745
2019-07-30,65,1,-9.1507468320569,1.0
2019-07-30,145,-1,23.134651991187205,0.03169911324030015
2019-07-31,65,1,-7.4150297011339905,0.9979214300560759
2019-07-31,145,-1,-13.970922822752074,0.06312467122570825
2019-08-01,60,-1,7.25090873162344,0.10732121984913527
2019-08-01,140,-1,-16.079855592354296,0.09591115598181146
2019-08-02,65,1,3.198259876895771,0.8440243079000965
2019-08-02,145,1,-21.61707353714308,0.8085592769803426
2019-08-05,65,1,15.033684421843896,0.8218688583169581
2019-08-05,190,1,-54.326689172300036,0.9275020138329586
2019-08-06,60,-1,-29.64000742027699,0.09388952042044309
2019-08-06,205,1,29.297916359987532,0.8848415954134381
2019-08-07,60,-1,-21.32919400683124,0.029335684891228092
2019-08-07,145,1,10.425063315462735,0.8551095201568365
2019-08-08,75,1,7.6462323263663645,0.826526202052974
2019-08-08,160,1,-21.71730412423982,0.8393437091399796
2019-08-09,65,1,4.686691061269022,0.8599623290475799
2019-08-09,145,1,-14.958799806420053,0.8164718176474726
2019-08-12,60,-1,-18.002514108414623,0.14719798128487893
2019-08-12,140,1,13.137859143784025,0.84885844748857
2019-08-13,75,1,-42.629778785710656,0.8100537512302183
2019-08-13,155,-1,4.242242282604236,0.0767220503967928
2019-08-14,60,1,-16.045978373688417,0.8847465437787915
2019-08-14,185,-1,0.8961981212900042,0.0037402244134536935
2019-08-15,60,1,28.402841880397613,0.9363492898474475
2019-08-15,140,1,-20.457523664713804,0.9571106094808005
2019-08-16,60,-1,-14.741736218554946,0.14808641975310088
2019-08-16,145,1,8.871438446456503,0.8185090909090914
2019-08-19,60,1,9.792812622933367,0.9613333333333381
2019-08-19,140,1,12.52131311865674,0.8745627186406701
2019-08-20,90,1,-4.425071927128421,0.912184412733237
2019-08-20,170,-1,-6.874528557203208,0.18895221394123574
2019-08-21,70,1,1.1614285509801818,1.0017574692443265
2019-08-21,185,1,6.232780212250111,0.9681102362204573
2019-08-22,60,1,-8.664719348755057,0.9646643109540413
2019-08-22,140,-1,-44.07118371845002,0.07504332755632283
2019-08-23,70,1,12.25909446138913,0.8714285714285968
2019-08-23,150,1,-17.934895603502632,0.8373851971906978
2019-08-26,60,-1,-17.210861268838904,0.10305841924397796
2019-08-26,145,1,135.60241076346276,0.8690703517587886
2019-08-27,65,-1,24.405484756568185,0.08694232861806453
2019-08-27,185,-1,-9.93079372979726,0.1607142857142911
2019-08-28,70,-1,-3.3158134723772377,0.17291066282414003
2019-08-28,185,-1,-13.33673709619636,0.15447730112452307
2019-08-29,65,1,6.8861816441127655,0.8027327070880032
2019-08-29,190,1,92.05131474548972,0.8844425237683806
2019-08-30,65,-1,25.792773574694742,0.03636363636360329
2019-08-30,145,-1,-43.32532723082498,0.08
2019-09-02,90,1,-5.375339989203853,0.9780195625893137
2019-09-02,185,1,29.156037928657465,0.8299484536082533
2019-09-03,60,1,5.502017864436448,0.8742555235350528
2019-09-03,150,1,-44.08605682326443,0.8092485549132863
2019-09-04,60,1,32.69421748220576,0.9834627831715366
2019-09-04,140,1,17.24262168657105,0.9214962273238027
2019-09-05,60,1,-26.00732617795658,0.8645454545454744
2019-09-05,140,-1,30.759159189965146,0.17654597885293855
2019-09-06,60,-1,-1.1751286789958733,0.10218978102193221
2019-09-06,170,1,-3.565780481222402,0.8278604651162781
2019-09-09,70,1,-11.581311037622433,0.8310097169412933
2019-09-09,180,1,-9.052376481290692,0.8391070053887467
2019-09-10,60,-1,10.599315788579045,0.19442282749673012
2019-09-10,140,-1,1.5346647072315815,0.1445294912201725
2019-09-11,190,-1,-2.83188482593526,0.17637034933257684
2019-09-11,305,-1,-14.500649668205012,0.07877926006184563
2019-09-12,70,-1,11.46449438797199,0.06764985727872287
2019-09-12,190,-1,-5.568184007067201,0.08845335764205625
2019-09-13,70,1,-8.459774308688539,0.9924109748978109
2019-09-13,170,-1,-8.97431790040275,0.15770160954045734
2019-09-16,85,1,15.203659371732359,0.9189262228628354
2019-09-16,180,1,6.99891756008415,0.8512186249545225
2019-09-17,60,-1,13.120994532925101,0.15374280230316134
2019-09-17,155,-1,-20.59786497963638,0.15334119698449064
2019-09-18,80,-1,0.36336168737145547,0.17710152157646142
2019-09-18,175,1,7.470876487297007,0.8552821997105613
2019-09-19,65,-1,-13.382760575726005,0.06467535754961687
2019-09-19,215,1,19.328987355629447,0.8286316381005863
2019-09-20,60,-1,7.326871897948406,0.19294860550786871
2019-09-20,180,1,-2.294526083477954,0.8916629514043679
2019-09-23,75,1,-0.6548758060283429,0.9148475254123638
2019-09-23,170,1,-47.133458461836184,0.8543583798275369
2019-09-24,60,1,-9.80759041057282,0.8332291666667087
2019-09-24,140,-1,-3.598895195910545,0.05621486570890843
2019-09-25,65,-1,16.54395332161536,0.007982456140381768
2019-09-25,175,-1,25.64823777496046,0.17473847345991117
2019-09-26,65,-1,0.2289098676992566,0.12638762511375354
2019-09-26,200,1,15.512771961461569,0.8406736689605073
2019-09-27,60,1,29.919304572650198,0.8624999999999179
2019-09-27,140,1,-4.517678622647114,0.913844544923246
2019-09-30,60,-1,0.11975590914521417,0.0901719901719619
2019-09-30,145,1,-10.35383744447409,0.903650508677404
2019-10-01,65,-1,-14.896514147486206,0.1084337349398224
2019-10-01,230,-1,20.639362477791593,0.1541815088521243
2019-10-02,70,1,-15.067331769303571,0.8848571428571588
2019-10-02,150,-1,39.43846350192,0.09349857781391024
2019-10-03,105,-1,-32.10473621818548,0.010519737527305659
2019-10-03,195,1,11.903753478291046,0.8057480314960644
2019-10-04,60,1,-14.008818001067391,1.0008746355685145
2019-10-04,155,-1,1.6970401738407142,0.16690532641610475
2019-10-07,60,1,2.8373527312046236,0.8836434108527647
2019-10-07,140,1,-1.4369522665376606,0.8000470615918893
2019-10-08,70,-1,-2.8485896059434075,0.021760830505166306
2019-10-08,185,-1,30.81757713094087,0.03126555359485156
2019-10-09,90,-1,12.602758554929716,0.1808196721311565
2019-10-09,185,-1,-55.776562864062335,0.07308075772680638
2019-10-10,65,1,-0.9207886458691302,0.979482427692078
2019-10-10,145,1,-34.88559016361652,0.9203878667329427
2019-10-11,70,1,-31.413774782814308,0.988826815642468
2019-10-11,210,1,30.38715046963332,0.8268564832627919
2019-10-14,60,-1,4.424407352544968,0.028756290438507578
2019-10-14,145,-1,21.651042494563022,0.08545299872394709
2019-10-15,115,1,10.887355241891283,0.9647228221741772
2019-10-15,200,1,5.176351907230492,0.807478493120914
2019-10-16,60,1,13.353667276581449,0.8515418502202111
2019-10-16,145,1,-17.776260251049656,0.839643403334703
2019-10-17,80,-1,10.189476665011643,0.0670689655172606
2019-10-17,215,1,21.13631330679362,0.896174863387999
2019-10-18,65,1,-8.725585790562862,0.8597999999999957
2019-10-18,195,-1,-14.677483524036683,0.15923566878981077
2019-10-21,65,-1,3.274905212789348,0.016366612111204527
2019-10-21,180,-1,-14.997993901541706,0.11192052980130204
2019-10-22,60,1,-7.562009685047766,0.8970441713715188
2019-10-22,155,-1,14.69624310976898,0.06816220880068626
2019-10-23,70,1,2.5349173461401535,0.9272793382420395
2019-10-23,205,1,4.945022476521688,0.8080399979799214
2019-10-24,60,-1,-6.722104390841244,0.021945866861773487
2019-10-24,140,1,10.464402154688868,0.9585702680747196
2019-10-25,60,1,5.139108108982837,0.883166666666663
2019-10-25,150,1,-8.958363247690437,0.8421428571428545
2019-10-28,60,1,-8.8598690397375,0.8414239482201429
2019-10-28,145,-1,-3.1488173931145,0.17971294174402988
2019-10-29,70,-1,-1.1395271717580697,0.1525423728814198
2019-10-29,250,-1,8.984036765667236,0.16897081413201495
2019-10-30,60,1,-3.0218074459583018,0.8597999999999957
2019-10-30,170,-1,-6.63044513856863,0.1634117647057899
2019-10-31,60,-1,2.6938377386302563,0.18849056603769093
2019-10-31,145,-1,-15.204773993732923,0.026092384519329208
2019-11-01,60,1,1.214720332903108,0.8843537414965453
2019-11-01,195,-1,9.221527752081693,0.06244424620872577
2019-11-04,125,-1,-9.324685435400815,0.1736842105264149
2019-11-04,260,1,12.056445142841055,0.9365853658536081
2019-11-05,65,1,-4.649651741039529,0.9855920114121877
2019-11-05,165,1,-5.147121678077005,0.8333333333333334
2019-11-06,60,1,-10.629702545918596,0.967741935483926
2019-11-06,195,1,-2.713301361075437,0.9496221662469729
2019-11-07,60,1,7.8898262920672035,1.0125316455696411
2019-11-07,140,1,36.873716176955405,0.9270795163063472
2019-11-08,60,1,4.845975238996614,0.9148264984227603
2019-11-08,140,1,5.940249488818727,0.9006666666666752
2019-11-11,70,-1,7.018794603982759,0.13315579227696017
2019-11-11,165,-1,-9.175175381798839,0.1934235976789141
2019-11-12,60,1,-0.40121121683682726,0.916632102861876
2019-11-12,285,-1,-20.417554658631197,0.13319620253166753
2019-11-13,100,1,7.960359013788176,0.8121111111110318
2019-11-13,180,1,-22.825832852566162,0.958958333333308
2019-11-14,65,-1,8.097000595153458,0.09805825242719526
2019-11-14,245,-1,-20.30226048418364,0.15600000000000971
2019-11-15,60,-1,0.9402707322762719,0.062040576301428854
2019-11-15,170,-1,3.206567306883024,0.13311148086509872
2019-11-18,60,1,3.678406461927031,1.0307172477344333
2019-11-18,510,-1,37.40504396341256,0.012962962962976436
2019-11-19,85,1,-6.630335503567553,1.1322314049587037
2019-11-19,200,1,6.668700558177099,0.8293582887700219
2019-11-20,65,-1,-9.804698254891209,0.11412268188317638
2019-11-20,145,1,-26.024739103079497,0.9083493721932
2019-11-21,95,1,-13.329699971940823,0.8889638672473366
2019-11-21,190,-1,-6.202354132571353,0.14338235294116886
2019-11-22,60,-1,-2.451050514513264,-0.025301204819393287
2019-11-22,160,-1,-26.13311296160341,0.1614018907078853
2019-11-25,60,1,-1.976354632344401,0.9628395061726813
2019-11-25,355,1,-5.577747246463138,0.8514851485148568
2019-11-26,60,-1,-1.3683051400521946,0.12369858777454257
2019-11-26,195,-1,11.19850444989674,0.19216751706314483
2019-11-27,70,-1,-7.6593467063986065,0.16964790058361573
2019-11-27,150,1,0.5525090408080139,0.820334418135031
2019-11-28,65,-1,-10.627619466041116,0.09242452305979787
2019-11-28,145,1,-2.179851370544705,0.8871416159861643
2019-11-29,70,-1,-9.213564967475874,0.0757002271006863
2019-11-29,150,1,2.8211078448529663,0.8326267978804333
2019-12-02,70,-1,7.666933992936231,0.17883318674892162
2019-12-02,150,-1,-15.329622322412684,0.02716676890715004
2019-12-03,75,-1,1.9904880199310253,0.19901990199018124
2019-12-03,155,-1,-3.8850868327396255,0.14180162698706744
2019-12-04,65,-1,11.340462010381147,-0.0012873694750414205
2019-12-04,145,-1,13.918505695575245,0.18181286549709427
2019-12-05,80,1,19.03123617353493,0.8325008325008312
2019-12-05,160,1,-0.15922644271486563,0.8782287822877842
2019-12-06,70,1,-7.954787803294439,0.9870470637234614
2019-12-06,255,1,-4.6109713439209,0.8133516546433329
2019-12-09,90,1,8.425735845725546,0.8428571428571594
2019-12-09,170,1,-7.429953200766715,0.97023895727733
2019-12-10,65,1,-3.389599159421985,0.9295873820588706
2019-12-10,185,-1,43.87006041341497,0.17321785476351273
2019-12-11,60,1,0.558057303785953,0.9397111913357119
2019-12-11,155,-1,-17.650090643474712,0.10309523809517608
2019-12-12,60,-1,-7.538218150846143,0.07343173431756014
2019-12-12,160,1,6.721397838851795,0.8125
2019-12-13,70,1,-4.8649314298172985,0.9818095238096292
2019-12-13,195,-1,-10.649398097919027,0.020436927413606826
2019-12-16,65,-1,-9.083421714665851,0.046199701937324436
2019-12-16,215,1,-1.5860253136053433,0.8705040409648921
2019-12-17,60,1,-3.089020748084525,0.8695538742499325
2019-12-17,155,1,-16.47127677042186,0.9218192886338422
2019-12-18,70,-1,2.284479158522324,0.06219999999993888
2019-12-18,180,-1,-12.426164731135936,0.1957933807608341
2019-12-19,60,1,-0.4116486714107911,1.0
2019-12-19,180,1,-4.243659359327179,0.9733723871653952
2019-12-20,65,-1,2.158412256300491,0.07007638658234092
2019-12-20,155,-1,-8.39248676132125,0.029221732746040934
2019-12-23,75,-1,1.2003021001964602,0.08573056109406407
2019-12-23,155,-1,-3.2790665375311163,0.18571428571444162
2019-12-24,60,1,-0.9748606537769874,0.9489051094892481
2019-12-24,145,1,-1.9980207535748469,0.8799999999999273
2019-12-25,1085,-1,-7.076426583438478,0.13669064748243803
2019-12-25,1175,1,-0.869641576208435,0.8469231554240367
2019-12-26,70,1,1.5516988964851657,0.9964425471361747
2019-12-26,150,1,-5.105683053424226,0.8549347931090527
2019-12-27,125,-1,-4.844919377575296,0.18544935805980484
2019-12-27,205,1,-3.5926122271364043,0.8632010943912354
2019-12-30,65,-1,-1.812867117569494,0.03037667071689104
2019-12-30,150,-1,-0.9469144340963794,0.13867822318534295
2020-01-01,1090,1,-2.0449209638302874,1.0136815920396456
2020-01-01,1185,1,0.13667058702577817,0.8348887293611469
2020-01-02,60,1,1.4253941995816093,0.9185059422751085
2020-01-02,140,1,0.18146892732757747,0.9389312977098294
2020-01-03,70,-1,-4.926749907303174,0.18066157760818338
2020-01-03,175,-1,11.337664341544551,0.012977289742960828
2020-01-06,60,-1,10.793135789508979,0.1896907216494853
2020-01-06,195,-1,42.182427004003166,0.08539325842698849
2020-01-07,75,-1,5.835047745556388,0.0782258064516976
2020-01-07,160,-1,-32.837300519652096,0.15956072351422346
2020-01-08,60,-1,-21.600882630409977,0.17658442186751053
2020-01-08,155,1,-0.41134984887740667,0.8290598290598308
2020-01-09,125,1,13.749361825781525,0.8358129649309143
2020-01-09,215,1,0.25803488477067515,0.9050749408361682
2020-01-10,60,1,-0.15616514269916026,1.0458015267174385
2020-01-10,155,-1,3.1042505672244762,0.18997107039546887
2020-01-13,65,1,-6.2559394449198,0.9591567852438097
2020-01-13,145,-1,-12.289799686350955,0.02337938363436223
2020-01-14,60,-1,1.4086912023707048,0.19565217391304707
2020-01-14,140,-1,38.683485104038915,0.10714285714283606
2020-01-15,75,1,8.748907890657032,0.9599999999999901
2020-01-15,155,1,-2.5244178597157325,0.9987266553480969
2020-01-16,60,1,-3.775587004651459,0.9404352806414257
2020-01-16,145,1,22.347129581417448,0.8064516129032199
2020-01-17,65,1,1.5504690439742235,0.8654434250765555
2020-01-17,145,1,14.134947402549125,0.9832109129066239
2020-01-20,75,1,-10.251131189138052,0.8633405639911195
2020-01-20,160,-1,5.333187291762087,0.0719489981784231
2020-01-21,85,1,4.458526934117257,0.8581560283687797
2020-01-21,215,-1,-4.627995479888503,0.16501766784451918
2020-01-22,65,1,-2.3955382367897733,0.8608815426996986
2020-01-22,190,-1,3.529123816244218,0.04090909090915706
2020-01-23,60,-1,-15.406329942812702,0.1161716171616133
2020-01-23,145,1,-0.12764184684947966,0.8494117647058481
2020-01-24,80,1,-5.736133182969327,0.8297872340422003
2020-01-24,175,-1,-24.638938416663024,0.10693069306929588
2020-01-27,100,1,0.8081859586610122,0.8462448255470983
2020-01-27,200,1,-40.05930410816387,0.9793028322440199
2020-01-28,60,1,9.185036692720816,0.8841240875912014
2020-01-28,140,1,-26.476139224870952,0.9592733665397173
2020-01-29,60,-1,12.878379248917726,0.07372175980984674
2020-01-29,150,-1,-3.4713878285304474,0.18760683760681565
2020-01-30,110,-1,33.778974343085366,0.15613682092551884
2020-01-30,265,1,-24.924283015304738,0.9409532483303056
2020-01-31,60,-1,5.33028586312474,0.009519276535017874
2020-01-31,140,-1,37.843472216187294,0.12445685909368345
2020-02-03,65,-1,3.9465742045167844,0.10354374307867403
2020-02-03,195,-1,2.5849855228214484,0.06549184639662999
2020-02-04,65,1,-4.912173058184299,0.8025396825396456
2020-02-04,160,-1,-50.1891814348761,0.15182859253782074
2020-02-05,190,1,90.66517983284322,0.8592891168926339
2020-02-05,270,1,5.157582494040147,0.9477215086312594
2020-02-06,65,1,-16.071558028180764,0.9197707736389635
2020-02-06,145,-1,-8.435411005435922,0.0187808896210775
2020-02-07,70,1,14.600074257793816,0.8288490284006583
2020-02-07,285,-1,31.69662953547965,0.15771548336386182
2020-02-10,75,1,-1.3455732298668805,0.8324506499759513
2020-02-10,160,1,-36.476782605002356,0.8325174825174542
2020-02-11,125,-1,5.230247615779904,0.09838369641611519
2020-02-11,230,-1,-7.8385507607743765,0.10887708649471688
2020-02-12,65,1,-4.051964631402605,0.9241842610363851
2020-02-12,190,-1,-16.17586125622421,0.07441253263703913
2020-02-13,60,1,-12.883064294569468,0.8354430379745649
2020-02-13,140,-1,-1.6657936526205837,0.1349999999999151
2020-02-14,65,-1,-5.280931240140996,0.045068027210784525
2020-02-14,205,-1,1.6258687860374992,0.1593068753493665
2020-02-17,75,1,-9.521973821383245,0.8839378238341096
2020-02-17,155,-1,-0.4413989105862989,0.17092235539346368
2020-02-18,70,1,-26.581622069070264,0.8238410596026841
2020-02-18,150,-1,5.887535275693034,0.059929078014200915
2020-02-19,65,-1,0.656522941565996,0.18527607361962561
2020-02-19,155,1,-12.688217183626938,0.8064784053156054
2020-02-20,75,1,19.078198529299108,0.8731454005935325
2020-02-20,160,1,-22.175001927674117,0.8453579418344346
2020-02-21,70,-1,9.652924458554546,0.1085501858735425
2020-02-21,160,-1,-17.475954979859363,0.17820575329106322
2020-02-24,130,-1,48.40482713112144,0.016666666666666666
2020-02-24,210,-1,52.866906452917874,0.009607081174432465
2020-02-25,60,1,23.35159939767002,0.9319055464029908
2020-02-25,140,1,-32.41320490406001,0.828598710909559
2020-02-26,60,1,-47.28772751038517,0.8160136286201112
2020-02-26,180,1,-175.76770648133194,0.8834575260804819
2020-02-27,60,1,45.97728979275613,0.8183186951066571
2020-02-27,140,1,-8.66503752327068,0.8985459352280141
2020-02-28,70,-1,-137.32602718964998,0.0021566401816072536
2020-02-28,150,1,-42.0498399705878,0.928779675135359
2020-03-02,70,-1,-17.442345215405595,0.12886373530692222
2020-03-02,160,1,99.79502538843872,0.962049902883624
2020-03-03,60,-1,-78.17355219564797,0.025589471760183852
2020-03-03,140,1,71.59304800822315,0.836020919590314
2020-03-04,80,1,12.167514524373102,0.8037668617969124
2020-03-04,220,1,25.022826262466726,0.9191773407901613
2020-03-05,125,-1,27.153354909625186,0.15873348710421298
2020-03-05,205,-1,46.71702223146208,0.07000642260756597
2020-03-06,70,1,24.90516602272437,0.8072714436992249
2020-03-06,165,1,-30.07438565749547,0.8960460100647069
2020-03-09,60,-1,-2.1546742916740853,0.019543973941494493
2020-03-09,575,-1,-285.7908780463565,-43.921146953405575
2020-03-10,60,1,57.7787623768415,0.8285219399538105
2020-03-10,155,1,-85.94881111601964,0.8556101109292665
2020-03-11,60,-1,38.04541266295853,0.13614354884649887
2020-03-11,165,-1,-94.13823643757718,0.1240725474031324
2020-03-12,210,-1,49.38833754220813,0.15798199905258362
2020-03-12,290,-1,-15.373146843226815,0.0385982732351444
2020-03-13,60,1,38.67281126264817,0.9991989401361823
2020-03-13,180,1,175.59727047851842,0.8097702108718637
2020-03-16,590,1,394.01111829528367,0.8905676362609428
2020-03-16,670,1,-69.84835030037067,0.9897717165727831
2020-03-17,270,-1,334.7704340013362,0.0
2020-03-17,385,1,-149.4274347212417,0.8378431824923376
2020-03-18,65,-1,81.90089610929746,0.15841584158415506
2020-03-18,145,-1,-0.4,0.0028776978417333434
2020-03-19,75,1,147.32940265812772,0.8635168223451517
2020-03-19,155,1,146.68349723725032,0.8204683434518637
2020-03-20,75,-1,-121.34930070408738,0.06707599629286357
2020-03-20,155,1,231.5308943914611,0.8556547619047656
2020-03-23,60,1,-36.79051990874997,0.8823705477401883
2020-03-23,140,1,-14.07666130124623,0.8292020373514443
2020-03-24,60,1,83.11358846367062,0.8856020621087544
2020-03-24,140,1,-7.140640169009549,0.9545400023989449
2020-03-25,60,1,23.039249944001707,0.8164978292329924
2020-03-25,165,1,118.50510582408975,0.9160081053698081
2020-03-26,110,-1,60.425430206458145,0.09478991596637677
2020-03-26,205,-1,16.236428894193367,0.09216589861750818
2020-03-27,65,-1,-92.86909827105521,0.14774859287054115
2020-03-27,145,1,-75.8636171756995,0.8169119481167405
2020-03-30,60,1,41.178211703381386,0.8181818181818195
2020-03-30,195,-1,34.02218118896445,0.11350613915416294
2020-03-31,65,-1,-63.82775375888232,0.11140159767610795
2020-03-31,150,1,15.495613317358226,0.9457193898584609
2020-04-01,75,-1,132.69914129586263,0.12740252608457767
2020-04-01,160,-1,-59.366217161438016,0.1893886966551339
2020-04-02,65,-1,-37.68245811866371,0.16638795986622731
2020-04-02,160,1,24.588067867064424,0.90278433223218
2020-04-03,75,-1,-17.52883109990626,0.015132085150042288
2020-04-03,170,1,-0.36040712038292144,0.809776106648435
2020-04-06,80,-1,-78.1012845807934,0.09042268592830656
2020-04-06,485,-1,-28.961909765378866,0.1843528039860102
2020-04-07,60,1,117.32222347007365,0.9669053609444546
2020-04-07,140,1,34.20301354073714,0.9869133006165853
2020-04-08,60,1,-61.877485847576395,0.9177086853666802
2020-04-08,140,-1,-14.47708512151773,0.17880190339612417
2020-04-09,60,1,20.902992412330914,0.9562632696390762
2020-04-09,140,1,44.12821842160448,1.0
2020-04-13,60,1,16.207001285227076,0.801104972375698
2020-04-13,160,1,-24.836457229445315,0.9062357760582629
2020-04-14,60,1,-33.98629038715976,0.9028731248410955
2020-04-14,145,-1,10.526855111556,0.11852002439519957
2020-04-15,65,1,-55.023676705177756,0.8980501392757742
2020-04-15,145,-1,12.776602333845322,0.1097741577193677
2020-04-16,60,1,57.31893015297902,0.8959644576082456
2020-04-16,140,1,50.05547831306729,0.9645942328750469
2020-04-17,70,1,-34.59779944594858,0.9303498266624911
2020-04-17,150,-1,10.006037749419727,0.06538576109620876
2020-04-20,65,-1,22.309758840746554,0.03359889158299748
2020-04-20,155,-1,14.182968095060433,0.1978070175438437
2020-04-21,80,1,24.026242541064626,0.8768135778811957
2020-04-21,180,1,-9.655511916042014,0.83737944795479
2020-04-22,90,1,53.35494444064488,0.8557223264540222
2020-04-22,170,1,-22.173478521089905,0.925383728151895
2020-04-23,65,1,11.049242846535146,0.9226824457593685
2020-04-23,145,1,-23.58647794166906,0.8944080904223619
2020-04-24,65,-1,-24.489863627470008,0.07505661598187383
2020-04-24,175,1,7.151944421424483,0.8659048899344727
2020-04-27,60,1,-20.406320152854416,0.8923343605546968
2020-04-27,185,-1,-9.161777873123045,0.17507707285411642
2020-04-28,60,1,33.48511063727062,0.9732428115015935
2020-04-28,140,1,3.738745213868589,0.8831954169318885
2020-04-29,130,-1,18.758064220277106,0.05045625335483112
2020-04-29,210,-1,-23.327423354872632,0.041863605671836134
2020-04-30,130,-1,25.257944575766537,0.035401915868403
2020-04-30,210,-1,-21.83313434808558,0.025650991061012443
2020-05-01,65,-1,36.998233978578334,0.15044247787616952
2020-05-01,145,-1,51.7717174014924,0.14554455445546988
2020-05-04,65,-1,-12.886270882710038,0.09036827195468586
2020-05-04,160,1,-16.707262428389978,0.9452008168822132
2020-05-05,60,1,-0.5463874944551691,0.8035403366222058
2020-05-05,195,1,43.22967358248593,0.8334300638421379
2020-05-06,65,1,51.0387994557608,0.812946428571484
2020-05-06,145,1,-10.99860427614301,0.9471014492753675
2020-05-07,70,-1,-14.002096583744672,0.17120622568101326
2020-05-07,150,1,44.98852176681374,0.9333731700029995
2020-05-08,80,1,-21.174542569931276,0.9111686071582034
2020-05-08,160,-1,13.077396310386247,0.14901960784315782
2020-05-11,65,-1,14.85596661610229,0.005660377358545479
2020-05-11,275,-1,19.10878544556001,0.1530724213606294
2020-05-12,65,1,-38.658366256787026,0.9302250803858465
2020-05-12,145,-1,-36.0705589180728,0.14578096947933825
2020-05-13,60,1,17.554207990062977,0.9331948771200993
2020-05-13,140,1,-43.19722392834473,0.9960972148305952
2020-05-14,60,-1,25.204260548954817,0.02746999076635961
2020-05-14,140,-1,-76.72216233106616,0.11904109589041793
2020-05-15,65,1,-24.21317669749805,0.9775497113534669
2020-05-15,185,1,-0.8597449510157503,0.9662135145941525
2020-05-18,60,1,-14.009417325777251,0.8480861244019645
2020-05-18,150,1,21.750908632661005,0.8355957767722967
2020-05-19,60,1,0.4877878892898927,0.9020744356314557
2020-05-19,140,1,11.587125335499726,0.9423302107728526
2020-05-20,115,-1,-17.84974633635543,0.051443743777000964
2020-05-20,255,1,30.155736460511353,0.9279765923925116
2020-05-21,60,1,-13.415244012035688,0.855290673358387
2020-05-21,150,-1,-6.894490277864085,0.12319570325613258
2020-05-22,65,-1,-14.649015537237675,0.15107361963192179
2020-05-22,150,1,-33.08054631642592,0.8020739404869129
2020-05-25,65,1,15.01130098651422,0.8203627852545534
2020-05-25,145,1,-15.339870978640802,0.8177910052909968
2020-05-26,125,1,-4.152423440136488,0.8784301212507565
2020-05-26,315,1,-17.491097319270608,0.8685573366214544
2020-05-27,65,-1,2.6056125860289385,0.055654233274158776
2020-05-27,145,-1,-12.308180328701335,0.13686682321368657
2020-05-28,65,1,42.5794247434745,0.9561170212766045
2020-05-28,145,1,-34.43273625105952,0.9109126302530555
2020-05-29,60,1,-23.815339903165576,0.9872975547793065
2020-05-29,155,-1,16.339803792941154,0.11948818897637394
2020-06-01,60,1,-0.5254145211215807,0.9162698412698868
2020-06-01,140,1,1.6163628366565157,0.9020074855393244
2020-06-02,65,1,15.562641159827928,0.9261695906432604
2020-06-02,145,1,20.387790609875236,0.8576398956219302
2020-06-03,65,1,11.430785667494847,0.9113448534935885
2020-06-03,145,1,-11.09729442007783,0.8571834185122393
2020-06-04,65,1,-5.226424415299569,0.8812553011026507
2020-06-04,165,-1,-21.959237729906754,0.1397911832946569
2020-06-05,80,-1,-29.734352577787824,0.054295532645985814
2020-06-05,170,1,12.6807215767903,0.8176116407425909
2020-06-08,65,1,-6.088334140871998,0.8959537572252755
2020-06-08,180,-1,23.045251166410722,0.132562620423908
2020-06-09,80,1,-2.9469724381199653,0.9571428571428264
2020-06-09,190,-1,48.87040537532235,0.12141127637496492
2020-06-10,70,1,-7.064282046004999,0.8123436196830658
2020-06-10,150,-1,-8.894332109376668,0.04843049327353697
2020-06-11,70,-1,-4.427720310304517,0.15658362989325245
2020-06-11,150,-1,15.494320783024218,0.1892044385931818
2020-06-12,125,1,-0.46164474339986905,0.8440799820265347
2020-06-12,205,1,22.094946340820833,0.8992751812047057
2020-06-15,60,-1,125.03079812068813,0.10761513907891249
2020-06-15,145,-1,-22.834910079776048,0.13045568673540256
2020-06-16,65,1,-31.619734174182668,0.9692415239426424
2020-06-16,145,-1,-17.332953183819154,0.19501047419539314
2020-06-17,70,-1,-45.16024952483559,0.15543881334978454
2020-06-17,150,1,34.3886275796383,0.8134051869316312
2020-06-18,60,1,-22.907251667984728,0.9154966887417565
2020-06-18,150,1,-11.50365749872333,0.9986592606780367
2020-06-19,100,1,29.75809062586028,0.9082338152105096
2020-06-19,240,1,-1.1344614263837811,0.8635174218427245
2020-06-22,60,-1,13.268745371515633,0.06750496360023489
2020-06-22,155,-1,-53.44163612815049,0.09952153110049239
2020-06-23,65,1,14.34763188963113,0.9541547277937391
2020-06-23,145,1,39.57180780017207,0.927703269069559
2020-06-24,125,-1,-9.721742940957556,0.07746933505486346
2020-06-24,210,-1,62.94921302591279,0.18998893805312025
2020-06-25,70,1,-8.887614980190461,0.8712464006581304
2020-06-25,170,-1,31.336687610879334,0.17110552763821918
2020-06-26,80,-1,10.892345056852504,0.15591915303175954
2020-06-26,180,-1,37.78307256766352,0.15790797083230038
2020-06-29,60,-1,-8.737091301839905,0.15013837638376687
2020-06-29,160,1,11.4259464310011,0.8015958593918359
2020-06-30,65,1,-40.895885079459,0.8797327394207595
2020-06-30,190,-1,8.06645031295723,0.09717621075879336
2020-07-01,60,-1,12.193974025052468,0.1693363844394
2020-07-01,175,1,7.975861358800307,0.8450560652395133
2020-07-02,60,-1,-21.06091630387179,0.17806935332704998
2020-07-02,150,1,-7.549645569400898,0.8094865780557899
2020-07-03,75,-1,-38.526214379801125,0.18785578747625628
2020-07-03,195,1,-13.132674467955674,0.8190230256079196
2020-07-06,85,-1,1.8207163287457644,0.16746221161498562
2020-07-06,305,-1,-9.287736068567964,0.18459657701713503
2020-07-07,65,1,-29.012276342977472,0.800651819663221
2020-07-07,185,-1,6.272955249613643,0.08799306458606851
2020-07-08,60,-1,7.236640296195818,0.15846841811068355
2020-07-08,140,-1,-51.06769801215898,0.19056472228675647
2020-07-09,70,-1,9.47156661012789,0.17681728880151099
2020-07-09,245,1,0.2081040625116607,0.8660690029883086
2020-07-10,60,-1,9.194703274917737,0.169751454256962
2020-07-10,140,-1,-23.807304916471804,0.12246192893402692
2020-07-13,65,1,18.021245138493526,0.8907882241215987
2020-07-13,260,-1,-1.4656989153634554,0.19861591695502906
2020-07-14,65,1,19.988892281817396,0.905495634309183
2020-07-14,145,1,-68.51018764651178,0.9990474894543515
2020-07-15,60,1,8.521131591828057,0.9816513761468055
2020-07-15,140,1,-1.9212489547233864,0.8133272478320323
2020-07-16,85,-1,8.356600440751327,0.06305922454195163
2020-07-16,180,-1,9.773813660657726,0.11172622043282672
2020-07-17,80,-1,-6.164286893559234,0.1541570438799144
2020-07-17,210,1,8.648306647112536,0.8349206349206267
2020-07-20,70,-1,-2.156722296206714,0.008365867261552357
2020-07-20,185,-1,-15.951746449775639,0.022096317280471126
2020-07-21,110,1,-13.611903192287267,0.9281562427342418
2020-07-21,235,1,-4.297267662716919,0.8179080505922546
2020-07-22,60,-1,-4.965029115866093,0.08953258722843517
2020-07-22,145,-1,22.545722735041586,0.16920943134536706
2020-07-23,85,1,25.838038338124438,0.9899441340781958
2020-07-23,165,1,34.314186530895306,0.8987080103359298
2020-07-24,165,-1,45.47725209960647,0.17870657034745469
2020-07-24,425,1,-35.36566738920737,0.8568296923425778
2020-07-27,60,-1,14.174202712358541,0.09241126070992686
2020-07-27,145,-1,2.1468506481152176,0.07225691347007225
2020-07-28,85,-1,-8.343309070417293,0.10903691132794827
2020-07-28,165,1,-27.403455882697035,0.9494689411007492
2020-07-29,125,1,28.446335966059568,0.8909975669099824
2020-07-29,205,1,6.372693482250957,0.8183799025890756
2020-07-30,75,-1,9.29063991025365,0.17627599243854392
2020-07-30,165,-1,74.8531040262927,0.10453056768558401
2020-07-31,80,-1,-27.876214551638288,0.17150010431879006
2020-07-31,160,1,-33.08051615264888,0.977306497365929
2020-08-03,60,1,-5.481574812936252,0.8592750533048619
2020-08-03,210,-1,-27.904947592171812,0.08329791755206042
2020-08-04,110,1,20.481917812671792,0.9785586658726156
2020-08-04,220,-1,42.45302200162211,0.13474057999605166
2020-08-05,65,-1,-6.757908842355986,0.039893617021338784
2020-08-05,145,1,22.26778206546638,0.8095728255275759
2020-08-06,70,1,1.356318468273399,0.9515347334410784
2020-08-06,150,1,15.075597800107543,0.8884746815781271
2020-08-07,60,1,3.577724741446309,0.9418974126192055
2020-08-07,140,1,1.3098142447102838,0.9346259010688732
2020-08-10,70,1,5.288011235844836,0.8479228486647374
2020-08-10,180,-1,4.320947066942926,0.13901345291478856
2020-08-11,60,-1,-9.279157100807334,0.15423443634324235
2020-08-11,145,-1,-7.019389595146075,0.18003169572109104
2020-08-12,60,-1,-40.884530599518285,0.19600651996738697
2020-08-12,140,1,-3.54914630751284,0.9270015698587193
2020-08-13,75,-1,-0.1389339502906758,0.0663780663780309
2020-08-13,180,1,-13.470485333908089,0.8764044943820203
2020-08-14,65,1,24.260263619555868,0.898803046790141
2020-08-14,170,1,-56.23122134578677,0.8691003911343205
2020-08-17,65,1,-5.788171756687266,0.9599618684461314
2020-08-17,145,-1,-19.69783771215998,0.09918931807343788
2020-08-18,95,1,-11.238540256550289,0.8323108384458473
2020-08-18,185,-1,-16.28510248639041,0.15064935064933785
2020-08-19,105,-1,0.826830431002579,0.06922629435721199
2020-08-19,185,-1,-17.354665119064403,0.19539781591263558
2020-08-20,60,-1,-20.588664491409546,0.10200129115558099
2020-08-20,140,1,9.87388456550593,0.916826003824129
2020-08-21,85,-1,-1.0171954118916466,0.15116279069759408
2020-08-21,190,-1,16.595649322522068,0.14187866927590823
2020-08-24,110,-1,-21.548280991194478,0.08577878103841133
2020-08-24,190,1,31.36596037424373,0.8006211180124133
2020-08-25,60,1,1.4835938971561995,0.9407582938388533
2020-08-25,140,1,-3.1641377516174347,0.9335705812573688
2020-08-26,65,1,-9.795728688121885,0.8948306595365269
2020-08-26,185,-1,-19.424370286524482,0.13123924268499573
2020-08-27,60,-1,4.61581234842896,0.13820078226862975
2020-08-27,140,-1,-17.70122622859209,0.11391407173825518
2020-08-28,70,-1,-13.12395284122263,0.11529026982827759
2020-08-28,190,-1,-8.5207117456783,0.0457339117859831
2020-08-31,60,-1,20.760562074843406,0.03263403263389723
2020-08-31,140,-1,-5.708956375309482,0.09909909909909272
2020-09-01,65,-1,-17.393904896647204,0.09360374414968298
2020-09-01,155,1,43.222695296334784,0.9369731031714285
2020-09-02,60,-1,-23.490712474156393,0.03693181818184938
2020-09-02,165,1,20.872871159974117,0.8102125147579562
2020-09-03,70,1,-12.288878934407377,0.8766321476812297
2020-09-03,165,-1,-13.96269409937827,0.19885714285711792
2020-09-04,60,1,-11.810486699170442,0.9204881656804867
2020-09-04,155,-1,-111.62672465865292,0.11970366519364525
2020-09-07,60,-1,15.830042912444009,0.1996719967199675
2020-09-07,150,-1,-43.261910868305925,0.09582598471487015
2020-09-08,80,1,31.021817704808676,0.8225039619651767
2020-09-08,160,1,-31.907844527858263,0.8770491803278774
2020-09-09,60,1,-19.66347233496606,0.9541577825160241
2020-09-09,140,-1,-58.64417414332483,0.14770173646577303
2020-09-10,60,1,43.53982002249608,0.9506172839506607
2020-09-10,140,1,-108.90566998056421,0.9990772779700123
2020-09-11,60,-1,-38.36095927024012,0.09663608562690472
2020-09-11,140,1,34.207041341552234,0.9215167548501059
2020-09-14,80,-1,-26.087985049074323,0.0599270453361868
2020-09-14,170,1,10.347158442425686,0.9701187824796068
2020-09-15,60,1,6.336706042109741,0.9442888266417959
2020-09-15,145,1,-8.984395280963886,0.8629498000888491
2020-09-16,60,-1,19.79751779470891,0.07146724417973772
2020-09-16,195,1,32.43132320497817,0.8113746157224746
2020-09-17,70,1,-78.69932430915676,0.8025245441795067
2020-09-17,150,-1,-45.29137429418255,0.0
2020-09-18,90,1,16.87255480057366,0.8541093197011407
2020-09-18,235,-1,-28.089416890275263,0.15007129277565615
2020-09-21,60,-1,1.9660607839182114,0.09285498944829426
2020-09-21,185,1,-125.84171712357778,0.8827697262479859
2020-09-22,60,1,-27.285511393360814,0.887850467289669
2020-09-22,140,-1,4.59867493991446,0.1373174416652691
2020-09-23,60,1,18.04577499209299,0.8747697974217331
2020-09-23,215,1,24.556384510930187,0.9089376053962845
2020-09-24,60,-1,-20.814594761926084,0.05656934306569303
2020-09-24,165,-1,-87.89618286497452,0.06548384331877288
2020-09-25,60,1,-39.28658868677508,0.8228239845261051
2020-09-25,140,-1,-17.385371669648862,0.0802968066781442
2020-09-28,70,1,25.548073493944347,0.8517462580185439
2020-09-28,150,1,5.218272652725409,0.9997721057429303
2020-09-29,60,1,-21.781158214459627,0.9745258986696961
2020-09-29,140,-1,36.593711506839725,0.09813635291342089
2020-09-30,70,1,-87.01784800564565,0.9421627731725408
2020-09-30,215,1,-22.267415156202606,0.8067205444491624
2020-10-01,60,-1,-26.852073169243027,0.15946843853825082
2020-10-01,140,1,-2.6792815913219576,0.9066890333403432
2020-10-02,60,-1,85.23764918376625,0.09585604291028561
2020-10-02,325,-1,3.19981023983047,0.19198733652432332
2020-10-05,60,1,-26.39748042039995,0.9204112718964156
2020-10-05,195,-1,-23.243003213761646,0.10780304269589779
2020-10-06,70,-1,-7.880358603328963,0.1661267931513211
2020-10-06,180,1,-32.15962073276417,0.8472017673048726
2020-10-07,75,1,21.813474051104855,0.9073668854851423
2020-10-07,155,1,22.779173155569723,0.8257531010041601
2020-10-08,60,1,25.50624110422324,0.9978134110786696
2020-10-08,140,1,18.399497987622706,0.8743180046765289
2020-10-09,75,-1,4.1020608571688655,0.09703196347035875
2020-10-09,160,-1,5.399613013917071,0.16855123674912553
2020-10-12,70,1,-6.350816753838018,0.8289867464728606
2020-10-12,240,1,51.48710003870112,0.9268001195099898
2020-10-13,65,1,45.78593193416621,0.8744354110208261
2020-10-13,145,1,-48.066219340491976,0.9323955791588784
2020-10-14,65,-1,0.2503786603362371,0.18172296412674566
2020-10-14,165,1,-9.715247186737486,0.9152477520566242
2020-10-15,65,1,-20.601545455994504,0.8288457917529647
2020-10-15,160,-1,15.32455429558972,0.15040223854495138
2020-10-16,65,1,0.3499410158740005,0.887065259867159
2020-10-16,175,1,29.73710152241611,0.8848314606741621
2020-10-19,70,1,-4.674125084915426,0.941971830985981
2020-10-19,155,-1,-38.12159862200475,0.05529801324503419
2020-10-20,70,1,-2.2850993558261474,0.8153056861906877
2020-10-20,190,1,2.632132943698862,0.8538170005414115
2020-10-21,70,-1,-0.1017847755165221,0.02809415337881392
2020-10-21,160,1,-54.43835326125317,0.8246392896781141
2020-10-22,70,1,12.845989456502904,0.9312127787266702
2020-10-22,240,1,3.650761882226084,0.8059564336584579
2020-10-23,80,-1,23.621694426735743,0.1847442680776215
2020-10-23,220,1,-2.472657967155944,0.8481217180557347
2020-10-26,65,1,-9.694719919822337,0.844375963019992
2020-10-26,160,-1,27.648996034485407,0.08705772811913498
2020-10-27,60,1,20.765858879759193,0.8365714285713953
2020-10-27,140,1,-7.4211532369712785,0.8979141596470062
2020-10-28,60,1,13.537715956258145,0.9914764655743786
2020-10-28,185,-1,76.5822407426035,0.1782393397524378
2020-10-29,120,1,4.518621670808587,0.8628211342703768
2020-10-29,210,-1,-2.7266722423898044,0.17817130466209896
2020-10-30,60,-1,120.68409004751297,0.16572361262239949
2020-10-30,140,-1,-19.002276734542843,0.16877678504479157
2020-11-02,100,1,6.492377462988097,0.859638278388293
2020-11-02,180,1,42.99664482953643,0.8419464288759161
2020-11-03,90,1,11.147074940516655,0.974436596030939
2020-11-03,220,1,22.45295055260983,0.9968564626655674
2020-11-04,60,-1,10.30017839989501,0.1749797563313769
2020-11-04,150,-1,-37.39304477847498,0.16637294044513593
2020-11-05,60,1,-11.833870883953423,0.8386930495510607
2020-11-05,145,1,44.18107339585516,0.9825884401360035
2020-11-06,60,1,-13.87602153757288,0.8485216686917532
2020-11-06,145,1,13.602062258442471,0.8794035618017837
2020-11-09,70,-1,42.19656701774417,0.1874666666666356
2020-11-09,150,-1,-5.561361307626234,0.11923403352428975
2020-11-10,60,-1,-65.36125470361713,0.12943778882585907
2020-11-10,140,1,35.37821167894513,0.8339340256566756
2020-11-11,65,1,0.8074296485975466,0.8054325361677004
2020-11-11,155,-1,-74.5329923988987,0.11027004909982213
2020-11-12,60,1,-9.640521286003612,0.8856820287170093
2020-11-12,250,1,68.9395396636709,0.8953934191702441
2020-11-13,90,1,8.000812982989336,0.8226429675424928
2020-11-13,180,1,-5.188938459536763,0.9987475398103469
2020-11-16,90,-1,19.306467646404272,0.15226304365304175
2020-11-16,180,-1,10.60733875284643,0.1901511279842224
2020-11-17,85,1,1.1832074134070063,0.913583990297104
2020-11-17,170,1,17.99353227587548,0.8090909090909474
2020-11-18,85,-1,-20.692708931812785,0.16826460121415934
2020-11-18,205,1,2.536105751190077,0.9493739793141077
2020-11-19,60,1,8.193618552250603,0.8479607640681209
2020-11-19,140,1,-15.87696240275065,0.8522047900286351
2020-11-20,85,-1,-0.19296873402145887,0.10876971608833567
2020-11-20,165,-1,-12.49456580634205,0.036811513977301126
2020-11-23,95,-1,3.4508357025046625,0.11266294227197118
2020-11-23,430,-1,-10.619153851045438,0.08992963940193538
2020-11-24,80,-1,-7.130083279973265,0.16186107470506617
2020-11-24,170,-1,14.923512965087493,0.18129870129868997
2020-11-25,60,-1,-4.98439789798204,0.09053213545268674
2020-11-25,230,-1,-8.024367538139332,0.11158277744088356
2020-11-26,65,-1,-9.936096793514304,0.07177488354407191
2020-11-26,235,-1,-10.613191344157213,0.11732321342667854
2020-11-27,60,1,4.015486078128694,1.0
2020-11-27,160,1,4.941182378000297,0.8728029602220648
2020-11-30,80,-1,-11.339254198523152,0.16113710972967715
2020-11-30,215,1,1.0188439621865002,0.936959414504311
2020-12-01,110,1,-5.174581196117511,0.8774150566290124
2020-12-01,190,-1,-3.652735352192726,0.10105989647523317
2020-12-02,70,1,-0.5769441883459067,0.8549136786188868
2020-12-02,205,1,-12.486199254927044,0.9035194174757167
2020-12-03,70,1,-4.77814298283934,0.8040579710145391
2020-12-03,160,-1,-2.3170857985728595,0.19428571428572813
2020-12-04,60,1,-1.0956500045707247,0.8194029850746699
2020-12-04,190,1,-11.042880308585623,0.9663897280966318
2020-12-07,85,1,5.472759382936632,0.8780289477963784
2020-12-07,165,1,-30.86607100814058,0.8537064310260327
2020-12-08,65,1,-13.402056181632416,0.9267022049914612
2020-12-08,165,1,5.9843105290461995,0.810397553516833
2020-12-09,65,1,-5.58573098688413,0.9661331086773313
2020-12-09,145,-1,0.16167024593101187,0.1943164362519639
2020-12-10,60,-1,0.6938693249751274,0.10102502539478057
2020-12-10,205,1,14.62979664477655,0.9523447015834187
2020-12-11,70,-1,-18.024164014886644,0.04159132007233319
2020-12-11,150,1,-42.96996286998049,0.9301726359185859
2020-12-14,60,-1,-18.376277932143513,0.07671315949062124
2020-12-14,140,1,-7.584555670517457,0.8101273499090142
2020-12-15,60,1,3.371855999525897,0.8643488173269129
2020-12-15,140,1,26.16915980685515,0.9497369679578961
2020-12-16,60,1,2.3907937738969047,0.9713261648744491
2020-12-16,160,1,20.90494745141709,0.8229426433915511
2020-12-17,60,1,5.857378603746755,0.8978134110787092
2020-12-17,140,1,18.34477766484306,1.0285582680792642
2020-12-18,75,1,0.5888927223555832,0.9033041788143932
2020-12-18,155,1,16.61342550091578,0.8472828242760612
2020-12-21,105,-1,11.119852244553652,0.05646405430422193
2020-12-21,255,-1,144.9419167016423,0.16039975015615204
2020-12-22,65,-1,-8.159112511793731,0.1587011205122408
2020-12-22,170,1,18.07115288494905,0.9652537747862173
2020-12-23,65,1,20.630697813824163,0.9252733118970857
2020-12-23,145,1,-2.051182704780485,0.8541711809317526
2020-12-24,95,-1,3.3656401363239667,0.15751158173391094
2020-12-24,195,1,-1.1572256482746286,0.8356031128405018
2020-12-28,70,-1,-18.093964864304855,0.17361211247293612
2020-12-28,150,1,-11.18179835552473,0.9284763805721998
2020-12-29,120,1,10.625179539345675,0.9187279151943223
2020-12-29,200,1,-3.8977234951893975,0.8942395611093866
2020-12-30,60,-1,-8.467760491408116,0.01148796498901205
2020-12-30,145,1,-0.6419795978625406,0.84681769147787
2021-01-04,65,1,36.05902936764145,0.8476101218369079
2021-01-04,145,1,11.905531011136405,0.8781083800488774
2021-01-05,60,1,-0.14802115897620782,0.8644465290806156
2021-01-05,140,1,5.422177241012749,0.8700134228187771
2021-01-06,70,1,-4.4189717618988045,0.8149826712876926
2021-01-06,175,-1,15.3722798364468,0.02443517890042137
2021-01-07,60,1,22.15749822956288,0.8080270793037094
2021-01-07,190,-1,-23.959746863608398,0.03824424163405751
2021-01-08,70,1,-3.3335753943893205,0.9012471655328659
2021-01-08,150,1,1.5014616389356754,0.8753653444676284
2021-01-11,70,-1,-21.493876494133744,0.18903281519856735
2021-01-11,150,1,-9.384410364397677,0.8150551897294812
2021-01-12,60,1,0.3735867170199917,0.857142857142922
2021-01-12,145,1,-7.9635782879412975,0.9770054873269091
2021-01-13,95,-1,-8.331221069903405,0.07907845579081425
2021-01-13,180,1,-6.497307870065461,0.9046971569839658
2021-01-14,65,1,-15.669600953143892,0.8290199167323137
2021-01-14,205,1,3.653280362659173,0.8053851036817993
2021-01-15,60,-1,-27.28397529552855,0.05552190591560801
2021-01-15,160,1,7.456252929112628,0.9011406844106713
2021-01-18,90,1,-15.770772187408566,0.8000605877006871
2021-01-18,200,1,-1.7133619964167397,0.8330808845804246
2021-01-19,60,-1,0.2748725075289563,0.12628375808297518
2021-01-19,155,1,-13.513179255150876,0.8729508196721264
2021-01-20,80,1,11.966006531132622,0.8250692947336438
2021-01-20,160,1,-3.688865073085567,0.8906217508837554
2021-01-21,80,-1,8.904656763088337,0.062391838965332305
2021-01-21,200,-1,-11.132924125300692,0.05428113642577738
2021-01-22,70,-1,-2.7672984981359945,0.025106837606898233
2021-01-22,200,-1,15.474672502464992,0.16482029598312084
2021-01-25,80,-1,-4.4845398754685295,0.16903409090903493
2021-01-25,175,1,11.448359689849985,0.8293994120117604
2021-01-26,110,-1,-14.298759554369367,0.14200199534421276
2021-01-26,190,1,28.719865331053153,0.8906067677946288
2021-01-27,60,1,-6.804173646824552,0.8092135877151975
2021-01-27,175,-1,-0.7304110394442006,0.14522197140709528
2021-01-28,65,-1,12.372855716548514,0.07821138211382199
2021-01-28,145,-1,-6.572517952587331,0.06304082131507535
2021-01-29,75,-1,-24.959467913622955,0.14180398959235035
2021-01-29,155,-1,-24.75617746553431,0.053762848751837566
2021-02-01,75,1,23.8738278771526,0.8202141057934693
2021-02-01,180,1,17.43266146753393,0.8302015383117481
2021-02-02,60,1,-9.920654535254414,0.9973333333333444
2021-02-02,145,-1,-20.52325191450781,0.15130434782609195
2021-02-03,60,1,-5.098934999074478,0.9436526946107896
2021-02-03,145,1,10.98007464059676,0.8381141721101797
2021-02-04,60,1,32.42248181715852,0.9783337632189802
2021-02-04,140,1,2.2605253616063252,0.9584840982669914
2021-02-05,60,1,-10.804683605332865,0.9313440718246999
2021-02-05,235,-1,-4.21061143467365,0.19960571710203
2021-02-08,75,1,-7.811203151822532,0.9114420062695142
2021-02-08,155,-1,19.855150524882696,0.14313385666221262
2021-02-09,115,-1,5.694611794499327,0.12409033877034621
2021-02-09,195,-1,-4.545550967347145,0.1394009216589605
2021-02-10,65,1,-1.8604861047617933,0.880287769784137
2021-02-10,155,1,-0.13109482127142658,0.955146693187464
2021-02-11,130,1,6.8517764840029916,0.8853705486044499
2021-02-11,210,1,13.852848067255463,0.9900670474298576
2021-02-12,60,1,-8.985855899139183,0.9606227106226842
2021-02-12,140,-1,9.519051061889616,0.18631436314362868
2021-02-15,60,-1,2.833781067821795,0.19418837675334344
2021-02-15,145,-1,-0.6037291537937414,0.08835662009311124
2021-02-16,130,-1,9.648132050954894,0.1580106571936191
2021-02-16,210,-1,3.582233842800831,0.11547344110854697
2021-02-17,60,-1,-9.644804830323972,0.19320327249841546
2021-02-17,155,-1,-9.034401569749262,0.155388471177926
2021-02-18,90,1,-12.955958809715717,0.9899925871015404
2021-02-18,205,-1,-6.993642685803758,0.14308681672026224
2021-02-19,60,1,2.9483305745085624,0.9333333333333667
2021-02-19,160,1,9.353212891061569,0.8356877323420081
2021-02-22,60,-1,36.09826871641393,0.10651125401928141
2021-02-22,140,-1,31.39562994496843,0.024553571428560357
2021-02-23,60,-1,12.281610815471478,0.06293952180031087
2021-02-23,155,-1,51.469431622484365,0.1948226270373907
2021-02-24,60,-1,-26.089174283416437,0.19594964422550154
2021-02-24,140,1,25.42799695512561,0.8262215844724701
2021-02-25,120,1,-77.6774326463388,0.9190691212226466
2021-02-25,200,-1,16.272635742098764,0.03319736951635229
2021-02-26,65,1,-29.898018258803383,0.8675218526506976
2021-02-26,175,1,73.86024281436349,0.9661876584953506
2021-03-01,65,1,33.260519520646305,0.9500144885540057
2021-03-01,145,1,-4.521424635560312,0.9385826771653639
2021-03-02,70,1,-12.170885153209454,0.9662445355807028
2021-03-02,165,-1,18.04453651056899,0.04702733164271165
2021-03-03,60,1,8.365800663654843,0.8524264120923145
2021-03-03,140,1,3.996439521592299,0.9548041943077425
2021-03-04,70,1,31.211586436282037,0.9867010499171162
2021-03-04,150,1,27.318019771554304,0.8652349828820431
2021-03-05,60,1,-44.266564902947934,0.9626178974005055
2021-03-05,145,-1,1.4940009616819077,0.06991028295375674
2021-03-08,65,1,-53.97771991442828,0.8472132558639943
2021-03-08,145,-1,30.395000716581368,0.0353700866799744
2021-03-09,60,-1,43.76825467569052,0.08257552001672029
2021-03-09,175,1,54.612327457524266,0.8369274474718216
2021-03-10,65,1,-7.474031106465429,0.810511552373219
2021-03-10,170,1,-0.186943840196507,0.8398169336384389
2021-03-11,75,-1,-76.49049621921438,0.06875599616244343
2021-03-11,155,1,33.88451941194011,0.8992156500876589
2021-03-12,60,-1,63.816304056246004,0.1900335033654347
2021-03-12,140,-1,47.82172059696817,0.04313779365297883
2021-03-15,60,1,-36.298370661138215,0.8294290834613416
2021-03-15,140,-1,0.5244653631457211,0.033293520453860526
2021-03-16,60,1,-2.6615153965421796,0.9273532668881542
2021-03-16,170,1,-26.83292529312946,1.0047225501771129
2021-03-17,65,-1,-20.872000804245825,0.017598994343221708
2021-03-17,145,1,-14.338652740386193,0.9573214384052178
2021-03-18,60,1,3.0172920278252584,0.8897667898559687
2021-03-18,140,1,-76.64791217391459,0.8313922710428616
2021-03-19,60,1,-58.900085896391325,0.8403775883069377
2021-03-19,140,-1,-101.38458399852462,0.13652501344809478
2021-03-22,110,1,-32.18309743357977,0.8604499999999916
2021-03-22,230,-1,-15.317438929553662,0.13993197278910302
2021-03-23,60,-1,7.076090900975229,0.030276437033807935
2021-03-23,140,-1,-35.361363929442156,0.17812840043522377
2021-03-24,65,-1,5.484304911502047,0.02722772277227147
2021-03-24,145,-1,-2.7083163730852617,0.10702947845808408
2021-03-25,65,1,-6.780866686864773,0.9640833333332921
2021-03-25,190,1,13.038140762929151,0.8822069693769897
2021-03-26,70,1,26.669151989103092,0.9672113289759939
2021-03-26,150,1,-29.86340238267009,0.8843085106382982
2021-03-29,70,-1,-1.0902025208077588,0.08998163640073452
2021-03-29,165,1,12.88290121514808,0.8426803434050734
2021-03-30,70,-1,11.897880165467178,0.09952355743784519
2021-03-30,150,-1,22.137682656881275,0.12319438712342236
2021-03-31,65,-1,-2.36326003286007,0.15258855585826403
2021-03-31,195,1,-4.15547373077878,0.8982664941785062
2021-04-01,80,1,20.166281935359144,0.9223744292237076
2021-04-01,160,1,36.04914854197046,0.9830806416172174
2021-04-02,70,-1,3.7202912600080134,0.18213836477971068
2021-04-02,215,1,-2.9944586699366833,0.9251406317611572
2021-04-05,60,-1,1.9195243864748694,0.10871130309575837
2021-04-05,155,1,-10.147803876464234,0.8026258205689056
2021-04-06,100,-1,-4.493976192645066,0.08144475920677897
2021-04-06,185,-1,12.533894745970064,0.08430182133562655
2021-04-07,65,-1,-15.422372436113152,-0.0001855287569951456
2021-04-07,155,1,11.558514286312116,0.9230864965774276
2021-04-08,65,1,13.44770600340257,0.8861363636363079
2021-04-08,205,-1,8.841635288110838,0.133090501541046
2021-04-09,70,-1,34.8205181441323,0.0008429926237946268
2021-04-09,150,-1,1.6299931118472615,0.17089018843404175
2021-04-12,65,-1,-17.401444847286605,0.1234177215190007
2021-04-12,170,1,7.979907066975445,0.9106583072100309
2021-04-13,70,-1,-0.6913690190808893,0.14270714012981478
2021-04-13,215,1,4.278602388086261,0.903807740324581
2021-04-14,60,1,-3.2809772503590735,0.8171312032630409
2021-04-14,145,-1,-14.38489388120927,0.14296967309961728
2021-04-15,70,1,12.878996191739,0.9876330788257036
2021-04-15,150,1,29.51120283135418,0.8580581567274463
2021-04-16,60,1,-3.8002917333109116,0.9954035874439274
2021-04-16,150,-1,1.5529365190484872,0.15707891246687572
2021-04-19,65,1,-8.319578072204115,0.8531787119486699
2021-04-19,160,-1,-7.814426173779632,0.19838753510278534
2021-04-20,65,1,-4.86557191232877,0.8835260115607548
2021-04-20,155,-1,-10.04958359855439,0.13506677458519167
2021-04-21,75,-1,-28.33594903396812,0.030915457728884425
2021-04-21,155,1,-2.708216313133826,0.8779844596185787
2021-04-22,60,1,11.929450799191121,0.977582159624435
2021-04-22,215,1,-9.40806744960847,0.8565564527042127
2021-04-23,80,-1,17.033761613888657,0.19951983826137218
2021-04-23,160,-1,-26.985952146302992,0.18240385561132128
2021-04-26,70,-1,7.680843456336195,0.13702359346643905
2021-04-26,155,-1,5.870507990875362,0.1928274820686447
2021-04-27,60,1,8.564060317437905,0.9828311142256521
2021-04-27,195,-1,-0.45130541278486336,0.18126259234383613
2021-04-28,80,-1,9.760570336383845,0.1824137931035695
2021-04-28,185,-1,19.365042962303082,0.19671993271655824
2021-04-29,60,-1,7.241381416346737,0.11358682489708445
2021-04-29,145,-1,3.0529674795380495,0.15186195967957622
2021-04-30,75,-1,-9.916355750844863,0.04150334332494616
2021-04-30,155,1,3.1790962666926164,0.9258294076375873
2021-05-03,65,-1,2.6625445825427367,0.056731583403903614
2021-05-03,155,1,20.532486537872387,0.9082308420057359
2021-05-04,60,1,16.71322721125397,0.901356350185037
2021-05-04,155,1,-19.075630465890825,0.8348678348678503
2021-05-05,65,-1,20.944978065623857,0.11716822890958166
2021-05-05,235,1,18.62464260897352,0.9120577121264124
2021-05-06,65,1,17.442918733352865,0.9874730021598679
2021-05-06,155,1,26.345130888008452,0.8342931450863815
2021-05-07,60,1,-18.354359093188542,0.8680591818972637
2021-05-07,140,-1,4.004747231010475,0.027090404196198584
2021-05-10,65,-1,11.106841769047815,0.02789648622978077
2021-05-10,150,-1,30.86425202144678,0.1216802728117976
2021-05-11,70,1,24.5817773533656,0.8654317624625272
2021-05-11,160,1,-69.3948470914914,0.8344116243304659
2021-05-12,60,1,15.668235352548754,0.967448720587209
2021-05-12,140,1,10.138527956929222,0.9868862157365419
2021-05-13,75,-1,1.82865562514607,0.19304005252794443
2021-05-13,165,1,-69.27368453536769,0.81470380818053
2021-05-14,75,1,-14.375850621331665,0.9313445034736325
2021-05-14,165,1,-10.08299739768419,0.8075523704520343
2021-05-17,70,1,0.7517272136352119,0.9825229357798023
2021-05-17,195,1,-24.26741962052685,0.8022087994567173
2021-05-18,75,1,33.48831247809421,0.8138242080973672
2021-05-18,155,1,11.830601427147824,0.886700141624809
2021-05-19,90,-1,-10.02675656915657,0.18235294117648948
2021-05-19,190,-1,40.476343037624666,0.0906937865700544
2021-05-20,60,1,1.3967919028594182,0.913147792706359
2021-05-20,140,1,1.0263396430469478,0.9341074618661656
2021-05-21,65,1,-6.931622125248715,0.8553765455226486
2021-05-21,200,1,-21.24029148630928,0.8874469201775138
2021-05-24,65,1,4.270461683702331,0.9801319363601539
2021-05-24,145,1,33.95595463882501,0.8972510624562988
2021-05-25,85,1,30.53438251874803,0.8291975507573196
2021-05-25,165,1,-7.565719164554663,0.8718307924735559
2021-05-26,65,1,-15.527846052759298,0.9324487334136007
2021-05-26,170,1,-17.631689361133503,0.8440743113388919
2021-05-27,65,1,2.9630040457666156,0.8026784442227992
2021-05-27,165,-1,22.72889540975971,0.15526717557255754
2021-05-28,70,1,-25.61340948825945,0.9241499564079588
2021-05-28,150,-1,-13.713739215596865,0.11460731644920816
2021-05-31,70,1,-3.3043740676171214,0.8983799705447677
2021-05-31,165,-1,-0.347432397515712,0.06480802152101289
2021-06-01,60,1,-1.830952629699611,0.8519095869057173
2021-06-01,140,1,10.419920304008246,0.8406688963211043
2021-06-02,65,1,-0.02622874551732013,0.880755608028515
2021-06-02,150,-1,4.820205803679878,0.1478083588175105
2021-06-03,60,-1,-0.942164743990714,0.02299854439610591
2021-06-03,140,-1,11.46274046117819,0.09277605779157679
2021-06-04,65,-1,5.149962274017383,0.03187149413564487
2021-06-04,145,-1,-30.342628111181423,0.1269773635152677
2021-06-07,75,-1,-0.4946304016768984,0.14595144643115557
2021-06-07,190,-1,4.5846608721682,0.04902848387768992
2021-06-08,60,1,-4.121450781933866,0.9644048943270616
2021-06-08,170,-1,11.284611839322123,0.17504743833010925
2021-06-09,65,-1,0.628031449364919,0.140589198036076
2021-06-09,160,1,-0.9439996226730415,0.9648682559598825
2021-06-10,65,-1,7.357932265179956,0.13388658367897596
2021-06-10,150,-1,15.88556396220393,0.1988049509176009
2021-06-11,70,-1,7.338411903527309,0.15126641651041695
2021-06-11,150,-1,0.17305330033341482,0.02984304006615691
2021-06-14,65,-1,1.362456661941192,0.09121621621636258
2021-06-14,150,-1,-5.162854191773247,0.04863523573198768
2021-06-15,70,-1,-4.887529698395943,0.1538726333906027
2021-06-15,150,1,-2.682637278548938,0.9297715688125653
2021-06-16,90,-1,-3.507336241350289,0.11304347826073202
2021-06-16,175,1,-2.7510482421296163,0.8611783696529922
2021-06-17,60,1,-15.26764241228955,0.8072041166381114
2021-06-17,140,-1,-12.83153640100081,0.07130434782609821
2021-06-18,105,1,-0.8310254059203267,0.8206831119544984
2021-06-18,210,-1,-0.4070459010159674,0.12770137524551586
2021-06-21,80,-1,-62.445747079630955,0.10826359832634008
2021-06-21,225,1,9.354679184366121,0.9878023133543654
2021-06-22,80,-1,1.572441109376888,0.07563546187225081
2021-06-22,165,-1,34.97795838996827,0.10288065843621451
2021-06-23,60,-1,-5.567373450234436,0.09102730819233132
2021-06-23,195,-1,7.2909139933978295,0.0519588774659827
2021-06-24,75,1,-4.451827342695935,0.820090805902397
2021-06-24,245,1,15.125959480942042,0.8769477543537839
2021-06-25,80,-1,1.5335713152679458,0.09645093945720096
2021-06-25,185,-1,-9.894759748818194,0.15353260869562632
2021-06-28,80,1,-7.037879324913332,0.9724481327800577
2021-06-28,190,1,-12.816393560467088,0.957264957264996
2021-06-29,60,1,-2.2008697579929843,0.9854397204425803
2021-06-29,155,-1,-3.8294568390635937,0.18205561530195077
2021-06-30,90,-1,1.5211757101678107,0.023359288097789987
2021-06-30,255,-1,17.931444732581085,0.07058823529415349
2021-07-01,170,-1,-28.172248597766057,0.18033714221066427
2021-07-01,310,-1,14.910787063621544,0.10049035632561325
2021-07-02,75,-1,2.9517625212242664,0.04659289458353096
2021-07-02,175,1,31.49895814763366,0.8575867426203598
2021-07-05,65,-1,4.998482455305497,0.17997496871090626
2021-07-05,145,-1,7.418176907546936,0.18779840848802798
2021-07-06,70,1,-3.0399448006586556,0.96033713435799
2021-07-06,150,1,-3.983588877187349,0.8781253926372314
2021-07-07,70,-1,4.034578109042686,0.17458432304030078
2021-07-07,150,-1,-30.18788190114656,0.11247717589774338
2021-07-08,70,-1,-4.236126778038463,0.04081981212631867
2021-07-08,160,-1,57.19420265729176,0.06597092806561466
2021-07-09,65,1,9.718919077843902,0.9240663900414979
2021-07-09,145,1,16.28263209514187,0.8440347071583416
2021-07-12,60,1,-2.592600957359181,0.9500904159132274
2021-07-12,145,1,-3.7739683423472665,0.8346433770013916
2021-07-13,60,-1,8.80235281995252,0.10464716006885329
2021-07-13,140,-1,-1.6926581389338664,0.023805668016183026
2021-07-14,60,-1,8.121781095301994,0.10365910143582024
2021-07-14,155,1,0.902059800825095,0.9686253655942496
2021-07-15,65,1,-6.174032114469474,0.9494863013698518
2021-07-15,155,1,3.204601110569483,0.8504411001556118
2021-07-16,60,1,-6.209785721710981,0.8484752725549258
2021-07-16,150,1,1.4859536135185096,0.8131510037823488
2021-07-19,70,1,2.4658736339415293,0.8481448834041491
2021-07-19,165,1,-2.8069363977297086,0.8064273504273415
2021-07-20,60,1,11.310518020664473,0.9057167235494498
2021-07-20,140,1,-0.8019081889949927,0.9419458160950479
2021-07-21,60,-1,-27.021138531384146,0.012016718913248195
2021-07-21,140,1,-7.650125740125846,0.8653384541526936
2021-07-22,65,-1,0.6101806681184211,0.19427148194263555
2021-07-22,155,1,10.053170167850078,0.8841190413484193
2021-07-23,60,1,4.624139964744378,0.8188976377952587
2021-07-23,140,1,-7.122492251960422,0.987182137688671
2021-07-26,65,-1,-4.82749160867173,0.19327999999979512
2021-07-26,145,1,1.3813334399918724,0.9869506211504341
2021-07-27,65,-1,-3.194476392933287,0.07298612362583293
2021-07-27,190,-1,1.9255309824310456,0.1273461939520742
2021-07-28,60,-1,-19.98587920597443,0.05717035611164891
2021-07-28,140,1,-5.8870833722842075,0.8173481540293874
2021-07-29,70,1,16.806158950604512,0.8223335719398649
2021-07-29,150,1,6.336529289745885,0.9534679970795752
2021-07-30,75,-1,-11.609946937111859,0.09318465377421785
2021-07-30,200,1,10.180038495995314,0.8981905910735958
2021-08-02,65,1,5.795231985108851,0.8484076433120441
2021-08-02,155,1,-0.4265772130825237,0.8163788850517271
2021-08-03,60,1,9.344162996088157,0.8939708939708574
2021-08-03,170,1,-4.453925476714682,0.8022245394508021
2021-08-04,90,1,8.316399623756032,0.8830715532285996
2021-08-04,175,1,-14.692726580670268,0.8066777963272366
2021-08-05,85,-1,8.105250280004261,0.1766467065868622
2021-08-05,195,1,0.09527964727014149,0.805243445692904
2021-08-06,70,-1,-0.947087526818757,0.06380250080142172
2021-08-06,150,-1,6.74011684870397,0.024215624341921805
2021-08-09,60,1,-0.7652942076226573,0.8298076923077027
2021-08-09,185,1,22.02774239669565,0.9174085064292716
2021-08-10,60,1,0.9415183593212809,0.8781869688385314
2021-08-10,155,1,11.313789851226508,0.9028784648187582
2021-08-11,65,1,-7.367313205435977,0.9595959595958669
2021-08-11,145,-1,16.511929078646805,0.021886399166235623
2021-08-12,60,-1,1.0591333720526124,0.17929634641408154
2021-08-12,160,-1,-4.862687907869079,0.0890723822909454
2021-08-13,60,-1,1.4886421319586067,0.19411764705885984
2021-08-13,150,1,4.564246881384859,0.9110936270653598
2021-08-16,120,-1,2.704959338730007,0.13809082483778137
2021-08-16,200,1,-0.4066156603661938,0.8133935289691137
2021-08-17,65,-1,2.0547510316741406,0.1956769055746295
2021-08-17,155,-1,14.14371285261935,0.08671328671326484
2021-08-18,60,-1,-5.100638254793166,0.11561530506706985
2021-08-18,160,-1,15.30676061246723,0.1216106510796766
2021-08-19,105,-1,51.25571373718314,0.06354639482106182
2021-08-19,185,-1,14.845909121767153,0.07784048740917507
2021-08-20,65,-1,-9.64655721396217,-9.057971016338135e-05
2021-08-20,205,-1,9.593427038278435,0.031116883116891432
2021-08-23,65,1,-8.988088539033257,0.8643815201190533
2021-08-23,145,-1,7.482329831698786,0.09357889497267322
2021-08-24,70,1,8.783510985804055,0.9474789915966411
2021-08-24,150,1,23.598630139574485,0.8103947844983789
2021-08-25,60,-1,-12.066670684113978,0.14692982456143588
2021-08-25,145,1,2.3151829686444807,0.842547953636282
2021-08-26,80,1,-1.6259211640086586,0.9263450042698036
2021-08-26,160,-1,-6.162264695290398,0.030325288562502575
2021-08-27,70,-1,-9.021579179610706,0.1221461187214376
2021-08-27,155,1,-5.948572207625391,0.8690587138863185
2021-08-30,75,-1,-1.7592467880996217,0.1861520998864373
2021-08-30,215,-1,-6.559978423230239,0.1259956553222191
2021-08-31,60,1,17.4195823532179,0.9428988986899097
2021-08-31,140,1,-3.7201219879952503,0.8958971218616151
2021-09-01,60,1,12.19479152732057,0.8509316770183902
2021-09-01,170,1,-4.07297851371573,0.8348414509402637
2021-09-02,65,-1,-6.802699693968117,0.030101302460017916
2021-09-02,160,1,6.667867598098409,0.8876016260161931
2021-09-03,65,1,-6.173051612680824,0.8723958333331582
2021-09-03,145,-1,-1.802657581375255,0.076452599388369
2021-09-06,60,1,11.321439398888478,0.8934550989344355
2021-09-06,140,1,8.641286351885169,0.972153683468485
2021-09-07,70,1,6.326702336214973,0.9796463815790997
2021-09-07,150,1,-5.786004763012764,0.8397129186602669
2021-09-08,60,-1,-2.063912725224925,0.19018404907967382
2021-09-08,140,1,-40.37429249360085,0.9256756756756206
2021-09-09,65,-1,0.3179660471423599,0.1918032786884696
2021-09-09,190,-1,-16.386455929994924,0.19102486355364937
2021-09-10,65,1,-3.2423103288544026,0.8294157152451809
2021-09-10,205,1,7.96199747038524,0.9406072739405841
2021-09-13,65,-1,-17.34792428079239,0.14903846153847175
2021-09-13,145,1,14.319163594678619,0.9353152564521534
2021-09-14,65,1,-10.712407061372486,0.8443908323282024
2021-09-14,160,-1,12.356284543277152,0.039682539682546515
2021-09-15,60,1,-9.21112196877698,0.8615916955017371
2021-09-15,140,-1,-19.3802044003029,0.13136750763291982
2021-09-16,65,1,-2.43467743617014,0.8420123565753853
2021-09-16,160,-1,-9.438942454069332,0.1671551724138142
2021-09-17,60,1,0.9395064833088277,0.829465020576117
2021-09-17,150,1,-15.479108018806187,0.8368391131324174
2021-09-20,60,1,-8.557142230463821,0.9129829446571515
2021-09-20,140,-1,13.832156069855506,0.07282132908873534
2021-09-21,60,1,-6.282898909737034,0.9012244897959897
2021-09-21,155,1,29.707444526459305,0.9077041999484571
2021-09-22,65,1,10.584977704437959,0.9660529344074071
2021-09-22,145,1,-4.933653729205112,0.9428047357011784
2021-09-23,70,1,-9.771856112215804,0.8728434504792442
2021-09-23,170,1,34.43472501120577,0.8989769820971935
2021-09-24,60,-1,3.5604459932740533,0.19104369808609845
2021-09-24,155,-1,22.97988736680341,0.13922555783453228
2021-09-27,65,1,7.632484046667232,0.8414322250640381
2021-09-27,155,-1,14.099303610802094,0.13138803804613727
2021-09-28,60,1,-13.592647763089483,0.8764315852923349
2021-09-28,140,-1,78.25620547711338,0.05086523335079465
2021-09-29,65,1,-1.5027516410322401,0.8491434415750098
2021-09-29,170,1,32.5845934075057,0.9217353198948287
2021-09-30,60,1,11.561750666691362,0.9756607929514937
2021-09-30,140,1,-7.556517884340241,0.8505887129517107
2021-10-01,80,1,-29.699101077042698,0.880969609261971
2021-10-01,160,-1,-37.770886467740226,0.16426477772350465
2021-10-04,60,1,-39.872981764891996,0.8120501747892033
2021-10-04,140,-1,13.506414872392192,0.02960911705185699
2021-10-05,105,-1,-8.921520357911428,0.015028901734063934
2021-10-05,190,1,-1.927512756762661,0.8968884633795859
2021-10-06,70,1,-10.715980680210002,0.8149207746478926
2021-10-06,185,-1,49.64334319478887,0.09459459459461907
2021-10-07,115,-1,-31.36746940750128,0.14078084924481302
2021-10-07,220,1,7.732995138523391,0.8278940027894
2021-10-08,85,-1,-10.74486909759158,0.11489484298476187
2021-10-08,185,1,-24.79859201832761,0.9571619812583649
2021-10-11,60,1,-6.427552612720699,0.8274158690954019
2021-10-11,140,-1,0.37339630485839803,0.19579908675801214
2021-10-12,65,1,-24.144739885276365,0.8844127672761164
2021-10-12,170,-1,-33.60919832289437,0.11743359521137954
2021-10-13,60,1,-10.931669097550989,0.951423785594648
2021-10-13,185,-1,-51.61589375973512,0.18226466575716305
2021-10-14,70,-1,-28.222278150344547,0.08246913580244263
2021-10-14,150,1,6.744645850694075,0.8679863771817541
2021-10-15,60,1,-5.2580454627011886,0.8829500396510946
2021-10-15,140,-1,11.283621835290036,0.14636140637773706
2021-10-18,65,1,-24.895218103104398,0.8482697426796025
2021-10-18,145,-1,-1.7999758089489055,0.17797605071612824
2021-10-19,85,-1,-25.562143506065603,0.1140724946696601
2021-10-19,175,1,5.950448661804897,0.8588576960309648
2021-10-20,70,-1,3.6289174903029857,0.19796535606264945
2021-10-20,195,1,-6.715600721854553,0.8052762923351274
2021-10-21,65,-1,-4.064396327542896,0.1269521410579542
2021-10-21,175,-1,-13.045103343931208,0.13174882629107368
2021-10-22,75,-1,-4.0475815722880615,0.18097447795817986
2021-10-22,180,1,2.0379618146452843,0.9468512728896588
2021-10-25,65,-1,-9.514156700607002,0.00813008130066205
2021-10-25,145,1,3.560537954212917,0.9099597585513518
2021-10-26,85,1,1.1715253462333934,0.9613382899629249
2021-10-26,165,1,8.775548854829518,0.9368797496647963
2021-10-27,60,1,10.135437412526604,0.8993174061433299
2021-10-27,140,1,6.481910839582339,0.8445610160132292
2021-10-28,60,1,-10.250592522928637,0.873603672532511
2021-10-28,160,-1,-18.310181286151515,0.19040393091988073
2021-10-29,65,-1,8.401580503260409,0.11916046039269913
2021-10-29,145,-1,-12.732254330338355,0.19203840768153743
2021-11-01,65,1,-13.545326842599614,0.9221279876638189
2021-11-01,145,-1,-10.550295571440538,0.07238689547586424
2021-11-02,90,1,9.440196592396655,0.8858695652173617
2021-11-02,175,1,-14.589081423260364,0.9643851851851516
2021-11-03,70,-1,-5.923675162046882,0.02931854199689199
2021-11-03,195,-1,-11.047574613671385,0.18181818181820425
2021-11-04,65,1,-1.9938878789523158,0.8751677852349335
2021-11-04,150,1,0.3713979963064332,0.8215613382899134
2021-11-05,135,1,-15.992003613431605,0.8633210332104021
2021-11-05,215,-1,-27.162535416542386,0.01442722885444034
2021-11-08,60,1,-6.534086222456814,0.8385531810366027
2021-11-08,140,1,6.0394163859127215,0.8262711864406912
2021-11-09,60,1,1.3260071983926651,0.9404574132492705
2021-11-09,145,1,2.122667421998026,0.8766233766233711
2021-11-10,65,1,30.98075378472216,0.9200144334856853
2021-11-10,145,1,-10.725142189379078,0.9769425563108145
2021-11-11,70,1,4.366447503663506,0.9686150302332248
2021-11-11,150,1,-12.528248937608444,0.9301132720666729
2021-11-12,60,1,-9.734529563668204,0.913308341143454
2021-11-12,140,1,-5.317244333949578,0.8243916739958956
2021-11-15,60,1,-7.38039471261569,0.8159912376780546
2021-11-15,160,-1,-8.642738729782318,0.1542585386943115
2021-11-16,140,1,-9.147022108114289,0.9564279551338022
2021-11-16,220,-1,-2.8854264055051977,0.08256690049363215
2021-11-17,90,1,-4.035679632595368,0.9998827667057205
2021-11-17,180,1,7.00134397859471,0.9407816818002367
2021-11-18,75,-1,-9.792631641995664,0.0933088909257601
2021-11-18,155,1,9.072822746556808,0.8636363636363636
2021-11-19,95,1,-1.039546708600669,0.8483981693365056
2021-11-19,185,-1,-8.299963272417488,0.19765561843168233
2021-11-22,60,1,-0.6394708488451247,0.9494043447791486
2021-11-22,155,1,-3.0360607699238424,0.9434806939004781
2021-11-23,85,-1,12.640262069454744,0.154515083030382
2021-11-23,210,-1,-10.072023286009246,0.09775928645239085
2021-11-24,60,1,7.564386067247364,0.9670658682634807
2021-11-24,140,1,-25.967328246011157,0.8713544241225921
2021-11-25,60,1,2.9327323854281944,0.9522058823528975
2021-11-25,190,1,3.5413650094366482,0.8910729936145246
2021-11-26,80,1,-40.26847757933343,0.8418423973362766
2021-11-26,170,-1,25.919570499127033,0.1390194075587373
2021-11-29,95,1,-6.9357627728945825,0.8072455752212563
2021-11-29,190,-1,-7.366783538864263,0.17307044152343126
2021-11-30,60,-1,-9.959890012822425,0.1760645375914695
2021-11-30,595,1,-133.05955004472474,0.9041614123581393
2021-12-01,70,1,-8.442487868982207,0.9654721911160692
2021-12-01,165,1,-35.87094526988648,0.8272229245680455
2021-12-02,85,-1,-8.21058380537436,0.13702882483371376
2021-12-02,180,-1,-26.018947250689582,0.076758711374097
2021-12-03,70,1,-30.326164422433564,0.9702626438028911
2021-12-03,205,-1,12.930327327816249,0.19969111969112419
2021-12-06,125,-1,-17.96398351400179,0.17809839167456334
2021-12-06,220,1,-36.119046290043634,0.804301557074033
2021-12-07,60,1,2.4201286241857916,0.9789120214909132
2021-12-07,140,1,67.053355253273,0.8998477598955975
2021-12-08,60,1,-19.4788449819157,0.9327564894932888
2021-12-08,145,-1,-18.144305956057803,0.17539964476020875
2021-12-09,125,1,-3.1529848062701755,0.8714733542319533
2021-12-09,250,-1,24.08863997842832,0.13105753163045733
2021-12-10,60,-1,-5.188213240134454,0.0936690114771868
2021-12-10,185,1,4.701217744150066,0.9846008799497239
2021-12-13,60,-1,4.211351902401583,0.13274745605916358
2021-12-13,145,-1,-2.2088874920274555,0.03142458100557453
2021-12-14,130,-1,-23.387978573638655,0.19034852546917772
2021-12-14,210,1,-56.21284345381188,0.8199953607051702
2021-12-15,60,1,-22.616205681442334,1.0355997434252326
2021-12-15,185,1,-44.489651507445146,0.8137079455977093
2021-12-16,60,1,29.065862004256495,0.9442678025076433
2021-12-16,140,1,-15.09410223695733,0.9402489286226772
2021-12-17,65,1,13.569196690393204,0.8267411865864203
2021-12-17,145,1,-25.388670310868154,0.8922442463748789
2021-12-20,60,-1,-5.5335034961397245,0.14001294917448276
2021-12-20,145,-1,15.275849773513217,0.12636772601942733
2021-12-21,60,1,18.55648262236982,0.8257686676427649
2021-12-21,185,-1,-8.592553412815773,0.17230142566191797
2021-12-22,60,1,13.198226876478936,0.8544984933276254
2021-12-22,190,-1,4.618569019030749,0.19759889785477217
2021-12-23,65,1,-6.345582546387218,0.9450746268656673
2021-12-23,150,-1,11.634022350647655,0.15468113975577857
2021-12-27,60,-1,-0.7354125442700529,0.1927083333332692
2021-12-27,155,-1,-8.722275682093317,0.014256619144604863
2021-12-28,60,1,-2.06607820703768,1.016602809706156
2021-12-28,155,-1,-28.004015562427973,0.054460459680463764
2021-12-29,60,1,0.10144606775326392,0.8073430714568597
2021-12-29,140,1,-3.406057344437929,0.9757261410789233
2021-12-30,60,-1,-3.8724669491881243,0.00528169014085334
2021-12-30,150,1,10.801475610953526,0.973613354873561
2022-01-03,65,1,-14.315375387052454,0.893624641833653
2022-01-03,145,-1,-11.944751869903003,0.1323519704271472
2022-01-04,65,1,-8.368682955066253,0.9076537013800906
2022-01-04,145,-1,10.419543840239198,0.17304015296363687
2022-01-05,70,-1,-22.992615045136098,0.11188004613612994
2022-01-05,170,1,-2.4634801646279842,0.9898048866233097
2022-01-06,60,1,24.7686051103861,0.802096511838082
2022-01-06,140,1,-11.546494487854764,0.9852309626060369
2022-01-07,95,1,-31.708509287362173,1.0184720129471585
2022-01-07,175,-1,24.384627994732803,0.04804856895057162
2022-01-10,80,1,12.889453432252518,0.8092011412268117
2022-01-10,170,1,-63.40360121740623,0.9143819334389858
2022-01-11,65,-1,-15.100587043015024,0.1636597938144065
2022-01-11,145,1,-10.646197371199806,0.8821059996501384
2022-01-12,60,1,-19.128407206529683,0.979370442824086
2022-01-12,200,-1,6.501633864032641,0.1635478472539141
2022-01-13,60,-1,-7.436733097560699,0.13306269733869638
2022-01-13,180,1,4.950202305312024,0.8533960292581154
2022-01-14,60,1,15.36330029267492,0.9708239820455309
2022-01-14,140,1,-10.82000862784498,0.9269966418455247
2022-01-17,70,1,18.654324766307752,0.9807476635513893
2022-01-17,150,1,12.839523199952696,0.913436692506451
2022-01-18,90,1,-4.0154648501463,0.8401915959068126
2022-01-18,175,1,-74.80836996504775,0.8593511865882668
2022-01-19,60,1,-2.93815365160448,0.9026128266033578
2022-01-19,190,1,54.60136597395012,0.9195748730964501
2022-01-20,100,1,5.1846368833023515,0.8792342462111302
2022-01-20,190,1,-35.738665620376906,0.8056668970283425
2022-01-21,85,1,25.144739079950142,0.8322437817424214
2022-01-21,170,1,6.197625518640626,0.8101258662141215
2022-01-24,65,-1,31.77472470501082,0.14379336931378142
2022-01-24,160,-1,-21.225131871233803,0.16683780630103906
2022-01-25,110,1,-51.29042903456908,0.8070222640747932
2022-01-25,210,-1,-105.61753356764974,0.11871257485030397
2022-01-26,65,1,-58.299144137135706,0.973312011371706
2022-01-26,145,-1,-102.44693863061777,0.19804648029639021
2022-01-27,70,1,-4.0586625312518,0.8378554373778966
2022-01-27,150,1,89.94511921385046,0.8244470774091722
2022-01-28,60,1,-2.8915523451629617,0.862696352957249
2022-01-28,175,1,-80.25509936939362,0.8976255816728317
2022-01-31,60,1,-26.550842223321425,0.8262538382804276
2022-01-31,145,-1,-29.171406031935508,0.10257568910982351
2022-02-01,60,1,36.17426674066544,0.817929759704223
2022-02-01,140,1,4.810078874173795,0.8239750445632884
2022-02-02,75,1,2.4823319565907114,0.8897451395185118
2022-02-02,165,1,-12.651453487320818,0.8660849772382477
2022-02-03,105,-1,-48.48208698915628,0.195640074211526
2022-02-03,300,-1,5.181818055296894,0.14581902204459177
2022-02-04,60,1,-4.535924792582069,0.8513915857604981
2022-02-04,140,-1,41.13105598648344,0.06424369747897431
2022-02-07,95,-1,-23.883135893256345,0.1190785587713873
2022-02-07,200,-1,-9.25511241865311,0.01070963867480443
2022-02-08,90,1,-13.59908979076856,0.8184516907092217
2022-02-08,210,1,-3.6128751759630258,0.8099598930481332
2022-02-09,60,-1,3.2796704419639338,0.015384615384640898
2022-02-09,140,-1,-11.954997766416442,0.035987903225804904
2022-02-10,60,1,0.7917769520852772,0.9996818326439638
2022-02-10,175,1,-28.962344052296405,0.8643267651888578
2022-02-11,125,1,45.27569121593618,0.8712033959656239
2022-02-11,435,1,28.8771011127968,0.9133504210911725
2022-02-14,60,-1,6.713663361946187,0.16696848967764313
2022-02-14,145,-1,78.92873545584251,0.11476758535583116
2022-02-15,90,1,-21.72453356783248,0.805818181818165
2022-02-15,185,1,162.70162689817664,0.9201214681806033
2022-02-16,70,-1,-4.098458566183671,0.1793606742727765
2022-02-16,185,-1,-41.57347492472723,0.16751740139210494
2022-02-17,90,1,-2.6288007670046016,1.0034901365705549
2022-02-17,170,1,-38.83540553578384,0.8890162095060895
2022-02-18,65,-1,-2.341858048071232,0.19720157411453126
2022-02-18,145,-1,-20.190155576588918,0.11920389582890645
2022-02-21,65,1,41.499929250823755,0.9322954256452775
2022-02-21,145,1,-58.13471242500272,0.823660158447628
2022-02-22,65,-1,9.905449214691453,0.06615047971722236
2022-02-22,145,-1,-35.36933175406003,0.1346572104018892
2022-02-23,60,-1,8.617580127000934,0.10673244341265167
2022-02-23,190,1,48.23939931536443,0.8144555091551616
2022-02-24,65,1,-100.51364394800326,0.822899505766068
2022-02-24,145,-1,-97.67531863141792,0.017574288700763184
2022-02-25,135,-1,50.14930022911464,0.16641394996206973
2022-02-25,220,-1,-44.625416425172084,0.1513258030922008
2022-02-28,65,1,2.9212334911403297,0.907507507507487
2022-02-28,145,1,26.271825616009227,0.8026943352020731
2022-03-01,65,1,59.45064479718139,0.8422201434361999
2022-03-01,145,1,-52.52455687801709,0.8296252927400436
2022-03-02,65,-1,92.58161603667808,0.026803185437994634
2022-03-02,145,-1,-91.07796470139999,0.020996945898780275
2022-03-03,65,1,-15.622541819377433,0.9677935130196461
2022-03-03,155,-1,25.094256267138974,0.10895386021011294
2022-03-04,60,1,11.491817576508145,0.9177958446251239
2022-03-04,190,1,-81.18833207363912,0.9981024667931603
2022-03-07,60,-1,-15.853792682005308,0.11178574185083712
2022-03-07,160,-1,-11.684655320029647,0.10567551279120459
2022-03-08,60,-1,65.72852546944102,0.02717101758123934
2022-03-08,195,1,47.21180811997168,0.9188470759929125
2022-03-09,80,1,65.61147182804467,0.8027774393957793
2022-03-09,160,1,13.776261964806702,0.9932200611248407
2022-03-10,60,1,-7.256654846717492,0.8448759439050604
2022-03-10,155,1,-55.02223282164946,0.8002157497303097
2022-03-11,60,1,64.87225769016541,0.8808338158656533
2022-03-11,140,1,-60.894843567930884,0.8594337535943373
2022-03-14,70,1,23.704812303886726,0.9432416178018589
2022-03-14,150,1,-3.2336531281258902,0.8032669800018466
2022-03-15,80,-1,16.079883709488165,0.026168733814911756
2022-03-15,170,-1,40.720545583602785,0.013985369152269384
2022-03-16,70,1,70.9348016388604,0.8452611218568336
2022-03-16,155,1,30.589912213181815,0.8239465319096896
2022-03-17,60,1,-6.292119515665817,0.8586225695075311
2022-03-17,145,1,-13.917036597262555,0.8173926475131321
2022-03-18,105,1,18.95823936312975,0.9884406983745266
2022-03-18,200,-1,-19.34604905013697,0.19418945312499308
2022-03-21,65,-1,11.562841624920672,0.009281678773259739
2022-03-21,220,-1,-16.915508348533546,0.19566535313731342
2022-03-22,65,-1,-22.96433486736098,0.15861281000065108
2022-03-22,160,1,29.552544233990965,0.8048713845193076
2022-03-23,60,1,3.1326972614169173,0.8794348842149726
2022-03-23,140,1,-19.1412465600445,0.9754145638067518
2022-03-24,90,-1,-8.338007755712296,0.16558861578271497
2022-03-24,175,-1,-28.13999835599561,0.08239980084638995
2022-03-25,60,1,-12.381654155833743,0.8338400729705003
2022-03-25,250,-1,-5.807364643339463,0.055549112837769886
2022-03-28,70,-1,-2.7161942898930476,0.058201701093595945
2022-03-28,165,1,11.797246788578919,0.8882418812989962
2022-03-29,70,-1,-28.520973248451085,0.0006892748828383243
2022-03-29,175,1,-2.2776995676694773,0.8853036624941991
2022-03-30,80,-1,-10.515407060620197,0.14484679665737984
2022-03-30,165,-1,17.822504859257695,0.18800379326695676
2022-03-31,65,-1,5.619850175114083,0.17209664848016765
2022-03-31,155,-1,-27.427425595720354,0.07019967348987965
2022-04-01,60,-1,1.2368578527825584,0.06537955243527177
2022-04-01,145,1,-10.873357317647425,0.9368261125269687
2022-04-04,60,1,16.394765741290353,0.8498269896193608
2022-04-04,145,1,-26.58323602356365,0.8271555996035473
2022-04-05,85,1,-7.971647290093298,0.8458333333334546
2022-04-05,165,-1,-29.728061480689004,0.11638769949395984
2022-04-06,60,-1,-16.653864264954564,0.1985698569857274
2022-04-06,140,1,-29.98701087163007,0.8702152414194473
2022-04-07,100,1,42.983176474667275,0.9543203849641015
2022-04-07,180,1,4.613001094391622,0.9242496426869874
2022-04-08,75,1,28.297643567150434,0.9934804413240123
2022-04-08,155,1,11.309562537463025,0.961890029531724
2022-04-11,60,-1,-34.592754896038564,0.0620232172471214
2022-04-11,140,1,25.745186603656613,0.9656126903012865
2022-04-12,60,-1,-39.315798656131705,0.15337657382673603
2022-04-12,140,1,-19.40320972865743,0.9878901960784181
2022-04-13,65,1,32.12107367711865,0.9318342434950427
2022-04-13,190,-1,-27.625003740227736,0.13234856292225664
2022-04-14,100,1,-21.868406827919173,0.9043686734150224
2022-04-14,180,-1,2.330161104056439,0.13682346990388808
2022-04-18,60,-1,-24.405854845305928,0.16724436741762458
2022-04-18,160,1,-12.536624837379984,0.9994714587737729
2022-04-19,60,1,-1.4217995576533577,0.9118892508143097
2022-04-19,145,1,-62.3014144721075,0.8614482291901684
2022-04-20,65,-1,4.290468464262354,0.17159436308370687
2022-04-20,150,-1,-33.924440177037376,0.05119806929838695
2022-04-21,75,1,-28.544034384852687,0.9473564266180621
2022-04-21,220,1,37.61330628684818,0.805447470817117
2022-04-22,60,1,-2.813679403981961,0.9490067772844373
2022-04-22,160,1,-9.544091871092775,0.8491099180559671
2022-04-25,65,-1,29.529313007328597,0.12772751463546103
2022-04-25,175,-1,-39.80216250456929,0.09361141327084618
2022-04-26,70,-1,20.69580832090785,0.0376139188069374
2022-04-26,150,-1,55.166910082575086,0.13592298598208044
2022-04-27,65,-1,-41.06287775241983,0.05620671283965464
2022-04-27,145,1,-42.554622912424776,0.8933419105821876
2022-04-28,60,1,0.03954348407426733,0.9522323904603226
2022-04-28,140,1,71.51749724080098,0.8781588447653503
2022-04-29,60,1,23.972739125002597,0.8682528409091212
2022-04-29,145,1,-24.25898302129763,0.9362866609400036
2022-05-02,70,1,-15.760370167787352,0.8356295675092531
2022-05-02,165,1,-36.74045910880124,0.8704394693200682
2022-05-03,60,-1,28.5648826708111,0.1685579196217524
2022-05-03,170,-1,-21.035823254364637,0.1950891836267935
2022-05-04,140,1,-23.939777691559126,0.9116109824677903
2022-05-04,250,1,-17.417719008682873,0.862030075187969
2022-05-05,60,1,-5.496720614838901,0.9638297872340759
2022-05-05,150,-1,43.3587507313808,0.07268970698720881
2022-05-06,70,-1,-30.52090691057345,0.10245253164557641
2022-05-06,180,-1,17.372111488196797,0.11909328683522029
2022-05-09,60,-1,-17.085677797796393,0.16057421932810811
2022-05-09,155,1,-17.88128307375807,0.8553754266211828
2022-05-10,70,1,45.57794828113955,0.8342480790340485
2022-05-10,150,1,-11.002341911133406,0.892305244977718
2022-05-11,60,1,-8.433524497147449,0.8049288061336333
2022-05-11,140,1,-52.78710326227469,0.8358929354980348
2022-05-12,60,-1,8.75042039547731,0.1983129341713522
2022-05-12,170,-1,25.786213202302747,0.14855016521014344
2022-05-13,80,1,-28.825211141923646,0.9162814586543316
2022-05-13,185,-1,-67.25764989980748,0.19687194525904483
2022-05-16,105,1,-38.518796660298044,0.8572688914461224
2022-05-16,200,-1,-60.55398931211058,0.011651756491373589
2022-05-17,70,1,2.454294126490853,0.8969090584241922
2022-05-17,160,1,33.236764915982995,0.8852658845040335
2022-05-18,105,1,-6.242615912583505,0.9573252688171899
2022-05-18,195,-1,6.129875180218969,0.033019232254560354
2022-05-19,75,-1,19.11458293307451,0.06275927462363991
2022-05-19,175,-1,83.0527167303889,0.17648403784046687
2022-05-20,60,1,-0.5982083464535656,0.8937269372693462
2022-05-20,150,-1,-57.48646091229674,0.1880260862971059
2022-05-23,95,-1,-56.3834497097067,0.14427516158818196
2022-05-23,175,1,-71.75363271147833,0.831600561979896
2022-05-24,60,-1,26.106346196862873,0.10479594876377896
2022-05-24,140,-1,5.334372838758217,0.11710037174720848
2022-05-25,60,-1,23.567898288054238,0.0781837160751359
2022-05-25,140,-1,-1.1205392678244492,0.08999687402315576
2022-05-26,60,-1,11.051897522117837,0.07648007371572725
2022-05-26,200,1,-4.811972698881162,0.8835304822565934
2022-05-27,75,1,-21.614263984752345,0.9135581061692998
2022-05-27,200,-1,-79.84142406495658,0.16785641444013377
2022-05-30,60,1,36.550689250556665,0.9694746110947805
2022-05-30,140,1,-8.644536691649485,0.9042442705808977
2022-05-31,95,1,-66.13411521568874,0.8234057463209279
2022-05-31,175,-1,-8.035738822400207,0.17485327762856268
2022-06-01,65,1,-34.520505751989994,0.8301327240021502
2022-06-01,250,-1,-25.71242220720431,0.16887816646562218
2022-06-02,75,-1,-8.39830973095439,-0.0020278491280691564
2022-06-02,170,1,25.397429920100258,0.8548700564971643
2022-06-03,60,-1,-2.137985226661909,0.07478797224355088
2022-06-03,180,-1,38.424253810959556,0.16091417910451958
2022-06-06,60,1,-16.20390251982089,0.833802816901391
2022-06-06,160,1,34.34554765832805,0.8481532147742564
2022-06-07,70,-1,2.173589422276701,0.1199140401146113
2022-06-07,195,1,8.23030689412847,0.9161966156325417
2022-06-08,60,-1,-11.338694317237374,0.05390738060787026
2022-06-08,145,1,-14.03076445383915,0.944514501891578
2022-06-09,70,1,-24.55730840685026,0.9950071326676201
2022-06-09,150,-1,-16.298872039055155,0.18910776361528572
2022-06-10,60,-1,-40.10883228117117,0.18412531064084595
2022-06-10,140,1,-43.29917299251655,0.862506902263921
2022-06-13,60,-1,35.76247037441012,0.05112431056427417
2022-06-13,140,-1,3.06119846894144,0.11749116607773274
2022-06-14,65,1,48.6573996047261,0.836397989135931
2022-06-14,145,1,-53.72563132246282,0.87890409953389
2022-06-15,60,-1,-25.63116453216234,0.1705653021442459
2022-06-15,140,1,-1.9025573790194978,0.8341901140684403
2022-06-16,60,-1,59.238692225661985,0.038944772789537424
2022-06-16,140,-1,164.18829640012328,0.04795323417923344
2022-06-17,60,1,-65.48567580739255,0.8910840932117361
2022-06-17,190,-1,-52.471420054089485,0.1718821237617583
2022-06-20,60,-1,-22.763267078058245,0.13462976813761357
2022-06-20,140,1,-11.089603804653336,0.917806594449287
2022-06-21,60,1,-30.759390748061485,0.8094186902134919
2022-06-21,145,-1,-53.78864172411695,0.08089747027797922
2022-06-22,70,1,-43.35803336637371,0.8095797825447765
2022-06-22,150,-1,61.6960426638495,0.17598270971228058
2022-06-23,80,1,-11.832699028776084,0.8557362033432586
2022-06-23,190,-1,-67.65792220215965,0.127582644628088
2022-06-24,100,1,-35.57661677483574,1.000157282164206
2022-06-24,185,-1,-21.752028582786174,0.15291532376208714
2022-06-27,75,-1,49.23131318156289,0.1282916213275323
2022-06-27,155,-1,-81.26525742822871,0.07226078334159526
2022-06-28,70,1,62.85353232631726,0.8627610353882861
2022-06-28,150,1,-44.979682540679676,0.9218726016884082
2022-06-29,65,1,-21.755269603218206,0.9382996872334842
2022-06-29,155,-1,9.335667775532253,0.09651264167392731
2022-06-30,80,-1,96.81113491500842,0.02519011406847114
2022-06-30,160,-1,-21.388744861738516,0.11868004631416837
2022-07-01,80,-1,-42.06609090477724,0.18151521023058104
2022-07-01,160,1,18.436219996321014,0.8407160194174759
2022-07-04,95,1,17.487706037660324,0.9091710758377394
2022-07-04,175,1,-28.639797061898605,0.8032609998801259
2022-07-05,60,1,4.188630795347992,0.9521257905832684
2022-07-05,140,1,-21.293954044799435,0.8804460580912753
2022-07-06,60,-1,41.429877835851684,0.15864759427831548
2022-07-06,155,-1,-78.56155555746996,0.19481585484394034
2022-07-07,60,1,3.3698287311260793,0.9560819146310934
2022-07-07,195,-1,-35.17308916694399,0.18454460548617846
2022-07-08,60,1,-11.284020359833713,0.8484447968984529
2022-07-08,150,-1,-25.55985729401926,0.19390342284199066
2022-07-11,60,-1,29.148501725230602,0.15131123206337255
2022-07-11,200,1,14.12627496141945,0.9125421323398932
2022-07-12,85,1,-7.9993004233299025,0.9676616915422167
2022-07-12,185,1,-16.824388554203694,0.839854413102839
2022-07-13,75,-1,0.38165297343724125,0.18033854166668825
2022-07-13,165,1,-25.621324757290772,0.9742255852447358
2022-07-14,65,1,-37.87142835574646,0.8383177570093838
2022-07-14,145,-1,3.0349016328971694,0.08242303872889287
2022-07-15,65,-1,-1.6897018661783831,0.03557377049181726
2022-07-15,155,-1,10.61555527097231,0.13951747088183714
2022-07-18,65,-1,-9.145505701199808,0.06909788867562268
2022-07-18,175,1,20.635984603612336,0.8331905169951411
2022-07-19,60,-1,-22.947527182648074,0.18853695324282388
2022-07-19,185,1,-30.913134521262805,0.9549845088390868
2022-07-20,65,-1,8.560887514921633,0.17255919558870325
2022-07-20,145,-1,21.78470500862879,0.14966428416720476
2022-07-21,100,1,-13.452542273771506,0.9929240374609563
2022-07-21,215,-1,3.1251888456566683,0.11239351470184415
2022-07-22,60,-1,-0.1026319233106584,0.02713704206239092
2022-07-22,170,1,-7.4070534318555925,0.9023230088495781
2022-07-25,60,-1,-8.916273486056658,0.13826366559483838
2022-07-25,185,1,2.6801287429316205,0.9075785582255058
2022-07-26,65,1,-7.082832990468901,0.8142076502732791
2022-07-26,200,1,-1.9391249716600885,0.8740216175922769
2022-07-27,60,1,-6.145075594194571,0.8105612998523185
2022-07-27,170,-1,-27.111421991221228,-0.023279942934923963
2022-07-28,60,1,4.65553150501159,0.8381265406736933
2022-07-28,140,1,-25.654100465271767,0.9406357388315555
2022-07-29,85,1,19.586108296454753,0.9060773480663391
2022-07-29,205,1,-32.96324827970003,0.8296926348347271
2022-08-01,60,1,-3.639097550227221,0.9446467589220509
2022-08-01,175,1,16.766012813745192,0.8288182175107698
2022-08-02,65,1,2.7811751400634415,0.8758716875871243
2022-08-02,185,-1,24.62622307196889,0.10480349344982039
2022-08-03,60,-1,-20.29560503992127,0.1072734344612878
2022-08-03,140,1,-22.65301187206319,0.8666467423789233
2022-08-04,70,-1,-3.132118642971848,0.054441260745004716
2022-08-04,190,1,8.43315917166838,0.9360868668820415
2022-08-05,80,-1,0.198296115641439,0.06568690095848378
2022-08-05,160,-1,2.3149784837965375,0.12287160607455713
2022-08-08,60,1,18.71448532033955,0.8942598187311702
2022-08-08,140,1,22.22211200793063,0.942880291675111
2022-08-09,65,-1,5.715359405558518,0.02723735408559131
2022-08-09,145,-1,0.6920846871420586,0.027743634767349083
2022-08-10,80,-1,19.015205092541134,0.12400290065259204
2022-08-10,210,1,52.04185161449533,0.8053830227743443
2022-08-11,60,-1,0.28455268098954745,0.04091732045865392
2022-08-11,145,1,-1.4799403902683745,0.8739337681886427
2022-08-12,120,1,-8.69656452465466,0.9688995215310516
2022-08-12,210,1,20.131945108270834,0.9722157366332316
2022-08-15,65,1,1.3299184742647356,0.8942014242115075
2022-08-15,190,-1,17.22773465774692,0.023784261715315943
2022-08-16,70,-1,1.2713928721101557,0.1133488252000198
2022-08-16,155,-1,7.022538803117939,0.17470427661510027
2022-08-17,65,1,-16.263559315013598,0.9852494577006053
2022-08-17,145,-1,23.018084461185317,0.1342097026604184
2022-08-18,60,-1,2.3808243931726207,0.054649681528677344
2022-08-18,150,-1,-0.4089386360402344,0.1299766415779902
2022-08-19,65,-1,12.700291719136958,0.03216200119123556
2022-08-19,145,-1,14.868814053437385,0.038830271544124745
2022-08-22,60,-1,18.08736599221912,0.004043286954412197
2022-08-22,155,-1,42.52627038284369,-0.0004706083682515875
2022-08-23,60,-1,51.820940521170435,0.1257167308515191
2022-08-23,140,-1,-41.6635114811799,0.016596962359672035
2022-08-24,60,1,9.836259241509504,0.8677513558614919
2022-08-24,185,1,-4.297970127006989,0.8822963630898673
2022-08-25,60,1,2.3317922230607473,0.8090604026845784
2022-08-25,140,1,-9.570623324233907,0.8947577100105232
2022-08-26,60,-1,17.695074033233073,0.12148673496194289
2022-08-26,140,-1,-9.99924121882727,0.1727927422372155
2022-08-29,105,-1,-31.08069106930693,0.023136246786617697
2022-08-29,185,1,-31.77866785921428,0.9725510204081581
2022-08-30,190,1,65.52956341704424,0.8658610271903148
2022-08-30,270,1,-14.12305046202671,0.9918946149566195
2022-08-31,110,-1,-5.154459297346969,0.09383561643832948
2022-08-31,210,-1,23.820957618397156,0.19350292196630722
2022-09-01,60,1,-20.0314570516809,0.8753340969835917
2022-09-01,140,-1,-12.081944972012915,0.012714411207200836
2022-09-02,85,-1,-15.409070220692866,0.18434122115102458
2022-09-02,170,1,-10.241599856980077,0.9140636676132116
2022-09-05,70,-1,-11.632342662215178,0.09789663461537701
2022-09-05,170,1,-36.09650670147584,0.815645845967241
2022-09-06,60,-1,-18.422719983961098,0.1332836932241195
2022-09-06,140,1,37.56084704166924,0.8146902654866923
2022-09-07,60,1,10.764610872393954,0.8553225378284918
2022-09-07,140,1,-5.987766410020123,0.8326250408630018
2022-09-08,60,1,23.614875053024466,0.9708029197080105
2022-09-08,140,1,-68.02559412842318,0.9498829039812777
2022-09-09,95,-1,13.278566130982394,0.0646802325581623
2022-09-09,195,1,9.556565087989588,0.9833393177737901
2022-09-12,65,1,-1.8066008679447516,0.8385050962627123
2022-09-12,160,1,15.047038481899433,0.9163227266675523
2022-09-13,65,-1,-38.27097729774258,0.15505617977525488
2022-09-13,145,1,-7.271096372050856,0.8962190757740777
2022-09-14,90,1,-5.534384129712455,0.8561936402468496
2022-09-14,175,1,30.2183539874616,0.8856095005239073
2022-09-15,75,-1,-9.121203113950527,0.09200635256755317
2022-09-15,190,1,-10.746551027581308,0.9323405632890843
2022-09-16,60,1,-12.429607882970695,0.8028037383178181
2022-09-16,145,1,-21.480444181912347,0.8611918604651199
2022-09-19,80,1,-22.297309153353638,0.8791906949466617
2022-09-19,185,-1,-7.788068006612958,0.17161815714071943
2022-09-20,90,1,-19.36560506240763,0.96759500260272
2022-09-20,190,1,-69.36673017929623,0.8438438438438584
2022-09-21,65,1,-13.774325458269665,0.8227424749164209
2022-09-21,150,-1,-16.951956428905167,0.13647058823530758
2022-09-22,70,1,9.473030986760067,0.8403024911032062
2022-09-22,150,1,14.045162766834052,0.9447540586382207
2022-09-23,70,1,3.737034835174358,0.8820568927789683
2022-09-23,160,1,-29.269083555025375,0.87253886010364
2022-09-26,60,-1,32.53212259318224,0.10774554165554688
2022-09-26,140,-1,-123.69353740018423,0.18958592992660753
2022-09-27,65,1,48.08027621994877,0.8131441374159689
2022-09-27,145,1,32.03462182748181,0.9890795241077096
2022-09-28,70,-1,-27.68500973292469,0.04556523174709055
2022-09-28,180,-1,-5.2618574718406474,0.05463231183614427
2022-09-29,75,-1,81.5048281552881,0.16114790286974434
2022-09-29,155,-1,51.382799912819536,0.11549740246207899
2022-09-30,65,1,21.964190629995397,0.8621982657605064
2022-09-30,145,1,76.87329480155198,0.8285495598928397
2022-10-03,70,-1,-28.086118944107994,0.12028949338656711
2022-10-03,245,-1,-3.6269696141096204,0.09504463370544358
2022-10-04,75,1,-4.913708189820554,0.9743064037689783
2022-10-04,155,1,48.06005638077023,0.8180794653882504
2022-10-05,60,-1,-6.734234347034063,0.15273775216135912
2022-10-05,160,1,-13.099614474749322,0.8612877583465898
2022-10-06,60,1,-18.03885269616128,0.9523587108827444
2022-10-06,140,-1,12.81403014215794,0.07286423316553678
2022-10-07,60,-1,-2.496112157372598,0.09316965690906218
2022-10-07,140,-1,10.755538165610323,0.19964258360989773
2022-10-10,65,1,-5.916868301992384,0.8106540084388203
2022-10-10,155,-1,-32.289448938478,0.062558182833738
2022-10-11,65,-1,-19.236606615699746,0.1562499999999964
2022-10-11,150,1,-32.445990406230905,0.8149643705463208
2022-10-12,110,1,-13.638131814389265,0.9424352187238592
2022-10-12,330,1,-46.37665770859294,0.9584465881433326
2022-10-13,65,-1,0.010063096835111529,0.039151712887405425
2022-10-13,150,-1,-17.639428178286163,0.13472969148033478
2022-10-14,75,-1,-16.595421506182138,0.1782677165354285
2022-10-14,165,1,-61.52854031558923,0.9673840078973347
2022-10-17,65,1,48.31045694874843,0.9272989889263271
2022-10-17,150,1,15.401508585315815,0.8048610032613823
2022-10-18,120,-1,20.62767752501178,0.17481344362815346
2022-10-18,200,-1,-32.24600743198152,0.1267646813131674
2022-10-19,60,-1,24.36903439209366,0.14339771383520522
2022-10-19,145,-1,42.32837080186997,0.0717339032861217
2022-10-20,70,1,-15.726449293774358,0.8723532242540847
2022-10-20,220,-1,-27.407489160355556,0.10878447395301118
2022-10-21,80,-1,-9.677271533274512,0.11877729257646251
2022-10-21,165,1,-20.33663407923285,0.9117723831897441
2022-10-24,80,-1,-14.665140073665972,0.15116509527449862
2022-10-24,175,-1,47.94797686340209,0.14509309593213257
2022-10-25,70,-1,-24.873035415266685,0.01065509076553415
2022-10-25,150,1,-27.57581197443919,0.9815771736688443
2022-10-26,70,-1,1.749163675425614,0.07079380928605188
2022-10-26,200,1,30.896699740432922,0.9461037502806777
2022-10-27,60,1,-6.172404362687223,0.8144712430426725
2022-10-27,145,-1,35.573352851695894,0.14099468855625627
2022-10-28,70,-1,26.422711434417725,0.08858357867191374
2022-10-28,170,-1,16.975041520572013,0.005952380952363229
2022-10-31,60,-1,13.419638947167867,0.17605633802818585
2022-10-31,140,-1,-9.276617196187376,0.03905716835527786
2022-11-01,70,1,31.670248583719875,0.9222752385736198
2022-11-01,150,1,-17.3375753118417,0.8946919936090768
2022-11-02,80,1,-15.53369612911042,0.809976525821536
2022-11-02,160,-1,-2.784995777637844,0.011417154274286646
2022-11-03,80,1,-29.08693042264003,0.9172845020097892
2022-11-03,205,-1,30.170280406773124,0.0741859684457885
2022-11-04,60,1,10.023199601850008,0.8535815877941492
2022-11-04,140,1,0.45425156256757615,0.8623486587006322
2022-11-07,60,-1,3.8120449515192782,0.09939695302580727
2022-11-07,140,-1,-63.573612573463876,0.08946621360057913
2022-11-08,95,1,-17.696152713812683,0.9205948625506721
2022-11-08,180,-1,-17.21882634192,0.150111672740055
2022-11-09,65,-1,-26.663267988080317,0.062032944957808304
2022-11-09,185,1,-58.18995903292339,0.8657636618402457
2022-11-10,80,-1,29.608357283222155,0.1462668298653798
2022-11-10,160,-1,-19.189450796004024,0.18036386449182368
2022-11-11,60,1,-2.1718526568410996,0.9686713506711481
2022-11-11,160,1,21.825457261000338,0.8914429129153085
2022-11-14,60,-1,-36.12519545000263,0.008175923315451352
2022-11-14,140,1,-7.882561168449254,0.8815338963706836
2022-11-15,70,1,19.97780698397107,0.8966080915406401
2022-11-15,150,1,-8.976213860694848,0.8532992762877514
2022-11-16,60,1,-7.719708420112648,0.916567880327401
2022-11-16,140,1,10.459382030450337,0.8126047513900375
2022-11-17,65,1,14.096486953801124,0.8838948643065648
2022-11-17,155,1,-20.037612236922396,0.9464569820095463
2022-11-18,70,-1,-8.113983124011392,0.10327788990190066
2022-11-18,200,-1,-85.03523708049481,0.04111610216728134
2022-11-21,60,1,-9.12198159988069,0.8990384615384405
2022-11-21,165,-1,10.013149219224982,0.16410256410257074
2022-11-22,60,-1,6.458631586119656,0.05320033250203088
2022-11-22,140,-1,19.901798341306744,0.07472583524611631
2022-11-23,60,1,-7.697963255250562,0.9293577981651413
2022-11-23,150,1,5.3367200520719305,0.8928479657387423
2022-11-24,60,-1,-4.440578811228546,0.06490649064910674
2022-11-24,140,1,-5.3816814506264965,0.8689737729893794
2022-11-25,60,-1,-0.8024189250051436,0.15819433412757417
2022-11-25,165,1,-26.421881700381,0.8259496447056479
2022-11-28,95,1,6.88033822351648,0.8308191174397513
2022-11-28,190,1,-4.368431546309548,0.9478767997083901
2022-11-29,60,1,8.347096066235027,0.8770959377700698
2022-11-29,140,1,5.080299087836648,0.9095462794918238
2022-11-30,60,-1,-10.461394311882133,-0.013647995450734028
2022-11-30,195,1,19.71647098682401,0.8828776978416827
2022-12-01,110,-1,4.779276345724792,0.18882882882882096
2022-12-01,190,-1,28.91688219551143,0.13054587688731883
2022-12-02,65,1,1.79118113744754,0.8885672937770691
2022-12-02,160,1,4.072228336489525,0.8316918576304444
2022-12-05,60,1,-26.103788341032704,0.9605009633911546
2022-12-05,145,-1,-8.585868428989274,0.15235093249275852
2022-12-06,75,-1,-1.9776648844489926,0.09308113489293021
2022-12-06,185,1,19.147400920754134,0.8475927629561627
2022-12-07,65,-1,10.105466087463721,0.02589285714285221
2022-12-07,175,-1,-1.736458438871979,0.12748024582969128
2022-12-08,60,1,17.01424586026108,0.8755338621110966
2022-12-08,140,1,10.034402433512346,0.99271844660193
2022-12-09,75,1,19.636596985739676,0.8442776735458337
2022-12-09,155,1,-26.214866645832434,0.9437531110004928
2022-12-12,85,-1,-14.230852315874776,0.06161137440762652
2022-12-12,165,1,-5.508929237438442,0.9362297496317495
2022-12-13,60,1,5.09593187503028,0.880264741275584
2022-12-13,150,1,-6.126512189663247,0.81817725080387
2022-12-14,60,-1,7.09155893442488,0.19413919413917266
2022-12-14,140,-1,15.85737920079695,0.0844494047619178
2022-12-15,60,1,-29.546786854706838,0.829219143576843
2022-12-15,140,-1,68.00273415964604,0.016406412658765038
2022-12-16,60,1,6.533912991546886,0.9774131274131493
2022-12-16,155,-1,92.90812468658633,0.14255793226379998
2022-12-19,90,1,-2.460380893139646,0.8033657036009245
2022-12-19,185,1,28.158696283789155,0.8259454284346762
2022-12-20,100,1,16.85107122338532,0.890225235075472
2022-12-20,195,1,40.26537830600403,0.999697469746963
2022-12-21,85,1,-2.473798286456041,0.9718184514980626
2022-12-21,165,1,3.886011187297767,0.811314889648694
2022-12-22,95,-1,2.8695382660741235,0.11769480519486704
2022-12-22,180,-1,-4.762764004779418,0.06443618339527249
2022-12-23,60,-1,-6.887167679780637,0.13623354321699255
2022-12-23,190,-1,5.208172001720923,0.1376228775692291
2022-12-26,1095,1,16.12973554506332,0.8655761024182442
2022-12-26,1175,1,11.745175268083452,0.807310908030301
2022-12-27,65,-1,6.22539836699616,0.004247787610680268
2022-12-27,190,1,-36.70072808233686,0.9190526687875882
2022-12-28,65,-1,-24.233751864119622,0.17855310415603368
2022-12-28,145,1,0.48521059298241054,0.8387489351345013
2022-12-29,75,1,1.5697298268139819,0.8705701078583569
2022-12-29,170,1,19.195614052023704,0.8817738135308193
2022-12-30,70,-1,10.99626549334638,0.04916940114851836
2022-12-30,150,-1,-12.842536037144958,0.008236700151817017
2023-01-02,1085,-1,61.19648008690844,0.02584459459460534
2023-01-02,1165,-1,56.74715722152208,0.07127753303965115
2023-01-03,60,1,-11.554864081674987,0.8068454078721922
2023-01-03,165,1,59.91239235542607,0.9239684329199662
2023-01-04,100,-1,-18.371981966666826,0.17577068685774574
2023-01-04,180,1,11.328239465729206,0.8576680672268886
2023-01-05,75,1,-28.35101081480955,0.9464902186421038
2023-01-05,155,-1,8.657633608603454,0.1558250282291731
2023-01-06,85,-1,15.725814772758318,0.19282511210764133
2023-01-06,165,-1,0.8108452676451442,0.048050579557405444
2023-01-09,75,-1,3.1001746928353673,0.13648116919617834
2023-01-09,160,-1,3.0205878689952397,0.039929683576096366
2023-01-10,65,1,-9.074677848884427,0.9880260006842159
2023-01-10,165,1,0.014698090325238389,0.9054837783519585
2023-01-11,105,-1,21.57753326345753,0.16824395373294712
2023-01-11,215,-1,-51.672605591257124,0.05670622596103526
2023-01-12,60,-1,16.831237897989972,0.11289473684212284
2023-01-12,150,-1,2.903088115058639,0.1604133031966603
2023-01-13,60,1,11.71009890994319,0.8636763412488142
2023-01-13,140,1,5.380595023494594,0.9390990990990807
2023-01-16,60,-1,17.14561013428857,0.09069069069069588
2023-01-16,140,-1,19.003310844079426,0.05999495840683628
2023-01-17,65,1,3.2589671833331395,0.815740162398458
2023-01-17,185,1,6.374401712792421,0.880198397558141
2023-01-18,85,1,5.205555943750673,0.9579537491241343
2023-01-18,165,-1,2.607877787506441,0.18629114353579584
2023-01-19,65,-1,16.59272779712824,0.19458837075422353
2023-01-19,195,1,-37.84251367486906,0.9945317044793631
2023-01-20,60,1,3.31929498462098,0.8223107569721361
2023-01-20,140,1,-16.532828067139114,0.9698672114402376
2023-01-23,110,1,2.5181927279497978,0.9183381088825581
2023-01-23,190,1,-28.760047521033272,0.9891761876127304
2023-01-24,65,-1,-0.9209585063292721,0.06902552204178647
2023-01-24,165,-1,-2.9558773411682444,0.0722092115534858
2023-01-25,60,1,9.10967027671723,0.872881355932279
2023-01-25,140,1,-8.20761453778145,0.9497316071992823
2023-01-26,60,1,-2.899440615421067,0.9221281741233076
2023-01-26,200,1,-24.963644343650323,0.8715961041542597
2023-01-27,60,1,-18.170224769397823,0.8407506702413617
2023-01-27,175,1,-15.326719319855453,0.9364058592354173
2023-01-30,105,-1,18.151758041444047,0.18234387047030848
2023-01-30,185,-1,11.169844774288462,0.06949236076884564
2023-01-31,60,-1,-3.246241727267884,0.12945670628180553
2023-01-31,170,1,-39.72835856588434,1.0047774158523597
2023-02-01,95,1,10.489806684781788,0.8505003849115373
2023-02-01,175,1,1.3250083205544443,0.8773613193402995
2023-02-02,75,-1,0.36315690113015753,0.1513399894902457
2023-02-02,155,-1,-61.218937953208695,0.1172183419374597
2023-02-03,65,1,-13.913664534097192,0.8546269612552316
2023-02-03,150,-1,27.80880079276167,0.0036348086380174854
2023-02-06,60,1,-15.845250062512406,0.9552377991917779
2023-02-06,195,1,-40.39090585814269,0.8320889594916473
2023-02-07,110,-1,7.968544684608236,0.11972299906772402
2023-02-07,190,-1,-61.48578684156151,0.14301785965405694
2023-02-08,60,1,-28.754645830718225,0.8752948677079961
2023-02-08,190,-1,-6.305251886944019,0.12653778558874246
2023-02-09,110,1,19.67112783545928,0.9268224036025918
2023-02-09,190,1,15.97365542532354,0.944402993511049
2023-02-10,60,1,8.297327266833365,0.9402041269137172
2023-02-10,155,1,15.83978879220056,0.9018070235254276
2023-02-13,60,1,11.000813129678333,0.8525149190111144
2023-02-13,140,1,7.223283733131369,0.9415010521393411
2023-02-14,65,-1,-13.572265574359355,0.08374558303888624
2023-02-14,150,1,-13.024609011139265,0.9167384819357375
2023-02-15,65,-1,-2.2134382974022144,0.1130856219709965
2023-02-15,185,-1,-31.290252232218528,0.07350537421369835
2023-02-16,65,-1,7.915796579364542,0.12624330527924046
2023-02-16,185,-1,1.3388038147003738,0.19190790209009453
2023-02-17,80,-1,-9.24534858887509,0.15023572551075803
2023-02-17,160,1,-40.4424863484361,0.9548694804861727
2023-02-20,60,1,-5.981770552179899,0.8356702187324564
2023-02-20,145,-1,8.920299166216683,0.12761811982459317
2023-02-21,130,-1,20.718544120533046,0.07249417249415488
2023-02-21,210,-1,16.463875336492475,0.09145517344946887
2023-02-22,90,-1,-22.020414904952588,0.015384615384661406
2023-02-22,170,1,-23.90843523145185,0.8667830133798781
2023-02-23,60,-1,-0.24371397452886934,0.1954751131222015
2023-02-23,145,-1,-25.1032089075061,0.19123794212217107
2023-02-24,60,-1,11.157468483054389,0.15300829875520963
2023-02-24,145,-1,6.113698100976128,0.10735899297992649
2023-02-27,60,-1,-12.999702803197666,0.18152890958478093
2023-02-27,140,1,18.792155354341713,0.9359211793466334
2023-02-28,60,-1,11.315787433992375,0.15320707521887458
2023-02-28,140,-1,29.30441073817054,0.16520249737553208
2023-03-01,75,1,18.865027986536955,0.9295272078501373
2023-03-01,165,1,-0.9148896228135414,0.8932208321210194
2023-03-02,65,-1,10.5730077670378,0.12992211951378624
2023-03-02,145,-1,10.069419206435848,0.19883016327219066
2023-03-03,80,-1,0.7172031892059397,0.07568438003210022
2023-03-03,180,-1,-54.358361575514586,0.14094258130081092
2023-03-06,85,-1,-12.39735113294853,0.10848287112560388
2023-03-06,165,1,-13.429306454525047,0.9364604125083205
2023-03-07,60,-1,14.904058323376557,0.19212903225801006
2023-03-07,170,-1,-26.579810517859002,0.17183770883053304
2023-03-08,60,-1,-1.678290306481189,0.024751243781159796
2023-03-08,190,1,-12.76239540151729,0.9887133182843946
2023-03-09,80,1,-17.081176968106334,0.9001793185893643
2023-03-09,170,-1,24.458606921041028,0.17838939857288305
2023-03-10,90,-1,-29.21262396994044,0.14518991835286243
2023-03-10,230,1,11.024554223162797,0.801412066752254
2023-03-13,80,1,-5.715705205418686,0.9408409291384706
2023-03-13,170,1,-58.411272385157794,0.8464791391353652
2023-03-14,80,-1,19.598330268956587,0.09272061813748034
2023-03-14,185,1,-18.904030931124623,0.8260748959778182
2023-03-15,90,-1,-22.406211327398882,0.04943639291469275
2023-03-15,175,1,-18.460321473721827,0.9166079398637311
2023-03-16,60,1,-14.691854446882857,0.8826875919568468
2023-03-16,140,-1,3.2893372861024344,0.05300859598854966
2023-03-17,60,1,-4.003609610334236,0.9359580052492864
2023-03-17,170,1,0.7441949917756489,0.8551857585139254
2023-03-20,145,-1,49.60513663653394,0.10418045112781779
2023-03-20,260,-1,-105.27623937478486,0.003628925837959136
2023-03-21,60,1,0.7140111650975726,0.8971088435374911
2023-03-21,160,1,17.054908881002763,0.9144963144963267
2023-03-22,75,-1,-1.1142179364616474,0.037811745776440316
2023-03-22,185,-1,41.85997320838615,0.10953436807092794
2023-03-23,60,1,6.776667964057248,0.8445312499999427
2023-03-23,145,1,8.256950713910038,0.9347285410979652
2023-03-24,65,1,6.2217536071544455,0.9668861712136426
2023-03-24,190,-1,-13.440473623717741,0.18141197497766454
2023-03-27,155,-1,65.35724326411625,0.18751477890754617
2023-03-27,235,-1,-34.54066238598856,0.12743083003951763
2023-03-28,60,-1,-13.295156697450006,0.18865143699333423
2023-03-28,145,1,-15.98259994994815,0.821571238348854
2023-03-29,60,1,18.91248958282117,0.8355501813785247
2023-03-29,150,1,22.756159290100843,0.8184900542495397
2023-03-30,60,1,22.637633824127825,0.8076877587226443
2023-03-30,150,1,13.696554321612053,0.8935860058309305
2023-03-31,65,-1,16.61135195396386,0.06349206349215357
2023-03-31,145,-1,3.7929467698476054,0.03817504655492205
2023-04-03,95,1,-5.841327946544839,0.9337390128465431
2023-04-03,180,1,-9.531731056558623,0.9887201735357819
2023-04-04,80,-1,-4.0204905741854535,0.14621284755517766
2023-04-04,175,1,-5.516764645349825,0.8471428571428987
2023-04-05,95,-1,-11.264145699025496,0.09797023004061271
2023-04-05,175,1,-23.441441241766768,0.8009932600212671
2023-04-06,65,-1,-16.926071097435756,0.08349705304522
2023-04-06,145,1,25.057171990397322,0.8634294385432272
2023-04-07,65,-1,-3.1904055126137805,0.08768971332216037
2023-04-07,145,1,-4.217864710109476,0.8506056527590123
2023-04-10,80,-1,6.08837610646269,0.14631438721146559
2023-04-10,180,-1,-24.31444537915177,0.07555347311701559
2023-04-11,60,-1,-16.880666517986185,0.03405909797823344
2023-04-11,140,1,3.7970760013110287,0.8200416088766066
2023-04-12,75,-1,16.05427181978798,0.1730368311327229
2023-04-12,155,-1,-4.177596442848808,0.1654755360088034
2023-04-13,70,1,-3.990349234512402,0.8634020618557076
2023-04-13,155,1,0.9886171757171439,0.8691262135922726
2023-04-14,60,-1,-0.7666966415694084,0.1322207958922387
2023-04-14,170,-1,-13.52732936134653,0.028714733542352197
2023-04-17,65,1,1.7475629478584502,0.9391408114558286
2023-04-17,175,1,-1.0627023122129926,0.8824773413897575
2023-04-18,75,1,14.889924343875327,0.8541549953313184
2023-04-18,210,1,39.30426274319871,0.8076049382716183
2023-04-19,60,-1,22.879948885129856,0.12578616352202984
2023-04-19,140,-1,-2.4185338245237715,0.07658959537570659
2023-04-20,65,-1,-3.1390767040458285,0.16091954022983357
2023-04-20,195,-1,41.406730099669396,0.15370171673819052
2023-04-21,60,-1,1.4536541581715139,0.15218702865761657
2023-04-21,155,-1,17.556754124794917,0.027488855869234018
2023-04-24,65,-1,13.018117098472626,0.04488124488129742
2023-04-24,195,-1,-10.877812208065096,0.1670545642616787
2023-04-25,70,-1,-3.3437983066116224,0.09109792284872767
2023-04-25,155,1,-19.762627762219417,0.9679300291545259
2023-04-26,65,1,-4.84263574567283,0.9716652858325964
2023-04-26,185,-1,2.8436913580313754,0.05798622499180196
2023-04-27,60,1,10.226117893122177,0.9744318181818618
2023-04-27,140,1,13.203398261836652,0.9730087324688949
2023-04-28,70,-1,-10.17058927656982,0.17004662004668997
2023-04-28,155,-1,3.1196382482294287,0.17126309983455346
2023-05-01,70,-1,-6.558439904153657,0.10904584882290608
2023-05-01,155,1,-4.567261262781885,0.8370582617001596
2023-05-02,70,1,3.1525001702541027,0.9427710843373358
2023-05-02,155,1,-0.6629291042643978,0.8451156205756969
2023-05-03,65,1,-6.3972921502005065,0.8446943078003702
2023-05-03,185,1,-8.329177186419834,0.8972303206997142
2023-05-04,70,1,-23.959251326105147,0.8569930069930037
2023-05-04,155,-1,-9.47880100730285,0.13083589600224305
2023-05-05,85,1,-7.285246932328837,0.8078947368422293
2023-05-05,180,1,-8.95035842872498,0.8377997179125221
2023-05-08,75,1,0.6189902802681949,0.8548123980422367
2023-05-08,190,1,-16.18770820181652,0.9437386569872742
2023-05-09,65,-1,4.912439646352196,-0.007247689798869711
2023-05-09,150,-1,6.556963850701658,0.09199708606514514
2023-05-10,95,-1,-9.709436286064621,0.08256227758006242
2023-05-10,175,1,-52.99025541601403,0.9413982460453942
2023-05-11,100,1,-11.80155630869777,0.9450434782609037
2023-05-11,180,-1,-25.35244773180971,0.06190476190470704
2023-05-12,60,1,-15.51563948202177,0.9585330277141872
2023-05-12,140,-1,-3.6794588877926855,0.14918190567852954
2023-05-15,60,1,19.278213822744707,0.8266796494645496
2023-05-15,140,1,11.094606448938515,0.8594053903862316
2023-05-16,65,-1,4.041644590946758,0.06523630037701642
2023-05-16,195,1,14.741873534088024,0.8869900771774649
2023-05-17,65,1,-11.752882432209555,0.9075418994413258
2023-05-17,145,-1,9.380661484399822,0.007155484468316152
2023-05-18,85,-1,1.4631149558856476,0.08709677419350044
2023-05-18,170,-1,-20.686296061917673,0.14401679496145692
2023-05-19,65,-1,3.2579053630936277,0.11446317657505085
2023-05-19,175,-1,-1.303916492556167,0.054029511918269685
2023-05-22,95,-1,3.6745149730825326,0.09751655629138167
2023-05-22,175,-1,-5.205209681975065,0.01164259927796988
2023-05-23,80,1,-6.011979927411248,0.8180088776157747
2023-05-23,160,-1,6.990501690880402,0.12263581488934608
2023-05-24,75,1,-20.478681279509512,0.928489042675997
2023-05-24,160,-1,16.90215317065742,0.15964240102171284
2023-05-25,60,-1,-5.67416632805311,0.08913267055185842
2023-05-25,140,1,1.7906603782695378,0.8108830548926138
2023-05-26,65,1,14.298455634445384,0.8486597938144724
2023-05-26,145,1,-24.780070382394868,0.9651234567901151
2023-05-29,60,1,13.419210206849064,0.9004048582996335
2023-05-29,145,1,-5.054137413372395,0.9181129308238041
2023-05-30,85,-1,-9.202707079849093,0.1825396825397221
2023-05-30,190,1,44.19393668579503,0.8285536159600994
2023-05-31,60,-1,24.341717333344185,0.020972699331040772
2023-05-31,145,-1,-18.277603528297924,0.11142572283150107
2023-06-01,70,1,4.132150521558975,0.9567031232382424
2023-06-01,150,1,5.875910482094193,0.8249572649572998
2023-06-02,80,1,-0.37789551028137824,0.8390160740379699
2023-06-02,165,1,-1.641628074107881,0.924553058881408
2023-06-05,100,1,1.4136658966749764,0.903277745830904
2023-06-05,180,1,0.9704126934399596,0.9211779991338372
2023-06-06,60,-1,5.1519456230812555,0.13049546406133922
2023-06-06,160,-1,-16.84982298739439,0.18765972982838727
2023-06-07,70,-1,0.8152215851402026,0.08586065573767616
2023-06-07,155,-1,22.940698085559944,0.14701803051310477
2023-06-08,70,-1,-0.5614772897284844,0.19057547956629659
2023-06-08,165,-1,-18.869906587921246,0.16413551401870122
2023-06-09,60,-1,-5.581970584957618,0.08264462809917107
2023-06-09,185,-1,3.559679270126859,0.12950000000000728
2023-06-12,65,1,12.039774645900403,0.9670525378449853
2023-06-12,145,1,0.053529124551099705,0.9895331549212322
2023-06-13,80,-1,-22.52941897003384,0.01803833145432244
2023-06-13,175,1,-5.623042681901103,0.8437290033595012
2023-06-14,60,1,-4.573824630516743,0.802904564315227
2023-06-14,145,-1,-32.10477161514862,0.1811436054124689
2023-06-15,65,-1,11.466659257232514,0.007520435967347506
2023-06-15,150,-1,-1.2481187024278468,0.15696730813815774
2023-06-16,70,-1,-23.954010454707173,0.09410112359551728
2023-06-16,150,1,-10.602946565129878,0.853975535168206
2023-06-19,90,1,5.869218950085697,0.857677902621754
2023-06-19,190,1,-8.9010707786648,0.9082398452611468
2023-06-20,60,-1,4.649619926047466,0.12657004830905946
2023-06-20,140,1,0.908612817936261,1.0079020150138573
2023-06-21,60,1,-14.881430212368585,0.9024745269286688
2023-06-21,165,-1,0.36962304487948605,0.15481499632441512
2023-06-22,60,-1,21.307798337790018,0.18218018914891224
2023-06-22,185,-1,-15.832589886559267,0.12687871373646106
2023-06-23,65,-1,-8.502753070806657,0.17082533589251786
2023-06-23,190,1,-25.772146059129405,0.8981281905842163
2023-06-26,65,-1,8.478293604029918,0.17460521247919697
2023-06-26,145,-1,37.07936170682253,0.16779021167590422
2023-06-27,75,1,13.83356788939678,0.9662938105891632
2023-06-27,155,1,-6.969522096425695,0.9948705540769529
2023-06-28,105,1,-7.992507338964883,0.9897148200092963
2023-06-28,185,-1,2.3284379645609037,0.1844522968197696
2023-06-29,60,-1,0.943113495961834,0.18939393939394386
2023-06-29,140,-1,13.177404260767256,0.16558628637280148
2023-06-30,60,1,5.7912476947312275,0.8154205607476611
2023-06-30,175,-1,-17.852698476503324,0.11071101617329708
2023-07-03,75,-1,-2.5069835376774647,0.13265306122439746
2023-07-03,210,1,18.670182839375784,0.8443861948449233
2023-07-04,1115,-1,2.3851596946693037,0.11561866125754063
2023-07-04,1215,-1,-11.627332598593432,0.04455958549223311
2023-07-05,65,-1,11.540977267020924,0.1273722627737489
2023-07-05,145,-1,9.263360829826883,0.07447216890593421
2023-07-06,85,1,-3.4123432747497513,0.8158422041327641
2023-07-06,190,-1,-8.641646122633118,0.1760674749604692
2023-07-07,60,-1,4.958765717083935,0.12353471596039517
2023-07-07,155,-1,22.43398468228004,0.12124948623102082
2023-07-10,70,1,-39.74345271629391,0.849476541295096
2023-07-10,150,-1,-18.179973860694297,0.14313891236968043
2023-07-11,65,1,15.210376689016991,1.0299586776858518
2023-07-11,145,1,-11.423743871564351,0.9960510838514514
2023-07-12,70,-1,-2.5272563037966207,0.17775015537604452
2023-07-12,170,-1,-12.513186726987469,0.060590094836652404
2023-07-13,60,-1,-9.34103210247188,0.025920873124166164
2023-07-13,220,1,12.690996923614817,0.8391748003549243
2023-07-14,70,-1,-3.3324743220726645,0.03574702108169039
2023-07-14,150,-1,4.464609720347523,0.10480656506440211
2023-07-17,60,1,-1.6105206724699612,0.8986272439282795
2023-07-17,160,1,19.31952524240095,0.8783342712436574
2023-07-18,70,1,2.150387853421654,1.0089858793324413
2023-07-18,205,1,1.377826602518129,0.8221588207322877
2023-07-19,60,-1,-14.896445369223121,0.04172876304007039
2023-07-19,140,1,-4.849708544721487,0.9029345372460521
2023-07-20,65,1,-10.13242246149253,0.919354838709568
2023-07-20,145,-1,16.82272426769034,0.12252467050800346
2023-07-21,70,-1,-8.367001493958126,0.177845683727998
2023-07-21,150,1,13.618090904142077,0.9720330237358393
2023-07-24,60,1,-9.913763237670725,0.921492921492968
2023-07-24,145,1,11.20975242526785,0.9081560283688501
2023-07-25,60,-1,-10.471321039093473,0.07477360931430174
2023-07-25,140,1,2.5996781069874246,0.9165591397849243
2023-07-26,60,-1,-0.7733043855080887,0.11435149654640882
2023-07-26,140,1,9.788138338682595,0.8520949015648613
2023-07-27,100,-1,-12.174977109020313,0.16809506661870402
2023-07-27,195,1,41.8805261243675,0.8673123486683113
2023-07-28,60,1,16.784379952956964,0.9278701936187501
2023-07-28,140,1,33.151649684993025,0.8617594254937067
2023-07-31,75,1,19.968374157635484,0.8508522727272828
2023-07-31,155,1,-16.606014414200665,0.916238339996166
2023-08-01,70,-1,6.299390057331999,-0.020833333333272325
2023-08-01,150,-1,5.885364300666618,0.10764356435646562
2023-08-02,65,-1,4.212176003762069,0.16094986807393005
2023-08-02,145,-1,9.650865276414189,0.03572871572869805
2023-08-03,60,-1,-3.819144618814762,0.09609079445141638
2023-08-03,165,-1,65.42838160585136,0.19490926231440914
2023-08-04,65,-1,-18.960794154063308,0.03376205787781797
2023-08-04,145,1,-28.56840018709854,0.8088646967340545
2023-08-07,90,1,-13.830417054832722,0.8260616637580167
2023-08-07,190,1,-12.399037734434781,1.0016729401923865
2023-08-08,95,-1,15.21361310589815,0.12960745176315605
2023-08-08,175,-1,-9.84000750607188,0.1537767756482447
2023-08-09,60,1,7.239419903360256,0.9657293497364339
2023-08-09,165,1,4.405194101442644,0.8698910081743995
2023-08-10,60,-1,-13.68053230865045,0.033159947984411235
2023-08-10,140,1,24.779722659292027,0.8781908990010785
2023-08-11,75,-1,-14.157778086445072,0.08874598070734818
2023-08-11,155,1,4.2646663862670575,0.8630393996247886
2023-08-14,90,1,1.8996245479656175,0.9887025721188252
2023-08-14,170,1,66.83336822049841,0.8227181544633939
2023-08-15,65,-1,5.858334088133921,0.12012728719174648
2023-08-15,155,-1,54.07915783957203,0.14467944481159156
2023-08-16,125,-1,-21.345767960147686,0.05092431112664605
2023-08-16,205,1,13.881276343759419,0.9296046287367381
2023-08-17,60,-1,7.399573027167383,0.1030245746692016
2023-08-17,150,1,-1.1178844027322383,0.8890645586297852
2023-08-18,70,-1,-11.031115996977414,0.12052117263840045
2023-08-18,150,1,-23.24902338818839,0.8765020026702066
2023-08-21,60,-1,18.76134968360739,0.1646213377557187
2023-08-21,185,1,38.542825741772326,0.8050829657635145
2023-08-22,60,-1,-20.248790984584584,0.0909690177983528
2023-08-22,140,1,18.449190351328816,1.0032952548330325
2023-08-23,75,1,9.157859437840932,0.8472000000000116
2023-08-23,160,1,19.439933033547476,0.8329325317301162
2023-08-24,60,1,-9.018526481010136,0.9228375855631821
2023-08-24,140,-1,-7.604837108356621,0.17187035385075208
2023-08-25,65,1,-1.413246030253656,0.8575737704917717
2023-08-25,150,-1,-18.116444414537234,0.026050063640203038
2023-08-28,60,1,9.948721130195581,0.9763224181360834
2023-08-28,140,1,5.106313917764682,0.8144584936778408
2023-08-29,70,1,2.3256830770694408,0.9571428571428441
2023-08-29,210,1,-28.710893109918523,0.9680232558139615
2023-08-30,60,-1,12.547974896592162,-0.0030606238963908493
2023-08-30,140,-1,21.07417827613074,0.03843117908236605
2023-08-31,60,-1,6.6522030473296745,0.03442768411704153
2023-08-31,180,-1,-17.195671881566497,0.11287254280277735
2023-09-01,65,-1,8.721053395935163,0.12470023980803789
2023-09-01,145,-1,-15.543186111641338,0.07514333895444125
2023-09-04,65,-1,-9.66238382588318,0.04687499999995004
2023-09-04,150,1,6.486647191870487,0.9288722508188811
2023-09-05,60,1,-6.367585764020678,0.833610341643611
2023-09-05,140,-1,8.89616822677004,0.1481294236602727
2023-09-06,95,1,-10.655703491853785,0.8935672514619638
2023-09-06,175,-1,5.554509024811427,0.1902852049911025
2023-09-07,60,-1,14.242736591722327,0.0992058643860603
2023-09-07,140,-1,12.359092338804345,0.09151009046625072
2023-09-08,60,-1,-35.49788260246394,0.12686567164185308
2023-09-08,140,1,-21.459509898812,0.843278904832587
2023-09-11,60,1,14.1114783248812,0.9574266792810037
2023-09-11,145,1,24.499144130206,0.8280320131335772
2023-09-12,60,-1,-7.4246319853572995,0.08927381745503837
2023-09-12,140,1,-23.0509300176847,0.83858998144707
2023-09-13,60,1,-17.57808847225388,0.9803784162578384
2023-09-13,140,-1,-28.80163248156724,0.11900344553405337
2023-09-14,60,-1,-3.021973867358296,0.07225211375855542
2023-09-14,185,-1,9.75564170246841,0.0033898305084730834
2023-09-15,80,-1,2.5863065081314756,0.1127886323268572
2023-09-15,180,-1,21.517251218074307,0.18015414258187584
2023-09-18,60,-1,-4.959259833729623,0.07472826086970759
2023-09-18,145,1,-1.0619273630592558,0.8251719394772264
2023-09-19,65,-1,1.6602702729899392,0.01908801696706186
2023-09-19,145,-1,-29.886120757906685,0.06976744186047393
2023-09-20,70,1,16.07518467337017,0.8366273509723097
2023-09-20,150,1,-0.9922689553883309,0.9934691745036573
2023-09-21,65,-1,-6.833258929214869,0.03677991137368001
2023-09-21,155,1,-4.025206212919397,0.9487179487180167
2023-09-22,70,1,-0.9768355466972963,0.8083219645293525
2023-09-22,185,1,6.050641838862125,0.8306351183062797
2023-09-25,95,-1,3.246995509518636,0.18896220755857476
2023-09-25,195,1,-44.602535394032294,0.9437913299045234
2023-09-26,60,1,-21.56453615456426,0.8813979706877338
2023-09-26,140,-1,10.667180416927113,0.018867924528324583
2023-09-27,60,1,4.82266689522155,0.941949860724165
2023-09-27,150,1,10.561244718454832,0.8584771573604405
2023-09-28,60,1,8.039744849577657,0.9882108183079007
2023-09-28,245,-1,28.749208756680257,0.13435573122529
2023-09-29,60,-1,-21.456985645813152,0.04121156493800793
2023-09-29,140,1,30.112013969892228,0.9726456462727185
2023-10-02,75,-1,6.175817071594603,0.10920074349436319
2023-10-02,180,1,2.110224849916476,0.8757968865826645
2023-10-03,60,-1,-9.676971239835508,0.012020792722572855
2023-10-03,185,1,33.32257190904948,0.8093779453345807
2023-10-04,60,1,-39.867097188465856,0.8157492354740162
2023-10-04,140,-1,-9.55610389522259,0.020396132987519317
2023-10-05,65,-1,15.906018361930128,0.07378258730939524
2023-10-05,145,-1,13.284740849710941,0.018542757417110846
2023-10-06,60,-1,0.11630831133464559,0.1894886363637183
2023-10-06,165,-1,-30.130314359992514,0.19190968955787277
2023-10-09,60,1,21.296055043036734,0.828953488372047
2023-10-09,140,1,-17.497223484243694,0.9810852587048796
2023-10-10,130,-1,-17.238987856599984,0.022621184919246334
2023-10-10,210,1,2.093759135631102,0.8040943249546183
2023-10-11,60,-1,4.153469912352836,0.18489208633091916
2023-10-11,145,-1,-11.717381359499113,0.15700861393892251
2023-10-12,60,1,7.556053298103782,0.8143939393940238
2023-10-12,140,1,-15.554485280193253,0.8856209150326416
2023-10-13,60,-1,8.190839637067082,0.15170494084900277
2023-10-13,140,-1,-11.382192049486806,0.12333333333333064
2023-10-16,60,1,1.3152488749672124,0.8886509635975334
2023-10-16,140,1,-22.37781895102002,0.940961484396953
2023-10-17,60,-1,-7.110097818829475,0.15367445054951168
2023-10-17,140,-1,-15.579810402978778,0.025233132199720846
2023-10-18,60,-1,-1.9238863554478676,0.07995735607675038
2023-10-18,140,-1,8.519407661686085,-0.017364203027660376
2023-10-19,60,1,-15.446718315433472,0.950810185185166
2023-10-19,140,1,-3.34046189017072,0.8100644369438889
2023-10-20,75,-1,25.050018106369933,0.15006858710561316
2023-10-20,155,-1,-17.999023760994646,0.15124077800134555
2023-10-23,60,1,-2.3111802606719407,0.8497890295358144
2023-10-23,155,1,-33.40742930797074,0.8332416070446437
2023-10-24,60,1,14.201606217585772,0.973813420621955
2023-10-24,155,1,-1.2495790941454028,0.8783758700696022
2023-10-25,60,1,-18.656896590337354,0.8927765237019565
2023-10-25,180,-1,-0.7083924993219078,0.029169899146641042
2023-10-26,90,-1,-0.5462228905046992,0.1592751549833214
2023-10-26,185,-1,-35.12276257707296,0.182033563672249
2023-10-27,60,1,-1.6013489673556864,0.8401937046004426
2023-10-27,150,-1,-3.4082042124845997,0.1910882604970402
2023-10-30,70,-1,-13.188080144718883,0.04063860667630363
2023-10-30,150,1,12.245915692353071,0.9573649754501048
2023-10-31,60,-1,9.997690256440661,0.16276894293731028
2023-10-31,140,-1,-23.700699856474426,0.18166758696852695
2023-11-01,65,-1,-4.687728552858639,0.08356545960999069
2023-11-01,165,1,-7.126502426509518,0.8100658011737147
2023-11-02,80,-1,8.829588179552328,0.09631840796026384
2023-11-02,160,-1,-19.262870805180786,0.06537890044570559
2023-11-03,70,1,1.038095789141336,0.8424242424243307
2023-11-03,180,-1,3.049805961860397,0.14786967418549138
2023-11-06,65,1,3.1733367120505123,0.9306215883077608
2023-11-06,145,1,-0.810112663902229,0.9615183246073471
2023-11-07,80,-1,6.185720927166916,0.15900383141770974
2023-11-07,160,-1,-21.939859758636924,0.028066128412132154
2023-11-08,60,-1,4.824496551342605,0.16396761133605525
2023-11-08,140,-1,-16.372740345620016,0.11682847896436437
2023-11-09,60,-1,-7.562948716281648,0.083514887436427
2023-11-09,195,-1,-7.533914295076594,0.03071718538569776
2023-11-10,100,1,8.69644344740279,0.801598837209205
2023-11-10,180,1,-18.355950463902637,0.8003034325810893
2023-11-13,85,1,5.713244852794519,0.91574906556219
2023-11-13,165,1,2.7434246661343757,0.8223975720789334
2023-11-14,80,1,6.035894907639294,0.897590361445749
2023-11-14,160,1,7.70129963020767,0.9072319201995596
2023-11-15,75,-1,2.3204345326359292,0.1956408925791568
2023-11-15,180,-1,-17.735518774077573,0.19933308632824168
2023-11-16,65,1,-2.2973582356007767,0.9713958810068096
2023-11-16,190,-1,-11.195671114522954,0.1438297872340698
2023-11-17,130,-1,-7.810677154418011,0.02726218097444032
2023-11-17,210,1,4.376547945468667,0.9683324566017483
2023-11-20,60,-1,-9.481587831660798,0.06407447973713355
2023-11-20,140,1,12.680413262036572,0.8253012048192513
2023-11-21,65,-1,5.0850125460303985,0.11614956245021167
2023-11-21,150,-1,9.240801257981834,0.13490683229813086
2023-11-22,60,-1,2.359555526752333,0.08074534161492725
2023-11-22,155,-1,-5.9368968423885615,0.07596807567252538
2023-11-23,60,1,6.3854255551114125,0.9658385093168161
2023-11-23,140,1,-3.6621732548321346,0.9116143642834039
2023-11-24,65,-1,16.436424475972224,0.1332179930796452
2023-11-24,145,-1,-8.247904975188947,0.16175129218606882
2023-11-27,60,-1,-20.792182812081215,0.11620795107037041
2023-11-27,140,1,13.296515718133461,0.9904789382573592
2023-11-28,65,1,-17.302302126113876,0.9907805777504826
2023-11-28,145,-1,5.831671715282161,0.023285568065502974
2023-11-29,65,-1,-0.33136183302433475,0.13480741797427667
2023-11-29,160,-1,-13.594226820494315,0.07869040781154468
2023-11-30,60,1,-2.658891561910392,0.8855813953487086
2023-11-30,165,-1,11.418014562315904,0.13183730715281702
2023-12-01,75,1,-6.01945232126937,0.898115429917477
2023-12-01,175,-1,-25.086626591958748,0.040942232193006786
2023-12-04,60,-1,-2.113570265076125,0.045100222717118485
2023-12-04,140,-1,-11.56547822421099,0.1705263157894622
2023-12-05,70,-1,34.322334364237776,0.07220573689411686
2023-12-05,150,-1,-15.523852198566379,0.059232440260681835
2023-12-06,90,-1,7.426954563964205,0.06409495548960854
2023-12-06,195,1,-13.586758914646158,0.8470690655832684
2023-12-07,115,-1,-12.068047102451063,0.19505851755526904
2023-12-07,195,1,3.826187316640484,0.9408237747654148
2023-12-08,60,-1,5.7637061602493045,0.1305683563748595
2023-12-08,140,-1,-3.616299454749105,0.02307969707895521
2023-12-11,60,1,1.781106767107366,0.9004065040649633
2023-12-11,160,-1,-8.611757853031632,0.1561829878484292
2023-12-12,115,1,-0.8737695052292601,0.8195763330899012
2023-12-12,195,1,-7.487024414982324,0.908788282290229
2023-12-13,85,-1,-5.284553874462405,0.09818181818179533
2023-12-13,165,1,-1.8400114126988938,0.9816810344827485
2023-12-14,95,1,-12.689170816531803,0.950963222416706
2023-12-14,180,-1,11.059437529202087,0.014245896562488461
2023-12-15,130,1,4.778504811149675,0.9464390818128446
2023-12-15,235,1,6.854596975176941,0.8298047841628028
2023-12-18,90,1,-3.019619423372965,0.8343483556637361
2023-12-18,180,-1,-6.504892641403126,0.15936254980073136
2023-12-19,70,-1,3.541720201388055,0.17070063694272533
2023-12-19,150,-1,-13.1461190311573,0.15338526063520136
2023-12-20,95,-1,-3.2234837045459925,0.18953414167184793
2023-12-20,185,-1,28.443598384068473,0.11811023622047244
2023-12-21,60,1,4.83342549810124,0.9310618066561765
2023-12-21,140,1,4.481481765683926,0.9172844323057926
2023-12-22,60,-1,-4.292716960129939,0.007831325301047715
2023-12-22,160,1,-2.8774220974943527,0.8416394969726301
2023-12-25,1085,1,2.600525270522303,0.864446165762973
2023-12-25,1290,1,7.560628089984656,0.8054632705795346
2023-12-26,95,1,2.2264453694291313,0.9191797346202433
2023-12-26,180,1,-9.60085660034209,0.8116771608471292
2023-12-27,60,1,1.0985258474098374,1.0127186009538853
2023-12-27,140,1,-0.22236737045004917,0.9476141078838973
2023-12-28,60,1,1.4466012419171563,0.8954041204437848
2023-12-28,145,1,-3.920643146608382,0.87242798353907
2023-12-29,60,1,7.09881430394117,0.8738927738929726
2023-12-29,140,1,10.359709337766487,0.9467625899280352
2024-01-01,1090,1,0.46126458945123827,0.9880239520955475
2024-01-01,1205,1,-13.476210206814931,0.9341991341991112
2024-01-02,60,1,0.25954677015200855,0.8903225806453884
2024-01-02,140,1,8.665844348246088,0.898721227621502
2024-01-03,60,1,0.943142793199803,0.940860215053878
2024-01-03,190,1,-24.330345885398994,0.9667262969589714
2024-01-04,60,-1,-17.808529959861417,0.09687500000002665
2024-01-04,140,1,-3.0578366343643633,0.9248210023866228
2024-01-05,60,-1,6.865869793768864,0.18186724230980472
2024-01-05,165,-1,-2.406827028560032,0.1062296606230005
2024-01-08,100,-1,-8.646070105482062,0.06921029281275759
2024-01-08,235,-1,1.6035733669543366,0.15639300134588285
2024-01-09,65,-1,-4.191316549113244,0.07918367346948278
2024-01-09,145,-1,16.52985377192202,0.06215040397762529
2024-01-10,70,1,-1.9287000851693654,0.9525021204409442
2024-01-10,150,1,11.56758272036913,0.8420053171287446
2024-01-11,85,1,4.441420057326573,0.8560126582278645
2024-01-11,165,1,15.542751707089808,0.8705255140898073
2024-01-12,60,-1,1.016321944022192,0.10604929051518414
2024-01-12,150,-1,-8.192488124789277,0.04454621149041172
2024-01-15,60,-1,-23.02540282389258,0.19481680071497284
2024-01-15,140,1,-12.073341507043578,0.825877825877867
2024-01-16,60,-1,2.275702044716566,0.1336729399556058
2024-01-16,140,-1,25.550811609050108,0.16586874127273007
2024-01-17,60,-1,32.12361856228569,0.030191883171989235
2024-01-17,140,-1,-15.808717381673043,0.08035338662176505
2024-01-18,60,1,14.088148637066267,0.8757717648033878
2024-01-18,140,1,0.9594798876925829,0.8088777068918689
2024-01-19,60,-1,-4.556388539551248,0.06236296322923646
2024-01-19,140,1,-5.506605594531466,0.9672531272246386
2024-01-22,130,-1,0.7369121420257144,0.18334082274593214
2024-01-22,210,-1,-4.692438111745956,0.1296431362333688
2024-01-23,110,1,-0.830577604003668,0.8470971160396231
2024-01-23,195,-1,5.233439524850292,0.10923839567383742
2024-01-24,70,1,7.046231415444426,0.8831292047611123
2024-01-24,155,1,6.2279574903393975,0.8702524644164789
2024-01-25,60,1,4.05432033943538,0.9575420451087525
2024-01-25,140,1,-7.668610339302706,0.844355785027043
2024-01-26,70,-1,0.731429914476012,0.11405519391216085
2024-01-26,155,-1,-1.5065614661798228,0.1543325526932092
2024-01-29,70,1,1.7732895485482296,1.0146524510095405
2024-01-29,165,1,15.573124645820569,0.9166863585728268
2024-01-30,80,-1,17.355928755401884,0.16656049111022372
2024-01-30,160,-1,-18.050040856733716,0.11452418156183004
2024-01-31,60,-1,-2.5862905277836297,0.10145375811923973
2024-01-31,140,1,4.181278893553975,0.8320432306118833
2024-02-01,60,-1,14.039023051501243,0.02583282999584016
2024-02-01,165,1,20.306345027758923,0.9242885720979535
2024-02-02,70,-1,1.3568401824286096,0.13630132904225237
2024-02-02,160,-1,-16.348872175466365,0.07331108297848331
2024-02-05,65,1,-2.577382504543468,0.9935228499460133
2024-02-05,165,1,4.62537148528992,0.9850664557925073
2024-02-06,60,-1,-9.615913062974313,0.15362391659340022
2024-02-06,140,1,1.0218968262147414,0.9244095061324898
2024-02-07,60,1,-12.164372555228553,0.9100826446281101
2024-02-07,155,-1,-11.164000723031409,0.15892740353172907
2024-02-08,75,-1,-6.951969563721727,0.033719613139221234
2024-02-08,175,-1,-0.5114857269279846,0.12726900853904655
2024-02-09,70,-1,-9.836337034309794,0.1838995568684036
2024-02-09,150,1,16.674294136094627,0.8893624203553175
2024-02-12,70,1,11.572977715624111,0.8267640573316959
2024-02-12,190,1,4.475754560185186,0.8006469390199428
2024-02-13,70,1,2.714183249623981,0.9771605586474188
2024-02-13,150,1,-25.520050055512655,0.8400304221067694
2024-02-14,70,1,21.055412688486943,0.9839009287926666
2024-02-14,150,1,5.845932487889405,0.958715056565106
2024-02-15,65,-1,-22.4150423108878,0.12875953912925361
2024-02-15,145,1,0.37885896601070923,0.9820869946400219
2024-02-16,60,-1,-11.638268189477374,0.03944447967527298
2024-02-16,140,1,29.900907187577054,0.8160232245765023
2024-02-19,130,-1,15.464563375600493,0.14546077815243139
2024-02-19,230,1,0.013669654475423676,0.8380110632565538
2024-02-20,60,1,14.999963634641356,0.8607614290810823
2024-02-20,140,1,-34.236488355972746,0.968335256780127
2024-02-21,60,1,-1.8672749686994723,0.8958788898233775
2024-02-21,145,1,-23.354876138170376,0.9162957891133248
2024-02-22,100,1,11.34275489478127,0.895620070481617
2024-02-22,180,1,22.360465040174706,0.9497280341709358
2024-02-23,65,1,-9.078538148463311,0.9277325332189719
2024-02-23,185,-1,5.309014754515795,0.16090271894014585
2024-02-26,85,-1,1.2888374770174242,0.1656038521602349
2024-02-26,200,1,8.876158112510035,0.8276907687017665
2024-02-27,135,1,9.525186194250645,0.9394276094276348
2024-02-27,245,1,10.669878797949073,0.9562315080672088
2024-02-28,65,-1,2.0390940988350263,0.013109441743987777
2024-02-28,150,-1,11.61839244467151,0.12116549353415296
2024-02-29,65,-1,4.187338420095621,0.14976914806160174
2024-02-29,170,-1,26.321900737691763,0.16979631260482464
2024-03-01,60,1,10.04350393323068,0.8659990126242018
2024-03-01,140,1,-14.968607080946983,0.9128609436403226
2024-03-04,80,1,0.9457624642443377,0.959418480199953
2024-03-04,180,1,-1.739336296102278,0.9705501998591229
2024-03-05,70,-1,15.244511228829483,0.16945306902322785
2024-03-05,150,-1,8.465865727578636,0.1485023064283109
2024-03-06,65,-1,-2.467774412777279,0.12925229558364554
2024-03-06,165,1,15.299420047310397,1.0089490202732627
2024-03-07,85,1,-24.762178712531433,0.8904926108373666
2024-03-07,190,-1,-55.208047135599394,0.181319785822665
2024-03-08,60,1,-6.12303352960879,0.8580922371811892
2024-03-08,160,1,22.808111419070755,0.9911742589148637
2024-03-11,95,1,14.207248543292428,0.9718822903449559
2024-03-11,175,1,-20.35392488643666,0.8899236454493168
2024-03-12,60,1,3.022137752622234,0.9185283728612277
2024-03-12,245,1,-29.17399114513568,0.8714256879499387
2024-03-13,60,1,5.0006840134079855,0.8457999302893444
2024-03-13,185,1,-3.3687278822787543,0.9151702051951751
2024-03-14,60,1,3.2235400121209516,0.9355221518985563
2024-03-14,140,1,2.0631628400428874,1.0392902968896376
2024-03-15,60,-1,6.752019296655654,0.18851995475848482
2024-03-15,150,-1,-15.277696460695589,0.14266785577776753
2024-03-18,70,1,8.788605815850792,0.9072241464621601
2024-03-18,155,1,-3.4029981410872874,0.8196323274366415
2024-03-19,70,-1,-4.949686711932122,0.17481781984819844
2024-03-19,230,-1,-29.355164340302984,0.19211105002743986
2024-03-20,60,-1,-8.386457103661416,0.03200146851869446
2024-03-20,140,1,12.291543276663885,0.8739649424668923
2024-03-21,70,1,7.5756161725863524,0.8533124855223858
2024-03-21,150,1,20.052458060191693,0.9339108294357262
2024-03-22,60,1,4.926951390682843,0.8280046504868191
2024-03-22,140,1,-19.631540882846952,0.8614805664875927
2024-03-25,60,-1,11.565560744231496,0.15093278335055674
2024-03-25,140,-1,-3.096423820782723,0.07116654438737824
2024-03-26,70,1,-0.3388407326383899,0.9686368552218155
2024-03-26,150,1,24.05540063088725,0.8253651321870421
2024-03-27,60,1,-5.466883296980241,0.9791793955915149
2024-03-27,180,-1,-0.03547258926221952,0.13174999999994594
2024-03-28,65,1,-4.397045761662266,0.9424046076313176
2024-03-28,150,-1,-7.827961710300135,0.09785692725622175
2024-04-01,60,1,-5.456320904638368,0.9273331989516765
2024-04-01,160,-1,-10.24213631721076,0.19456305152287673
2024-04-02,65,-1,-5.395534303389171,0.16367444643937454
2024-04-02,145,1,-6.542306807238596,0.9734438667977658
2024-04-03,70,-1,4.367928819572331,0.06796116504846786
2024-04-03,235,-1,-11.286968510166462,0.1359509712267221
2024-04-04,60,-1,14.493271554404785,0.13895993179855295
2024-04-04,140,-1,-6.740555951795946,0.18513405507522057
2024-04-05,70,1,-6.553217686083457,0.9552520216196904
2024-04-05,155,1,-4.1781279844206765,0.9813435191615522
2024-04-08,65,1,-7.434759801126667,0.9773135808592195
2024-04-08,170,-1,-21.678454196869133,0.09874928746268576
2024-04-09,60,1,-0.9027076684827048,0.850760577783521
2024-04-09,150,1,-16.115547541391706,0.8447907118850995
2024-04-10,105,-1,4.3408496763645665,0.18927493616029087
2024-04-10,210,1,0.5885473030890601,0.8640557333834343
2024-04-11,65,1,-1.3252041245477737,0.8159900235555746
2024-04-11,145,1,-11.349500709753757,0.8632565206381175
2024-04-12,80,1,-0.15153853618348168,0.9944264288609365
2024-04-12,165,1,-18.56310917410635,0.8769369228361099
2024-04-15,60,1,3.926136363070887,0.8992496855618576
2024-04-15,145,1,2.8371538585063143,0.8035121853875024
2024-04-16,60,1,7.075335241426961,0.8690442225392395
2024-04-16,205,1,4.74216338312945,0.827956374175322
2024-04-17,60,1,-66.53073706415285,0.9231557377047908
2024-04-17,140,-1,-21.22616068741272,0.16359772015035928
2024-04-18,65,-1,-26.413586163300405,0.028530500179227092
2024-04-18,145,1,-15.436071409243457,0.9187050483203569
2024-04-19,135,1,30.42547304261718,0.8037511302977941
2024-04-19,245,1,-7.077354599057273,0.8018994823299304
2024-04-22,60,1,15.765903121045932,0.9025502930461771
2024-04-22,140,1,-18.18319993698374,0.895937408733874
2024-04-23,65,-1,-0.7741789957101283,0.07584318751091389
2024-04-23,165,1,15.480277939170906,0.888195186067601
2024-04-24,70,1,-1.3348693302735355,0.9841077032089047
2024-04-24,170,-1,1.3309258679265583,0.1918769544032741
2024-04-25,65,-1,6.775198640818614,0.09184302445040046
2024-04-25,150,-1,-22.676076855445302,0.06707317073168485
2024-04-26,65,-1,-6.500124742021152,0.0720562390157405
2024-04-26,145,1,-8.037075214963485,0.9362330886088732
2024-04-29,90,1,-8.250971305416455,0.9746474491911351
2024-04-29,170,-1,-0.4061896091074765,0.11711929189298367
2024-04-30,65,-1,-0.4928205133110538,-0.01340583106778025
2024-04-30,155,1,-2.1810926359396183,0.853032326337299
2024-05-01,85,-1,23.940469502502907,0.023713462330214517
2024-05-01,165,-1,3.9987974929959873,0.07296255982304597
2024-05-02,60,1,-8.522237815568756,0.89395194697621
2024-05-02,165,-1,-21.60100936850111,0.12333079293553666
2024-05-03,60,-1,-1.5284078227946636,0.16216216216232654
2024-05-03,140,-1,9.655955888523815,0.14226090678845482
2024-05-06,65,-1,-6.517884778662486,0.1937412542934608
2024-05-06,145,1,8.191741155987708,0.9840734810819666
2024-05-07,115,-1,-8.724548154647893,0.044955943175690294
2024-05-07,205,-1,-2.418688249956213,0.0759247242050957
2024-05-08,60,-1,-5.164062474764686,0.04718535025685434
2024-05-08,155,1,1.8605263842945257,0.9964085771628131
2024-05-09,60,-1,2.493164071599008,0.04093763080768279
2024-05-09,140,-1,3.8118986246975077,0.16658388795068313
2024-05-10,60,1,-1.1606579122798606,0.9294425738870791
2024-05-10,145,1,13.58840398365131,0.904932867751897
2024-05-13,60,1,3.626450326142239,0.9165053055535826
2024-05-13,150,1,-9.48369010886534,0.8889709598414038
2024-05-14,75,1,6.843780555918899,0.8325778763621381
2024-05-14,155,1,1.2615603321201712,0.9600351690512304
2024-05-15,60,-1,-3.2100789110130363,-0.004106924130030633
2024-05-15,205,-1,-3.9260081474564053,0.02582298442742058
2024-05-16,60,-1,5.193667030648896,0.05083581405993657
2024-05-16,210,1,-4.628158721397702,0.8505627189387136
2024-05-17,60,1,3.46688979250982,0.9621054256387881
2024-05-17,140,1,-9.808642309280957,0.8038143268103349
2024-05-20,70,1,-5.3681995414885275,0.8673767143274386
2024-05-20,180,-1,-1.7279561962864505,0.13593373307763673
2024-05-21,115,-1,1.2675411612587788,0.10655628254756525
2024-05-21,205,1,-6.381911227602721,0.8219205972175302
2024-05-22,75,1,-5.8050405607652955,0.9391389432482431
2024-05-22,155,-1,0.253419856878612,0.07511092330438457
2024-05-23,65,-1,7.249917005867479,0.1432019308128594
2024-05-23,145,-1,3.097580601613537,0.15468000000008034
2024-05-24,105,-1,5.962937170865112,0.1756776450014362
2024-05-24,195,-1,-14.520499295613432,0.17446165237239214
2024-05-27,60,1,1.2508764573353042,0.9560639345505472
2024-05-27,140,1,3.2762337578255534,0.9088742054198702
2024-05-28,60,-1,1.9795662834669163,0.03186031860312615
2024-05-28,160,1,-7.47434696011422,0.8938932460214611
2024-05-29,60,1,-18.6100956124287,0.9860908269002909
2024-05-29,215,-1,19.67410346401062,-0.006077711920155791
2024-05-30,65,-1,-0.740171624912955,0.04711439471942964
2024-05-30,160,-1,-15.45254980012083,0.1983176608874838
2024-05-31,70,1,-9.048717370889348,0.9971721890943569
2024-05-31,205,-1,-15.723907054818342,0.007079547354947617
2024-06-03,80,1,-0.12422840532226831,0.9251955564318236
2024-06-03,160,1,-22.523480269610197,0.8978098799266613
2024-06-04,60,-1,1.6554513791126717,0.0144998370804708
2024-06-04,140,-1,14.006802231721194,0.03935245626469647
2024-06-05,70,1,-11.445138848250203,0.8611603188665542
2024-06-05,150,-1,8.164761474256776,0.028901384606140373
2024-06-06,60,1,-9.26468941230123,0.8382784479946699
2024-06-06,140,-1,-6.326636563331478,0.0437514192717848
2024-06-07,95,1,-0.44669399927048625,0.9405430100509038
2024-06-07,175,1,-5.029219454848066,0.9617147479103428
2024-06-10,65,1,-10.797319096115965,0.8204494937021204
2024-06-10,145,-1,7.837945235838317,0.011708490237618937
2024-06-11,65,1,7.318860546759298,0.9171038824764793
2024-06-11,145,1,-9.107902630016307,0.8844769362082034
2024-06-12,60,-1,-6.47411523361856,0.17401979590271813
2024-06-12,140,1,-11.297562908658287,0.9462442345706465
2024-06-13,60,1,-3.885213824803157,0.8385382780306719
2024-06-13,165,1,4.205362162743986,0.8717816517900483
2024-06-14,65,1,3.616159664319563,0.853576864535833
2024-06-14,145,1,-2.975025179721857,0.9354851532376817
2024-06-17,60,-1,3.5980464160693786,0.13395088957508136
2024-06-17,160,1,3.6736652347139747,0.986355685131173
2024-06-18,65,-1,-10.31900202488738,0.10524561754301408
2024-06-18,145,1,5.5084976852386,0.9922742300330062
2024-06-19,115,1,5.368762033198093,0.9627014303820222
2024-06-19,230,1,-1.5481057408402328,0.8115762157283685
2024-06-20,65,1,-5.654113476875766,0.9084855211381329
2024-06-20,190,1,-2.6836044040630553,0.8490969629704548
2024-06-21,60,1,8.36169050466169,0.9260694277187086
2024-06-21,140,1,-35.55732529506543,0.8630566944719062
2024-06-24,60,1,16.752337280148534,0.8741548299178005
2024-06-24,140,1,1.0755911324026983,0.9611383108935276
2024-06-25,60,1,-11.493231060720355,0.912194679015981
2024-06-25,175,-1,11.17567086821798,0.12675432116996746
2024-06-26,65,1,7.387057672978825,0.8391185534042487
2024-06-26,145,1,12.822631572498144,0.9825113872800031
2024-06-27,60,1,7.339328168598902,0.9643550379389589
2024-06-27,140,1,3.160224319008043,0.863576347999851
2024-06-28,60,-1,-8.323341656879135,0.16520002957927277
2024-06-28,150,1,-6.605807831162203,0.9174282300514317
2024-07-01,80,1,10.447413206136469,0.8629194938565301
2024-07-01,175,1,-18.93715707473502,0.8228555030683441
2024-07-02,65,-1,-8.950050369660056,0.16923076923071123
2024-07-02,195,-1,8.44671691266492,0.12506650758591645
2024-07-03,60,1,6.606168017547054,0.8673744669740656
2024-07-03,190,-1,-8.67380188272775,0.1628205128205065
2024-07-04,65,-1,-2.3786457055537276,0.14961067853180474
2024-07-04,175,1,-3.442121885965532,0.9282878411912027
2024-07-05,90,1,13.520653611558808,0.8887411657686355
2024-07-05,190,1,-3.147194858818691,0.8052031960028689
2024-07-08,60,-1,-0.96152242041696,0.045940510214999536
2024-07-08,155,1,2.5738093137088307,0.8081771720614673
2024-07-09,60,1,-9.987517837653659,0.8227824636203408
2024-07-09,150,-1,-9.685206921927358,0.1612513223515153
2024-07-10,60,1,-6.716552441977264,0.9122467914026116
2024-07-10,215,1,4.1885332154771415,0.9250817511835608
2024-07-11,65,1,-3.4767363011408032,0.8056202679092306
2024-07-11,160,1,0.28254911667064986,0.8241707616706951
2024-07-12,70,-1,-19.121256161211562,0.15199666571159268
2024-07-12,150,1,-18.121473039895573,0.9555478064494741
2024-07-15,60,1,9.163481299543763,0.8461407006550336
2024-07-15,140,1,2.860312108981367,0.9905934399857342
2024-07-16,60,-1,6.0913874614047625,0.04610272739866267
2024-07-16,140,-1,17.595234433031415,0.15445438402520653
2024-07-17,70,-1,42.33704982713511,0.11649500037585381
2024-07-17,155,-1,29.617923781602286,0.18375788888524786
2024-07-18,80,1,36.731801935190724,0.8100794781089784
2024-07-18,160,1,-24.940037871771946,0.9913255360623837
2024-07-19,65,1,-0.5789995593270977,0.9195444866214086
2024-07-19,145,1,-0.4,0.8867697435421329
2024-07-22,60,1,-0.06620099582259587,0.9517883170758734
2024-07-22,140,1,-9.692561261943222,0.9825320392245374
2024-07-23,75,1,-22.827476997346484,0.9127565601454832
2024-07-23,200,-1,-1.4431857087001005,0.12549658568734076
2024-07-24,60,-1,-11.120915751405436,0.0952056006268243
2024-07-24,155,-1,-9.452554685762271,0.09234887352217377
2024-07-25,95,-1,-7.829304492805322,0.0927797475065199
2024-07-25,175,1,-87.21378516910421,0.8839682168730874
2024-07-26,60,1,-1.941483777084407,0.9277474049276281
2024-07-26,195,1,21.87402069030271,0.9828089000595697
2024-07-29,90,1,-9.717055549551423,0.9935785447848227
2024-07-29,170,-1,24.28931901762339,0.09276600560157365
2024-07-30,60,1,10.487908919874345,0.963961900398957
2024-07-30,140,1,17.542360259501912,0.9521500870350162
2024-07-31,65,-1,-58.03862991031043,0.08405570691002782
2024-07-31,145,1,3.4120217432635607,0.864501645293232
2024-08-01,65,-1,14.72043555055298,0.03502090372835733
2024-08-01,145,-1,-16.29421791087897,0.18758964551600646
2024-08-02,65,-1,-0.02414801738308514,0.14783735422962102
2024-08-02,145,-1,3.1365752244165273,0.056519223264351305
2024-08-05,60,-1,209.3217553839381,0.05041292162779793
2024-08-05,250,1,-118.4849274315099,0.9066707973714788
2024-08-06,60,-1,4.198367606940545,0.16222049764754135
2024-08-06,175,-1,35.2501435148493,0.1593325891545686
2024-08-07,75,-1,27.411249159260812,0.0011278684732035748
2024-08-07,185,-1,-38.80614471912307,0.19888507205112851
2024-08-08,85,-1,-30.480511034678013,0.19973160944011406
2024-08-08,180,1,-55.464997282879835,0.905754441014965
2024-08-09,60,-1,-33.4949919321899,0.159370912687038
2024-08-09,245,1,31.439328256466627,0.9484480173541451
2024-08-12,60,1,-9.134729254396001,0.8297828967484836
2024-08-12,140,-1,-5.839128530377868,0.18467992962512855
2024-08-13,60,1,4.362394634840738,0.8781565416112281
2024-08-13,140,1,37.296268227440656,0.85773180963398
2024-08-14,60,-1,-3.4228308176560858,0.16508476795189744
2024-08-14,145,1,-11.100999592390126,0.9404756592743493
2024-08-15,65,-1,12.573741693383944,0.12541240342454157
2024-08-15,145,-1,-18.6738425643425,0.047685891292946155
2024-08-16,70,1,18.810024291673734,0.8353832828064335
2024-08-16,150,1,-6.01432103073023,0.9164971121029194
2024-08-19,85,-1,10.661885657278614,0.16430436077580154
2024-08-19,170,-1,9.811884151384298,0.19206027650424143
2024-08-20,90,1,2.157538427847561,0.8411922795016593
2024-08-20,170,1,-0.6524725775643333,0.8175387079552308
2024-08-21,60,1,-8.312093563139378,0.9896098273716595
2024-08-21,140,-1,2.29037888590562,0.18466867195327946
2024-08-22,60,1,4.322988664018768,0.935647822347308
2024-08-22,140,1,-2.9848746335799254,0.8655480676660963
2024-08-23,80,1,-3.0568349833666626,0.8807894943776227
2024-08-23,180,1,1.4129550422840702,0.8123833604237987
2024-08-26,60,1,10.321236234723097,0.816972284701326
2024-08-26,140,1,14.439878637091796,0.9677282805886166
2024-08-27,60,1,1.5690050145637628,0.8627130711562587
2024-08-27,185,1,8.502822881968752,0.8837843562993365
2024-08-28,100,1,7.945020912394751,0.8155410312274537
2024-08-28,180,1,-6.660831043587434,0.8770551645592004
2024-08-29,65,1,14.484793920855177,0.8002882699563635
2024-08-29,145,1,32.76132075922296,0.9286915515178629
2024-08-30,60,1,8.719806974819955,0.9017619470147632
2024-08-30,140,1,10.376182135701084,0.9386220137362722
2024-09-02,65,1,-3.931473806001051,0.8633796611527222
2024-09-02,180,-1,4.190579133132433,0.1422216138525896
2024-09-03,70,1,-13.960729905119917,0.9703598753187286
2024-09-03,165,1,27.62916123229471,0.8584033371138249
2024-09-04,60,-1,-3.405032512803929,0.18203004493326955
2024-09-04,150,1,-2.6910060119685215,0.9149383829275392
2024-09-05,65,-1,-15.64763913298477,-0.02355236568878299
2024-09-05,175,-1,-43.76598782580303,0.19366233159638008
2024-09-06,60,1,-18.75207964519414,0.9209068732959929
2024-09-06,155,-1,45.30433172390365,0.023767592383555525
2024-09-09,150,1,12.573892091583394,0.8023566443703213
2024-09-09,230,1,0.006452309280602697,0.9535353268759129
2024-09-10,60,-1,-2.2712363427453304,0.1016446534131797
2024-09-10,185,-1,-31.43329904140306,0.19235313254457273
2024-09-11,80,-1,-43.84802592094021,0.03491932147288887
2024-09-11,160,1,12.473871764171873,0.8668622942884686
2024-09-12,85,1,-2.6570409441735605,0.9079056865464447
2024-09-12,180,-1,9.825747208177926,0.08325021456240579
2024-09-13,70,1,-11.975700142157919,0.9385808485049593
2024-09-13,150,-1,-11.776232064628234,0.06799316406246156
2024-09-16,80,-1,11.742130165503362,0.11899495207314559
2024-09-16,160,-1,-13.23875240809973,0.18473698220605878
2024-09-17,60,1,6.282098273596004,0.9799766512187746
2024-09-17,140,1,22.329870985420676,0.8636730303845742
2024-09-18,95,-1,-15.654056166471575,0.12224840121174985
2024-09-18,175,1,-27.34924455377667,0.9947833471500168
2024-09-19,120,1,6.343278195511237,0.8119803120745188
2024-09-19,225,1,9.408883310982175,0.8680926916221057
2024-09-20,70,-1,-1.3766636472918754,0.041116542555682666
2024-09-20,180,-1,-4.941902932526654,0.1034948886197607
2024-09-23,60,-1,23.232800669944886,0.1833773861967179
2024-09-23,140,-1,43.57234654390347,0.08468697365041573
2024-09-24,60,1,15.08324666765577,0.9916876745929419
2024-09-24,140,1,-2.574619151146251,0.9162979754553373
2024-09-25,85,-1,23.393969403503867,0.16922219124618057
2024-09-25,170,-1,-14.328968255128016,0.17336250235424655
2024-09-26,60,1,39.48407427311769,0.9763770227174849
2024-09-26,140,1,8.532084716639643,0.9215871648944087
2024-09-27,60,1,-17.778538898062955,0.8980852378011375
2024-09-27,145,-1,17.22037252779014,0.17520592084282427
2024-09-30,65,-1,11.606143572406147,0.11032261189692501
2024-09-30,145,-1,-36.01147444948176,0.03439181209813955
2024-10-01,60,-1,-1.8751295502457572,0.13355972334724983
2024-10-01,160,1,3.709539613947888,0.8460531886233317
2024-10-02,85,-1,-14.44249854448425,-0.002058965803816252
2024-10-02,170,-1,-29.116281574123757,0.19427641618710795
2024-10-03,95,1,-0.4167054790622956,0.8150876875790821
2024-10-03,175,1,-34.68132319552857,0.9168784104636516
2024-10-04,90,1,-9.050991033933853,0.8150203207515347
2024-10-04,180,-1,-7.287057559969989,0.027832908042714984
2024-10-07,70,-1,8.171272675599317,0.045040747366395635
2024-10-07,150,-1,23.11330808521013,0.15604784113138606
2024-10-08,70,-1,5.4300643167352725,0.03202499511809635
2024-10-08,200,-1,-23.754743197254722,0.028003583396899814
2024-10-09,65,1,-15.467455771415883,0.9588472666362756
2024-10-09,155,-1,-0.6377308530143729,0.06717781151106725
2024-10-10,60,-1,13.898838472799335,0.08373694973651664
2024-10-10,140,-1,0.4737643314282728,0.04031069508068685
2024-10-11,60,-1,9.097810432769204,0.13137893593925143
2024-10-11,155,-1,7.78022930237694,0.15128618523955426
2024-10-14,60,1,8.917247943709805,0.9501173708921673
2024-10-14,145,1,9.814751701058677,0.8115219691485185
2024-10-15,90,-1,6.947901927472477,0.06866637259235243
2024-10-15,170,-1,1.361986514219327,0.12476193183441375
2024-10-16,70,-1,4.202435722423914,0.11461067366579734
2024-10-16,195,-1,-1.660570283183604,0.15860662560344826
2024-10-17,70,1,45.16429003588214,0.9333171383455756
2024-10-17,150,1,15.18385225575165,0.9683355184925551
2024-10-18,70,1,17.037992558719807,0.8043127678201573
2024-10-18,150,1,10.86736160501407,0.9759976600917337
2024-10-21,60,-1,7.281849694861631,0.1978668425972598
2024-10-21,155,-1,-2.8751138197509625,0.16643816126439182
2024-10-22,60,-1,-1.4576089865810267,-0.005787234042493745
2024-10-22,165,-1,-13.36320733261469,0.1402914021927188
2024-10-23,65,1,-5.272325046402226,0.8838199984509338
2024-10-23,145,-1,-9.508956050625228,0.17495015914100054
2024-10-24,60,1,5.0678257214813005,0.8040824630408671
2024-10-24,145,1,19.231703457452245,0.8606219672231477
2024-10-25,80,1,11.517508831853496,0.8692307692307745
2024-10-25,190,1,5.216916703712338,0.8837624391794257
2024-10-28,60,1,-15.717970869287434,0.9642233673362635
2024-10-28,195,1,-0.3453777772906449,0.8200639204545119
2024-10-29,60,1,14.166196096095218,0.9639198643711986
2024-10-29,140,1,11.675062525529478,0.9815361383759882
2024-10-30,65,-1,-10.255752091139092,0.08406539065680588
2024-10-30,145,1,6.225177051726716,0.9555745031164844
2024-10-31,65,-1,9.915770226332343,0.15418398186624002
2024-10-31,145,-1,21.991893200144343,0.14003252589235837
2024-11-01,75,1,-3.6322195253386975,0.8509931185485856
2024-11-01,170,-1,-18.69767336029242,0.07229653443561558
2024-11-04,65,1,-5.67465565983154,0.9045095441385821
2024-11-04,145,-1,33.217242003199935,0.12201482294813569
2024-11-05,80,1,6.891909107136618,0.9823111324069929
2024-11-05,215,1,6.759064298507544,0.9056459063257118
2024-11-06,60,1,59.43225743217524,0.8847182375897988
2024-11-06,140,1,-9.226226969449458,0.9515723012586539
2024-11-07,60,1,-6.62633072332679,0.880993381047216
2024-11-07,145,-1,-2.3388224362670846,0.19219176981190092
2024-11-08,80,-1,-5.909335510289759,0.16701750910132196
2024-11-08,190,-1,-9.544300520944615,0.012093068253277885
2024-11-11,60,-1,1.3417459584445628,0.18985849056611614
2024-11-11,155,1,1.577550226825997,0.8621218269533842
2024-11-12,60,-1,-12.215009249045439,0.16177154821444814
2024-11-12,140,1,-9.02800634093719,0.9247666255692397
2024-11-13,60,-1,1.4347805571528043,0.12645676134796935
2024-11-13,160,1,13.187843527878007,0.9511564395678609
2024-11-14,85,-1,-6.321031580360392,0.15481487700442773
2024-11-14,190,1,15.46766146813856,0.9129190982950224
2024-11-15,60,-1,15.97205795046892,0.14272308729945013
2024-11-15,170,-1,11.605297333832487,0.17337854589039228
2024-11-18,65,-1,-1.1570930489753102,0.09400826446274511
2024-11-18,145,-1,-6.978236008494276,0.04312798494863527
2024-11-19,110,1,1.5440597534603477,0.895198503429615
2024-11-19,195,-1,64.01355672083814,0.15276663993581754
2024-11-20,80,1,7.705777475093667,0.8485260086526739
2024-11-20,165,1,-20.99106040298353,0.9855924836782881
2024-11-21,125,1,-20.520635569268464,0.9984030791909405
2024-11-21,250,-1,-13.969262034238694,0.198809937530207
2024-11-22,60,-1,-17.80456087385489,0.060245145498097834
2024-11-22,145,1,1.8459003754304875,0.8246533803408365
2024-11-25,60,1,-3.6699064649754916,0.8794958726413531
2024-11-25,150,-1,0.7232738705502232,0.09703400048221607
2024-11-26,100,1,-14.035433871337366,0.9543753210851681
2024-11-26,180,-1,-7.621297014738948,0.12308151352961592
2024-11-27,75,1,6.757892580493818,0.813762231938487
2024-11-27,155,1,-20.787153640034624,0.9149112047357778
2024-11-28,105,1,0.8608181151563258,0.8992114075833684
2024-11-28,195,-1,-2.6187574582988034,0.14827285197651388
2024-11-29,60,-1,8.07133049305171,0.059170411931384205
2024-11-29,140,-1,-8.088912802907844,0.1296261269780973
2024-12-02,70,-1,-0.7039528663384417,0.1454388984510573
2024-12-02,180,1,1.7690472366731052,0.909789851358392
2024-12-03,60,1,-0.7518734094554166,0.8040006723817492
2024-12-03,185,1,-8.201341819461128,0.9792585333985969
2024-12-04,85,-1,0.7885463763183779,0.10493574898959113
2024-12-04,215,1,15.52913526827333,0.8466131493398893
2024-12-05,60,1,-6.223287746542505,1.0423439694961516
2024-12-05,145,-1,-1.0421493395936117,0.11133951263266664
2024-12-06,60,1,1.9224658698550727,0.8977989046194284
2024-12-06,140,1,-1.3487831110255306,0.9540672021722998
2024-12-09,60,1,0.21839103262517623,0.9567051333069553
2024-12-09,145,1,16.89652973511131,0.9096652626912064
2024-12-10,65,-1,-1.0074721691606832,0.15196967199597322
2024-12-10,175,-1,1.9140005343313953,0.18637712213618932
2024-12-11,65,1,3.9320183793138512,0.9582954660203595
2024-12-11,145,-1,-6.992442654538289,0.15992125089925055
2024-12-12,60,1,-1.0235699596479626,1.0
2024-12-12,140,-1,3.2409388843861024,0.13652138109525214
2024-12-13,60,1,5.371175251769733,0.9208620065195
2024-12-13,150,1,5.45821894487859,0.808618085708879
2024-12-16,80,1,0.8699472627542008,0.8298549699328791
2024-12-16,185,1,6.626715424267582,0.877318214419882
2024-12-17,60,-1,2.925542644118107,0.18427958015268012
2024-12-17,155,-1,15.90945571512332,0.19931974836708785
2024-12-18,60,1,-8.065193504010626,0.9030321686932637
2024-12-18,175,-1,1.059242869336075,0.1815330385947462
2024-12-19,60,-1,-32.306962127044024,0.06155255817712958
2024-12-19,140,1,11.051222757565826,0.9837296970261128
2024-12-20,60,1,12.304670812715424,0.9680674312112347
2024-12-20,165,1,-47.76454344853036,0.8436822881198788
2024-12-23,60,1,-3.4077520217963726,0.9228936274209928
2024-12-23,140,-1,11.599982824497657,0.17191376743678646
2024-12-24,65,-1,-16.3088426157572,0.15686274509811882
2024-12-24,145,1,-5.9800898528723945,0.9765193943165018
2024-12-25,1085,-1,1.266414533958438,0.08364634498671143
2024-12-25,1170,-1,-5.943556033436037,0.1961917161689256
2024-12-26,65,1,-11.674107299846792,0.9396360198535432
2024-12-26,155,-1,33.18042924500926,0.14411872930211533
2024-12-27,65,-1,6.742415416528935,0.11441335527850133
2024-12-27,180,-1,5.283686354535089,0.18085991678229163
2024-12-30,85,1,-26.40201228953991,0.8581593345928465
2024-12-30,165,-1,-14.02222702643301,0.09520931544381432
2025-01-01,1085,1,-78.31912742173613,0.9438992102981055
2025-01-01,1165,-1,-71.85220772862615,0.16428287343995265
2025-01-02,60,1,3.411539747242687,0.8999617339965831
2025-01-02,185,1,3.019137123823468,0.8931871103432838
2025-01-03,75,1,1.02072954200545,0.9600098135427266
2025-01-03,180,1,9.699590079650777,0.8159914150924454
2025-01-06,95,1,11.381789308782375,0.8671205579541639
2025-01-06,175,1,30.90415268412179,0.8558326426177473
2025-01-07,130,1,-1.0655644213882094,0.8765006251036017
2025-01-07,215,1,2.2622839638967833,0.9246361329950558
2025-01-08,60,1,-22.08778698817597,0.9476775779531421
2025-01-08,140,-1,-11.797102796619763,0.02943846646126994
2025-01-09,70,1,-19.329391850188713,0.8700225681827868
2025-01-09,150,-1,-12.736197652225156,0.006486649570089103
2025-01-10,60,-1,16.829845955710756,0.1889520813166363
2025-01-10,345,1,-0.7197504659790962,0.8782144641585421
2025-01-13,65,1,-5.801595272102045,0.949472846628152
2025-01-13,160,-1,28.757877730628948,0.18014227190449547
2025-01-14,60,1,-11.929209676266472,0.9896821485770876
2025-01-14,165,1,27.29098661686842,0.9583433138078846
2025-01-15,90,1,-7.059726505308106,0.8343152579054396
2025-01-15,170,-1,-3.806089969488768,0.09463799483345912
2025-01-16,75,1,51.86667515734862,0.9762831242798995
2025-01-16,155,1,4.975024819334051,0.9995897252943304
2025-01-17,65,-1,6.361427913266615,0.06357161698760065
2025-01-17,150,-1,-11.601354238803419,0.10114378688168398
2025-01-20,75,1,7.4219727224349,0.8903235965671737
2025-01-20,155,1,6.538350656129355,0.8381214559657187
2025-01-21,75,1,1.7320401938029755,0.9447856170283454
2025-01-21,155,1,13.581920521111135,0.9610275899328059
2025-01-22,65,-1,1.3080468028785046,0.13212036389101
2025-01-22,160,1,13.066590753234975,0.8155675236256642
2025-01-23,60,-1,6.042111577958931,0.08282002463878067
2025-01-23,165,-1,22.596566423975077,0.14699797422524113
2025-01-24,60,-1,3.3006954049978448,0.16999260901709082
2025-01-24,140,-1,-6.468511975869662,0.04621874058450471
2025-01-27,65,-1,45.49650313184479,0.18393580226083572
2025-01-27,145,-1,47.04758847762487,0.06421340309235453
2025-01-28,75,1,11.548237558221386,0.816339654244203
2025-01-28,155,1,12.54819299044736,0.9674603004979995
2025-01-29,95,1,-4.248634312878519,0.8153479824526517
2025-01-29,180,1,1.2559194339493822,0.8525798525798385
2025-01-30,80,-1,-3.145555344887407,0.17256682836210419
2025-01-30,165,1,18.468745236797492,0.9057851239669182
2025-01-31,70,1,22.079707168341358,0.9808499626199148
2025-01-31,160,1,-17.646043726294458,0.835908532958754
2025-02-03,60,1,11.068805436158913,0.9007206398648354
2025-02-03,145,1,48.07465513292626,0.9587572434360876
2025-02-04,135,1,-23.553294445860118,0.8328690807799433
2025-02-04,370,1,0.7573889998506281,0.8719048491098975
2025-02-05,65,-1,13.25882518327921,0.0965970306135711
2025-02-05,150,-1,21.79785391148421,0.19867360208060938
2025-02-06,60,1,-3.979943093774407,0.8709591592391422
2025-02-06,145,-1,0.11189720993494168,0.19805108420918865
2025-02-07,65,-1,-10.761138603334208,0.044693863834991375
2025-02-07,145,1,-5.447877658702627,0.8690669162804353
2025-02-10,95,-1,-6.991206133290673,0.030919583807251155
2025-02-10,180,-1,-9.280777107129756,0.09859980326082812
2025-02-11,65,-1,4.5892777327720236,0.1899746332855057
2025-02-11,155,-1,-5.923469181778485,0.05203456098853555
2025-02-12,80,1,-0.3949284393574445,0.8544720496894137
2025-02-12,165,1,2.6678349601576117,0.9097694925743062
2025-02-13,60,-1,7.90757884554778,0.1656067158484156
2025-02-13,150,-1,41.66927865793797,0.15545042643922358
2025-02-14,60,-1,-17.080762446446005,0.1788048688376678
2025-02-14,140,1,-9.447979622900382,0.8121676636756098
2025-02-17,70,-1,1.1237699321013488,0.08241241476594892
2025-02-17,150,-1,10.799720214364328,0.015346214292250318
2025-02-18,60,-1,-27.63445738954444,0.18498803535659625
2025-02-18,140,1,-10.907572030898915,0.9353284264033684
2025-02-19,65,1,-5.978566227356641,0.826911981537213
2025-02-19,145,-1,-9.479526423303453,0.16644278910731822
2025-02-20,60,-1,6.093967717398074,0.005548836878518525
2025-02-20,170,-1,-15.826307561379194,0.17913093470031385
2025-02-21,70,1,6.558725293115808,0.9813701477027978
2025-02-21,150,1,-5.396765187669228,0.934232858112724
2025-02-24,75,1,-17.878735141360778,0.8136937301747663
2025-02-24,155,-1,0.15681040195487694,0.170586742247958
2025-02-25,70,1,-20.701637425290674,1.0382710490769607
2025-02-25,150,-1,-6.443147140653016,0.05667258454363592
2025-02-26,60,1,-0.23786108607164425,0.9488315586364375
2025-02-26,140,1,-5.362125629131009,0.9584841504881215
2025-02-27,60,1,17.209572403278763,0.810830959018813
2025-02-27,140,1,-7.799386647127804,0.9721443888002159
2025-02-28,105,-1,-5.548820105815855,0.1470828948906615
2025-02-28,185,1,19.55769902602529,0.8365887478027263
2025-03-03,110,1,-8.472520176168885,0.893321281167909
2025-03-03,200,-1,-22.633801745528135,0.1314919516791814
2025-03-04,60,1,-33.552749778361246,0.8234905449672345
2025-03-04,145,-1,-28.23860325745291,0.19076645324598085
2025-03-05,60,1,-3.9438966059875287,0.8577970031761096
2025-03-05,190,-1,-34.36438774412536,0.16581230563877233
2025-03-06,60,-1,-8.111921198221284,0.1275356596417101
2025-03-06,165,-1,66.49249595890234,0.06720983299034641
2025-03-07,65,-1,-10.535033139424543,0.12366514283644235
2025-03-07,195,1,13.438769523550897,0.8655301998801838
2025-03-10,60,-1,-9.000017692432793,0.04013669147484461
2025-03-10,205,-1,39.501461726156165,0.19952096769877142
2025-03-11,80,1,3.181374815038174,0.8350537000172189
2025-03-11,220,-1,-65.14783869694578,0.131178975270019
2025-03-12,95,1,-21.90557654947871,0.8662041345855832
2025-03-12,175,-1,-35.00566308730151,0.014686435074498148
2025-03-13,65,-1,30.52983381361325,0.19240151160878016
2025-03-13,145,-1,-22.200420978270728,0.046057865427305805
2025-03-14,85,-1,8.329512320415633,0.06696304529035818
2025-03-14,185,-1,-14.483234247155297,0.10811025498452505
2025-03-17,65,-1,6.043458637681587,0.1661636863203881
2025-03-17,145,-1,4.58367507604458,0.13725861416129317
2025-03-18,110,1,8.605479613122258,0.8672678191947799
2025-03-18,190,1,17.718004034557435,0.9681258182550403
2025-03-19,60,-1,4.108155196917274,0.1281043046358293
2025-03-19,140,-1,6.131423263539393,0.10418129433697057
2025-03-20,120,1,-10.716062848118035,0.8250491915476073
2025-03-20,225,-1,-3.1176109305848683,0.1776750461300659
2025-03-21,70,-1,-1.247705917483843,0.05126160092814222
2025-03-21,175,1,-14.794709184859522,0.8766615014997963
2025-03-24,60,1,0.236366928468135,0.9279067027919424
2025-03-24,150,1,19.932054070613116,0.8558445094968856
2025-03-25,70,1,-0.10745561532980974,0.8241623868917197
2025-03-25,155,1,1.5531406158446175,0.9218531956459356
2025-03-26,60,1,-13.026450617025942,0.9831430610061992
2025-03-26,140,-1,-15.89949848756338,0.07728386054511184
2025-03-27,70,-1,-6.411084725279226,0.12883525324559875
2025-03-27,170,-1,26.824060600962163,0.1794222122860998
2025-03-28,65,1,5.808102882561128,0.8467341751723618
2025-03-28,145,1,-43.45247982162585,0.8840531040813048
2025-03-31,60,1,-7.352372442627919,0.8444846292947685
2025-03-31,210,1,-14.806619775436669,0.825963299177959
2025-04-01,60,1,0.1904148417257282,0.944027198269266
2025-04-01,160,1,5.43513874746977,0.8036458898482299
2025-04-02,60,1,-15.031427843498912,0.9693280080654133
2025-04-02,140,1,-21.457962894117653,0.8776611758634374
2025-04-03,80,-1,15.964551730041476,0.08136018596617396
2025-04-03,180,-1,-38.26154541083331,0.1834195634599705
2025-04-04,60,-1,-88.28457001509986,0.08325391213453374
2025-04-04,140,1,-16.958121745459117,0.8144913342969835
2025-04-07,80,1,-137.83702966453777,0.9930835901665559
2025-04-07,160,-1,12.308048452912956,0.09987474759492702
2025-04-08,60,1,-26.838890455188213,0.8262317584976645
2025-04-08,165,1,59.60533365625671,0.8166481849906971
2025-04-09,65,-1,-137.185083303983,0.19964924560884093
2025-04-09,185,1,29.577157786422738,0.8346351293000024
2025-04-10,65,1,21.776785468808193,0.8305759255947202
2025-04-10,155,1,-75.74669741851352,0.8163915325478697
2025-04-11,85,1,72.56954573307479,0.9169754034662996
2025-04-11,260,-1,10.685947148050667,0.1432474705920323
2025-04-14,60,1,-8.257655599339264,0.8326872903466234
2025-04-14,160,1,8.519006326681966,0.86085073593243
2025-04-15,125,-1,-73.47026557688446,0.13209927154615603
2025-04-15,205,1,-5.737596623303798,0.8065532293317179
2025-04-16,65,-1,36.96508831401642,0.07188471126590866
2025-04-16,235,-1,-106.6702416304262,0.1405904100506654
2025-04-17,90,-1,-26.547292320306546,0.1192710143248694
2025-04-17,210,1,-40.10463332822693,0.9232141518626881
2025-04-21,105,1,-16.356321982268927,0.8389075796556759
2025-04-21,185,-1,22.03298114395276,0.1237521222410949
2025-04-22,65,1,5.18392081241088,0.9704771946532933
2025-04-22,145,1,30.754199468728107,0.885578152644222
2025-04-23,75,-1,-34.99081979080514,0.03636066033765544
2025-04-23,200,1,40.66411121353793,0.8098220656691977
2025-04-24,60,1,-21.34188059760693,0.8945967194367792
2025-04-24,150,1,-52.14962732240495,0.9268821404159633
2025-04-25,60,-1,-12.363525392388874,0.11199878184955049
2025-04-25,195,-1,-15.382179296703091,0.045018389716321924
2025-04-28,80,1,21.173785831361382,0.8652327797440692
2025-04-28,160,1,-2.6883549107388656,0.9908795188117772
2025-04-29,60,-1,4.810158214727922,0.1955414814947909
2025-04-29,145,-1,-24.062899287628657,0.15676933149457106
2025-04-30,80,-1,-26.939355812160713,0.12622510046551827
2025-04-30,160,1,11.519135542950432,0.8125829329672839
2025-05-01,80,-1,-4.746285276899398,0.11071396116678113
2025-05-01,180,-1,-12.517727024529846,0.09697291556025847
2025-05-02,70,-1,31.571103524902625,0.13139199196687568
2025-05-02,150,-1,-5.221488366968385,0.1368968880048665
2025-05-05,65,1,7.50950710330307,0.9292703382722923
2025-05-05,150,1,-14.662448978591414,0.8511856091578477
2025-05-06,65,-1,5.790115975093224,0.1589749014836519
2025-05-06,210,-1,24.878960857008096,0.16682982645730057
2025-05-07,65,-1,11.13176167391301,0.1419655532638538
2025-05-07,145,-1,-15.475048870574204,0.13326835079739963
2025-05-08,70,1,-24.816605977393145,0.8874264285891805
2025-05-08,155,-1,-17.63044705388643,-0.012164623792035641
2025-05-09,70,-1,-6.293743708691446,0.15391779198233357
2025-05-09,210,1,-10.142175318396829,0.8861417522504832
2025-05-12,65,1,11.006539997296239,0.9087142566052572
2025-05-12,145,1,150.25375835510374,0.9315047832457108
2025-05-13,65,1,9.299646556338148,0.9544445077158986
2025-05-13,165,1,-11.720825151676095,0.8185533306088806
2025-05-14,65,1,-1.2018169870160906,0.867617705764985
2025-05-14,150,1,-9.891247920389024,0.8831078576723054
2025-05-15,70,-1,8.54491017513932,0.1107507224155436
2025-05-15,190,-1,28.234780235922145,0.19761446494048635
2025-05-16,60,-1,2.539417190539473,0.18238872260299502
2025-05-16,150,-1,-23.702500428297178,0.00926745457384706
2025-05-19,105,1,-22.84236859021309,0.8669591510049804
2025-05-19,185,-1,13.539597194330133,0.08820298245111405
2025-05-20,60,1,-16.340534590481724,0.8554065658233424
2025-05-20,140,-1,-24.620210362673188,0.10774604345421551
2025-05-21,70,1,-26.28567996711033,0.9118448526029529
2025-05-21,155,-1,-12.099842503567482,0.148982964500077
2025-05-22,90,1,-3.198230492011555,0.9277226072253582
2025-05-22,170,1,5.1254530258652675,0.9415781641763303
2025-05-23,110,-1,-3.819612108528369,0.16620579855876016
2025-05-23,200,1,8.633008336960524,0.9200078151510892
2025-05-26,70,-1,-3.0159232710409873,0.1823734729493649
2025-05-26,150,1,5.568186507243622,0.9681277846592163
2025-05-27,60,1,20.020265849780962,0.9729651906833526
2025-05-27,140,1,39.74911029084134,0.9964740060445673
2025-05-28,75,1,4.264603462889438,0.9076763485474872
2025-05-28,180,-1,5.347665913984345,0.1559878086366955
2025-05-29,80,1,-11.593581072277415,0.9660154241645227
2025-05-29,165,-1,-36.352024367698064,0.05260208600711952
2025-05-30,65,1,3.3414568855953513,0.985964124301715
2025-05-30,160,-1,-3.4003072145556863,0.1856427090531887
2025-06-02,95,-1,-8.20219246236058,0.140480825138344
2025-06-02,185,1,-18.653650529822528,0.9929528580914331
2025-06-03,65,1,-8.299135296289828,0.9212006617821917
2025-06-03,170,1,-14.593351226073903,0.9962983425414864
2025-06-04,60,-1,-15.57320594470517,0.19956840742339857
2025-06-04,190,-1,-27.49330606720961,0.19400194269065907
2025-06-05,60,-1,9.036769750602591,0.19035034732710515
2025-06-05,140,-1,-35.45175439510566,0.04900708396232456
2025-06-06,60,1,-0.33893600146011027,0.9670717207746768
2025-06-06,150,1,3.1141822453987893,0.8524399747107141
2025-06-09,70,-1,-1.5736060559730531,0.18493952399530883
2025-06-09,170,1,19.662132855442895,0.9113633713019865
2025-06-10,60,-1,44.06960635227648,0.1710612034973855
2025-06-10,220,-1,-13.032577586935146,0.1184081488906321
2025-06-11,60,-1,-3.7964512530060275,0.09871636632930028
2025-06-11,185,1,10.832714300084545,0.8300656371476558
2025-06-12,60,1,-0.9049126024270212,0.9623376150795144
2025-06-12,140,1,-6.375226195003014,0.8521105290873429
2025-06-13,65,-1,-21.491180662708985,0.19806554606063778
2025-06-13,170,1,23.309815723798046,0.910895232063683
2025-06-16,80,1,12.376213228506971,0.9244341327865879
2025-06-16,160,1,15.23807228565306,0.9526087129817484
2025-06-17,95,1,-1.828687860028921,0.8398499164931801
2025-06-17,180,-1,4.583606737626322,0.17309708082650496
2025-06-18,60,1,12.823177587144974,0.8393415396639854
2025-06-18,140,1,3.678036880168501,0.8855430514037683
2025-06-19,60,1,-25.495041487648294,0.8127788224017337
2025-06-19,145,-1,8.446327161893263,0.04174761958282249
2025-06-20,75,-1,-18.210135009588278,0.06008800965775455
2025-06-20,185,-1,-14.401582779594735,0.11176250234126636
2025-06-23,65,1,17.149511528078822,0.8467201697952045
2025-06-23,170,1,31.32858740493556,0.8576676754169791
2025-06-24,65,1,37.742352751529,0.8260745076829957
2025-06-24,145,1,-7.353669863036805,0.9107240880283418
2025-06-25,60,1,2.652266036174256,0.9299049307916407
2025-06-25,250,-1,-15.391836195734632,0.1787135494813575
2025-06-26,60,1,3.9727337255106137,0.9434353591856066
2025-06-26,150,1,6.08218001445322,0.8768824071048719
2025-06-27,60,-1,-15.292521490741384,0.13066805122865477
2025-06-27,140,1,5.607965775300938,0.9228932367893848
2025-06-30,85,-1,-8.5332819841351,0.06666666666663787
2025-06-30,185,-1,-4.957703627319221,0.16806463232642774
2025-07-01,60,-1,7.417050975563733,0.13161078465269896
2025-07-01,145,-1,-1.1121687851507907,0.1674753420299519
2025-07-02,60,1,-4.5370194310930145,0.8072906000410198
2025-07-02,180,1,-18.347482480935582,0.8070630532232158
2025-07-03,100,-1,-9.388146305315415,0.08779342723012198
2025-07-03,185,1,-1.1202230653879925,0.895098166688341
2025-07-04,95,-1,-2.530906261665899,0.07996216530850643
2025-07-04,180,-1,21.16953552239771,0.08271029499171606
2025-07-07,60,-1,7.017887375303911,0.05725962479080502
2025-07-07,140,-1,-7.395182567930414,0.03791610054348001
2025-07-08,60,-1,-11.700240934151163,0.13234897882191193
2025-07-08,140,1,-2.3684430051125633,0.9466057441253709
2025-07-09,60,1,-15.996857471792403,0.9052697616060463
2025-07-09,175,1,-0.9885620974199757,0.9642034548944045
2025-07-10,70,1,-6.870092253949567,0.800103606812169
2025-07-10,200,1,16.48951603087796,0.8600720056198856
2025-07-11,75,-1,-2.364796172808647,0.17134314627421926
2025-07-11,190,-1,19.73077865683055,0.13350609224329
2025-07-14,60,-1,15.343593600667793,0.044717751076684485
2025-07-14,195,-1,-19.997659091705742,0.13371928389390023
2025-07-15,60,1,11.351475048582538,0.8364195511352619
2025-07-15,225,1,-5.3726117055337586,0.9724043991524787
2025-07-16,70,-1,5.7488831834777265,0.19994644530720068
2025-07-16,150,-1,5.120881595404425,0.09492957208112154
2025-07-17,60,1,31.932207043483942,0.9053869647151611
2025-07-17,140,1,-0.5642752561337169,0.9347496663221135
2025-07-18,65,1,6.487409220761586,0.9770782396088571
2025-07-18,145,1,-14.48272429411217,0.9071834049551762
2025-07-21,60,1,5.5759294236250145,0.9705663804491501
2025-07-21,140,1,-0.06833211224592761,0.9775795801714827
2025-07-22,80,-1,-6.237683113019132,0.1165860632052399
2025-07-22,185,1,-7.148512415747366,0.841834717279537
2025-07-23,60,1,-0.8373346625985431,0.8582217461167064
2025-07-23,160,1,-1.2422986998080083,0.9241450624122808
2025-07-24,65,1,-0.8777829219548835,0.9654734934302139
2025-07-24,155,-1,5.672171280796512,0.00261523373653825
2025-07-25,60,-1,-6.110871712376609,0.12475913984019497
2025-07-25,165,-1,14.00526868434211,0.1901189528042975
2025-07-28,65,1,7.205185566528227,0.9251169245002504
2025-07-28,190,-1,3.25532568691318,0.16985143377792433
2025-07-29,105,1,-2.5264065391135566,0.898080741230973
2025-07-29,195,1,14.46366495522251,0.8811263115951145
2025-07-30,70,-1,-3.848727336123891,0.0514092073724512
2025-07-30,150,1,-2.5309928128632193,0.947337492089282
2025-07-31,60,1,-8.005143902698064,0.8556458259743327
2025-07-31,140,-1,-10.354397065825571,0.14969430273768244
2025-08-01,60,1,-18.517120145947352,0.8865893049407493
2025-08-01,140,-1,46.17674811081925,0.10750387657759906
2025-08-04,90,1,-2.8166328374508605,0.8003310218874007
2025-08-04,180,1,22.013664806890667,0.8192552051439042
2025-08-05,60,1,4.113295117614113,1.0014355315816708
2025-08-05,140,1,-10.843717829389243,0.9153892245468815
2025-08-06,65,-1,-17.862595416535274,0.10615542154955196
2025-08-06,150,1,7.2957775576791395,0.9175097612011802
2025-08-07,60,-1,-6.751635046089044,0.1805845261215186
2025-08-07,145,1,1.1830809072836517,0.8019678805699961
2025-08-08,90,-1,-3.596445927677871,0.18833988009099564
2025-08-08,215,1,2.7515704494355924,0.8063956417097877
2025-08-11,105,-1,-10.06636403212151,0.12715987250457647
2025-08-11,185,1,-30.805019223016526,0.9502833512023356
2025-08-12,60,1,-16.008542224354592,0.8248124904331436
2025-08-12,150,1,-7.326775877998948,0.8840912494384229
2025-08-13,65,1,-5.457604972129593,0.8294957458059568
2025-08-13,155,1,10.35375723434968,0.8926925845932364
2025-08-14,60,1,-12.664884760216921,0.8381975097174849
2025-08-14,145,-1,-10.14556595652043,0.13300505513505664
2025-08-15,75,-1,-4.4181984366616245,0.06014630181525207
2025-08-15,165,1,-4.037137195354745,0.9180394624810269
2025-08-18,85,-1,11.565284257173802,-0.06770897451671797
2025-08-18,165,-1,-9.47815974379167,0.12906379014913497
2025-08-19,60,1,-5.276535861675358,0.838478231985582
2025-08-19,175,1,1.05045698898727,0.9139319075711969
2025-08-20,65,-1,-6.408388788880659,0.041262515644562334
2025-08-20,155,1,10.741521055650916,0.8751246261215849
2025-08-21,70,-1,-14.700265834470416,0.14417628541445848
2025-08-21,155,1,-5.983075013554373,0.8317155006907795
2025-08-22,70,-1,10.49885614124042,0.08120409174889684
2025-08-22,150,-1,-3.6334918399556932,0.15890713496958284
2025-08-25,70,1,-2.3911553873908082,0.9809742592919632
2025-08-25,160,-1,5.479827755685962,0.00220785998154594
2025-08-26,65,1,-0.8042667837700354,0.9604755899837315
2025-08-26,165,-1,2.4128744369126935,0.18660697717576794
2025-08-27,70,-1,-3.4407188198089407,0.0015846383295886198
2025-08-27,155,1,-11.915850577741294,0.8789316464593239
2025-08-28,75,-1,-7.445317142890806,0.1557708748931251
2025-08-28,155,1,6.805583026475004,0.9032164391985219
2025-08-29,60,-1,-1.7201761970371705,0.17421378589245715
2025-08-29,145,1,-7.677431943466528,0.9291978106057425
2025-09-01,95,1,2.74211342995252,0.8016375326502504
2025-09-01,185,1,0.3438401220283275,0.9334910132236055
2025-09-02,65,-1,1.4221521357209004,0.048687995815624274
2025-09-02,180,1,-68.56104600856688,0.934650027129706
2025-09-03,80,1,11.467834206342742,0.8777684189665932
2025-09-03,160,1,8.39445870606288,0.8419043934011444
2025-09-04,60,1,-8.915062197013146,0.8380051524589723
2025-09-04,145,-1,-8.49654417109229,0.17774012097255923
2025-09-05,80,1,10.663396987815998,0.9682962755137062
2025-09-05,160,1,-8.988651843632889,0.8330752814160247
2025-09-08,105,-1,-9.050443105233663,0.1761391474767045
2025-09-08,185,1,-0.7645208832314673,1.0246332997423953
2025-09-09,90,-1,-11.534977315521155,0.1459017675582571
2025-09-09,170,1,2.324774358955351,0.8146922066106759
2025-09-10,65,-1,-4.418147173274756,0.15479876160961148
2025-09-10,145,1,1.3682314197031702,0.9442510190216569
2025-09-11,60,-1,-6.523380649412092,0.04794742820058111
2025-09-11,155,1,6.680903276093231,0.8160696615871516
2025-09-12,65,1,1.2309102949763067,0.9472013366750082
2025-09-12,160,-1,-4.251406011228243,0.02034810919112795
2025-09-15,60,1,3.5522244491907444,0.8621022179363214
2025-09-15,140,1,4.037489085040713,0.871071199486834
2025-09-16,70,1,4.74262310858049,0.8135302932991924
2025-09-16,195,1,14.757204386242462,0.8451752456372472
2025-09-17,65,1,-1.5466701551599011,0.8192483459519946
2025-09-17,145,1,7.502260114771575,0.9665271966525999
2025-09-18,85,-1,9.82226170318774,0.1654381654381504
2025-09-18,200,1,18.42348119649713,0.9694048616931855
2025-09-19,60,1,-4.939870943617297,0.9578700271805857
2025-09-19,155,-1,2.2081150232337703,0.14415956766571297
2025-09-22,75,1,-11.67576298516897,0.949896651508912
2025-09-22,160,-1,16.430647050480875,0.1750858887898635
2025-09-23,85,1,1.8428915424010932,0.8758853959411599
2025-09-23,170,1,0.7434363824402993,0.8362064350340289
2025-09-24,60,1,6.268491416659261,0.945048121701207
2025-09-24,140,1,-10.23134647635442,0.9128844175146236
2025-09-25,60,-1,5.570650269955246,0.16748147925984533
2025-09-25,140,-1,0.9977961264755034,0.03567855284747081
2025-09-26,60,-1,-32.284606822425445,0.14011462054434803
2025-09-26,140,1,0.06248511094582054,0.9806169377453827
2025-09-29,65,1,-0.11998607326995059,0.9216119627575626
2025-09-29,155,1,3.9782026117455964,0.9779483469124252
2025-09-30,60,-1,-10.254763477139539,-0.0005118898040207688
2025-09-30,140,1,-26.80493619893491,0.8805952521554795
2025-10-01,85,-1,6.784745505459666,0.18203096867130106
2025-10-01,165,-1,22.956139154585564,0.005679173261340305
2025-10-02,70,1,-5.844243731063115,0.8838396953171845
2025-10-02,165,1,1.1343020703673106,0.8578197132905843
2025-10-03,70,1,-1.1532236048191087,0.9214379988687075
2025-10-03,155,1,-2.7096324765792263,0.8535680410645652
2025-10-06,60,1,-5.08458387114179,0.8161750099324856
2025-10-06,160,1,-7.186652835755192,0.800531386571315
2025-10-07,60,1,-5.893882895128977,0.9417568809171023
2025-10-07,145,-1,-0.3763470249047881,0.06327272727276659
2025-10-08,65,-1,10.49262089852383,0.01886246600711345
2025-10-08,145,-1,-13.287378989152598,0.10982779944815096
2025-10-09,60,1,9.41347164973334,0.9019552916129864
2025-10-09,175,-1,-2.334439220909745,0.1876679989716096
2025-10-10,65,-1,-18.694558924758507,0.13107121323777549
2025-10-10,170,-1,-4.346886547872009,0.18445167011527813
2025-10-13,60,1,-8.052612150861327,0.8980831871711091
2025-10-13,155,1,27.467928864335757,0.8611757272909809
2025-10-14,95,-1,26.75756732480701,0.10495103209281752
2025-10-14,175,-1,29.453636982777322,0.1512930333833621
2025-10-15,60,1,11.108865163840642,1.2983522390679025
2025-10-15,160,1,-3.478259324421628,0.8527297188445162
2025-10-16,80,1,30.226240529934014,0.8119791313773662
2025-10-16,160,1,1.319612579980101,0.9898250591016461
2025-10-17,60,-1,16.15656462225097,0.14068633658351803
2025-10-17,150,-1,59.57859013720297,0.1712707182320481
2025-10-20,70,1,-2.791889462398655,0.8150285714286188
2025-10-20,160,1,-0.60034459269902,0.9072611823145175
2025-10-21,65,-1,7.53128816390265,0.16162698017331317
2025-10-21,155,-1,0.5648631331882207,0.15791338643331518
2025-10-22,160,1,-11.377950757888877,0.8543815028901997
2025-10-22,250,-1,10.228621668000715,0.14998804042336114
2025-10-23,70,-1,-9.93448290602621,0.1726266886728378
2025-10-23,165,1,-0.7921539379847516,0.9143768170308925
2025-10-24,60,1,13.16196204802762,0.8013919319500896
2025-10-24,140,1,-5.023946324475714,0.9531800637691159
2025-10-27,65,1,8.701624753202752,0.9436836042492636
2025-10-27,145,1,2.977352363151953,0.9919891658633258
2025-10-28,60,-1,-0.8628939377515629,0.10190427174463132
2025-10-28,155,1,-6.290056561109747,0.8208725985317565
2025-10-29,60,1,9.281947711197569,0.8701465583108282
2025-10-29,140,1,1.5049020691674913,0.974480649583508
2025-10-30,510,-1,70.14226233926374,0.07610580018821421
2025-10-30,625,-1,10.22375709285468,0.18879206462810236
2025-10-31,65,-1,4.169346834460974,0.06603394192872622
2025-10-31,175,-1,-13.438172926334024,0.022780760461891165
2025-11-03,75,-1,9.351544470232298,0.171485701590085
2025-11-03,155,-1,-19.30035359485509,0.12138251144821267
2025-11-04,60,-1,27.27294970820178,0.12067884462649264
2025-11-04,140,-1,-4.937346870880921,0.12165450121654652
2025-11-05,80,1,-22.858415712121037,0.9960877174920478
2025-11-05,180,-1,-17.897979462446354,0.19460516833108962
2025-11-06,60,-1,0.05481556016691014,0.06888946549040735
2025-11-06,140,-1,17.592466552024803,0.13826867023234102
2025-11-07,60,1,0.6082927818966247,0.9949467053694158
2025-11-07,140,1,-15.115152276526533,0.8714625420424604
2025-11-10,110,1,-5.673907672590506,0.9977219572943811
2025-11-10,195,-1,-31.152930151474177,0.07116910429211087
2025-11-11,60,-1,-9.17836025787726,0.004608187134505647
2025-11-11,150,-1,10.202540345036049,0.14948824020665485
2025-11-12,70,1,13.684356557151345,0.8673580270244422
2025-11-12,150,1,3.9243584986618623,0.9819519713617919
2025-11-13,70,1,2.6370744536689643,0.9299291837495633
2025-11-13,150,1,-14.862281827035684,0.8338540347322284
2025-11-14,60,1,-48.23398601607147,0.8820678513731753
2025-11-14,140,-1,-1.5859626928423238,0.032664670492344505
2025-11-17,60,-1,-16.048273522710364,0.0854242570060912
2025-11-17,140,1,18.611939953619274,0.9318895988268896
2025-11-18,95,-1,-8.651341427139014,0.022947509211785167
2025-11-18,185,1,34.14402659048617,0.9363540750490396
2025-11-19,65,1,25.550488200536805,0.8261809728891959
2025-11-19,145,1,-0.36493183074042224,0.8829992418837084
2025-11-20,70,-1,-11.753869838435227,0.15842567218712278
2025-11-20,155,1,-13.609013982442564,0.8794409389695862
2025-11-21,60,-1,-9.650477034201677,0.1896887898508518
2025-11-21,150,1,-14.536509167399503,0.83270871844218
2025-11-24,125,-1,-33.51435212108415,0.1346734747075053
2025-11-24,205,1,-53.15270105428164,0.9681427138861032
2025-11-25,60,-1,11.579740187874066,0.17787346011237468
2025-11-25,140,-1,-11.575978981956547,0.10857990159735996
2025-11-26,60,1,5.578538681092882,0.925050928021696
2025-11-26,140,1,-4.061346302643587,0.8050295912535177
2025-11-27,65,-1,3.537431696249272,0.021974106188323263
2025-11-27,155,-1,-3.4880229165042294,0.14133617908373416
2025-11-28,125,-1,-0.4,0.0
2025-11-28,205,-1,-0.4,0.0
2025-12-01,60,1,-0.27460880227940765,0.914548301880852
2025-12-01,150,1,21.454956585620756,0.9068842461137356
2025-12-02,70,-1,-8.860579185181061,0.036126534190582614
2025-12-02,150,1,-0.18962217642708412,0.9471814078555638
2025-12-03,90,-1,0.1690383981404867,0.0493859322663769
2025-12-03,200,-1,7.341351054056933,0.16438567210163751
2025-12-04,65,1,5.229393276243011,0.8046559197390196
2025-12-04,145,1,-10.625288125870203,0.8326684451406184
2025-12-05,60,1,-3.8786494289607005,0.9297558587776044
2025-12-05,175,1,-1.6485970802922352,0.8171892178792114
2025-12-08,75,1,1.299621275486063,0.9819416220210764
2025-12-08,155,1,-16.43490105585137,0.9628789808917576
2025-12-09,60,-1,-9.770818845622076,0.02681877688425425
2025-12-09,145,1,1.5279725665022341,0.8425722029304465
2025-12-10,70,1,5.296499852805292,0.9356918997107605
2025-12-10,150,1,2.266472524315289,0.9427129772229669
2025-12-11,60,1,-4.314829966786826,0.805020742474241
2025-12-11,150,1,-13.531577163685293,0.9487914230019443
2025-12-12,60,1,-7.861810127782354,0.805538491780705
2025-12-12,145,-1,-6.096566602997333,0.12969888242796698
2025-12-15,70,-1,-4.543115968731071,0.04614304037141265
2025-12-15,150,-1,-15.933153477851336,0.11241693940295094
2025-12-16,60,-1,-4.546457065132836,0.15544853292869404
2025-12-16,160,-1,-41.74802202119481,0.1400084105430204
2025-12-17,60,1,27.894642092059343,0.9205504249378662
2025-12-17,140,1,0.6582507401490915,0.8016982625248732
2025-12-18,110,-1,-23.4300115131854,0.1491803278688543
2025-12-18,195,1,7.666998032056904,0.8594651833922812
2025-12-19,75,-1,-26.453130565422132,0.09401213059752052
2025-12-19,185,1,0.39134119162826975,0.9398109358493613
2025-12-22,65,1,6.936167537821403,1.004332230865846
2025-12-22,155,1,-3.3320872518801,0.8611387575682128
2025-12-23,60,-1,4.495127512843933,-0.021183558449205366
2025-12-23,190,1,7.537127985178094,0.8235793423873963
2025-12-24,70,1,-4.6553981980753,0.8564799311103561
2025-12-24,255,1,-1.9087125215162977,0.8764044943820225
2025-12-25,1095,1,5.1205692718485185,0.8424730317179269
2025-12-25,1175,1,-5.530705481347642,0.8651597638573253
2025-12-26,80,-1,2.2818691224483882,0.08041688873099251
2025-12-26,185,-1,-2.308118850684204,0.19630632471641413
2025-12-29,60,-1,9.754391270410512,0.06296509799816645
2025-12-29,140,-1,4.823564289199567,0.03433262666648385
2025-12-30,80,-1,15.660403861660745,0.17864903743151034
2025-12-30,160,-1,-18.23566299784711,0.10917985611510414
2026-01-01,1105,1,4.121930592320533,0.9297321877318155
2026-01-01,1185,1,21.61340004860608,0.8605725957211076
2026-01-02,60,1,-3.7523865352003134,0.8672539793773456
2026-01-02,185,1,29.531831435687785,0.8634564958283896
2026-01-05,60,1,-0.8278451077466272,0.9365074251844904
2026-01-05,145,-1,-21.76488275510606,0.1467134502923323
2026-01-06,65,1,-1.5436608406834025,1.0037315964448266
2026-01-06,175,-1,29.458569857691423,0.13160797624094148
2026-01-07,70,1,-7.317921363964741,0.9367259019924992
2026-01-07,160,-1,0.9678414457596322,0.1542048005525741
2026-01-08,60,-1,8.41915559401869,0.027312981649412277
2026-01-08,145,1,3.066194084533747,0.8768106060606167
2026-01-09,60,1,-2.4743929667510485,0.9165410295067589
2026-01-09,145,-1,-11.900798947745583,-0.003605308241153478
2026-01-12,125,1,-14.917848624472363,0.8027988658190621
2026-01-12,205,-1,-0.6983616612262097,0.16222517954752477
2026-01-13,65,1,1.6602597224628206,0.919533029612831
2026-01-13,245,1,-15.7097732717844,0.8283429489519879
2026-01-14,60,-1,-1.6061885764325097,0.09957358917987189
2026-01-14,230,-1,0.10388509426069203,0.1752997298210118
2026-01-15,75,1,14.580079993955897,0.8838908798734916
2026-01-15,160,1,13.729363319725918,0.8071288428277518
2026-01-16,65,-1,-6.904203348722815,0.1899495759797826
2026-01-16,145,1,-9.626675211645441,0.9138420437469263
2026-01-19,95,1,-25.76251681819923,0.8564393467148813
2026-01-19,220,1,-46.951057850058305,0.8743549112400646
2026-01-20,70,-1,26.92481856822844,0.09026250062030798
2026-01-20,155,-1,24.837785299881965,0.16332059470213814
2026-01-21,60,1,5.0266047913564815,0.8452326815219071
2026-01-21,140,1,-10.013945372183297,0.9745422216142974
2026-01-22,60,-1,6.706304470411162,0.1218725923523423
2026-01-22,165,1,37.25039200179787,0.9486015735140476
2026-01-23,60,1,-5.708208205463405,0.9344573735454287
2026-01-23,170,-1,28.538348124150083,0.19313137924691004
2026-01-26,60,1,3.3232635346362565,0.9775173452155784
2026-01-26,145,1,15.022370021944687,0.8648823599350154
2026-01-27,60,1,-1.5677284223821082,0.9524901527006244
2026-01-27,205,-1,-1.2243315120171068,0.13011719521168497
2026-01-28,60,1,22.060051185726472,1.4827716904416717
2026-01-28,185,1,-22.182057486841032,0.802872052540582
2026-01-29,65,1,-4.996517664130495,1.0055090006207257
2026-01-29,155,1,-6.18532440099866,0.8736754334156039
2026-01-30,60,-1,16.219684045959816,0.04822663965098392
2026-01-30,150,-1,12.83322401059257,0.1659382527407201
2026-02-02,60,-1,-11.586909628944086,0.1210417704404779
2026-02-02,160,1,36.7524884256047,0.8170347003154652
2026-02-03,60,1,2.7128192349738627,0.8009795991731857
2026-02-03,155,1,-6.792391061360581,0.8361409720574069
2026-02-04,60,1,16.694718696450963,0.9841371668512958
2026-02-04,140,1,-25.795831178999236,0.9743129570621132
2026-02-05,75,1,20.214585905593953,0.8086094500539317
2026-02-05,155,1,-6.534104451971379,0.9492743289919948
2026-02-06,60,1,-21.987626839558725,0.9121587012721081
2026-02-06,235,1,64.20920835476446,0.8179854098063254
2026-02-09,80,-1,15.50155708062868,0.058628202238777634
2026-02-09,160,-1,-17.29411503031257,0.157438223974132
2026-02-10,60,1,-11.52195121951154,0.8676838147399552
2026-02-10,180,1,10.739060134379708,0.8769885931558975
2026-02-11,60,-1,12.244241857091565,0.18045372953568867
2026-02-11,140,-1,3.9852500106700277,0.1924200259003111
2026-02-12,65,-1,-5.782397196194156,0.08931944993627573
2026-02-12,145,1,-10.748168464794361,1.030684243133466
2026-02-13,65,-1,-18.198911151702955,0.19360117726157766
2026-02-13,145,1,-13.680715508219299,0.8937229505111952
2026-02-16,110,1,11.971818088954267,0.9219569702329093
2026-02-16,190,1,5.702317921654609,0.9965034163342014
2026-02-17,70,1,-3.5522359715219216,0.9238088136604227
2026-02-17,160,1,2.9860413255859535,0.8602615840909853
2026-02-18,60,-1,4.915859682790691,0.19113573407201837
2026-02-18,140,-1,-36.08093807211792,0.15184863650291122
2026-02-19,60,1,11.244203770557748,0.8787402070289329
2026-02-19,140,1,1.01287088512021,0.9319981845001459
2026-02-20,60,1,1.5192454954097827,0.9085293674536723
2026-02-20,140,1,-18.52964577195486,0.8159671051434964
2026-02-23,60,1,28.25479245360847,0.8629927393106724
2026-02-23,140,1,-4.520867842933862,0.8999691233848023
2026-02-24,65,-1,-6.311005537042602,0.18991166135762666
2026-02-24,180,-1,-2.5052926378972713,0.1495314073270604
2026-02-25,65,-1,-1.896525690931616,0.1323469192760671
2026-02-25,155,-1,-21.952923444525528,0.07005633040607698
2026-02-26,60,1,14.371135864168894,1.0082122313048956
2026-02-26,140,1,4.665347728909763,0.9379702316470482
2026-02-27,75,-1,-22.493441808088697,0.07202051282048416
2026-02-27,155,1,-4.760550780757589,0.9537037037037037
2026-03-02,60,-1,54.805780357051596,0.03368605597644947
2026-03-02,140,-1,12.827291911025451,0.04895642730065275
2026-03-03,60,-1,10.685550052433168,0.18475447253995556
2026-03-03,145,-1,63.496407377408424,0.13449373664829894
2026-03-04,65,-1,-2.593796480476351,0.15126503622765503
2026-03-04,145,1,8.917626999731931,0.8730223226756749
2026-03-05,60,-1,-13.938305039566545,0.03556947512655768
2026-03-05,145,1,-34.10975453520941,0.8751396512362271
2026-03-06,90,-1,-9.687715845496259,0.10926848828546191
2026-03-06,185,-1,40.17286975880259,0.17199799699548643
2026-03-09,70,1,67.85036260921012,0.8337544762583635
2026-03-09,150,1,-4.995769839660369,0.9062147924850131
2026-03-10,65,1,0.6554980471866315,0.946351208520635
2026-03-10,145,1,34.96957701192556,0.840332500480508
2026-03-11,60,-1,20.823419213314278,0.13057089191188648
2026-03-11,140,-1,13.221625608656318,0.12207496749964647
2026-03-12,65,1,-2.3393344024865033,0.8056313725490255
2026-03-12,145,1,21.303650085518335,0.9740861734062896
2026-03-13,60,-1,-1.3560514002227015,0.18952626288010127
2026-03-13,145,-1,41.53953441478993,0.15575981887444554
2026-03-16,60,-1,-19.78008866654961,0.010718819049455508
2026-03-16,175,1,4.414569003981361,0.8268045508692152
2026-03-17,60,1,-37.77494604870384,0.8049360789504489
2026-03-17,170,-1,-18.78354940263853,0.11922643787116755
2026-03-18,75,1,21.159176082186494,0.9014773860237842
2026-03-18,450,-1,73.17060552384497,0.022464414901110293
2026-03-19,90,-1,3.9761343872950055,0.09256084380009184
2026-03-19,175,-1,1.563155394482108,0.12519633289148296
2026-03-20,60,-1,-1.452997797732491,0.02959796981435137
2026-03-20,145,-1,-2.654166028587967,0.13548058885251796
2026-03-23,60,1,-26.033619239825434,0.876228814291382
2026-03-23,140,-1,53.80469170549281,0.13386075409218595
2026-03-24,65,-1,-31.879762923281028,0.00016011955591917727
2026-03-24,145,1,54.94273258279265,0.9429684218565265
2026-03-25,60,1,-23.47364096453046,0.9588470026974303
2026-03-25,140,-1,-1.8948627392286084,0.15918477892880728
2026-03-26,60,-1,32.728449532412455,0.117502054231691
2026-03-26,140,-1,0.7082597551193007,0.10762806602224002
2026-03-27,60,1,6.9246290694606305,0.8955623068734296
2026-03-27,185,-1,35.70369783854872,0.18678309060445492
2026-03-30,70,1,5.754762431394012,0.942220840181809
2026-03-30,150,1,4.841124503034822,0.8448328187954789
2026-03-31,60,-1,2.8153649077726333,0.08854757722263022
2026-03-31,200,-1,-36.715188200051195,0.06184220278683112
2026-04-01,60,1,27.06899568595529,0.8138915274656526
2026-04-01,140,1,25.302572310359885,0.9017930670147151
2026-04-02,80,-1,4.5131405176816575,0.13908100631108553
2026-04-02,200,1,10.712782630116058,0.8300470749491594
2026-04-06,60,1,8.257043659663355,0.85937323439677
2026-04-06,190,-1,-50.291218107693815,0.15505737923671145
2026-04-07,75,1,-5.017462213034607,0.8018992102294201
2026-04-07,250,1,43.2518452235668,0.816075629133188
2026-04-08,85,1,9.945890480456532,0.8818247592897914
2026-04-08,205,1,-4.246688573964086,0.8416546588554529
2026-04-09,70,-1,-9.294067699527497,0.07828389830503582
2026-04-09,215,-1,3.006524323957827,0.016863092188055165
2026-04-10,60,-1,7.601717931556129,0.14554258046139903
2026-04-10,140,-1,-4.136851179243495,0.06133583541838434
2026-04-13,125,1,12.131005029374764,0.8423241334448339
2026-04-13,245,1,-2.8602336344603514,0.9468017977412635
2026-04-14,60,1,-8.285397164513197,0.9279538904899188
2026-04-14,140,-1,-24.116204988426524,0.06037712287715883
2026-04-15,65,-1,11.305991125948722,0.08346580353552174
2026-04-15,145,-1,-7.899175474199316,0.12225052095392093
2026-04-16,70,-1,-20.393032292684452,0.16463939518698653
2026-04-16,150,1,1.5866691762238099,0.879556189943619
2026-04-17,65,-1,-7.750066552576085,0.16341604457996733
2026-04-17,155,-1,-12.278099628790384,0.19742929239832582
2026-04-20,65,1,-9.26950299712419,0.8257065456143361
2026-04-20,180,1,-18.46317582178307,0.9360925344615937
2026-04-21,65,1,6.494050122128181,1.0343787989303281
2026-04-21,145,1,-14.417149067770962,0.9061441702951096
2026-04-22,60,-1,-12.52389332340802,0.08629921986793132
2026-04-22,190,1,-11.711831126404881,0.8507365885296156
2026-04-23,60,1,10.249766699235563,0.9733620635812581
2026-04-23,140,1,-3.8475247223131332,0.9569331069362984
2026-04-24,60,1,12.423626477422856,0.9328541418845759
2026-04-24,140,1,2.081060802876911,0.8417774847052519
2026-04-27,65,-1,21.50522229400971,0.01905523180860738
2026-04-27,145,-1,10.050492986190385,0.190186681925481
2026-04-28,65,-1,15.863800657708714,0.19233347908464601
2026-04-28,145,-1,5.76880418021215,0.09477860336888472
2026-04-29,70,-1,-0.7682538246940759,0.19065241228076732
2026-04-29,150,-1,16.290843269902002,0.16631929970820045
2026-04-30,60,-1,8.218366425873214,0.023097848762486443
2026-04-30,140,-1,-55.09195305997765,0.1415235746975582
2026-05-01,115,-1,1.671238154163213,0.16943686430172492
2026-05-01,215,-1,12.898898094941114,0.1354724734527745
2026-05-04,70,1,-14.327174714658542,0.8175499565595545
2026-05-04,155,-1,-13.037385084617314,0.10455698742848005
2026-05-05,60,-1,-6.7114100759742445,-0.019382515030020926
2026-05-05,145,-1,-34.24309187420831,0.049021232712746395
2026-05-06,65,1,-5.613512156363454,0.873673974540309
2026-05-06,280,1,51.24485725958956,0.8712960802613041
2026-05-07,65,1,0.390761665412365,0.8295695008153032
2026-05-07,155,1,17.825965475924257,0.8103918786158443
2026-05-08,65,1,8.134876728771845,0.9315262384831484
2026-05-08,150,1,-1.7666138398205073,0.9149153042475178
2026-05-11,60,1,-1.474777453167197,0.9683564231737994
2026-05-11,145,1,-12.300097867822979,0.8852523919498775
2026-05-12,60,-1,2.827962532190709,0.019269831568731334
2026-05-12,140,-1,6.592017675074846,0.14257207644963674
2026-05-13,60,1,11.870542415953045,0.8110610282978501
2026-05-13,140,1,-7.66021165630586,0.9130730675495371
2026-05-14,115,1,-4.973159051752818,0.8886175036787128
2026-05-14,220,1,-16.826265503327598,0.8389794236073506
2026-05-15,60,-1,43.529143760437215,0.05110277818826108
2026-05-15,140,-1,-41.30520164991673,0.1876085093464318
2026-05-18,80,-1,3.4412506141405346,0.06524103314860745
2026-05-18,180,1,18.560030946486574,0.9615068569650597
2026-05-19,85,-1,-33.83405854327352,0.18007059359343391
2026-05-19,165,1,29.96466822271322,0.9684052156469574
2026-05-20,60,-1,-32.038433621394844,0.15542772597989563
2026-05-20,140,1,7.587415387153973,0.977185988203483
2026-05-21,60,1,-19.334796081252478,0.9217171717172131
2026-05-21,165,-1,-1.5937147582141704,0.14374361738341085
2026-05-22,60,1,-11.503256901149328,0.8605908651523063
2026-05-22,190,-1,-30.640188288477297,0.1851166377481958
2026-05-25,65,1,-9.750805601308077,0.938225338491178
2026-05-25,195,-1,2.023895166382417,0.018561140396465888
2026-05-26,65,-1,-14.771249424767197,0.1267335134773582
2026-05-26,145,1,-24.856718945288222,0.9538206817117947
2026-05-27,65,1,-5.634890062981723,0.8265397627684792
2026-05-27,155,-1,-15.070455587129095,0.11648828655686105
2026-05-28,85,1,24.864842481684814,0.9579999999999776
2026-05-28,165,1,14.47934271526381,0.8479810386188619
2026-05-29,60,1,0.26893447141724847,0.9676597972490517
2026-05-29,160,1,-12.470665918454404,0.8962675585284172
2026-06-01,65,1,0.1482745769569419,0.8515125230402477
2026-06-01,170,1,-30.77373548691491,0.9067117640841256
2026-06-02,60,1,12.269736680135379,0.9904651162790732
2026-06-02,140,1,11.509880219789226,0.9756540697674463
2026-06-03,60,-1,6.2304223584912055,0.04758974358973762
2026-06-03,140,-1,-6.240415827682577,0.1602109944665896
2026-06-04,70,-1,-1.9586078997054108,0.01148186437324521
2026-06-04,160,1,-0.20719688377650558,0.9171675630074879
2026-06-05,60,1,-19.88868540675552,0.845723263121129
2026-06-05,140,-1,4.334798613398316,0.052195106510935944
2026-06-08,60,-1,20.058925202246904,0.01614792815512946
2026-06-08,205,1,-1.0074279109558044,0.9694615794684386
2026-06-09,65,1,10.287435423810676,0.8969500849445452
2026-06-09,145,1,-18.395710522669127,0.8563032118457589
2026-06-10,80,-1,-40.285735851010735,0.021323800449280554
2026-06-10,160,1,-15.330883916342009,0.8612287324949726
2026-06-11,125,-1,-34.35384814345759,0.15241795757683277
2026-06-11,205,1,18.49332562761359,0.9890507552241584
2026-06-12,60,1,-28.32578151734282,0.9121138955957305
2026-06-12,155,-1,9.68030168333951,0.17629003236570598
2026-06-15,60,1,1.1273278787897305,0.9716348462519291
2026-06-15,145,1,3.3722975045584307,0.993482528464866
2026-06-16,70,1,-1.2231198398889194,0.8046092676221653
2026-06-16,190,1,11.644773660977448,0.9194002617904499
2026-06-17,60,1,7.830261054089638,1.002876855317121
2026-06-17,155,1,10.43862794638124,0.9182926983086008
2026-06-18,180,1,19.969824445736208,0.9736302499318896
2026-06-18,260,1,-12.821301653298134,0.8562225966506108
2026-06-19,60,-1,-28.861419405707565,0.15622932745312934
2026-06-19,140,1,34.381808658024276,0.8501457426265995
2026-06-22,60,1,34.14900889409807,0.8675312509148487
2026-06-22,140,1,26.897099907808155,0.9644466671591929
2026-06-23,60,-1,51.246227683531664,0.05691278385564125
2026-06-23,140,-1,22.919674143678083,0.019767564536107982
2026-06-24,60,1,18.852630614463585,0.9709998748407748
2026-06-24,155,1,-5.5700006303812,0.8329757824695413
2026-06-25,65,1,19.673312865687144,0.9468414077455369
2026-06-25,145,1,15.575021497292019,0.9691105092174837
2026-06-26,60,-1,-18.76323087800462,0.13962201815575115
2026-06-26,150,1,38.78328871623578,0.9017258638823149
2026-06-29,60,-1,-33.307983622854074,0.17296981327687092
2026-06-29,145,1,8.406406267081179,0.8344526273670179
2026-06-30,60,1,-11.941819464566672,0.8023044429026942
2026-06-30,155,-1,0.15765844617305935,0.08293899032800607
2026-07-01,90,-1,6.418127186719591,0.1482617135798462
2026-07-01,185,-1,4.537116559780019,0.0962219446000225
2026-07-02,100,-1,45.866820927435285,0.03982210058160337
2026-07-02,180,-1,29.468218217590227,0.11731491173933081
2026-07-03,65,1,16.660111265032597,0.8524984334698359
2026-07-03,150,1,-10.433741636720217,0.8405316947167377
2026-07-06,60,1,-27.561126871692032,0.9213578335426945
2026-07-06,155,1,17.522738274243068,0.8368072799509121
2026-07-07,65,-1,-16.9983929946667,0.04606581520561269
2026-07-07,165,1,-12.745117609736667,0.8552029378716981
2026-07-08,85,-1,28.746716158022778,0.14764881982770617
2026-07-08,165,-1,-32.20412209531358,0.02818236390636691
2026-07-09,60,1,19.33618042910186,0.8821080676046814
2026-07-09,140,1,10.843448179383275,0.9369104012895201
2026-07-10,60,-1,18.725012157870104,0.09906383444648124
2026-07-10,140,-1,2.0062122773105266,0.0208877095820493
2026-07-13,60,-1,11.439188833515646,0.1834802395836373
2026-07-13,195,1,17.94105758709237,0.8519907122857419
2026-07-14,60,1,41.000613020632365,0.9587922641206491
2026-07-14,140,1,-13.40304812021147,0.9710477592871266
2026-07-15,60,1,3.6828273212123457,1.1783277965155854
2026-07-15,150,1,-21.351424069175494,0.8078033243754318
2026-07-16,70,-1,3.398805295895935,0.18634555750304743
2026-07-16,155,-1,29.163956077514054,0.14404347071468596
2026-07-17,85,-1,5.038408252199655,0.11456937816367375
2026-07-17,170,-1,10.620470424033535,0.14610241685119568
2026-07-20,70,-1,26.950840735890225,0.058100158575885574
2026-07-20,150,-1,-42.602796298353994,0.09236702035538127
2026-07-21,60,-1,-27.246958281794285,0.15749826543760045
2026-07-21,140,1,-3.351165157712987,0.897378596290971
2026-07-22,70,-1,35.351468411270304,0.0035350810277539673
2026-07-22,150,-1,4.758806243795721,0.1108722186761615
2026-07-23,90,1,-30.846943043550553,1.0056293232129205
2026-07-23,175,-1,16.91280099521837,0.15837587248670734
2026-07-24,60,1,-19.512696799828966,0.9357990631376157
2026-07-24,170,-1,-37.94600812939657,0.1289434454818526
2026-07-27,70,1,14.992835316974107,0.9243409422796263
2026-07-27,155,1,-3.6221665447229596,0.8490583413915248
2026-07-28,60,-1,39.353456065816374,0.0477286742034971
2026-07-28,140,-1,-31.062659351554654,0.09001955076268102
2026-07-29,60,1,1.2901766728971702,1.009260989991335
2026-07-29,155,1,13.50038747064004,0.9861950069263804
2026-07-30,60,-1,-8.347259786655892,0.10898636981518557
2026-07-30,165,-1,14.145175558828837,0.11303700978234159
2026-07-31,60,1,20.062367599161092,0.9466805632619957
2026-07-31,140,1,-23.19446126160156,0.9676125208174843
2026-08-03,60,-1,3.058533629412397,0.07068961198367339
2026-08-03,150,-1,21.842199662333428,0.11972808384083661
2026-08-04,60,1,24.862070183562636,0.866500436808344
2026-08-04,140,1,7.008271704494318,0.9095122612760623
2026-08-05,65,1,17.57255097643502,0.9062470540175785
2026-08-05,180,1,-36.66301146697042,0.8646702629597105
2026-08-06,130,-1,-3.0940704030686823,0.04337059473674875
2026-08-06,235,-1,17.096483329708658,0.1846703525975269
2026-08-07,65,1,7.91718944402926,0.9569507323569028
2026-08-07,145,1,1.1958315156328063,1.004009785997526
2026-08-10,65,1,19.78411284275823,0.9034209483555047
2026-08-10,205,1,6.795031680797825,0.8477965543502819
2026-08-11,65,-1,14.089090994236342,0.08842920431157997
2026-08-11,145,-1,1.9369078956947399,0.007009541095966759
2026-08-12,60,1,-0.4678871125803227,0.9372075612950717
2026-08-12,140,1,4.515523639696939,0.8822131279375217
2026-08-13,65,1,-0.3815380124612574,0.9492182880389576
2026-08-13,165,-1,0.6343047430727559,0.119912276904849
2026-08-14,65,-1,-8.053201605983817,-0.0031020180544402503
2026-08-14,175,1,18.18802439237195,0.8130553847873501
2026-08-17,60,-1,-17.92530695000587,0.0870673076923835
2026-08-17,145,1,10.401636008483939,0.865327625946655
2026-08-18,60,1,-27.72647737163196,0.8209400427131586
2026-08-18,240,-1,15.478417152970225,0.18578562435456372
2026-08-19,65,1,-18.517817983820393,0.8540225975890859
2026-08-19,170,1,37.305044409548366,0.8011361106906639
2026-08-20,60,-1,-14.496857035257316,0.19600101884870488
2026-08-20,140,1,-9.590629549667984,0.8348630929425687
2026-08-21,65,1,0.10092274613611207,0.935809207403907
2026-08-21,145,1,23.23285838382412,0.8013454890530398
2026-08-24,60,-1,38.76922449300087,0.06415180729022768
2026-08-24,140,-1,-23.496202821022425,0.006211821911568667
2026-08-25,65,1,18.338101182176338,0.8430034722222024
2026-08-25,145,1,-12.896186125501297,0.89924857791615
2026-08-26,60,-1,3.6356132582108907,0.17119463505925026
2026-08-26,140,-1,5.123866265820798,0.1094307999741855
2026-08-27,60,-1,22.105437041665525,0.09865114592148201
2026-08-27,195,1,40.248201050752506,0.9026815589801717
2026-08-28,60,-1,12.68519274775155,0.1476732041313692
2026-08-28,150,-1,-0.44536331564164444,0.028470779988972354
