Date,Adj Close,Close,High,Low,Open,Volume
2000-01-03,3790.550048828125,3790.550048828125,3836.860107421875,3643.25,3755.739990234375,1510070000
2000-01-04,3546.199951171875,3546.199951171875,3766.570068359375,3542.72998046875,3766.570068359375,1511840000
2000-01-05,3507.31005859375,3507.31005859375,3576.169921875,3371.75,3543.1298828125,1735670000
2000-01-06,3340.81005859375,3340.81005859375,3513.550048828125,3334.02001953125,3488.31005859375,1598320000
2000-01-07,3529.60009765625,3529.60009765625,3529.75,3314.75,3337.260009765625,1634930000
2000-01-10,3717.409912109375,3717.409912109375,3756.169921875,3558.2099609375,3558.2099609375,1691710000
2000-01-11,3544.35009765625,3544.35009765625,3717.169921875,3517.7900390625,3715.219970703125,1694460000
2000-01-12,3478.139892578125,3478.139892578125,3572.6201171875,3447.89990234375,3548.77001953125,1525900000
2000-01-13,3612.080078125,3612.080078125,3612.429931640625,3494.389892578125,3495.830078125,1476970000
2000-01-14,3704.739990234375,3704.739990234375,3744.889892578125,3653.300048828125,3653.300048828125,1656630000
2000-01-18,3757.780029296875,3757.780029296875,3779.56005859375,3665.8701171875,3704.739990234375,1585230000
2000-01-19,3790.889892578125,3790.889892578125,3803.719970703125,3711.9599609375,3741.449951171875,1652210000
2000-01-20,3841.739990234375,3841.739990234375,3877.429931640625,3782.429931640625,3798.840087890625,1851300000
2000-01-21,3849.9599609375,3849.9599609375,3891.81005859375,3806.580078125,3841.739990234375,1923680000
2000-01-24,3660.9599609375,3660.9599609375,3905.10009765625,3660.860107421875,3888.330078125,1989050000
2000-01-25,3759.110107421875,3759.110107421875,3759.330078125,3591.340087890625,3667.02001953125,1743630000
2000-01-26,3621.2099609375,3621.2099609375,3762.68994140625,3621.10009765625,3762.68994140625,1717000000
2000-01-27,3593.14990234375,3593.14990234375,3701.300048828125,3512.070068359375,3628.8798828125,1798460000
2000-01-28,3446.1298828125,3446.1298828125,3618.080078125,3408.030029296875,3595.889892578125,1616370000
2000-01-31,3570.050048828125,3570.050048828125,3570.590087890625,3349.06005859375,3438.090087890625,1507630000
2000-02-01,3701.780029296875,3701.780029296875,3703.590087890625,3544.929931640625,3580.2900390625,1398240000
2000-02-02,3724.4599609375,3724.4599609375,3785.360107421875,3693.949951171875,3700.199951171875,1527880000
2000-02-03,3851.159912109375,3851.159912109375,3857.340087890625,3704.22998046875,3726.1298828125,1722330000
2000-02-04,3874.3701171875,3874.3701171875,3929.81005859375,3856.830078125,3858.60009765625,1751450000
2000-02-07,3933.340087890625,3933.340087890625,3933.75,3858.889892578125,3873.429931640625,1625540000
2000-02-08,4062.77001953125,4062.77001953125,4063.7900390625,3932.239990234375,3932.239990234375,1971180000
2000-02-09,3968.4599609375,3968.4599609375,4087.840087890625,3966.330078125,4061.739990234375,1775590000
2000-02-10,4090.0,4090.0,4090.070068359375,3956.89990234375,3974.830078125,1813590000
2000-02-11,3968.889892578125,3968.889892578125,4090.260009765625,3933.780029296875,4090.260009765625,1738590000
2000-02-14,3986.1298828125,3986.1298828125,4005.590087890625,3918.8701171875,3969.949951171875,1600850000
2000-02-15,3997.030029296875,3997.030029296875,4024.1298828125,3848.3701171875,3983.85009765625,1708930000
2000-02-16,3997.969970703125,3997.969970703125,4063.580078125,3982.550048828125,3997.030029296875,1782130000
2000-02-17,4125.3798828125,4125.3798828125,4127.35009765625,3993.570068359375,4012.2900390625,2008440000
2000-02-18,3965.75,3965.75,4135.60009765625,3959.830078125,4130.5498046875,1898410000
2000-02-22,3969.1298828125,3969.1298828125,4001.070068359375,3856.02001953125,3970.530029296875,1772290000
2000-02-23,4170.08984375,4170.08984375,4198.16015625,3966.0,3966.0,1892800000
2000-02-24,4253.0498046875,4253.0498046875,4253.75,4099.39013671875,4169.66015625,1944050000
2000-02-25,4178.580078125,4178.580078125,4297.4599609375,4169.33984375,4254.56005859375,1825500000
2000-02-28,4162.1298828125,4162.1298828125,4224.9501953125,4024.080078125,4178.580078125,1798070000
2000-02-29,4266.93994140625,4266.93994140625,4269.759765625,4174.75,4174.75,2088840000
2000-03-01,4309.009765625,4309.009765625,4346.41015625,4269.66015625,4275.72021484375,2232340000
2000-03-02,4234.259765625,4234.259765625,4337.64990234375,4197.97998046875,4311.97021484375,2137080000
2000-03-03,4442.8701171875,4442.8701171875,4442.8701171875,4257.52978515625,4257.52978515625,2136530000
2000-03-06,4457.18017578125,4457.18017578125,4528.68994140625,4436.60009765625,4448.47998046875,2015580000
2000-03-07,4390.830078125,4390.830078125,4560.9599609375,4355.60986328125,4489.490234375,2156410000
2000-03-08,4445.68017578125,4445.68017578125,4470.27978515625,4266.8701171875,4409.97998046875,2020130000
2000-03-09,4586.259765625,4586.259765625,4587.5498046875,4379.60009765625,4446.47998046875,2006810000
2000-03-10,4587.16015625,4587.16015625,4659.72021484375,4549.06982421875,4586.259765625,1992170000
2000-03-13,4426.7998046875,4426.7998046875,4585.16015625,4387.740234375,4585.16015625,1736270000
2000-03-14,4226.990234375,4226.990234375,4537.990234375,4226.7900390625,4448.6298828125,1977820000
2000-03-15,4130.009765625,4130.009765625,4341.5400390625,4094.0400390625,4250.740234375,1937800000
2000-03-16,4353.330078125,4353.330078125,4353.58984375,4049.97998046875,4141.22998046875,2041510000
2000-03-17,4440.4501953125,4440.4501953125,4441.0,4326.759765625,4349.259765625,1691530000
2000-03-20,4261.14990234375,4261.14990234375,4460.3701171875,4260.919921875,4443.35009765625,1539860000
2000-03-21,4449.330078125,4449.330078125,4450.41015625,4155.33984375,4259.580078125,1753310000
2000-03-22,4596.81005859375,4596.81005859375,4639.1201171875,4449.22021484375,4449.22021484375,1769510000
2000-03-23,4660.6201171875,4660.6201171875,4704.2099609375,4547.0,4594.3701171875,1714160000
2000-03-24,4691.60986328125,4691.60986328125,4816.35009765625,4608.919921875,4659.759765625,1688970000
2000-03-27,4704.72998046875,4704.72998046875,4781.18994140625,4687.60009765625,4687.60009765625,1380380000
2000-03-28,4583.39013671875,4583.39013671875,4714.35009765625,4582.4501953125,4705.75,1490090000
2000-03-29,4413.919921875,4413.919921875,4615.08984375,4408.60009765625,4583.81005859375,1738270000
2000-03-30,4250.18994140625,4250.18994140625,4491.080078125,4151.1201171875,4376.41015625,1925860000
2000-03-31,4397.83984375,4397.83984375,4424.43017578125,4171.08984375,4268.64013671875,2118100000
2000-04-03,4077.02001953125,4077.02001953125,4355.7001953125,4041.239990234375,4355.7001953125,1739920000
2000-04-04,4034.169921875,4034.169921875,4146.5,3525.43994140625,4089.780029296875,2889100000
2000-04-05,4030.260009765625,4030.260009765625,4156.43017578125,3884.320068359375,4028.39990234375,1947700000
2000-04-06,4086.72998046875,4086.72998046875,4161.419921875,4005.31005859375,4036.389892578125,1746450000
2000-04-07,4291.52978515625,4291.52978515625,4292.8798828125,4111.18017578125,4111.18017578125,1563430000
2000-04-10,3998.260009765625,3998.260009765625,4308.6201171875,3998.10009765625,4293.6298828125,1446140000
2000-04-11,3909.2099609375,3909.2099609375,4049.550048828125,3829.389892578125,3987.239990234375,1679390000
2000-04-12,3633.6298828125,3633.6298828125,3943.679931640625,3632.409912109375,3909.0,1921090000
2000-04-13,3553.81005859375,3553.81005859375,3831.699951171875,3552.510009765625,3645.7900390625,1951500000
2000-04-14,3207.9599609375,3207.9599609375,3536.409912109375,3138.419921875,3536.409912109375,2555780000
2000-04-17,3529.449951171875,3529.449951171875,3530.669921875,3107.419921875,3194.5,2482830000
2000-04-18,3715.81005859375,3715.81005859375,3717.659912109375,3511.81005859375,3531.070068359375,2152720000
2000-04-19,3583.070068359375,3583.070068359375,3753.449951171875,3578.89990234375,3720.239990234375,1760270000
2000-04-20,3505.2900390625,3505.2900390625,3632.239990234375,3453.300048828125,3587.27001953125,1422730000
2000-04-24,3353.530029296875,3353.530029296875,3448.22998046875,3200.89990234375,3448.22998046875,1540710000
2000-04-25,3621.56005859375,3621.56005859375,3622.2900390625,3371.2099609375,3371.2099609375,1622910000
2000-04-26,3505.7099609375,3505.7099609375,3690.2900390625,3505.110107421875,3622.800048828125,1592830000
2000-04-27,3692.570068359375,3692.570068359375,3692.919921875,3390.60009765625,3504.199951171875,1548760000
2000-04-28,3773.179931640625,3773.179931640625,3790.780029296875,3696.419921875,3696.419921875,1583710000
2000-05-01,3829.840087890625,3829.840087890625,3871.929931640625,3777.050048828125,3789.199951171875,1500610000
2000-05-02,3627.31005859375,3627.31005859375,3824.469970703125,3626.5400390625,3768.0400390625,1438040000
2000-05-03,3562.159912109375,3562.159912109375,3627.31005859375,3435.300048828125,3627.31005859375,1480050000
2000-05-04,3570.72998046875,3570.72998046875,3627.35009765625,3518.1201171875,3561.719970703125,1287850000
2000-05-05,3688.360107421875,3688.360107421875,3692.39990234375,3534.070068359375,3571.27001953125,1197290000
2000-05-08,3521.60009765625,3521.60009765625,3688.360107421875,3521.050048828125,3688.360107421875,1142710000
2000-05-09,3445.260009765625,3445.260009765625,3567.9599609375,3401.820068359375,3525.22998046875,1454780000
2000-05-10,3244.72998046875,3244.72998046875,3436.679931640625,3234.9599609375,3436.679931640625,1580110000
2000-05-11,3381.570068359375,3381.570068359375,3381.699951171875,3237.860107421875,3311.510009765625,1370230000
2000-05-12,3406.25,3406.25,3504.81005859375,3381.570068359375,3381.570068359375,1220040000
2000-05-15,3512.110107421875,3512.110107421875,3512.2099609375,3314.43994140625,3404.56005859375,1155810000
2000-05-16,3646.889892578125,3646.889892578125,3653.760009765625,3520.97998046875,3520.97998046875,1495270000
2000-05-17,3550.5,3550.5,3635.030029296875,3527.669921875,3635.030029296875,1227380000
2000-05-18,3426.35009765625,3426.35009765625,3575.780029296875,3426.35009765625,3547.52001953125,1258610000
2000-05-19,3260.639892578125,3260.639892578125,3425.3798828125,3259.179931640625,3425.3798828125,1366930000
2000-05-22,3264.7099609375,3264.7099609375,3269.5400390625,3029.139892578125,3261.469970703125,1615480000
2000-05-23,3023.419921875,3023.419921875,3298.4599609375,3022.52001953125,3262.77001953125,1330440000
2000-05-24,3180.31005859375,3180.31005859375,3185.739990234375,2897.27001953125,3023.489990234375,2087980000
2000-05-25,3099.280029296875,3099.280029296875,3290.530029296875,3078.179931640625,3181.5,1561840000
2000-05-26,3101.43994140625,3101.43994140625,3170.719970703125,3033.5,3100.969970703125,1069440000
2000-05-30,3414.030029296875,3414.030029296875,3415.7099609375,3101.429931640625,3101.429931640625,1457360000
2000-05-31,3324.080078125,3324.080078125,3458.340087890625,3322.219970703125,3414.030029296875,1533730000
2000-06-01,3518.97998046875,3518.97998046875,3526.530029296875,3331.800048828125,3331.800048828125,1580240000
2000-06-02,3755.669921875,3755.669921875,3759.81005859375,3518.97998046875,3518.97998046875,1903210000
2000-06-05,3730.31005859375,3730.31005859375,3817.25,3688.889892578125,3742.280029296875,1455960000
2000-06-06,3646.320068359375,3646.320068359375,3801.31005859375,3637.800048828125,3730.31005859375,1603060000
2000-06-07,3736.010009765625,3736.010009765625,3736.14990234375,3599.530029296875,3644.4599609375,1431220000
2000-06-08,3707.31005859375,3707.31005859375,3791.419921875,3671.43994140625,3737.929931640625,1399250000
2000-06-09,3760.260009765625,3760.260009765625,3785.02001953125,3707.31005859375,3707.31005859375,1268720000
2000-06-12,3638.419921875,3638.419921875,3779.739990234375,3638.31005859375,3761.14990234375,1281000000
2000-06-13,3765.81005859375,3765.81005859375,3766.52001953125,3582.52001953125,3638.5400390625,1398790000
2000-06-14,3677.489990234375,3677.489990234375,3793.719970703125,3670.7099609375,3767.5400390625,1400300000
2000-06-15,3752.010009765625,3752.010009765625,3755.719970703125,3639.179931640625,3680.669921875,1426630000
2000-06-16,3787.360107421875,3787.360107421875,3817.85009765625,3732.830078125,3758.360107421875,1501190000
2000-06-19,3933.699951171875,3933.699951171875,3935.330078125,3730.77001953125,3787.360107421875,1411400000
2000-06-20,3933.830078125,3933.830078125,3990.2099609375,3898.280029296875,3933.699951171875,1694520000
2000-06-21,3970.0,3970.0,3981.260009765625,3867.919921875,3928.97998046875,1541900000
2000-06-22,3804.110107421875,3804.110107421875,3968.85009765625,3804.0,3968.85009765625,1639540000
2000-06-23,3685.300048828125,3685.300048828125,3821.949951171875,3669.39990234375,3809.39990234375,1344960000
2000-06-26,3771.449951171875,3771.449951171875,3840.5400390625,3685.300048828125,3685.300048828125,1316960000
2000-06-27,3699.0,3699.0,3804.93994140625,3698.5,3771.449951171875,1476020000
2000-06-28,3771.06005859375,3771.06005859375,3817.5,3701.110107421875,3701.110107421875,1660130000
2000-06-29,3665.830078125,3665.830078125,3764.830078125,3634.030029296875,3764.830078125,1550990000
2000-06-30,3763.7900390625,3763.7900390625,3764.9599609375,3666.179931640625,3666.179931640625,2066390000
2000-07-03,3804.780029296875,3804.780029296875,3811.590087890625,3744.6298828125,3763.7900390625,600810000
2000-07-05,3649.800048828125,3649.800048828125,3804.9599609375,3646.4599609375,3804.9599609375,1342600000
2000-07-06,3793.47998046875,3793.47998046875,3793.89990234375,3610.27001953125,3648.1298828125,1482480000
2000-07-07,3841.27001953125,3841.27001953125,3884.840087890625,3781.56005859375,3793.010009765625,1486480000
2000-07-10,3772.199951171875,3772.199951171875,3841.510009765625,3767.56005859375,3841.510009765625,1395950000
2000-07-11,3744.530029296875,3744.530029296875,3835.02001953125,3720.02001953125,3772.610107421875,1714500000
2000-07-12,3901.1201171875,3901.1201171875,3909.409912109375,3792.97998046875,3810.360107421875,1775980000
2000-07-13,3956.669921875,3956.669921875,3991.8701171875,3900.22998046875,3901.1201171875,1881560000
2000-07-14,4041.14990234375,4041.14990234375,4051.89990234375,3962.679931640625,3962.820068359375,1678610000
2000-07-17,4061.8798828125,4061.8798828125,4089.0400390625,4007.6201171875,4041.14990234375,1584500000
2000-07-18,3960.9599609375,3960.9599609375,4060.31005859375,3949.85009765625,4060.31005859375,1501970000
2000-07-19,3843.97998046875,3843.97998046875,3960.9599609375,3835.1201171875,3960.9599609375,1445310000
2000-07-20,3995.4599609375,3995.4599609375,3999.06005859375,3843.97998046875,3843.97998046875,1719880000
2000-07-21,3908.75,3908.75,3992.830078125,3892.25,3992.830078125,1545940000
2000-07-24,3790.6201171875,3790.6201171875,3966.830078125,3787.2900390625,3908.75,1460690000
2000-07-25,3865.389892578125,3865.389892578125,3871.639892578125,3762.0,3790.6201171875,1471000000
2000-07-26,3818.31005859375,3818.31005859375,3865.330078125,3741.840087890625,3865.330078125,1754760000
2000-07-27,3681.6298828125,3681.6298828125,3816.489990234375,3680.780029296875,3816.489990234375,1791100000
2000-07-28,3477.31005859375,3477.31005859375,3716.949951171875,3452.949951171875,3689.68994140625,1769410000
2000-07-31,3609.35009765625,3609.35009765625,3610.949951171875,3437.590087890625,3477.530029296875,1512580000
2000-08-01,3521.14990234375,3521.14990234375,3609.35009765625,3518.610107421875,3609.35009765625,1341460000
2000-08-02,3490.340087890625,3490.340087890625,3617.25,3486.4599609375,3521.14990234375,1476820000
2000-08-03,3623.5,3623.5,3625.639892578125,3341.830078125,3490.340087890625,1828860000
2000-08-04,3618.6298828125,3618.6298828125,3715.570068359375,3577.1298828125,3624.169921875,1438850000
2000-08-07,3710.389892578125,3710.389892578125,3726.89990234375,3618.6298828125,3618.6298828125,1319680000
2000-08-08,3686.3701171875,3686.3701171875,3741.510009765625,3671.75,3708.949951171875,1461590000
2000-08-09,3693.0400390625,3693.0400390625,3780.429931640625,3691.699951171875,3708.6298828125,1517650000
2000-08-10,3595.18994140625,3595.18994140625,3690.610107421875,3594.800048828125,3687.68994140625,1349670000
2000-08-11,3644.610107421875,3644.610107421875,3645.77001953125,3521.530029296875,3595.14990234375,1333260000
2000-08-14,3719.610107421875,3719.610107421875,3720.81005859375,3616.7099609375,3644.6298828125,1232060000
2000-08-15,3722.6201171875,3722.6201171875,3761.56005859375,3691.27001953125,3718.699951171875,1353620000
2000-08-16,3721.25,3721.25,3791.219970703125,3704.510009765625,3722.6201171875,1401380000
2000-08-17,3830.590087890625,3830.590087890625,3839.760009765625,3716.669921875,3721.25,1440370000
2000-08-18,3807.510009765625,3807.510009765625,3868.739990234375,3799.969970703125,3830.590087890625,1447920000
2000-08-21,3827.6201171875,3827.6201171875,3878.669921875,3785.199951171875,3809.860107421875,1269330000
2000-08-22,3827.889892578125,3827.889892578125,3898.1201171875,3827.300048828125,3832.10009765625,1413190000
2000-08-23,3896.919921875,3896.919921875,3899.9599609375,3760.1201171875,3818.06005859375,1461790000
2000-08-24,3949.570068359375,3949.570068359375,3954.60009765625,3884.570068359375,3897.050048828125,1546950000
2000-08-25,3931.25,3931.25,3986.72998046875,3915.7900390625,3945.5,1285820000
2000-08-28,3954.239990234375,3954.239990234375,3987.7099609375,3928.800048828125,3933.330078125,1373010000
2000-08-29,3951.93994140625,3951.93994140625,3970.919921875,3923.419921875,3955.5400390625,1489470000
2000-08-30,3968.72998046875,3968.72998046875,3984.18994140625,3921.489990234375,3951.669921875,1537020000
2000-08-31,4077.590087890625,4077.590087890625,4080.47998046875,3971.320068359375,3971.320068359375,1903150000
2000-09-01,4099.2998046875,4099.2998046875,4147.18994140625,4057.43994140625,4084.110107421875,1472940000
2000-09-05,3987.030029296875,3987.030029296875,4085.889892578125,3986.280029296875,4085.889892578125,1668120000
2000-09-06,3837.6201171875,3837.6201171875,3983.739990234375,3837.330078125,3978.22998046875,1757190000
2000-09-07,3953.360107421875,3953.360107421875,3963.93994140625,3847.7900390625,3847.7900390625,1634610000
2000-09-08,3813.43994140625,3813.43994140625,3949.14990234375,3811.60009765625,3949.14990234375,1508550000
2000-09-11,3706.739990234375,3706.739990234375,3852.449951171875,3690.469970703125,3813.43994140625,1483670000
2000-09-12,3666.8701171875,3666.8701171875,3792.3798828125,3645.280029296875,3706.739990234375,1596640000
2000-09-13,3741.75,3741.75,3752.449951171875,3610.64990234375,3666.8701171875,1656550000
2000-09-14,3737.419921875,3737.419921875,3834.510009765625,3715.64990234375,3741.75,1699480000
2000-09-15,3676.330078125,3676.330078125,3748.760009765625,3640.580078125,3731.72998046875,1777540000
2000-09-18,3585.52001953125,3585.52001953125,3723.669921875,3548.590087890625,3676.330078125,1613970000
2000-09-19,3756.39990234375,3756.39990234375,3756.8701171875,3588.3701171875,3588.3701171875,1707400000
2000-09-20,3790.449951171875,3790.449951171875,3810.300048828125,3660.31005859375,3756.39990234375,1802040000
2000-09-21,3718.14990234375,3718.14990234375,3790.449951171875,3691.929931640625,3790.449951171875,1616010000
2000-09-22,3701.179931640625,3701.179931640625,3718.14990234375,3505.179931640625,3718.14990234375,2164340000
2000-09-25,3622.10009765625,3622.10009765625,3774.780029296875,3611.090087890625,3753.31005859375,1774680000
2000-09-26,3582.590087890625,3582.590087890625,3696.989990234375,3566.7099609375,3643.64990234375,1825900000
2000-09-27,3571.89990234375,3571.89990234375,3648.93994140625,3533.669921875,3631.080078125,1948200000
2000-09-28,3725.14990234375,3725.14990234375,3725.75,3556.340087890625,3556.989990234375,2001450000
2000-09-29,3570.610107421875,3570.610107421875,3690.239990234375,3557.5400390625,3684.8701171875,2018050000
2000-10-02,3457.969970703125,3457.969970703125,3613.860107421875,3447.7099609375,3613.739990234375,1799220000
2000-10-03,3353.340087890625,3353.340087890625,3544.5400390625,3351.610107421875,3528.0,1958840000
2000-10-04,3453.360107421875,3453.360107421875,3476.52001953125,3291.610107421875,3337.909912109375,2129330000
2000-10-05,3424.320068359375,3424.320068359375,3492.280029296875,3392.0,3421.4599609375,1872960000
2000-10-06,3311.93994140625,3311.93994140625,3468.280029296875,3262.800048828125,3432.820068359375,1870690000
2000-10-09,3318.89990234375,3318.89990234375,3359.929931640625,3185.280029296875,3306.75,1437770000
2000-10-10,3188.2900390625,3188.2900390625,3336.610107421875,3175.3798828125,3271.68994140625,1874430000
2000-10-11,3100.530029296875,3100.530029296875,3220.52001953125,3047.169921875,3077.510009765625,2340450000
2000-10-12,3004.449951171875,3004.449951171875,3183.9599609375,3000.429931640625,3175.75,2128660000
2000-10-13,3277.77001953125,3277.77001953125,3278.77001953125,2990.989990234375,2990.989990234375,2070750000
2000-10-16,3249.4599609375,3249.4599609375,3296.949951171875,3203.1298828125,3265.9599609375,1788600000
2000-10-17,3172.18994140625,3172.18994140625,3326.1298828125,3127.6298828125,3313.81005859375,1936790000
2000-10-18,3139.31005859375,3139.31005859375,3245.580078125,2982.0400390625,3045.699951171875,2519920000
2000-10-19,3402.949951171875,3402.949951171875,3404.330078125,3271.199951171875,3316.6298828125,2343470000
2000-10-20,3456.610107421875,3456.610107421875,3514.9599609375,3378.949951171875,3379.72998046875,2171490000
2000-10-23,3422.0,3422.0,3498.0400390625,3378.340087890625,3451.39990234375,1690110000
2000-10-24,3353.260009765625,3353.260009765625,3481.31005859375,3326.1201171875,3455.3701171875,1880860000
2000-10-25,3107.610107421875,3107.610107421875,3283.199951171875,3086.610107421875,3245.68994140625,2170930000
2000-10-26,3167.139892578125,3167.139892578125,3185.909912109375,2956.199951171875,3127.43994140625,2292490000
2000-10-27,3175.25,3175.25,3275.219970703125,3109.06005859375,3232.81005859375,1963390000
2000-10-30,3081.070068359375,3081.070068359375,3195.449951171875,3038.409912109375,3128.93994140625,1741440000
2000-10-31,3282.300048828125,3282.300048828125,3304.6201171875,3120.2099609375,3120.2099609375,2146420000
2000-11-01,3225.27001953125,3225.27001953125,3311.0,3176.8701171875,3214.39990234375,2024380000
2000-11-02,3308.47998046875,3308.47998046875,3326.3701171875,3259.070068359375,3292.1298828125,2226920000
2000-11-03,3321.909912109375,3321.909912109375,3359.989990234375,3275.070068359375,3329.260009765625,1846200000
2000-11-06,3290.469970703125,3290.469970703125,3369.469970703125,3285.77001953125,3346.14990234375,1608520000
2000-11-07,3279.570068359375,3279.570068359375,3304.3798828125,3217.449951171875,3262.580078125,1700120000
2000-11-08,3059.090087890625,3059.090087890625,3296.300048828125,3058.659912109375,3295.77001953125,1678000000
2000-11-09,3057.06005859375,3057.06005859375,3081.6201171875,2923.10009765625,2993.02001953125,1942770000
2000-11-10,2890.260009765625,2890.260009765625,3011.580078125,2890.02001953125,2974.429931640625,1779930000
2000-11-13,2836.6201171875,2836.6201171875,2969.6201171875,2742.469970703125,2798.949951171875,2048330000
2000-11-14,3039.5,3039.5,3043.659912109375,2926.659912109375,2952.6201171875,1785310000
2000-11-15,3076.699951171875,3076.699951171875,3128.3701171875,3001.830078125,3027.610107421875,1705940000
2000-11-16,2925.159912109375,2925.159912109375,3082.419921875,2925.080078125,3016.800048828125,1523710000
2000-11-17,2934.81005859375,2934.81005859375,3000.919921875,2850.14990234375,2934.510009765625,1760850000
2000-11-20,2792.409912109375,2792.409912109375,2885.31005859375,2779.780029296875,2838.2900390625,1716290000
2000-11-21,2786.530029296875,2786.530029296875,2844.550048828125,2745.699951171875,2807.419921875,1749380000
2000-11-22,2668.25,2668.25,2806.330078125,2667.110107421875,2738.2900390625,1885130000
2000-11-24,2830.090087890625,2830.090087890625,2830.760009765625,2740.06005859375,2745.389892578125,781600000
2000-11-27,2769.320068359375,2769.320068359375,2913.760009765625,2759.97998046875,2910.570068359375,1706570000
2000-11-28,2621.110107421875,2621.110107421875,2795.14990234375,2619.5,2763.860107421875,1919970000
2000-11-29,2602.85009765625,2602.85009765625,2670.530029296875,2520.139892578125,2635.050048828125,2055720000
2000-11-30,2506.5400390625,2506.5400390625,2573.110107421875,2426.409912109375,2470.659912109375,2736270000
2000-12-01,2549.739990234375,2549.739990234375,2674.419921875,2499.389892578125,2566.679931640625,2221970000
2000-12-04,2554.39990234375,2554.39990234375,2614.85009765625,2475.6298828125,2572.8798828125,1860480000
2000-12-05,2852.8701171875,2852.8701171875,2852.909912109375,2633.570068359375,2648.5400390625,2474670000
2000-12-06,2743.699951171875,2743.699951171875,2891.5,2721.81005859375,2833.52001953125,2308280000
2000-12-07,2719.909912109375,2719.909912109375,2761.780029296875,2648.93994140625,2688.610107421875,1756810000
2000-12-08,2895.389892578125,2895.389892578125,2914.969970703125,2803.030029296875,2840.199951171875,2328650000
2000-12-11,2972.909912109375,2972.909912109375,2990.830078125,2848.860107421875,2900.280029296875,2447760000
2000-12-12,2863.2099609375,2863.2099609375,2958.2900390625,2862.169921875,2942.199951171875,1919030000
2000-12-13,2748.8798828125,2748.8798828125,2941.340087890625,2741.39990234375,2940.179931640625,2042250000
2000-12-14,2639.260009765625,2639.260009765625,2788.81005859375,2638.110107421875,2744.260009765625,1770640000
2000-12-15,2543.090087890625,2543.090087890625,2624.56005859375,2511.35009765625,2590.840087890625,2770690000
2000-12-18,2543.090087890625,2543.090087890625,2639.0,2511.06005859375,2604.080078125,2065990000
2000-12-19,2399.6298828125,2399.6298828125,2635.219970703125,2397.8701171875,2538.860107421875,2317200000
2000-12-20,2210.320068359375,2210.320068359375,2337.989990234375,2199.199951171875,2288.280029296875,2855150000
2000-12-21,2224.840087890625,2224.840087890625,2347.280029296875,2174.760009765625,2191.820068359375,2686970000
2000-12-22,2436.260009765625,2436.260009765625,2437.18994140625,2303.2099609375,2303.2099609375,2235410000
2000-12-26,2404.60009765625,2404.60009765625,2477.10009765625,2332.35009765625,2435.510009765625,1558700000
2000-12-27,2460.2099609375,2460.2099609375,2468.75,2362.590087890625,2383.419921875,2002650000
2000-12-28,2464.6201171875,2464.6201171875,2505.64990234375,2420.340087890625,2435.840087890625,2192130000
2000-12-29,2341.699951171875,2341.699951171875,2491.25,2328.860107421875,2465.3701171875,2531760000
2001-01-02,2128.780029296875,2128.780029296875,2347.699951171875,2105.489990234375,2341.280029296875,1918930000
2001-01-03,2528.3798828125,2528.3798828125,2530.530029296875,2087.320068359375,2087.320068359375,3188000000
2001-01-04,2460.0400390625,2460.0400390625,2547.0400390625,2432.0400390625,2485.52001953125,2610680000
2001-01-05,2267.85009765625,2267.85009765625,2463.47998046875,2252.360107421875,2460.81005859375,2104670000
2001-01-08,2281.5400390625,2281.5400390625,2282.949951171875,2151.159912109375,2245.43994140625,1850590000
2001-01-09,2311.39990234375,2311.39990234375,2364.409912109375,2274.080078125,2312.530029296875,1975130000
2001-01-10,2413.7099609375,2413.7099609375,2417.429931640625,2237.449951171875,2253.85009765625,2470350000
2001-01-11,2524.2900390625,2524.2900390625,2550.389892578125,2376.860107421875,2376.860107421875,2842640000
2001-01-12,2506.050048828125,2506.050048828125,2591.550048828125,2471.06005859375,2522.449951171875,2518850000
2001-01-16,2470.719970703125,2470.719970703125,2510.340087890625,2432.8701171875,2502.659912109375,2073940000
2001-01-17,2558.669921875,2558.669921875,2629.169921875,2539.090087890625,2586.800048828125,2819190000
2001-01-18,2670.469970703125,2670.469970703125,2672.070068359375,2533.3701171875,2574.639892578125,2558710000
2001-01-19,2655.77001953125,2655.77001953125,2740.760009765625,2633.669921875,2740.110107421875,2697190000
2001-01-22,2643.1298828125,2643.1298828125,2683.1201171875,2598.85009765625,2639.610107421875,2037140000
2001-01-23,2730.050048828125,2730.050048828125,2738.81005859375,2618.719970703125,2642.330078125,2278470000
2001-01-24,2726.449951171875,2726.449951171875,2771.6298828125,2692.81005859375,2732.919921875,2567320000
2001-01-25,2595.85009765625,2595.85009765625,2710.219970703125,2595.469970703125,2687.050048828125,2298150000
2001-01-26,2631.780029296875,2631.780029296875,2635.219970703125,2526.550048828125,2538.280029296875,2268800000
2001-01-29,2694.530029296875,2694.530029296875,2696.72998046875,2578.840087890625,2601.669921875,1970130000
2001-01-30,2686.139892578125,2686.139892578125,2716.409912109375,2661.739990234375,2701.340087890625,2073590000
2001-01-31,2593.0,2593.0,2718.510009765625,2591.919921875,2695.030029296875,2277310000
2001-02-01,2607.159912109375,2607.159912109375,2627.389892578125,2554.93994140625,2586.239990234375,1776260000
2001-02-02,2472.179931640625,2472.179931640625,2616.39990234375,2471.510009765625,2605.639892578125,1706900000
2001-02-05,2467.300048828125,2467.300048828125,2483.580078125,2409.199951171875,2447.719970703125,1648760000
2001-02-06,2473.239990234375,2473.239990234375,2531.050048828125,2456.889892578125,2463.5,1788920000
2001-02-07,2409.659912109375,2409.659912109375,2446.659912109375,2349.919921875,2421.639892578125,2056920000
2001-02-08,2355.669921875,2355.669921875,2464.18994140625,2355.14990234375,2436.47998046875,1852360000
2001-02-09,2261.77001953125,2261.77001953125,2342.419921875,2247.52001953125,2333.010009765625,1881910000
2001-02-12,2286.760009765625,2286.760009765625,2319.89990234375,2229.22998046875,2247.199951171875,1751220000
2001-02-13,2208.39990234375,2208.39990234375,2367.909912109375,2208.010009765625,2315.4599609375,1728550000
2001-02-14,2305.820068359375,2305.820068359375,2307.27001953125,2173.419921875,2224.35009765625,1987350000
2001-02-15,2371.0400390625,2371.0400390625,2423.64990234375,2355.919921875,2360.56005859375,2106930000
2001-02-16,2212.510009765625,2212.510009765625,2266.360107421875,2187.31005859375,2228.77001953125,1892200000
2001-02-20,2095.110107421875,2095.110107421875,2235.739990234375,2094.580078125,2229.909912109375,1878340000
2001-02-21,2058.5400390625,2058.5400390625,2164.25,2044.739990234375,2056.14990234375,2019740000
2001-02-22,2032.4200439453125,2032.4200439453125,2088.60009765625,1958.8800048828125,2058.56005859375,2483470000
2001-02-23,2056.06005859375,2056.06005859375,2061.449951171875,1935.2099609375,1997.550048828125,2237910000
2001-02-26,2097.639892578125,2097.639892578125,2103.6298828125,2020.3199462890625,2088.030029296875,1739060000
2001-02-27,1964.52001953125,1964.52001953125,2081.7900390625,1963.6300048828125,2067.14990234375,1808540000
2001-02-28,1908.3199462890625,1908.3199462890625,2010.3199462890625,1880.469970703125,1983.3499755859375,2082700000
2001-03-01,1968.02001953125,1968.02001953125,1968.02001953125,1837.97998046875,1879.8399658203125,2256880000
2001-03-02,1881.3399658203125,1881.3399658203125,1988.3499755859375,1866.1300048828125,1886.0400390625,2374100000
2001-03-05,1916.6800537109375,1916.6800537109375,1936.02001953125,1892.02001953125,1908.6199951171875,1495750000
2001-03-06,1976.31005859375,1976.31005859375,2029.010009765625,1973.8699951171875,1983.280029296875,1986380000
2001-03-07,1996.22998046875,1996.22998046875,2018.93994140625,1965.9100341796875,2018.93994140625,1774410000
2001-03-08,1938.1500244140625,1938.1500244140625,1993.5,1933.22998046875,1982.43994140625,1759140000
2001-03-09,1813.02001953125,1813.02001953125,1892.7900390625,1802.9100341796875,1892.7900390625,1962120000
2001-03-12,1680.6400146484375,1680.6400146484375,1762.199951171875,1679.72998046875,1758.06005859375,2149820000
2001-03-13,1789.699951171875,1789.699951171875,1790.31005859375,1691.219970703125,1711.989990234375,2096420000
2001-03-14,1745.1300048828125,1745.1300048828125,1808.8499755859375,1700.8499755859375,1711.06005859375,2147220000
2001-03-15,1697.9200439453125,1697.9200439453125,1813.6800537109375,1697.6099853515625,1809.5,1963770000
2001-03-16,1647.510009765625,1647.510009765625,1693.5999755859375,1627.800048828125,1656.780029296875,2102270000
2001-03-19,1730.4599609375,1730.4599609375,1732.9200439453125,1632.47998046875,1659.699951171875,1774570000
2001-03-20,1614.469970703125,1614.469970703125,1749.2900390625,1614.4100341796875,1742.989990234375,2016500000
2001-03-21,1605.0400390625,1605.0400390625,1674.31005859375,1594.3900146484375,1624.31005859375,2109190000
2001-03-22,1701.9000244140625,1701.9000244140625,1703.280029296875,1582.47998046875,1624.81005859375,2504770000
2001-03-23,1705.02001953125,1705.02001953125,1754.6500244140625,1666.8199462890625,1743.9599609375,2284560000
2001-03-26,1676.9000244140625,1676.9000244140625,1736.8800048828125,1667.800048828125,1735.530029296875,1719620000
2001-03-27,1735.6300048828125,1735.6300048828125,1751.1400146484375,1664.6600341796875,1680.72998046875,1951410000
2001-03-28,1602.219970703125,1602.219970703125,1687.9200439453125,1600.3699951171875,1677.6300048828125,2072260000
2001-03-29,1563.1400146484375,1563.1400146484375,1626.8800048828125,1543.3900146484375,1578.989990234375,2079050000
2001-03-30,1573.25,1573.25,1600.8800048828125,1530.1400146484375,1573.8199462890625,2139050000
2001-04-02,1516.5799560546875,1516.5799560546875,1594.3599853515625,1499.300048828125,1569.6600341796875,1848350000
2001-04-03,1399.050048828125,1399.050048828125,1493.1099853515625,1390.0999755859375,1487.8699951171875,2573410000
2001-04-04,1370.75,1370.75,1435.3599853515625,1348.52001953125,1392.030029296875,2465470000
2001-04-05,1519.050048828125,1519.050048828125,1521.760009765625,1434.010009765625,1452.0400390625,2333000000
2001-04-06,1448.1600341796875,1448.1600341796875,1485.3699951171875,1425.8900146484375,1483.9599609375,1835720000
2001-04-09,1481.219970703125,1481.219970703125,1495.760009765625,1437.8499755859375,1472.81005859375,1448830000
2001-04-10,1597.8699951171875,1597.8699951171875,1620.739990234375,1515.5799560546875,1515.5799560546875,2203460000
2001-04-11,1647.3599853515625,1647.3599853515625,1703.8900146484375,1624.800048828125,1694.5999755859375,2372010000
2001-04-12,1714.2900390625,1714.2900390625,1714.68994140625,1605.6099853515625,1617.949951171875,1902800000
2001-04-16,1650.2099609375,1650.2099609375,1700.3900146484375,1630.31005859375,1682.1700439453125,1571910000
2001-04-17,1671.510009765625,1671.510009765625,1694.219970703125,1603.989990234375,1605.5400390625,1900580000
2001-04-18,1830.7900390625,1830.7900390625,1892.8499755859375,1739.1600341796875,1760.050048828125,3195650000
2001-04-19,1953.280029296875,1953.280029296875,1953.5699462890625,1829.97998046875,1854.199951171875,2788870000
2001-04-20,1933.5699462890625,1933.5699462890625,1981.9000244140625,1901.4000244140625,1933.6099853515625,2544420000
2001-04-23,1811.8900146484375,1811.8900146484375,1881.5400390625,1802.8199462890625,1881.52001953125,1845630000
2001-04-24,1762.2099609375,1762.2099609375,1860.0799560546875,1756.300048828125,1809.469970703125,1983330000
2001-04-25,1814.3299560546875,1814.3299560546875,1824.8800048828125,1743.449951171875,1758.0699462890625,1978940000
2001-04-26,1763.3299560546875,1763.3299560546875,1844.5699462890625,1761.6700439453125,1839.4000244140625,2028800000
2001-04-27,1810.469970703125,1810.469970703125,1822.43994140625,1777.18994140625,1808.9200439453125,1801600000
2001-04-30,1855.1500244140625,1855.1500244140625,1906.9000244140625,1826.1199951171875,1855.9000244140625,2027180000
2001-05-01,1919.010009765625,1919.010009765625,1919.449951171875,1822.8599853515625,1854.6700439453125,1922520000
2001-05-02,1962.4200439453125,1962.4200439453125,1980.1300048828125,1916.72998046875,1958.1700439453125,2584140000
2001-05-03,1877.800048828125,1877.800048828125,1919.6199951171875,1853.8399658203125,1913.9300537109375,2010880000
2001-05-04,1924.1199951171875,1924.1199951171875,1930.030029296875,1810.8599853515625,1820.5699462890625,2057110000
2001-05-07,1895.4100341796875,1895.4100341796875,1948.02001953125,1889.800048828125,1924.6800537109375,1749600000
2001-05-08,1929.239990234375,1929.239990234375,1939.6600341796875,1887.22998046875,1939.02001953125,1892280000
2001-05-09,1876.5999755859375,1876.5999755859375,1921.8699951171875,1862.06005859375,1885.0,1793520000
2001-05-10,1838.3199462890625,1838.3199462890625,1926.949951171875,1838.02001953125,1926.469970703125,1741690000
2001-05-11,1821.199951171875,1821.199951171875,1861.52001953125,1810.8900146484375,1842.6500244140625,1430930000
2001-05-14,1795.06005859375,1795.06005859375,1820.510009765625,1769.3299560546875,1819.3900146484375,1338540000
2001-05-15,1797.0799560546875,1797.0799560546875,1853.050048828125,1790.510009765625,1801.4599609375,1710620000
2001-05-16,1899.469970703125,1899.469970703125,1904.25,1768.6199951171875,1778.7099609375,2078580000
2001-05-17,1925.1400146484375,1925.1400146484375,1955.77001953125,1898.6500244140625,1900.8399658203125,2154310000
2001-05-18,1927.68994140625,1927.68994140625,1940.760009765625,1898.280029296875,1910.7099609375,1792620000
2001-05-21,2052.570068359375,2052.570068359375,2052.669921875,1927.0400390625,1931.2900390625,2311480000
2001-05-22,2042.9300537109375,2042.9300537109375,2070.610107421875,2023.0699462890625,2062.89990234375,2314800000
2001-05-23,1957.56005859375,1957.56005859375,2073.97998046875,1957.43994140625,2022.1600341796875,1886790000
2001-05-24,2003.3699951171875,2003.3699951171875,2003.7099609375,1937.6700439453125,1965.43994140625,1864570000
2001-05-25,1960.739990234375,1960.739990234375,2003.6800537109375,1953.239990234375,2000.1199951171875,1385410000
2001-05-29,1873.530029296875,1873.530029296875,1946.5699462890625,1865.1800537109375,1946.5699462890625,1621060000
2001-05-30,1779.0,1779.0,1837.010009765625,1768.97998046875,1823.8399658203125,1991230000
2001-05-31,1799.8900146484375,1799.8900146484375,1838.2900390625,1784.719970703125,1785.25,1833070000
2001-06-01,1840.8299560546875,1840.8299560546875,1852.0799560546875,1785.43994140625,1826.02001953125,1555300000
2001-06-04,1838.8399658203125,1838.8399658203125,1869.97998046875,1819.0799560546875,1861.1199951171875,1320350000
2001-06-05,1923.9000244140625,1923.9000244140625,1937.93994140625,1853.469970703125,1853.6500244140625,1845100000
2001-06-06,1903.8399658203125,1903.8399658203125,1945.93994140625,1890.510009765625,1931.449951171875,1771940000
2001-06-07,1963.31005859375,1963.31005859375,1963.8299560546875,1891.010009765625,1892.97998046875,1660520000
2001-06-08,1896.219970703125,1896.219970703125,1959.7099609375,1885.8399658203125,1959.7099609375,1437730000
2001-06-11,1846.5,1846.5,1885.1700439453125,1826.280029296875,1885.1700439453125,1418630000
2001-06-12,1852.030029296875,1852.030029296875,1871.030029296875,1776.4100341796875,1799.5799560546875,1713560000
2001-06-13,1790.2099609375,1790.2099609375,1875.2900390625,1789.9100341796875,1860.050048828125,1546790000
2001-06-14,1711.3900146484375,1711.3900146484375,1776.3499755859375,1711.3199462890625,1766.4100341796875,1763760000
2001-06-15,1701.530029296875,1701.530029296875,1725.77001953125,1657.6500244140625,1679.3299560546875,2109340000
2001-06-18,1666.489990234375,1666.489990234375,1729.3900146484375,1662.5899658203125,1712.0400390625,1567770000
2001-06-19,1675.9000244140625,1675.9000244140625,1745.760009765625,1656.739990234375,1736.2900390625,1980650000
2001-06-20,1721.56005859375,1721.56005859375,1722.8499755859375,1655.260009765625,1655.260009765625,2110760000
2001-06-21,1751.219970703125,1751.219970703125,1774.25,1697.56005859375,1714.0,2180500000
2001-06-22,1727.469970703125,1727.469970703125,1773.260009765625,1718.3499755859375,1755.5699462890625,1714580000
2001-06-25,1743.9000244140625,1743.9000244140625,1755.6700439453125,1713.030029296875,1752.7099609375,1481730000
2001-06-26,1751.6199951171875,1751.6199951171875,1757.9300537109375,1705.9300537109375,1708.8900146484375,1657380000
2001-06-27,1756.02001953125,1756.02001953125,1769.550048828125,1726.780029296875,1755.25,1716400000
2001-06-28,1808.93994140625,1808.93994140625,1847.3800048828125,1782.3199462890625,1782.3199462890625,1952960000
2001-06-29,1830.18994140625,1830.18994140625,1865.3599853515625,1795.449951171875,1812.1700439453125,2071630000
2001-07-02,1830.18994140625,1830.18994140625,1864.199951171875,1815.1099853515625,1831.4200439453125,1513420000
2001-07-03,1822.1600341796875,1822.1600341796875,1832.010009765625,1798.43994140625,1817.7099609375,868430000
2001-07-05,1751.0,1751.0,1812.260009765625,1750.510009765625,1800.6300048828125,1290680000
2001-07-06,1668.5899658203125,1668.5899658203125,1729.5699462890625,1666.6199951171875,1728.5699462890625,1441420000
2001-07-09,1697.050048828125,1697.050048828125,1712.0799560546875,1669.22998046875,1680.8800048828125,1399630000
2001-07-10,1624.949951171875,1624.949951171875,1719.3199462890625,1624.800048828125,1718.81005859375,1663970000
2001-07-11,1641.56005859375,1641.56005859375,1646.8299560546875,1600.18994140625,1617.510009765625,1770290000
2001-07-12,1750.1300048828125,1750.1300048828125,1757.2900390625,1700.4100341796875,1708.3199462890625,1888690000
2001-07-13,1751.1099853515625,1751.1099853515625,1782.52001953125,1723.0799560546875,1741.3599853515625,1561760000
2001-07-16,1685.739990234375,1685.739990234375,1758.9300537109375,1682.699951171875,1743.0899658203125,1489350000
2001-07-17,1729.550048828125,1729.550048828125,1729.6300048828125,1667.47998046875,1675.06005859375,1695690000
2001-07-18,1666.8699951171875,1666.8699951171875,1716.1600341796875,1652.0,1692.1600341796875,1738120000
2001-07-19,1695.8900146484375,1695.8900146484375,1739.1300048828125,1674.5699462890625,1700.56005859375,1906220000
2001-07-20,1676.4599609375,1676.4599609375,1690.1800537109375,1659.97998046875,1662.3800048828125,1642120000
2001-07-23,1629.9300537109375,1629.9300537109375,1699.43994140625,1629.739990234375,1695.199951171875,1356540000
2001-07-24,1604.8599853515625,1604.8599853515625,1639.56005859375,1580.5699462890625,1618.739990234375,1601500000
2001-07-25,1627.8599853515625,1627.8599853515625,1632.8900146484375,1581.6700439453125,1609.3699951171875,1675490000
2001-07-26,1673.3900146484375,1673.3900146484375,1679.239990234375,1604.9200439453125,1624.219970703125,1765390000
2001-07-27,1683.1800537109375,1683.1800537109375,1694.68994140625,1661.1199951171875,1673.4300537109375,1583800000
2001-07-30,1670.030029296875,1670.030029296875,1696.3399658203125,1662.6700439453125,1689.2099609375,1338230000
2001-07-31,1683.6099853515625,1683.6099853515625,1715.3699951171875,1665.81005859375,1678.7099609375,1621790000
2001-08-01,1729.530029296875,1729.530029296875,1743.72998046875,1704.4300537109375,1713.6700439453125,1784220000
2001-08-02,1751.449951171875,1751.449951171875,1766.5799560546875,1718.93994140625,1758.9300537109375,1675930000
2001-08-03,1725.9000244140625,1725.9000244140625,1744.02001953125,1709.31005859375,1744.02001953125,1245120000
2001-08-06,1702.8399658203125,1702.8399658203125,1718.5899658203125,1700.239990234375,1705.8800048828125,1106550000
2001-08-07,1696.3699951171875,1696.3699951171875,1717.1099853515625,1684.0899658203125,1695.27001953125,1318020000
2001-08-08,1626.199951171875,1626.199951171875,1710.52001953125,1618.77001953125,1681.8499755859375,1661690000
2001-08-09,1628.9200439453125,1628.9200439453125,1639.5400390625,1603.97998046875,1622.449951171875,1457150000
2001-08-10,1617.449951171875,1617.449951171875,1634.6700439453125,1576.0699462890625,1621.5,1372690000
2001-08-13,1653.27001953125,1653.27001953125,1657.989990234375,1615.260009765625,1627.3399658203125,1147040000
2001-08-14,1629.949951171875,1629.949951171875,1672.0699462890625,1627.6099853515625,1665.1600341796875,1231860000
2001-08-15,1572.030029296875,1572.030029296875,1641.8399658203125,1571.9200439453125,1629.530029296875,1463930000
2001-08-16,1581.97998046875,1581.97998046875,1582.199951171875,1526.81005859375,1548.300048828125,1613790000
2001-08-17,1516.5799560546875,1516.5799560546875,1556.010009765625,1514.0,1541.6099853515625,1301510000
2001-08-20,1535.989990234375,1535.989990234375,1536.780029296875,1506.530029296875,1518.18994140625,1165790000
2001-08-21,1480.739990234375,1480.739990234375,1550.199951171875,1480.4300537109375,1538.800048828125,1325960000
2001-08-22,1515.4100341796875,1515.4100341796875,1517.8299560546875,1467.5799560546875,1504.6500244140625,1550540000
2001-08-23,1496.97998046875,1496.97998046875,1542.5899658203125,1496.6400146484375,1513.3699951171875,1456290000
2001-08-24,1579.6199951171875,1579.6199951171875,1579.6800537109375,1515.3399658203125,1521.47998046875,1495650000
2001-08-27,1578.3299560546875,1578.3299560546875,1601.969970703125,1559.6700439453125,1576.1600341796875,1195290000
2001-08-28,1526.300048828125,1526.300048828125,1581.8199462890625,1526.0799560546875,1579.550048828125,1433940000
2001-08-29,1499.760009765625,1499.760009765625,1541.93994140625,1491.219970703125,1538.1600341796875,1466700000
2001-08-30,1453.9000244140625,1453.9000244140625,1495.0999755859375,1438.9100341796875,1472.6500244140625,1734810000
2001-08-31,1469.699951171875,1469.699951171875,1484.989990234375,1443.550048828125,1444.72998046875,1232880000
2001-09-04,1424.1199951171875,1424.1199951171875,1502.6700439453125,1424.06005859375,1466.3199462890625,1536580000
2001-09-05,1415.300048828125,1415.300048828125,1440.3299560546875,1371.300048828125,1425.3499755859375,1950580000
2001-09-06,1361.68994140625,1361.68994140625,1418.6600341796875,1360.5699462890625,1392.0,1887800000
2001-09-07,1354.27001953125,1354.27001953125,1390.1199951171875,1339.8900146484375,1347.6199951171875,1712760000
2001-09-10,1365.3900146484375,1365.3900146484375,1375.5999755859375,1339.4100341796875,1342.0799560546875,1612970000
2001-09-17,1252.699951171875,1252.699951171875,1310.22998046875,1251.8900146484375,1277.1199951171875,2254620000
2001-09-18,1224.6400146484375,1224.6400146484375,1282.72998046875,1220.989990234375,1268.280029296875,1864980000
2001-09-19,1208.22998046875,1208.22998046875,1242.72998046875,1135.8499755859375,1230.1400146484375,2464030000
2001-09-20,1166.27001953125,1166.27001953125,1205.6400146484375,1160.6099853515625,1175.0999755859375,2804660000
2001-09-21,1126.949951171875,1126.949951171875,1160.239990234375,1088.9599609375,1088.9599609375,2588150000
2001-09-24,1191.02001953125,1191.02001953125,1202.5699462890625,1158.8599853515625,1166.719970703125,2052290000
2001-09-25,1187.77001953125,1187.77001953125,1220.3900146484375,1162.9100341796875,1194.0899658203125,2181960000
2001-09-26,1143.47998046875,1143.47998046875,1203.6400146484375,1141.030029296875,1203.43994140625,1760620000
2001-09-27,1144.27001953125,1144.27001953125,1153.3299560546875,1101.3900146484375,1137.489990234375,2043090000
2001-09-28,1168.3699951171875,1168.3699951171875,1255.93994140625,1145.760009765625,1158.0699462890625,2114360000
2001-10-01,1151.239990234375,1151.239990234375,1163.1700439453125,1131.3199462890625,1161.739990234375,1505140000
2001-10-02,1159.3699951171875,1159.3699951171875,1179.0699462890625,1141.6199951171875,1150.7900390625,1784730000
2001-10-03,1249.4100341796875,1249.4100341796875,1267.510009765625,1139.2099609375,1144.760009765625,2713300000
2001-10-04,1260.6600341796875,1260.6600341796875,1313.6400146484375,1242.97998046875,1271.739990234375,2558580000
2001-10-05,1271.72998046875,1271.72998046875,1280.1199951171875,1216.0699462890625,1248.1800537109375,1836380000
2001-10-08,1279.6300048828125,1279.6300048828125,1297.489990234375,1242.93994140625,1249.3199462890625,1417520000
2001-10-09,1244.56005859375,1244.56005859375,1284.9200439453125,1240.7900390625,1278.989990234375,1527430000
2001-10-10,1304.6800537109375,1304.6800537109375,1305.4599609375,1235.4200439453125,1239.77001953125,1857510000
2001-10-11,1389.8699951171875,1389.8699951171875,1389.8699951171875,1333.280029296875,1333.8699951171875,2532940000
2001-10-12,1393.8399658203125,1393.8399658203125,1396.2900390625,1333.6500244140625,1376.27001953125,2185970000
2001-10-15,1378.9200439453125,1378.9200439453125,1385.969970703125,1351.81005859375,1370.199951171875,1586210000
2001-10-16,1404.81005859375,1404.81005859375,1406.199951171875,1368.3399658203125,1390.3699951171875,1843310000
2001-10-17,1314.800048828125,1314.800048828125,1440.6300048828125,1314.800048828125,1440.6300048828125,2292410000
2001-10-18,1330.3299560546875,1330.3299560546875,1344.4300537109375,1302.75,1315.3399658203125,1793870000
2001-10-19,1347.5899658203125,1347.5899658203125,1353.260009765625,1302.530029296875,1317.22998046875,1591110000
2001-10-22,1383.0699462890625,1383.0699462890625,1383.1099853515625,1333.6199951171875,1340.9599609375,1530830000
2001-10-23,1384.06005859375,1384.06005859375,1419.7099609375,1371.030029296875,1397.27001953125,1839490000
2001-10-24,1424.68994140625,1424.68994140625,1430.75,1379.3699951171875,1388.510009765625,1895000000
2001-10-25,1479.050048828125,1479.050048828125,1479.050048828125,1374.6500244140625,1396.3499755859375,2259620000
2001-10-26,1454.9000244140625,1454.9000244140625,1487.4000244140625,1453.52001953125,1461.8800048828125,1999200000
2001-10-29,1374.5799560546875,1374.5799560546875,1450.6800537109375,1374.47998046875,1445.6400146484375,1659170000
2001-10-30,1342.260009765625,1342.260009765625,1367.7900390625,1320.47998046875,1353.9599609375,1778560000
2001-10-31,1364.780029296875,1364.780029296875,1403.0899658203125,1354.739990234375,1368.5400390625,1897610000
2001-11-01,1424.1500244140625,1424.1500244140625,1426.93994140625,1358.719970703125,1381.699951171875,1784910000
2001-11-02,1425.780029296875,1425.780029296875,1439.010009765625,1402.2099609375,1417.4000244140625,1643860000
2001-11-05,1480.2099609375,1480.2099609375,1490.1099853515625,1453.75,1453.93994140625,1734250000
2001-11-06,1523.0899658203125,1523.0899658203125,1523.6600341796875,1462.18994140625,1471.1099853515625,1945510000
2001-11-07,1524.6700439453125,1524.6700439453125,1559.0400390625,1506.1099853515625,1506.1099853515625,2065810000
2001-11-08,1510.5999755859375,1510.5999755859375,1580.5899658203125,1497.8900146484375,1548.0,2300720000
2001-11-09,1514.9599609375,1514.9599609375,1526.93994140625,1491.0,1508.0899658203125,1524360000
2001-11-12,1528.75,1528.75,1538.75,1463.1199951171875,1511.77001953125,1594470000
2001-11-13,1580.760009765625,1580.760009765625,1585.0699462890625,1552.56005859375,1566.47998046875,2189000000
2001-11-14,1585.8900146484375,1585.8900146484375,1614.77001953125,1556.7099609375,1601.52001953125,2175590000
2001-11-15,1582.5799560546875,1582.5799560546875,1609.0400390625,1566.4200439453125,1572.8199462890625,2025550000
2001-11-16,1582.1400146484375,1582.1400146484375,1591.5799560546875,1563.5999755859375,1586.800048828125,1714140000
2001-11-19,1617.5799560546875,1617.5799560546875,1618.18994140625,1586.6600341796875,1597.800048828125,1924900000
2001-11-20,1549.699951171875,1549.699951171875,1614.3699951171875,1546.5999755859375,1607.6099853515625,1988580000
2001-11-21,1552.010009765625,1552.010009765625,1562.760009765625,1526.0799560546875,1543.7099609375,1577590000
2001-11-23,1577.469970703125,1577.469970703125,1581.6099853515625,1549.3900146484375,1557.0899658203125,569820000
2001-11-26,1619.6500244140625,1619.6500244140625,1619.72998046875,1580.9200439453125,1590.050048828125,1734130000
2001-11-27,1609.8699951171875,1609.8699951171875,1644.3800048828125,1575.47998046875,1607.6099853515625,2137420000
2001-11-28,1557.030029296875,1557.030029296875,1620.1500244140625,1557.030029296875,1594.8800048828125,1905150000
2001-11-29,1599.300048828125,1599.300048828125,1599.6400146484375,1558.6500244140625,1569.4200439453125,1957120000
2001-11-30,1596.050048828125,1596.050048828125,1608.4300537109375,1581.280029296875,1594.8299560546875,1831850000
2001-12-03,1567.5400390625,1567.5400390625,1590.300048828125,1562.72998046875,1576.260009765625,1496760000
2001-12-04,1634.27001953125,1634.27001953125,1634.550048828125,1577.3399658203125,1582.0699462890625,1908630000
2001-12-05,1720.9100341796875,1720.9100341796875,1731.2900390625,1653.6300048828125,1653.6300048828125,2777500000
2001-12-06,1717.969970703125,1717.969970703125,1734.5799560546875,1703.02001953125,1715.010009765625,2212470000
2001-12-07,1673.9000244140625,1673.9000244140625,1709.5,1652.6600341796875,1706.27001953125,1916720000
2001-12-10,1645.3599853515625,1645.3599853515625,1694.3299560546875,1642.4200439453125,1658.469970703125,1679480000
2001-12-11,1661.27001953125,1661.27001953125,1695.1500244140625,1654.719970703125,1666.260009765625,1965200000
2001-12-12,1669.949951171875,1669.949951171875,1683.47998046875,1631.4200439453125,1666.5,1895290000
2001-12-13,1601.9100341796875,1601.9100341796875,1645.0400390625,1601.7099609375,1634.6199951171875,2095820000
2001-12-14,1605.6700439453125,1605.6700439453125,1622.7900390625,1590.7099609375,1601.219970703125,1900020000
2001-12-17,1640.3399658203125,1640.3399658203125,1654.449951171875,1607.02001953125,1607.0799560546875,1840920000
2001-12-18,1657.6800537109375,1657.6800537109375,1665.3900146484375,1642.8699951171875,1653.31005859375,1852020000
2001-12-19,1628.68994140625,1628.68994140625,1658.5799560546875,1620.719970703125,1629.469970703125,1919850000
2001-12-20,1557.3599853515625,1557.3599853515625,1617.22998046875,1557.1800537109375,1613.06005859375,2043110000
2001-12-21,1578.27001953125,1578.27001953125,1594.0799560546875,1573.02001953125,1579.8900146484375,2359670000
2001-12-24,1577.31005859375,1577.31005859375,1590.0400390625,1575.010009765625,1581.1600341796875,564380000
2001-12-26,1590.8399658203125,1590.8399658203125,1618.0400390625,1583.68994140625,1583.68994140625,1127350000
2001-12-27,1606.47998046875,1606.47998046875,1614.43994140625,1591.77001953125,1599.25,1241060000
2001-12-28,1621.1300048828125,1621.1300048828125,1637.5699462890625,1617.010009765625,1617.8499755859375,1328290000
2001-12-31,1577.050048828125,1577.050048828125,1623.6300048828125,1577.030029296875,1617.3499755859375,1414840000
2002-01-02,1610.3900146484375,1610.3900146484375,1610.4100341796875,1565.0799560546875,1590.7099609375,1517670000
2002-01-03,1666.6600341796875,1666.6600341796875,1667.18994140625,1618.300048828125,1618.300048828125,2209630000
2002-01-04,1675.030029296875,1675.030029296875,1698.4599609375,1645.3199462890625,1685.5400390625,2205610000
2002-01-07,1649.8299560546875,1649.8299560546875,1694.27001953125,1647.56005859375,1691.3599853515625,2121110000
2002-01-08,1666.5799560546875,1666.5799560546875,1676.68994140625,1641.1700439453125,1651.4200439453125,1873670000
2002-01-09,1653.760009765625,1653.760009765625,1710.22998046875,1644.8900146484375,1688.260009765625,2321450000
2002-01-10,1656.6800537109375,1656.6800537109375,1667.2900390625,1635.0799560546875,1653.969970703125,1761640000
2002-01-11,1634.1700439453125,1634.1700439453125,1670.3199462890625,1627.4200439453125,1659.469970703125,1625530000
2002-01-14,1603.760009765625,1603.760009765625,1633.1199951171875,1595.0400390625,1624.9100341796875,1801650000
2002-01-15,1612.4599609375,1612.4599609375,1628.0,1590.8299560546875,1607.010009765625,1675150000
2002-01-16,1558.97998046875,1558.97998046875,1597.1500244140625,1558.969970703125,1588.77001953125,1917270000
2002-01-17,1602.3199462890625,1602.3199462890625,1605.280029296875,1569.1099853515625,1587.010009765625,1893110000
2002-01-18,1548.219970703125,1548.219970703125,1582.9200439453125,1537.989990234375,1558.4100341796875,1693010000
2002-01-22,1501.780029296875,1501.780029296875,1567.5899658203125,1500.8900146484375,1567.5899658203125,1817220000
2002-01-23,1549.2099609375,1549.2099609375,1553.4100341796875,1501.7900390625,1511.949951171875,1871120000
2002-01-24,1565.1300048828125,1565.1300048828125,1586.3399658203125,1559.3499755859375,1565.3399658203125,1907870000
2002-01-25,1558.260009765625,1558.260009765625,1572.0899658203125,1541.8399658203125,1546.0999755859375,1655310000
2002-01-28,1564.8599853515625,1564.8599853515625,1581.3800048828125,1543.510009765625,1573.3900146484375,1482080000
2002-01-29,1519.3299560546875,1519.3299560546875,1582.6500244140625,1508.6199951171875,1570.699951171875,1875380000
2002-01-30,1538.93994140625,1538.93994140625,1539.0699462890625,1481.4599609375,1525.0899658203125,2066970000
2002-01-31,1550.1700439453125,1550.1700439453125,1554.949951171875,1528.0400390625,1549.469970703125,1803530000
2002-02-01,1528.1500244140625,1528.1500244140625,1561.239990234375,1515.8499755859375,1544.4200439453125,1710000000
2002-02-04,1479.1700439453125,1479.1700439453125,1528.300048828125,1471.52001953125,1526.3199462890625,1779030000
2002-02-05,1462.8599853515625,1462.8599853515625,1497.4100341796875,1454.77001953125,1468.6099853515625,2106870000
2002-02-06,1445.9599609375,1445.9599609375,1480.449951171875,1434.9599609375,1480.449951171875,2105480000
2002-02-07,1413.8599853515625,1413.8599853515625,1459.93994140625,1413.4200439453125,1445.1099853515625,1998300000
2002-02-08,1452.1700439453125,1452.1700439453125,1452.1700439453125,1405.7900390625,1426.260009765625,1794710000
2002-02-11,1477.6400146484375,1477.6400146484375,1477.9599609375,1446.68994140625,1451.1300048828125,1564830000
2002-02-12,1464.760009765625,1464.760009765625,1484.969970703125,1448.77001953125,1458.280029296875,1621680000
2002-02-13,1486.75,1486.75,1492.27001953125,1471.260009765625,1476.25,1600740000
2002-02-14,1474.7099609375,1474.7099609375,1508.25,1471.239990234375,1491.18994140625,1679410000
2002-02-15,1436.699951171875,1436.699951171875,1482.5699462890625,1432.9599609375,1477.4599609375,1624720000
2002-02-19,1387.27001953125,1387.27001953125,1424.0400390625,1380.4599609375,1421.0699462890625,1749170000
2002-02-20,1408.260009765625,1408.260009765625,1411.969970703125,1364.2099609375,1400.8299560546875,1918210000
2002-02-21,1348.25,1348.25,1403.31005859375,1348.25,1397.1700439453125,1833750000
2002-02-22,1356.1600341796875,1356.1600341796875,1372.06005859375,1329.9300537109375,1351.239990234375,1839340000
2002-02-25,1407.989990234375,1407.989990234375,1414.2900390625,1365.949951171875,1366.43994140625,1666850000
2002-02-26,1401.18994140625,1401.18994140625,1423.4300537109375,1382.989990234375,1416.0999755859375,1670530000
2002-02-27,1378.47998046875,1378.47998046875,1426.25,1369.239990234375,1420.300048828125,1823440000
2002-02-28,1359.219970703125,1359.219970703125,1404.0400390625,1356.0400390625,1386.1500244140625,1935630000
2002-03-01,1435.4100341796875,1435.4100341796875,1435.81005859375,1370.3199462890625,1373.1500244140625,1902520000
2002-03-04,1494.699951171875,1494.699951171875,1495.18994140625,1422.219970703125,1434.68994140625,2297630000
2002-03-05,1498.949951171875,1498.949951171875,1519.3599853515625,1480.1700439453125,1484.8299560546875,2074650000
2002-03-06,1519.949951171875,1519.949951171875,1523.1199951171875,1471.6600341796875,1488.800048828125,1907080000
2002-03-07,1506.81005859375,1506.81005859375,1538.4100341796875,1488.25,1531.4300537109375,1898190000
2002-03-08,1555.1099853515625,1555.1099853515625,1562.969970703125,1532.6300048828125,1537.030029296875,2059420000
2002-03-11,1553.800048828125,1553.800048828125,1573.4200439453125,1530.510009765625,1542.0899658203125,1763950000
2002-03-12,1520.5400390625,1520.5400390625,1523.449951171875,1500.4200439453125,1510.06005859375,1750150000
2002-03-13,1486.27001953125,1486.27001953125,1512.4000244140625,1482.4100341796875,1502.4000244140625,1664240000
2002-03-14,1477.18994140625,1477.18994140625,1500.9000244140625,1476.1400146484375,1488.3599853515625,1492130000
2002-03-15,1495.4100341796875,1495.4100341796875,1498.52001953125,1470.489990234375,1484.4599609375,1698800000
2002-03-18,1505.8900146484375,1505.8900146484375,1523.27001953125,1489.3499755859375,1511.8299560546875,1547190000
2002-03-19,1504.6700439453125,1504.6700439453125,1519.1199951171875,1496.6700439453125,1510.4599609375,1521620000
2002-03-20,1451.02001953125,1451.02001953125,1488.510009765625,1451.02001953125,1482.0999755859375,1554640000
2002-03-21,1488.969970703125,1488.969970703125,1491.31005859375,1443.1700439453125,1452.1800537109375,1601590000
2002-03-22,1470.0999755859375,1470.0999755859375,1491.030029296875,1467.1600341796875,1483.0400390625,1504960000
2002-03-25,1427.5999755859375,1427.5999755859375,1481.969970703125,1427.510009765625,1473.6199951171875,1429310000
2002-03-26,1439.550048828125,1439.550048828125,1462.5,1423.030029296875,1423.5699462890625,1662170000
2002-03-27,1436.510009765625,1436.510009765625,1446.1099853515625,1424.18994140625,1431.3499755859375,1624230000
2002-03-28,1452.81005859375,1452.81005859375,1463.02001953125,1443.2900390625,1447.47998046875,1664900000
2002-04-01,1478.52001953125,1478.52001953125,1481.739990234375,1425.6300048828125,1440.3800048828125,1554790000
2002-04-02,1410.4100341796875,1410.4100341796875,1451.72998046875,1410.4100341796875,1444.949951171875,1701240000
2002-04-03,1394.2099609375,1394.2099609375,1423.469970703125,1378.9300537109375,1417.780029296875,1704190000
2002-04-04,1396.969970703125,1396.969970703125,1411.6600341796875,1377.8800048828125,1385.530029296875,1731670000
2002-04-05,1376.719970703125,1376.719970703125,1412.8499755859375,1375.6300048828125,1405.9200439453125,1508100000
2002-04-08,1392.9599609375,1392.9599609375,1395.25,1342.989990234375,1346.77001953125,1599200000
2002-04-09,1345.3199462890625,1345.3199462890625,1405.0999755859375,1345.1099853515625,1397.5899658203125,1662760000
2002-04-10,1363.2900390625,1363.2900390625,1375.1400146484375,1332.6800537109375,1356.469970703125,1965420000
2002-04-11,1324.6500244140625,1324.6500244140625,1360.6199951171875,1322.25,1352.760009765625,1707140000
2002-04-12,1351.8499755859375,1351.8499755859375,1356.8299560546875,1325.5699462890625,1340.6600341796875,1532480000
2002-04-15,1355.0899658203125,1355.0899658203125,1364.239990234375,1336.4200439453125,1358.760009765625,1327230000
2002-04-16,1413.9300537109375,1413.9300537109375,1414.760009765625,1382.8599853515625,1382.8599853515625,1791490000
2002-04-17,1403.7099609375,1403.7099609375,1426.010009765625,1393.18994140625,1422.4200439453125,1931060000
2002-04-18,1395.9000244140625,1395.9000244140625,1410.9300537109375,1369.9200439453125,1397.75,1866140000
2002-04-19,1385.010009765625,1385.010009765625,1408.31005859375,1382.8900146484375,1408.31005859375,1681640000
2002-04-22,1349.8299560546875,1349.8299560546875,1365.3399658203125,1336.989990234375,1365.3399658203125,1703120000
2002-04-23,1322.81005859375,1322.81005859375,1357.010009765625,1316.1500244140625,1348.9300537109375,1957900000
2002-04-24,1302.3199462890625,1302.3199462890625,1337.3399658203125,1300.949951171875,1334.8699951171875,1923230000
2002-04-25,1302.3199462890625,1302.3199462890625,1315.02001953125,1287.8299560546875,1295.5899658203125,1971760000
2002-04-26,1250.8900146484375,1250.8900146484375,1316.6500244140625,1250.8199462890625,1310.800048828125,1893790000
2002-04-29,1246.75,1246.75,1267.77001953125,1228.93994140625,1256.5799560546875,1842550000
2002-04-30,1277.0699462890625,1277.0699462890625,1292.18994140625,1243.52001953125,1245.6500244140625,2091610000
2002-05-01,1267.43994140625,1267.43994140625,1278.02001953125,1232.3599853515625,1273.6300048828125,2189110000
2002-05-02,1225.3699951171875,1225.3699951171875,1284.300048828125,1224.6600341796875,1262.6600341796875,2060340000
2002-05-03,1190.739990234375,1190.739990234375,1224.3699951171875,1185.7900390625,1223.8900146484375,1990950000
2002-05-06,1161.1600341796875,1161.1600341796875,1204.3499755859375,1160.989990234375,1191.530029296875,1776080000
2002-05-07,1159.25,1159.25,1178.8800048828125,1142.25,1173.760009765625,2139130000
2002-05-08,1282.4100341796875,1282.4100341796875,1282.43994140625,1212.760009765625,1212.989990234375,2403240000
2002-05-09,1240.4100341796875,1240.4100341796875,1281.199951171875,1239.02001953125,1268.9100341796875,1788460000
2002-05-10,1188.780029296875,1188.780029296875,1248.9599609375,1186.0799560546875,1247.0899658203125,1839130000
2002-05-13,1241.5400390625,1241.5400390625,1244.02001953125,1192.9000244140625,1200.68994140625,1648780000
2002-05-14,1305.550048828125,1305.550048828125,1309.3199462890625,1282.0999755859375,1287.72998046875,2603120000
2002-05-15,1311.050048828125,1311.050048828125,1350.5400390625,1280.0699462890625,1290.4000244140625,2266100000
2002-05-16,1315.8499755859375,1315.8499755859375,1319.52001953125,1296.1099853515625,1309.25,1644660000
2002-05-17,1325.800048828125,1325.800048828125,1342.4300537109375,1305.7099609375,1333.22998046875,1648910000
2002-05-20,1292.2099609375,1292.2099609375,1313.260009765625,1284.739990234375,1309.8299560546875,1429300000
2002-05-21,1255.9100341796875,1255.9100341796875,1309.6199951171875,1251.530029296875,1300.8199462890625,1660880000
2002-05-22,1264.510009765625,1264.510009765625,1269.6400146484375,1233.780029296875,1246.0799560546875,1734730000
2002-05-23,1286.77001953125,1286.77001953125,1286.8199462890625,1241.25,1270.280029296875,1762570000
2002-05-24,1253.030029296875,1253.030029296875,1271.510009765625,1246.81005859375,1269.9100341796875,1210890000
2002-05-28,1244.8199462890625,1244.8199462890625,1264.8599853515625,1226.280029296875,1264.1300048828125,1319250000
2002-05-29,1218.6800537109375,1218.6800537109375,1239.9599609375,1218.6199951171875,1232.1600341796875,1418900000
2002-05-30,1227.9000244140625,1227.9000244140625,1234.510009765625,1202.239990234375,1207.43994140625,1585850000
2002-05-31,1208.3399658203125,1208.3399658203125,1246.3399658203125,1208.2099609375,1237.56005859375,1682430000
2002-06-03,1159.1500244140625,1159.1500244140625,1213.1800537109375,1158.219970703125,1205.199951171875,1623120000
2002-06-04,1178.800048828125,1178.800048828125,1191.1300048828125,1151.1600341796875,1155.81005859375,1881400000
2002-06-05,1195.5999755859375,1195.5999755859375,1196.6700439453125,1165.02001953125,1182.739990234375,1632920000
2002-06-06,1157.6199951171875,1157.6199951171875,1185.2900390625,1152.0400390625,1183.9100341796875,1630260000
2002-06-07,1140.239990234375,1140.239990234375,1156.030029296875,1106.6099853515625,1107.93994140625,2111740000
2002-06-10,1135.6199951171875,1135.6199951171875,1155.760009765625,1132.1199951171875,1142.510009765625,1518260000
2002-06-11,1100.969970703125,1100.969970703125,1151.300048828125,1100.5899658203125,1148.719970703125,1697040000
2002-06-12,1123.3399658203125,1123.3399658203125,1123.780029296875,1079.280029296875,1092.449951171875,2057320000
2002-06-13,1106.5400390625,1106.5400390625,1133.25,1100.3399658203125,1117.219970703125,1566910000
2002-06-14,1109.5999755859375,1109.5999755859375,1112.3699951171875,1055.5699462890625,1078.68994140625,1827730000
2002-06-17,1149.9100341796875,1149.9100341796875,1154.1800537109375,1123.0999755859375,1126.5400390625,1591840000
2002-06-18,1138.469970703125,1138.469970703125,1163.4599609375,1138.31005859375,1139.52001953125,1589760000
2002-06-19,1097.5400390625,1097.5400390625,1133.9599609375,1095.760009765625,1129.3199462890625,1726700000
2002-06-20,1062.449951171875,1062.449951171875,1102.719970703125,1058.010009765625,1094.530029296875,1709470000
2002-06-21,1035.6300048828125,1035.6300048828125,1074.77001953125,1031.949951171875,1051.800048828125,1962900000
2002-06-24,1057.6800537109375,1057.6800537109375,1075.6300048828125,1014.760009765625,1023.0599975585938,2050610000
2002-06-25,1022.739990234375,1022.739990234375,1073.530029296875,1017.7100219726562,1070.6199951171875,1880680000
2002-06-26,1027.219970703125,1027.219970703125,1035.530029296875,979.8699951171875,979.8699951171875,2061740000
2002-06-27,1050.6400146484375,1050.6400146484375,1050.6800537109375,1009.0499877929688,1048.5400390625,1942590000
2002-06-28,1051.4100341796875,1051.4100341796875,1074.72998046875,1042.8399658203125,1047.56005859375,2575240000
2002-07-01,998.1699829101562,998.1699829101562,1049.8800048828125,997.969970703125,1044.47998046875,2320650000
2002-07-02,963.6599731445312,963.6599731445312,993.989990234375,961.760009765625,989.25,2722550000
2002-07-03,995.6799926757812,995.6799926757812,995.9500122070312,950.3300170898438,957.260009765625,2661060000
2002-07-05,1060.8900146484375,1060.8900146484375,1061.050048828125,1018.6300048828125,1018.6300048828125,1120960000
2002-07-08,1014.3300170898438,1014.3300170898438,1066.280029296875,1008.780029296875,1051.27001953125,1708150000
2002-07-09,990.22998046875,990.22998046875,1023.3800048828125,989.3400268554688,1015.27001953125,1704220000
2002-07-10,959.0499877929688,959.0499877929688,1005.989990234375,958.760009765625,1005.989990234375,1846320000
2002-07-11,998.030029296875,998.030029296875,999.4299926757812,945.8499755859375,954.010009765625,2298330000
2002-07-12,1000.8200073242188,1000.8200073242188,1025.6099853515625,988.25,1016.0,2009340000
2002-07-15,1021.02001953125,1021.02001953125,1021.3499755859375,955.2899780273438,990.97998046875,2117700000
2002-07-16,1011.2999877929688,1011.2999877929688,1045.52001953125,1002.1699829101562,1012.510009765625,2379260000
2002-07-17,1028.739990234375,1028.739990234375,1060.77001953125,1005.1799926757812,1047.7900390625,2338390000
2002-07-18,994.6099853515625,994.6099853515625,1027.43994140625,993.0800170898438,1020.8200073242188,1842360000
2002-07-19,965.3699951171875,965.3699951171875,992.8400268554688,957.6500244140625,975.0599975585938,2396800000
2002-07-22,939.0999755859375,939.0999755859375,980.6400146484375,928.8300170898438,958.3400268554688,2014410000
2002-07-23,896.8200073242188,896.8200073242188,954.0700073242188,896.5599975585938,943.2899780273438,2238890000
2002-07-24,951.5800170898438,951.5800170898438,951.8300170898438,869.1699829101562,875.47998046875,2167790000
2002-07-25,894.4500122070312,894.4500122070312,940.9299926757812,878.010009765625,934.9299926757812,2353210000
2002-07-26,910.9099731445312,910.9099731445312,917.3200073242188,885.9400024414062,905.8800048828125,1691540000
2002-07-29,970.1300048828125,970.1300048828125,970.1300048828125,931.4299926757812,935.0499877929688,1944170000
2002-07-30,980.3599853515625,980.3599853515625,992.3400268554688,950.739990234375,957.0800170898438,1728270000
2002-07-31,962.0999755859375,962.0999755859375,971.8499755859375,940.9099731445312,966.0499877929688,1633300000
2002-08-01,913.5900268554688,913.5900268554688,960.3599853515625,912.4000244140625,954.5599975585938,1548860000
2002-08-02,892.510009765625,892.510009765625,916.6900024414062,878.47998046875,913.5999755859375,1419790000
2002-08-05,857.0800170898438,857.0800170898438,896.6799926757812,856.3499755859375,889.489990234375,1336720000
2002-08-06,901.9099731445312,901.9099731445312,923.739990234375,875.530029296875,875.530029296875,1535110000
2002-08-07,919.0800170898438,919.0800170898438,938.1599731445312,883.3699951171875,932.530029296875,1542880000
2002-08-08,947.239990234375,947.239990234375,948.719970703125,898.5700073242188,915.8900146484375,1523000000
2002-08-09,937.3300170898438,937.3300170898438,953.3800048828125,921.25,932.3300170898438,1313750000
2002-08-12,938.97998046875,938.97998046875,943.27001953125,922.3599853515625,925.6799926757812,1054220000
2002-08-13,907.6199951171875,907.6199951171875,959.4600219726562,907.2999877929688,933.739990234375,1570660000
2002-08-14,968.8400268554688,968.8400268554688,968.969970703125,904.469970703125,912.3499755859375,1629290000
2002-08-15,980.97998046875,980.97998046875,985.969970703125,955.3800048828125,975.0900268554688,1642850000
2002-08-16,996.0599975585938,996.0599975585938,1004.219970703125,961.5599975585938,968.0499877929688,1389180000
2002-08-19,1026.06005859375,1026.06005859375,1028.0699462890625,993.4600219726562,997.3900146484375,1489490000
2002-08-20,1008.02001953125,1008.02001953125,1021.9400024414062,1001.8400268554688,1014.510009765625,1396290000
2002-08-21,1035.469970703125,1035.469970703125,1038.8599853515625,1006.5499877929688,1020.9500122070312,1508530000
2002-08-22,1049.030029296875,1049.030029296875,1052.489990234375,1023.25,1036.1600341796875,1654080000
2002-08-23,1010.489990234375,1010.489990234375,1036.6600341796875,1005.02001953125,1036.1300048828125,1365830000
2002-08-26,1016.7899780273438,1016.7899780273438,1020.8599853515625,990.8200073242188,1017.6199951171875,1261360000
2002-08-27,974.469970703125,974.469970703125,1021.6599731445312,971.6799926757812,1021.5,1432360000
2002-08-28,944.8300170898438,944.8300170898438,968.6599731445312,941.5999755859375,965.5700073242188,1351500000
2002-08-29,961.75,961.75,973.3400268554688,926.6099853515625,933.4600219726562,1435190000
2002-08-30,942.3800048828125,942.3800048828125,964.9299926757812,941.510009765625,951.5599975585938,1089820000
2002-09-03,899.6400146484375,899.6400146484375,928.5,899.1900024414062,928.5,1394260000
2002-09-04,920.97998046875,920.97998046875,925.260009765625,895.4099731445312,904.8200073242188,1493510000
2002-09-05,882.9199829101562,882.9199829101562,901.5,882.8499755859375,900.9000244140625,1520290000
2002-09-06,922.219970703125,922.219970703125,932.9600219726562,910.780029296875,911.5999755859375,1320380000
2002-09-09,932.22998046875,932.22998046875,939.239990234375,901.1300048828125,913.6799926757812,1247540000
2002-09-10,947.719970703125,947.719970703125,951.4600219726562,930.1900024414062,934.4299926757812,1441490000
2002-09-11,946.4000244140625,946.4000244140625,978.4600219726562,945.9000244140625,958.2899780273438,1075670000
2002-09-12,915.010009765625,915.010009765625,935.530029296875,914.8900146484375,935.530029296875,1192760000
2002-09-13,923.8300170898438,923.8300170898438,928.6500244140625,907.239990234375,909.6300048828125,1265530000
2002-09-16,908.47998046875,908.47998046875,925.9000244140625,900.8900146484375,919.0999755859375,1097330000
2002-09-17,897.530029296875,897.530029296875,932.9099731445312,896.4500122070312,927.2899780273438,1500330000
2002-09-18,895.2000122070312,895.2000122070312,906.0499877929688,876.0800170898438,884.030029296875,1570950000
2002-09-19,865.9299926757812,865.9299926757812,889.239990234375,865.8699951171875,875.77001953125,1521130000
2002-09-20,871.5999755859375,871.5999755859375,879.8699951171875,864.1300048828125,876.75,1796000000
2002-09-23,843.0800170898438,843.0800170898438,864.260009765625,837.6300048828125,860.989990234375,1443330000
2002-09-24,843.6099853515625,843.6099853515625,861.0900268554688,830.2100219726562,830.2100219726562,1666020000
2002-09-25,880.4400024414062,880.4400024414062,885.969970703125,849.280029296875,858.4600219726562,1691640000
2002-09-26,873.739990234375,873.739990234375,897.4500122070312,860.8099975585938,891.02001953125,1664160000
2002-09-27,860.3499755859375,860.3499755859375,891.1199951171875,859.5999755859375,866.0900268554688,1444460000
2002-09-30,832.52001953125,832.52001953125,852.97998046875,825.7999877929688,848.719970703125,1682900000
2002-10-01,870.6300048828125,870.6300048828125,870.7000122070312,824.219970703125,841.2899780273438,1707860000
2002-10-02,849.5499877929688,849.5499877929688,882.77001953125,844.6099853515625,865.1300048828125,1763700000
2002-10-03,833.2100219726562,833.2100219726562,859.530029296875,832.6699829101562,846.739990234375,1647320000
2002-10-04,815.4000244140625,815.4000244140625,844.3699951171875,809.9400024414062,842.9500122070312,1587030000
2002-10-07,804.6400146484375,804.6400146484375,826.7899780273438,798.8800048828125,813.0599975585938,1409850000
2002-10-08,811.5,811.5,827.780029296875,795.25,815.219970703125,1836990000
2002-10-09,807.4199829101562,807.4199829101562,825.1199951171875,798.1699829101562,800.9199829101562,1755730000
2002-10-10,849.5700073242188,849.5700073242188,852.6799926757812,801.260009765625,809.4600219726562,1837940000
2002-10-11,890.6099853515625,890.6099853515625,899.4600219726562,863.0999755859375,867.6400146484375,1915390000
2002-10-14,900.75,900.75,903.1500244140625,876.2100219726562,878.75,1204240000
2002-10-15,950.4199829101562,950.4199829101562,950.510009765625,933.280029296875,941.4600219726562,2009640000
2002-10-16,910.1300048828125,910.1300048828125,929.6900024414062,906.0800170898438,911.3300170898438,1585220000
2002-10-17,945.0599975585938,945.0599975585938,957.1599731445312,937.1900024414062,951.1400146484375,1822740000
2002-10-18,956.1300048828125,956.1300048828125,956.1699829101562,922.3099975585938,936.4299926757812,1665970000
2002-10-21,979.3499755859375,979.3499755859375,982.4299926757812,937.5499877929688,945.8599853515625,1572970000
2002-10-22,963.8699951171875,963.8699951171875,977.8800048828125,951.6099853515625,954.280029296875,1723340000
2002-10-23,989.3200073242188,989.3200073242188,989.4199829101562,952.780029296875,960.1799926757812,1598320000
2002-10-24,964.9099731445312,964.9099731445312,998.5399780273438,963.0800170898438,992.5,1944060000
2002-10-25,995.5499877929688,995.5499877929688,995.6400146484375,964.010009765625,964.010009765625,1470040000
2002-10-28,979.5499877929688,979.5499877929688,1007.719970703125,973.280029296875,1007.719970703125,1636190000
2002-10-29,960.8200073242188,960.8200073242188,982.6199951171875,941.1699829101562,975.6599731445312,1598410000
2002-10-30,986.0900268554688,986.0900268554688,995.8200073242188,960.47998046875,968.47998046875,1675530000
2002-10-31,989.5399780273438,989.5399780273438,1006.260009765625,981.239990234375,990.3900146484375,1761680000
2002-11-01,1019.0599975585938,1019.0599975585938,1020.5900268554688,974.0800170898438,981.239990234375,1842870000
2002-11-04,1046.989990234375,1046.989990234375,1070.510009765625,1039.0999755859375,1049.489990234375,2372480000
2002-11-05,1050.3900146484375,1050.3900146484375,1050.6800537109375,1028.219970703125,1033.7900390625,1704780000
2002-11-06,1065.8599853515625,1065.8599853515625,1065.8599853515625,1032.25,1057.5899658203125,2189420000
2002-11-07,1025.7900390625,1025.7900390625,1048.5,1019.219970703125,1043.72998046875,1758820000
2002-11-08,1008.3499755859375,1008.3499755859375,1039.27001953125,1004.0399780273438,1026.0400390625,1603460000
2002-11-11,972.47998046875,972.47998046875,1004.4099731445312,972.3400268554688,1004.4099731445312,1267420000
2002-11-12,1001.9400024414062,1001.9400024414062,1020.5399780273438,982.239990234375,982.4500122070312,1559650000
2002-11-13,1011.9400024414062,1011.9400024414062,1022.4099731445312,986.6500244140625,994.4000244140625,1901380000
2002-11-14,1057.8299560546875,1057.8299560546875,1057.9000244140625,1027.06005859375,1029.3599853515625,1756210000
2002-11-15,1061.280029296875,1061.280029296875,1062.8599853515625,1036.300048828125,1044.300048828125,1700890000
2002-11-18,1045.18994140625,1045.18994140625,1075.510009765625,1044.7900390625,1073.8900146484375,1766300000
2002-11-19,1025.9599609375,1025.9599609375,1046.0699462890625,1019.0700073242188,1037.260009765625,1620330000
2002-11-20,1070.530029296875,1070.530029296875,1071.31005859375,1028.1199951171875,1028.5699462890625,1771370000
2002-11-21,1118.1400146484375,1118.1400146484375,1119.1700439453125,1081.4000244140625,1082.9200439453125,2441730000
2002-11-22,1116.010009765625,1116.010009765625,1122.510009765625,1099.699951171875,1102.6400146484375,1960160000
2002-11-25,1127.06005859375,1127.06005859375,1133.72998046875,1108.469970703125,1118.010009765625,1952400000
2002-11-26,1087.489990234375,1087.489990234375,1119.7099609375,1083.8599853515625,1116.2900390625,1927670000
2002-11-27,1125.6700439453125,1125.6700439453125,1132.800048828125,1105.3900146484375,1107.969970703125,1734500000
2002-11-29,1116.0999755859375,1116.0999755859375,1134.5999755859375,1115.8499755859375,1133.1300048828125,841810000
2002-12-02,1120.489990234375,1120.489990234375,1155.6800537109375,1110.239990234375,1144.2099609375,1925550000
2002-12-03,1088.800048828125,1088.800048828125,1109.4599609375,1083.93994140625,1109.4599609375,1651510000
2002-12-04,1069.43994140625,1069.43994140625,1082.9300537109375,1055.1099853515625,1068.93994140625,1886070000
2002-12-05,1053.06005859375,1053.06005859375,1085.6300048828125,1052.0799560546875,1085.02001953125,1462340000
2002-12-06,1065.969970703125,1065.969970703125,1074.010009765625,1035.550048828125,1038.719970703125,1529800000
2002-12-09,1014.8400268554688,1014.8400268554688,1055.3599853515625,1014.7999877929688,1054.8699951171875,1496820000
2002-12-10,1033.0699462890625,1033.0699462890625,1043.3399658203125,1019.7000122070312,1022.3900146484375,1470250000
2002-12-11,1036.3399658203125,1036.3399658203125,1047.739990234375,1019.4000244140625,1023.9099731445312,1423880000
2002-12-12,1039.949951171875,1039.949951171875,1051.550048828125,1029.4100341796875,1047.469970703125,1408220000
2002-12-13,1005.8499755859375,1005.8499755859375,1027.6600341796875,1005.8499755859375,1027.6600341796875,1371410000
2002-12-16,1042.43994140625,1042.43994140625,1042.8399658203125,1008.52001953125,1011.8900146484375,1406210000
2002-12-17,1040.010009765625,1040.010009765625,1052.5899658203125,1033.18994140625,1038.9599609375,1336750000
2002-12-18,1013.6699829101562,1013.6699829101562,1029.9100341796875,1007.9199829101562,1029.8199462890625,1529600000
2002-12-19,1006.0499877929688,1006.0499877929688,1035.52001953125,999.7999877929688,1012.510009765625,1654540000
2002-12-20,1013.9000244140625,1013.9000244140625,1022.739990234375,1009.530029296875,1009.6699829101562,1992120000
2002-12-23,1032.300048828125,1032.300048828125,1035.489990234375,1010.8400268554688,1012.4600219726562,1193060000
2002-12-24,1023.2899780273438,1023.2899780273438,1034.18994140625,1023.0599975585938,1026.5699462890625,523880000
2002-12-26,1016.4600219726562,1016.4600219726562,1041.489990234375,1013.2999877929688,1026.43994140625,812310000
2002-12-27,997.8499755859375,997.8499755859375,1018.1599731445312,996.0999755859375,1012.3400268554688,804960000
2002-12-30,989.8900146484375,989.8900146484375,1003.3099975585938,980.739990234375,999.3900146484375,1076580000
2002-12-31,984.3699951171875,984.3699951171875,994.219970703125,977.5900268554688,987.8099975585938,1166770000
2003-01-02,1027.8599853515625,1027.8599853515625,1027.9100341796875,984.5900268554688,995.6400146484375,1287540000
2003-01-03,1031.6300048828125,1031.6300048828125,1033.3699951171875,1018.1599731445312,1024.469970703125,1149590000
2003-01-06,1061.47998046875,1061.47998046875,1068.489990234375,1034.02001953125,1034.02001953125,1567690000
2003-01-07,1071.8499755859375,1071.8499755859375,1082.52001953125,1057.1600341796875,1063.1800537109375,1755760000
2003-01-08,1042.52001953125,1042.52001953125,1065.68994140625,1040.3800048828125,1063.47998046875,1457010000
2003-01-09,1076.050048828125,1076.050048828125,1084.699951171875,1056.050048828125,1056.6099853515625,1685990000
2003-01-10,1087.3599853515625,1087.3599853515625,1096.449951171875,1056.31005859375,1059.8599853515625,1652320000
2003-01-13,1083.0,1083.0,1104.3199462890625,1075.9599609375,1101.239990234375,1376040000
2003-01-14,1094.8699951171875,1094.8699951171875,1097.7099609375,1080.8499755859375,1082.3699951171875,1329340000
2003-01-15,1073.5999755859375,1073.5999755859375,1099.8900146484375,1069.9599609375,1096.9599609375,1513080000
2003-01-16,1061.4599609375,1061.4599609375,1084.3599853515625,1057.8699951171875,1076.1800537109375,1366550000
2003-01-17,1017.5800170898438,1017.5800170898438,1041.4300537109375,1017.530029296875,1041.4300537109375,1433840000
2003-01-21,1008.9299926757812,1008.9299926757812,1028.3199462890625,1008.9299926757812,1022.9400024414062,1355410000
2003-01-22,1006.510009765625,1006.510009765625,1027.0799560546875,1003.5800170898438,1005.5700073242188,1477520000
2003-01-23,1032.6700439453125,1032.6700439453125,1039.1600341796875,1011.1199951171875,1024.469970703125,1566510000
2003-01-24,996.1799926757812,996.1799926757812,1027.699951171875,992.8499755859375,1027.699951171875,1568350000
2003-01-27,986.4099731445312,986.4099731445312,1006.260009765625,982.02001953125,985.0800170898438,1440300000
2003-01-28,1001.4099731445312,1001.4099731445312,1006.510009765625,983.9500122070312,996.8800048828125,1406660000
2003-01-29,1016.5599975585938,1016.5599975585938,1022.97998046875,980.9199829101562,994.5999755859375,1507590000
2003-01-30,985.52001953125,985.52001953125,1022.2100219726562,985.1599731445312,1018.47998046875,1446130000
2003-01-31,983.0499877929688,983.0499877929688,996.0399780273438,968.3400268554688,971.5999755859375,1554810000
2003-02-03,987.0700073242188,987.0700073242188,997.5599975585938,981.3699951171875,987.3699951171875,1256550000
2003-02-04,971.72998046875,971.72998046875,974.6799926757812,960.010009765625,972.9299926757812,1368150000
2003-02-05,968.969970703125,968.969970703125,999.1599731445312,967.5900268554688,980.75,1367130000
2003-02-06,970.5499877929688,970.5499877929688,979.1799926757812,960.8099975585938,966.0499877929688,1219320000
2003-02-07,957.0499877929688,957.0499877929688,983.3599853515625,951.6699829101562,980.5,1228850000
2003-02-10,969.9600219726562,969.9600219726562,974.47998046875,950.8099975585938,961.6900024414062,1216440000
2003-02-11,971.6099853515625,971.6099853515625,989.3200073242188,962.4400024414062,975.52001953125,1296190000
2003-02-12,956.77001953125,956.77001953125,978.0599975585938,956.5700073242188,967.8900146484375,1231070000
2003-02-13,951.9000244140625,951.9000244140625,959.72998046875,938.52001953125,959.5599975585938,1310440000
2003-02-14,982.0900268554688,982.0900268554688,982.1199951171875,952.7000122070312,958.2000122070312,1315410000
2003-02-18,1014.9099731445312,1014.9099731445312,1015.3400268554688,989.8200073242188,990.2100219726562,1303930000
2003-02-19,1005.8800048828125,1005.8800048828125,1014.6400146484375,994.25,1011.6900024414062,1179700000
2003-02-20,1001.469970703125,1001.469970703125,1015.219970703125,999.5800170898438,1010.5,1320410000
2003-02-21,1015.9199829101562,1015.9199829101562,1019.25,986.72998046875,1002.1400146484375,1342440000
2003-02-24,994.6900024414062,994.6900024414062,1013.2000122070312,994.22998046875,1009.1400146484375,1222480000
2003-02-25,999.280029296875,999.280029296875,1001.719970703125,969.5599975585938,981.52001953125,1395960000
2003-02-26,974.489990234375,974.489990234375,1001.989990234375,973.9299926757812,992.9099731445312,1207090000
2003-02-27,994.7999877929688,994.7999877929688,1000.97998046875,976.5999755859375,982.510009765625,1238110000
2003-02-28,1009.739990234375,1009.739990234375,1013.3400268554688,994.7899780273438,998.260009765625,1354370000
2003-03-03,991.0700073242188,991.0700073242188,1023.469970703125,988.4000244140625,1015.8699951171875,1253490000
2003-03-04,982.97998046875,982.97998046875,994.3499755859375,982.0599975585938,991.5999755859375,1221830000
2003-03-05,990.22998046875,990.22998046875,995.1900024414062,978.4000244140625,981.6699829101562,1360590000
2003-03-06,983.9600219726562,983.9600219726562,991.6900024414062,976.5499877929688,982.0399780273438,1262310000
2003-03-07,986.8200073242188,986.8200073242188,992.1099853515625,964.25,967.9299926757812,1436040000
2003-03-10,964.2899780273438,964.2899780273438,982.8699951171875,962.47998046875,977.9500122070312,1119970000
2003-03-11,958.8200073242188,958.8200073242188,973.8599853515625,956.9400024414062,966.739990234375,1251740000
2003-03-12,970.5399780273438,970.5399780273438,971.3900146484375,946.7899780273438,954.6599731445312,1533600000
2003-03-13,1029.7900390625,1029.7900390625,1029.8399658203125,981.5800170898438,990.3599853515625,1789080000
2003-03-14,1030.449951171875,1030.449951171875,1042.56005859375,1020.1699829101562,1034.4300537109375,1611050000
2003-03-17,1077.010009765625,1077.010009765625,1077.1400146484375,1018.760009765625,1021.969970703125,1886510000
2003-03-18,1082.18994140625,1082.18994140625,1082.199951171875,1063.219970703125,1075.300048828125,1632220000
2003-03-19,1074.969970703125,1074.969970703125,1083.1099853515625,1058.81005859375,1078.18994140625,1694670000
2003-03-20,1080.239990234375,1080.239990234375,1089.2099609375,1052.9200439453125,1064.3199462890625,1596740000
2003-03-21,1093.1199951171875,1093.1199951171875,1099.6099853515625,1078.6400146484375,1096.300048828125,1911550000
2003-03-24,1047.0999755859375,1047.0999755859375,1068.4599609375,1045.6500244140625,1064.6500244140625,1317380000
2003-03-25,1066.5699462890625,1066.5699462890625,1075.4300537109375,1047.06005859375,1051.7099609375,1437240000
2003-03-26,1066.300048828125,1066.300048828125,1074.97998046875,1060.050048828125,1065.780029296875,1418520000
2003-03-27,1061.9300537109375,1061.9300537109375,1070.6700439453125,1049.5,1055.699951171875,1441300000
2003-03-28,1046.719970703125,1046.719970703125,1061.8299560546875,1044.3800048828125,1052.25,1364880000
2003-03-31,1018.6599731445312,1018.6599731445312,1032.9100341796875,1014.9600219726562,1028.4300537109375,1596280000
2003-04-01,1022.6300048828125,1022.6300048828125,1031.510009765625,1015.4600219726562,1025.02001953125,1412110000
2003-04-02,1063.4599609375,1063.4599609375,1066.9000244140625,1047.3900146484375,1047.3900146484375,1609690000
2003-04-03,1064.06005859375,1064.06005859375,1078.760009765625,1058.010009765625,1070.510009765625,1445510000
2003-04-04,1050.699951171875,1050.699951171875,1067.510009765625,1044.3699951171875,1067.510009765625,1366800000
2003-04-07,1053.280029296875,1053.280029296875,1091.739990234375,1053.219970703125,1089.9300537109375,1516080000
2003-04-08,1046.300048828125,1046.300048828125,1056.030029296875,1041.469970703125,1051.75,1312770000
2003-04-09,1023.52001953125,1023.52001953125,1055.8900146484375,1023.47998046875,1048.9200439453125,1312000000
2003-04-10,1033.1400146484375,1033.1400146484375,1035.6099853515625,1018.1699829101562,1024.739990234375,1235410000
2003-04-11,1026.1500244140625,1026.1500244140625,1051.8800048828125,1020.5599975585938,1046.449951171875,1237570000
2003-04-14,1048.31005859375,1048.31005859375,1050.510009765625,1025.800048828125,1028.0,1173640000
2003-04-15,1053.0799560546875,1053.0799560546875,1058.5400390625,1039.989990234375,1044.3299560546875,1295900000
2003-04-16,1054.8900146484375,1054.8900146484375,1078.22998046875,1051.52001953125,1070.6400146484375,1551600000
2003-04-17,1083.56005859375,1083.56005859375,1084.81005859375,1051.3599853515625,1051.3599853515625,1644000000
2003-04-21,1081.0400390625,1081.0400390625,1089.7099609375,1070.8599853515625,1083.75,1271170000
2003-04-22,1102.43994140625,1102.43994140625,1103.81005859375,1072.1300048828125,1073.8800048828125,1614310000
2003-04-23,1112.9300537109375,1112.9300537109375,1115.6700439453125,1096.9200439453125,1105.449951171875,1818020000
2003-04-24,1108.1199951171875,1108.1199951171875,1115.3599853515625,1097.18994140625,1100.8399658203125,1661540000
2003-04-25,1083.18994140625,1083.18994140625,1101.760009765625,1081.3399658203125,1100.6500244140625,1515730000
2003-04-28,1107.1300048828125,1107.1300048828125,1110.5,1084.77001953125,1086.5799560546875,1477750000
2003-04-29,1116.7900390625,1116.7900390625,1126.5799560546875,1103.7900390625,1113.050048828125,1670600000
2003-04-30,1106.06005859375,1106.06005859375,1116.8499755859375,1104.3900146484375,1111.5400390625,1619230000
2003-05-01,1113.2099609375,1113.2099609375,1119.6700439453125,1094.4200439453125,1104.3800048828125,1473860000
2003-05-02,1136.3499755859375,1136.3499755859375,1137.449951171875,1109.6600341796875,1109.9200439453125,1826120000
2003-05-05,1136.260009765625,1136.260009765625,1152.9599609375,1132.989990234375,1139.5999755859375,1932030000
2003-05-06,1152.780029296875,1152.780029296875,1161.0,1134.469970703125,1134.56005859375,2139720000
2003-05-07,1135.8499755859375,1135.8499755859375,1152.6800537109375,1131.3699951171875,1142.8800048828125,1927720000
2003-05-08,1118.760009765625,1118.760009765625,1132.280029296875,1116.6700439453125,1120.530029296875,1619000000
2003-05-09,1143.550048828125,1143.550048828125,1143.969970703125,1126.1300048828125,1129.2900390625,1545190000
2003-05-12,1160.4200439453125,1160.4200439453125,1163.75,1133.8900146484375,1141.0799560546875,1796940000
2003-05-13,1155.969970703125,1155.969970703125,1165.530029296875,1148.510009765625,1152.75,1856230000
2003-05-14,1148.1400146484375,1148.1400146484375,1165.199951171875,1140.77001953125,1161.469970703125,1816790000
2003-05-15,1162.9300537109375,1162.9300537109375,1164.5,1149.0400390625,1155.1099853515625,1982130000
2003-05-16,1154.47998046875,1154.47998046875,1162.6400146484375,1146.2900390625,1158.510009765625,1783450000
2003-05-19,1112.489990234375,1112.489990234375,1152.5899658203125,1112.27001953125,1146.739990234375,1684210000
2003-05-20,1112.8499755859375,1112.8499755859375,1124.3399658203125,1103.199951171875,1118.300048828125,1699750000
2003-05-21,1113.6800537109375,1113.6800537109375,1115.56005859375,1104.1099853515625,1110.780029296875,1588960000
2003-05-22,1131.449951171875,1131.449951171875,1137.6800537109375,1112.5899658203125,1116.2099609375,1783870000
2003-05-23,1130.050048828125,1130.050048828125,1135.489990234375,1125.239990234375,1128.4100341796875,1448770000
2003-05-27,1172.5799560546875,1172.5799560546875,1174.1600341796875,1123.25,1123.6600341796875,1932760000
2003-05-28,1173.31005859375,1173.31005859375,1181.9300537109375,1165.3399658203125,1172.989990234375,2042270000
2003-05-29,1181.8199462890625,1181.8199462890625,1198.4300537109375,1172.52001953125,1175.4000244140625,2228880000
2003-05-30,1197.8900146484375,1197.8900146484375,1201.25,1185.0899658203125,1188.6300048828125,2314660000
2003-06-02,1185.1300048828125,1185.1300048828125,1213.760009765625,1180.3199462890625,1210.77001953125,2517530000
2003-06-03,1198.5699462890625,1198.5699462890625,1198.949951171875,1180.010009765625,1183.5999755859375,2067880000
2003-06-04,1224.760009765625,1224.760009765625,1228.52001953125,1195.9599609375,1199.739990234375,2515710000
2003-06-05,1231.719970703125,1231.719970703125,1231.7900390625,1206.260009765625,1210.6400146484375,2449080000
2003-06-06,1213.1099853515625,1213.1099853515625,1265.68994140625,1210.3299560546875,1254.6400146484375,2962610000
2003-06-09,1195.550048828125,1195.550048828125,1214.219970703125,1188.0400390625,1206.949951171875,1856700000
2003-06-10,1212.989990234375,1212.989990234375,1212.989990234375,1194.199951171875,1201.260009765625,1791650000
2003-06-11,1228.239990234375,1228.239990234375,1230.5,1199.469970703125,1210.6099853515625,1932200000
2003-06-12,1229.3199462890625,1229.3199462890625,1235.8800048828125,1218.02001953125,1233.47998046875,1790700000
2003-06-13,1203.9100341796875,1203.9100341796875,1235.4200439453125,1201.1199951171875,1231.75,1813140000
2003-06-16,1241.5799560546875,1241.5799560546875,1242.5,1206.1300048828125,1211.5799560546875,1912560000
2003-06-17,1239.6300048828125,1239.6300048828125,1247.5699462890625,1229.72998046875,1247.5699462890625,1968630000
2003-06-18,1247.9000244140625,1247.9000244140625,1255.3900146484375,1225.699951171875,1233.8299560546875,2082080000
2003-06-19,1225.8900146484375,1225.8900146484375,1255.300048828125,1222.8699951171875,1247.5,1957720000
2003-06-20,1223.4000244140625,1223.4000244140625,1235.8399658203125,1217.18994140625,1235.199951171875,1767110000
2003-06-23,1200.1700439453125,1200.1700439453125,1221.6500244140625,1189.780029296875,1220.18994140625,1694940000
2003-06-24,1191.699951171875,1191.699951171875,1209.8399658203125,1188.199951171875,1196.6199951171875,1619510000
2003-06-25,1188.3299560546875,1188.3299560546875,1212.7900390625,1186.530029296875,1193.1600341796875,1563620000
2003-06-26,1214.5799560546875,1214.5799560546875,1217.2099609375,1191.18994140625,1194.8699951171875,1560860000
2003-06-27,1205.239990234375,1205.239990234375,1229.1099853515625,1199.5999755859375,1216.8599853515625,1553940000
2003-06-30,1201.68994140625,1201.68994140625,1218.800048828125,1199.8299560546875,1212.510009765625,1792820000
2003-07-01,1217.3699951171875,1217.3699951171875,1219.22998046875,1180.1099853515625,1195.300048828125,1711820000
2003-07-02,1245.75,1245.75,1245.780029296875,1223.06005859375,1223.18994140625,1866650000
2003-07-03,1231.3399658203125,1231.3399658203125,1250.6199951171875,1228.4000244140625,1233.4000244140625,944910000
2003-07-07,1281.8900146484375,1281.8900146484375,1282.31005859375,1250.030029296875,1250.030029296875,1836380000
2003-07-08,1298.3699951171875,1298.3699951171875,1298.9300537109375,1272.2900390625,1275.7900390625,2018490000
2003-07-09,1295.1600341796875,1295.1600341796875,1307.030029296875,1285.4200439453125,1294.5799560546875,2113620000
2003-07-10,1268.6500244140625,1268.6500244140625,1286.02001953125,1260.760009765625,1280.43994140625,1733800000
2003-07-11,1280.5699462890625,1280.5699462890625,1285.8499755859375,1271.760009765625,1273.93994140625,1516880000
2003-07-14,1295.739990234375,1295.739990234375,1316.4200439453125,1290.47998046875,1301.18994140625,1973180000
2003-07-15,1294.469970703125,1294.469970703125,1311.0999755859375,1285.56005859375,1309.68994140625,1915630000
2003-07-16,1291.989990234375,1291.989990234375,1306.52001953125,1277.4599609375,1305.760009765625,1920560000
2003-07-17,1255.93994140625,1255.93994140625,1279.8199462890625,1249.5899658203125,1274.72998046875,1912680000
2003-07-18,1259.9100341796875,1259.9100341796875,1267.68994140625,1244.1099853515625,1265.0,1602890000
2003-07-21,1240.780029296875,1240.780029296875,1256.449951171875,1232.1600341796875,1256.1199951171875,1459310000
2003-07-22,1257.6300048828125,1257.6300048828125,1265.4000244140625,1242.1700439453125,1252.989990234375,1749720000
2003-07-23,1268.52001953125,1268.52001953125,1270.43994140625,1246.8900146484375,1262.5899658203125,1834980000
2003-07-24,1253.760009765625,1253.760009765625,1287.449951171875,1252.1199951171875,1282.1300048828125,1901240000
2003-07-25,1278.31005859375,1278.31005859375,1278.31005859375,1237.75,1252.6199951171875,1587980000
2003-07-28,1280.530029296875,1280.530029296875,1285.8599853515625,1272.010009765625,1281.5,1535820000
2003-07-29,1275.1700439453125,1275.1700439453125,1287.8399658203125,1257.1300048828125,1284.239990234375,1703800000
2003-07-30,1263.780029296875,1263.780029296875,1277.18994140625,1261.6800537109375,1276.5799560546875,1513760000
2003-07-31,1276.93994140625,1276.93994140625,1298.81005859375,1269.8900146484375,1278.2900390625,1858470000
2003-08-01,1264.3399658203125,1264.3399658203125,1276.989990234375,1260.0899658203125,1274.6099853515625,1484040000
2003-08-04,1267.3800048828125,1267.3800048828125,1277.0699462890625,1240.6700439453125,1263.6199951171875,1573410000
2003-08-05,1229.719970703125,1229.719970703125,1263.8299560546875,1226.8199462890625,1263.7900390625,1743380000
2003-08-06,1215.1300048828125,1215.1300048828125,1237.1400146484375,1211.27001953125,1221.989990234375,1862270000
2003-08-07,1217.1700439453125,1217.1700439453125,1225.2900390625,1208.739990234375,1214.8900146484375,1638040000
2003-08-08,1207.280029296875,1207.280029296875,1227.4200439453125,1204.2900390625,1223.6600341796875,1336330000
2003-08-11,1223.1400146484375,1223.1400146484375,1230.260009765625,1208.3299560546875,1209.3499755859375,1203780000
2003-08-12,1240.699951171875,1240.699951171875,1241.6199951171875,1220.1199951171875,1227.5,1329840000
2003-08-13,1240.3699951171875,1240.3699951171875,1249.1400146484375,1233.800048828125,1247.56005859375,1449200000
2003-08-14,1251.9000244140625,1251.9000244140625,1254.0,1235.050048828125,1241.1700439453125,1311570000
2003-08-15,1253.6300048828125,1253.6300048828125,1257.4599609375,1246.3199462890625,1250.449951171875,703950000
2003-08-18,1284.81005859375,1284.81005859375,1284.8800048828125,1256.9000244140625,1258.1800537109375,1476310000
2003-08-19,1299.68994140625,1299.68994140625,1301.31005859375,1281.7099609375,1291.3699951171875,1724390000
2003-08-20,1299.72998046875,1299.72998046875,1307.449951171875,1288.75,1289.4300537109375,1506760000
2003-08-21,1314.6500244140625,1314.6500244140625,1319.8800048828125,1299.02001953125,1309.5699462890625,1722470000
2003-08-22,1304.5400390625,1304.5400390625,1342.6400146484375,1304.510009765625,1338.18994140625,1705200000
2003-08-25,1306.6400146484375,1306.6400146484375,1307.8499755859375,1295.8199462890625,1302.5,1117840000
2003-08-26,1309.050048828125,1309.050048828125,1309.8299560546875,1280.5899658203125,1298.22998046875,1382860000
2003-08-27,1318.9300537109375,1318.9300537109375,1320.02001953125,1303.1500244140625,1305.97998046875,1349730000
2003-08-28,1332.3299560546875,1332.3299560546875,1332.469970703125,1308.97998046875,1323.2099609375,1466510000
2003-08-29,1341.199951171875,1341.199951171875,1344.739990234375,1327.9300537109375,1328.489990234375,1206180000
2003-09-02,1361.0899658203125,1361.0899658203125,1361.0899658203125,1333.2900390625,1347.6400146484375,1773780000
2003-09-03,1360.18994140625,1360.18994140625,1375.300048828125,1354.719970703125,1370.3499755859375,2333120000
2003-09-04,1373.260009765625,1373.260009765625,1376.06005859375,1356.22998046875,1360.219970703125,1886580000
2003-09-05,1361.9000244140625,1361.9000244140625,1380.239990234375,1355.02001953125,1366.2900390625,1952040000
2003-09-08,1386.72998046875,1386.72998046875,1387.449951171875,1365.0899658203125,1366.550048828125,2032940000
2003-09-09,1370.56005859375,1370.56005859375,1382.1099853515625,1364.93994140625,1380.1300048828125,2220160000
2003-09-10,1332.280029296875,1332.280029296875,1362.8399658203125,1332.280029296875,1357.800048828125,2001600000
2003-09-11,1350.800048828125,1350.800048828125,1358.02001953125,1327.9200439453125,1339.8800048828125,1748050000
2003-09-12,1357.6300048828125,1357.6300048828125,1357.6300048828125,1330.31005859375,1340.780029296875,1713770000
2003-09-15,1347.77001953125,1347.77001953125,1363.47998046875,1345.93994140625,1359.969970703125,1463950000
2003-09-16,1382.8199462890625,1382.8199462890625,1383.47998046875,1348.75,1348.75,1788770000
2003-09-17,1376.800048828125,1376.800048828125,1388.1800537109375,1369.760009765625,1379.3699951171875,1903800000
2003-09-18,1400.1300048828125,1400.1300048828125,1401.6400146484375,1368.6099853515625,1374.56005859375,2011010000
2003-09-19,1392.260009765625,1392.260009765625,1406.6099853515625,1383.239990234375,1406.6099853515625,1885000000
2003-09-22,1366.3199462890625,1366.3199462890625,1374.9000244140625,1358.5999755859375,1371.1800537109375,1720080000
2003-09-23,1388.1500244140625,1388.1500244140625,1388.6700439453125,1364.6700439453125,1367.9100341796875,1868800000
2003-09-24,1339.6400146484375,1339.6400146484375,1388.5400390625,1339.6099853515625,1388.5400390625,2207970000
2003-09-25,1325.75,1325.75,1357.989990234375,1325.68994140625,1344.6300048828125,2033060000
2003-09-26,1309.31005859375,1309.31005859375,1333.97998046875,1309.199951171875,1323.8699951171875,1841530000
2003-09-29,1335.510009765625,1335.510009765625,1335.56005859375,1306.1099853515625,1318.3299560546875,1666930000
2003-09-30,1303.699951171875,1303.699951171875,1325.4100341796875,1302.260009765625,1323.949951171875,1864240000
2003-10-01,1335.3399658203125,1335.3399658203125,1336.1300048828125,1306.3299560546875,1312.4300537109375,1821740000
2003-10-02,1337.0999755859375,1337.0999755859375,1343.989990234375,1325.9300537109375,1332.1600341796875,1604090000
2003-10-03,1375.3199462890625,1375.3199462890625,1385.7900390625,1363.0999755859375,1363.0999755859375,2014580000
2003-10-06,1381.699951171875,1381.699951171875,1384.1099853515625,1370.449951171875,1378.199951171875,1375810000
2003-10-07,1392.56005859375,1392.56005859375,1392.6500244140625,1368.1300048828125,1372.0899658203125,1840280000
2003-10-08,1382.4000244140625,1382.4000244140625,1398.989990234375,1376.4000244140625,1398.4599609375,1801870000
2003-10-09,1396.949951171875,1396.949951171875,1418.0899658203125,1386.6300048828125,1404.8800048828125,2083460000
2003-10-10,1404.8699951171875,1404.8699951171875,1406.27001953125,1393.969970703125,1399.1800537109375,1464990000
2003-10-13,1414.719970703125,1414.719970703125,1422.280029296875,1405.050048828125,1412.3699951171875,1498730000
2003-10-14,1420.6600341796875,1420.6600341796875,1421.0,1406.3900146484375,1411.530029296875,1757290000
2003-10-15,1417.5899658203125,1417.5899658203125,1439.969970703125,1409.77001953125,1439.969970703125,2017190000
2003-10-16,1426.7099609375,1426.7099609375,1427.6099853515625,1411.0799560546875,1411.22998046875,1765870000
2003-10-17,1394.02001953125,1394.02001953125,1426.3800048828125,1392.0799560546875,1423.989990234375,1747150000
2003-10-20,1409.31005859375,1409.31005859375,1409.31005859375,1388.5400390625,1395.4100341796875,1537390000
2003-10-21,1422.1300048828125,1422.1300048828125,1424.800048828125,1405.510009765625,1413.010009765625,1735740000
2003-10-22,1387.4000244140625,1387.4000244140625,1404.050048828125,1385.1500244140625,1403.760009765625,1711460000
2003-10-23,1378.1099853515625,1378.1099853515625,1387.010009765625,1369.9100341796875,1371.9000244140625,1937090000
2003-10-24,1370.6099853515625,1370.6099853515625,1370.6700439453125,1346.010009765625,1360.550048828125,1957040000
2003-10-27,1377.4100341796875,1377.4100341796875,1384.9100341796875,1369.3800048828125,1378.949951171875,1518680000
2003-10-28,1420.02001953125,1420.02001953125,1420.02001953125,1382.8800048828125,1385.5699462890625,2076260000
2003-10-29,1419.9200439453125,1419.9200439453125,1423.68994140625,1410.510009765625,1414.1800537109375,1968120000
2003-10-30,1417.3800048828125,1417.3800048828125,1437.760009765625,1413.5699462890625,1437.6500244140625,2158840000
2003-10-31,1416.3900146484375,1416.3900146484375,1443.1800537109375,1411.760009765625,1423.3900146484375,1833200000
2003-11-03,1443.1300048828125,1443.1300048828125,1445.719970703125,1422.3199462890625,1423.1300048828125,2089430000
2003-11-04,1429.3800048828125,1429.3800048828125,1442.27001953125,1425.260009765625,1434.3499755859375,2081990000
2003-11-05,1429.56005859375,1429.56005859375,1437.8499755859375,1414.3699951171875,1428.0400390625,2018140000
2003-11-06,1440.0799560546875,1440.0799560546875,1443.06005859375,1421.56005859375,1439.219970703125,2141830000
2003-11-07,1436.72998046875,1436.72998046875,1453.4599609375,1436.1300048828125,1450.469970703125,1957330000
2003-11-10,1414.6199951171875,1414.6199951171875,1437.06005859375,1412.1400146484375,1435.8699951171875,1750150000
2003-11-11,1409.6400146484375,1409.6400146484375,1418.4599609375,1401.449951171875,1412.5,1637810000
2003-11-12,1443.52001953125,1443.52001953125,1443.52001953125,1413.8399658203125,1414.2099609375,1837190000
2003-11-13,1439.8699951171875,1439.8699951171875,1442.27001953125,1429.219970703125,1434.75,1871860000
2003-11-14,1407.510009765625,1407.510009765625,1448.06005859375,1407.4000244140625,1438.989990234375,1829730000
2003-11-17,1393.75,1393.75,1402.6099853515625,1377.9000244140625,1399.3800048828125,1861100000
2003-11-18,1364.699951171875,1364.699951171875,1405.93994140625,1364.699951171875,1401.4599609375,1898710000
2003-11-19,1378.9000244140625,1378.9000244140625,1382.93994140625,1363.0899658203125,1368.469970703125,1798010000
2003-11-20,1363.489990234375,1363.489990234375,1394.3800048828125,1362.0899658203125,1365.72998046875,1799100000
2003-11-21,1373.3199462890625,1373.3199462890625,1375.93994140625,1357.25,1370.6300048828125,1621590000
2003-11-24,1419.31005859375,1419.31005859375,1419.31005859375,1385.199951171875,1385.199951171875,1791020000
2003-11-25,1411.3599853515625,1411.3599853515625,1424.3499755859375,1411.3599853515625,1418.260009765625,1836350000
2003-11-26,1420.1099853515625,1420.1099853515625,1426.280029296875,1400.0,1422.010009765625,1524790000
2003-11-28,1424.25,1424.25,1426.760009765625,1416.2099609375,1417.4100341796875,703800000
2003-12-01,1447.0799560546875,1447.0799560546875,1447.0799560546875,1427.1199951171875,1434.0999755859375,1840020000
2003-12-02,1431.8900146484375,1431.8900146484375,1447.8399658203125,1431.3199462890625,1441.7099609375,1802760000
2003-12-03,1419.77001953125,1419.77001953125,1452.030029296875,1419.77001953125,1440.3699951171875,2241590000
2003-12-04,1432.3800048828125,1432.3800048828125,1434.280029296875,1411.1300048828125,1424.6500244140625,2114230000
2003-12-05,1406.9100341796875,1406.9100341796875,1429.18994140625,1405.550048828125,1415.780029296875,1665920000
2003-12-08,1418.050048828125,1418.050048828125,1419.1099853515625,1399.4100341796875,1406.02001953125,1583730000
2003-12-09,1383.6600341796875,1383.6600341796875,1425.010009765625,1383.0,1423.75,1813530000
2003-12-10,1388.9599609375,1388.9599609375,1394.68994140625,1372.8699951171875,1387.25,1946310000
2003-12-11,1416.9599609375,1416.9599609375,1422.489990234375,1387.469970703125,1388.8800048828125,1807550000
2003-12-12,1417.27001953125,1417.27001953125,1419.699951171875,1404.4000244140625,1419.699951171875,1457100000
2003-12-15,1396.8199462890625,1396.8199462890625,1442.6500244140625,1396.8199462890625,1442.050048828125,1815500000
2003-12-16,1403.280029296875,1403.280029296875,1407.3800048828125,1384.52001953125,1397.4100341796875,1811430000
2003-12-17,1400.0,1400.0,1406.22998046875,1390.8299560546875,1400.780029296875,1501340000
2003-12-18,1431.31005859375,1431.31005859375,1432.6400146484375,1404.0799560546875,1404.0799560546875,1714080000
2003-12-19,1426.1700439453125,1426.1700439453125,1434.9300537109375,1416.2099609375,1434.9300537109375,1844570000
2003-12-22,1431.7099609375,1431.7099609375,1433.7099609375,1419.8199462890625,1422.7900390625,1283590000
2003-12-23,1448.1700439453125,1448.1700439453125,1448.18994140625,1430.0400390625,1431.6400146484375,1321000000
2003-12-24,1443.18994140625,1443.18994140625,1447.5699462890625,1439.7099609375,1442.5799560546875,642630000
2003-12-26,1443.8599853515625,1443.8599853515625,1451.2099609375,1442.2900390625,1444.4100341796875,530810000
2003-12-29,1470.3699951171875,1470.3699951171875,1470.3699951171875,1447.6199951171875,1447.6199951171875,1413210000
2003-12-30,1470.010009765625,1470.010009765625,1470.3800048828125,1460.6700439453125,1467.739990234375,1544270000
2003-12-31,1467.9200439453125,1467.9200439453125,1474.239990234375,1459.06005859375,1471.56005859375,1775710000
2004-01-02,1463.5699462890625,1463.5699462890625,1479.5899658203125,1458.510009765625,1474.1600341796875,1666780000
2004-01-05,1496.5799560546875,1496.5799560546875,1496.5799560546875,1474.18994140625,1474.550048828125,2362910000
2004-01-06,1501.260009765625,1501.260009765625,1504.469970703125,1486.5899658203125,1492.4100341796875,2273220000
2004-01-07,1514.260009765625,1514.260009765625,1514.449951171875,1491.199951171875,1498.3800048828125,2294280000
2004-01-08,1530.6500244140625,1530.6500244140625,1530.6500244140625,1513.3399658203125,1524.06005859375,2683950000
2004-01-09,1520.4599609375,1520.4599609375,1541.8399658203125,1512.8599853515625,1516.5899658203125,2482760000
2004-01-12,1539.77001953125,1539.77001953125,1540.0999755859375,1515.8599853515625,1524.5400390625,2284010000
2004-01-13,1524.780029296875,1524.780029296875,1541.8299560546875,1513.2099609375,1540.3499755859375,2385700000
2004-01-14,1534.0799560546875,1534.0799560546875,1536.8399658203125,1521.9100341796875,1531.9300537109375,2099970000
2004-01-15,1532.010009765625,1532.010009765625,1545.6500244140625,1515.06005859375,1524.72998046875,2235590000
2004-01-16,1553.6199951171875,1553.6199951171875,1553.6400146484375,1537.1700439453125,1545.3199462890625,2614390000
2004-01-20,1552.8699951171875,1552.8699951171875,1559.469970703125,1541.3399658203125,1558.8900146484375,2574190000
2004-01-21,1546.5999755859375,1546.5999755859375,1554.8900146484375,1529.4000244140625,1545.530029296875,2421860000
2004-01-22,1530.4200439453125,1530.4200439453125,1556.06005859375,1530.4200439453125,1550.97998046875,2353370000
2004-01-23,1531.2099609375,1531.2099609375,1546.68994140625,1519.739990234375,1535.4100341796875,2253910000
2004-01-26,1553.6600341796875,1553.6600341796875,1553.6600341796875,1522.949951171875,1526.5699462890625,1946050000
2004-01-27,1519.22998046875,1519.22998046875,1552.5400390625,1519.199951171875,1548.6400146484375,2151260000
2004-01-28,1491.5699462890625,1491.5699462890625,1530.06005859375,1488.6099853515625,1527.3499755859375,2319550000
2004-01-29,1496.4000244140625,1496.4000244140625,1500.800048828125,1474.1300048828125,1499.8399658203125,2637760000
2004-01-30,1493.0799560546875,1493.0799560546875,1505.1199951171875,1487.780029296875,1494.8800048828125,1931180000
2004-02-02,1487.8399658203125,1487.8399658203125,1507.5899658203125,1481.5699462890625,1497.780029296875,1915680000
2004-02-03,1491.8499755859375,1491.8499755859375,1497.0699462890625,1482.699951171875,1485.9300537109375,1844840000
2004-02-04,1462.6099853515625,1462.6099853515625,1482.3499755859375,1461.010009765625,1473.530029296875,2267580000
2004-02-05,1465.030029296875,1465.030029296875,1475.4100341796875,1461.1199951171875,1468.9599609375,1956030000
2004-02-06,1498.949951171875,1498.949951171875,1498.949951171875,1470.31005859375,1472.02001953125,1855510000
2004-02-09,1490.9100341796875,1490.9100341796875,1503.0400390625,1490.699951171875,1502.3199462890625,1745350000
2004-02-10,1500.2900390625,1500.2900390625,1503.8299560546875,1489.9000244140625,1490.68994140625,1656760000
2004-02-11,1514.1800537109375,1514.1800537109375,1514.489990234375,1491.2099609375,1498.0799560546875,2185700000
2004-02-12,1501.3399658203125,1501.3399658203125,1516.2099609375,1499.4300537109375,1508.18994140625,1937690000
2004-02-13,1484.469970703125,1484.469970703125,1510.8299560546875,1478.5400390625,1504.699951171875,1313150000
2004-02-17,1506.5699462890625,1506.5699462890625,1512.1700439453125,1497.5400390625,1498.699951171875,1618060000
2004-02-18,1507.489990234375,1507.489990234375,1515.43994140625,1501.699951171875,1509.550048828125,1781240000
2004-02-19,1484.800048828125,1484.800048828125,1524.0899658203125,1484.800048828125,1522.3900146484375,2065540000
2004-02-20,1482.0999755859375,1482.0999755859375,1493.449951171875,1470.9200439453125,1490.81005859375,1914330000
2004-02-23,1463.75,1463.75,1489.4000244140625,1454.3599853515625,1488.280029296875,1953330000
2004-02-24,1462.050048828125,1462.050048828125,1474.0400390625,1452.489990234375,1458.3800048828125,2069420000
2004-02-25,1470.219970703125,1470.219970703125,1474.2099609375,1461.260009765625,1465.8299560546875,1707140000
2004-02-26,1477.1300048828125,1477.1300048828125,1480.8800048828125,1461.3599853515625,1465.4000244140625,1752840000
2004-02-27,1470.3800048828125,1470.3800048828125,1485.4000244140625,1459.9100341796875,1479.56005859375,1871780000
2004-03-01,1489.489990234375,1489.489990234375,1490.1800537109375,1467.5699462890625,1476.0400390625,1697920000
2004-03-02,1473.219970703125,1473.219970703125,1494.6700439453125,1473.219970703125,1487.699951171875,1871950000
2004-03-03,1466.0899658203125,1466.0899658203125,1473.280029296875,1456.8699951171875,1469.77001953125,1814850000
2004-03-04,1481.3599853515625,1481.3599853515625,1481.3599853515625,1464.5699462890625,1466.699951171875,1799070000
2004-03-05,1472.989990234375,1472.989990234375,1494.2900390625,1463.3199462890625,1464.8900146484375,2045230000
2004-03-08,1441.1199951171875,1441.1199951171875,1481.18994140625,1441.0,1476.8499755859375,2044260000
2004-03-09,1437.469970703125,1437.469970703125,1446.4599609375,1429.3599853515625,1441.280029296875,2105450000
2004-03-10,1417.5,1417.5,1447.7099609375,1417.1800537109375,1438.530029296875,2159820000
2004-03-11,1402.199951171875,1402.199951171875,1429.0999755859375,1402.199951171875,1409.1400146484375,2191370000
2004-03-12,1431.4000244140625,1431.4000244140625,1431.4000244140625,1414.4300537109375,1415.9000244140625,1707130000
2004-03-15,1399.8699951171875,1399.8699951171875,1424.6500244140625,1399.8699951171875,1423.1500244140625,1723290000
2004-03-16,1407.0699462890625,1407.0699462890625,1417.56005859375,1394.1099853515625,1412.0999755859375,1963640000
2004-03-17,1428.8900146484375,1428.8900146484375,1432.22998046875,1418.300048828125,1418.5699462890625,1678770000
2004-03-18,1417.77001953125,1417.77001953125,1425.760009765625,1407.0899658203125,1423.8599853515625,1677760000
2004-03-19,1398.5799560546875,1398.5799560546875,1425.9200439453125,1398.5799560546875,1416.22998046875,1645680000
2004-03-22,1381.3900146484375,1381.3900146484375,1388.6800537109375,1369.3599853515625,1386.760009765625,1982240000
2004-03-23,1370.0400390625,1370.0400390625,1393.77001953125,1368.6700439453125,1391.6400146484375,1835180000
2004-03-24,1381.8599853515625,1381.8599853515625,1391.8699951171875,1368.0799560546875,1374.739990234375,1839440000
2004-03-25,1425.8599853515625,1425.8599853515625,1425.8599853515625,1393.9599609375,1394.199951171875,1968620000
2004-03-26,1415.3900146484375,1415.3900146484375,1431.22998046875,1415.3900146484375,1420.4100341796875,1579820000
2004-03-29,1442.31005859375,1442.31005859375,1445.8199462890625,1429.47998046875,1429.5400390625,1706000000
2004-03-30,1445.25,1445.25,1445.300048828125,1429.0899658203125,1435.5899658203125,1598550000
2004-03-31,1438.4100341796875,1438.4100341796875,1447.949951171875,1432.8699951171875,1445.1700439453125,1861460000
2004-04-01,1453.219970703125,1453.219970703125,1457.5899658203125,1438.9100341796875,1438.9100341796875,1833430000
2004-04-02,1490.300048828125,1490.300048828125,1490.300048828125,1469.5699462890625,1482.3299560546875,2183740000
2004-04-05,1508.3699951171875,1508.3699951171875,1508.3699951171875,1487.22998046875,1488.449951171875,1736300000
2004-04-06,1493.5799560546875,1493.5799560546875,1498.3399658203125,1485.699951171875,1492.9300537109375,1811100000
2004-04-07,1481.9599609375,1481.9599609375,1492.18994140625,1475.6199951171875,1489.0999755859375,1774960000
2004-04-08,1485.510009765625,1485.510009765625,1503.3699951171875,1478.43994140625,1502.77001953125,1694140000
2004-04-12,1495.9300537109375,1495.9300537109375,1497.5,1488.3499755859375,1489.5899658203125,1501360000
2004-04-13,1472.8800048828125,1472.8800048828125,1502.52001953125,1469.8800048828125,1501.97998046875,1953240000
2004-04-14,1475.6600341796875,1475.6600341796875,1485.280029296875,1463.6300048828125,1464.3199462890625,1832200000
2004-04-15,1459.449951171875,1459.449951171875,1481.77001953125,1449.4000244140625,1479.56005859375,1956010000
2004-04-16,1449.06005859375,1449.06005859375,1460.3900146484375,1440.56005859375,1458.510009765625,1870420000
2004-04-19,1473.47998046875,1473.47998046875,1473.530029296875,1448.030029296875,1448.8900146484375,1672830000
2004-04-20,1436.9000244140625,1436.9000244140625,1479.6800537109375,1436.8900146484375,1473.97998046875,1921740000
2004-04-21,1451.010009765625,1451.010009765625,1452.9200439453125,1434.1600341796875,1446.02001953125,2053970000
2004-04-22,1485.5,1485.5,1488.739990234375,1449.06005859375,1450.3800048828125,2147870000
2004-04-23,1497.010009765625,1497.010009765625,1497.1700439453125,1484.3599853515625,1492.239990234375,1927300000
2004-04-26,1480.530029296875,1480.530029296875,1499.449951171875,1474.7900390625,1496.6700439453125,1727680000
2004-04-27,1479.469970703125,1479.469970703125,1495.6199951171875,1476.4200439453125,1485.6700439453125,1971610000
2004-04-28,1453.030029296875,1453.030029296875,1476.030029296875,1449.22998046875,1475.8800048828125,2037420000
2004-04-29,1431.3599853515625,1431.3599853515625,1461.1300048828125,1420.6600341796875,1451.4000244140625,2371070000
2004-04-30,1401.3599853515625,1401.3599853515625,1439.68994140625,1401.3599853515625,1435.1600341796875,2174730000
2004-05-03,1415.2900390625,1415.2900390625,1428.489990234375,1404.06005859375,1409.06005859375,1932490000
2004-05-04,1422.1099853515625,1422.1099853515625,1438.489990234375,1409.3900146484375,1417.1199951171875,1857530000
2004-05-05,1428.4200439453125,1428.4200439453125,1435.4599609375,1416.72998046875,1424.7099609375,1586660000
2004-05-06,1415.5999755859375,1415.5999755859375,1425.5,1403.3599853515625,1416.5899658203125,1750770000
2004-05-07,1406.18994140625,1406.18994140625,1432.7099609375,1406.18994140625,1411.050048828125,1637090000
2004-05-10,1397.0999755859375,1397.0999755859375,1403.5899658203125,1384.8900146484375,1395.2099609375,1895630000
2004-05-11,1421.8900146484375,1421.8900146484375,1422.510009765625,1406.3599853515625,1406.3599853515625,1645220000
2004-05-12,1414.8299560546875,1414.8299560546875,1417.030029296875,1378.6400146484375,1412.5,1887780000
2004-05-13,1417.0899658203125,1417.0899658203125,1425.68994140625,1405.5999755859375,1408.5799560546875,1558620000
2004-05-14,1399.8499755859375,1399.8499755859375,1419.5699462890625,1394.3699951171875,1415.43994140625,1526360000
2004-05-17,1379.9000244140625,1379.9000244140625,1391.77001953125,1372.4599609375,1379.989990234375,1528890000
2004-05-18,1397.469970703125,1397.469970703125,1404.27001953125,1393.0799560546875,1395.22998046875,1435100000
2004-05-19,1396.3399658203125,1396.3399658203125,1427.510009765625,1396.3399658203125,1414.3800048828125,1834960000
2004-05-20,1396.8699951171875,1396.8699951171875,1408.199951171875,1390.4100341796875,1400.3699951171875,1540900000
2004-05-21,1408.1700439453125,1408.1700439453125,1414.1099853515625,1397.699951171875,1409.6099853515625,1376620000
2004-05-24,1413.969970703125,1413.969970703125,1425.489990234375,1408.43994140625,1418.77001953125,1422080000
2004-05-25,1447.719970703125,1447.719970703125,1450.06005859375,1406.199951171875,1412.5899658203125,1770600000
2004-05-26,1453.8699951171875,1453.8699951171875,1455.0,1440.8499755859375,1443.1300048828125,1591030000
2004-05-27,1463.1099853515625,1463.1099853515625,1467.6300048828125,1450.6700439453125,1460.06005859375,1641260000
2004-05-28,1466.219970703125,1466.219970703125,1469.22998046875,1456.77001953125,1464.8299560546875,1233190000
2004-06-01,1468.5400390625,1468.5400390625,1469.27001953125,1453.3900146484375,1457.7099609375,1459030000
2004-06-02,1464.219970703125,1464.219970703125,1474.0999755859375,1455.1300048828125,1472.5400390625,1520120000
2004-06-03,1445.2099609375,1445.2099609375,1462.4100341796875,1445.2099609375,1459.18994140625,1526670000
2004-06-04,1455.0400390625,1455.0400390625,1472.6400146484375,1455.0400390625,1463.4599609375,1417600000
2004-06-07,1491.449951171875,1491.449951171875,1491.449951171875,1464.010009765625,1465.56005859375,1485300000
2004-06-08,1495.969970703125,1495.969970703125,1496.0,1481.760009765625,1483.5899658203125,1464790000
2004-06-09,1469.5,1469.5,1490.8800048828125,1469.0400390625,1487.3699951171875,1520200000
2004-06-10,1481.27001953125,1481.27001953125,1481.27001953125,1470.5,1475.7099609375,1345640000
2004-06-14,1458.6400146484375,1458.6400146484375,1471.18994140625,1451.780029296875,1470.6199951171875,1402630000
2004-06-15,1479.199951171875,1479.199951171875,1487.8299560546875,1470.3699951171875,1470.3699951171875,1527280000
2004-06-16,1479.989990234375,1479.989990234375,1483.5999755859375,1474.1700439453125,1478.719970703125,1353130000
2004-06-17,1464.030029296875,1464.030029296875,1473.949951171875,1458.6800537109375,1473.93994140625,1449920000
2004-06-18,1464.6500244140625,1464.6500244140625,1481.3599853515625,1455.6700439453125,1457.8800048828125,1697770000
2004-06-21,1453.22998046875,1453.22998046875,1472.6500244140625,1450.7900390625,1467.97998046875,1363000000
2004-06-22,1474.8699951171875,1474.8699951171875,1475.1199951171875,1448.8199462890625,1455.9200439453125,1660890000
2004-06-23,1493.52001953125,1493.52001953125,1495.050048828125,1468.739990234375,1471.5400390625,1803560000
2004-06-24,1488.31005859375,1488.31005859375,1502.1400146484375,1485.8800048828125,1490.5799560546875,1685690000
2004-06-25,1498.3800048828125,1498.3800048828125,1503.9100341796875,1488.199951171875,1488.8199462890625,1972100000
2004-06-28,1493.0699462890625,1493.0699462890625,1508.52001953125,1485.25,1507.3199462890625,1611080000
2004-06-29,1505.6500244140625,1505.6500244140625,1507.050048828125,1490.6500244140625,1490.6500244140625,1581530000
2004-06-30,1516.6400146484375,1516.6400146484375,1523.47998046875,1502.6099853515625,1507.5999755859375,1754160000
2004-07-01,1489.5699462890625,1489.5699462890625,1514.8199462890625,1477.6199951171875,1514.8199462890625,1739310000
2004-07-02,1481.18994140625,1481.18994140625,1489.5999755859375,1473.72998046875,1488.3399658203125,1200230000
2004-07-06,1445.7099609375,1445.7099609375,1471.2099609375,1441.780029296875,1470.469970703125,1927550000
2004-07-07,1452.489990234375,1452.489990234375,1459.0699462890625,1445.02001953125,1445.0999755859375,1762310000
2004-07-08,1431.1300048828125,1431.1300048828125,1452.699951171875,1430.81005859375,1439.5699462890625,1789150000
2004-07-09,1440.0,1440.0,1451.3900146484375,1434.0,1442.4300537109375,1388750000
2004-07-12,1432.1099853515625,1432.1099853515625,1435.300048828125,1418.0999755859375,1429.9100341796875,1504000000
2004-07-13,1428.6800537109375,1428.6800537109375,1439.780029296875,1426.1099853515625,1436.0799560546875,1499660000
2004-07-14,1416.050048828125,1416.050048828125,1433.6099853515625,1411.52001953125,1414.4200439453125,1461800000
2004-07-15,1415.9200439453125,1415.9200439453125,1427.719970703125,1412.5899658203125,1422.260009765625,1669940000
2004-07-16,1392.1700439453125,1392.1700439453125,1426.489990234375,1392.1700439453125,1426.489990234375,2099400000
2004-07-19,1396.77001953125,1396.77001953125,1406.1500244140625,1386.780029296875,1398.9200439453125,1774620000
2004-07-20,1421.0699462890625,1421.0699462890625,1421.0699462890625,1396.8499755859375,1398.6400146484375,1628240000
2004-07-21,1386.5699462890625,1386.5699462890625,1433.27001953125,1386.5699462890625,1433.27001953125,2109750000
2004-07-22,1408.510009765625,1408.510009765625,1411.4300537109375,1377.699951171875,1385.8900146484375,1964570000
2004-07-23,1375.47998046875,1375.47998046875,1394.56005859375,1370.699951171875,1394.56005859375,1697910000
2004-07-26,1368.4000244140625,1368.4000244140625,1383.6700439453125,1359.199951171875,1376.800048828125,1667060000
2004-07-27,1391.5,1391.5,1395.949951171875,1371.260009765625,1374.68994140625,1769400000
2004-07-28,1383.75,1383.75,1392.47998046875,1360.27001953125,1384.510009765625,1847380000
2004-07-29,1398.550048828125,1398.550048828125,1403.800048828125,1388.06005859375,1395.3399658203125,1703350000
2004-07-30,1400.3900146484375,1400.3900146484375,1412.0,1394.8499755859375,1397.050048828125,1507320000
2004-08-02,1406.3299560546875,1406.3299560546875,1408.31005859375,1387.0400390625,1390.2099609375,1533970000
2004-08-03,1379.1400146484375,1379.1400146484375,1404.9000244140625,1379.02001953125,1402.3399658203125,1494480000
2004-08-04,1379.2099609375,1379.2099609375,1386.280029296875,1368.43994140625,1372.4599609375,1659390000
2004-08-05,1353.43994140625,1353.43994140625,1383.3800048828125,1352.27001953125,1380.9300537109375,1574660000
2004-08-06,1315.300048828125,1315.300048828125,1342.8699951171875,1314.969970703125,1341.0799560546875,1692260000
2004-08-09,1318.8299560546875,1318.8299560546875,1325.449951171875,1314.5699462890625,1320.8299560546875,1263490000
2004-08-10,1346.7099609375,1346.7099609375,1346.7099609375,1324.3800048828125,1325.9599609375,1468460000
2004-08-11,1324.6500244140625,1324.6500244140625,1328.8299560546875,1309.5,1319.699951171875,1794260000
2004-08-12,1304.4300537109375,1304.4300537109375,1320.93994140625,1302.739990234375,1313.81005859375,1632660000
2004-08-13,1307.8199462890625,1307.8199462890625,1316.300048828125,1301.9300537109375,1311.8399658203125,1347750000
2004-08-16,1326.8399658203125,1326.8399658203125,1334.780029296875,1309.5,1309.5,1289730000
2004-08-17,1335.719970703125,1335.719970703125,1344.5400390625,1331.8499755859375,1332.93994140625,1390280000
2004-08-18,1363.72998046875,1363.72998046875,1363.739990234375,1327.8499755859375,1328.989990234375,1575050000
2004-08-19,1353.239990234375,1353.239990234375,1361.22998046875,1344.97998046875,1356.8900146484375,1416730000
2004-08-20,1366.72998046875,1366.72998046875,1373.010009765625,1348.27001953125,1352.280029296875,1342650000
2004-08-23,1370.9000244140625,1370.9000244140625,1377.6700439453125,1364.4599609375,1370.510009765625,1224660000
2004-08-24,1369.780029296875,1369.780029296875,1379.050048828125,1360.8199462890625,1376.989990234375,1301090000
2004-08-25,1389.1700439453125,1389.1700439453125,1391.219970703125,1363.56005859375,1369.199951171875,1320640000
2004-08-26,1383.97998046875,1383.97998046875,1388.8399658203125,1379.68994140625,1383.800048828125,1183830000
2004-08-27,1388.56005859375,1388.56005859375,1393.22998046875,1384.6099853515625,1384.6099853515625,1011070000
2004-08-30,1367.93994140625,1367.93994140625,1384.1400146484375,1367.72998046875,1383.1199951171875,1007640000
2004-08-31,1368.6800537109375,1368.6800537109375,1372.27001953125,1354.0999755859375,1368.9100341796875,1298910000
2004-09-01,1377.9599609375,1377.9599609375,1384.8499755859375,1360.5799560546875,1363.27001953125,1426350000
2004-09-02,1398.3399658203125,1398.3399658203125,1402.0699462890625,1373.6700439453125,1374.68994140625,1208770000
2004-09-03,1371.8199462890625,1371.8199462890625,1393.5,1370.010009765625,1384.4100341796875,1244610000
2004-09-07,1381.8399658203125,1381.8399658203125,1390.5999755859375,1372.530029296875,1382.47998046875,1320700000
2004-09-08,1376.77001953125,1376.77001953125,1393.68994140625,1374.7900390625,1378.4000244140625,1442540000
2004-09-09,1391.530029296875,1391.530029296875,1396.550048828125,1373.3699951171875,1385.219970703125,1663790000
2004-09-10,1413.0,1413.0,1414.550048828125,1386.4100341796875,1391.199951171875,1606650000
2004-09-13,1427.3399658203125,1427.3399658203125,1435.949951171875,1414.219970703125,1417.8399658203125,1741080000
2004-09-14,1434.3699951171875,1434.3699951171875,1435.9100341796875,1422.8299560546875,1425.2900390625,1509260000
2004-09-15,1415.300048828125,1415.300048828125,1425.510009765625,1412.5400390625,1425.510009765625,1575500000
2004-09-16,1417.969970703125,1417.969970703125,1429.9300537109375,1413.219970703125,1417.3699951171875,1325500000
2004-09-17,1426.300048828125,1426.300048828125,1427.5899658203125,1413.780029296875,1417.72998046875,1640370000
2004-09-20,1424.719970703125,1424.719970703125,1437.300048828125,1415.31005859375,1417.3900146484375,1565540000
2004-09-21,1435.9100341796875,1435.9100341796875,1440.81005859375,1425.1600341796875,1429.8499755859375,1531560000
2004-09-22,1404.219970703125,1404.219970703125,1424.719970703125,1403.1600341796875,1424.719970703125,1588290000
2004-09-23,1405.77001953125,1405.77001953125,1413.6800537109375,1402.7900390625,1405.760009765625,1396810000
2004-09-24,1399.050048828125,1399.050048828125,1414.56005859375,1397.5,1407.7099609375,1360090000
2004-09-27,1385.550048828125,1385.550048828125,1396.4200439453125,1383.239990234375,1389.93994140625,1316790000
2004-09-28,1389.699951171875,1389.699951171875,1394.4300537109375,1376.989990234375,1390.1099853515625,1536980000
2004-09-29,1410.8599853515625,1410.8599853515625,1411.8199462890625,1389.6199951171875,1389.68994140625,1637280000
2004-09-30,1412.739990234375,1412.739990234375,1417.989990234375,1403.8900146484375,1409.22998046875,1656620000
2004-10-01,1452.93994140625,1452.93994140625,1452.93994140625,1423.4300537109375,1426.3800048828125,1820300000
2004-10-04,1459.010009765625,1459.010009765625,1472.2099609375,1458.0799560546875,1463.219970703125,1854970000
2004-10-05,1461.760009765625,1461.760009765625,1467.22998046875,1454.22998046875,1456.18994140625,1709600000
2004-10-06,1474.3599853515625,1474.3599853515625,1474.3599853515625,1452.6099853515625,1460.18994140625,1922870000
2004-10-07,1455.77001953125,1455.77001953125,1474.699951171875,1454.8900146484375,1469.699951171875,1734970000
2004-10-08,1430.9599609375,1430.9599609375,1457.0400390625,1428.1099853515625,1449.489990234375,1668940000
2004-10-11,1437.72998046875,1437.72998046875,1441.0999755859375,1431.77001953125,1435.5400390625,1173820000
2004-10-12,1435.0,1435.0,1439.0699462890625,1416.2900390625,1424.219970703125,1508390000
2004-10-13,1434.4599609375,1434.4599609375,1453.719970703125,1425.4100341796875,1451.72998046875,1776120000
2004-10-14,1425.2099609375,1425.2099609375,1437.6600341796875,1421.5899658203125,1434.9200439453125,1590290000
2004-10-15,1430.97998046875,1430.97998046875,1441.8199462890625,1419.3599853515625,1430.31005859375,1648280000
2004-10-18,1457.31005859375,1457.31005859375,1457.31005859375,1424.8199462890625,1428.0799560546875,1505000000
2004-10-19,1443.800048828125,1443.800048828125,1470.1400146484375,1443.4000244140625,1463.010009765625,1713330000
2004-10-20,1452.260009765625,1452.260009765625,1456.18994140625,1433.8800048828125,1441.2099609375,1650470000
2004-10-21,1474.7900390625,1474.7900390625,1478.4599609375,1452.5699462890625,1459.6800537109375,2006000000
2004-10-22,1438.25,1438.25,1473.68994140625,1438.1300048828125,1472.9200439453125,1737960000
2004-10-25,1432.5699462890625,1432.5699462890625,1439.47998046875,1427.43994140625,1435.6800537109375,1603830000
2004-10-26,1442.1400146484375,1442.1400146484375,1442.1400146484375,1423.97998046875,1432.25,1812550000
2004-10-27,1480.030029296875,1480.030029296875,1483.1300048828125,1437.43994140625,1441.7900390625,2075920000
2004-10-28,1487.1199951171875,1487.1199951171875,1491.8599853515625,1471.030029296875,1473.4100341796875,1821820000
2004-10-29,1486.719970703125,1486.719970703125,1496.97998046875,1475.56005859375,1485.6800537109375,1639950000
2004-11-01,1488.7900390625,1488.7900390625,1494.8800048828125,1479.8599853515625,1486.25,1522820000
2004-11-02,1494.8299560546875,1494.8299560546875,1509.56005859375,1489.3299560546875,1490.3199462890625,1845080000
2004-11-03,1503.8900146484375,1503.8900146484375,1523.510009765625,1494.8499755859375,1519.969970703125,1957400000
2004-11-04,1516.199951171875,1516.199951171875,1519.2099609375,1492.22998046875,1498.06005859375,1823490000
2004-11-05,1525.239990234375,1525.239990234375,1534.8399658203125,1512.739990234375,1526.7099609375,1908970000
2004-11-08,1527.1300048828125,1527.1300048828125,1532.4599609375,1522.1199951171875,1525.1300048828125,1609270000
2004-11-09,1527.0,1527.0,1534.3699951171875,1521.1500244140625,1527.25,1692200000
2004-11-10,1517.06005859375,1517.06005859375,1530.010009765625,1514.3199462890625,1524.0999755859375,1853460000
2004-11-11,1541.699951171875,1541.699951171875,1542.3900146484375,1522.47998046875,1524.6199951171875,1764760000
2004-11-12,1558.4100341796875,1558.4100341796875,1558.4100341796875,1535.8199462890625,1543.31005859375,2004310000
2004-11-15,1560.9599609375,1560.9599609375,1562.0400390625,1550.030029296875,1554.31005859375,1888260000
2004-11-16,1548.530029296875,1548.530029296875,1554.7900390625,1541.8399658203125,1554.7900390625,1901080000
2004-11-17,1571.1199951171875,1571.1199951171875,1580.260009765625,1561.800048828125,1561.800048828125,2223370000
2004-11-18,1580.81005859375,1580.81005859375,1581.7900390625,1563.7900390625,1568.02001953125,1915430000
2004-11-19,1552.1099853515625,1552.1099853515625,1580.9300537109375,1551.77001953125,1578.8599853515625,2033710000
2004-11-22,1568.280029296875,1568.280029296875,1568.8599853515625,1543.969970703125,1551.1600341796875,1897960000
2004-11-23,1562.5999755859375,1562.5999755859375,1573.52001953125,1552.8499755859375,1566.7099609375,2057620000
2004-11-24,1582.550048828125,1582.550048828125,1583.0699462890625,1570.8699951171875,1572.6700439453125,1638170000
2004-11-26,1578.260009765625,1578.260009765625,1587.0799560546875,1578.260009765625,1581.6500244140625,667760000
2004-11-29,1580.43994140625,1580.43994140625,1593.1600341796875,1567.27001953125,1586.4599609375,1844330000
2004-11-30,1571.5,1571.5,1583.1500244140625,1571.1099853515625,1579.510009765625,1878760000
2004-12-01,1607.1500244140625,1607.1500244140625,1607.1600341796875,1578.25,1578.25,2281640000
2004-12-02,1613.1500244140625,1613.1500244140625,1623.5999755859375,1599.6300048828125,1602.1099853515625,2401610000
2004-12-03,1614.4000244140625,1614.4000244140625,1631.9000244140625,1612.719970703125,1621.0999755859375,2410930000
2004-12-06,1619.5899658203125,1619.5899658203125,1625.6099853515625,1605.7099609375,1612.3299560546875,2150250000
2004-12-07,1589.3299560546875,1589.3299560546875,1628.25,1589.050048828125,1622.8399658203125,2671520000
2004-12-08,1601.9100341796875,1601.9100341796875,1607.489990234375,1588.72998046875,1593.8699951171875,2390860000
2004-12-09,1609.7900390625,1609.7900390625,1615.5999755859375,1577.77001953125,1585.989990234375,2284150000
2004-12-10,1605.1600341796875,1605.1600341796875,1611.22998046875,1600.719970703125,1601.4599609375,1794840000
2004-12-13,1621.1600341796875,1621.1600341796875,1621.3699951171875,1608.4000244140625,1617.530029296875,2070980000
2004-12-14,1627.4599609375,1627.4599609375,1632.1700439453125,1618.199951171875,1618.199951171875,2228670000
2004-12-15,1623.6300048828125,1623.6300048828125,1635.699951171875,1615.449951171875,1626.989990234375,2337590000
2004-12-16,1607.6199951171875,1607.6199951171875,1625.8299560546875,1601.6199951171875,1621.4300537109375,2396220000
2004-12-17,1596.6099853515625,1596.6099853515625,1614.8900146484375,1596.47998046875,1608.6400146484375,2423080000
2004-12-20,1591.969970703125,1591.969970703125,1613.780029296875,1587.2099609375,1603.8399658203125,1991460000
2004-12-21,1609.260009765625,1609.260009765625,1611.3399658203125,1594.8900146484375,1598.5999755859375,1972860000
2004-12-22,1613.5699462890625,1613.5699462890625,1619.56005859375,1602.989990234375,1605.719970703125,1802760000
2004-12-23,1613.77001953125,1613.77001953125,1619.1800537109375,1608.6400146484375,1608.8699951171875,1430770000
2004-12-27,1607.5899658203125,1607.5899658203125,1623.800048828125,1600.25,1621.3299560546875,1478700000
2004-12-28,1624.18994140625,1624.18994140625,1624.18994140625,1608.510009765625,1610.9000244140625,1587550000
2004-12-29,1624.949951171875,1624.949951171875,1629.9000244140625,1619.3599853515625,1619.3599853515625,1503880000
2004-12-30,1623.760009765625,1623.760009765625,1628.739990234375,1621.5799560546875,1626.2099609375,1403140000
2004-12-31,1621.1199951171875,1621.1199951171875,1628.9100341796875,1620.31005859375,1624.3699951171875,1366460000
2005-01-03,1603.510009765625,1603.510009765625,1635.449951171875,1598.7900390625,1628.75,2193130000
2005-01-04,1571.8299560546875,1571.8299560546875,1612.780029296875,1565.02001953125,1611.219970703125,2690460000
2005-01-05,1563.760009765625,1563.760009765625,1580.8800048828125,1562.6400146484375,1568.6800537109375,2375380000
2005-01-06,1557.52001953125,1557.52001953125,1570.75,1556.8399658203125,1567.6600341796875,2174220000
2005-01-07,1564.81005859375,1564.81005859375,1577.760009765625,1551.2900390625,1565.6300048828125,2191910000
2005-01-10,1564.9200439453125,1564.9200439453125,1577.7099609375,1558.5400390625,1561.22998046875,2098270000
2005-01-11,1553.4000244140625,1553.4000244140625,1562.239990234375,1545.280029296875,1556.6600341796875,2210240000
2005-01-12,1565.780029296875,1565.780029296875,1566.68994140625,1543.0400390625,1561.8399658203125,2257670000
2005-01-13,1545.1800537109375,1545.1800537109375,1568.5400390625,1543.47998046875,1567.550048828125,2111610000
2005-01-14,1561.1099853515625,1561.1099853515625,1563.7900390625,1550.050048828125,1552.1099853515625,2084860000
2005-01-18,1573.489990234375,1573.489990234375,1574.3900146484375,1551.8800048828125,1554.18994140625,1983840000
2005-01-19,1545.6500244140625,1545.6500244140625,1573.02001953125,1545.6300048828125,1572.81005859375,2217700000
2005-01-20,1514.56005859375,1514.56005859375,1534.530029296875,1514.56005859375,1526.800048828125,2231360000
2005-01-21,1503.6400146484375,1503.6400146484375,1524.030029296875,1502.47998046875,1519.300048828125,2043770000
2005-01-24,1480.6600341796875,1480.6600341796875,1509.8299560546875,1480.6600341796875,1507.7900390625,2134680000
2005-01-25,1490.5699462890625,1490.5699462890625,1505.050048828125,1488.5999755859375,1492.6500244140625,2003630000
2005-01-26,1509.010009765625,1509.010009765625,1513.43994140625,1495.31005859375,1502.050048828125,2105070000
2005-01-27,1507.550048828125,1507.550048828125,1512.739990234375,1497.3599853515625,1505.25,2106220000
2005-01-28,1499.4599609375,1499.4599609375,1512.8199462890625,1486.760009765625,1510.8800048828125,2098150000
2005-01-31,1519.6300048828125,1519.6300048828125,1523.27001953125,1513.06005859375,1515.1600341796875,1823800000
2005-02-01,1523.6600341796875,1523.6600341796875,1527.9100341796875,1517.300048828125,1521.0,1904570000
2005-02-02,1525.0999755859375,1525.0999755859375,1531.219970703125,1515.449951171875,1527.2900390625,1965550000
2005-02-03,1508.239990234375,1508.239990234375,1518.1300048828125,1501.9599609375,1516.219970703125,1962750000
2005-02-04,1534.489990234375,1534.489990234375,1534.969970703125,1507.68994140625,1507.739990234375,1934920000
2005-02-07,1529.050048828125,1529.050048828125,1538.3800048828125,1522.719970703125,1534.47998046875,1698460000
2005-02-08,1532.68994140625,1532.68994140625,1542.4100341796875,1527.0400390625,1529.550048828125,1943560000
2005-02-09,1506.81005859375,1506.81005859375,1534.47998046875,1504.5999755859375,1534.4100341796875,1958810000
2005-02-10,1506.8299560546875,1506.8299560546875,1514.219970703125,1497.3499755859375,1512.7099609375,2085500000
2005-02-11,1530.510009765625,1530.510009765625,1535.5400390625,1498.6800537109375,1505.0899658203125,2163630000
2005-02-14,1538.2099609375,1538.2099609375,1540.010009765625,1530.1600341796875,1531.18994140625,1639640000
2005-02-15,1547.300048828125,1547.300048828125,1561.1700439453125,1535.3399658203125,1538.3800048828125,2071590000
2005-02-16,1542.4100341796875,1542.4100341796875,1547.68994140625,1535.3699951171875,1541.260009765625,1865070000
2005-02-17,1519.2900390625,1519.2900390625,1546.68994140625,1519.219970703125,1543.030029296875,1950460000
2005-02-18,1515.4000244140625,1515.4000244140625,1524.0400390625,1512.72998046875,1519.2099609375,1614160000
2005-02-22,1494.0699462890625,1494.0699462890625,1523.510009765625,1493.5799560546875,1502.93994140625,2056220000
2005-02-23,1497.0899658203125,1497.0899658203125,1503.8900146484375,1489.989990234375,1502.8299560546875,1878450000
2005-02-24,1517.7099609375,1517.7099609375,1517.8800048828125,1491.739990234375,1493.5899658203125,2031880000
2005-02-25,1526.9000244140625,1526.9000244140625,1528.0,1513.469970703125,1515.75,1771200000
2005-02-28,1511.02001953125,1511.02001953125,1524.699951171875,1498.1700439453125,1517.06005859375,2130140000
2005-03-01,1527.25,1527.25,1529.3699951171875,1515.199951171875,1516.6300048828125,1941180000
2005-03-02,1525.280029296875,1525.280029296875,1541.1400146484375,1514.97998046875,1517.6800537109375,2004470000
2005-03-03,1511.8900146484375,1511.8900146484375,1530.6800537109375,1502.3199462890625,1530.1300048828125,1895880000
2005-03-04,1520.5799560546875,1520.5799560546875,1530.5899658203125,1517.2900390625,1524.2099609375,1829190000
2005-03-07,1545.199951171875,1545.199951171875,1552.530029296875,1523.72998046875,1524.0400390625,1949190000
2005-03-08,1528.6500244140625,1528.6500244140625,1549.56005859375,1527.5,1540.800048828125,1696700000
2005-03-09,1521.97998046875,1521.97998046875,1537.969970703125,1520.449951171875,1526.9000244140625,1895520000
2005-03-10,1524.3800048828125,1524.3800048828125,1527.97998046875,1504.5400390625,1525.6400146484375,1825790000
2005-03-11,1505.6400146484375,1505.6400146484375,1533.8499755859375,1501.989990234375,1528.6500244140625,1792090000
2005-03-14,1515.0899658203125,1515.0899658203125,1515.1600341796875,1502.5999755859375,1509.18994140625,1707720000
2005-03-15,1502.06005859375,1502.06005859375,1520.4300537109375,1500.8800048828125,1520.260009765625,1838790000
2005-03-16,1486.22998046875,1486.22998046875,1508.1600341796875,1482.6199951171875,1497.4000244140625,1969690000
2005-03-17,1487.6300048828125,1487.6300048828125,1496.800048828125,1483.0999755859375,1487.719970703125,1745120000
2005-03-18,1484.4000244140625,1484.4000244140625,1490.5699462890625,1475.260009765625,1488.550048828125,2106980000
2005-03-21,1484.449951171875,1484.449951171875,1490.5699462890625,1470.93994140625,1483.1600341796875,1611000000
2005-03-22,1465.0899658203125,1465.0899658203125,1490.43994140625,1464.989990234375,1484.1300048828125,1805950000
2005-03-23,1471.77001953125,1471.77001953125,1480.1300048828125,1463.4300537109375,1463.4300537109375,1741150000
2005-03-24,1469.93994140625,1469.93994140625,1485.9599609375,1469.93994140625,1477.4599609375,1697930000
2005-03-28,1472.7099609375,1472.7099609375,1484.8499755859375,1472.7099609375,1476.4000244140625,1487620000
2005-03-29,1464.3399658203125,1464.3399658203125,1483.4300537109375,1458.260009765625,1471.25,1797840000
2005-03-30,1491.739990234375,1491.739990234375,1491.739990234375,1469.969970703125,1470.1300048828125,1753610000
2005-03-31,1482.530029296875,1482.530029296875,1490.800048828125,1478.6600341796875,1489.43994140625,1686970000
2005-04-01,1469.3499755859375,1469.3499755859375,1495.5799560546875,1466.489990234375,1491.8299560546875,1869690000
2005-04-04,1476.719970703125,1476.719970703125,1482.06005859375,1461.27001953125,1469.4200439453125,1589310000
2005-04-05,1483.75,1483.75,1487.260009765625,1477.550048828125,1480.989990234375,1647510000
2005-04-06,1480.6700439453125,1480.6700439453125,1497.3900146484375,1477.969970703125,1487.1500244140625,1746400000
2005-04-07,1499.7099609375,1499.7099609375,1499.7099609375,1481.1300048828125,1481.1300048828125,1714270000
2005-04-08,1485.5999755859375,1485.5999755859375,1503.2099609375,1485.4300537109375,1499.9300537109375,1516340000
2005-04-11,1478.550048828125,1478.550048828125,1492.3199462890625,1477.1300048828125,1490.4300537109375,1382490000
2005-04-12,1489.1600341796875,1489.1600341796875,1490.0999755859375,1460.4200439453125,1477.010009765625,1931870000
2005-04-13,1461.6800537109375,1461.6800537109375,1484.4599609375,1459.969970703125,1484.3900146484375,1705450000
2005-04-14,1441.1300048828125,1441.1300048828125,1462.81005859375,1440.3499755859375,1461.8299560546875,1930060000
2005-04-15,1408.5899658203125,1408.5899658203125,1434.469970703125,1407.8199462890625,1425.72998046875,2314620000
2005-04-18,1409.97998046875,1409.97998046875,1418.760009765625,1405.0899658203125,1406.300048828125,1840360000
2005-04-19,1420.800048828125,1420.800048828125,1424.030029296875,1410.5400390625,1419.530029296875,1792830000
2005-04-20,1406.8499755859375,1406.8499755859375,1432.1099853515625,1404.8599853515625,1430.25,2004950000
2005-04-21,1447.3699951171875,1447.3699951171875,1448.3699951171875,1419.25,1423.6199951171875,1951490000
2005-04-22,1421.2099609375,1421.2099609375,1438.719970703125,1412.6300048828125,1437.969970703125,1802730000
2005-04-25,1437.31005859375,1437.31005859375,1439.6300048828125,1426.72998046875,1430.989990234375,1442420000
2005-04-26,1420.4300537109375,1420.4300537109375,1446.8199462890625,1420.4300537109375,1431.75,1670040000
2005-04-27,1423.760009765625,1423.760009765625,1429.1099853515625,1409.489990234375,1413.219970703125,1764210000
2005-04-28,1409.2900390625,1409.2900390625,1425.68994140625,1408.8399658203125,1418.1199951171875,1861340000
2005-04-29,1420.7900390625,1420.7900390625,1422.4200439453125,1394.3599853515625,1420.6400146484375,2039550000
2005-05-02,1423.7099609375,1423.7099609375,1430.050048828125,1415.5999755859375,1421.9000244140625,1547750000
2005-05-03,1427.6099853515625,1427.6099853515625,1436.5999755859375,1421.280029296875,1421.280029296875,1868140000
2005-05-04,1452.199951171875,1452.199951171875,1453.199951171875,1429.6199951171875,1431.06005859375,1877820000
2005-05-05,1450.1600341796875,1450.1600341796875,1457.3399658203125,1441.93994140625,1450.72998046875,1719880000
2005-05-06,1456.0,1456.0,1460.760009765625,1449.699951171875,1460.260009765625,1511120000
2005-05-09,1463.3800048828125,1463.3800048828125,1463.3800048828125,1446.77001953125,1455.6800537109375,1441010000
2005-05-10,1450.3599853515625,1450.3599853515625,1458.4000244140625,1445.1099853515625,1453.25,1595520000
2005-05-11,1459.550048828125,1459.550048828125,1461.02001953125,1432.8299560546875,1452.31005859375,1716160000
2005-05-12,1454.7900390625,1454.7900390625,1468.1700439453125,1446.969970703125,1459.0699462890625,1783430000
2005-05-13,1470.6300048828125,1470.6300048828125,1478.8900146484375,1455.8800048828125,1459.22998046875,1878980000
2005-05-16,1480.6800537109375,1480.6800537109375,1481.3199462890625,1465.8499755859375,1470.31005859375,1390290000
2005-05-17,1490.1400146484375,1490.1400146484375,1490.1400146484375,1469.43994140625,1474.050048828125,1520510000
2005-05-18,1509.260009765625,1509.260009765625,1514.760009765625,1489.469970703125,1493.030029296875,1957880000
2005-05-19,1521.4300537109375,1521.4300537109375,1521.5,1508.7099609375,1510.6199951171875,1700580000
2005-05-20,1528.06005859375,1528.06005859375,1528.06005859375,1514.5400390625,1519.260009765625,1492720000
2005-05-23,1535.219970703125,1535.219970703125,1540.300048828125,1525.22998046875,1526.969970703125,1620130000
2005-05-24,1540.469970703125,1540.469970703125,1540.6800537109375,1529.4000244140625,1531.25,1695940000
2005-05-25,1532.7099609375,1532.7099609375,1535.9000244140625,1524.4100341796875,1535.9000244140625,1493000000
2005-05-26,1548.800048828125,1548.800048828125,1551.1199951171875,1539.739990234375,1540.050048828125,1596460000
2005-05-27,1549.800048828125,1549.800048828125,1551.030029296875,1541.760009765625,1546.739990234375,1237350000
2005-05-31,1542.6300048828125,1542.6300048828125,1550.1800537109375,1538.5400390625,1549.47998046875,1578740000
2005-06-01,1559.5,1559.5,1567.719970703125,1541.6600341796875,1541.72998046875,1779710000
2005-06-02,1568.9599609375,1568.9599609375,1568.9599609375,1553.050048828125,1553.4300537109375,1746620000
2005-06-03,1544.47998046875,1544.47998046875,1566.1400146484375,1542.050048828125,1565.47998046875,1637900000
2005-06-06,1545.27001953125,1545.27001953125,1548.550048828125,1539.5699462890625,1544.9599609375,1477150000
2005-06-07,1531.1199951171875,1531.1199951171875,1559.530029296875,1531.0699462890625,1546.7099609375,1846530000
2005-06-08,1527.6800537109375,1527.6800537109375,1538.239990234375,1524.1300048828125,1536.9200439453125,1602540000
2005-06-09,1539.4599609375,1539.4599609375,1542.75,1520.6099853515625,1526.1500244140625,1666670000
2005-06-10,1521.02001953125,1521.02001953125,1537.5699462890625,1515.9599609375,1537.5699462890625,1449380000
2005-06-13,1529.1300048828125,1529.1300048828125,1538.6600341796875,1519.6099853515625,1519.6099853515625,1432130000
2005-06-14,1524.4200439453125,1524.4200439453125,1534.1500244140625,1520.8800048828125,1529.02001953125,1405850000
2005-06-15,1529.489990234375,1529.489990234375,1535.4300537109375,1510.8199462890625,1533.9000244140625,1672670000
2005-06-16,1537.4200439453125,1537.4200439453125,1540.52001953125,1527.7099609375,1531.02001953125,1793020000
2005-06-17,1538.1300048828125,1538.1300048828125,1550.6300048828125,1532.56005859375,1550.6300048828125,1993280000
2005-06-20,1537.31005859375,1537.31005859375,1545.52001953125,1526.06005859375,1529.6500244140625,1408110000
2005-06-21,1536.47998046875,1536.47998046875,1542.72998046875,1530.9100341796875,1535.47998046875,1557480000
2005-06-22,1534.3599853515625,1534.3599853515625,1545.5400390625,1527.9300537109375,1542.1300048828125,1668440000
2005-06-23,1515.949951171875,1515.949951171875,1549.0,1515.7900390625,1537.6400146484375,2009480000
2005-06-24,1500.1800537109375,1500.1800537109375,1518.010009765625,1500.1800537109375,1516.8399658203125,2151000000
2005-06-27,1493.75,1493.75,1503.7900390625,1490.02001953125,1497.2900390625,1448300000
2005-06-28,1508.6099853515625,1508.6099853515625,1512.6400146484375,1498.47998046875,1500.6500244140625,1584200000
2005-06-29,1504.1099853515625,1504.1099853515625,1512.77001953125,1501.719970703125,1511.949951171875,1640360000
2005-06-30,1493.52001953125,1493.52001953125,1510.2099609375,1492.93994140625,1507.02001953125,1731500000
2005-07-01,1490.530029296875,1490.530029296875,1501.949951171875,1489.739990234375,1497.02001953125,1176200000
2005-07-05,1506.3499755859375,1506.3499755859375,1509.18994140625,1485.9599609375,1485.9599609375,1440300000
2005-07-06,1498.050048828125,1498.050048828125,1512.9100341796875,1497.1099853515625,1503.47998046875,1592080000
2005-07-07,1503.780029296875,1503.780029296875,1505.300048828125,1484.1800537109375,1484.9200439453125,1617860000
2005-07-08,1533.27001953125,1533.27001953125,1534.2900390625,1502.199951171875,1505.530029296875,1685280000
2005-07-11,1547.6600341796875,1547.6600341796875,1547.97998046875,1535.0699462890625,1536.449951171875,1770800000
2005-07-12,1555.5899658203125,1555.5899658203125,1560.1500244140625,1543.1400146484375,1546.52001953125,1657520000
2005-07-13,1557.6199951171875,1557.6199951171875,1559.3699951171875,1549.81005859375,1555.239990234375,1540000000
2005-07-14,1573.43994140625,1573.43994140625,1577.47998046875,1563.9300537109375,1570.31005859375,1872310000
2005-07-15,1577.8199462890625,1577.8199462890625,1582.4000244140625,1568.8199462890625,1577.27001953125,1534960000
2005-07-18,1570.0899658203125,1570.0899658203125,1578.1199951171875,1570.02001953125,1573.6199951171875,1307270000
2005-07-19,1590.489990234375,1590.489990234375,1590.760009765625,1577.0,1580.25,1632670000
2005-07-20,1602.75,1602.75,1605.449951171875,1578.8699951171875,1580.06005859375,1957070000
2005-07-21,1601.8900146484375,1601.8900146484375,1610.8399658203125,1591.719970703125,1606.8399658203125,2034880000
2005-07-22,1600.760009765625,1600.760009765625,1606.4200439453125,1592.030029296875,1601.6800537109375,1660360000
2005-07-25,1593.5699462890625,1593.5699462890625,1607.969970703125,1591.4000244140625,1600.6199951171875,1523020000
2005-07-26,1598.9300537109375,1598.9300537109375,1603.8900146484375,1591.5799560546875,1596.81005859375,1651840000
2005-07-27,1611.949951171875,1611.949951171875,1613.3900146484375,1592.760009765625,1601.3900146484375,1750070000
2005-07-28,1618.6400146484375,1618.6400146484375,1619.780029296875,1609.6199951171875,1613.2900390625,1683870000
2005-07-29,1605.1400146484375,1605.1400146484375,1619.949951171875,1605.1400146484375,1616.4200439453125,1613950000
2005-08-01,1610.1099853515625,1610.1099853515625,1616.4000244140625,1604.5799560546875,1609.739990234375,1492680000
2005-08-02,1627.010009765625,1627.010009765625,1628.5699462890625,1611.8599853515625,1611.8599853515625,1735020000
2005-08-03,1627.18994140625,1627.18994140625,1628.530029296875,1618.4000244140625,1619.97998046875,1752440000
2005-08-04,1608.739990234375,1608.739990234375,1621.0,1606.5999755859375,1619.1800537109375,1591380000
2005-08-05,1601.5899658203125,1601.5899658203125,1614.219970703125,1600.25,1606.6300048828125,1471740000
2005-08-08,1589.969970703125,1589.969970703125,1607.010009765625,1588.739990234375,1604.22998046875,1431010000
2005-08-09,1601.1400146484375,1601.1400146484375,1606.510009765625,1595.7099609375,1596.1500244140625,1460470000
2005-08-10,1585.7099609375,1585.7099609375,1610.2099609375,1582.31005859375,1604.800048828125,1817680000
2005-08-11,1600.6500244140625,1600.6500244140625,1603.6600341796875,1586.6700439453125,1587.77001953125,1582090000
2005-08-12,1591.75,1591.75,1594.9599609375,1581.4100341796875,1587.68994140625,1551410000
2005-08-15,1600.7099609375,1600.7099609375,1606.9599609375,1585.6600341796875,1587.5899658203125,1380460000
2005-08-16,1574.010009765625,1574.010009765625,1596.5400390625,1572.43994140625,1595.8599853515625,1540320000
2005-08-17,1582.2900390625,1582.2900390625,1588.800048828125,1573.8699951171875,1577.5699462890625,1518010000
2005-08-18,1575.760009765625,1575.760009765625,1585.280029296875,1573.4000244140625,1578.199951171875,1391780000
2005-08-19,1573.719970703125,1573.719970703125,1581.949951171875,1573.699951171875,1576.5699462890625,1205270000
2005-08-22,1575.5899658203125,1575.5899658203125,1588.9200439453125,1565.81005859375,1577.1500244140625,1351650000
2005-08-23,1571.300048828125,1571.300048828125,1578.52001953125,1566.719970703125,1575.469970703125,1341270000
2005-08-24,1561.7099609375,1561.7099609375,1588.9000244140625,1561.1500244140625,1568.02001953125,1718580000
2005-08-25,1565.8800048828125,1565.8800048828125,1569.510009765625,1562.030029296875,1564.4200439453125,1307580000
2005-08-26,1558.8399658203125,1558.8399658203125,1565.550048828125,1552.989990234375,1563.8499755859375,1261130000
2005-08-29,1571.52001953125,1571.52001953125,1575.449951171875,1551.31005859375,1551.3599853515625,1268560000
2005-08-30,1565.72998046875,1565.72998046875,1566.469970703125,1554.489990234375,1565.1700439453125,1436400000
2005-08-31,1581.7099609375,1581.7099609375,1582.0899658203125,1561.4200439453125,1566.8599853515625,1631780000
2005-09-01,1577.25,1577.25,1587.8199462890625,1573.5400390625,1581.22998046875,1623320000
2005-09-02,1573.1199951171875,1573.1199951171875,1583.0,1571.8199462890625,1580.7099609375,1130450000
2005-09-06,1597.27001953125,1597.27001953125,1597.7099609375,1578.989990234375,1580.2099609375,1403190000
2005-09-07,1599.8599853515625,1599.8599853515625,1600.7900390625,1590.8699951171875,1594.02001953125,1480820000
2005-09-08,1597.6800537109375,1597.6800537109375,1604.9100341796875,1593.300048828125,1594.8199462890625,1578070000
2005-09-09,1607.8299560546875,1607.8299560546875,1610.1199951171875,1595.31005859375,1599.97998046875,1617540000
2005-09-12,1612.199951171875,1612.199951171875,1616.8199462890625,1605.989990234375,1607.5999755859375,1723540000
2005-09-13,1607.3800048828125,1607.3800048828125,1619.1199951171875,1604.1300048828125,1609.5799560546875,1724570000
2005-09-14,1589.6300048828125,1589.6300048828125,1609.3699951171875,1589.4100341796875,1609.219970703125,1698250000
2005-09-15,1588.550048828125,1588.550048828125,1596.3800048828125,1585.0699462890625,1594.510009765625,1744660000
2005-09-16,1599.43994140625,1599.43994140625,1600.43994140625,1587.1800537109375,1592.0999755859375,2269030000
2005-09-19,1586.050048828125,1586.050048828125,1597.969970703125,1579.510009765625,1595.0799560546875,1604140000
2005-09-20,1578.199951171875,1578.199951171875,1604.02001953125,1575.5799560546875,1589.3299560546875,1845670000
2005-09-21,1561.8399658203125,1561.8399658203125,1577.6700439453125,1561.469970703125,1577.0999755859375,1772370000
2005-09-22,1567.3599853515625,1567.3599853515625,1570.93994140625,1551.81005859375,1559.93994140625,1692930000
2005-09-23,1571.75,1571.75,1577.050048828125,1559.5699462890625,1563.969970703125,1604120000
2005-09-26,1572.8599853515625,1572.8599853515625,1584.5799560546875,1564.52001953125,1581.1600341796875,1502410000
2005-09-27,1568.8399658203125,1568.8399658203125,1578.1800537109375,1563.2099609375,1575.8399658203125,1658660000
2005-09-28,1568.81005859375,1568.81005859375,1580.6700439453125,1565.02001953125,1575.1600341796875,1703850000
2005-09-29,1589.9300537109375,1589.9300537109375,1591.1500244140625,1560.8699951171875,1567.43994140625,1801520000
2005-09-30,1601.6600341796875,1601.6600341796875,1601.68994140625,1588.219970703125,1589.239990234375,1610970000
2005-10-03,1605.5899658203125,1605.5899658203125,1612.530029296875,1603.3900146484375,1603.469970703125,1794420000
2005-10-04,1595.5400390625,1595.5400390625,1617.77001953125,1594.56005859375,1606.1500244140625,2005300000
2005-10-05,1571.52001953125,1571.52001953125,1595.8299560546875,1571.4599609375,1595.3900146484375,1923900000
2005-10-06,1552.93994140625,1552.93994140625,1576.3599853515625,1540.3399658203125,1573.1500244140625,2107360000
2005-10-07,1555.9200439453125,1555.9200439453125,1563.27001953125,1549.93994140625,1558.9300537109375,1444780000
2005-10-10,1546.989990234375,1546.989990234375,1560.6500244140625,1545.9000244140625,1554.739990234375,1379210000
2005-10-11,1539.31005859375,1539.31005859375,1551.5400390625,1534.6099853515625,1551.010009765625,1851960000
2005-10-12,1521.18994140625,1521.18994140625,1543.5,1519.300048828125,1532.22998046875,2014750000
2005-10-13,1533.800048828125,1533.800048828125,1538.1500244140625,1515.4200439453125,1519.3599853515625,1777590000
2005-10-14,1544.2900390625,1544.2900390625,1545.1300048828125,1529.4200439453125,1537.4300537109375,1555430000
2005-10-17,1549.8800048828125,1549.8800048828125,1549.949951171875,1536.010009765625,1544.5799560546875,1266030000
2005-10-18,1538.4300537109375,1538.4300537109375,1549.4100341796875,1538.3900146484375,1548.2900390625,1460730000
2005-10-19,1569.6099853515625,1569.6099853515625,1569.6099853515625,1526.8199462890625,1532.469970703125,1893300000
2005-10-20,1555.5899658203125,1555.5899658203125,1576.4599609375,1547.0699462890625,1568.530029296875,1797930000
2005-10-21,1565.1199951171875,1565.1199951171875,1572.7099609375,1558.1800537109375,1571.1700439453125,1770700000
2005-10-24,1590.6500244140625,1590.6500244140625,1590.72998046875,1561.449951171875,1570.3299560546875,1551470000
2005-10-25,1585.8199462890625,1585.8199462890625,1590.050048828125,1573.6600341796875,1584.949951171875,1599120000
2005-10-26,1575.1400146484375,1575.1400146484375,1593.469970703125,1573.1400146484375,1580.0,1832000000
2005-10-27,1543.3800048828125,1543.3800048828125,1573.800048828125,1543.3800048828125,1571.6400146484375,1718600000
2005-10-28,1557.1099853515625,1557.1099853515625,1557.5699462890625,1538.780029296875,1548.8299560546875,1886560000
2005-10-31,1579.1800537109375,1579.1800537109375,1584.0899658203125,1559.8399658203125,1559.8399658203125,1869760000
2005-11-01,1576.52001953125,1576.52001953125,1582.6700439453125,1571.18994140625,1572.969970703125,1903230000
2005-11-02,1597.2900390625,1597.2900390625,1600.75,1570.75,1570.8299560546875,2173290000
2005-11-03,1619.6700439453125,1619.6700439453125,1626.47998046875,1610.9000244140625,1611.52001953125,2346250000
2005-11-04,1628.030029296875,1628.030029296875,1631.7900390625,1616.8399658203125,1622.56005859375,1699610000
2005-11-07,1629.27001953125,1629.27001953125,1634.530029296875,1621.5,1630.760009765625,83140000
2005-11-08,1628.4000244140625,1628.4000244140625,1636.8399658203125,1623.1600341796875,1626.239990234375,1599370000
2005-11-09,1630.2099609375,1630.2099609375,1636.3599853515625,1624.550048828125,1627.6199951171875,1594180000
2005-11-10,1650.9300537109375,1650.9300537109375,1651.050048828125,1620.739990234375,1629.56005859375,1938030000
2005-11-11,1653.3599853515625,1653.3599853515625,1659.719970703125,1651.0899658203125,1653.4100341796875,1454900000
2005-11-14,1651.9000244140625,1651.9000244140625,1657.530029296875,1648.260009765625,1653.6500244140625,1385360000
2005-11-15,1644.31005859375,1644.31005859375,1658.6500244140625,1638.969970703125,1651.969970703125,1684810000
2005-11-16,1651.449951171875,1651.449951171875,1653.739990234375,1642.3599853515625,1648.9200439453125,1721760000
2005-11-17,1676.3900146484375,1676.3900146484375,1676.3900146484375,1657.27001953125,1659.1600341796875,1809860000
2005-11-18,1679.8499755859375,1679.8499755859375,1689.5899658203125,1674.75,1685.050048828125,1993850000
2005-11-21,1686.22998046875,1686.22998046875,1686.7900390625,1673.050048828125,1678.699951171875,1661890000
2005-11-22,1694.1400146484375,1694.1400146484375,1698.3199462890625,1679.0999755859375,1681.3699951171875,86440000
2005-11-23,1696.77001953125,1696.77001953125,1704.4200439453125,1691.0799560546875,1691.9599609375,1585710000
2005-11-25,1701.050048828125,1701.050048828125,1701.06005859375,1693.3299560546875,1699.1300048828125,31740000
2005-11-28,1684.3900146484375,1684.3900146484375,1703.0799560546875,1683.8299560546875,1702.4000244140625,1559380000
2005-11-29,1676.8399658203125,1676.8399658203125,1697.5799560546875,1676.760009765625,1693.1099853515625,1753540000
2005-11-30,1672.56005859375,1672.56005859375,1683.6199951171875,1671.3399658203125,1675.9200439453125,1876080000
2005-12-01,1704.280029296875,1704.280029296875,1705.18994140625,1683.3900146484375,1683.3900146484375,2010420000
2005-12-02,1709.0999755859375,1709.0999755859375,1709.0999755859375,1698.9000244140625,1702.3599853515625,1758510000
2005-12-05,1694.77001953125,1694.77001953125,1704.93994140625,1689.5999755859375,1704.1199951171875,1659920000
2005-12-06,1701.3499755859375,1701.3499755859375,1716.6500244140625,1700.1600341796875,1706.6199951171875,1788200000
2005-12-07,1697.0400390625,1697.0400390625,1706.1199951171875,1688.9000244140625,1703.31005859375,1733530000
2005-12-08,1685.5899658203125,1685.5899658203125,1702.8399658203125,1674.739990234375,1701.010009765625,1908360000
2005-12-09,1692.6199951171875,1692.6199951171875,1694.1300048828125,1679.219970703125,1687.43994140625,1658570000
2005-12-12,1698.3499755859375,1698.3499755859375,1701.27001953125,1691.219970703125,1698.1500244140625,73400000
2005-12-13,1705.77001953125,1705.77001953125,1711.8299560546875,1693.9000244140625,1696.280029296875,1873980000
2005-12-14,1698.97998046875,1698.97998046875,1707.739990234375,1692.43994140625,1701.489990234375,1676210000
2005-12-15,1701.699951171875,1701.699951171875,1705.9300537109375,1688.0699462890625,1703.3900146484375,1804630000
2005-12-16,1688.6800537109375,1688.6800537109375,1704.3800048828125,1688.260009765625,1700.9200439453125,2294480000
2005-12-19,1664.3599853515625,1664.3599853515625,1694.6500244140625,1663.56005859375,1692.2099609375,1745530000
2005-12-20,1665.0699462890625,1665.0699462890625,1672.469970703125,1657.7099609375,1665.5999755859375,1702920000
2005-12-21,1670.6099853515625,1670.6099853515625,1682.8399658203125,1665.3399658203125,1669.3399658203125,1630030000
2005-12-22,1683.3499755859375,1683.3499755859375,1685.489990234375,1671.780029296875,1672.5899658203125,1498880000
2005-12-23,1682.9200439453125,1682.9200439453125,1690.4100341796875,1679.280029296875,1687.5799560546875,978370000
2005-12-27,1668.3699951171875,1668.3699951171875,1693.5799560546875,1666.4599609375,1686.9200439453125,1250500000
2005-12-28,1667.0999755859375,1667.0999755859375,1674.0699462890625,1662.0899658203125,1671.27001953125,1221540000
2005-12-29,1655.3599853515625,1655.3599853515625,1671.3199462890625,1653.530029296875,1668.780029296875,1185350000
2005-12-30,1645.199951171875,1645.199951171875,1649.9000244140625,1641.8599853515625,1648.0999755859375,1284050000
2006-01-03,1679.9300537109375,1679.9300537109375,1686.5899658203125,1633.6199951171875,1654.3900146484375,1998300000
2006-01-04,1695.8299560546875,1695.8299560546875,1696.8299560546875,1681.8499755859375,1684.050048828125,1881000000
2006-01-05,1705.2900390625,1705.2900390625,1707.7099609375,1697.3299560546875,1697.800048828125,1891750000
2006-01-06,1734.989990234375,1734.989990234375,1735.5,1710.8599853515625,1718.1700439453125,2233640000
2006-01-09,1741.9000244140625,1741.9000244140625,1745.1199951171875,1729.5999755859375,1734.5,1949140000
2006-01-10,1744.02001953125,1744.02001953125,1744.469970703125,1730.25,1732.25,1978160000
2006-01-11,1758.239990234375,1758.239990234375,1761.4599609375,1743.8499755859375,1748.8800048828125,2380600000
2006-01-12,1747.3499755859375,1747.3499755859375,1760.1199951171875,1742.8499755859375,1754.9100341796875,2011460000
2006-01-13,1746.780029296875,1746.780029296875,1750.27001953125,1738.010009765625,1748.3699951171875,1784410000
2006-01-17,1736.3900146484375,1736.3900146484375,1739.25,1728.6199951171875,1733.9100341796875,1702260000
2006-01-18,1716.6199951171875,1716.6199951171875,1726.280029296875,1707.75,1708.1300048828125,2276900000
2006-01-19,1729.9200439453125,1729.9200439453125,1740.5899658203125,1720.56005859375,1725.3399658203125,2308150000
2006-01-20,1676.3800048828125,1676.3800048828125,1727.02001953125,1674.3199462890625,1724.1199951171875,2348140000
2006-01-23,1676.300048828125,1676.300048828125,1685.6700439453125,1670.469970703125,1681.4599609375,1902480000
2006-01-24,1686.219970703125,1686.219970703125,1695.4100341796875,1680.6099853515625,1682.800048828125,2067470000
2006-01-25,1677.0,1677.0,1694.5400390625,1670.3299560546875,1694.5400390625,2188120000
2006-01-26,1690.489990234375,1690.489990234375,1694.6300048828125,1677.25,1687.5,2404920000
2006-01-27,1711.1099853515625,1711.1099853515625,1722.9300537109375,1697.8800048828125,1699.1600341796875,2331690000
2006-01-30,1713.449951171875,1713.449951171875,1720.8800048828125,1711.4200439453125,1712.8399658203125,1900730000
2006-01-31,1710.75,1710.75,1717.949951171875,1700.3399658203125,1713.97998046875,2235900000
2006-02-01,1713.02001953125,1713.02001953125,1714.280029296875,1695.8299560546875,1697.1199951171875,2274610000
2006-02-02,1685.77001953125,1685.77001953125,1711.1500244140625,1684.6700439453125,1709.31005859375,2307830000
2006-02-03,1664.530029296875,1664.530029296875,1676.1800537109375,1658.3800048828125,1673.0400390625,2230020000
2006-02-06,1657.5400390625,1657.5400390625,1667.47998046875,1650.989990234375,1663.7099609375,1769530000
2006-02-07,1651.8399658203125,1651.8399658203125,1663.989990234375,1644.8399658203125,1656.050048828125,2117180000
2006-02-08,1670.469970703125,1670.469970703125,1672.43994140625,1654.030029296875,1665.0699462890625,2181770000
2006-02-09,1654.0799560546875,1654.0799560546875,1681.9200439453125,1652.0899658203125,1675.93994140625,2321310000
2006-02-10,1663.75,1663.75,1668.719970703125,1637.260009765625,1655.050048828125,2017730000
2006-02-13,1645.8299560546875,1645.8299560546875,1655.81005859375,1638.530029296875,1653.760009765625,1662000000
2006-02-14,1661.949951171875,1661.949951171875,1666.9100341796875,1643.1700439453125,1648.6400146484375,1805300000
2006-02-15,1673.1500244140625,1673.1500244140625,1676.1400146484375,1655.219970703125,1658.1700439453125,1783050000
2006-02-16,1688.6099853515625,1688.6099853515625,1688.6099853515625,1672.9300537109375,1677.780029296875,1940470000
2006-02-17,1675.2099609375,1675.2099609375,1684.2099609375,1674.8900146484375,1683.18994140625,1948640000
2006-02-21,1655.6800537109375,1655.6800537109375,1676.9300537109375,1650.93994140625,1675.8800048828125,1747180000
2006-02-22,1677.52001953125,1677.52001953125,1684.1500244140625,1653.6800537109375,1657.4599609375,1824110000
2006-02-23,1672.2900390625,1672.2900390625,1687.5899658203125,1669.81005859375,1675.02001953125,1754200000
2006-02-24,1676.5,1676.5,1678.1500244140625,1666.969970703125,1672.2099609375,1583980000
2006-02-27,1695.6600341796875,1695.6600341796875,1701.0999755859375,1680.4300537109375,1681.449951171875,1714420000
2006-02-28,1670.5699462890625,1670.5699462890625,1695.3499755859375,1665.6300048828125,1690.43994140625,2120560000
2006-03-01,1694.5799560546875,1694.5799560546875,1697.25,1672.5999755859375,1675.9200439453125,2190420000
2006-03-02,1693.780029296875,1693.780029296875,1699.719970703125,1683.3800048828125,1686.949951171875,2089100000
2006-03-03,1684.3199462890625,1684.3199462890625,1706.4100341796875,1682.7099609375,1685.1300048828125,2389040000
2006-03-06,1669.93994140625,1669.93994140625,1691.1099853515625,1665.3699951171875,1688.8699951171875,2112280000
2006-03-07,1661.02001953125,1661.02001953125,1668.8199462890625,1652.5899658203125,1666.72998046875,1908310000
2006-03-08,1661.8599853515625,1661.8599853515625,1668.06005859375,1646.030029296875,1656.2900390625,2084040000
2006-03-09,1645.0899658203125,1645.0899658203125,1671.8399658203125,1644.8599853515625,1666.300048828125,1957560000
2006-03-10,1648.22998046875,1648.22998046875,1657.31005859375,1634.25,1645.27001953125,1752700000
2006-03-13,1653.7900390625,1653.7900390625,1663.72998046875,1650.93994140625,1655.3499755859375,1649550000
2006-03-14,1681.1500244140625,1681.1500244140625,1682.9300537109375,1650.9300537109375,1650.9300537109375,1911750000
2006-03-15,1694.4599609375,1694.4599609375,1694.9000244140625,1680.06005859375,1687.8199462890625,2090520000
2006-03-16,1679.050048828125,1679.050048828125,1703.1099853515625,1679.050048828125,1701.0,2344240000
2006-03-17,1685.6600341796875,1685.6600341796875,1690.9599609375,1676.6300048828125,1682.6800537109375,2540120000
2006-03-20,1688.97998046875,1688.97998046875,1695.0400390625,1684.1600341796875,1690.9000244140625,1943820000
2006-03-21,1672.469970703125,1672.469970703125,1707.68994140625,1671.199951171875,1688.5899658203125,2360430000
2006-03-22,1676.3199462890625,1676.3199462890625,1678.72998046875,1662.56005859375,1663.6099853515625,2116220000
2006-03-23,1670.72998046875,1670.72998046875,1676.280029296875,1660.8199462890625,1672.1199951171875,1963750000
2006-03-24,1679.81005859375,1679.81005859375,1687.56005859375,1669.1700439453125,1677.0899658203125,1928040000
2006-03-27,1680.6300048828125,1680.6300048828125,1687.5400390625,1678.050048828125,1678.9300537109375,1850220000
2006-03-28,1673.030029296875,1673.030029296875,1694.5999755859375,1667.949951171875,1681.0999755859375,1997510000
2006-03-29,1703.8399658203125,1703.8399658203125,1711.260009765625,1674.8800048828125,1677.1099853515625,2375300000
2006-03-30,1708.6800537109375,1708.6800537109375,1720.199951171875,1700.1500244140625,1706.6099853515625,2160810000
2006-03-31,1703.6600341796875,1703.6600341796875,1715.6199951171875,1701.8599853515625,1712.9300537109375,1851620000
2006-04-03,1706.77001953125,1706.77001953125,1723.06005859375,1704.9200439453125,1715.1199951171875,1952960000
2006-04-04,1716.550048828125,1716.550048828125,1720.4300537109375,1705.27001953125,1708.9200439453125,2082320000
2006-04-05,1732.739990234375,1732.739990234375,1735.1300048828125,1717.280029296875,1722.219970703125,2027440000
2006-04-06,1739.199951171875,1739.199951171875,1745.6800537109375,1727.1400146484375,1734.2099609375,2141860000
2006-04-07,1723.030029296875,1723.030029296875,1750.22998046875,1720.6199951171875,1743.739990234375,2002360000
2006-04-10,1718.8599853515625,1718.8599853515625,1727.8199462890625,1712.469970703125,1724.6500244140625,1840950000
2006-04-11,1704.4000244140625,1704.4000244140625,1725.6600341796875,1696.6700439453125,1723.9599609375,2098780000
2006-04-12,1704.75,1704.75,1710.9200439453125,1701.2900390625,1705.1700439453125,1536510000
2006-04-13,1712.0699462890625,1712.0699462890625,1721.050048828125,1700.550048828125,1704.469970703125,1516980000
2006-04-17,1694.3199462890625,1694.3199462890625,1716.719970703125,1684.3499755859375,1710.9100341796875,1776170000
2006-04-18,1726.6400146484375,1726.6400146484375,1730.3299560546875,1699.0,1699.0,2252800000
2006-04-19,1734.0400390625,1734.0400390625,1734.0999755859375,1720.6400146484375,1729.7099609375,2077690000
2006-04-20,1728.9000244140625,1728.9000244140625,1741.3499755859375,1724.6199951171875,1734.5,2125120000
2006-04-21,1709.02001953125,1709.02001953125,1737.199951171875,1701.5699462890625,1736.72998046875,2326080000
2006-04-24,1706.43994140625,1706.43994140625,1711.0400390625,1697.0,1706.510009765625,2008130000
2006-04-25,1701.469970703125,1701.469970703125,1711.3499755859375,1694.52001953125,1711.3499755859375,2301780000
2006-04-26,1702.199951171875,1702.199951171875,1710.0,1696.5,1704.4300537109375,2084230000
2006-04-27,1717.1400146484375,1717.1400146484375,1727.7900390625,1688.25,1695.030029296875,2573560000
2006-04-28,1700.7099609375,1700.7099609375,1717.489990234375,1699.510009765625,1705.52001953125,2501760000
2006-05-01,1686.6099853515625,1686.6099853515625,1709.43994140625,1680.52001953125,1706.800048828125,2076120000
2006-05-02,1689.9300537109375,1689.9300537109375,1697.1800537109375,1686.6500244140625,1692.949951171875,2070740000
2006-05-03,1686.300048828125,1686.300048828125,1693.52001953125,1679.260009765625,1692.6199951171875,2127260000
2006-05-04,1701.030029296875,1701.030029296875,1707.3599853515625,1688.4100341796875,1688.4100341796875,2054110000
2006-05-05,1713.8399658203125,1713.8399658203125,1716.18994140625,1706.3299560546875,1711.6400146484375,1989260000
2006-05-08,1715.22998046875,1715.22998046875,1721.1300048828125,1712.1800537109375,1713.739990234375,1726260000
2006-05-09,1711.1700439453125,1711.1700439453125,1715.72998046875,1708.030029296875,1711.9300537109375,1845230000
2006-05-10,1694.8199462890625,1694.8199462890625,1707.3800048828125,1690.9000244140625,1706.18994140625,2014270000
2006-05-11,1657.47998046875,1657.47998046875,1694.469970703125,1653.7900390625,1693.7099609375,2446770000
2006-05-12,1635.81005859375,1635.81005859375,1652.260009765625,1634.6500244140625,1649.8299560546875,2289510000
2006-05-15,1634.780029296875,1634.780029296875,1640.0999755859375,1619.260009765625,1629.25,2006700000
2006-05-16,1623.68994140625,1623.68994140625,1637.699951171875,1617.969970703125,1635.6199951171875,1996620000
2006-05-17,1598.9100341796875,1598.9100341796875,1618.8499755859375,1595.6199951171875,1611.2099609375,2337800000
2006-05-18,1587.1099853515625,1587.1099853515625,1612.530029296875,1587.0400390625,1607.97998046875,2022640000
2006-05-19,1600.8599853515625,1600.8599853515625,1604.47998046875,1575.81005859375,1589.8199462890625,2514380000
2006-05-22,1584.5699462890625,1584.5699462890625,1595.06005859375,1571.06005859375,1587.97998046875,2269960000
2006-05-23,1569.010009765625,1569.010009765625,1601.75,1569.010009765625,1597.5,2131750000
2006-05-24,1580.1800537109375,1580.1800537109375,1586.6199951171875,1554.760009765625,1567.77001953125,2597020000
2006-05-25,1599.6800537109375,1599.6800537109375,1600.219970703125,1579.239990234375,1589.989990234375,2028960000
2006-05-26,1606.3699951171875,1606.3699951171875,1606.4599609375,1595.2900390625,1605.18994140625,1540700000
2006-05-30,1571.2900390625,1571.2900390625,1606.3699951171875,1571.2900390625,1599.1099853515625,1718660000
2006-05-31,1579.5799560546875,1579.5799560546875,1587.780029296875,1568.219970703125,1575.77001953125,2119060000
2006-06-01,1616.5699462890625,1616.5699462890625,1616.5699462890625,1579.5799560546875,1581.0799560546875,2078740000
2006-06-02,1612.9000244140625,1612.9000244140625,1626.2900390625,1599.1700439453125,1626.18994140625,1933380000
2006-06-05,1577.5,1577.5,1612.9000244140625,1577.489990234375,1606.1099853515625,1733250000
2006-06-06,1575.3900146484375,1575.3900146484375,1583.9000244140625,1560.22998046875,1581.93994140625,2089540000
2006-06-07,1565.219970703125,1565.219970703125,1592.3699951171875,1563.949951171875,1578.77001953125,1913870000
2006-06-08,1561.550048828125,1561.550048828125,1566.5899658203125,1525.780029296875,1555.8499755859375,2948100000
2006-06-09,1550.969970703125,1550.969970703125,1575.1199951171875,1550.1400146484375,1567.9200439453125,1754740000
2006-06-12,1520.31005859375,1520.31005859375,1555.0899658203125,1520.2900390625,1553.6500244140625,1887720000
2006-06-13,1516.8499755859375,1516.8499755859375,1536.5,1511.530029296875,1523.6400146484375,2594500000
2006-06-14,1530.260009765625,1530.260009765625,1531.5899658203125,1512.97998046875,1519.2900390625,2090140000
2006-06-15,1573.0799560546875,1573.0799560546875,1576.7900390625,1530.260009765625,1538.1400146484375,2201490000
2006-06-16,1562.8399658203125,1562.8399658203125,1573.0799560546875,1554.8299560546875,1568.530029296875,2428150000
2006-06-19,1548.93994140625,1548.93994140625,1568.8900146484375,1543.8499755859375,1568.3800048828125,1681580000
2006-06-20,1548.3199462890625,1548.3199462890625,1565.1700439453125,1544.300048828125,1549.949951171875,1572100000
2006-06-21,1573.56005859375,1573.56005859375,1585.8800048828125,1548.3199462890625,1550.6600341796875,1854850000
2006-06-22,1554.489990234375,1554.489990234375,1573.6700439453125,1546.1199951171875,1571.1099853515625,1644700000
2006-06-23,1551.050048828125,1551.050048828125,1566.9000244140625,1544.1099853515625,1551.469970703125,1614510000
2006-06-26,1556.1700439453125,1556.1700439453125,1561.469970703125,1549.1300048828125,1553.47998046875,1392940000
2006-06-27,1527.0,1527.0,1559.18994140625,1525.8900146484375,1556.1400146484375,1788170000
2006-06-28,1538.25,1538.25,1538.6500244140625,1520.9300537109375,1531.300048828125,1591310000
2006-06-29,1585.56005859375,1585.56005859375,1585.56005859375,1538.25,1546.010009765625,2165390000
2006-06-30,1575.22998046875,1575.22998046875,1590.8299560546875,1574.3800048828125,1590.27001953125,2458840000
2006-07-03,1586.25,1586.25,1586.43994140625,1575.22998046875,1580.6300048828125,788200000
2006-07-05,1553.949951171875,1553.949951171875,1586.25,1550.5799560546875,1573.3499755859375,1586970000
2006-07-06,1551.550048828125,1551.550048828125,1564.9599609375,1547.280029296875,1556.239990234375,1585090000
2006-07-07,1533.7099609375,1533.7099609375,1553.0899658203125,1529.4000244140625,1543.4599609375,1759870000
2006-07-10,1520.9000244140625,1520.9000244140625,1543.1199951171875,1513.469970703125,1538.780029296875,1561790000
2006-07-11,1533.06005859375,1533.06005859375,1534.969970703125,1508.9100341796875,1516.18994140625,1971500000
2006-07-12,1501.4599609375,1501.4599609375,1533.06005859375,1499.77001953125,1527.43994140625,1776520000
2006-07-13,1478.1600341796875,1478.1600341796875,1506.530029296875,1478.1300048828125,1490.5400390625,2022040000
2006-07-14,1462.1700439453125,1462.1700439453125,1480.31005859375,1456.3800048828125,1478.5999755859375,1779960000
2006-07-17,1468.5,1468.5,1475.2099609375,1459.9000244140625,1462.3900146484375,1504880000
2006-07-18,1472.3399658203125,1472.3399658203125,1477.800048828125,1446.77001953125,1472.06005859375,1996880000
2006-07-19,1490.5999755859375,1490.5999755859375,1498.3199462890625,1467.300048828125,1467.5799560546875,2304740000
2006-07-20,1466.8900146484375,1466.8900146484375,1497.1400146484375,1466.27001953125,1497.1400146484375,1951450000
2006-07-21,1451.8800048828125,1451.8800048828125,1463.43994140625,1450.239990234375,1457.52001953125,2346890000
2006-07-24,1482.3399658203125,1482.3399658203125,1482.3399658203125,1457.1099853515625,1459.3900146484375,1975870000
2006-07-25,1489.52001953125,1489.52001953125,1494.1400146484375,1475.1199951171875,1483.010009765625,1913710000
2006-07-26,1487.8800048828125,1487.8800048828125,1499.4300537109375,1474.6700439453125,1483.739990234375,2073310000
2006-07-27,1478.530029296875,1478.530029296875,1506.75,1475.9100341796875,1497.0,2120100000
2006-07-28,1510.300048828125,1510.300048828125,1511.0,1485.9599609375,1488.06005859375,1803290000
2006-07-31,1509.4300537109375,1509.4300537109375,1517.8599853515625,1501.780029296875,1506.81005859375,1582270000
2006-08-01,1484.93994140625,1484.93994140625,1498.1700439453125,1476.06005859375,1498.1700439453125,1663070000
2006-08-02,1500.47998046875,1500.47998046875,1510.510009765625,1490.4100341796875,1490.6400146484375,1755730000
2006-08-03,1510.5999755859375,1510.5999755859375,1518.4100341796875,1484.5999755859375,1487.02001953125,1818790000
2006-08-04,1503.8399658203125,1503.8399658203125,1530.0400390625,1490.1600341796875,1522.6500244140625,1832040000
2006-08-07,1494.1300048828125,1494.1300048828125,1501.4300537109375,1487.18994140625,1501.4300537109375,1428170000
2006-08-08,1484.800048828125,1484.800048828125,1500.760009765625,1476.47998046875,1498.949951171875,1889440000
2006-08-09,1485.6400146484375,1485.6400146484375,1517.9000244140625,1482.489990234375,1503.8599853515625,2074060000
2006-08-10,1496.280029296875,1496.280029296875,1499.9300537109375,1478.199951171875,1482.1099853515625,1730320000
2006-08-11,1486.739990234375,1486.739990234375,1491.969970703125,1479.68994140625,1491.0999755859375,1423530000
2006-08-14,1494.3299560546875,1494.3299560546875,1515.6800537109375,1493.739990234375,1500.6500244140625,1480120000
2006-08-15,1534.4300537109375,1534.4300537109375,1534.780029296875,1508.93994140625,1514.8399658203125,1755660000
2006-08-16,1570.06005859375,1570.06005859375,1570.06005859375,1539.5899658203125,1546.47998046875,2474760000
2006-08-17,1573.5899658203125,1573.5899658203125,1584.719970703125,1562.6199951171875,1564.969970703125,1919020000
2006-08-18,1576.4599609375,1576.4599609375,1578.3499755859375,1557.8900146484375,1571.699951171875,1683790000
2006-08-21,1561.1199951171875,1561.1199951171875,1567.5,1556.280029296875,1566.1600341796875,1314000000
2006-08-22,1563.4300537109375,1563.4300537109375,1577.5400390625,1555.97998046875,1560.2099609375,1555940000
2006-08-23,1550.4100341796875,1550.4100341796875,1571.47998046875,1543.8599853515625,1565.989990234375,1457180000
2006-08-24,1555.18994140625,1555.18994140625,1558.93994140625,1542.5699462890625,1557.6400146484375,1404360000
2006-08-25,1557.699951171875,1557.699951171875,1570.3399658203125,1548.010009765625,1550.8399658203125,1282510000
2006-08-28,1570.2900390625,1570.2900390625,1574.449951171875,1556.52001953125,1557.2099609375,1333860000
2006-08-29,1573.6500244140625,1573.6500244140625,1575.449951171875,1552.4000244140625,1569.949951171875,1580990000
2006-08-30,1581.949951171875,1581.949951171875,1583.77001953125,1570.1500244140625,1577.4300537109375,1620030000
2006-08-31,1579.72998046875,1579.72998046875,1586.5999755859375,1576.3299560546875,1583.97998046875,1700210000
2006-09-01,1589.469970703125,1589.469970703125,1593.6600341796875,1581.9100341796875,1589.2099609375,1325540000
2006-09-05,1603.68994140625,1603.68994140625,1605.02001953125,1580.2099609375,1589.9200439453125,1732460000
2006-09-06,1572.199951171875,1572.199951171875,1592.8900146484375,1570.4200439453125,1590.9200439453125,1797080000
2006-09-07,1564.8399658203125,1564.8399658203125,1581.43994140625,1560.050048828125,1567.72998046875,1847190000
2006-09-08,1574.7099609375,1574.7099609375,1578.1199951171875,1564.550048828125,1568.81005859375,1457220000
2006-09-11,1583.780029296875,1583.780029296875,1591.1199951171875,1558.1700439453125,1563.0799560546875,1694280000
2006-09-12,1615.75,1615.75,1617.550048828125,1584.8499755859375,1585.77001953125,2007990000
2006-09-13,1623.989990234375,1623.989990234375,1625.550048828125,1611.97998046875,1615.3199462890625,1860530000
2006-09-14,1625.97998046875,1625.97998046875,1629.27001953125,1617.969970703125,1620.3699951171875,1826600000
2006-09-15,1632.43994140625,1632.43994140625,1645.5999755859375,1627.5400390625,1637.27001953125,2455870000
2006-09-18,1632.1700439453125,1632.1700439453125,1643.530029296875,1625.800048828125,1631.47998046875,1914200000
2006-09-19,1621.0699462890625,1621.0699462890625,1638.0799560546875,1608.510009765625,1638.0799560546875,2079920000
2006-09-20,1645.3499755859375,1645.3499755859375,1648.9000244140625,1635.280029296875,1636.02001953125,2164940000
2006-09-21,1634.8699951171875,1634.8699951171875,1654.4000244140625,1631.2900390625,1648.8399658203125,1993110000
2006-09-22,1622.3699951171875,1622.3699951171875,1633.1500244140625,1615.97998046875,1633.1500244140625,1646540000
2006-09-25,1650.3699951171875,1650.3699951171875,1653.8599853515625,1615.1400146484375,1631.3399658203125,1833860000
2006-09-26,1659.199951171875,1659.199951171875,1659.5999755859375,1644.2900390625,1649.8199462890625,2011140000
2006-09-27,1655.6700439453125,1655.6700439453125,1665.6099853515625,1648.1400146484375,1655.52001953125,2039100000
2006-09-28,1661.5899658203125,1661.5899658203125,1663.280029296875,1645.199951171875,1658.4300537109375,1805260000
2006-09-29,1654.1300048828125,1654.1300048828125,1666.030029296875,1653.739990234375,1666.030029296875,1812120000
2006-10-02,1632.81005859375,1632.81005859375,1655.6700439453125,1631.3599853515625,1650.3199462890625,1769170000
2006-10-03,1640.2900390625,1640.2900390625,1646.739990234375,1623.0699462890625,1629.260009765625,1946800000
2006-10-04,1681.1400146484375,1681.1400146484375,1681.1400146484375,1634.22998046875,1637.3599853515625,2190280000
2006-10-05,1689.4300537109375,1689.4300537109375,1690.4100341796875,1676.0799560546875,1680.06005859375,1911090000
2006-10-06,1684.8800048828125,1684.8800048828125,1690.800048828125,1678.550048828125,1682.4200439453125,1672470000
2006-10-09,1691.0799560546875,1691.0799560546875,1698.3800048828125,1681.6400146484375,1683.199951171875,1485280000
2006-10-10,1693.2900390625,1693.2900390625,1698.260009765625,1681.43994140625,1693.219970703125,1760360000
2006-10-11,1691.280029296875,1691.280029296875,1701.5799560546875,1675.97998046875,1686.4100341796875,1995600000
2006-10-12,1718.5400390625,1718.5400390625,1718.719970703125,1697.469970703125,1699.050048828125,2003960000
2006-10-13,1727.2099609375,1727.2099609375,1729.260009765625,1714.5799560546875,1717.3900146484375,1940530000
2006-10-16,1727.6099853515625,1727.6099853515625,1733.72998046875,1725.699951171875,1728.22998046875,1823620000
2006-10-17,1709.6099853515625,1709.6099853515625,1718.0999755859375,1699.8800048828125,1718.0999755859375,2125950000
2006-10-18,1700.75,1700.75,1721.4300537109375,1695.3699951171875,1718.010009765625,2130750000
2006-10-19,1706.3699951171875,1706.3699951171875,1713.4300537109375,1693.18994140625,1699.06005859375,2000690000
2006-10-20,1709.5799560546875,1709.5799560546875,1713.449951171875,1695.2099609375,1706.3699951171875,1922070000
2006-10-23,1725.9300537109375,1725.9300537109375,1732.52001953125,1702.5799560546875,1706.1800537109375,1823480000
2006-10-24,1713.8800048828125,1713.8800048828125,1726.780029296875,1706.219970703125,1723.7900390625,1856880000
2006-10-25,1726.760009765625,1726.760009765625,1729.9000244140625,1711.6800537109375,1717.27001953125,2100780000
2006-10-26,1744.0699462890625,1744.0699462890625,1745.7900390625,1718.530029296875,1730.72998046875,2339540000
2006-10-27,1717.6099853515625,1717.6099853515625,1741.6099853515625,1712.760009765625,1740.0,2268950000
2006-10-30,1727.800048828125,1727.800048828125,1735.02001953125,1711.8499755859375,1715.7900390625,1724180000
2006-10-31,1732.5400390625,1732.5400390625,1739.3299560546875,1722.1500244140625,1733.8199462890625,1922150000
2006-11-01,1707.6500244140625,1707.6500244140625,1739.7900390625,1702.1800537109375,1738.550048828125,2027020000
2006-11-02,1710.1700439453125,1710.1700439453125,1714.3699951171875,1698.5999755859375,1702.260009765625,1887310000
2006-11-03,1703.97998046875,1703.97998046875,1716.6500244140625,1693.18994140625,1714.27001953125,1830050000
2006-11-06,1732.260009765625,1732.260009765625,1736.5400390625,1712.030029296875,1712.030029296875,1892250000
2006-11-07,1741.530029296875,1741.530029296875,1752.949951171875,1728.27001953125,1731.81005859375,2088770000
2006-11-08,1749.75,1749.75,1757.1800537109375,1728.3499755859375,1732.2099609375,2076020000
2006-11-09,1740.1400146484375,1740.1400146484375,1762.949951171875,1736.6600341796875,1760.050048828125,2380240000
2006-11-10,1751.1099853515625,1751.1099853515625,1751.1099853515625,1736.3900146484375,1743.0999755859375,1680460000
2006-11-13,1768.0,1768.0,1770.5400390625,1749.52001953125,1751.8399658203125,1720810000
2006-11-14,1787.22998046875,1787.22998046875,1787.8800048828125,1759.239990234375,1769.3699951171875,1926370000
2006-11-15,1793.8199462890625,1793.8199462890625,1804.8800048828125,1786.7099609375,1787.3299560546875,2103870000
2006-11-16,1801.969970703125,1801.969970703125,1806.0,1790.9599609375,1798.8499755859375,2038830000
2006-11-17,1800.6700439453125,1800.6700439453125,1800.9000244140625,1788.050048828125,1791.6700439453125,1732400000
2006-11-20,1803.81005859375,1803.81005859375,1808.7099609375,1790.469970703125,1795.6800537109375,1697480000
2006-11-21,1808.8800048828125,1808.8800048828125,1809.800048828125,1800.300048828125,1807.3399658203125,1660270000
2006-11-22,1819.760009765625,1819.760009765625,1820.199951171875,1800.719970703125,1815.6199951171875,1573120000
2006-11-24,1815.530029296875,1815.530029296875,1824.2099609375,1805.3900146484375,1805.3900146484375,681510000
2006-11-27,1775.1700439453125,1775.1700439453125,1813.9200439453125,1775.1700439453125,1810.9100341796875,1950300000
2006-11-28,1780.3399658203125,1780.3399658203125,1782.6500244140625,1763.3399658203125,1769.4200439453125,1958630000
2006-11-29,1792.77001953125,1792.77001953125,1796.5,1776.0999755859375,1787.6500244140625,1903430000
2006-11-30,1791.25,1791.25,1800.469970703125,1781.489990234375,1791.3399658203125,2134200000
2006-12-01,1775.1199951171875,1775.1199951171875,1793.31005859375,1760.010009765625,1790.6300048828125,2040520000
2006-12-04,1799.9300537109375,1799.9300537109375,1808.1199951171875,1782.1300048828125,1782.5999755859375,1954530000
2006-12-05,1804.8499755859375,1804.8499755859375,1810.8199462890625,1797.3699951171875,1806.5,1990600000
2006-12-06,1799.1300048828125,1799.1300048828125,1804.8800048828125,1792.2900390625,1801.4000244140625,1889000000
2006-12-07,1777.4599609375,1777.4599609375,1808.199951171875,1777.199951171875,1802.56005859375,2051030000
2006-12-08,1786.2099609375,1786.2099609375,1799.219970703125,1767.8299560546875,1773.800048828125,1840600000
2006-12-11,1791.739990234375,1791.739990234375,1803.3800048828125,1779.6500244140625,1786.2099609375,1813340000
2006-12-12,1781.969970703125,1781.969970703125,1794.050048828125,1771.300048828125,1792.1800537109375,1927540000
2006-12-13,1783.43994140625,1783.43994140625,1793.8599853515625,1774.050048828125,1793.8599853515625,1782430000
2006-12-14,1803.4100341796875,1803.4100341796875,1811.0799560546875,1786.52001953125,1786.52001953125,1889510000
2006-12-15,1808.56005859375,1808.56005859375,1821.1800537109375,1805.449951171875,1818.2099609375,2324650000
2006-12-18,1790.989990234375,1790.989990234375,1820.93994140625,1783.239990234375,1812.9300537109375,1936350000
2006-12-19,1785.1199951171875,1785.1199951171875,1792.780029296875,1766.3499755859375,1776.6099853515625,1960720000
2006-12-20,1777.9200439453125,1777.9200439453125,1795.4100341796875,1777.9200439453125,1787.6600341796875,1749530000
2006-12-21,1766.280029296875,1766.280029296875,1781.510009765625,1759.0799560546875,1780.530029296875,1732880000
2006-12-22,1748.6099853515625,1748.6099853515625,1765.97998046875,1748.6099853515625,1765.2900390625,1306530000
2006-12-26,1753.550048828125,1753.550048828125,1754.699951171875,1746.0699462890625,1746.8599853515625,1016200000
2006-12-27,1763.4100341796875,1763.4100341796875,1766.1500244140625,1754.8699951171875,1757.0899658203125,1216260000
2006-12-28,1758.93994140625,1758.93994140625,1765.06005859375,1752.6400146484375,1757.5899658203125,1237530000
2006-12-29,1756.9000244140625,1756.9000244140625,1774.6400146484375,1755.0400390625,1759.1500244140625,1413920000
2007-01-03,1759.3699951171875,1759.3699951171875,1793.050048828125,1731.7099609375,1769.219970703125,2435280000
2007-01-04,1792.9100341796875,1792.9100341796875,1799.0699462890625,1757.0,1763.1500244140625,2104210000
2007-01-05,1785.300048828125,1785.300048828125,1787.7900390625,1770.2900390625,1787.7900390625,2060360000
2007-01-08,1787.1400146484375,1787.1400146484375,1795.449951171875,1776.989990234375,1786.3900146484375,1905620000
2007-01-09,1795.6300048828125,1795.6300048828125,1802.43994140625,1776.72998046875,1791.75,2144160000
2007-01-10,1816.1500244140625,1816.1500244140625,1817.219970703125,1784.280029296875,1790.510009765625,2274210000
2007-01-11,1834.8599853515625,1834.8599853515625,1840.8800048828125,1818.0899658203125,1820.75,2436270000
2007-01-12,1844.81005859375,1844.81005859375,1845.6800537109375,1830.3399658203125,1832.1500244140625,2175810000
2007-01-16,1842.43994140625,1842.43994140625,1847.5400390625,1836.8299560546875,1844.72998046875,2139550000
2007-01-17,1827.6800537109375,1827.6800537109375,1843.0699462890625,1824.739990234375,1835.050048828125,2273880000
2007-01-18,1793.6800537109375,1793.6800537109375,1824.3399658203125,1789.3900146484375,1821.989990234375,2456180000
2007-01-19,1796.81005859375,1796.81005859375,1802.219970703125,1787.52001953125,1787.8199462890625,2037890000
2007-01-22,1779.02001953125,1779.02001953125,1800.530029296875,1771.239990234375,1800.3299560546875,1900860000
2007-01-23,1773.4000244140625,1773.4000244140625,1790.0699462890625,1771.43994140625,1776.8299560546875,2001100000
2007-01-24,1802.6300048828125,1802.6300048828125,1803.4599609375,1781.8199462890625,1785.4200439453125,2202040000
2007-01-25,1777.75,1777.75,1810.239990234375,1774.5799560546875,1806.75,2202280000
2007-01-26,1772.969970703125,1772.969970703125,1784.8199462890625,1763.300048828125,1783.3800048828125,2067080000
2007-01-29,1775.0799560546875,1775.0799560546875,1786.969970703125,1767.0899658203125,1771.050048828125,1915400000
2007-01-30,1777.760009765625,1777.760009765625,1782.2099609375,1772.030029296875,1780.260009765625,1769600000
2007-01-31,1792.280029296875,1792.280029296875,1798.489990234375,1764.6300048828125,1774.43994140625,2186710000
2007-02-01,1791.449951171875,1791.449951171875,1806.81005859375,1785.5400390625,1801.5999755859375,2170040000
2007-02-02,1798.1300048828125,1798.1300048828125,1800.3900146484375,1788.969970703125,1795.6800537109375,1876770000
2007-02-05,1795.3900146484375,1795.3900146484375,1804.4000244140625,1789.719970703125,1796.47998046875,1875310000
2007-02-06,1793.06005859375,1793.06005859375,1800.050048828125,1776.510009765625,1799.3299560546875,2113710000
2007-02-07,1810.949951171875,1810.949951171875,1816.77001953125,1796.1800537109375,1803.22998046875,2198410000
2007-02-08,1810.5400390625,1810.5400390625,1814.47998046875,1800.6300048828125,1807.4100341796875,1995880000
2007-02-09,1785.530029296875,1785.530029296875,1819.300048828125,1780.43994140625,1815.219970703125,2186590000
2007-02-12,1778.4200439453125,1778.4200439453125,1787.1099853515625,1774.25,1787.1099853515625,1840250000
2007-02-13,1783.8199462890625,1783.8199462890625,1789.97998046875,1778.6600341796875,1782.1600341796875,1821390000
2007-02-14,1814.97998046875,1814.97998046875,1818.550048828125,1792.2900390625,1792.739990234375,2173580000
2007-02-15,1823.4100341796875,1823.4100341796875,1824.0899658203125,1813.0699462890625,1815.489990234375,1949670000
2007-02-16,1821.489990234375,1821.489990234375,1823.3699951171875,1813.9000244140625,1818.56005859375,1887430000
2007-02-20,1833.7099609375,1833.7099609375,1835.31005859375,1808.1099853515625,1817.8399658203125,2165590000
2007-02-21,1839.1300048828125,1839.1300048828125,1839.1300048828125,1824.530029296875,1827.030029296875,2012450000
2007-02-22,1846.3399658203125,1846.3399658203125,1851.469970703125,1832.5999755859375,1845.469970703125,1850960000
2007-02-23,1839.77001953125,1839.77001953125,1846.77001953125,1832.4000244140625,1845.4100341796875,2012220000
2007-02-26,1830.5899658203125,1830.5899658203125,1849.0899658203125,1819.760009765625,1848.47998046875,1912480000
2007-02-27,1756.27001953125,1756.27001953125,1808.0799560546875,1750.699951171875,1801.8699951171875,3037380000
2007-02-28,1761.5999755859375,1761.5999755859375,1778.1700439453125,1746.2900390625,1754.8800048828125,2620450000
2007-03-01,1753.449951171875,1753.449951171875,1768.9599609375,1717.949951171875,1729.030029296875,2710750000
2007-03-02,1726.030029296875,1726.030029296875,1752.8599853515625,1726.030029296875,1740.8699951171875,2352790000
2007-03-05,1712.93994140625,1712.93994140625,1739.050048828125,1710.969970703125,1726.030029296875,2291680000
2007-03-06,1743.0999755859375,1743.0999755859375,1747.2099609375,1727.1199951171875,1730.3900146484375,2121430000
2007-03-07,1736.0999755859375,1736.0999755859375,1746.8599853515625,1733.8199462890625,1740.7900390625,1959330000
2007-03-08,1746.4300537109375,1746.4300537109375,1757.52001953125,1741.469970703125,1753.5999755859375,1989910000
2007-03-09,1744.739990234375,1744.739990234375,1760.9599609375,1734.3499755859375,1759.5400390625,1875050000
2007-03-12,1756.4200439453125,1756.4200439453125,1758.489990234375,1742.050048828125,1742.97998046875,1637980000
2007-03-13,1722.47998046875,1722.47998046875,1756.219970703125,1722.47998046875,1747.3199462890625,2235000000
2007-03-14,1743.1500244140625,1743.1500244140625,1743.1500244140625,1711.280029296875,1724.6500244140625,2255630000
2007-03-15,1744.8699951171875,1744.8699951171875,1749.5799560546875,1737.0400390625,1743.47998046875,1690430000
2007-03-16,1742.22998046875,1742.22998046875,1750.3900146484375,1733.5799560546875,1743.5799560546875,2031650000
2007-03-19,1758.22998046875,1758.22998046875,1764.3699951171875,1747.050048828125,1752.18994140625,1650970000
2007-03-20,1767.25,1767.25,1772.739990234375,1757.93994140625,1759.489990234375,1761940000
2007-03-21,1806.3499755859375,1806.3499755859375,1806.3499755859375,1763.5400390625,1774.510009765625,2158740000
2007-03-22,1799.75,1799.75,1807.4300537109375,1793.3800048828125,1806.760009765625,1887290000
2007-03-23,1794.0400390625,1794.0400390625,1804.6300048828125,1792.739990234375,1800.1800537109375,1634470000
2007-03-26,1802.949951171875,1802.949951171875,1802.949951171875,1774.9599609375,1796.010009765625,1817870000
2007-03-27,1789.9300537109375,1789.9300537109375,1798.8900146484375,1787.97998046875,1798.1400146484375,1708060000
2007-03-28,1770.5400390625,1770.5400390625,1789.6500244140625,1770.5400390625,1781.6600341796875,1868310000
2007-03-29,1771.719970703125,1771.719970703125,1783.47998046875,1753.4300537109375,1783.43994140625,1926070000
2007-03-30,1772.3599853515625,1772.3599853515625,1783.3299560546875,1758.0999755859375,1772.8599853515625,1998550000
2007-04-02,1773.3299560546875,1773.3299560546875,1779.300048828125,1761.6500244140625,1775.9200439453125,1784170000
2007-04-03,1796.31005859375,1796.31005859375,1801.9000244140625,1781.8900146484375,1782.5,1932030000
2007-04-04,1801.739990234375,1801.739990234375,1804.5400390625,1795.0,1797.280029296875,1933300000
2007-04-05,1812.93994140625,1812.93994140625,1812.93994140625,1798.530029296875,1801.0999755859375,1537800000
2007-04-09,1808.18994140625,1808.18994140625,1819.0400390625,1805.0899658203125,1818.75,1714880000
2007-04-10,1816.9300537109375,1816.9300537109375,1816.9300537109375,1806.9100341796875,1807.06005859375,1834530000
2007-04-11,1798.0899658203125,1798.0899658203125,1815.72998046875,1793.25,1815.3800048828125,1957970000
2007-04-12,1813.489990234375,1813.489990234375,1814.6800537109375,1788.4000244140625,1795.1500244140625,1905500000
2007-04-13,1816.8499755859375,1816.8499755859375,1818.4200439453125,1801.8900146484375,1811.6600341796875,1834320000
2007-04-16,1833.9599609375,1833.9599609375,1835.6800537109375,1823.68994140625,1823.68994140625,1779410000
2007-04-17,1834.9100341796875,1834.9100341796875,1838.0999755859375,1829.1099853515625,1835.6700439453125,1900920000
2007-04-18,1832.3900146484375,1832.3900146484375,1839.31005859375,1823.2900390625,1828.760009765625,2046760000
2007-04-19,1832.469970703125,1832.469970703125,1840.280029296875,1819.31005859375,1823.199951171875,2112920000
2007-04-20,1845.8900146484375,1845.8900146484375,1856.4300537109375,1838.77001953125,1848.68994140625,2084270000
2007-04-23,1850.1800537109375,1850.1800537109375,1854.75,1844.800048828125,1848.489990234375,1928530000
2007-04-24,1858.8699951171875,1858.8699951171875,1863.760009765625,1844.050048828125,1856.3199462890625,2220610000
2007-04-25,1881.3299560546875,1881.3299560546875,1883.5799560546875,1859.06005859375,1865.77001953125,2644120000
2007-04-26,1889.5699462890625,1889.5699462890625,1896.77001953125,1884.260009765625,1889.5799560546875,2406090000
2007-04-27,1891.06005859375,1891.06005859375,1894.969970703125,1883.3599853515625,1886.3199462890625,2078160000
2007-04-30,1867.75,1867.75,1891.81005859375,1867.75,1891.81005859375,2080710000
2007-05-01,1873.4300537109375,1873.4300537109375,1876.18994140625,1857.3299560546875,1872.3399658203125,2351750000
2007-05-02,1889.72998046875,1889.72998046875,1894.300048828125,1874.3900146484375,1874.56005859375,2073150000
2007-05-03,1895.6400146484375,1895.6400146484375,1899.489990234375,1888.739990234375,1892.5999755859375,2137140000
2007-05-04,1895.699951171875,1895.699951171875,1905.8499755859375,1888.4000244140625,1902.4000244140625,2214130000
2007-05-07,1895.9599609375,1895.9599609375,1901.4200439453125,1893.969970703125,1896.0999755859375,1652300000
2007-05-08,1899.8299560546875,1899.8299560546875,1901.2099609375,1883.010009765625,1890.0799560546875,1897750000
2007-05-09,1905.6500244140625,1905.6500244140625,1909.300048828125,1890.1600341796875,1891.199951171875,2104220000
2007-05-10,1875.199951171875,1875.199951171875,1902.18994140625,1874.239990234375,1896.4200439453125,2237610000
2007-05-11,1898.7900390625,1898.7900390625,1899.43994140625,1878.3800048828125,1881.5400390625,1725550000
2007-05-14,1888.0799560546875,1888.0799560546875,1906.3800048828125,1878.6300048828125,1902.0999755859375,1941450000
2007-05-15,1871.7900390625,1871.7900390625,1898.02001953125,1870.239990234375,1887.5899658203125,2187760000
2007-05-16,1891.5699462890625,1891.5699462890625,1891.5699462890625,1866.97998046875,1878.52001953125,2061050000
2007-05-17,1884.6800537109375,1884.6800537109375,1892.7099609375,1882.0400390625,1889.1700439453125,1924890000
2007-05-18,1896.9300537109375,1896.9300537109375,1898.3399658203125,1885.9300537109375,1890.8800048828125,1996930000
2007-05-21,1911.1600341796875,1911.1600341796875,1919.5999755859375,1897.8599853515625,1899.5999755859375,1974220000
2007-05-22,1916.449951171875,1916.449951171875,1921.81005859375,1905.77001953125,1913.510009765625,1943950000
2007-05-23,1904.4100341796875,1904.4100341796875,1925.4300537109375,1903.8699951171875,1919.449951171875,2011060000
2007-05-24,1874.5999755859375,1874.5999755859375,1911.47998046875,1869.510009765625,1904.18994140625,2350850000
2007-05-25,1889.25,1889.25,1892.7099609375,1877.72998046875,1883.4100341796875,1559700000
2007-05-29,1899.7900390625,1899.7900390625,1904.31005859375,1887.260009765625,1891.0699462890625,1651000000
2007-05-30,1918.0799560546875,1918.0799560546875,1918.0799560546875,1884.449951171875,1889.280029296875,1969150000
2007-05-31,1928.18994140625,1928.18994140625,1931.0999755859375,1919.27001953125,1923.56005859375,2286850000
2007-06-01,1928.260009765625,1928.260009765625,1940.81005859375,1925.6500244140625,1934.739990234375,1880030000
2007-06-04,1933.72998046875,1933.72998046875,1935.8499755859375,1920.2099609375,1921.949951171875,1947220000
2007-06-05,1932.3499755859375,1932.3499755859375,1932.93994140625,1916.3800048828125,1928.6500244140625,2182810000
2007-06-06,1914.8499755859375,1914.8499755859375,1924.510009765625,1908.800048828125,1924.4300537109375,2163430000
2007-06-07,1882.1700439453125,1882.1700439453125,1918.8199462890625,1882.1700439453125,1908.6600341796875,2716240000
2007-06-08,1906.260009765625,1906.260009765625,1906.7900390625,1876.52001953125,1884.6600341796875,1908130000
2007-06-11,1901.9599609375,1901.9599609375,1917.4300537109375,1900.72998046875,1904.9100341796875,1614980000
2007-06-12,1890.6700439453125,1890.6700439453125,1911.1400146484375,1887.77001953125,1892.1300048828125,2047210000
2007-06-13,1913.8699951171875,1913.8699951171875,1913.8699951171875,1892.550048828125,1897.7900390625,2086610000
2007-06-14,1924.5400390625,1924.5400390625,1929.5899658203125,1913.530029296875,1914.280029296875,1936220000
2007-06-15,1942.4100341796875,1942.4100341796875,1946.699951171875,1937.989990234375,1943.9100341796875,2420750000
2007-06-18,1944.3699951171875,1944.3699951171875,1947.7900390625,1939.27001953125,1947.7900390625,1717120000
2007-06-19,1941.75,1941.75,1946.8800048828125,1932.75,1939.0699462890625,1871880000
2007-06-20,1922.1199951171875,1922.1199951171875,1948.5799560546875,1922.0699462890625,1945.06005859375,2793260000
2007-06-21,1941.3199462890625,1941.3199462890625,1943.4200439453125,1915.77001953125,1922.3199462890625,2562640000
2007-06-22,1921.93994140625,1921.93994140625,1940.280029296875,1917.52001953125,1936.780029296875,3240350000
2007-06-25,1912.9000244140625,1912.9000244140625,1934.8399658203125,1905.02001953125,1924.1800537109375,2039010000
2007-06-26,1908.6400146484375,1908.6400146484375,1924.4200439453125,1901.1800537109375,1923.699951171875,2100330000
2007-06-27,1933.06005859375,1933.06005859375,1934.030029296875,1899.9200439453125,1901.5999755859375,2020260000
2007-06-28,1931.6700439453125,1931.6700439453125,1945.1199951171875,1930.530029296875,1931.77001953125,1923410000
2007-06-29,1934.0999755859375,1934.0999755859375,1947.0,1920.8299560546875,1944.5,2168420000
2007-07-02,1954.1199951171875,1954.1199951171875,1954.239990234375,1939.739990234375,1943.280029296875,1853840000
2007-07-03,1965.199951171875,1965.199951171875,1965.199951171875,1953.9300537109375,1957.47998046875,1089120000
2007-07-05,1981.06005859375,1981.06005859375,1983.0999755859375,1964.489990234375,1967.739990234375,1694530000
2007-07-06,1988.31005859375,1988.31005859375,1989.4300537109375,1973.4000244140625,1980.780029296875,1597110000
2007-07-09,1989.199951171875,1989.199951171875,1992.550048828125,1982.3699951171875,1989.760009765625,1895200000
2007-07-10,1971.8900146484375,1971.8900146484375,1989.3499755859375,1970.3599853515625,1979.1300048828125,2229340000
2007-07-11,1984.0799560546875,1984.0799560546875,1984.6700439453125,1965.6099853515625,1968.97998046875,2014260000
2007-07-12,2021.030029296875,2021.030029296875,2021.030029296875,1990.8900146484375,1992.5699462890625,2166350000
2007-07-13,2032.1600341796875,2032.1600341796875,2032.280029296875,2017.280029296875,2018.8399658203125,1729190000
2007-07-16,2028.02001953125,2028.02001953125,2037.5,2024.300048828125,2030.3399658203125,1751060000
2007-07-17,2041.780029296875,2041.780029296875,2045.969970703125,2030.5699462890625,2031.3299560546875,2158690000
2007-07-18,2037.97998046875,2037.97998046875,2038.6400146484375,2019.1700439453125,2030.5400390625,2257380000
2007-07-19,2052.989990234375,2052.989990234375,2060.2900390625,2046.9599609375,2052.31005859375,2177500000
2007-07-20,2035.8800048828125,2035.8800048828125,2048.239990234375,2024.25,2047.1400146484375,2335920000
2007-07-23,2036.3299560546875,2036.3299560546875,2045.81005859375,2031.3699951171875,2043.8199462890625,2034080000
2007-07-24,2000.550048828125,2000.550048828125,2037.719970703125,1995.6199951171875,2021.52001953125,2463270000
2007-07-25,2011.1400146484375,2011.1400146484375,2020.6800537109375,1996.050048828125,2017.56005859375,2482250000
2007-07-26,1986.5999755859375,1986.5999755859375,2012.489990234375,1955.6199951171875,1996.9300537109375,3392140000
2007-07-27,1956.18994140625,1956.18994140625,1997.7900390625,1956.1600341796875,1988.8499755859375,2705290000
2007-07-30,1973.9300537109375,1973.9300537109375,1981.8599853515625,1951.3599853515625,1961.780029296875,2291710000
2007-07-31,1932.06005859375,1932.06005859375,1992.530029296875,1931.989990234375,1992.530029296875,2789130000
2007-08-01,1945.0799560546875,1945.0799560546875,1946.760009765625,1912.0999755859375,1929.0899658203125,2912270000
2007-08-02,1966.5999755859375,1966.5999755859375,1969.6600341796875,1944.3699951171875,1950.949951171875,2456970000
2007-08-03,1918.56005859375,1918.56005859375,1964.5,1918.56005859375,1963.489990234375,2504430000
2007-08-06,1954.3699951171875,1954.3699951171875,1954.3699951171875,1912.68994140625,1931.3800048828125,2815560000
2007-08-07,1961.6400146484375,1961.6400146484375,1976.699951171875,1932.050048828125,1943.3900146484375,2704030000
2007-08-08,1987.3399658203125,1987.3399658203125,1995.0,1968.3399658203125,1974.3299560546875,3542890000
2007-08-09,1936.760009765625,1936.760009765625,1990.9599609375,1936.760009765625,1959.969970703125,3593450000
2007-08-10,1925.1400146484375,1925.1400146484375,1944.5400390625,1896.68994140625,1918.989990234375,3202570000
2007-08-13,1934.4100341796875,1934.4100341796875,1946.75,1931.3299560546875,1941.4100341796875,2154750000
2007-08-14,1901.3199462890625,1901.3199462890625,1940.8900146484375,1901.3199462890625,1938.7900390625,1982860000
2007-08-15,1864.9200439453125,1864.9200439453125,1913.7900390625,1864.199951171875,1897.050048828125,2259870000
2007-08-16,1846.0899658203125,1846.0899658203125,1865.469970703125,1805.6600341796875,1850.1700439453125,3279620000
2007-08-17,1888.780029296875,1888.780029296875,1893.77001953125,1853.8699951171875,1883.1500244140625,2580340000
2007-08-20,1893.050048828125,1893.050048828125,1899.050048828125,1874.27001953125,1891.1300048828125,1656440000
2007-08-21,1910.989990234375,1910.989990234375,1915.0999755859375,1886.449951171875,1887.8299560546875,1677080000
2007-08-22,1936.77001953125,1936.77001953125,1938.7900390625,1922.18994140625,1927.31005859375,1787060000
2007-08-23,1931.8800048828125,1931.8800048828125,1945.1099853515625,1920.6199951171875,1942.1199951171875,1622880000
2007-08-24,1961.3800048828125,1961.3800048828125,1961.3800048828125,1924.1099853515625,1928.800048828125,1624860000
2007-08-27,1947.489990234375,1947.489990234375,1958.9599609375,1945.510009765625,1954.8800048828125,1314030000
2007-08-28,1899.239990234375,1899.239990234375,1939.0999755859375,1899.239990234375,1934.9300537109375,1562800000
2007-08-29,1954.8499755859375,1954.8499755859375,1955.4599609375,1913.489990234375,1914.25,1649720000
2007-08-30,1963.75,1963.75,1980.949951171875,1940.9200439453125,1942.7900390625,1704910000
2007-08-31,1988.72998046875,1988.72998046875,1993.72998046875,1975.8299560546875,1987.93994140625,1536640000
2007-09-04,2020.510009765625,2020.510009765625,2032.0999755859375,1989.280029296875,1989.280029296875,1863090000
2007-09-05,1994.3800048828125,1994.3800048828125,2017.3199462890625,1987.300048828125,2013.6600341796875,1921820000
2007-09-06,1998.6700439453125,1998.6700439453125,2006.050048828125,1984.43994140625,2001.760009765625,1795220000
2007-09-07,1958.3499755859375,1958.3499755859375,1975.31005859375,1949.8699951171875,1972.1199951171875,1906520000
2007-09-10,1960.199951171875,1960.199951171875,1980.969970703125,1943.27001953125,1975.6700439453125,1771430000
2007-09-11,1988.97998046875,1988.97998046875,1991.02001953125,1969.52001953125,1973.1600341796875,1743730000
2007-09-12,1988.9599609375,1988.9599609375,2006.3699951171875,1983.43994140625,1986.2099609375,1888570000
2007-09-13,1998.6300048828125,1998.6300048828125,2005.9599609375,1989.9100341796875,2004.72998046875,1666510000
2007-09-14,2000.8199462890625,2000.8199462890625,2004.030029296875,1981.9100341796875,1984.239990234375,1586580000
2007-09-17,1983.0799560546875,1983.0799560546875,1995.469970703125,1975.2900390625,1993.5,1407780000
2007-09-18,2035.3699951171875,2035.3699951171875,2035.3699951171875,1985.699951171875,1993.8499755859375,2083620000
2007-09-19,2041.3599853515625,2041.3599853515625,2056.27001953125,2032.0799560546875,2047.4599609375,2183810000
2007-09-20,2032.6099853515625,2032.6099853515625,2043.2099609375,2029.530029296875,2035.8699951171875,1751460000
2007-09-21,2049.47998046875,2049.47998046875,2054.090087890625,2041.47998046875,2042.6400146484375,2268300000
2007-09-24,2057.25,2057.25,2072.699951171875,2047.510009765625,2054.77001953125,1848950000
2007-09-25,2076.830078125,2076.830078125,2076.830078125,2048.340087890625,2049.780029296875,1910890000
2007-09-26,2088.3798828125,2088.3798828125,2094.969970703125,2079.919921875,2088.1201171875,1984010000
2007-09-27,2096.389892578125,2096.389892578125,2099.610107421875,2089.580078125,2098.739990234375,1745070000
2007-09-28,2091.110107421875,2091.110107421875,2101.9599609375,2082.0400390625,2096.3701171875,1929890000
2007-10-01,2116.969970703125,2116.969970703125,2120.7900390625,2092.60009765625,2092.60009765625,1914080000
2007-10-02,2115.889892578125,2115.889892578125,2117.340087890625,2104.14990234375,2116.14990234375,1740460000
2007-10-03,2103.010009765625,2103.010009765625,2117.3798828125,2095.300048828125,2108.0400390625,1851090000
2007-10-04,2105.56005859375,2105.56005859375,2107.719970703125,2088.7900390625,2107.110107421875,1695520000
2007-10-05,2149.669921875,2149.669921875,2151.719970703125,2118.1298828125,2123.489990234375,2012860000
2007-10-08,2163.260009765625,2163.260009765625,2163.260009765625,2144.219970703125,2151.110107421875,1496610000
2007-10-09,2171.2099609375,2171.2099609375,2173.949951171875,2157.949951171875,2168.530029296875,1865120000
2007-10-10,2176.97998046875,2176.97998046875,2178.949951171875,2164.909912109375,2172.669921875,1916630000
2007-10-11,2140.919921875,2140.919921875,2194.139892578125,2127.070068359375,2188.719970703125,2508690000
2007-10-12,2177.989990234375,2177.989990234375,2177.989990234375,2148.3798828125,2151.93994140625,1957790000
2007-10-15,2158.919921875,2158.919921875,2184.860107421875,2143.89990234375,2182.06005859375,1967120000
2007-10-16,2151.139892578125,2151.139892578125,2166.64990234375,2143.56005859375,2147.8798828125,2038520000
2007-10-17,2179.139892578125,2179.139892578125,2182.85009765625,2143.5400390625,2182.699951171875,2400080000
2007-10-18,2187.52001953125,2187.52001953125,2191.659912109375,2161.679931640625,2168.239990234375,1973010000
2007-10-19,2131.080078125,2131.080078125,2188.75,2131.080078125,2188.75,2371650000
2007-10-22,2157.449951171875,2157.449951171875,2160.02001953125,2116.639892578125,2121.010009765625,1958710000
2007-10-23,2205.179931640625,2205.179931640625,2205.179931640625,2170.469970703125,2181.7900390625,2335770000
2007-10-24,2188.590087890625,2188.590087890625,2194.35009765625,2140.8701171875,2187.030029296875,2739680000
2007-10-25,2161.52001953125,2161.52001953125,2195.39990234375,2146.22998046875,2190.510009765625,2753360000
2007-10-26,2194.590087890625,2194.590087890625,2203.8798828125,2174.820068359375,2200.68994140625,2583680000
2007-10-29,2203.419921875,2203.419921875,2209.389892578125,2191.2099609375,2202.9599609375,2014730000
2007-10-30,2207.610107421875,2207.610107421875,2218.8798828125,2192.68994140625,2197.139892578125,2121930000
2007-10-31,2238.97998046875,2238.97998046875,2239.22998046875,2199.02001953125,2214.139892578125,2534530000
2007-11-01,2197.070068359375,2197.070068359375,2226.8798828125,2196.35009765625,2223.52001953125,2528410000
2007-11-02,2213.860107421875,2213.860107421875,2218.659912109375,2181.5,2211.389892578125,2426050000
2007-11-05,2200.47998046875,2200.47998046875,2212.06005859375,2179.89990234375,2193.06005859375,2092590000
2007-11-06,2223.969970703125,2223.969970703125,2224.429931640625,2188.10009765625,2212.199951171875,2482160000
2007-11-07,2169.429931640625,2169.429931640625,2219.820068359375,2168.550048828125,2205.2900390625,2491180000
2007-11-08,2106.159912109375,2106.159912109375,2167.81005859375,2066.550048828125,2165.570068359375,3461810000
2007-11-09,2034.300048828125,2034.300048828125,2078.06005859375,2033.8800048828125,2061.52001953125,2955790000
2007-11-12,1982.1600341796875,1982.1600341796875,2043.050048828125,1980.1800537109375,2028.9100341796875,2820740000
2007-11-13,2066.080078125,2066.080078125,2066.080078125,2009.739990234375,2009.739990234375,2662780000
2007-11-14,2038.050048828125,2038.050048828125,2091.06005859375,2030.6199951171875,2090.669921875,2420260000
2007-11-15,2024.030029296875,2024.030029296875,2054.06005859375,2007.780029296875,2035.4599609375,2289480000
2007-11-16,2048.6201171875,2048.6201171875,2052.199951171875,2006.8499755859375,2038.27001953125,2515680000
2007-11-19,2021.1400146484375,2021.1400146484375,2050.030029296875,2009.7099609375,2040.1700439453125,2188010000
2007-11-20,2029.93994140625,2029.93994140625,2064.080078125,1990.1199951171875,2030.93994140625,2607370000
2007-11-21,2006.3800048828125,2006.3800048828125,2039.3900146484375,1986.449951171875,2008.8800048828125,2034730000
2007-11-23,2028.9000244140625,2028.9000244140625,2031.8699951171875,2008.1300048828125,2019.4000244140625,804330000
2007-11-26,1989.3599853515625,1989.3599853515625,2047.9200439453125,1988.300048828125,2033.239990234375,2019400000
2007-11-27,2033.760009765625,2033.760009765625,2034.6500244140625,1997.530029296875,2007.3499755859375,2166930000
2007-11-28,2095.389892578125,2095.389892578125,2100.969970703125,2055.77001953125,2055.77001953125,2518580000
2007-11-29,2102.419921875,2102.419921875,2108.25,2082.18994140625,2084.570068359375,2157170000
2007-11-30,2089.10009765625,2089.10009765625,2122.639892578125,2071.780029296875,2122.639892578125,2571340000
2007-12-03,2067.449951171875,2067.449951171875,2094.360107421875,2066.22998046875,2080.10009765625,1994710000
2007-12-04,2059.06005859375,2059.06005859375,2070.389892578125,2048.64990234375,2053.169921875,2044740000
2007-12-05,2099.31005859375,2099.31005859375,2103.830078125,2079.669921875,2083.18994140625,2258840000
2007-12-06,2127.64990234375,2127.64990234375,2128.320068359375,2098.300048828125,2099.699951171875,1970680000
2007-12-07,2130.0,2130.0,2135.239990234375,2116.6298828125,2127.5400390625,1855070000
2007-12-10,2134.8798828125,2134.8798828125,2141.360107421875,2126.969970703125,2131.669921875,1776540000
2007-12-11,2083.719970703125,2083.719970703125,2147.679931640625,2081.550048828125,2137.820068359375,2195200000
2007-12-12,2101.360107421875,2101.360107421875,2130.570068359375,2070.52001953125,2125.139892578125,2311900000
2007-12-13,2094.679931640625,2094.679931640625,2097.949951171875,2072.75,2083.080078125,2143760000
2007-12-14,2072.110107421875,2072.110107421875,2096.9599609375,2069.93994140625,2078.39990234375,1902390000
2007-12-17,2020.800048828125,2020.800048828125,2068.919921875,2020.260009765625,2064.449951171875,1873110000
2007-12-18,2029.489990234375,2029.489990234375,2042.2900390625,1999.5899658203125,2041.6600341796875,1982590000
2007-12-19,2031.0,2031.0,2038.989990234375,2016.68994140625,2027.9000244140625,1835920000
2007-12-20,2069.679931640625,2069.679931640625,2070.510009765625,2040.3800048828125,2056.1201171875,1960470000
2007-12-21,2111.77001953125,2111.77001953125,2111.77001953125,2094.64990234375,2100.7099609375,2508800000
2007-12-24,2128.6201171875,2128.6201171875,2131.72998046875,2113.1201171875,2113.1201171875,778620000
2007-12-26,2136.93994140625,2136.93994140625,2141.080078125,2116.2099609375,2121.409912109375,1241830000
2007-12-27,2106.090087890625,2106.090087890625,2135.550048828125,2104.02001953125,2129.010009765625,2324820000
2007-12-28,2107.050048828125,2107.050048828125,2121.280029296875,2092.030029296875,2118.6298828125,1338850000
2007-12-31,2084.929931640625,2084.929931640625,2102.389892578125,2083.580078125,2097.909912109375,1454550000
2008-01-02,2049.7099609375,2049.7099609375,2094.219970703125,2040.4300537109375,2085.530029296875,2076690000
2008-01-03,2051.760009765625,2051.760009765625,2064.72998046875,2040.010009765625,2050.639892578125,1970200000
2008-01-04,1963.52001953125,1963.52001953125,2025.3599853515625,1963.02001953125,2025.3599853515625,2516310000
2008-01-07,1957.43994140625,1957.43994140625,1975.8699951171875,1929.27001953125,1971.280029296875,2600100000
2008-01-08,1910.3299560546875,1910.3299560546875,1983.1400146484375,1910.3299560546875,1965.4200439453125,2566480000
2008-01-09,1949.199951171875,1949.199951171875,1949.199951171875,1889.9200439453125,1915.22998046875,2821160000
2008-01-10,1953.6400146484375,1953.6400146484375,1968.0899658203125,1924.3900146484375,1930.9100341796875,2640400000
2008-01-11,1912.81005859375,1912.81005859375,1941.530029296875,1900.22998046875,1940.97998046875,2355490000
2008-01-14,1949.1500244140625,1949.1500244140625,1952.550048828125,1924.8599853515625,1940.3299560546875,2134230000
2008-01-15,1894.0899658203125,1894.0899658203125,1931.7099609375,1885.449951171875,1925.949951171875,2390120000
2008-01-16,1872.2900390625,1872.2900390625,1907.300048828125,1848.5799560546875,1876.449951171875,3397330000
2008-01-17,1842.0999755859375,1842.0999755859375,1894.18994140625,1838.989990234375,1882.3599853515625,2785930000
2008-01-18,1844.0899658203125,1844.0899658203125,1876.0400390625,1829.6199951171875,1862.219970703125,2991360000
2008-01-22,1795.6099853515625,1795.6099853515625,1820.510009765625,1740.530029296875,1740.530029296875,3161430000
2008-01-23,1789.530029296875,1789.530029296875,1794.4599609375,1693.06005859375,1725.4599609375,3650250000
2008-01-24,1826.9200439453125,1826.9200439453125,1826.9200439453125,1793.1099853515625,1800.8399658203125,2928900000
2008-01-25,1789.1700439453125,1789.1700439453125,1864.0,1788.0699462890625,1860.9200439453125,2599410000
2008-01-28,1805.0799560546875,1805.0799560546875,1807.1199951171875,1773.699951171875,1788.1400146484375,2033860000
2008-01-29,1807.6700439453125,1807.6700439453125,1816.4300537109375,1792.6400146484375,1812.4300537109375,2160040000
2008-01-30,1808.510009765625,1808.510009765625,1843.199951171875,1798.31005859375,1800.3599853515625,2618850000
2008-01-31,1841.4200439453125,1841.4200439453125,1853.81005859375,1782.02001953125,1782.3299560546875,2813420000
2008-02-01,1855.27001953125,1855.27001953125,1864.969970703125,1826.4300537109375,1846.0699462890625,3060180000
2008-02-04,1828.800048828125,1828.800048828125,1854.6199951171875,1828.1099853515625,1854.6199951171875,2050940000
2008-02-05,1773.489990234375,1773.489990234375,1813.550048828125,1773.489990234375,1798.6500244140625,2501820000
2008-02-06,1740.949951171875,1740.949951171875,1795.8199462890625,1739.550048828125,1786.9599609375,2362020000
2008-02-07,1753.300048828125,1753.300048828125,1779.27001953125,1714.8599853515625,1723.2099609375,2946360000
2008-02-08,1773.739990234375,1773.739990234375,1779.47998046875,1746.3399658203125,1754.3699951171875,2229330000
2008-02-11,1793.0899658203125,1793.0899658203125,1797.3900146484375,1770.9100341796875,1780.3599853515625,2072270000
2008-02-12,1780.5400390625,1780.5400390625,1812.4300537109375,1769.6199951171875,1802.6500244140625,2183530000
2008-02-13,1823.0,1823.0,1824.219970703125,1795.6700439453125,1803.2900390625,2174670000
2008-02-14,1787.5899658203125,1787.5899658203125,1823.0999755859375,1784.780029296875,1823.0999755859375,2267580000
2008-02-15,1780.3800048828125,1780.3800048828125,1787.3299560546875,1767.3399658203125,1776.0999755859375,1999540000
2008-02-19,1764.81005859375,1764.81005859375,1807.449951171875,1759.239990234375,1802.1700439453125,1988690000
2008-02-20,1787.449951171875,1787.449951171875,1791.3499755859375,1756.6400146484375,1756.6400146484375,2258180000
2008-02-21,1766.300048828125,1766.300048828125,1806.43994140625,1762.239990234375,1802.02001953125,2277540000
2008-02-22,1773.43994140625,1773.43994140625,1774.969970703125,1739.1500244140625,1772.8800048828125,2324450000
2008-02-25,1785.4599609375,1785.4599609375,1790.77001953125,1761.9300537109375,1773.050048828125,2152880000
2008-02-26,1791.31005859375,1791.31005859375,1807.4100341796875,1763.4100341796875,1773.5,2263650000
2008-02-27,1799.93994140625,1799.93994140625,1806.4200439453125,1775.449951171875,1778.6199951171875,2216540000
2008-02-28,1794.4599609375,1794.4599609375,1808.6500244140625,1786.199951171875,1794.1099853515625,2032040000
2008-02-29,1745.27001953125,1745.27001953125,1778.0699462890625,1740.9000244140625,1776.010009765625,2405360000
2008-03-03,1733.27001953125,1733.27001953125,1746.56005859375,1716.52001953125,1743.9200439453125,2145070000
2008-03-04,1743.699951171875,1743.699951171875,1748.0699462890625,1707.4200439453125,1724.3299560546875,2669980000
2008-03-05,1753.5699462890625,1753.5699462890625,1768.1300048828125,1737.260009765625,1746.4000244140625,2209090000
2008-03-06,1712.5,1712.5,1757.56005859375,1710.9599609375,1749.4200439453125,2165090000
2008-03-07,1707.5,1707.5,1731.3900146484375,1682.030029296875,1701.3399658203125,2386980000
2008-03-10,1673.030029296875,1673.030029296875,1711.030029296875,1672.760009765625,1705.550048828125,2101010000
2008-03-11,1740.949951171875,1740.949951171875,1740.949951171875,1686.469970703125,1704.050048828125,2526040000
2008-03-12,1735.1800537109375,1735.1800537109375,1764.719970703125,1731.0799560546875,1746.18994140625,2077140000
2008-03-13,1750.4000244140625,1750.4000244140625,1760.22998046875,1699.1700439453125,1715.8399658203125,2419220000
2008-03-14,1713.8299560546875,1713.8299560546875,1762.3699951171875,1696.219970703125,1757.469970703125,2547310000
2008-03-17,1687.18994140625,1687.18994140625,1706.02001953125,1668.5699462890625,1680.5400390625,2338210000
2008-03-18,1761.050048828125,1761.050048828125,1761.050048828125,1712.2099609375,1717.0400390625,2411630000
2008-03-19,1715.5899658203125,1715.5899658203125,1772.0899658203125,1715.5899658203125,1765.0999755859375,2265420000
2008-03-20,1751.989990234375,1751.989990234375,1752.280029296875,1712.3299560546875,1719.699951171875,2764480000
2008-03-24,1814.4000244140625,1814.4000244140625,1819.260009765625,1760.1400146484375,1760.1400146484375,2312600000
2008-03-25,1824.5400390625,1824.5400390625,1831.97998046875,1800.7099609375,1816.3299560546875,2099060000
2008-03-26,1817.280029296875,1817.280029296875,1822.5699462890625,1800.8299560546875,1815.8299560546875,1915210000
2008-03-27,1777.8900146484375,1777.8900146484375,1809.239990234375,1777.75,1807.1400146484375,2038770000
2008-03-28,1767.5699462890625,1767.5699462890625,1802.1800537109375,1762.199951171875,1788.56005859375,1785770000
2008-03-31,1781.9300537109375,1781.9300537109375,1789.52001953125,1767.8599853515625,1772.9599609375,1788360000
2008-04-01,1855.47998046875,1855.47998046875,1855.47998046875,1805.7900390625,1806.1500244140625,2160120000
2008-04-02,1848.800048828125,1848.800048828125,1870.550048828125,1836.6300048828125,1855.9100341796875,1996680000
2008-04-03,1855.18994140625,1855.18994140625,1866.5699462890625,1835.9599609375,1842.68994140625,1993480000
2008-04-04,1865.8699951171875,1865.8699951171875,1884.1300048828125,1846.56005859375,1859.9300537109375,1977560000
2008-04-07,1860.8299560546875,1860.8299560546875,1885.9300537109375,1856.5699462890625,1878.300048828125,1730020000
2008-04-08,1846.1400146484375,1846.1400146484375,1858.739990234375,1837.469970703125,1853.3699951171875,1635290000
2008-04-09,1826.18994140625,1826.18994140625,1849.199951171875,1815.050048828125,1848.3599853515625,1922050000
2008-04-10,1852.969970703125,1852.969970703125,1863.199951171875,1827.0,1827.0,2159000000
2008-04-11,1798.719970703125,1798.719970703125,1833.1400146484375,1794.8199462890625,1832.050048828125,1902540000
2008-04-14,1790.9300537109375,1790.9300537109375,1807.760009765625,1788.010009765625,1796.77001953125,1626710000
2008-04-15,1794.72998046875,1794.72998046875,1802.72998046875,1776.5999755859375,1799.47998046875,1884750000
2008-04-16,1846.8900146484375,1846.8900146484375,1849.449951171875,1815.800048828125,1817.5899658203125,2128770000
2008-04-17,1840.8800048828125,1840.8800048828125,1848.280029296875,1829.93994140625,1846.800048828125,1779300000
2008-04-18,1900.280029296875,1900.280029296875,1908.0,1879.93994140625,1889.199951171875,2190920000
2008-04-21,1913.1199951171875,1913.1199951171875,1914.2099609375,1890.800048828125,1892.969970703125,1601280000
2008-04-22,1881.6500244140625,1881.6500244140625,1901.739990234375,1867.719970703125,1901.27001953125,1941680000
2008-04-23,1906.6600341796875,1906.6600341796875,1913.6199951171875,1888.7099609375,1897.6300048828125,2181580000
2008-04-24,1924.5799560546875,1924.5799560546875,1942.97998046875,1886.93994140625,1908.1300048828125,2337160000
2008-04-25,1918.5799560546875,1918.5799560546875,1925.0400390625,1894.1099853515625,1922.8800048828125,1956260000
2008-04-28,1923.260009765625,1923.260009765625,1936.0999755859375,1917.030029296875,1920.530029296875,1724680000
2008-04-29,1933.5999755859375,1933.5999755859375,1941.9100341796875,1914.25,1917.8299560546875,1769030000
2008-04-30,1917.699951171875,1917.699951171875,1953.5899658203125,1912.81005859375,1939.1199951171875,2127390000
2008-05-01,1980.43994140625,1980.43994140625,1980.43994140625,1921.050048828125,1921.8699951171875,2344770000
2008-05-02,1981.8699951171875,1981.8699951171875,1996.52001953125,1965.8399658203125,1996.31005859375,2279510000
2008-05-05,1975.8199462890625,1975.8199462890625,1992.68994140625,1967.8199462890625,1980.8399658203125,2085110000
2008-05-06,1990.6099853515625,1990.6099853515625,1996.800048828125,1957.6300048828125,1968.6099853515625,2097260000
2008-05-07,1951.4200439453125,1951.4200439453125,2000.719970703125,1946.280029296875,1987.43994140625,2238810000
2008-05-08,1966.8599853515625,1966.8599853515625,1979.1199951171875,1954.3599853515625,1960.7099609375,2031770000
2008-05-09,1960.2900390625,1960.2900390625,1969.3599853515625,1947.5999755859375,1950.6300048828125,1711510000
2008-05-12,1997.02001953125,1997.02001953125,1998.8599853515625,1959.47998046875,1969.5,1769330000
2008-05-13,2000.6099853515625,2000.6099853515625,2004.530029296875,1981.989990234375,1997.6199951171875,1895250000
2008-05-14,1997.300048828125,1997.300048828125,2028.6700439453125,1993.9100341796875,2008.5400390625,2129270000
2008-05-15,2031.3399658203125,2031.3399658203125,2032.3599853515625,1991.199951171875,1995.4100341796875,2176320000
2008-05-16,2031.27001953125,2031.27001953125,2035.81005859375,2009.8900146484375,2033.949951171875,2286090000
2008-05-19,2016.5999755859375,2016.5999755859375,2050.7900390625,2005.3399658203125,2031.8199462890625,2269590000
2008-05-20,2000.6700439453125,2000.6700439453125,2010.1800537109375,1987.5,2008.5,1991010000
2008-05-21,1956.800048828125,1956.800048828125,2015.22998046875,1952.77001953125,2005.2900390625,2166450000
2008-05-22,1964.9200439453125,1964.9200439453125,1978.050048828125,1955.6400146484375,1962.56005859375,1932080000
2008-05-23,1958.9599609375,1958.9599609375,1964.6800537109375,1943.8499755859375,1959.6700439453125,1734070000
2008-05-27,1995.43994140625,1995.43994140625,1995.449951171875,1963.050048828125,1965.0,1742710000
2008-05-28,2000.0699462890625,2000.0699462890625,2004.6600341796875,1981.25,2002.77001953125,1792750000
2008-05-29,2019.02001953125,2019.02001953125,2030.239990234375,2001.780029296875,2001.800048828125,1956100000
2008-05-30,2032.5699462890625,2032.5699462890625,2040.969970703125,2022.1600341796875,2028.25,2153350000
2008-06-02,2006.8399658203125,2006.8399658203125,2028.0400390625,1989.3299560546875,2026.5799560546875,1972760000
2008-06-03,1996.7900390625,1996.7900390625,2027.199951171875,1977.8699951171875,2015.030029296875,2148040000
2008-06-04,2021.449951171875,2021.449951171875,2035.0899658203125,1989.219970703125,1991.8900146484375,2153510000
2008-06-05,2055.110107421875,2055.110107421875,2055.820068359375,2020.5899658203125,2027.1700439453125,2254760000
2008-06-06,1990.3900146484375,1990.3900146484375,2039.5,1990.3900146484375,2036.1500244140625,2192240000
2008-06-09,1979.7099609375,1979.7099609375,1997.93994140625,1948.27001953125,1995.3699951171875,2084630000
2008-06-10,1972.5400390625,1972.5400390625,1988.0,1957.050048828125,1960.4100341796875,2081430000
2008-06-11,1924.3299560546875,1924.3299560546875,1970.31005859375,1924.3299560546875,1968.8699951171875,2065810000
2008-06-12,1924.260009765625,1924.260009765625,1954.22998046875,1909.8900146484375,1941.6800537109375,2276640000
2008-06-13,1966.010009765625,1966.010009765625,1968.1199951171875,1928.7099609375,1938.3399658203125,2106050000
2008-06-16,1984.760009765625,1984.760009765625,1991.719970703125,1953.260009765625,1954.0400390625,1871720000
2008-06-17,1972.8199462890625,1972.8199462890625,1993.1199951171875,1969.72998046875,1990.02001953125,1798050000
2008-06-18,1951.0999755859375,1951.0999755859375,1968.0899658203125,1943.9200439453125,1962.780029296875,2030700000
2008-06-19,1982.68994140625,1982.68994140625,1991.25,1935.8499755859375,1947.6400146484375,2294540000
2008-06-20,1928.3900146484375,1928.3900146484375,1963.47998046875,1920.3199462890625,1962.3299560546875,2570320000
2008-06-23,1913.31005859375,1913.31005859375,1940.6800537109375,1910.8800048828125,1936.7099609375,1916230000
2008-06-24,1903.739990234375,1903.739990234375,1926.0999755859375,1888.010009765625,1906.8399658203125,2195920000
2008-06-25,1933.8599853515625,1933.8599853515625,1951.489990234375,1910.2099609375,1911.0699462890625,2153970000
2008-06-26,1855.3900146484375,1855.3900146484375,1898.780029296875,1855.3900146484375,1898.780029296875,2300840000
2008-06-27,1855.719970703125,1855.719970703125,1865.5999755859375,1829.300048828125,1854.3900146484375,3403540000
2008-06-30,1837.0899658203125,1837.0899658203125,1863.3199462890625,1837.0899658203125,1852.8299560546875,2096400000
2008-07-01,1862.7099609375,1862.7099609375,1864.0699462890625,1817.0799560546875,1821.9300537109375,2653890000
2008-07-02,1816.1500244140625,1816.1500244140625,1874.8299560546875,1815.8399658203125,1868.800048828125,2376300000
2008-07-03,1816.3499755859375,1816.3499755859375,1832.2099609375,1801.6600341796875,1828.75,1423670000
2008-07-07,1826.9300537109375,1826.9300537109375,1848.2900390625,1799.489990234375,1834.280029296875,2363990000
2008-07-08,1871.280029296875,1871.280029296875,1871.280029296875,1821.9599609375,1829.550048828125,2462380000
2008-07-09,1819.1800537109375,1819.1800537109375,1871.27001953125,1818.9200439453125,1866.81005859375,2285560000
2008-07-10,1839.5699462890625,1839.5699462890625,1846.530029296875,1805.280029296875,1826.6300048828125,2300880000
2008-07-11,1810.8800048828125,1810.8800048828125,1839.77001953125,1784.3900146484375,1820.22998046875,2340180000
2008-07-14,1798.030029296875,1798.030029296875,1837.0400390625,1792.5400390625,1834.8599853515625,1997990000
2008-07-15,1798.3499755859375,1798.3499755859375,1826.1099853515625,1761.0799560546875,1786.9000244140625,2798410000
2008-07-16,1843.8699951171875,1843.8699951171875,1844.5400390625,1786.06005859375,1799.5999755859375,2425020000
2008-07-17,1853.469970703125,1853.469970703125,1862.989990234375,1829.699951171875,1851.0,2570670000
2008-07-18,1823.22998046875,1823.22998046875,1834.719970703125,1816.760009765625,1827.3399658203125,2225800000
2008-07-21,1819.760009765625,1819.760009765625,1837.530029296875,1809.800048828125,1831.8599853515625,1859410000
2008-07-22,1821.6199951171875,1821.6199951171875,1821.8299560546875,1784.260009765625,1787.5,2510310000
2008-07-23,1845.56005859375,1845.56005859375,1865.18994140625,1819.0799560546875,1823.3699951171875,2730180000
2008-07-24,1816.97998046875,1816.97998046875,1854.969970703125,1816.8399658203125,1854.969970703125,2499920000
2008-07-25,1846.550048828125,1846.550048828125,1849.18994140625,1820.9000244140625,1829.9300537109375,2045130000
2008-07-28,1802.989990234375,1802.989990234375,1850.4599609375,1798.31005859375,1841.3199462890625,1931230000
2008-07-29,1845.550048828125,1845.550048828125,1851.31005859375,1812.969970703125,1813.300048828125,2274090000
2008-07-30,1852.800048828125,1852.800048828125,1862.969970703125,1825.6400146484375,1850.2900390625,2280940000
2008-07-31,1849.1500244140625,1849.1500244140625,1874.5400390625,1832.699951171875,1835.3499755859375,2316510000
2008-08-01,1826.56005859375,1826.56005859375,1849.2099609375,1806.4000244140625,1847.469970703125,2312140000
2008-08-04,1804.8399658203125,1804.8399658203125,1825.6800537109375,1802.0899658203125,1825.6800537109375,2010200000
2008-08-05,1869.760009765625,1869.760009765625,1869.760009765625,1823.969970703125,1825.8699951171875,2324730000
2008-08-06,1895.2099609375,1895.2099609375,1902.8699951171875,1853.4100341796875,1866.8599853515625,2228710000
2008-08-07,1880.0899658203125,1880.0899658203125,1904.1300048828125,1873.010009765625,1882.969970703125,2189120000
2008-08-08,1926.22998046875,1926.22998046875,1928.52001953125,1877.1300048828125,1880.4100341796875,2189630000
2008-08-11,1941.22998046875,1941.22998046875,1962.5400390625,1917.8499755859375,1921.760009765625,2272240000
2008-08-12,1941.0699462890625,1941.0699462890625,1957.4000244140625,1932.469970703125,1938.989990234375,2052610000
2008-08-13,1942.02001953125,1942.02001953125,1955.5400390625,1920.77001953125,1938.06005859375,1995490000
2008-08-14,1964.3800048828125,1964.3800048828125,1969.3699951171875,1930.3800048828125,1930.81005859375,1835830000
2008-08-15,1957.56005859375,1957.56005859375,1973.56005859375,1950.1099853515625,1967.489990234375,1742180000
2008-08-18,1932.699951171875,1932.699951171875,1963.510009765625,1920.989990234375,1962.1700439453125,1632610000
2008-08-19,1908.6800537109375,1908.6800537109375,1933.1300048828125,1900.4100341796875,1924.6099853515625,1716280000
2008-08-20,1913.02001953125,1913.02001953125,1932.4200439453125,1900.02001953125,1921.75,1746470000
2008-08-21,1906.739990234375,1906.739990234375,1913.3900146484375,1886.239990234375,1900.1099853515625,1562430000
2008-08-22,1931.469970703125,1931.469970703125,1937.760009765625,1915.3599853515625,1915.77001953125,1365910000
2008-08-25,1889.719970703125,1889.719970703125,1918.800048828125,1885.68994140625,1918.449951171875,2366920000
2008-08-26,1886.3199462890625,1886.3199462890625,1901.0899658203125,1874.81005859375,1889.8699951171875,1256980000
2008-08-27,1900.300048828125,1900.300048828125,1913.530029296875,1881.5400390625,1887.0799560546875,1540700000
2008-08-28,1915.1199951171875,1915.1199951171875,1921.18994140625,1904.199951171875,1906.0899658203125,1582680000
2008-08-29,1872.5400390625,1872.5400390625,1899.56005859375,1866.81005859375,1895.780029296875,1559030000
2008-09-02,1850.1400146484375,1850.1400146484375,1912.719970703125,1843.0699462890625,1904.2099609375,2010580000
2008-09-03,1833.0899658203125,1833.0899658203125,1854.4200439453125,1820.47998046875,1847.5400390625,2062140000
2008-09-04,1774.780029296875,1774.780029296875,1824.6099853515625,1774.780029296875,1819.510009765625,2332320000
2008-09-05,1768.22998046875,1768.22998046875,1778.8800048828125,1740.43994140625,1758.52001953125,2261030000
2008-09-08,1762.949951171875,1762.949951171875,1796.8199462890625,1734.9300537109375,1794.0799560546875,2566300000
2008-09-09,1721.550048828125,1721.550048828125,1779.3199462890625,1721.550048828125,1765.030029296875,2590590000
2008-09-10,1738.0699462890625,1738.0699462890625,1754.2099609375,1725.760009765625,1739.699951171875,2250360000
2008-09-11,1773.6500244140625,1773.6500244140625,1774.4100341796875,1713.8599853515625,1714.760009765625,2269670000
2008-09-12,1767.1300048828125,1767.1300048828125,1775.469970703125,1743.7099609375,1756.1400146484375,1973590000
2008-09-15,1705.4599609375,1705.4599609375,1757.5699462890625,1705.4599609375,1721.780029296875,2697820000
2008-09-16,1724.0799560546875,1724.0799560546875,1739.1600341796875,1683.3399658203125,1686.72998046875,3187630000
2008-09-17,1632.449951171875,1632.449951171875,1708.199951171875,1632.449951171875,1701.800048828125,3102010000
2008-09-18,1697.4200439453125,1697.4200439453125,1704.219970703125,1606.300048828125,1668.3299560546875,3867290000
2008-09-19,1745.06005859375,1745.06005859375,1773.8299560546875,1718.22998046875,1760.300048828125,3898230000
2008-09-22,1665.93994140625,1665.93994140625,1743.3399658203125,1665.4100341796875,1742.52001953125,1881160000
2008-09-23,1648.4000244140625,1648.4000244140625,1696.6199951171875,1645.5799560546875,1678.93994140625,1974180000
2008-09-24,1661.3299560546875,1661.3299560546875,1677.8599853515625,1648.6500244140625,1657.5999755859375,1818170000
2008-09-25,1687.550048828125,1687.550048828125,1708.43994140625,1668.7099609375,1675.449951171875,1846330000
2008-09-26,1672.0400390625,1672.0400390625,1677.6500244140625,1635.5400390625,1642.6500244140625,1949200000
2008-09-29,1496.1500244140625,1496.1500244140625,1643.219970703125,1496.1500244140625,1638.3800048828125,2808100000
2008-09-30,1594.6300048828125,1594.6300048828125,1597.72998046875,1529.969970703125,1540.510009765625,2376240000
2008-10-01,1563.800048828125,1563.800048828125,1584.260009765625,1547.989990234375,1581.06005859375,1899330000
2008-10-02,1491.1099853515625,1491.1099853515625,1554.22998046875,1490.719970703125,1547.1300048828125,2173750000
2008-10-03,1470.8399658203125,1470.8399658203125,1551.5799560546875,1469.0,1516.050048828125,2501480000
2008-10-06,1411.280029296875,1411.280029296875,1440.18994140625,1339.1700439453125,1431.010009765625,3502250000
2008-10-07,1329.97998046875,1329.97998046875,1433.1199951171875,1329.97998046875,1416.280029296875,2825810000
2008-10-08,1330.6099853515625,1330.6099853515625,1386.3399658203125,1295.97998046875,1298.6300048828125,3516070000
2008-10-09,1275.0999755859375,1275.0999755859375,1369.77001953125,1261.5400390625,1349.550048828125,2622310000
2008-10-10,1269.800048828125,1269.800048828125,1317.47998046875,1196.1099853515625,1234.9000244140625,4164090000
2008-10-13,1429.5400390625,1429.5400390625,1429.5400390625,1318.8599853515625,1338.5999755859375,2665690000
2008-10-14,1364.5899658203125,1364.5899658203125,1470.989990234375,1350.6400146484375,1470.8499755859375,2912850000
2008-10-15,1244.22998046875,1244.22998046875,1356.1500244140625,1244.22998046875,1351.3800048828125,2540180000
2008-10-16,1312.969970703125,1312.969970703125,1312.969970703125,1192.25,1256.2099609375,3331040000
2008-10-17,1311.719970703125,1311.719970703125,1367.8900146484375,1278.949951171875,1291.5799560546875,2711030000
2008-10-20,1352.760009765625,1352.760009765625,1352.760009765625,1289.969970703125,1329.6800537109375,2021750000
2008-10-21,1283.4300537109375,1283.4300537109375,1351.6099853515625,1281.72998046875,1329.6800537109375,2099810000
2008-10-22,1237.0899658203125,1237.0899658203125,1284.8499755859375,1209.8399658203125,1272.8699951171875,2560810000
2008-10-23,1239.1600341796875,1239.1600341796875,1264.0400390625,1177.1700439453125,1240.1800537109375,3104700000
2008-10-24,1202.27001953125,1202.27001953125,1229.0,1149.1199951171875,1149.1199951171875,2691940000
2008-10-27,1169.780029296875,1169.780029296875,1227.4599609375,1167.699951171875,1182.6199951171875,2224430000
2008-10-28,1297.5699462890625,1297.5699462890625,1297.5699462890625,1174.5899658203125,1210.030029296875,2777540000
2008-10-29,1302.1199951171875,1302.1199951171875,1343.8399658203125,1272.18994140625,1292.2900390625,2748720000
2008-10-30,1333.93994140625,1333.93994140625,1344.2099609375,1301.0,1333.27001953125,2504420000
2008-10-31,1334.780029296875,1334.780029296875,1358.75,1306.02001953125,1318.3900146484375,2437120000
2008-11-03,1334.75,1334.75,1346.8499755859375,1322.4300537109375,1333.18994140625,1770880000
2008-11-04,1378.4000244140625,1378.4000244140625,1382.6500244140625,1342.300048828125,1363.300048828125,2306350000
2008-11-05,1299.97998046875,1299.97998046875,1365.280029296875,1298.5699462890625,1359.8199462890625,2092410000
2008-11-06,1241.969970703125,1241.969970703125,1294.72998046875,1235.8499755859375,1278.050048828125,2367880000
2008-11-07,1271.6199951171875,1271.6199951171875,1279.4200439453125,1244.18994140625,1258.4300537109375,1886230000
2008-11-10,1251.0,1251.0,1298.0899658203125,1237.1199951171875,1297.969970703125,1674900000
2008-11-11,1225.5899658203125,1225.5899658203125,1249.3499755859375,1208.989990234375,1236.449951171875,1909080000
2008-11-12,1165.3800048828125,1165.3800048828125,1210.97998046875,1164.9300537109375,1204.1600341796875,2120870000
2008-11-13,1240.9300537109375,1240.9300537109375,1240.9300537109375,1109.8900146484375,1167.8299560546875,3009550000
2008-11-14,1179.6300048828125,1179.6300048828125,1235.9000244140625,1176.280029296875,1209.5999755859375,2243750000
2008-11-17,1151.9599609375,1151.9599609375,1187.97998046875,1149.199951171875,1157.5400390625,1831540000
2008-11-18,1155.75,1155.75,1167.22998046875,1113.25,1158.0799560546875,2349230000
2008-11-19,1087.5999755859375,1087.5999755859375,1168.530029296875,1087.5999755859375,1154.1600341796875,2372880000
2008-11-20,1036.510009765625,1036.510009765625,1114.97998046875,1035.25,1076.5,3147650000
2008-11-21,1085.5699462890625,1085.5699462890625,1085.5699462890625,1018.8599853515625,1059.68994140625,3071280000
2008-11-24,1154.3399658203125,1154.3399658203125,1163.050048828125,1096.550048828125,1106.02001953125,2553620000
2008-11-25,1142.5799560546875,1142.5799560546875,1164.5999755859375,1118.280029296875,1164.3599853515625,2457510000
2008-11-26,1193.0899658203125,1193.0899658203125,1193.0899658203125,1126.949951171875,1126.949951171875,1980020000
2008-11-28,1185.75,1185.75,1185.989990234375,1171.8199462890625,1181.4300537109375,787580000
2008-12-01,1091.1600341796875,1091.1600341796875,1185.75,1091.1600341796875,1185.75,1904470000
2008-12-02,1130.0,1130.0,1132.9300537109375,1091.0400390625,1109.989990234375,2056730000
2008-12-03,1166.199951171875,1166.199951171875,1166.199951171875,1101.6300048828125,1103.93994140625,2240150000
2008-12-04,1127.75,1127.75,1168.6500244140625,1110.6600341796875,1144.300048828125,2020110000
2008-12-05,1177.8699951171875,1177.8699951171875,1180.0899658203125,1096.0899658203125,1113.449951171875,2177720000
2008-12-08,1225.06005859375,1225.06005859375,1237.1800537109375,1196.9100341796875,1202.780029296875,2290810000
2008-12-09,1212.449951171875,1212.449951171875,1251.56005859375,1202.1400146484375,1204.719970703125,2246470000
2008-12-10,1222.3800048828125,1222.3800048828125,1236.530029296875,1203.719970703125,1223.47998046875,1955600000
2008-12-11,1180.4599609375,1180.4599609375,1229.02001953125,1176.1099853515625,1210.8399658203125,2018190000
2008-12-12,1206.6500244140625,1206.6500244140625,1212.0,1157.1500244140625,1161.5899658203125,1869900000
2008-12-15,1181.8699951171875,1181.8699951171875,1206.8800048828125,1167.449951171875,1206.8800048828125,1677890000
2008-12-16,1243.489990234375,1243.489990234375,1244.81005859375,1194.6300048828125,1194.8199462890625,2180960000
2008-12-17,1225.8599853515625,1225.8599853515625,1242.1800537109375,1211.4599609375,1225.6800537109375,2111370000
2008-12-18,1204.68994140625,1204.68994140625,1234.1400146484375,1192.699951171875,1227.31005859375,2092320000
2008-12-19,1217.18994140625,1217.18994140625,1235.239990234375,1210.9100341796875,1219.6500244140625,2651440000
2008-12-22,1189.1500244140625,1189.1500244140625,1214.550048828125,1169.22998046875,1212.31005859375,1629320000
2008-12-23,1183.18994140625,1183.18994140625,1204.6099853515625,1175.8399658203125,1194.6400146484375,1331050000
2008-12-24,1184.300048828125,1184.300048828125,1187.97998046875,1179.2900390625,1186.6199951171875,490990000
2008-12-26,1185.43994140625,1185.43994140625,1190.530029296875,1178.6800537109375,1189.5699462890625,592760000
2008-12-29,1173.1500244140625,1173.1500244140625,1188.050048828125,1158.0699462890625,1185.9599609375,1186240000
2008-12-30,1201.3399658203125,1201.3399658203125,1203.4100341796875,1177.9200439453125,1182.1500244140625,1374180000
2008-12-31,1211.6500244140625,1211.6500244140625,1223.4599609375,1199.530029296875,1202.260009765625,1521220000
2009-01-02,1263.699951171875,1263.699951171875,1266.449951171875,1208.9100341796875,1212.739990234375,1438410000
2009-01-05,1262.52001953125,1262.52001953125,1274.1099853515625,1244.8900146484375,1254.699951171875,1816580000
2009-01-06,1274.489990234375,1274.489990234375,1286.0799560546875,1265.530029296875,1274.3599853515625,2137640000
2009-01-07,1238.5999755859375,1238.5999755859375,1256.3399658203125,1228.3199462890625,1249.97998046875,2020170000
2009-01-08,1252.52001953125,1252.52001953125,1252.52001953125,1223.81005859375,1231.75,1968160000
2009-01-09,1223.010009765625,1223.010009765625,1252.949951171875,1217.5899658203125,1252.5999755859375,1907390000
2009-01-12,1201.1300048828125,1201.1300048828125,1225.780029296875,1188.2099609375,1225.1199951171875,1763590000
2009-01-13,1202.6500244140625,1202.6500244140625,1219.050048828125,1186.949951171875,1200.9200439453125,1965570000
2009-01-14,1163.4200439453125,1163.4200439453125,1190.4200439453125,1157.8900146484375,1183.7900390625,1919980000
2009-01-15,1183.52001953125,1183.52001953125,1192.449951171875,1141.739990234375,1159.93994140625,2507870000
2009-01-16,1198.1400146484375,1198.1400146484375,1202.81005859375,1167.3399658203125,1199.199951171875,2235070000
2009-01-20,1136.6099853515625,1136.6099853515625,1195.8900146484375,1136.6099853515625,1193.97998046875,1989610000
2009-01-21,1185.760009765625,1185.760009765625,1186.4300537109375,1142.3299560546875,1156.6500244140625,2120080000
2009-01-22,1168.0799560546875,1168.0799560546875,1187.7099609375,1149.31005859375,1161.949951171875,2286190000
2009-01-23,1175.8900146484375,1175.8900146484375,1192.6400146484375,1144.4100341796875,1148.6099853515625,2210840000
2009-01-26,1184.56005859375,1184.56005859375,1202.93994140625,1169.2099609375,1177.43994140625,1815400000
2009-01-27,1194.4100341796875,1194.4100341796875,1202.050048828125,1184.4200439453125,1185.81005859375,1784110000
2009-01-28,1235.9100341796875,1235.9100341796875,1245.97998046875,1213.239990234375,1213.8399658203125,2122250000
2009-01-29,1203.8499755859375,1203.8499755859375,1220.719970703125,1198.760009765625,1217.75,1932100000
2009-01-30,1180.25,1180.25,1216.4599609375,1176.8199462890625,1212.31005859375,2054590000
2009-02-02,1195.75,1195.75,1203.530029296875,1167.489990234375,1168.1300048828125,1987080000
2009-02-03,1215.6600341796875,1215.6600341796875,1218.9100341796875,1180.25,1198.7900390625,2049840000
2009-02-04,1215.4300537109375,1215.4300537109375,1243.6800537109375,1210.97998046875,1215.6400146484375,2197050000
2009-02-05,1245.1099853515625,1245.1099853515625,1250.1400146484375,1199.530029296875,1200.260009765625,2511750000
2009-02-06,1277.489990234375,1277.489990234375,1280.4000244140625,1243.8599853515625,1244.4300537109375,2389530000
2009-02-09,1281.6500244140625,1281.6500244140625,1286.81005859375,1267.8599853515625,1276.719970703125,1906940000
2009-02-10,1229.2900390625,1229.2900390625,1286.9000244140625,1223.5400390625,1269.47998046875,2443370000
2009-02-11,1227.050048828125,1227.050048828125,1239.9200439453125,1208.530029296875,1231.6199951171875,2236450000
2009-02-12,1242.81005859375,1242.81005859375,1243.5899658203125,1204.3800048828125,1212.02001953125,2428250000
2009-02-13,1236.8499755859375,1236.8499755859375,1250.1099853515625,1231.6300048828125,1240.81005859375,1990190000
2009-02-17,1187.0400390625,1187.0400390625,1204.5400390625,1180.4300537109375,1197.5899658203125,2335370000
2009-02-18,1188.77001953125,1188.77001953125,1204.56005859375,1172.93994140625,1193.8900146484375,2029710000
2009-02-19,1167.8900146484375,1167.8900146484375,1201.93994140625,1166.52001953125,1194.31005859375,1991000000
2009-02-20,1172.7099609375,1172.7099609375,1183.3599853515625,1153.1800537109375,1157.1400146484375,2526040000
2009-02-23,1128.969970703125,1128.969970703125,1180.0999755859375,1126.5799560546875,1180.0999755859375,1977740000
2009-02-24,1171.449951171875,1171.449951171875,1176.56005859375,1136.1400146484375,1138.7099609375,2339660000
2009-02-25,1160.8299560546875,1160.8299560546875,1183.9300537109375,1142.8299560546875,1158.9100341796875,2345380000
2009-02-26,1127.0999755859375,1127.0999755859375,1174.77001953125,1127.0999755859375,1168.1199951171875,2301990000
2009-02-27,1116.989990234375,1116.989990234375,1135.449951171875,1112.1199951171875,1116.780029296875,2393280000
2009-03-02,1076.6700439453125,1076.6700439453125,1116.219970703125,1074.7900390625,1098.989990234375,2033110000
2009-03-03,1080.6700439453125,1080.6700439453125,1102.0999755859375,1072.4200439453125,1092.4200439453125,2338880000
2009-03-04,1110.300048828125,1110.300048828125,1124.6700439453125,1093.4200439453125,1096.199951171875,2305180000
2009-03-05,1074.52001953125,1074.52001953125,1105.530029296875,1072.510009765625,1094.0799560546875,2325840000
2009-03-06,1064.699951171875,1064.699951171875,1088.0400390625,1043.5999755859375,1082.530029296875,2443820000
2009-03-09,1043.8699951171875,1043.8699951171875,1087.4000244140625,1040.4100341796875,1058.8499755859375,2037130000
2009-03-10,1112.43994140625,1112.43994140625,1112.43994140625,1060.4200439453125,1060.4200439453125,2359730000
2009-03-11,1125.949951171875,1125.949951171875,1135.4000244140625,1106.719970703125,1118.3499755859375,2169050000
2009-03-12,1164.7099609375,1164.7099609375,1167.18994140625,1113.6700439453125,1121.9100341796875,2392770000
2009-03-13,1168.52001953125,1168.52001953125,1170.47998046875,1149.5899658203125,1162.8800048828125,2022170000
2009-03-16,1145.449951171875,1145.449951171875,1177.3299560546875,1144.2099609375,1177.3299560546875,2099460000
2009-03-17,1192.1700439453125,1192.1700439453125,1192.1700439453125,1148.800048828125,1151.8299560546875,2073230000
2009-03-18,1206.9599609375,1206.9599609375,1225.1600341796875,1180.3399658203125,1185.1800537109375,2764950000
2009-03-19,1204.2099609375,1204.2099609375,1220.47998046875,1196.199951171875,1220.47998046875,2323510000
2009-03-20,1187.1800537109375,1187.1800537109375,1220.5,1178.52001953125,1207.47998046875,2394470000
2009-03-23,1259.81005859375,1259.81005859375,1259.81005859375,1203.8499755859375,1213.1199951171875,2172590000
2009-03-24,1234.3399658203125,1234.3399658203125,1255.0999755859375,1232.739990234375,1245.6500244140625,2009530000
2009-03-25,1236.6600341796875,1236.6600341796875,1261.4100341796875,1206.52001953125,1243.43994140625,2431180000
2009-03-26,1281.300048828125,1281.300048828125,1281.300048828125,1250.1400146484375,1254.0899658203125,2535050000
2009-03-27,1251.469970703125,1251.469970703125,1267.27001953125,1248.8699951171875,1263.6199951171875,2071670000
2009-03-30,1220.81005859375,1220.81005859375,1231.47998046875,1204.9599609375,1230.8900146484375,2020200000
2009-03-31,1237.010009765625,1237.010009765625,1258.0799560546875,1231.52001953125,1232.5899658203125,2157410000
2009-04-01,1252.510009765625,1252.510009765625,1255.030029296875,1211.5999755859375,1215.9000244140625,2256580000
2009-04-02,1294.300048828125,1294.300048828125,1311.6700439453125,1269.9100341796875,1274.4100341796875,2833600000
2009-04-03,1316.1600341796875,1316.1600341796875,1316.7099609375,1294.1600341796875,1306.5,2113380000
2009-04-06,1313.0999755859375,1313.0999755859375,1313.949951171875,1286.949951171875,1301.4300537109375,1998090000
2009-04-07,1275.4200439453125,1275.4200439453125,1296.3499755859375,1268.7900390625,1296.199951171875,1854700000
2009-04-08,1300.75,1300.75,1306.5,1280.2900390625,1289.699951171875,1837900000
2009-04-09,1340.280029296875,1340.280029296875,1341.77001953125,1319.280029296875,1322.22998046875,2165450000
2009-04-13,1336.6700439453125,1336.6700439453125,1344.47998046875,1322.93994140625,1333.719970703125,1824530000
2009-04-14,1322.31005859375,1322.31005859375,1336.3499755859375,1312.3699951171875,1325.72998046875,2253650000
2009-04-15,1316.510009765625,1316.510009765625,1317.9300537109375,1295.0999755859375,1311.1500244140625,2042600000
2009-04-16,1352.97998046875,1352.97998046875,1358.7099609375,1322.219970703125,1334.02001953125,2390620000
2009-04-17,1353.9200439453125,1353.9200439453125,1361.6800537109375,1339.1300048828125,1347.3699951171875,2418440000
2009-04-20,1309.3699951171875,1309.3699951171875,1333.719970703125,1303.8499755859375,1330.1800537109375,3061850000
2009-04-21,1329.06005859375,1329.06005859375,1330.6700439453125,1303.72998046875,1303.8699951171875,2422990000
2009-04-22,1335.719970703125,1335.719970703125,1362.8399658203125,1317.510009765625,1322.0999755859375,2657480000
2009-04-23,1344.4100341796875,1344.4100341796875,1345.6700439453125,1321.4200439453125,1340.77001953125,2463500000
2009-04-24,1373.280029296875,1373.280029296875,1379.3800048828125,1345.030029296875,1352.550048828125,2547150000
2009-04-27,1369.93994140625,1369.93994140625,1384.8499755859375,1357.3900146484375,1359.8800048828125,2203700000
2009-04-28,1361.9200439453125,1361.9200439453125,1378.56005859375,1355.989990234375,1362.93994140625,2080410000
2009-04-29,1382.3800048828125,1382.3800048828125,1398.3599853515625,1370.52001953125,1373.300048828125,2385720000
2009-04-30,1394.3299560546875,1394.3299560546875,1418.77001953125,1384.3699951171875,1398.43994140625,2871300000
2009-05-01,1396.6199951171875,1396.6199951171875,1403.8900146484375,1382.9000244140625,1396.219970703125,2165930000
2009-05-04,1427.9599609375,1427.9599609375,1428.02001953125,1403.469970703125,1407.6500244140625,2524800000
2009-05-05,1423.81005859375,1423.81005859375,1425.050048828125,1408.2900390625,1423.8800048828125,2538290000
2009-05-06,1423.8499755859375,1423.8499755859375,1435.800048828125,1401.0999755859375,1433.5799560546875,2966510000
2009-05-07,1389.8299560546875,1389.8299560546875,1431.3599853515625,1377.550048828125,1429.969970703125,3299360000
2009-05-08,1394.1600341796875,1394.1600341796875,1411.27001953125,1377.06005859375,1399.2099609375,3206310000
2009-05-11,1395.7900390625,1395.7900390625,1410.4300537109375,1369.3599853515625,1375.050048828125,2543450000
2009-05-12,1377.4000244140625,1377.4000244140625,1402.1400146484375,1362.0799560546875,1402.1400146484375,2475150000
2009-05-13,1339.8299560546875,1339.8299560546875,1365.3299560546875,1339.8199462890625,1364.4300537109375,2356410000
2009-05-14,1359.6700439453125,1359.6700439453125,1369.31005859375,1344.77001953125,1348.3299560546875,2162620000
2009-05-15,1355.1099853515625,1355.1099853515625,1374.0999755859375,1351.1300048828125,1355.550048828125,2057500000
2009-05-18,1392.72998046875,1392.72998046875,1392.72998046875,1357.4200439453125,1367.050048828125,2023250000
2009-05-19,1398.050048828125,1398.050048828125,1410.739990234375,1379.8800048828125,1387.199951171875,2076390000
2009-05-20,1393.719970703125,1393.719970703125,1423.1300048828125,1388.81005859375,1401.3699951171875,2261780000
2009-05-21,1367.3900146484375,1367.3900146484375,1391.0,1353.530029296875,1378.8299560546875,2206610000
2009-05-22,1363.1700439453125,1363.1700439453125,1379.8800048828125,1353.5899658203125,1371.760009765625,1619520000
2009-05-26,1412.6099853515625,1412.6099853515625,1414.43994140625,1350.949951171875,1351.1300048828125,2095650000
2009-05-27,1401.8800048828125,1401.8800048828125,1428.81005859375,1398.4200439453125,1408.5899658203125,2118100000
2009-05-28,1420.31005859375,1420.31005859375,1423.81005859375,1389.760009765625,1411.4200439453125,2189090000
2009-05-29,1435.5699462890625,1435.5699462890625,1435.5699462890625,1411.6800537109375,1421.1099853515625,2465310000
2009-06-01,1477.1199951171875,1477.1199951171875,1482.18994140625,1446.969970703125,1451.3699951171875,2600340000
2009-06-02,1480.31005859375,1480.31005859375,1493.800048828125,1466.280029296875,1470.300048828125,2611690000
2009-06-03,1475.43994140625,1475.43994140625,1476.97998046875,1459.5899658203125,1472.25,2246950000
2009-06-04,1492.739990234375,1492.739990234375,1493.6600341796875,1476.280029296875,1476.280029296875,2468840000
2009-06-05,1493.2099609375,1493.2099609375,1505.77001953125,1479.219970703125,1503.780029296875,2310590000
2009-06-08,1488.489990234375,1488.489990234375,1499.9599609375,1467.1300048828125,1482.2099609375,1972980000
2009-06-09,1501.550048828125,1501.550048828125,1509.5699462890625,1489.219970703125,1495.0400390625,2140370000
2009-06-10,1495.27001953125,1495.27001953125,1509.4300537109375,1473.8800048828125,1509.4300537109375,2347870000
2009-06-11,1497.010009765625,1497.010009765625,1511.93994140625,1493.1600341796875,1494.0699462890625,2463860000
2009-06-12,1489.969970703125,1489.969970703125,1489.969970703125,1470.199951171875,1488.72998046875,2013560000
2009-06-15,1456.9599609375,1456.9599609375,1473.0699462890625,1445.300048828125,1472.77001953125,2154700000
2009-06-16,1443.25,1443.25,1469.1600341796875,1442.81005859375,1463.4599609375,2227700000
2009-06-17,1455.8900146484375,1455.8900146484375,1470.1099853515625,1439.3800048828125,1449.0,2523180000
2009-06-18,1453.800048828125,1453.800048828125,1464.0400390625,1445.31005859375,1456.1400146484375,2067830000
2009-06-19,1471.22998046875,1471.22998046875,1477.949951171875,1460.449951171875,1465.8800048828125,2864420000
2009-06-22,1426.6099853515625,1426.6099853515625,1459.0999755859375,1423.81005859375,1455.780029296875,2318970000
2009-06-23,1424.4599609375,1424.4599609375,1432.9200439453125,1413.5400390625,1427.6800537109375,2152480000
2009-06-24,1447.06005859375,1447.06005859375,1458.22998046875,1435.280029296875,1436.5899658203125,2150570000
2009-06-25,1475.8199462890625,1475.8199462890625,1477.969970703125,1434.969970703125,1438.75,2227980000
2009-06-26,1480.199951171875,1480.199951171875,1483.5699462890625,1466.239990234375,1467.3800048828125,3989940000
2009-06-29,1483.8299560546875,1483.8299560546875,1493.5699462890625,1468.97998046875,1483.6600341796875,1981450000
2009-06-30,1477.25,1477.25,1493.3699951171875,1468.1099853515625,1484.8199462890625,2044980000
2009-07-01,1481.3399658203125,1481.3399658203125,1497.7099609375,1479.6700439453125,1486.5,1971050000
2009-07-02,1446.280029296875,1446.280029296875,1465.1800537109375,1443.75,1464.6600341796875,1923070000
2009-07-06,1441.010009765625,1441.010009765625,1444.300048828125,1424.6099853515625,1435.4000244140625,1970530000
2009-07-07,1404.780029296875,1404.780029296875,1443.06005859375,1403.5999755859375,1440.8299560546875,2027240000
2009-07-08,1411.530029296875,1411.530029296875,1417.3499755859375,1394.8699951171875,1412.5400390625,2467520000
2009-07-09,1414.97998046875,1414.97998046875,1423.43994140625,1409.1300048828125,1417.0,1868280000
2009-07-10,1419.8399658203125,1419.8399658203125,1427.9000244140625,1405.5799560546875,1409.550048828125,1658010000
2009-07-13,1447.699951171875,1447.699951171875,1447.699951171875,1402.18994140625,1423.199951171875,1899410000
2009-07-14,1452.8399658203125,1452.8399658203125,1455.0,1439.5699462890625,1444.5899658203125,1856910000
2009-07-15,1500.97998046875,1500.97998046875,1501.4100341796875,1470.0899658203125,1473.5899658203125,2543340000
2009-07-16,1518.8699951171875,1518.8699951171875,1521.6700439453125,1494.5699462890625,1495.4000244140625,2072730000
2009-07-17,1527.260009765625,1527.260009765625,1527.260009765625,1511.6099853515625,1516.77001953125,1876760000
2009-07-20,1544.0,1544.0,1545.02001953125,1529.449951171875,1534.3900146484375,2046350000
2009-07-21,1553.010009765625,1553.010009765625,1553.010009765625,1530.800048828125,1548.9000244140625,2205230000
2009-07-22,1565.0,1565.0,1572.47998046875,1551.1600341796875,1552.6300048828125,2306340000
2009-07-23,1601.52001953125,1601.52001953125,1605.0899658203125,1561.5400390625,1561.5999755859375,3021430000
2009-07-24,1599.06005859375,1599.06005859375,1600.030029296875,1576.510009765625,1579.25,2232920000
2009-07-27,1599.31005859375,1599.31005859375,1602.280029296875,1580.52001953125,1597.02001953125,2141690000
2009-07-28,1605.469970703125,1605.469970703125,1609.1700439453125,1583.27001953125,1590.77001953125,2206850000
2009-07-29,1599.6099853515625,1599.6099853515625,1602.489990234375,1586.0400390625,1596.81005859375,2072650000
2009-07-30,1609.8699951171875,1609.8699951171875,1632.969970703125,1606.719970703125,1614.1099853515625,2525670000
2009-07-31,1603.3599853515625,1603.3599853515625,1619.6700439453125,1602.25,1608.260009765625,2190380000
2009-08-03,1628.1199951171875,1628.1199951171875,1628.300048828125,1611.5999755859375,1619.239990234375,2155720000
2009-08-04,1628.489990234375,1628.489990234375,1633.1600341796875,1616.5400390625,1619.0899658203125,2235010000
2009-08-05,1614.43994140625,1614.43994140625,1631.75,1604.0899658203125,1631.75,2353550000
2009-08-06,1600.2900390625,1600.2900390625,1623.25,1595.3599853515625,1618.010009765625,2408400000
2009-08-07,1619.489990234375,1619.489990234375,1628.43994140625,1609.5400390625,1620.739990234375,2323980000
2009-08-10,1610.4300537109375,1610.4300537109375,1619.02001953125,1599.4599609375,1612.72998046875,1844700000
2009-08-11,1594.68994140625,1594.68994140625,1605.800048828125,1587.4000244140625,1603.6800537109375,1915530000
2009-08-12,1619.5899658203125,1619.5899658203125,1634.1199951171875,1594.760009765625,1595.260009765625,2140190000
2009-08-13,1628.6500244140625,1628.6500244140625,1632.199951171875,1611.239990234375,1628.3699951171875,2084370000
2009-08-14,1611.5799560546875,1611.5799560546875,1624.469970703125,1596.949951171875,1623.489990234375,1923410000
2009-08-17,1564.8900146484375,1564.8900146484375,1583.2900390625,1563.1400146484375,1583.2900390625,1924190000
2009-08-18,1586.5,1586.5,1588.8900146484375,1569.219970703125,1573.3199462890625,1749420000
2009-08-19,1596.6099853515625,1596.6099853515625,1600.22998046875,1566.43994140625,1568.4100341796875,1977750000
2009-08-20,1614.219970703125,1614.219970703125,1618.1199951171875,1593.1199951171875,1594.5799560546875,1958470000
2009-08-21,1637.780029296875,1637.780029296875,1639.22998046875,1615.1199951171875,1620.469970703125,2259140000
2009-08-24,1634.780029296875,1634.780029296875,1648.1800537109375,1629.77001953125,1641.449951171875,2046370000
2009-08-25,1639.9000244140625,1639.9000244140625,1655.25,1635.3800048828125,1640.4200439453125,1936980000
2009-08-26,1637.0,1637.0,1648.77001953125,1628.4100341796875,1636.8199462890625,2037560000
2009-08-27,1640.969970703125,1640.969970703125,1643.1800537109375,1611.72998046875,1636.1300048828125,2140540000
2009-08-28,1643.239990234375,1643.239990234375,1668.010009765625,1631.469970703125,1661.489990234375,2340180000
2009-08-31,1625.18994140625,1625.18994140625,1632.0699462890625,1616.52001953125,1628.2099609375,2256210000
2009-09-01,1595.8399658203125,1595.8399658203125,1648.27001953125,1591.010009765625,1620.0899658203125,2778570000
2009-09-02,1594.280029296875,1594.280029296875,1602.9000244140625,1586.550048828125,1588.0899658203125,1974330000
2009-09-03,1605.97998046875,1605.97998046875,1607.1500244140625,1585.56005859375,1601.1600341796875,1853450000
2009-09-04,1638.0699462890625,1638.0699462890625,1639.9000244140625,1606.469970703125,1609.6300048828125,1722150000
2009-09-08,1654.81005859375,1654.81005859375,1655.6199951171875,1643.43994140625,1651.6400146484375,2037180000
2009-09-09,1669.22998046875,1669.22998046875,1676.25,1648.9200439453125,1655.9200439453125,2493930000
2009-09-10,1686.1600341796875,1686.1600341796875,1686.27001953125,1665.489990234375,1668.6400146484375,2451330000
2009-09-11,1685.4599609375,1685.4599609375,1689.6800537109375,1674.1400146484375,1684.8399658203125,2318050000
2009-09-14,1693.760009765625,1693.760009765625,1693.760009765625,1673.1300048828125,1673.550048828125,2157600000
2009-09-15,1699.530029296875,1699.530029296875,1703.4599609375,1688.4599609375,1691.280029296875,2372990000
2009-09-16,1723.72998046875,1723.72998046875,1724.6700439453125,1699.739990234375,1705.969970703125,2707080000
2009-09-17,1721.0899658203125,1721.0899658203125,1732.4200439453125,1714.3299560546875,1721.5799560546875,2615780000
2009-09-18,1725.239990234375,1725.239990234375,1731.8699951171875,1716.449951171875,1728.9100341796875,3023010000
2009-09-21,1731.5799560546875,1731.5799560546875,1735.3199462890625,1714.0999755859375,1717.3699951171875,2408860000
2009-09-22,1734.0899658203125,1734.0899658203125,1740.1300048828125,1727.5,1740.1300048828125,2490480000
2009-09-23,1724.27001953125,1724.27001953125,1754.5400390625,1722.989990234375,1739.9300537109375,2683250000
2009-09-24,1709.760009765625,1709.760009765625,1734.9200439453125,1698.68994140625,1732.949951171875,2607280000
2009-09-25,1694.1500244140625,1694.1500244140625,1710.2900390625,1690.6800537109375,1696.989990234375,2363930000
2009-09-28,1724.5899658203125,1724.5899658203125,1733.7900390625,1702.52001953125,1702.949951171875,1890030000
2009-09-29,1717.6700439453125,1717.6700439453125,1732.31005859375,1709.280029296875,1724.199951171875,2062970000
2009-09-30,1718.989990234375,1718.989990234375,1731.43994140625,1691.760009765625,1723.9100341796875,2640660000
2009-10-01,1666.4100341796875,1666.4100341796875,1711.699951171875,1666.4100341796875,1710.5,2708170000
2009-10-02,1662.489990234375,1662.489990234375,1676.219970703125,1656.5699462890625,1656.77001953125,2448110000
2009-10-05,1675.6400146484375,1675.6400146484375,1682.77001953125,1660.3699951171875,1668.699951171875,2156250000
2009-10-06,1705.25,1705.25,1712.5899658203125,1684.0799560546875,1684.75,2413450000
2009-10-07,1710.449951171875,1710.449951171875,1710.449951171875,1698.6300048828125,1701.4000244140625,2220910000
2009-10-08,1717.7900390625,1717.7900390625,1732.1099853515625,1713.5999755859375,1720.9100341796875,2366950000
2009-10-09,1727.760009765625,1727.760009765625,1729.219970703125,1710.5799560546875,1713.469970703125,1936850000
2009-10-12,1729.6300048828125,1729.6300048828125,1742.1800537109375,1719.02001953125,1732.75,1784280000
2009-10-13,1730.27001953125,1730.27001953125,1737.3900146484375,1722.6800537109375,1729.1600341796875,2020110000
2009-10-14,1754.260009765625,1754.260009765625,1756.25,1742.25,1750.260009765625,2348620000
2009-10-15,1753.3599853515625,1753.3599853515625,1753.3599853515625,1742.8900146484375,1747.81005859375,2140090000
2009-10-16,1739.3199462890625,1739.3199462890625,1747.469970703125,1727.56005859375,1747.469970703125,2209950000
2009-10-19,1756.6800537109375,1756.6800537109375,1758.5,1732.02001953125,1741.4300537109375,1970440000
2009-10-20,1756.18994140625,1756.18994140625,1766.719970703125,1745.81005859375,1766.050048828125,2110580000
2009-10-21,1753.56005859375,1753.56005859375,1780.8299560546875,1750.9100341796875,1754.7099609375,2565680000
2009-10-22,1763.1500244140625,1763.1500244140625,1767.5799560546875,1739.5899658203125,1749.300048828125,2265230000
2009-10-23,1753.6300048828125,1753.6300048828125,1777.5699462890625,1749.030029296875,1774.050048828125,2441920000
2009-10-26,1746.75,1746.75,1778.47998046875,1739.9599609375,1756.5,2316210000
2009-10-27,1722.4599609375,1722.4599609375,1751.6500244140625,1715.1099853515625,1746.989990234375,2384620000
2009-10-28,1682.06005859375,1682.06005859375,1719.8199462890625,1679.3499755859375,1712.800048828125,2769570000
2009-10-29,1711.27001953125,1711.27001953125,1714.3599853515625,1688.6800537109375,1694.27001953125,2301370000
2009-10-30,1667.1300048828125,1667.1300048828125,1712.9300537109375,1663.93994140625,1707.9200439453125,2610280000
2009-11-02,1672.9100341796875,1672.9100341796875,1689.300048828125,1652.43994140625,1667.06005859375,2408320000
2009-11-03,1679.199951171875,1679.199951171875,1679.4200439453125,1660.0999755859375,1661.8499755859375,2061050000
2009-11-04,1680.6700439453125,1680.6700439453125,1701.469970703125,1678.1700439453125,1687.1199951171875,2217520000
2009-11-05,1721.0899658203125,1721.0899658203125,1722.9300537109375,1697.93994140625,1700.0699462890625,2209690000
2009-11-06,1730.760009765625,1730.760009765625,1733.219970703125,1709.43994140625,1709.8199462890625,1829150000
2009-11-09,1768.4000244140625,1768.4000244140625,1768.4100341796875,1742.969970703125,1743.550048828125,2004700000
2009-11-10,1773.1700439453125,1773.1700439453125,1777.8599853515625,1763.8900146484375,1765.52001953125,1997240000
2009-11-11,1782.949951171875,1782.949951171875,1793.52001953125,1772.469970703125,1784.9000244140625,1851790000
2009-11-12,1773.1400146484375,1773.1400146484375,1794.1199951171875,1769.6400146484375,1784.68994140625,2212370000
2009-11-13,1788.6099853515625,1788.6099853515625,1793.1700439453125,1773.2900390625,1780.0400390625,1876220000
2009-11-16,1807.56005859375,1807.56005859375,1814.25,1793.6300048828125,1794.8800048828125,2105020000
2009-11-17,1812.2099609375,1812.2099609375,1812.2099609375,1797.739990234375,1802.0400390625,1887240000
2009-11-18,1801.739990234375,1801.739990234375,1807.530029296875,1789.6600341796875,1807.1099853515625,1990220000
2009-11-19,1773.18994140625,1773.18994140625,1789.0,1761.1099853515625,1788.75,2208700000
2009-11-20,1764.3900146484375,1764.3900146484375,1768.3499755859375,1758.0,1760.5400390625,1962760000
2009-11-23,1792.93994140625,1792.93994140625,1801.219970703125,1782.9100341796875,1782.9200439453125,1840170000
2009-11-24,1786.25,1786.25,1792.1800537109375,1776.0999755859375,1791.5400390625,1858490000
2009-11-25,1793.6700439453125,1793.6700439453125,1795.27001953125,1786.8699951171875,1790.68994140625,1398610000
2009-11-27,1765.4599609375,1765.4599609375,1779.260009765625,1742.199951171875,1743.3900146484375,971990000
2009-11-30,1767.4300537109375,1767.4300537109375,1770.8699951171875,1750.8800048828125,1762.989990234375,1986050000
2009-12-01,1787.7099609375,1787.7099609375,1798.47998046875,1782.8499755859375,1782.8499755859375,2151300000
2009-12-02,1790.8199462890625,1790.8199462890625,1805.969970703125,1786.22998046875,1791.6099853515625,2068920000
2009-12-03,1782.9100341796875,1782.9100341796875,1806.3499755859375,1781.760009765625,1795.25,2001660000
2009-12-04,1791.9100341796875,1791.9100341796875,1815.5999755859375,1773.31005859375,1808.5999755859375,2305950000
2009-12-07,1783.6500244140625,1783.6500244140625,1797.6300048828125,1779.469970703125,1791.3499755859375,1878980000
2009-12-08,1772.72998046875,1772.72998046875,1786.0400390625,1760.8599853515625,1772.3900146484375,1981800000
2009-12-09,1789.699951171875,1789.699951171875,1791.1300048828125,1759.3399658203125,1770.050048828125,1906210000
2009-12-10,1799.3699951171875,1799.3699951171875,1808.22998046875,1797.030029296875,1799.8499755859375,1946370000
2009-12-11,1792.06005859375,1792.06005859375,1810.31005859375,1784.8199462890625,1808.8399658203125,1754430000
2009-12-14,1809.0899658203125,1809.0899658203125,1810.75,1794.300048828125,1802.280029296875,1841890000
2009-12-15,1798.2099609375,1798.2099609375,1813.3800048828125,1793.5999755859375,1801.5799560546875,1946960000
2009-12-16,1800.8199462890625,1800.8199462890625,1814.489990234375,1798.52001953125,1805.530029296875,2022440000
2009-12-17,1778.27001953125,1778.27001953125,1794.7900390625,1777.0799560546875,1791.4599609375,1904840000
2009-12-18,1807.3599853515625,1807.3599853515625,1808.260009765625,1790.1400146484375,1794.1199951171875,2848410000
2009-12-21,1828.7900390625,1828.7900390625,1835.0,1818.3900146484375,1818.3900146484375,1808830000
2009-12-22,1839.510009765625,1839.510009765625,1841.6400146484375,1832.0999755859375,1833.719970703125,1724200000
2009-12-23,1851.989990234375,1851.989990234375,1853.1500244140625,1839.1199951171875,1842.6500244140625,1582900000
2009-12-24,1869.8399658203125,1869.8399658203125,1869.9000244140625,1855.780029296875,1856.06005859375,632650000
2009-12-28,1878.1800537109375,1878.1800537109375,1882.5799560546875,1868.1400146484375,1874.7099609375,1232130000
2009-12-29,1872.02001953125,1872.02001953125,1881.06005859375,1871.1300048828125,1879.719970703125,1177710000
2009-12-30,1878.6500244140625,1878.6500244140625,1881.1500244140625,1869.5999755859375,1872.6300048828125,1312670000
2009-12-31,1860.31005859375,1860.31005859375,1882.4599609375,1860.31005859375,1881.7099609375,1237820000
2010-01-04,1886.699951171875,1886.699951171875,1890.02001953125,1881.6300048828125,1882.68994140625,1931380000
2010-01-05,1888.4300537109375,1888.4300537109375,1891.3299560546875,1877.52001953125,1887.280029296875,2367860000
2010-01-06,1878.4200439453125,1878.4200439453125,1893.2099609375,1873.9000244140625,1887.9100341796875,2253340000
2010-01-07,1876.719970703125,1876.719970703125,1881.3299560546875,1867.6199951171875,1878.1600341796875,2270050000
2010-01-08,1892.5899658203125,1892.5899658203125,1893.25,1868.550048828125,1870.9000244140625,2145390000
2010-01-11,1886.239990234375,1886.239990234375,1897.489990234375,1876.25,1896.050048828125,2077890000
2010-01-12,1861.7900390625,1861.7900390625,1876.3699951171875,1852.31005859375,1874.75,2368320000
2010-01-13,1886.1300048828125,1886.1300048828125,1890.81005859375,1855.27001953125,1868.199951171875,2318350000
2010-01-14,1886.52001953125,1886.52001953125,1891.72998046875,1880.3499755859375,1880.4599609375,2254170000
2010-01-15,1864.52001953125,1864.52001953125,1893.47998046875,1857.1099853515625,1887.31005859375,2637770000
2010-01-19,1895.47998046875,1895.47998046875,1896.5400390625,1868.8299560546875,1869.239990234375,2045290000
2010-01-20,1867.949951171875,1867.949951171875,1882.31005859375,1848.0899658203125,1882.06005859375,2351890000
2010-01-21,1850.5699462890625,1850.5699462890625,1885.010009765625,1842.8599853515625,1874.5400390625,2877800000
2010-01-22,1794.8199462890625,1794.8199462890625,1849.2099609375,1791.4000244140625,1842.1099853515625,2817620000
2010-01-25,1802.3900146484375,1802.3900146484375,1813.6500244140625,1794.6800537109375,1806.5999755859375,2134350000
2010-01-26,1803.8599853515625,1803.8599853515625,1825.949951171875,1792.0400390625,1798.3599853515625,2361260000
2010-01-27,1818.9000244140625,1818.9000244140625,1823.800048828125,1790.0999755859375,1801.6700439453125,2492880000
2010-01-28,1771.0999755859375,1771.0999755859375,1805.8499755859375,1762.0999755859375,1805.6400146484375,2829640000
2010-01-29,1741.0400390625,1741.0400390625,1789.9300537109375,1734.030029296875,1787.1400146484375,3090580000
2010-02-01,1760.719970703125,1760.719970703125,1760.719970703125,1744.260009765625,1745.9100341796875,2234140000
2010-02-02,1776.9200439453125,1776.9200439453125,1780.1700439453125,1750.3900146484375,1760.6500244140625,2468470000
2010-02-03,1784.699951171875,1784.699951171875,1787.8900146484375,1766.5999755859375,1767.1400146484375,2303350000
2010-02-04,1732.989990234375,1732.989990234375,1775.3699951171875,1732.989990234375,1771.780029296875,2801390000
2010-02-05,1746.1199951171875,1746.1199951171875,1748.77001953125,1712.8900146484375,1739.18994140625,2811100000
2010-02-08,1734.8800048828125,1734.8800048828125,1755.6500244140625,1734.1199951171875,1744.02001953125,2036280000
2010-02-09,1753.8399658203125,1753.8399658203125,1768.5799560546875,1739.239990234375,1756.280029296875,2296420000
2010-02-10,1749.760009765625,1749.760009765625,1760.6099853515625,1738.4599609375,1752.4599609375,2059940000
2010-02-11,1775.739990234375,1775.739990234375,1780.050048828125,1739.02001953125,1747.550048828125,2141260000
2010-02-12,1779.1099853515625,1779.1099853515625,1783.699951171875,1756.6500244140625,1761.2900390625,2236180000
2010-02-16,1802.06005859375,1802.06005859375,1802.47998046875,1782.72998046875,1792.9000244140625,2072850000
2010-02-17,1810.8599853515625,1810.8599853515625,1811.199951171875,1799.25,1808.550048828125,2103530000
2010-02-18,1823.3900146484375,1823.3900146484375,1825.8199462890625,1806.760009765625,1809.010009765625,2076820000
2010-02-19,1823.3199462890625,1823.3199462890625,1830.3800048828125,1813.0799560546875,1816.93994140625,2166660000
2010-02-22,1817.6300048828125,1817.6300048828125,1829.1800537109375,1811.52001953125,1828.68994140625,1976290000
2010-02-23,1793.8199462890625,1793.8199462890625,1817.9599609375,1786.4599609375,1815.4300537109375,2310910000
2010-02-24,1812.510009765625,1812.510009765625,1819.5,1801.0400390625,1803.2900390625,2155810000
2010-02-25,1812.9100341796875,1812.9100341796875,1815.93994140625,1781.1199951171875,1791.1500244140625,2300530000
2010-02-26,1818.6800537109375,1818.6800537109375,1822.199951171875,1804.0899658203125,1812.239990234375,2283430000
2010-03-01,1846.4000244140625,1846.4000244140625,1848.0999755859375,1826.6099853515625,1826.6199951171875,2504940000
2010-03-02,1851.2099609375,1851.2099609375,1862.6400146484375,1847.030029296875,1851.7900390625,2831870000
2010-03-03,1851.5699462890625,1851.5699462890625,1861.1500244140625,1846.219970703125,1854.7099609375,2603510000
2010-03-04,1859.719970703125,1859.719970703125,1860.760009765625,1844.9200439453125,1852.699951171875,2186020000
2010-03-05,1888.56005859375,1888.56005859375,1889.6800537109375,1869.0999755859375,1871.6199951171875,2411880000
2010-03-08,1890.8900146484375,1890.8900146484375,1894.75,1887.6600341796875,1888.0400390625,2312310000
2010-03-09,1901.3800048828125,1901.3800048828125,1911.3800048828125,1885.989990234375,1885.989990234375,2620360000
2010-03-10,1917.3499755859375,1917.3499755859375,1920.6600341796875,1901.1099853515625,1901.239990234375,2554740000
2010-03-11,1923.81005859375,1923.81005859375,1923.81005859375,1908.3900146484375,1911.0699462890625,2256790000
2010-03-12,1924.4300537109375,1924.4300537109375,1930.1700439453125,1916.4100341796875,1930.0,2098780000
2010-03-15,1920.0899658203125,1920.0899658203125,1924.489990234375,1906.010009765625,1918.1400146484375,1956170000
2010-03-16,1932.239990234375,1932.239990234375,1933.9599609375,1918.97998046875,1924.27001953125,2201880000
2010-03-17,1936.219970703125,1936.219970703125,1945.9000244140625,1930.9100341796875,1934.6500244140625,2281410000
2010-03-18,1943.93994140625,1943.93994140625,1945.280029296875,1934.1700439453125,1937.6300048828125,2173060000
2010-03-19,1932.4300537109375,1932.4300537109375,1949.1400146484375,1924.719970703125,1943.9599609375,3055760000
2010-03-22,1949.5899658203125,1949.5899658203125,1956.47998046875,1921.7099609375,1922.72998046875,2448130000
2010-03-23,1963.199951171875,1963.199951171875,1964.1400146484375,1943.25,1952.5400390625,2465230000
2010-03-24,1951.8399658203125,1951.8399658203125,1958.5999755859375,1948.8499755859375,1956.6300048828125,2436100000
2010-03-25,1949.1500244140625,1949.1500244140625,1976.3800048828125,1948.5,1966.56005859375,2704870000
2010-03-26,1952.6300048828125,1952.6300048828125,1965.52001953125,1942.2099609375,1958.27001953125,2367930000
2010-03-29,1961.219970703125,1961.219970703125,1968.4300537109375,1956.5999755859375,1960.6300048828125,1967850000
2010-03-30,1967.9599609375,1967.9599609375,1974.469970703125,1955.219970703125,1966.510009765625,2147270000
2010-03-31,1958.3399658203125,1958.3399658203125,1969.9000244140625,1955.1500244140625,1962.1700439453125,2368690000
2010-04-01,1959.56005859375,1959.56005859375,1979.489990234375,1943.969970703125,1968.43994140625,2340270000
2010-04-05,1977.8299560546875,1977.8299560546875,1981.0699462890625,1958.010009765625,1964.030029296875,2130340000
2010-04-06,1981.949951171875,1981.949951171875,1988.0400390625,1968.1700439453125,1971.0899658203125,2220390000
2010-04-07,1977.300048828125,1977.300048828125,1987.3399658203125,1967.1400146484375,1980.199951171875,2984850000
2010-04-08,1980.72998046875,1980.72998046875,1984.9000244140625,1962.0400390625,1972.8199462890625,2428900000
2010-04-09,1994.4300537109375,1994.4300537109375,1994.47998046875,1978.0400390625,1984.010009765625,2215530000
2010-04-12,1995.6500244140625,1995.6500244140625,2000.56005859375,1990.780029296875,1995.3499755859375,2161650000
2010-04-13,2003.81005859375,2003.81005859375,2006.510009765625,1986.8299560546875,1994.3399658203125,2665420000
2010-04-14,2028.8199462890625,2028.8199462890625,2029.06005859375,2012.97998046875,2015.6099853515625,3143270000
2010-04-15,2038.6400146484375,2038.6400146484375,2040.489990234375,2027.52001953125,2027.9200439453125,2840660000
2010-04-16,2012.8399658203125,2012.8399658203125,2037.469970703125,2000.77001953125,2030.3399658203125,2960950000
2010-04-19,2013.530029296875,2013.530029296875,2018.9300537109375,1988.3699951171875,2011.4000244140625,2223650000
2010-04-20,2023.5999755859375,2023.5999755859375,2027.43994140625,2009.550048828125,2025.0400390625,2157100000
2010-04-21,2034.530029296875,2034.530029296875,2040.8299560546875,2021.719970703125,2037.1500244140625,2715900000
2010-04-22,2045.1600341796875,2045.1600341796875,2047.1099853515625,2002.969970703125,2016.489990234375,2800840000
2010-04-23,2055.330078125,2055.330078125,2055.6298828125,2036.989990234375,2042.800048828125,2517010000
2010-04-26,2049.090087890625,2049.090087890625,2059.419921875,2045.6400146484375,2054.840087890625,2491040000
2010-04-27,2006.25,2006.25,2049.89990234375,2001.02001953125,2040.4300537109375,2864810000
2010-04-28,2007.5899658203125,2007.5899658203125,2017.9200439453125,1991.949951171875,2016.52001953125,2755190000
2010-04-29,2042.8900146484375,2042.8900146484375,2045.8599853515625,2019.3199462890625,2020.510009765625,3069640000
2010-04-30,2000.6300048828125,2000.6300048828125,2044.3900146484375,2000.260009765625,2040.5799560546875,2841130000
2010-05-03,2031.5999755859375,2031.5999755859375,2039.52001953125,2010.9100341796875,2010.93994140625,2398370000
2010-05-04,1968.969970703125,1968.969970703125,2003.5899658203125,1955.3900146484375,2003.5899658203125,3052590000
2010-05-05,1958.260009765625,1958.260009765625,1971.0999755859375,1936.56005859375,1947.3499755859375,3041480000
2010-05-06,1893.75,1893.75,1964.0999755859375,1752.31005859375,1948.25,4553600000
2010-05-07,1849.43994140625,1849.43994140625,1901.8900146484375,1808.0699462890625,1879.760009765625,4227720000
2010-05-10,1942.6099853515625,1942.6099853515625,1942.6400146484375,1923.52001953125,1931.52001953125,2871800000
2010-05-11,1940.47998046875,1940.47998046875,1966.47998046875,1918.1199951171875,1920.239990234375,2548840000
2010-05-12,1975.5799560546875,1975.5799560546875,1977.4200439453125,1947.199951171875,1951.989990234375,2351900000
2010-05-13,1945.52001953125,1945.52001953125,1983.1300048828125,1940.43994140625,1969.43994140625,2375250000
2010-05-14,1907.0999755859375,1907.0999755859375,1929.9100341796875,1885.510009765625,1928.5799560546875,2653020000
2010-05-17,1915.449951171875,1915.449951171875,1920.75,1872.9200439453125,1911.3800048828125,2434480000
2010-05-18,1887.06005859375,1887.06005859375,1933.25,1878.550048828125,1929.1199951171875,2490310000
2010-05-19,1873.4200439453125,1873.4200439453125,1894.4100341796875,1850.9599609375,1879.3199462890625,2646160000
2010-05-20,1800.1199951171875,1800.1199951171875,1839.989990234375,1798.199951171875,1830.1700439453125,3420420000
2010-05-21,1822.77001953125,1822.77001953125,1834.68994140625,1767.93994140625,1772.3399658203125,3389670000
2010-05-24,1815.280029296875,1815.280029296875,1841.1099853515625,1814.1700439453125,1818.4599609375,2150020000
2010-05-25,1815.6800537109375,1815.6800537109375,1818.280029296875,1756.6300048828125,1769.3199462890625,2946380000
2010-05-26,1796.469970703125,1796.469970703125,1850.800048828125,1793.030029296875,1827.5799560546875,3077300000
2010-05-27,1862.7099609375,1862.7099609375,1863.8699951171875,1831.780029296875,1837.6500244140625,2408220000
2010-05-28,1852.3900146484375,1852.3900146484375,1867.719970703125,1836.22998046875,1865.8900146484375,2165590000
2010-06-01,1835.0400390625,1835.0400390625,1878.0400390625,1832.9599609375,1846.5999755859375,2167810000
2010-06-02,1879.5899658203125,1879.5899658203125,1879.5899658203125,1832.5799560546875,1844.68994140625,2190140000
2010-06-03,1895.6600341796875,1895.6600341796875,1898.9300537109375,1871.5899658203125,1883.25,2249050000
2010-06-04,1832.0400390625,1832.0400390625,1879.31005859375,1824.7099609375,1857.8299560546875,2342480000
2010-06-07,1798.1600341796875,1798.1600341796875,1845.300048828125,1795.5400390625,1839.77001953125,2256670000
2010-06-08,1795.699951171875,1795.699951171875,1805.8399658203125,1770.4599609375,1799.260009765625,2696580000
2010-06-09,1778.9200439453125,1778.9200439453125,1823.2099609375,1774.050048828125,1805.8699951171875,2325060000
2010-06-10,1830.0899658203125,1830.0899658203125,1831.81005859375,1796.3199462890625,1800.5699462890625,2187840000
2010-06-11,1847.1500244140625,1847.1500244140625,1848.6199951171875,1811.989990234375,1814.25,1877120000
2010-06-14,1845.47998046875,1845.47998046875,1876.93994140625,1844.1600341796875,1862.699951171875,1951910000
2010-06-15,1897.47998046875,1897.47998046875,1898.7900390625,1855.68994140625,1855.68994140625,2289060000
2010-06-16,1905.31005859375,1905.31005859375,1913.2099609375,1888.219970703125,1891.260009765625,1936400000
2010-06-17,1910.6500244140625,1910.6500244140625,1916.239990234375,1894.27001953125,1914.75,1821680000
2010-06-18,1913.47998046875,1913.47998046875,1925.199951171875,1906.8499755859375,1911.06005859375,2037230000
2010-06-21,1895.8399658203125,1895.8399658203125,1939.77001953125,1885.199951171875,1939.77001953125,1910700000
2010-06-22,1880.5400390625,1880.5400390625,1917.260009765625,1877.969970703125,1903.31005859375,1934450000
2010-06-23,1874.4200439453125,1874.4200439453125,1889.72998046875,1859.050048828125,1883.969970703125,1929450000
2010-06-24,1844.5899658203125,1844.5899658203125,1871.1300048828125,1839.3199462890625,1868.469970703125,2064360000
2010-06-25,1838.52001953125,1838.52001953125,1857.31005859375,1829.300048828125,1848.8199462890625,3540350000
2010-06-28,1836.0,1836.0,1852.6600341796875,1823.510009765625,1843.27001953125,1876740000
2010-06-29,1764.06005859375,1764.06005859375,1807.0899658203125,1752.56005859375,1805.550048828125,2827090000
2010-06-30,1739.1400146484375,1739.1400146484375,1776.6099853515625,1734.9000244140625,1761.97998046875,2221560000
2010-07-01,1734.4100341796875,1734.4100341796875,1747.25,1700.0400390625,1741.9300537109375,2717070000
2010-07-02,1728.3399658203125,1728.3399658203125,1742.3599853515625,1712.9200439453125,1736.25,1672320000
2010-07-06,1734.6800537109375,1734.6800537109375,1763.8800048828125,1719.199951171875,1752.97998046875,2173030000
2010-07-07,1789.719970703125,1789.719970703125,1790.1800537109375,1736.989990234375,1739.010009765625,2199500000
2010-07-08,1798.31005859375,1798.31005859375,1805.8299560546875,1777.43994140625,1801.550048828125,2034030000
2010-07-09,1814.7900390625,1814.7900390625,1815.239990234375,1793.0,1797.0400390625,1592610000
2010-07-12,1821.030029296875,1821.030029296875,1831.6199951171875,1808.699951171875,1814.489990234375,1767970000
2010-07-13,1845.030029296875,1845.030029296875,1851.25,1822.25,1835.02001953125,2278480000
2010-07-14,1853.4100341796875,1853.4100341796875,1863.52001953125,1840.6199951171875,1847.9200439453125,2213010000
2010-07-15,1856.239990234375,1856.239990234375,1860.3499755859375,1830.699951171875,1849.239990234375,2011600000
2010-07-16,1803.47998046875,1803.47998046875,1850.72998046875,1802.5400390625,1845.5,2195150000
2010-07-19,1819.280029296875,1819.280029296875,1822.7099609375,1794.56005859375,1807.989990234375,1735090000
2010-07-20,1840.6700439453125,1840.6700439453125,1841.1600341796875,1784.550048828125,1789.9300537109375,1933270000
2010-07-21,1817.300048828125,1817.300048828125,1859.8499755859375,1813.280029296875,1859.5999755859375,2222030000
2010-07-22,1863.0999755859375,1863.0999755859375,1870.4100341796875,1842.3800048828125,1842.3800048828125,2213220000
2010-07-23,1875.3800048828125,1875.3800048828125,1875.3800048828125,1846.3199462890625,1851.81005859375,2410600000
2010-07-26,1890.4000244140625,1890.4000244140625,1890.4000244140625,1867.8399658203125,1875.77001953125,2164280000
2010-07-27,1888.81005859375,1888.81005859375,1900.1500244140625,1880.219970703125,1899.1300048828125,2065390000
2010-07-28,1872.6199951171875,1872.6199951171875,1894.68994140625,1866.6800537109375,1887.4599609375,1848520000
2010-07-29,1860.300048828125,1860.300048828125,1887.4100341796875,1841.3599853515625,1884.0699462890625,2324590000
2010-07-30,1864.0,1864.0,1874.6400146484375,1833.9000244140625,1842.3299560546875,2138610000
2010-08-02,1898.989990234375,1898.989990234375,1902.6700439453125,1879.77001953125,1886.6099853515625,1953200000
2010-08-03,1891.81005859375,1891.81005859375,1898.6300048828125,1881.5799560546875,1898.4599609375,1997030000
2010-08-04,1909.199951171875,1909.199951171875,1911.010009765625,1891.22998046875,1898.81005859375,2021980000
2010-08-05,1904.949951171875,1904.949951171875,1907.800048828125,1892.5,1900.0699462890625,1774300000
2010-08-06,1902.8800048828125,1902.8800048828125,1905.010009765625,1873.43994140625,1883.3199462890625,1876630000
2010-08-09,1915.1700439453125,1915.1700439453125,1918.780029296875,1902.97998046875,1911.3800048828125,1614580000
2010-08-10,1899.239990234375,1899.239990234375,1908.72998046875,1882.5999755859375,1896.7099609375,2039590000
2010-08-11,1845.3800048828125,1845.3800048828125,1866.0,1838.8900146484375,1866.0,2274460000
2010-08-12,1832.1700439453125,1832.1700439453125,1839.239990234375,1807.4599609375,1808.6300048828125,2189680000
2010-08-13,1818.800048828125,1818.800048828125,1832.4599609375,1818.300048828125,1825.2900390625,1605040000
2010-08-16,1821.510009765625,1821.510009765625,1834.050048828125,1801.739990234375,1806.969970703125,1627620000
2010-08-17,1845.3699951171875,1845.3699951171875,1860.6800537109375,1831.27001953125,1833.1500244140625,1736870000
2010-08-18,1850.800048828125,1850.800048828125,1862.3699951171875,1834.199951171875,1841.4200439453125,1654560000
2010-08-19,1823.0,1823.0,1847.6199951171875,1811.5699462890625,1842.7900390625,2094800000
2010-08-20,1825.75,1825.75,1829.9200439453125,1810.6199951171875,1818.4200439453125,1898500000
2010-08-23,1808.31005859375,1808.31005859375,1842.7900390625,1807.8399658203125,1833.3299560546875,1665900000
2010-08-24,1775.27001953125,1775.27001953125,1793.4300537109375,1767.3599853515625,1783.199951171875,2141650000
2010-08-25,1790.8800048828125,1790.8800048828125,1798.3800048828125,1758.6199951171875,1762.6800537109375,2019480000
2010-08-26,1769.02001953125,1769.02001953125,1800.6199951171875,1767.8499755859375,1797.3499755859375,1804510000
2010-08-27,1791.6400146484375,1791.6400146484375,1794.2900390625,1747.3199462890625,1780.1099853515625,2134550000
2010-08-30,1772.0699462890625,1772.0699462890625,1798.469970703125,1772.0699462890625,1785.97998046875,1585200000
2010-08-31,1767.4300537109375,1767.4300537109375,1781.469970703125,1755.3800048828125,1762.5400390625,2084110000
2010-09-01,1820.050048828125,1820.050048828125,1824.6600341796875,1791.4100341796875,1791.9100341796875,2133970000
2010-09-02,1840.5799560546875,1840.5799560546875,1840.5799560546875,1817.989990234375,1822.8299560546875,1680590000
2010-09-03,1870.31005859375,1870.31005859375,1870.31005859375,1851.5999755859375,1864.030029296875,1647790000
2010-09-07,1856.5,1856.5,1870.06005859375,1854.4300537109375,1862.8800048828125,1685240000
2010-09-08,1880.0,1880.0,1887.1700439453125,1863.530029296875,1863.7099609375,2018210000
2010-09-09,1886.1400146484375,1886.1400146484375,1897.9300537109375,1882.7900390625,1897.010009765625,1706650000
2010-09-10,1892.3399658203125,1892.3399658203125,1895.9200439453125,1879.7099609375,1887.8299560546875,1692470000
2010-09-13,1921.6700439453125,1921.6700439453125,1924.6099853515625,1908.4100341796875,1908.75,1937630000
2010-09-14,1928.5899658203125,1928.5899658203125,1938.010009765625,1913.7099609375,1917.8299560546875,2079030000
2010-09-15,1939.5999755859375,1939.5999755859375,1942.3399658203125,1918.0999755859375,1923.969970703125,2067130000
2010-09-16,1948.1099853515625,1948.1099853515625,1949.3900146484375,1931.719970703125,1937.1800537109375,1809280000
2010-09-17,1955.8299560546875,1955.8299560546875,1961.010009765625,1945.52001953125,1959.260009765625,2432480000
2010-09-20,1989.4300537109375,1989.4300537109375,1992.800048828125,1960.4300537109375,1962.1500244140625,1989520000
2010-09-21,1989.1099853515625,1989.1099853515625,2002.7900390625,1980.469970703125,1990.18994140625,2125100000
2010-09-22,1982.760009765625,1982.760009765625,1996.449951171875,1972.8299560546875,1979.9000244140625,2170210000
2010-09-23,1982.1500244140625,1982.1500244140625,2002.4599609375,1967.8199462890625,1968.030029296875,1923110000
2010-09-24,2023.8399658203125,2023.8399658203125,2023.8499755859375,2002.550048828125,2006.530029296875,1993380000
2010-09-27,2010.989990234375,2010.989990234375,2026.4200439453125,2010.530029296875,2021.6800537109375,1873120000
2010-09-28,2012.4300537109375,2012.4300537109375,2017.5699462890625,1979.739990234375,2013.5699462890625,2125730000
2010-09-29,2009.0799560546875,2009.0799560546875,2017.239990234375,2000.9100341796875,2008.1400146484375,2077930000
2010-09-30,1998.0400390625,1998.0400390625,2029.6500244140625,1986.3299560546875,2021.489990234375,2418300000
2010-10-01,1996.5999755859375,1996.5999755859375,2017.22998046875,1987.7099609375,2014.469970703125,1932650000
2010-10-04,1975.3299560546875,1975.3299560546875,1997.6700439453125,1963.6800537109375,1990.1300048828125,1901980000
2010-10-05,2024.6300048828125,2024.6300048828125,2026.4599609375,1996.2099609375,1996.3800048828125,2203470000
2010-10-06,2006.52001953125,2006.52001953125,2024.9200439453125,1992.6500244140625,2021.2099609375,2103800000
2010-10-07,2011.6300048828125,2011.6300048828125,2017.43994140625,1996.25,2016.0799560546875,1846240000
2010-10-08,2027.030029296875,2027.030029296875,2030.8900146484375,1999.8900146484375,2014.989990234375,2000980000
2010-10-11,2026.97998046875,2026.97998046875,2037.1199951171875,2021.4300537109375,2028.530029296875,1539990000
2010-10-12,2041.550048828125,2041.550048828125,2045.0799560546875,2007.1300048828125,2023.75,1960920000
2010-10-13,2057.25,2057.25,2067.06005859375,2048.050048828125,2052.5,2294450000
2010-10-14,2054.510009765625,2054.510009765625,2062.260009765625,2043.699951171875,2058.35009765625,2014540000
2010-10-15,2097.72998046875,2097.72998046875,2097.72998046875,2062.840087890625,2078.6298828125,2232810000
2010-10-18,2104.14990234375,2104.14990234375,2105.070068359375,2091.14990234375,2100.2099609375,1724710000
2010-10-19,2069.72998046875,2069.72998046875,2087.050048828125,2054.610107421875,2063.9599609375,2241840000
2010-10-20,2085.75,2085.75,2100.159912109375,2072.5400390625,2075.469970703125,2016770000
2010-10-21,2090.10009765625,2090.10009765625,2106.239990234375,2069.449951171875,2097.169921875,2135480000
2010-10-22,2104.2099609375,2104.2099609375,2105.43994140625,2086.889892578125,2089.219970703125,1648180000
2010-10-25,2113.550048828125,2113.550048828125,2127.260009765625,2112.280029296875,2113.22998046875,1746320000
2010-10-26,2119.050048828125,2119.050048828125,2123.81005859375,2094.840087890625,2100.530029296875,1914350000
2010-10-27,2125.8798828125,2125.8798828125,2127.2099609375,2104.989990234375,2108.110107421875,2013240000
2010-10-28,2129.72998046875,2129.72998046875,2135.68994140625,2112.090087890625,2135.139892578125,1998340000
2010-10-29,2124.449951171875,2124.449951171875,2137.330078125,2124.449951171875,2126.760009765625,2068700000
2010-11-01,2128.419921875,2128.419921875,2148.070068359375,2117.590087890625,2135.570068359375,1904790000
2010-11-02,2151.719970703125,2151.719970703125,2155.4599609375,2141.6201171875,2146.97998046875,1914980000
2010-11-03,2158.360107421875,2158.360107421875,2159.679931640625,2132.68994140625,2151.18994140625,1990410000
2010-11-04,2187.800048828125,2187.800048828125,2193.659912109375,2179.06005859375,2183.10009765625,2492050000
2010-11-05,2186.7099609375,2186.7099609375,2191.239990234375,2179.860107421875,2188.320068359375,2092850000
2010-11-08,2188.93994140625,2188.93994140625,2191.489990234375,2176.669921875,2179.699951171875,1799330000
2010-11-09,2176.8798828125,2176.8798828125,2200.159912109375,2166.9599609375,2195.780029296875,2157370000
2010-11-10,2187.739990234375,2187.739990234375,2189.3798828125,2162.6298828125,2178.360107421875,1998930000
2010-11-11,2173.110107421875,2173.110107421875,2177.2099609375,2145.090087890625,2153.820068359375,2559980000
2010-11-12,2137.949951171875,2137.949951171875,2171.22998046875,2122.419921875,2161.659912109375,2191790000
2010-11-15,2131.47998046875,2131.47998046875,2152.889892578125,2129.68994140625,2147.06005859375,1852210000
2010-11-16,2093.6298828125,2093.6298828125,2126.159912109375,2085.27001953125,2114.429931640625,2234090000
2010-11-17,2100.0,2100.0,2111.06005859375,2090.340087890625,2093.719970703125,1816260000
2010-11-18,2134.77001953125,2134.77001953125,2147.969970703125,2121.860107421875,2124.7900390625,2046660000
2010-11-19,2135.27001953125,2135.27001953125,2138.8798828125,2121.110107421875,2129.610107421875,1839670000
2010-11-22,2150.860107421875,2150.860107421875,2151.0,2121.739990234375,2126.39990234375,1850570000
2010-11-23,2116.610107421875,2116.610107421875,2132.68994140625,2105.610107421875,2128.18994140625,1892260000
2010-11-24,2160.52001953125,2160.52001953125,2165.14990234375,2138.14990234375,2138.239990234375,1634640000
2010-11-26,2153.909912109375,2153.909912109375,2160.550048828125,2142.68994140625,2146.3798828125,623980000
2010-11-29,2144.56005859375,2144.56005859375,2150.7099609375,2118.93994140625,2144.0400390625,1683260000
2010-11-30,2117.330078125,2117.330078125,2131.5,2110.239990234375,2119.469970703125,2317480000
2010-12-01,2162.830078125,2162.830078125,2173.419921875,2150.639892578125,2150.639892578125,2109940000
2010-12-02,2185.300048828125,2185.300048828125,2187.820068359375,2164.530029296875,2166.570068359375,2038130000
2010-12-03,2191.169921875,2191.169921875,2192.889892578125,2176.280029296875,2177.110107421875,1810400000
2010-12-06,2189.81005859375,2189.81005859375,2193.860107421875,2183.030029296875,2192.1201171875,1617030000
2010-12-07,2189.35009765625,2189.35009765625,2215.280029296875,2188.739990234375,2214.989990234375,1906290000
2010-12-08,2200.60009765625,2200.60009765625,2201.340087890625,2182.989990234375,2195.330078125,1763460000
2010-12-09,2201.570068359375,2201.570068359375,2213.010009765625,2193.919921875,2210.72998046875,1924980000
2010-12-10,2215.340087890625,2215.340087890625,2217.47998046875,2199.68994140625,2206.469970703125,1736730000
2010-12-13,2207.449951171875,2207.449951171875,2225.219970703125,2207.02001953125,2223.889892578125,1835330000
2010-12-14,2212.590087890625,2212.590087890625,2220.419921875,2205.2099609375,2213.22998046875,1853270000
2010-12-15,2202.449951171875,2202.449951171875,2223.669921875,2196.8798828125,2210.510009765625,1863980000
2010-12-16,2218.02001953125,2218.02001953125,2221.97998046875,2198.860107421875,2205.27001953125,1735290000
2010-12-17,2218.2900390625,2218.2900390625,2227.0400390625,2217.110107421875,2222.010009765625,2421830000
2010-12-20,2223.0400390625,2223.0400390625,2230.550048828125,2206.300048828125,2225.409912109375,1707950000
2010-12-21,2234.570068359375,2234.570068359375,2235.580078125,2226.25,2230.610107421875,1647550000
2010-12-22,2235.909912109375,2235.909912109375,2238.919921875,2231.969970703125,2234.60009765625,1614040000
2010-12-23,2230.27001953125,2230.27001953125,2235.110107421875,2225.2900390625,2232.840087890625,1270290000
2010-12-27,2229.860107421875,2229.860107421875,2234.419921875,2208.800048828125,2223.760009765625,1097100000
2010-12-28,2227.419921875,2227.419921875,2236.169921875,2222.760009765625,2234.56005859375,1130200000
2010-12-29,2231.639892578125,2231.639892578125,2236.18994140625,2229.8701171875,2232.330078125,1122150000
2010-12-30,2225.719970703125,2225.719970703125,2232.3798828125,2222.77001953125,2230.389892578125,1074350000
2010-12-31,2217.860107421875,2217.860107421875,2225.0,2209.3798828125,2223.280029296875,1026600000
2011-01-03,2254.22998046875,2254.22998046875,2268.300048828125,2237.7900390625,2238.659912109375,1919660000
2011-01-04,2251.4599609375,2251.4599609375,2263.030029296875,2237.72998046875,2261.64990234375,2015440000
2011-01-05,2270.39990234375,2270.39990234375,2271.080078125,2243.8798828125,2245.39990234375,2060750000
2011-01-06,2277.510009765625,2277.510009765625,2279.449951171875,2268.590087890625,2272.330078125,2095490000
2011-01-07,2276.699951171875,2276.699951171875,2282.8701171875,2254.219970703125,2280.1298828125,1976220000
2011-01-10,2284.3798828125,2284.3798828125,2288.639892578125,2265.0,2270.64990234375,1868870000
2011-01-11,2288.72998046875,2288.72998046875,2296.14990234375,2279.47998046875,2294.659912109375,1893100000
2011-01-12,2304.8798828125,2304.8798828125,2304.8798828125,2289.050048828125,2298.6298828125,1873960000
2011-01-13,2305.530029296875,2305.530029296875,2310.820068359375,2298.6201171875,2303.60009765625,1923900000
2011-01-14,2323.429931640625,2323.429931640625,2323.429931640625,2300.25,2304.3701171875,2020210000
2011-01-18,2328.7900390625,2328.7900390625,2331.320068359375,2299.3701171875,2300.929931640625,2020190000
2011-01-19,2303.320068359375,2303.320068359375,2331.6298828125,2294.889892578125,2329.929931640625,2130930000
2011-01-20,2286.080078125,2286.080078125,2295.239990234375,2268.590087890625,2292.169921875,2323250000
2011-01-21,2268.320068359375,2268.320068359375,2301.050048828125,2267.169921875,2295.14990234375,1916960000
2011-01-24,2300.389892578125,2300.389892578125,2300.389892578125,2268.719970703125,2271.72998046875,1871300000
2011-01-25,2304.030029296875,2304.030029296875,2304.0400390625,2283.7900390625,2288.5,1936120000
2011-01-26,2314.18994140625,2314.18994140625,2321.219970703125,2300.110107421875,2306.989990234375,2031410000
2011-01-27,2330.070068359375,2330.070068359375,2336.0400390625,2319.22998046875,2322.330078125,2020550000
2011-01-28,2270.510009765625,2270.510009765625,2330.070068359375,2260.60009765625,2330.070068359375,2371140000
2011-01-31,2281.909912109375,2281.909912109375,2287.5,2258.050048828125,2274.219970703125,1952310000
2011-02-01,2324.949951171875,2324.949951171875,2329.340087890625,2296.739990234375,2298.3701171875,2255990000
2011-02-02,2321.090087890625,2321.090087890625,2328.800048828125,2316.219970703125,2317.889892578125,2024600000
2011-02-03,2323.070068359375,2323.070068359375,2327.239990234375,2297.7900390625,2316.669921875,1941260000
2011-02-04,2338.199951171875,2338.199951171875,2338.659912109375,2318.27001953125,2324.179931640625,1956710000
2011-02-07,2349.199951171875,2349.199951171875,2360.820068359375,2338.8701171875,2340.43994140625,1768090000
2011-02-08,2363.610107421875,2363.610107421875,2363.760009765625,2344.860107421875,2348.530029296875,1803010000
2011-02-09,2360.949951171875,2360.949951171875,2367.18994140625,2352.4599609375,2359.81005859375,1930820000
2011-02-10,2364.35009765625,2364.35009765625,2366.280029296875,2341.81005859375,2343.7900390625,2497540000
2011-02-11,2379.14990234375,2379.14990234375,2381.39990234375,2353.280029296875,2357.77001953125,2066700000
2011-02-14,2385.60009765625,2385.60009765625,2388.6298828125,2378.159912109375,2379.52001953125,1964780000
2011-02-15,2381.919921875,2381.919921875,2384.81005859375,2371.18994140625,2380.159912109375,2006220000
2011-02-16,2397.93994140625,2397.93994140625,2403.52001953125,2387.659912109375,2389.510009765625,2276980000
2011-02-17,2397.570068359375,2397.570068359375,2400.889892578125,2384.219970703125,2384.68994140625,1939320000
2011-02-18,2392.469970703125,2392.469970703125,2400.469970703125,2382.389892578125,2396.75,2109460000
2011-02-22,2322.860107421875,2322.860107421875,2366.429931640625,2318.39990234375,2353.81005859375,2262100000
2011-02-23,2300.93994140625,2300.93994140625,2329.1298828125,2284.64990234375,2321.43994140625,2479150000
2011-02-24,2313.31005859375,2313.31005859375,2321.199951171875,2285.43994140625,2306.93994140625,2065290000
2011-02-25,2346.2900390625,2346.2900390625,2349.510009765625,2325.7099609375,2326.1298828125,1867820000
2011-02-28,2350.989990234375,2350.989990234375,2362.7900390625,2338.2099609375,2354.8701171875,2009500000
2011-03-01,2315.260009765625,2315.260009765625,2359.97998046875,2308.050048828125,2359.780029296875,2212860000
2011-03-02,2326.77001953125,2326.77001953125,2340.800048828125,2311.989990234375,2314.280029296875,1986900000
2011-03-03,2371.760009765625,2371.760009765625,2375.669921875,2350.179931640625,2350.52001953125,1990380000
2011-03-04,2359.9599609375,2359.9599609375,2371.22998046875,2344.6201171875,2370.340087890625,1897900000
2011-03-07,2328.070068359375,2328.070068359375,2370.909912109375,2307.389892578125,2367.919921875,2189970000
2011-03-08,2337.550048828125,2337.550048828125,2347.510009765625,2310.9599609375,2325.1298828125,1835540000
2011-03-09,2322.68994140625,2322.68994140625,2330.679931640625,2309.280029296875,2328.800048828125,1996700000
2011-03-10,2284.2900390625,2284.2900390625,2300.530029296875,2276.1201171875,2295.090087890625,2363330000
2011-03-11,2299.260009765625,2299.260009765625,2305.969970703125,2275.070068359375,2275.2900390625,1851810000
2011-03-14,2290.719970703125,2290.719970703125,2302.919921875,2274.080078125,2286.77001953125,1782070000
2011-03-15,2259.6201171875,2259.6201171875,2271.580078125,2217.429931640625,2218.300048828125,2359830000
2011-03-16,2202.969970703125,2202.969970703125,2252.1298828125,2188.919921875,2240.830078125,2596000000
2011-03-17,2225.239990234375,2225.239990234375,2247.929931640625,2223.1298828125,2238.85009765625,1994360000
2011-03-18,2221.070068359375,2221.070068359375,2249.389892578125,2217.949951171875,2249.179931640625,1986900000
2011-03-21,2262.699951171875,2262.699951171875,2273.110107421875,2249.4599609375,2250.889892578125,1751060000
2011-03-22,2257.9599609375,2257.9599609375,2266.090087890625,2253.080078125,2264.070068359375,1657430000
2011-03-23,2270.5,2270.5,2276.6201171875,2234.93994140625,2251.489990234375,1769950000
2011-03-24,2312.090087890625,2312.090087890625,2315.56005859375,2275.64990234375,2287.010009765625,1954180000
2011-03-25,2316.360107421875,2316.360107421875,2331.6298828125,2314.02001953125,2319.070068359375,1857570000
2011-03-28,2303.10009765625,2303.10009765625,2326.1201171875,2303.06005859375,2325.1298828125,1669260000
2011-03-29,2325.5400390625,2325.5400390625,2325.5400390625,2291.780029296875,2299.27001953125,1631160000
2011-03-30,2336.52001953125,2336.52001953125,2340.389892578125,2326.7900390625,2338.409912109375,1818410000
2011-03-31,2338.989990234375,2338.989990234375,2342.239990234375,2329.6201171875,2332.739990234375,1896420000
2011-04-01,2342.919921875,2342.919921875,2359.159912109375,2334.949951171875,2352.469970703125,2090120000
2011-04-04,2334.5400390625,2334.5400390625,2350.340087890625,2324.02001953125,2347.7099609375,1705920000
2011-04-05,2327.8701171875,2327.8701171875,2342.340087890625,2323.409912109375,2330.1201171875,1954520000
2011-04-06,2332.340087890625,2332.340087890625,2352.25,2320.320068359375,2343.3701171875,1996750000
2011-04-07,2332.8798828125,2332.8798828125,2346.860107421875,2315.830078125,2331.739990234375,1806900000
2011-04-08,2321.179931640625,2321.179931640625,2345.409912109375,2313.330078125,2342.739990234375,1650810000
2011-04-11,2314.5,2314.5,2333.97998046875,2305.530029296875,2330.260009765625,2053190000
2011-04-12,2298.300048828125,2298.300048828125,2308.199951171875,2288.679931640625,2302.889892578125,1818610000
2011-04-13,2316.6298828125,2316.6298828125,2322.60009765625,2298.820068359375,2312.800048828125,1744940000
2011-04-14,2311.25,2311.25,2315.219970703125,2291.7900390625,2301.27001953125,1717650000
2011-04-15,2307.580078125,2307.580078125,2316.820068359375,2293.530029296875,2304.4599609375,1785050000
2011-04-18,2292.340087890625,2292.340087890625,2293.080078125,2254.8798828125,2281.919921875,1786230000
2011-04-19,2306.77001953125,2306.77001953125,2306.77001953125,2286.590087890625,2297.0,1675970000
2011-04-20,2357.760009765625,2357.760009765625,2360.68994140625,2344.2099609375,2344.2099609375,2094470000
2011-04-21,2377.300048828125,2377.300048828125,2381.199951171875,2370.280029296875,2381.199951171875,2094470000
2011-04-25,2383.719970703125,2383.719970703125,2385.030029296875,2375.1201171875,2377.909912109375,1480600000
2011-04-26,2396.030029296875,2396.030029296875,2405.22998046875,2384.800048828125,2389.239990234375,2057740000
2011-04-27,2413.590087890625,2413.590087890625,2415.85009765625,2390.4599609375,2402.449951171875,2071380000
2011-04-28,2409.89990234375,2409.89990234375,2411.97998046875,2398.929931640625,2404.9599609375,1983630000
2011-04-29,2404.080078125,2404.080078125,2415.56005859375,2403.25,2405.050048828125,2455650000
2011-05-02,2404.239990234375,2404.239990234375,2417.830078125,2397.47998046875,2410.239990234375,2062630000
2011-05-03,2392.800048828125,2392.800048828125,2404.1201171875,2377.330078125,2401.800048828125,2214380000
2011-05-04,2387.510009765625,2387.510009765625,2398.4599609375,2367.679931640625,2392.159912109375,2209580000
2011-05-05,2375.2099609375,2375.2099609375,2402.050048828125,2366.72998046875,2376.4599609375,2227690000
2011-05-06,2383.179931640625,2383.179931640625,2411.6298828125,2376.14990234375,2395.919921875,2043740000
2011-05-09,2390.969970703125,2390.969970703125,2399.679931640625,2376.9599609375,2384.199951171875,1649110000
2011-05-10,2411.35009765625,2411.35009765625,2414.580078125,2394.840087890625,2397.199951171875,2018000000
2011-05-11,2393.080078125,2393.080078125,2415.89990234375,2377.429931640625,2408.14990234375,2258770000
2011-05-12,2407.889892578125,2407.889892578125,2410.449951171875,2372.18994140625,2384.139892578125,2209650000
2011-05-13,2379.239990234375,2379.239990234375,2406.010009765625,2378.760009765625,2403.06005859375,1917050000
2011-05-16,2337.85009765625,2337.85009765625,2375.360107421875,2332.840087890625,2368.469970703125,2066020000
2011-05-17,2343.510009765625,2343.510009765625,2343.72998046875,2320.330078125,2325.860107421875,2220440000
2011-05-18,2362.949951171875,2362.949951171875,2366.39990234375,2337.47998046875,2340.68994140625,1875150000
2011-05-19,2369.669921875,2369.669921875,2374.219970703125,2355.39990234375,2369.06005859375,1753390000
2011-05-20,2351.429931640625,2351.429931640625,2368.989990234375,2348.72998046875,2365.489990234375,1780140000
2011-05-23,2316.780029296875,2316.780029296875,2325.860107421875,2306.429931640625,2318.159912109375,1795680000
2011-05-24,2303.550048828125,2303.550048828125,2322.6298828125,2302.360107421875,2321.590087890625,1875370000
2011-05-25,2310.949951171875,2310.949951171875,2321.510009765625,2298.719970703125,2299.489990234375,1894510000
2011-05-26,2325.929931640625,2325.929931640625,2332.02001953125,2306.110107421875,2306.43994140625,1904400000
2011-05-27,2336.090087890625,2336.090087890625,2339.10009765625,2327.320068359375,2328.64990234375,1641320000
2011-05-31,2372.5400390625,2372.5400390625,2372.5400390625,2347.22998046875,2359.050048828125,2450090000
2011-06-01,2322.47998046875,2322.47998046875,2373.820068359375,2321.0,2368.2900390625,2254850000
2011-06-02,2326.699951171875,2326.699951171875,2335.659912109375,2314.68994140625,2325.56005859375,1919030000
2011-06-03,2292.31005859375,2292.31005859375,2317.929931640625,2289.409912109375,2301.39990234375,1936400000
2011-06-06,2274.47998046875,2274.47998046875,2299.39990234375,2273.239990234375,2288.610107421875,1878150000
2011-06-07,2268.9599609375,2268.9599609375,2288.760009765625,2268.06005859375,2279.550048828125,1847300000
2011-06-08,2252.889892578125,2252.889892578125,2268.0,2246.6201171875,2264.39990234375,2089320000
2011-06-09,2256.64990234375,2256.64990234375,2267.760009765625,2246.489990234375,2253.22998046875,1704960000
2011-06-10,2221.090087890625,2221.090087890625,2250.889892578125,2220.830078125,2249.39990234375,1972000000
2011-06-13,2222.280029296875,2222.280029296875,2234.219970703125,2214.3701171875,2225.2099609375,1847050000
2011-06-14,2250.340087890625,2250.340087890625,2256.4599609375,2240.389892578125,2240.389892578125,1701300000
2011-06-15,2209.010009765625,2209.010009765625,2243.219970703125,2204.14990234375,2229.81005859375,1982430000
2011-06-16,2199.929931640625,2199.929931640625,2216.739990234375,2180.93994140625,2209.75,1958250000
2011-06-17,2192.9599609375,2192.9599609375,2222.510009765625,2186.780029296875,2220.0400390625,2393690000
2011-06-20,2204.360107421875,2204.360107421875,2210.639892578125,2186.77001953125,2187.2099609375,1625850000
2011-06-21,2251.820068359375,2251.820068359375,2253.27001953125,2203.7099609375,2210.969970703125,1882490000
2011-06-22,2235.75,2235.75,2254.639892578125,2234.830078125,2243.2099609375,1617370000
2011-06-23,2255.050048828125,2255.050048828125,2256.699951171875,2204.469970703125,2210.489990234375,2060450000
2011-06-24,2217.06005859375,2217.06005859375,2246.9599609375,2213.10009765625,2245.489990234375,2842870000
2011-06-27,2252.239990234375,2252.239990234375,2263.2099609375,2215.139892578125,2217.6298828125,1710740000
2011-06-28,2285.75,2285.75,2286.919921875,2254.93994140625,2256.52001953125,1682590000
2011-06-29,2294.429931640625,2294.429931640625,2299.320068359375,2278.85009765625,2290.5,1804490000
2011-06-30,2325.070068359375,2325.070068359375,2327.360107421875,2302.669921875,2303.0,1859130000
2011-07-01,2361.389892578125,2361.389892578125,2363.360107421875,2320.570068359375,2326.159912109375,1646380000
2011-07-05,2371.2099609375,2371.2099609375,2374.409912109375,2357.31005859375,2363.080078125,1556620000
2011-07-06,2378.580078125,2378.580078125,2383.77001953125,2361.469970703125,2368.75,1639490000
2011-07-07,2412.889892578125,2412.889892578125,2418.989990234375,2394.550048828125,2396.639892578125,1873710000
2011-07-08,2405.889892578125,2405.889892578125,2405.919921875,2379.139892578125,2390.159912109375,1612120000
2011-07-11,2362.0,2362.0,2392.090087890625,2354.1201171875,2380.56005859375,1765920000
2011-07-12,2343.7900390625,2343.7900390625,2366.35009765625,2342.1298828125,2362.18994140625,2015410000
2011-07-13,2352.429931640625,2352.429931640625,2377.340087890625,2345.800048828125,2360.429931640625,1885510000
2011-07-14,2325.06005859375,2325.06005859375,2370.719970703125,2318.199951171875,2358.889892578125,1946500000
2011-07-15,2356.669921875,2356.669921875,2357.360107421875,2336.1298828125,2351.81005859375,1804380000
2011-07-18,2344.010009765625,2344.010009765625,2354.56005859375,2322.6201171875,2346.530029296875,1752220000
2011-07-19,2398.169921875,2398.169921875,2400.580078125,2367.81005859375,2367.81005859375,1882760000
2011-07-20,2387.800048828125,2387.800048828125,2412.389892578125,2384.5,2411.7099609375,1863670000
2011-07-21,2404.239990234375,2404.239990234375,2417.1298828125,2377.820068359375,2389.56005859375,2284150000
2011-07-22,2429.5,2429.5,2432.840087890625,2402.06005859375,2403.199951171875,1665220000
2011-07-25,2424.14990234375,2424.14990234375,2437.419921875,2406.169921875,2408.64990234375,1613240000
2011-07-26,2429.449951171875,2429.449951171875,2438.43994140625,2418.52001953125,2423.159912109375,1739980000
2011-07-27,2367.159912109375,2367.159912109375,2416.219970703125,2362.1201171875,2414.360107421875,2367470000
2011-07-28,2371.77001953125,2371.77001953125,2401.25,2359.8701171875,2367.43994140625,2067020000
2011-07-29,2362.81005859375,2362.81005859375,2388.239990234375,2341.820068359375,2349.300048828125,2301210000
2011-08-01,2354.050048828125,2354.050048828125,2396.5,2325.169921875,2391.419921875,2209790000
2011-08-02,2292.85009765625,2292.85009765625,2352.47998046875,2291.3701171875,2340.72998046875,2377250000
2011-08-03,2312.780029296875,2312.780029296875,2316.72998046875,2254.909912109375,2294.93994140625,2601310000
2011-08-04,2207.199951171875,2207.199951171875,2284.300048828125,2207.050048828125,2275.300048828125,3272990000
2011-08-05,2194.3798828125,2194.3798828125,2240.679931640625,2131.52001953125,2227.489990234375,3750150000
2011-08-08,2060.2900390625,2060.2900390625,2162.780029296875,2060.2900390625,2127.8701171875,3987990000
2011-08-09,2160.7900390625,2160.7900390625,2161.75,2034.9200439453125,2095.989990234375,3803050000
2011-08-10,2073.090087890625,2073.090087890625,2142.31005859375,2070.239990234375,2110.139892578125,3397010000
2011-08-11,2167.070068359375,2167.070068359375,2187.47998046875,2091.909912109375,2108.919921875,3134140000
2011-08-12,2182.050048828125,2182.050048828125,2195.25,2154.860107421875,2176.5400390625,2232470000
2011-08-15,2214.1201171875,2214.1201171875,2214.1201171875,2180.860107421875,2189.489990234375,1945850000
2011-08-16,2194.27001953125,2194.27001953125,2211.89990234375,2165.0400390625,2190.139892578125,2074370000
2011-08-17,2181.6201171875,2181.6201171875,2214.260009765625,2158.949951171875,2193.300048828125,1913320000
2011-08-18,2073.030029296875,2073.030029296875,2118.610107421875,2055.179931640625,2116.7900390625,2775580000
2011-08-19,2038.219970703125,2038.219970703125,2102.8798828125,2035.300048828125,2053.010009765625,2385300000
2011-08-22,2044.72998046875,2044.72998046875,2084.830078125,2038.1400146484375,2084.27001953125,1957230000
2011-08-23,2129.27001953125,2129.27001953125,2129.27001953125,2050.18994140625,2059.030029296875,2147270000
2011-08-24,2145.0400390625,2145.0400390625,2148.219970703125,2105.31005859375,2121.52001953125,1888640000
2011-08-25,2108.2099609375,2108.2099609375,2153.7099609375,2102.5,2141.860107421875,1789230000
2011-08-26,2161.969970703125,2161.969970703125,2169.409912109375,2082.0400390625,2101.909912109375,1852130000
2011-08-29,2223.9599609375,2223.9599609375,2224.5,2187.719970703125,2188.669921875,1615510000
2011-08-30,2237.68994140625,2237.68994140625,2250.10009765625,2202.449951171875,2212.070068359375,1871800000
2011-08-31,2241.010009765625,2241.010009765625,2268.070068359375,2222.47998046875,2248.18994140625,1995490000
2011-09-01,2219.050048828125,2219.050048828125,2263.93994140625,2217.02001953125,2245.010009765625,1742440000
2011-09-02,2167.830078125,2167.830078125,2189.760009765625,2156.989990234375,2178.110107421875,1571530000
2011-09-06,2167.60009765625,2167.60009765625,2171.389892578125,2112.840087890625,2116.47998046875,1737170000
2011-09-07,2223.75,2223.75,2223.800048828125,2193.830078125,2198.610107421875,1791480000
2011-09-08,2214.2900390625,2214.2900390625,2244.510009765625,2206.7900390625,2212.7099609375,1979990000
2011-09-09,2163.659912109375,2163.659912109375,2206.489990234375,2151.35009765625,2197.719970703125,2054190000
2011-09-12,2191.840087890625,2191.840087890625,2192.280029296875,2139.580078125,2145.780029296875,1980350000
2011-09-13,2220.580078125,2220.580078125,2225.39990234375,2189.830078125,2197.659912109375,1931390000
2011-09-14,2252.75,2252.75,2277.919921875,2210.6298828125,2233.659912109375,2323770000
2011-09-15,2286.56005859375,2286.56005859375,2289.68994140625,2254.469970703125,2273.219970703125,1967730000
2011-09-16,2306.090087890625,2306.090087890625,2308.9599609375,2283.429931640625,2284.280029296875,2703730000
2011-09-19,2308.760009765625,2308.760009765625,2319.72998046875,2260.239990234375,2277.639892578125,1891770000
2011-09-20,2295.889892578125,2295.889892578125,2337.699951171875,2293.06005859375,2318.550048828125,1914990000
2011-09-21,2258.300048828125,2258.300048828125,2321.219970703125,2257.550048828125,2308.409912109375,2172030000
2011-09-22,2184.590087890625,2184.590087890625,2219.719970703125,2151.47998046875,2196.6298828125,2919330000
2011-09-23,2206.860107421875,2206.860107421875,2216.75,2165.6201171875,2165.75,1975200000
2011-09-26,2234.280029296875,2234.280029296875,2237.1298828125,2170.139892578125,2216.659912109375,1982710000
2011-09-27,2253.550048828125,2253.550048828125,2290.7099609375,2241.75,2270.68994140625,2095620000
2011-09-28,2220.840087890625,2220.840087890625,2281.090087890625,2218.77001953125,2266.2900390625,1929310000
2011-09-29,2197.679931640625,2197.679931640625,2258.9599609375,2160.199951171875,2255.550048828125,2290370000
2011-09-30,2139.179931640625,2139.179931640625,2185.610107421875,2139.169921875,2167.239990234375,2041370000
2011-10-03,2085.0400390625,2085.0400390625,2153.949951171875,2084.300048828125,2128.02001953125,2547690000
2011-10-04,2129.2099609375,2129.2099609375,2131.31005859375,2042.9000244140625,2064.010009765625,3040940000
2011-10-05,2182.77001953125,2182.77001953125,2187.56005859375,2106.6201171875,2121.030029296875,2472400000
2011-10-06,2217.989990234375,2217.989990234375,2218.300048828125,2169.570068359375,2181.580078125,2249140000
2011-10-07,2202.760009765625,2202.760009765625,2227.3798828125,2190.260009765625,2217.510009765625,2084900000
2011-10-10,2278.64990234375,2278.64990234375,2278.739990234375,2237.47998046875,2241.169921875,1574750000
2011-10-11,2294.919921875,2294.919921875,2300.699951171875,2269.5400390625,2272.639892578125,1661400000
2011-10-12,2307.179931640625,2307.179931640625,2331.909912109375,2305.31005859375,2316.760009765625,1967190000
2011-10-13,2326.8798828125,2326.8798828125,2330.639892578125,2299.72998046875,2300.860107421875,1675220000
2011-10-14,2371.93994140625,2371.93994140625,2371.93994140625,2344.739990234375,2360.0,1664350000
2011-10-17,2334.3798828125,2334.3798828125,2367.2099609375,2322.530029296875,2359.530029296875,1675210000
2011-10-18,2364.8701171875,2364.8701171875,2375.260009765625,2309.8798828125,2331.97998046875,1931690000
2011-10-19,2316.81005859375,2316.81005859375,2357.550048828125,2310.64990234375,2348.52001953125,1980180000
2011-10-20,2306.2900390625,2306.2900390625,2317.340087890625,2274.489990234375,2317.340087890625,2040180000
2011-10-21,2335.929931640625,2335.929931640625,2349.7900390625,2314.77001953125,2332.2099609375,2019950000
2011-10-24,2384.419921875,2384.419921875,2389.909912109375,2341.14990234375,2341.7099609375,1884450000
2011-10-25,2335.8701171875,2335.8701171875,2375.530029296875,2332.179931640625,2375.489990234375,1777770000
2011-10-26,2334.7900390625,2334.7900390625,2355.02001953125,2291.780029296875,2349.85009765625,2118650000
2011-10-27,2399.830078125,2399.830078125,2412.52001953125,2365.909912109375,2390.68994140625,2810680000
2011-10-28,2401.2900390625,2401.2900390625,2404.800048828125,2384.969970703125,2386.02001953125,1838530000
2011-10-31,2360.080078125,2360.080078125,2389.2900390625,2359.85009765625,2376.989990234375,1772560000
2011-11-01,2298.3701171875,2298.3701171875,2321.360107421875,2287.739990234375,2301.110107421875,2294220000
2011-11-02,2318.320068359375,2318.320068359375,2329.06005859375,2298.7099609375,2321.89990234375,1921790000
2011-11-03,2367.7099609375,2367.7099609375,2369.77001953125,2311.199951171875,2340.139892578125,2106240000
2011-11-04,2356.320068359375,2356.320068359375,2364.3701171875,2331.4599609375,2353.510009765625,1930750000
2011-11-07,2371.0400390625,2371.0400390625,2372.719970703125,2329.679931640625,2353.820068359375,1712700000
2011-11-08,2400.010009765625,2400.010009765625,2402.510009765625,2362.22998046875,2386.18994140625,1850270000
2011-11-09,2314.10009765625,2314.10009765625,2354.89990234375,2307.780029296875,2346.739990234375,2144160000
2011-11-10,2312.070068359375,2312.070068359375,2338.909912109375,2290.530029296875,2338.60009765625,1892390000
2011-11-11,2355.780029296875,2355.780029296875,2363.1201171875,2330.6298828125,2336.43994140625,1602640000
2011-11-14,2341.320068359375,2341.320068359375,2362.4599609375,2333.550048828125,2350.909912109375,1401710000
2011-11-15,2366.239990234375,2366.239990234375,2375.10009765625,2331.75,2334.239990234375,1706960000
2011-11-16,2324.3701171875,2324.3701171875,2365.1298828125,2322.050048828125,2345.27001953125,1950030000
2011-11-17,2272.090087890625,2272.090087890625,2320.81005859375,2257.919921875,2320.639892578125,2197320000
2011-11-18,2253.949951171875,2253.949951171875,2274.6201171875,2250.93994140625,2273.639892578125,1755360000
2011-11-21,2211.139892578125,2211.139892578125,2225.5400390625,2188.139892578125,2219.8798828125,2048520000
2011-11-22,2216.330078125,2216.330078125,2224.0400390625,2191.8701171875,2205.31005859375,1792060000
2011-11-23,2166.5400390625,2166.5400390625,2203.139892578125,2166.5400390625,2199.4599609375,1707770000
2011-11-25,2150.8798828125,2150.8798828125,2182.280029296875,2150.7099609375,2159.93994140625,691750000
2011-11-28,2224.219970703125,2224.219970703125,2227.81005859375,2206.68994140625,2207.679931640625,1626060000
2011-11-29,2211.389892578125,2211.389892578125,2240.6298828125,2205.77001953125,2225.1201171875,1623550000
2011-11-30,2295.199951171875,2295.199951171875,2295.35009765625,2264.719970703125,2270.280029296875,2440960000
2011-12-01,2309.199951171875,2309.199951171875,2314.89990234375,2292.260009765625,2294.27001953125,1826860000
2011-12-02,2302.0400390625,2302.0400390625,2331.1201171875,2301.25,2327.8701171875,1662730000
2011-12-05,2326.949951171875,2326.949951171875,2343.10009765625,2315.179931640625,2336.550048828125,1686660000
2011-12-06,2321.489990234375,2321.489990234375,2335.7900390625,2313.989990234375,2327.64990234375,1491130000
2011-12-07,2320.5400390625,2320.5400390625,2331.72998046875,2292.14990234375,2312.550048828125,1658010000
2011-12-08,2282.590087890625,2282.590087890625,2324.0400390625,2278.419921875,2309.530029296875,1845640000
2011-12-09,2318.679931640625,2318.679931640625,2325.639892578125,2287.27001953125,2287.27001953125,1664710000
2011-12-12,2292.239990234375,2292.239990234375,2295.530029296875,2274.14990234375,2295.429931640625,1572600000
2011-12-13,2268.3701171875,2268.3701171875,2316.89990234375,2258.7099609375,2308.2900390625,1752320000
2011-12-14,2233.030029296875,2233.030029296875,2260.52001953125,2219.679931640625,2259.840087890625,1793960000
2011-12-15,2226.7099609375,2226.7099609375,2253.2099609375,2223.52001953125,2253.139892578125,1748400000
2011-12-16,2238.179931640625,2238.179931640625,2267.550048828125,2234.300048828125,2238.590087890625,2664690000
2011-12-19,2215.27001953125,2215.27001953125,2250.27001953125,2209.570068359375,2244.3701171875,1560110000
2011-12-20,2281.93994140625,2281.93994140625,2283.449951171875,2252.570068359375,2253.18994140625,1835720000
2011-12-21,2249.030029296875,2249.030029296875,2267.010009765625,2222.679931640625,2265.89990234375,1853710000
2011-12-22,2266.77001953125,2266.77001953125,2268.590087890625,2251.31005859375,2254.679931640625,1515610000
2011-12-23,2287.570068359375,2287.570068359375,2287.9599609375,2268.239990234375,2274.35009765625,960940000
2011-12-27,2293.1201171875,2293.1201171875,2301.300048828125,2281.860107421875,2284.2900390625,945590000
2011-12-28,2267.080078125,2267.080078125,2295.169921875,2262.219970703125,2294.969970703125,1069930000
2011-12-29,2285.070068359375,2285.070068359375,2285.719970703125,2264.889892578125,2272.56005859375,1011380000
2011-12-30,2277.830078125,2277.830078125,2289.1201171875,2277.77001953125,2281.909912109375,1056790000
2012-01-03,2321.9599609375,2321.9599609375,2332.239990234375,2315.280029296875,2323.159912109375,1636850000
2012-01-04,2329.7099609375,2329.7099609375,2333.2900390625,2307.56005859375,2316.530029296875,1670530000
2012-01-05,2348.97998046875,2348.97998046875,2351.449951171875,2317.52001953125,2326.580078125,1836410000
2012-01-06,2356.169921875,2356.169921875,2362.580078125,2341.639892578125,2350.679931640625,1683090000
2012-01-09,2350.64990234375,2350.64990234375,2363.47998046875,2342.340087890625,2362.530029296875,1768080000
2012-01-10,2367.3798828125,2367.3798828125,2381.429931640625,2360.97998046875,2374.260009765625,1809500000
2012-01-11,2372.25,2372.25,2376.580078125,2357.530029296875,2363.68994140625,1699660000
2012-01-12,2381.989990234375,2381.989990234375,2384.260009765625,2359.919921875,2377.340087890625,1669550000
2012-01-13,2371.97998046875,2371.97998046875,2373.5,2352.760009765625,2371.419921875,1655960000
2012-01-17,2393.239990234375,2393.239990234375,2404.080078125,2385.7900390625,2396.139892578125,1664210000
2012-01-18,2425.9599609375,2425.9599609375,2425.9599609375,2395.429931640625,2396.6298828125,1968940000
2012-01-19,2441.699951171875,2441.699951171875,2445.590087890625,2433.030029296875,2435.139892578125,1959950000
2012-01-20,2437.02001953125,2437.02001953125,2438.25,2428.35009765625,2428.659912109375,1949660000
2012-01-23,2437.219970703125,2437.219970703125,2455.219970703125,2424.2900390625,2437.06005859375,1652940000
2012-01-24,2433.9599609375,2433.9599609375,2440.199951171875,2423.239990234375,2426.860107421875,1620690000
2012-01-25,2465.659912109375,2465.659912109375,2470.580078125,2440.570068359375,2456.550048828125,1918040000
2012-01-26,2454.6298828125,2454.6298828125,2479.31005859375,2444.830078125,2474.050048828125,1998970000
2012-01-27,2461.77001953125,2461.77001953125,2467.4599609375,2449.830078125,2450.3798828125,1707350000
2012-01-30,2465.320068359375,2465.320068359375,2468.570068359375,2433.6298828125,2438.52001953125,1668970000
2012-01-31,2467.949951171875,2467.949951171875,2481.510009765625,2453.050048828125,2476.64990234375,1786550000
2012-02-01,2488.179931640625,2488.179931640625,2497.31005859375,2474.2900390625,2481.6201171875,2125720000
2012-02-02,2495.830078125,2495.830078125,2504.159912109375,2487.14990234375,2495.080078125,1913430000
2012-02-03,2529.169921875,2529.169921875,2532.260009765625,2514.989990234375,2518.860107421875,2152890000
2012-02-06,2528.300048828125,2528.300048828125,2528.300048828125,2513.510009765625,2519.330078125,1684490000
2012-02-07,2532.06005859375,2532.06005859375,2537.639892578125,2514.89990234375,2522.7900390625,1784580000
2012-02-08,2545.719970703125,2545.719970703125,2545.840087890625,2523.8798828125,2533.47998046875,1981150000
2012-02-09,2563.929931640625,2563.929931640625,2567.280029296875,2541.199951171875,2553.6298828125,2153090000
2012-02-10,2547.320068359375,2547.320068359375,2553.10009765625,2537.989990234375,2543.860107421875,1787640000
2012-02-13,2569.489990234375,2569.489990234375,2572.639892578125,2554.2900390625,2564.929931640625,1619980000
2012-02-14,2575.239990234375,2575.239990234375,2575.239990234375,2553.949951171875,2561.60009765625,1881630000
2012-02-15,2556.010009765625,2556.010009765625,2600.9599609375,2552.56005859375,2584.949951171875,2038980000
2012-02-16,2592.2900390625,2592.2900390625,2594.7099609375,2551.35009765625,2555.550048828125,1945230000
2012-02-17,2584.239990234375,2584.239990234375,2593.56005859375,2572.820068359375,2587.219970703125,1973900000
2012-02-21,2590.239990234375,2590.239990234375,2601.739990234375,2574.320068359375,2589.2099609375,1821540000
2012-02-22,2579.780029296875,2579.780029296875,2593.050048828125,2575.31005859375,2586.320068359375,1706310000
2012-02-23,2594.929931640625,2594.929931640625,2598.10009765625,2570.070068359375,2578.909912109375,1768390000
2012-02-24,2604.2099609375,2604.2099609375,2609.449951171875,2598.669921875,2602.659912109375,1643180000
2012-02-27,2606.760009765625,2606.760009765625,2616.860107421875,2579.6298828125,2589.43994140625,1763650000
2012-02-28,2633.4599609375,2633.4599609375,2634.22998046875,2607.5,2610.0400390625,1812490000
2012-02-29,2623.10009765625,2623.10009765625,2645.199951171875,2614.47998046875,2638.969970703125,2170190000
2012-03-01,2643.5400390625,2643.5400390625,2645.909912109375,2625.419921875,2634.199951171875,1903690000
2012-03-02,2641.580078125,2641.580078125,2650.0,2633.280029296875,2640.429931640625,1755130000
2012-03-05,2614.919921875,2614.919921875,2642.75,2605.590087890625,2636.60009765625,1679030000
2012-03-06,2588.949951171875,2588.949951171875,2593.639892578125,2575.1298828125,2586.31005859375,1870720000
2012-03-07,2607.85009765625,2607.85009765625,2614.22998046875,2597.22998046875,2599.85009765625,1589360000
2012-03-08,2637.179931640625,2637.179931640625,2643.889892578125,2618.469970703125,2623.449951171875,1619740000
2012-03-09,2646.85009765625,2646.85009765625,2651.97998046875,2639.60009765625,2641.14990234375,1580560000
2012-03-12,2646.85009765625,2646.85009765625,2651.639892578125,2635.760009765625,2646.97998046875,1341660000
2012-03-13,2697.429931640625,2697.429931640625,2697.639892578125,2658.090087890625,2665.300048828125,1709900000
2012-03-14,2708.409912109375,2708.409912109375,2717.860107421875,2690.39990234375,2701.080078125,1662300000
2012-03-15,2714.7900390625,2714.7900390625,2720.489990234375,2701.64990234375,2716.18994140625,1677540000
2012-03-16,2712.780029296875,2712.780029296875,2719.610107421875,2706.9599609375,2715.7099609375,2088610000
2012-03-19,2733.260009765625,2733.260009765625,2738.219970703125,2710.6298828125,2716.97998046875,1548400000
2012-03-20,2737.6298828125,2737.6298828125,2740.35009765625,2711.10009765625,2719.39990234375,1508580000
2012-03-21,2736.8798828125,2736.8798828125,2752.4599609375,2733.909912109375,2739.39990234375,1552400000
2012-03-22,2731.5,2731.5,2737.830078125,2719.739990234375,2720.659912109375,1524800000
2012-03-23,2728.550048828125,2728.550048828125,2734.679931640625,2714.60009765625,2734.679931640625,1428940000
2012-03-26,2778.02001953125,2778.02001953125,2778.02001953125,2746.429931640625,2746.97998046875,1627520000
2012-03-27,2782.1201171875,2782.1201171875,2793.43994140625,2778.909912109375,2779.669921875,1662460000
2012-03-28,2770.969970703125,2770.969970703125,2794.0,2754.969970703125,2785.97998046875,1765680000
2012-03-29,2762.050048828125,2762.050048828125,2769.830078125,2741.320068359375,2756.43994140625,1756160000
2012-03-30,2755.27001953125,2755.27001953125,2774.52001953125,2744.469970703125,2773.929931640625,1833130000
2012-04-02,2784.419921875,2784.419921875,2787.25,2747.5400390625,2752.25,1768210000
2012-04-03,2782.780029296875,2782.780029296875,2795.35009765625,2767.050048828125,2786.139892578125,1804950000
2012-04-04,2745.0,2745.0,2762.72998046875,2729.2099609375,2759.330078125,1813150000
2012-04-05,2762.5,2762.5,2764.2099609375,2739.10009765625,2740.699951171875,1548040000
2012-04-09,2739.97998046875,2739.97998046875,2751.43994140625,2722.77001953125,2726.080078125,1371140000
2012-04-10,2695.1201171875,2695.1201171875,2749.510009765625,2688.2099609375,2738.43994140625,1953600000
2012-04-11,2708.1298828125,2708.1298828125,2726.93994140625,2702.969970703125,2719.47998046875,1540890000
2012-04-12,2740.260009765625,2740.260009765625,2743.409912109375,2711.0400390625,2715.0400390625,1480340000
2012-04-13,2698.989990234375,2698.989990234375,2731.35009765625,2698.110107421875,2730.739990234375,1483850000
2012-04-16,2670.10009765625,2670.10009765625,2713.889892578125,2660.9599609375,2713.889892578125,1594320000
2012-04-17,2723.580078125,2723.580078125,2731.3798828125,2675.139892578125,2678.580078125,1555070000
2012-04-18,2716.139892578125,2716.139892578125,2732.030029296875,2707.909912109375,2714.659912109375,1599470000
2012-04-19,2686.820068359375,2686.820068359375,2738.590087890625,2676.090087890625,2707.889892578125,1991120000
2012-04-20,2676.0400390625,2676.0400390625,2712.010009765625,2674.659912109375,2699.550048828125,1935880000
2012-04-23,2653.5,2653.5,2657.360107421875,2629.699951171875,2651.1298828125,1767360000
2012-04-24,2638.72998046875,2638.72998046875,2659.52001953125,2628.9599609375,2647.909912109375,1690840000
2012-04-25,2709.6201171875,2709.6201171875,2710.8701171875,2691.1201171875,2694.860107421875,1721330000
2012-04-26,2725.22998046875,2725.22998046875,2731.72998046875,2705.909912109375,2709.8798828125,1763510000
2012-04-27,2741.340087890625,2741.340087890625,2750.5,2723.159912109375,2737.570068359375,1777750000
2012-04-30,2723.679931640625,2723.679931640625,2737.5400390625,2720.43994140625,2731.260009765625,1633170000
2012-05-01,2726.919921875,2726.919921875,2756.81005859375,2715.75,2719.25,1854230000
2012-05-02,2734.77001953125,2734.77001953125,2736.300048828125,2707.6298828125,2713.179931640625,1825190000
2012-05-03,2704.590087890625,2704.590087890625,2737.139892578125,2697.780029296875,2737.0400390625,1869130000
2012-05-04,2637.919921875,2637.919921875,2683.25,2637.72998046875,2682.3701171875,1944010000
2012-05-07,2639.280029296875,2639.280029296875,2651.739990234375,2620.9599609375,2622.669921875,1740430000
2012-05-08,2629.8701171875,2629.8701171875,2638.300048828125,2587.530029296875,2624.35009765625,2175840000
2012-05-09,2621.35009765625,2621.35009765625,2635.7099609375,2588.969970703125,2600.18994140625,2047090000
2012-05-10,2616.239990234375,2616.239990234375,2631.969970703125,2606.7900390625,2631.969970703125,2004150000
2012-05-11,2615.97998046875,2615.97998046875,2643.219970703125,2604.989990234375,2606.010009765625,1735380000
2012-05-14,2590.280029296875,2590.280029296875,2611.3701171875,2587.780029296875,2593.75,1683460000
2012-05-15,2580.75,2580.75,2617.22998046875,2576.77001953125,2589.9599609375,1826210000
2012-05-16,2561.56005859375,2561.56005859375,2597.159912109375,2558.68994140625,2589.909912109375,1933900000
2012-05-17,2509.050048828125,2509.050048828125,2567.550048828125,2509.050048828125,2562.1298828125,2016980000
2012-05-18,2478.530029296875,2478.530029296875,2523.14990234375,2474.699951171875,2509.89990234375,2692450000
2012-05-21,2545.429931640625,2545.429931640625,2547.68994140625,2478.360107421875,2482.31005859375,1870420000
2012-05-22,2539.199951171875,2539.199951171875,2562.47998046875,2524.110107421875,2553.580078125,1861850000
2012-05-23,2547.080078125,2547.080078125,2553.18994140625,2499.300048828125,2534.659912109375,1929640000
2012-05-24,2531.35009765625,2531.35009765625,2554.199951171875,2512.35009765625,2553.1201171875,1750290000
2012-05-25,2527.050048828125,2527.050048828125,2537.56005859375,2520.169921875,2532.320068359375,1282680000
2012-05-29,2558.969970703125,2558.969970703125,2570.7900390625,2536.6201171875,2542.659912109375,221430000
2012-05-30,2537.39990234375,2537.39990234375,2546.010009765625,2522.449951171875,2538.580078125,1671040000
2012-05-31,2524.8701171875,2524.8701171875,2540.39990234375,2507.580078125,2535.8701171875,2180130000
2012-06-01,2458.830078125,2458.830078125,2510.820068359375,2458.72998046875,2510.820068359375,1966370000
2012-06-04,2478.1298828125,2478.1298828125,2480.969970703125,2443.919921875,2458.969970703125,1755750000
2012-06-05,2487.5,2487.5,2492.530029296875,2467.659912109375,2467.81005859375,1625600000
2012-06-06,2546.320068359375,2546.320068359375,2546.320068359375,2504.080078125,2504.080078125,1761050000
2012-06-07,2535.409912109375,2535.409912109375,2570.47998046875,2531.949951171875,2569.239990234375,1655370000
2012-06-08,2559.2099609375,2559.2099609375,2561.570068359375,2522.389892578125,2529.419921875,1390260000
2012-06-11,2517.179931640625,2517.179931640625,2579.22998046875,2513.669921875,2578.72998046875,1480220000
2012-06-12,2546.199951171875,2546.199951171875,2546.830078125,2510.75,2523.010009765625,1594310000
2012-06-13,2527.43994140625,2527.43994140625,2557.31005859375,2519.68994140625,2541.719970703125,1602080000
2012-06-14,2539.969970703125,2539.969970703125,2547.31005859375,2515.169921875,2529.280029296875,1633370000
2012-06-15,2571.22998046875,2571.22998046875,2572.840087890625,2542.510009765625,2543.85009765625,2020100000
2012-06-18,2592.52001953125,2592.52001953125,2599.52001953125,2554.830078125,2570.97998046875,1586190000
2012-06-19,2620.830078125,2620.830078125,2630.860107421875,2605.159912109375,2606.429931640625,1835480000
2012-06-20,2623.330078125,2623.330078125,2633.2099609375,2603.320068359375,2625.0,1563080000
2012-06-21,2556.9599609375,2556.9599609375,2622.760009765625,2554.64990234375,2619.97998046875,1822200000
2012-06-22,2585.530029296875,2585.530029296875,2587.0,2559.260009765625,2562.280029296875,3544010000
2012-06-25,2533.5400390625,2533.5400390625,2563.090087890625,2527.010009765625,2562.97998046875,1514430000
2012-06-26,2549.840087890625,2549.840087890625,2556.919921875,2531.60009765625,2541.2099609375,1623160000
2012-06-27,2565.530029296875,2565.530029296875,2576.090087890625,2557.090087890625,2558.669921875,1668580000
2012-06-28,2536.64990234375,2536.64990234375,2565.530029296875,2510.3701171875,2565.530029296875,1795850000
2012-06-29,2615.719970703125,2615.719970703125,2615.820068359375,2566.840087890625,2566.840087890625,2021190000
2012-07-02,2625.030029296875,2625.030029296875,2625.260009765625,2604.89990234375,2616.52001953125,1845240000
2012-07-03,2645.840087890625,2645.840087890625,2645.840087890625,2621.77001953125,2623.4599609375,1009330000
2012-07-05,2647.469970703125,2647.469970703125,2660.260009765625,2629.909912109375,2643.6298828125,1423990000
2012-07-06,2612.2900390625,2612.2900390625,2636.9599609375,2596.10009765625,2635.64990234375,1437420000
2012-07-09,2610.31005859375,2610.31005859375,2620.219970703125,2597.27001953125,2610.3798828125,1455500000
2012-07-10,2585.52001953125,2585.52001953125,2630.030029296875,2574.260009765625,2620.330078125,1725730000
2012-07-11,2570.989990234375,2570.989990234375,2587.02001953125,2549.050048828125,2580.070068359375,1635120000
2012-07-12,2545.300048828125,2545.300048828125,2561.679931640625,2522.889892578125,2561.679931640625,1719460000
2012-07-13,2584.969970703125,2584.969970703125,2589.929931640625,2545.97998046875,2545.97998046875,1373620000
2012-07-16,2577.050048828125,2577.050048828125,2589.570068359375,2567.449951171875,2579.9599609375,1414470000
2012-07-17,2591.64990234375,2591.64990234375,2598.469970703125,2554.340087890625,2591.780029296875,1774160000
2012-07-18,2625.8701171875,2625.8701171875,2633.02001953125,2585.47998046875,2586.860107421875,1817040000
2012-07-19,2655.81005859375,2655.81005859375,2663.1201171875,2639.409912109375,2645.340087890625,1735920000
2012-07-20,2618.0400390625,2618.0400390625,2654.60009765625,2618.0400390625,2654.60009765625,1810420000
2012-07-23,2589.929931640625,2589.929931640625,2596.610107421875,2549.9599609375,2575.2900390625,1607140000
2012-07-24,2567.4599609375,2567.4599609375,2596.0400390625,2551.35009765625,2593.389892578125,1748410000
2012-07-25,2549.199951171875,2549.199951171875,2566.4599609375,2535.0400390625,2551.699951171875,1784150000
2012-07-26,2584.85009765625,2584.85009765625,2598.360107421875,2568.330078125,2588.199951171875,1981520000
2012-07-27,2647.030029296875,2647.030029296875,2649.97998046875,2594.840087890625,2600.030029296875,2102610000
2012-07-30,2642.1201171875,2642.1201171875,2662.6201171875,2634.5,2649.780029296875,1483990000
2012-07-31,2642.530029296875,2642.530029296875,2657.27001953125,2640.260009765625,2643.280029296875,1801440000
2012-08-01,2635.1298828125,2635.1298828125,2661.840087890625,2625.080078125,2660.489990234375,1722530000
2012-08-02,2625.52001953125,2625.52001953125,2650.97998046875,2606.5400390625,2616.0400390625,1822620000
2012-08-03,2676.0,2676.0,2684.580078125,2657.5,2664.68994140625,1730210000
2012-08-06,2694.090087890625,2694.090087890625,2705.7099609375,2681.719970703125,2686.3798828125,1528260000
2012-08-07,2717.159912109375,2717.159912109375,2727.31005859375,2701.89990234375,2705.969970703125,1899240000
2012-08-08,2714.02001953125,2714.02001953125,2721.02001953125,2705.469970703125,2707.2900390625,1874580000
2012-08-09,2719.610107421875,2719.610107421875,2724.429931640625,2708.239990234375,2712.969970703125,1677970000
2012-08-10,2722.9599609375,2722.9599609375,2722.9599609375,2704.909912109375,2710.550048828125,1556460000
2012-08-13,2728.679931640625,2728.679931640625,2728.8798828125,2708.3798828125,2721.489990234375,1353380000
2012-08-14,2727.7900390625,2727.7900390625,2742.830078125,2721.1201171875,2737.85009765625,1567830000
2012-08-15,2735.469970703125,2735.469970703125,2739.139892578125,2724.7099609375,2724.7099609375,1536730000
2012-08-16,2768.090087890625,2768.090087890625,2774.219970703125,2742.820068359375,2743.8798828125,1937430000
2012-08-17,2780.300048828125,2780.300048828125,2780.77001953125,2767.0400390625,2775.530029296875,1640640000
2012-08-20,2784.330078125,2784.330078125,2784.570068359375,2767.72998046875,2777.7099609375,1451550000
2012-08-21,2772.199951171875,2772.199951171875,2802.909912109375,2762.89990234375,2791.739990234375,1574220000
2012-08-22,2783.419921875,2783.419921875,2790.300048828125,2759.139892578125,2765.10009765625,1459130000
2012-08-23,2762.02001953125,2762.02001953125,2780.7099609375,2755.139892578125,2773.97998046875,1383860000
2012-08-24,2778.050048828125,2778.050048828125,2785.340087890625,2750.639892578125,2754.429931640625,1349740000
2012-08-27,2782.550048828125,2782.550048828125,2794.27001953125,2777.360107421875,2792.0,1383530000
2012-08-28,2782.68994140625,2782.68994140625,2790.510009765625,2772.25,2779.169921875,1364740000
2012-08-29,2784.0,2784.0,2790.169921875,2771.989990234375,2782.97998046875,1282900000
2012-08-30,2753.739990234375,2753.739990234375,2772.6201171875,2751.530029296875,2771.43994140625,1216640000
2012-08-31,2772.239990234375,2772.239990234375,2785.080078125,2746.679931640625,2773.239990234375,1394760000
2012-09-04,2772.030029296875,2772.030029296875,2781.080078125,2744.2900390625,2766.929931640625,1505960000
2012-09-05,2766.949951171875,2766.949951171875,2780.56005859375,2760.659912109375,2769.18994140625,1495030000
2012-09-06,2829.7099609375,2829.7099609375,2829.7099609375,2784.81005859375,2785.010009765625,1918900000
2012-09-07,2825.110107421875,2825.110107421875,2829.949951171875,2817.47998046875,2823.219970703125,1740640000
2012-09-10,2788.35009765625,2788.35009765625,2823.340087890625,2787.330078125,2821.030029296875,1575370000
2012-09-11,2784.889892578125,2784.889892578125,2799.85009765625,2780.239990234375,2789.090087890625,1586250000
2012-09-12,2791.679931640625,2791.679931640625,2798.969970703125,2775.39990234375,2794.3798828125,1689140000
2012-09-13,2831.35009765625,2831.35009765625,2841.679931640625,2792.179931640625,2796.719970703125,1870050000
2012-09-14,2855.22998046875,2855.22998046875,2865.3701171875,2839.47998046875,2841.820068359375,1984720000
2012-09-17,2856.43994140625,2856.43994140625,2857.52001953125,2846.169921875,2857.52001953125,1485390000
2012-09-18,2857.3798828125,2857.3798828125,2859.340087890625,2848.909912109375,2852.419921875,1707200000
2012-09-19,2864.030029296875,2864.030029296875,2871.10009765625,2850.320068359375,2858.5400390625,1850920000
2012-09-20,2861.699951171875,2861.699951171875,2863.669921875,2842.590087890625,2850.43994140625,1809130000
2012-09-21,2861.639892578125,2861.639892578125,2878.3798828125,2859.550048828125,2874.530029296875,2526250000
2012-09-24,2843.97998046875,2843.97998046875,2849.610107421875,2832.530029296875,2836.35009765625,1704860000
2012-09-25,2804.530029296875,2804.530029296875,2858.679931640625,2804.1298828125,2851.64990234375,1975470000
2012-09-26,2781.6298828125,2781.6298828125,2802.280029296875,2768.580078125,2798.929931640625,1738010000
2012-09-27,2821.60009765625,2821.60009765625,2827.0,2784.6201171875,2790.780029296875,1691800000
2012-09-28,2799.18994140625,2799.18994140625,2820.360107421875,2795.5400390625,2812.820068359375,1864640000
2012-10-01,2794.280029296875,2794.280029296875,2827.610107421875,2784.5400390625,2811.449951171875,1758170000
2012-10-02,2799.2900390625,2799.2900390625,2812.2099609375,2779.010009765625,2807.080078125,1609570000
2012-10-03,2818.840087890625,2818.840087890625,2822.56005859375,2797.280029296875,2810.159912109375,1704050000
2012-10-04,2828.60009765625,2828.60009765625,2835.330078125,2814.449951171875,2824.889892578125,1585190000
2012-10-05,2811.93994140625,2811.93994140625,2845.969970703125,2806.43994140625,2840.18994140625,1607940000
2012-10-08,2786.919921875,2786.919921875,2801.85009765625,2781.3798828125,2797.330078125,1186260000
2012-10-09,2741.919921875,2741.919921875,2781.81005859375,2736.97998046875,2781.81005859375,1645740000
2012-10-10,2728.5400390625,2728.5400390625,2749.419921875,2724.3798828125,2743.580078125,1788970000
2012-10-11,2719.2099609375,2719.2099609375,2750.81005859375,2718.489990234375,2750.81005859375,1595020000
2012-10-12,2720.139892578125,2720.139892578125,2734.39990234375,2714.169921875,2719.68994140625,1524840000
2012-10-15,2739.8701171875,2739.8701171875,2742.699951171875,2713.219970703125,2729.199951171875,1563440000
2012-10-16,2778.3798828125,2778.3798828125,2781.010009765625,2743.449951171875,2746.139892578125,1736930000
2012-10-17,2775.6201171875,2775.6201171875,2784.81005859375,2760.300048828125,2763.699951171875,1770920000
2012-10-18,2744.169921875,2744.169921875,2775.830078125,2734.60009765625,2770.050048828125,2043290000
2012-10-19,2678.320068359375,2678.320068359375,2741.580078125,2675.570068359375,2741.580078125,2225580000
2012-10-22,2694.56005859375,2694.56005859375,2699.080078125,2671.5,2678.889892578125,1654130000
2012-10-23,2666.02001953125,2666.02001953125,2689.47998046875,2658.77001953125,2670.93994140625,1830840000
2012-10-24,2655.550048828125,2655.550048828125,2686.510009765625,2653.429931640625,2685.550048828125,1967000000
2012-10-25,2657.659912109375,2657.659912109375,2679.81005859375,2649.18994140625,2677.1298828125,1922660000
2012-10-26,2665.830078125,2665.830078125,2675.919921875,2636.830078125,2657.909912109375,1839700000
2012-10-31,2647.919921875,2647.919921875,2665.8798828125,2639.6298828125,2663.56005859375,1806780000
2012-11-01,2687.52001953125,2687.52001953125,2690.719970703125,2657.110107421875,2661.050048828125,1880140000
2012-11-02,2656.280029296875,2656.280029296875,2701.909912109375,2654.969970703125,2701.909912109375,1834590000
2012-11-05,2672.909912109375,2672.909912109375,2678.93994140625,2651.3701171875,2657.72998046875,1496210000
2012-11-06,2681.050048828125,2681.050048828125,2696.4599609375,2668.449951171875,2676.14990234375,1782430000
2012-11-07,2612.68994140625,2612.68994140625,2651.260009765625,2602.2900390625,2647.510009765625,2059690000
2012-11-08,2572.570068359375,2572.570068359375,2626.419921875,2572.429931640625,2620.25,1876420000
2012-11-09,2584.10009765625,2584.10009765625,2610.169921875,2571.860107421875,2574.8701171875,1802580000
2012-11-12,2582.77001953125,2582.77001953125,2600.64990234375,2575.610107421875,2596.570068359375,1379240000
2012-11-13,2561.860107421875,2561.860107421875,2586.590087890625,2554.52001953125,2558.860107421875,1816260000
2012-11-14,2531.8701171875,2531.8701171875,2577.570068359375,2528.360107421875,2574.6201171875,2106590000
2012-11-15,2524.360107421875,2524.360107421875,2542.169921875,2514.860107421875,2534.239990234375,2010300000
2012-11-16,2534.159912109375,2534.159912109375,2541.340087890625,2494.3798828125,2525.889892578125,2187730000
2012-11-19,2595.830078125,2595.830078125,2596.75,2562.52001953125,2564.22998046875,1767240000
2012-11-20,2594.659912109375,2594.659912109375,2598.469970703125,2570.659912109375,2592.27001953125,1588750000
2012-11-21,2600.47998046875,2600.47998046875,2604.510009765625,2587.860107421875,2596.02001953125,1430060000
2012-11-23,2639.590087890625,2639.590087890625,2640.389892578125,2614.239990234375,2617.8701171875,792750000
2012-11-26,2651.669921875,2651.669921875,2652.070068359375,2626.06005859375,2634.429931640625,1641710000
2012-11-27,2641.419921875,2641.419921875,2659.35009765625,2637.60009765625,2649.93994140625,1763320000
2012-11-28,2665.27001953125,2665.27001953125,2666.31005859375,2613.219970703125,2627.570068359375,1725550000
2012-11-29,2680.030029296875,2680.030029296875,2688.949951171875,2667.31005859375,2677.6298828125,1758440000
2012-11-30,2677.8798828125,2677.8798828125,2682.360107421875,2668.169921875,2680.550048828125,2194240000
2012-12-03,2671.840087890625,2671.840087890625,2699.0400390625,2669.830078125,2697.43994140625,1667330000
2012-12-04,2667.889892578125,2667.889892578125,2674.030029296875,2651.4599609375,2671.1201171875,1781760000
2012-12-05,2637.889892578125,2637.889892578125,2663.43994140625,2624.510009765625,2660.679931640625,1800820000
2012-12-06,2656.300048828125,2656.300048828125,2663.010009765625,2623.6201171875,2631.159912109375,1713460000
2012-12-07,2640.5400390625,2640.5400390625,2671.570068359375,2631.469970703125,2667.43994140625,1613570000
2012-12-10,2647.570068359375,2647.570068359375,2661.35009765625,2632.25,2634.5400390625,1528430000
2012-12-11,2682.070068359375,2682.070068359375,2696.89990234375,2664.10009765625,2665.97998046875,1921860000
2012-12-12,2674.570068359375,2674.570068359375,2694.429931640625,2668.510009765625,2694.39990234375,1756220000
2012-12-13,2654.010009765625,2654.010009765625,2688.43994140625,2643.139892578125,2667.360107421875,1833990000
2012-12-14,2628.090087890625,2628.090087890625,2643.969970703125,2620.080078125,2635.909912109375,1786980000
2012-12-17,2664.260009765625,2664.260009765625,2664.719970703125,2627.3701171875,2629.760009765625,1911420000
2012-12-18,2705.389892578125,2705.389892578125,2708.47998046875,2669.830078125,2675.43994140625,2022130000
2012-12-19,2690.989990234375,2690.989990234375,2713.389892578125,2690.989990234375,2709.610107421875,1933270000
2012-12-20,2693.550048828125,2693.550048828125,2698.7099609375,2679.550048828125,2697.60009765625,1691190000
2012-12-21,2664.669921875,2664.669921875,2667.699951171875,2639.64990234375,2641.9599609375,2843090000
2012-12-24,2658.050048828125,2658.050048828125,2662.030029296875,2653.580078125,2658.64990234375,614230000
2012-12-26,2637.179931640625,2637.179931640625,2663.56005859375,2627.52001953125,2657.409912109375,1059190000
2012-12-27,2632.93994140625,2632.93994140625,2641.110107421875,2599.6298828125,2636.35009765625,1342790000
2012-12-28,2606.360107421875,2606.360107421875,2631.7099609375,2604.9599609375,2612.18994140625,1143530000
2012-12-31,2660.929931640625,2660.929931640625,2665.72998046875,2598.570068359375,2600.919921875,1557230000
2013-01-02,2746.469970703125,2746.469970703125,2746.5,2716.300048828125,2727.669921875,2111300000
2013-01-03,2732.260009765625,2732.260009765625,2750.820068359375,2723.669921875,2742.1298828125,1769420000
2013-01-04,2724.489990234375,2724.489990234375,2732.159912109375,2716.0400390625,2730.530029296875,1745140000
2013-01-07,2724.219970703125,2724.219970703125,2727.679931640625,2707.110107421875,2713.43994140625,1702540000
2013-01-08,2718.719970703125,2718.719970703125,2730.159912109375,2703.75,2724.760009765625,1744380000
2013-01-09,2727.64990234375,2727.64990234375,2735.419921875,2720.050048828125,2724.169921875,1732510000
2013-01-10,2744.179931640625,2744.179931640625,2749.18994140625,2719.679931640625,2746.679931640625,1754240000
2013-01-11,2748.260009765625,2748.260009765625,2749.360107421875,2738.0,2743.570068359375,1772600000
2013-01-14,2735.699951171875,2735.699951171875,2743.35009765625,2724.070068359375,2733.4599609375,1876050000
2013-01-15,2722.97998046875,2722.97998046875,2726.27001953125,2710.800048828125,2721.2900390625,1852870000
2013-01-16,2734.72998046875,2734.72998046875,2742.330078125,2721.6201171875,2725.6298828125,1692380000
2013-01-17,2747.14990234375,2747.14990234375,2756.679931640625,2740.070068359375,2746.18994140625,1766510000
2013-01-18,2743.239990234375,2743.239990234375,2743.5400390625,2728.070068359375,2735.89990234375,1860070000
2013-01-22,2746.18994140625,2746.18994140625,2747.52001953125,2726.860107421875,2744.27001953125,1790730000
2013-01-23,2762.169921875,2762.169921875,2769.31005859375,2756.590087890625,2761.97998046875,1698190000
2013-01-24,2723.530029296875,2723.530029296875,2748.360107421875,2719.830078125,2724.199951171875,2046990000
2013-01-25,2736.72998046875,2736.72998046875,2745.090087890625,2726.72998046875,2731.330078125,1920250000
2013-01-28,2742.429931640625,2742.429931640625,2752.5400390625,2735.2099609375,2737.6201171875,1935590000
2013-01-29,2743.580078125,2743.580078125,2749.43994140625,2722.52001953125,2739.389892578125,2050670000
2013-01-30,2738.7099609375,2738.7099609375,2757.090087890625,2732.050048828125,2748.6298828125,2014350000
2013-01-31,2731.530029296875,2731.530029296875,2751.110107421875,2730.070068359375,2736.1298828125,2190840000
2013-02-01,2763.9599609375,2763.9599609375,2768.6298828125,2740.64990234375,2751.18994140625,2012930000
2013-02-04,2715.679931640625,2715.679931640625,2755.64990234375,2715.510009765625,2749.39990234375,1874750000
2013-02-05,2754.989990234375,2754.989990234375,2762.860107421875,2720.7900390625,2727.820068359375,2150080000
2013-02-06,2746.35009765625,2746.35009765625,2758.25,2738.469970703125,2745.3798828125,2002740000
2013-02-07,2746.5,2746.5,2749.139892578125,2716.360107421875,2746.02001953125,1955960000
2013-02-08,2775.56005859375,2775.56005859375,2780.1298828125,2760.389892578125,2761.050048828125,1816480000
2013-02-11,2774.639892578125,2774.639892578125,2777.1298828125,2766.31005859375,2774.43994140625,1551370000
2013-02-12,2762.6201171875,2762.6201171875,2776.7099609375,2761.409912109375,2771.159912109375,1786800000
2013-02-13,2773.77001953125,2773.77001953125,2783.18994140625,2765.0400390625,2770.699951171875,1822450000
2013-02-14,2771.429931640625,2771.429931640625,2776.489990234375,2759.739990234375,2760.1201171875,1924900000
2013-02-15,2764.669921875,2764.669921875,2779.070068359375,2756.429931640625,2772.56005859375,1858670000
2013-02-19,2782.860107421875,2782.860107421875,2782.860107421875,2766.860107421875,2770.699951171875,1843840000
2013-02-20,2739.989990234375,2739.989990234375,2782.449951171875,2739.27001953125,2781.0,2001800000
2013-02-21,2711.510009765625,2711.510009765625,2731.25,2700.320068359375,2730.10009765625,2052630000
2013-02-22,2737.280029296875,2737.280029296875,2737.280029296875,2715.469970703125,2726.27001953125,1581500000
2013-02-25,2700.969970703125,2700.969970703125,2763.9599609375,2700.969970703125,2756.18994140625,1930990000
2013-02-26,2713.02001953125,2713.02001953125,2718.06005859375,2689.830078125,2708.800048828125,1847750000
2013-02-27,2741.260009765625,2741.260009765625,2757.610107421875,2710.18994140625,2714.449951171875,1727260000
2013-02-28,2738.580078125,2738.580078125,2761.280029296875,2738.219970703125,2742.3798828125,2022530000
2013-03-01,2747.75,2747.75,2751.219970703125,2713.489990234375,2725.3798828125,1870250000
2013-03-04,2759.530029296875,2759.530029296875,2759.840087890625,2734.919921875,2738.2099609375,1718290000
2013-03-05,2799.25,2799.25,2803.35009765625,2776.1201171875,2776.280029296875,1891510000
2013-03-06,2792.56005859375,2792.56005859375,2808.179931640625,2788.679931640625,2808.110107421875,1764020000
2013-03-07,2799.489990234375,2799.489990234375,2804.030029296875,2790.0400390625,2794.68994140625,1675640000
2013-03-08,2804.110107421875,2804.110107421875,2812.72998046875,2792.1298828125,2809.330078125,1611700000
2013-03-11,2811.860107421875,2811.860107421875,2812.050048828125,2791.389892578125,2798.1298828125,1628500000
2013-03-12,2800.81005859375,2800.81005859375,2809.530029296875,2788.219970703125,2803.469970703125,1673740000
2013-03-13,2798.679931640625,2798.679931640625,2807.699951171875,2787.719970703125,2801.409912109375,1577280000
2013-03-14,2807.300048828125,2807.300048828125,2812.2900390625,2801.360107421875,2806.409912109375,1651650000
2013-03-15,2799.409912109375,2799.409912109375,2810.239990234375,2792.22998046875,2810.0400390625,2305230000
2013-03-18,2792.300048828125,2792.300048828125,2803.449951171875,2767.47998046875,2771.530029296875,1550510000
2013-03-19,2787.27001953125,2787.27001953125,2807.0,2763.1201171875,2801.10009765625,1690680000
2013-03-20,2805.909912109375,2805.909912109375,2811.47998046875,2794.22998046875,2808.929931640625,1599120000
2013-03-21,2774.85009765625,2774.85009765625,2787.85009765625,2768.7900390625,2779.570068359375,1692260000
2013-03-22,2800.81005859375,2800.81005859375,2803.9599609375,2783.68994140625,2787.27001953125,1681360000
2013-03-25,2789.449951171875,2789.449951171875,2816.550048828125,2778.780029296875,2810.75,1666010000
2013-03-26,2806.5,2806.5,2807.179931640625,2796.389892578125,2803.22998046875,1444500000
2013-03-27,2809.97998046875,2809.97998046875,2811.7900390625,2783.860107421875,2786.659912109375,1420130000
2013-03-28,2818.68994140625,2818.68994140625,2820.669921875,2804.530029296875,2809.489990234375,1636800000
2013-04-01,2797.070068359375,2797.070068359375,2821.47998046875,2789.760009765625,2819.780029296875,1481360000
2013-04-02,2820.6201171875,2820.6201171875,2828.639892578125,2808.719970703125,2809.0,1580800000
2013-04-03,2795.0400390625,2795.0400390625,2825.280029296875,2787.27001953125,2821.969970703125,1813910000
2013-04-04,2794.919921875,2794.919921875,2800.590087890625,2779.340087890625,2794.409912109375,1475720000
2013-04-05,2771.75,2771.75,2774.5400390625,2744.260009765625,2749.639892578125,1594090000
2013-04-08,2786.1298828125,2786.1298828125,2786.1298828125,2764.340087890625,2772.300048828125,1323520000
2013-04-09,2804.669921875,2804.669921875,2815.070068359375,2780.199951171875,2793.860107421875,1498130000
2013-04-10,2859.2099609375,2859.2099609375,2862.320068359375,2811.85009765625,2812.510009765625,1769870000
2013-04-11,2859.070068359375,2859.070068359375,2863.659912109375,2848.030029296875,2850.389892578125,1829170000
2013-04-12,2856.47998046875,2856.47998046875,2857.35009765625,2834.4599609375,2854.469970703125,1471180000
2013-04-15,2797.469970703125,2797.469970703125,2849.159912109375,2796.389892578125,2841.260009765625,1779320000
2013-04-16,2838.409912109375,2838.409912109375,2839.3798828125,2810.02001953125,2815.64990234375,1515400000
2013-04-17,2781.97998046875,2781.97998046875,2812.4599609375,2765.449951171875,2811.330078125,1902730000
2013-04-18,2741.949951171875,2741.949951171875,2788.18994140625,2730.969970703125,2787.969970703125,1766000000
2013-04-19,2780.4599609375,2780.4599609375,2785.64990234375,2743.39990234375,2743.39990234375,1738850000
2013-04-22,2810.070068359375,2810.070068359375,2818.72998046875,2780.820068359375,2791.77001953125,1628340000
2013-04-23,2835.3701171875,2835.3701171875,2845.39990234375,2810.760009765625,2824.969970703125,1684770000
2013-04-24,2834.1201171875,2834.1201171875,2844.949951171875,2821.800048828125,2827.35009765625,1738590000
2013-04-25,2848.659912109375,2848.659912109375,2860.68994140625,2841.02001953125,2841.97998046875,2012230000
2013-04-26,2840.550048828125,2840.550048828125,2848.530029296875,2828.8798828125,2842.2099609375,1721970000
2013-04-29,2866.949951171875,2866.949951171875,2877.080078125,2849.0400390625,2849.5400390625,1594110000
2013-04-30,2887.43994140625,2887.43994140625,2887.8701171875,2859.93994140625,2869.1298828125,1984270000
2013-05-01,2873.35009765625,2873.35009765625,2892.260009765625,2868.760009765625,2885.35009765625,1884600000
2013-05-02,2911.139892578125,2911.139892578125,2916.300048828125,2877.260009765625,2877.56005859375,1757480000
2013-05-03,2944.590087890625,2944.590087890625,2952.219970703125,2937.239990234375,2938.739990234375,1745570000
2013-05-06,2955.360107421875,2955.360107421875,2959.6298828125,2947.469970703125,2948.89990234375,1500410000
2013-05-07,2952.8798828125,2952.8798828125,2961.760009765625,2942.25,2960.080078125,1709800000
2013-05-08,2968.239990234375,2968.239990234375,2969.659912109375,2946.7900390625,2952.31005859375,1756400000
2013-05-09,2961.1201171875,2961.1201171875,2980.360107421875,2955.699951171875,2960.550048828125,1826220000
2013-05-10,2981.02001953125,2981.02001953125,2981.02001953125,2962.68994140625,2967.070068359375,1689730000
2013-05-13,2982.090087890625,2982.090087890625,2989.699951171875,2971.72998046875,2972.9599609375,1615510000
2013-05-14,2996.050048828125,2996.050048828125,3005.02001953125,2981.889892578125,2981.889892578125,1820520000
2013-05-15,3002.6201171875,3002.6201171875,3004.52001953125,2982.77001953125,2990.389892578125,1843910000
2013-05-16,2999.340087890625,2999.340087890625,3019.0400390625,2997.469970703125,3005.050048828125,1945760000
2013-05-17,3028.9599609375,3028.9599609375,3028.9599609375,3005.25,3017.7900390625,1828610000
2013-05-20,3020.969970703125,3020.969970703125,3032.860107421875,3011.949951171875,3019.280029296875,1745260000
2013-05-21,3026.449951171875,3026.449951171875,3036.7099609375,3011.510009765625,3019.89990234375,1776780000
2013-05-22,2999.1298828125,2999.1298828125,3053.510009765625,2984.840087890625,3027.449951171875,2179330000
2013-05-23,2991.449951171875,2991.449951171875,3002.550048828125,2966.64990234375,2967.929931640625,1820670000
2013-05-24,2991.02001953125,2991.02001953125,2991.260009765625,2965.300048828125,2971.360107421875,1449210000
2013-05-28,3011.93994140625,3011.93994140625,3037.0,3002.219970703125,3024.3798828125,1748070000
2013-05-29,2994.820068359375,2994.820068359375,3006.89990234375,2979.89990234375,2996.97998046875,1794650000
2013-05-30,3011.830078125,3011.830078125,3026.360107421875,2998.77001953125,2998.989990234375,1737320000
2013-05-31,2981.760009765625,2981.760009765625,3023.110107421875,2981.760009765625,3001.68994140625,1968270000
2013-06-03,2990.7900390625,2990.7900390625,2990.800048828125,2950.8701171875,2984.590087890625,2054100000
2013-06-04,2973.68994140625,2973.68994140625,3007.300048828125,2962.219970703125,2993.06005859375,1871640000
2013-06-05,2937.139892578125,2937.139892578125,2975.830078125,2933.219970703125,2961.669921875,1813890000
2013-06-06,2950.300048828125,2950.300048828125,2950.300048828125,2911.93994140625,2940.8701171875,1802700000
2013-06-07,2990.8701171875,2990.8701171875,2993.1298828125,2955.10009765625,2960.89990234375,1646810000
2013-06-10,2990.489990234375,2990.489990234375,3004.669921875,2985.5,2995.030029296875,1556520000
2013-06-11,2959.840087890625,2959.840087890625,2987.85009765625,2952.070068359375,2959.43994140625,1560370000
2013-06-12,2926.139892578125,2926.139892578125,2978.760009765625,2921.8798828125,2977.679931640625,1630200000
2013-06-13,2962.89990234375,2962.89990234375,2968.97998046875,2914.199951171875,2924.889892578125,1584740000
2013-06-14,2943.860107421875,2943.860107421875,2966.1298828125,2939.679931640625,2958.8701171875,1458030000
2013-06-17,2971.260009765625,2971.260009765625,2988.590087890625,2956.919921875,2967.330078125,1581830000
2013-06-18,2996.090087890625,2996.090087890625,3001.889892578125,2974.610107421875,2974.919921875,1675090000
2013-06-19,2959.5,2959.5,3000.219970703125,2959.5,2998.090087890625,1649200000
2013-06-20,2890.330078125,2890.330078125,2938.10009765625,2882.449951171875,2927.6298828125,2041500000
2013-06-21,2877.93994140625,2877.93994140625,2898.39990234375,2853.68994140625,2887.070068359375,2921900000
2013-06-24,2848.199951171875,2848.199951171875,2869.919921875,2825.179931640625,2852.64990234375,2030960000
2013-06-25,2866.5,2866.5,2880.929931640625,2851.989990234375,2874.659912109375,1657280000
2013-06-26,2893.85009765625,2893.85009765625,2899.580078125,2883.9599609375,2892.429931640625,1671280000
2013-06-27,2906.840087890625,2906.840087890625,2924.340087890625,2905.300048828125,2909.8798828125,1689800000
2013-06-28,2909.60009765625,2909.60009765625,2927.489990234375,2891.570068359375,2896.699951171875,3630410000
2013-07-01,2927.35009765625,2927.35009765625,2951.0,2924.260009765625,2933.47998046875,1586750000
2013-07-02,2929.6298828125,2929.6298828125,2945.929931640625,2913.47998046875,2924.7900390625,1685190000
2013-07-03,2941.409912109375,2941.409912109375,2953.85009765625,2916.27001953125,2918.949951171875,935980000
2013-07-05,2963.219970703125,2963.219970703125,2963.820068359375,2934.219970703125,2958.260009765625,1254400000
2013-07-08,2966.1298828125,2966.1298828125,2978.820068359375,2955.3701171875,2976.610107421875,1521720000
2013-07-09,2984.320068359375,2984.320068359375,2989.929931640625,2966.679931640625,2981.10009765625,1633520000
2013-07-10,3000.659912109375,3000.659912109375,3004.280029296875,2981.090087890625,2981.219970703125,1567340000
2013-07-11,3059.4599609375,3059.4599609375,3060.669921875,3030.389892578125,3032.090087890625,1744210000
2013-07-12,3079.070068359375,3079.070068359375,3079.070068359375,3054.030029296875,3061.889892578125,1615820000
2013-07-15,3079.85009765625,3079.85009765625,3082.25,3068.030029296875,3077.02001953125,1449130000
2013-07-16,3077.469970703125,3077.469970703125,3085.199951171875,3069.169921875,3083.570068359375,1590540000
2013-07-17,3085.280029296875,3085.280029296875,3090.889892578125,3075.9599609375,3084.93994140625,1564340000
2013-07-18,3077.820068359375,3077.820068359375,3091.2099609375,3071.889892578125,3081.340087890625,1719390000
2013-07-19,3044.929931640625,3044.929931640625,3049.75,3035.989990234375,3043.06005859375,1785460000
2013-07-22,3055.22998046875,3055.22998046875,3061.550048828125,3044.760009765625,3061.5,1507010000
2013-07-23,3031.39990234375,3031.39990234375,3059.3701171875,3029.070068359375,3059.14990234375,1620350000
2013-07-24,3041.159912109375,3041.159912109375,3060.6298828125,3034.6201171875,3060.47998046875,1856660000
2013-07-25,3061.669921875,3061.669921875,3063.760009765625,3040.25,3054.169921875,2203970000
2013-07-26,3076.22998046875,3076.22998046875,3076.22998046875,3044.3798828125,3046.1201171875,1796060000
2013-07-29,3068.949951171875,3068.949951171875,3083.340087890625,3062.909912109375,3067.47998046875,1545720000
2013-07-30,3085.330078125,3085.330078125,3099.3798828125,3076.389892578125,3080.199951171875,1763580000
2013-07-31,3090.18994140625,3090.18994140625,3110.010009765625,3087.469970703125,3094.820068359375,1942380000
2013-08-01,3126.300048828125,3126.300048828125,3128.669921875,3111.280029296875,3113.219970703125,1863290000
2013-08-02,3143.52001953125,3143.52001953125,3143.52001953125,3118.0400390625,3125.489990234375,1683270000
2013-08-05,3143.18994140625,3143.18994140625,3145.25,3133.52001953125,3136.77001953125,1471860000
2013-08-06,3122.199951171875,3122.199951171875,3141.050048828125,3111.5,3136.14990234375,1444200000
2013-08-07,3118.68994140625,3118.68994140625,3123.919921875,3096.409912109375,3117.1298828125,1659780000
2013-08-08,3130.1298828125,3130.1298828125,3137.659912109375,3111.360107421875,3134.06005859375,1702950000
2013-08-09,3118.570068359375,3118.570068359375,3136.699951171875,3109.860107421875,3124.739990234375,1546570000
2013-08-12,3125.929931640625,3125.929931640625,3130.610107421875,3106.25,3107.06005859375,1422420000
2013-08-13,3141.06005859375,3141.06005859375,3149.239990234375,3106.27001953125,3130.080078125,1644730000
2013-08-14,3129.449951171875,3129.449951171875,3144.429931640625,3125.409912109375,3141.969970703125,1489370000
2013-08-15,3076.22998046875,3076.22998046875,3092.27001953125,3068.070068359375,3089.340087890625,1742510000
2013-08-16,3073.909912109375,3073.909912109375,3090.68994140625,3070.429931640625,3076.830078125,1520430000
2013-08-19,3069.760009765625,3069.760009765625,3101.02001953125,3069.469970703125,3074.3798828125,1351050000
2013-08-20,3082.169921875,3082.169921875,3096.419921875,3073.050048828125,3077.14990234375,1308280000
2013-08-21,3071.469970703125,3071.469970703125,3098.6201171875,3061.419921875,3073.239990234375,1438510000
2013-08-22,3101.820068359375,3101.820068359375,3103.639892578125,3085.419921875,3085.610107421875,927400000
2013-08-23,3124.27001953125,3124.27001953125,3127.050048828125,3112.8701171875,3126.25,1499890000
2013-08-26,3122.669921875,3122.669921875,3147.8701171875,3118.52001953125,3127.010009765625,1404230000
2013-08-27,3059.580078125,3059.580078125,3102.27001953125,3053.260009765625,3086.169921875,1640040000
2013-08-28,3072.169921875,3072.169921875,3085.679931640625,3060.5400390625,3060.9599609375,1370650000
2013-08-29,3093.360107421875,3093.360107421875,3109.070068359375,3065.8701171875,3065.8701171875,1344900000
2013-08-30,3073.81005859375,3073.81005859375,3095.43994140625,3063.070068359375,3095.169921875,1328320000
2013-09-03,3091.760009765625,3091.760009765625,3112.419921875,3077.1298828125,3097.64990234375,1628810000
2013-09-04,3124.5400390625,3124.5400390625,3128.800048828125,3092.9599609375,3100.280029296875,1855980000
2013-09-05,3129.93994140625,3129.93994140625,3138.06005859375,3125.3798828125,3127.070068359375,1550180000
2013-09-06,3133.3798828125,3133.3798828125,3148.989990234375,3098.02001953125,3140.97998046875,1647310000
2013-09-09,3169.929931640625,3169.929931640625,3174.8701171875,3146.02001953125,3146.02001953125,1664290000
2013-09-10,3185.070068359375,3185.070068359375,3189.239990234375,3173.110107421875,3186.530029296875,1842570000
2013-09-11,3179.860107421875,3179.860107421875,3180.3701171875,3159.31005859375,3163.77001953125,1722380000
2013-09-12,3175.570068359375,3175.570068359375,3186.300048828125,3170.139892578125,3179.60009765625,1653860000
2013-09-13,3178.280029296875,3178.280029296875,3182.110107421875,3161.64990234375,3180.449951171875,1460190000
2013-09-16,3168.68994140625,3168.68994140625,3204.590087890625,3163.1298828125,3203.18994140625,1542500000
2013-09-17,3190.830078125,3190.830078125,3195.14990234375,3176.580078125,3177.780029296875,1338800000
2013-09-18,3231.31005859375,3231.31005859375,3235.719970703125,3190.010009765625,3198.449951171875,1828820000
2013-09-19,3237.610107421875,3237.610107421875,3245.1201171875,3231.679931640625,3240.929931640625,1775980000
2013-09-20,3224.72998046875,3224.72998046875,3248.52001953125,3224.72998046875,3244.429931640625,2711270000
2013-09-23,3219.340087890625,3219.340087890625,3243.429931640625,3205.5,3242.320068359375,1728620000
2013-09-24,3218.659912109375,3218.659912109375,3236.840087890625,3209.389892578125,3226.22998046875,1810950000
2013-09-25,3208.550048828125,3208.550048828125,3226.6201171875,3202.75,3221.199951171875,1821790000
2013-09-26,3234.0400390625,3234.0400390625,3240.989990234375,3221.169921875,3222.97998046875,1817960000
2013-09-27,3230.300048828125,3230.300048828125,3235.2900390625,3210.800048828125,3217.43994140625,1699720000
2013-09-30,3218.199951171875,3218.199951171875,3229.449951171875,3186.860107421875,3190.39990234375,1895760000
2013-10-01,3253.050048828125,3253.050048828125,3254.330078125,3220.919921875,3220.919921875,1843320000
2013-10-02,3253.260009765625,3253.260009765625,3256.7099609375,3228.43994140625,3231.570068359375,1792980000
2013-10-03,3213.830078125,3213.830078125,3254.909912109375,3197.3701171875,3247.85009765625,1884340000
2013-10-04,3242.570068359375,3242.570068359375,3246.159912109375,3212.010009765625,3214.050048828125,1549600000
2013-10-07,3215.68994140625,3215.68994140625,3240.110107421875,3213.010009765625,3215.77001953125,1475990000
2013-10-08,3153.8701171875,3153.8701171875,3217.14990234375,3152.260009765625,3217.14990234375,2087580000
2013-10-09,3142.5400390625,3142.5400390625,3161.760009765625,3117.68994140625,3161.35009765625,2242700000
2013-10-10,3210.840087890625,3210.840087890625,3216.030029296875,3178.669921875,3179.27001953125,1902410000
2013-10-11,3233.830078125,3233.830078125,3237.010009765625,3201.929931640625,3203.489990234375,1750350000
2013-10-14,3256.02001953125,3256.02001953125,3257.18994140625,3212.050048828125,3213.3798828125,1455160000
2013-10-15,3244.659912109375,3244.659912109375,3269.969970703125,3241.35009765625,3253.9599609375,1745560000
2013-10-16,3281.669921875,3281.669921875,3283.179931640625,3258.800048828125,3261.47998046875,1744000000
2013-10-17,3301.280029296875,3301.280029296875,3301.60009765625,3264.22998046875,3265.909912109375,1975140000
2013-10-18,3353.8798828125,3353.8798828125,3355.6298828125,3321.780029296875,3330.610107421875,1943090000
2013-10-21,3361.179931640625,3361.179931640625,3369.739990234375,3351.050048828125,3361.760009765625,1674470000
2013-10-22,3366.929931640625,3366.929931640625,3384.35009765625,3344.179931640625,3374.169921875,1890500000
2013-10-23,3346.050048828125,3346.050048828125,3355.469970703125,3330.199951171875,3348.60009765625,1915030000
2013-10-24,3362.3798828125,3362.3798828125,3367.389892578125,3344.06005859375,3347.969970703125,2054350000
2013-10-25,3383.830078125,3383.830078125,3400.0400390625,3368.590087890625,3394.159912109375,2225780000
2013-10-28,3382.679931640625,3382.679931640625,3390.469970703125,3370.39990234375,3382.179931640625,1904810000
2013-10-29,3391.75,3391.75,3399.090087890625,3375.570068359375,3397.8798828125,1897380000
2013-10-30,3385.3798828125,3385.3798828125,3408.280029296875,3372.22998046875,3402.489990234375,1923000000
2013-10-31,3377.72998046875,3377.72998046875,3400.39990234375,3367.760009765625,3378.510009765625,2139650000
2013-11-01,3379.760009765625,3379.760009765625,3394.909912109375,3364.64990234375,3392.320068359375,1949460000
2013-11-04,3384.75,3384.75,3390.179931640625,3374.3798828125,3388.699951171875,1817880000
2013-11-05,3388.820068359375,3388.820068359375,3395.929931640625,3361.909912109375,3372.949951171875,1934630000
2013-11-06,3385.3798828125,3385.3798828125,3401.27001953125,3374.280029296875,3396.47998046875,2020160000
2013-11-07,3321.409912109375,3321.409912109375,3389.2099609375,3318.39990234375,3386.360107421875,2303320000
2013-11-08,3366.840087890625,3366.840087890625,3366.840087890625,3324.699951171875,3333.919921875,1981740000
2013-11-11,3362.97998046875,3362.97998046875,3369.889892578125,3350.739990234375,3359.830078125,1595340000
2013-11-12,3365.22998046875,3365.22998046875,3370.360107421875,3348.85009765625,3351.25,1776860000
2013-11-13,3405.56005859375,3405.56005859375,3405.60009765625,3346.409912109375,3346.449951171875,1827220000
2013-11-14,3415.139892578125,3415.139892578125,3418.570068359375,3390.3798828125,3393.25,1965350000
2013-11-15,3422.580078125,3422.580078125,3422.580078125,3409.010009765625,3419.77001953125,1899150000
2013-11-18,3388.8701171875,3388.8701171875,3429.199951171875,3383.449951171875,3423.469970703125,1829870000
2013-11-19,3378.1298828125,3378.1298828125,3400.639892578125,3371.60009765625,3385.820068359375,1747840000
2013-11-20,3367.169921875,3367.169921875,3397.68994140625,3359.31005859375,3386.06005859375,1721160000
2013-11-21,3402.739990234375,3402.739990234375,3404.949951171875,3380.64990234375,3382.5,1684250000
2013-11-22,3422.02001953125,3422.02001953125,3422.1298828125,3406.39990234375,3409.52001953125,1730280000
2013-11-25,3427.489990234375,3427.489990234375,3437.489990234375,3420.360107421875,3433.919921875,1795760000
2013-11-26,3445.760009765625,3445.760009765625,3455.5400390625,3422.469970703125,3429.639892578125,1907680000
2013-11-27,3470.47998046875,3470.47998046875,3471.64990234375,3451.969970703125,3454.81005859375,1477020000
2013-11-29,3487.820068359375,3487.820068359375,3495.969970703125,3481.31005859375,3481.31005859375,853500000
2013-12-02,3481.14990234375,3481.14990234375,3501.070068359375,3476.679931640625,3496.18994140625,1680380000
2013-12-03,3479.340087890625,3479.340087890625,3487.02001953125,3465.35009765625,3478.989990234375,1875010000
2013-12-04,3483.010009765625,3483.010009765625,3493.10009765625,3453.219970703125,3463.719970703125,1886970000
2013-12-05,3477.72998046875,3477.72998046875,3489.080078125,3468.840087890625,3484.27001953125,1880950000
2013-12-06,3504.260009765625,3504.260009765625,3511.10009765625,3485.739990234375,3511.06005859375,1727130000
2013-12-09,3516.169921875,3516.169921875,3524.010009765625,3511.280029296875,3515.669921875,1717120000
2013-12-10,3514.199951171875,3514.199951171875,3520.72998046875,3507.419921875,3510.7099609375,1864860000
2013-12-11,3468.989990234375,3468.989990234375,3519.219970703125,3464.39990234375,3514.239990234375,1923520000
2013-12-12,3460.2900390625,3460.2900390625,3478.949951171875,3457.9599609375,3471.89990234375,1893270000
2013-12-13,3456.39990234375,3456.39990234375,3477.830078125,3449.739990234375,3476.8798828125,1615340000
2013-12-16,3475.7900390625,3475.7900390625,3494.409912109375,3470.110107421875,3470.429931640625,1943830000
2013-12-17,3469.320068359375,3469.320068359375,3482.340087890625,3461.070068359375,3474.72998046875,1861130000
2013-12-18,3509.6298828125,3509.6298828125,3510.52001953125,3422.860107421875,3468.14990234375,2178330000
2013-12-19,3498.6298828125,3498.6298828125,3502.22998046875,3483.030029296875,3499.81005859375,1813050000
2013-12-20,3531.18994140625,3531.18994140625,3540.969970703125,3502.2900390625,3502.4599609375,3510420000
2013-12-23,3569.39990234375,3569.39990234375,3570.280029296875,3552.300048828125,3563.18994140625,1779400000
2013-12-24,3572.800048828125,3572.800048828125,3574.510009765625,3564.590087890625,3570.52001953125,802270000
2013-12-26,3584.580078125,3584.580078125,3586.719970703125,3572.10009765625,3579.6201171875,1180670000
2013-12-27,3574.02001953125,3574.02001953125,3591.31005859375,3571.050048828125,3589.1201171875,1255020000
2013-12-30,3570.080078125,3570.080078125,3574.199951171875,3559.3701171875,3570.860107421875,1349470000
2013-12-31,3592.0,3592.0,3592.0,3575.25,3576.239990234375,1401140000
2014-01-02,3563.570068359375,3563.570068359375,3577.030029296875,3553.64990234375,3575.60009765625,1738820000
2014-01-03,3538.72998046875,3538.72998046875,3567.510009765625,3537.610107421875,3564.93994140625,1667480000
2014-01-06,3526.9599609375,3526.9599609375,3542.52001953125,3512.449951171875,3539.02001953125,2292840000
2014-01-07,3557.85009765625,3557.85009765625,3562.989990234375,3535.5,3539.2900390625,2278220000
2014-01-08,3567.5400390625,3567.5400390625,3575.14990234375,3551.1201171875,3558.300048828125,2345220000
2014-01-09,3552.580078125,3552.580078125,3579.39990234375,3541.81005859375,3576.330078125,2214770000
2014-01-10,3565.080078125,3565.080078125,3568.469970703125,3536.449951171875,3565.679931640625,2143070000
2014-01-13,3512.800048828125,3512.800048828125,3572.39990234375,3499.3701171875,3559.389892578125,2322240000
2014-01-14,3580.64990234375,3580.64990234375,3581.60009765625,3525.469970703125,3526.199951171875,2034180000
2014-01-15,3609.840087890625,3609.840087890625,3615.699951171875,3592.6201171875,3593.81005859375,2101870000
2014-01-16,3611.2900390625,3611.2900390625,3614.659912109375,3599.8701171875,3605.429931640625,2005850000
2014-01-17,3591.25,3591.25,3608.719970703125,3580.389892578125,3597.409912109375,2150370000
2014-01-21,3617.699951171875,3617.699951171875,3617.699951171875,3586.050048828125,3611.6298828125,2034030000
2014-01-22,3627.719970703125,3627.719970703125,3634.64990234375,3615.47998046875,3623.31005859375,2026910000
2014-01-23,3613.760009765625,3613.760009765625,3613.8798828125,3588.830078125,3612.530029296875,2191980000
2014-01-24,3541.47998046875,3541.47998046875,3601.0,3541.3798828125,3596.929931640625,2489470000
2014-01-27,3509.02001953125,3509.02001953125,3548.47998046875,3482.889892578125,3543.5,2398280000
2014-01-28,3505.719970703125,3505.719970703125,3509.800048828125,3483.7099609375,3484.389892578125,2091180000
2014-01-29,3467.820068359375,3467.820068359375,3500.820068359375,3461.639892578125,3472.419921875,2231850000
2014-01-30,3532.409912109375,3532.409912109375,3544.2099609375,3508.010009765625,3514.25,2168410000
2014-01-31,3521.919921875,3521.919921875,3539.43994140625,3488.0400390625,3488.3701171875,2300570000
2014-02-03,3440.5,3440.5,3533.47998046875,3433.639892578125,3524.22998046875,2617030000
2014-02-04,3470.199951171875,3470.199951171875,3480.739990234375,3449.18994140625,3460.1298828125,2173360000
2014-02-05,3454.89990234375,3454.89990234375,3469.35009765625,3418.8798828125,3457.0400390625,2168360000
2014-02-06,3497.60009765625,3497.60009765625,3502.52001953125,3465.419921875,3465.830078125,1942700000
2014-02-07,3561.909912109375,3561.909912109375,3563.139892578125,3508.830078125,3522.330078125,2055850000
2014-02-10,3582.110107421875,3582.110107421875,3582.840087890625,3557.780029296875,3558.590087890625,1811970000
2014-02-11,3621.719970703125,3621.719970703125,3628.590087890625,3585.080078125,3587.580078125,1993950000
2014-02-12,3627.360107421875,3627.360107421875,3635.919921875,3618.06005859375,3626.139892578125,2035890000
2014-02-13,3659.56005859375,3659.56005859375,3659.56005859375,3600.860107421875,3601.75,2249990000
2014-02-14,3663.8798828125,3663.8798828125,3671.0400390625,3643.7900390625,3652.8798828125,1881510000
2014-02-18,3679.429931640625,3679.429931640625,3685.179931640625,3658.639892578125,3668.989990234375,1886210000
2014-02-19,3652.85009765625,3652.85009765625,3679.68994140625,3646.1298828125,3668.719970703125,1956720000
2014-02-20,3671.929931640625,3671.929931640625,3676.889892578125,3640.6298828125,3654.85009765625,1992780000
2014-02-21,3662.60009765625,3662.60009765625,3687.159912109375,3661.4599609375,3683.419921875,2138250000
2014-02-24,3685.81005859375,3685.81005859375,3701.27001953125,3668.340087890625,3670.070068359375,2161300000
2014-02-25,3679.139892578125,3679.139892578125,3697.60009765625,3669.530029296875,3689.679931640625,2137150000
2014-02-26,3676.60009765625,3676.60009765625,3702.090087890625,3663.75,3691.840087890625,2108270000
2014-02-27,3699.800048828125,3699.800048828125,3704.64990234375,3672.639892578125,3678.31005859375,2049160000
2014-02-28,3696.10009765625,3696.10009765625,3722.3798828125,3664.830078125,3703.47998046875,2617730000
2014-03-03,3668.3701171875,3668.3701171875,3678.3798828125,3637.669921875,3657.320068359375,2077500000
2014-03-04,3719.929931640625,3719.929931640625,3723.0,3706.820068359375,3710.18994140625,2477850000
2014-03-05,3727.18994140625,3727.18994140625,3732.97998046875,3715.3798828125,3721.530029296875,2215980000
2014-03-06,3720.929931640625,3720.929931640625,3738.320068359375,3709.409912109375,3735.85009765625,2136260000
2014-03-07,3703.39990234375,3703.39990234375,3737.360107421875,3686.93994140625,3736.929931640625,2175560000
2014-03-10,3706.340087890625,3706.340087890625,3709.780029296875,3683.969970703125,3702.139892578125,2111610000
2014-03-11,3691.5,3691.5,3725.7099609375,3681.3701171875,3715.889892578125,2477780000
2014-03-12,3707.06005859375,3707.06005859375,3707.199951171875,3661.8701171875,3678.360107421875,2131880000
2014-03-13,3651.489990234375,3651.489990234375,3720.6201171875,3636.7900390625,3719.360107421875,2383600000
2014-03-14,3627.8701171875,3627.8701171875,3656.93994140625,3626.860107421875,3643.2099609375,2196890000
2014-03-17,3662.510009765625,3662.510009765625,3678.320068359375,3651.139892578125,3653.18994140625,1810410000
2014-03-18,3706.6201171875,3706.6201171875,3708.260009765625,3664.7900390625,3667.39990234375,1962890000
2014-03-19,3682.739990234375,3682.739990234375,3709.010009765625,3661.06005859375,3705.510009765625,1992750000
2014-03-20,3693.969970703125,3693.969970703125,3705.31005859375,3665.830078125,3675.6201171875,1847270000
2014-03-21,3653.070068359375,3653.070068359375,3717.360107421875,3643.35009765625,3711.469970703125,3245740000
2014-03-24,3617.389892578125,3617.389892578125,3665.580078125,3585.14990234375,3665.3798828125,2434650000
2014-03-25,3629.72998046875,3629.72998046875,3659.590087890625,3600.64990234375,3640.260009765625,2270760000
2014-03-26,3582.889892578125,3582.889892578125,3654.68994140625,3582.840087890625,3645.72998046875,2455460000
2014-03-27,3563.1298828125,3563.1298828125,3594.080078125,3543.070068359375,3578.5400390625,2270650000
2014-03-28,3571.489990234375,3571.489990234375,3609.080078125,3560.580078125,3576.179931640625,2029840000
2014-03-31,3595.739990234375,3595.739990234375,3618.419921875,3593.699951171875,3598.080078125,2090850000
2014-04-01,3658.39990234375,3658.39990234375,3659.159912109375,3614.159912109375,3615.909912109375,2153130000
2014-04-02,3665.989990234375,3665.989990234375,3676.360107421875,3649.7900390625,3670.330078125,2187100000
2014-04-03,3637.580078125,3637.580078125,3675.699951171875,3617.409912109375,3670.429931640625,2067370000
2014-04-04,3539.3798828125,3539.3798828125,3663.780029296875,3532.280029296875,3659.919921875,2621270000
2014-04-07,3507.75,3507.75,3551.2099609375,3482.75,3522.2099609375,2554680000
2014-04-08,3538.22998046875,3538.22998046875,3543.97998046875,3499.0,3511.820068359375,2198900000
2014-04-09,3600.43994140625,3600.43994140625,3602.35009765625,3544.090087890625,3552.070068359375,1957560000
2014-04-10,3487.760009765625,3487.760009765625,3599.639892578125,3479.14990234375,3597.580078125,2421210000
2014-04-11,3446.85009765625,3446.85009765625,3502.330078125,3440.550048828125,3453.239990234375,2264480000
2014-04-14,3474.6298828125,3474.6298828125,3493.169921875,3443.260009765625,3479.659912109375,1890480000
2014-04-15,3487.85009765625,3487.85009765625,3505.669921875,3414.110107421875,3484.2900390625,2413110000
2014-04-16,3533.090087890625,3533.090087890625,3533.090087890625,3489.2900390625,3517.5,1863110000
2014-04-17,3534.530029296875,3534.530029296875,3551.02001953125,3511.27001953125,3526.570068359375,1954720000
2014-04-21,3559.949951171875,3559.949951171875,3559.949951171875,3525.590087890625,3543.64990234375,1544440000
2014-04-22,3588.81005859375,3588.81005859375,3596.919921875,3566.8701171875,3570.510009765625,1875930000
2014-04-23,3557.0400390625,3557.0400390625,3588.050048828125,3555.18994140625,3587.64990234375,1794760000
2014-04-24,3591.030029296875,3591.030029296875,3613.199951171875,3552.929931640625,3609.830078125,2130870000
2014-04-25,3533.10009765625,3533.10009765625,3573.949951171875,3525.60009765625,3569.919921875,2087140000
2014-04-28,3545.030029296875,3545.030029296875,3570.110107421875,3489.60009765625,3546.9599609375,2348320000
2014-04-29,3573.989990234375,3573.989990234375,3579.030029296875,3538.239990234375,3557.77001953125,1911240000
2014-04-30,3582.02001953125,3582.02001953125,3585.5,3548.110107421875,3556.0,2151400000
2014-05-01,3594.360107421875,3594.360107421875,3613.030029296875,3580.02001953125,3589.659912109375,2077040000
2014-05-02,3587.639892578125,3587.639892578125,3611.56005859375,3578.530029296875,3608.840087890625,1844790000
2014-05-05,3605.090087890625,3605.090087890625,3605.260009765625,3556.39990234375,3566.260009765625,1561170000
2014-05-06,3556.510009765625,3556.510009765625,3599.64990234375,3556.10009765625,3598.27001953125,1850610000
2014-05-07,3546.469970703125,3546.469970703125,3567.550048828125,3506.35009765625,3561.469970703125,2486030000
2014-05-08,3540.419921875,3540.419921875,3583.639892578125,3524.85009765625,3533.389892578125,2411940000
2014-05-09,3555.699951171875,3555.699951171875,3556.35009765625,3516.239990234375,3537.679931640625,1976160000
2014-05-12,3612.72998046875,3612.72998046875,3613.3701171875,3572.68994140625,3574.239990234375,1880020000
2014-05-13,3611.1298828125,3611.1298828125,3625.77001953125,3605.780029296875,3614.909912109375,1923480000
2014-05-14,3593.25,3593.25,3614.6298828125,3585.679931640625,3603.580078125,1764430000
2014-05-15,3565.169921875,3565.169921875,3598.340087890625,3542.6298828125,3594.590087890625,2083030000
2014-05-16,3587.199951171875,3587.199951171875,3590.409912109375,3545.6298828125,3568.199951171875,1741070000
2014-05-19,3615.6201171875,3615.6201171875,3618.9599609375,3572.280029296875,3577.85009765625,1601400000
2014-05-20,3600.31005859375,3600.31005859375,3624.60009765625,3585.8798828125,3612.860107421875,1797910000
2014-05-21,3635.610107421875,3635.610107421875,3636.469970703125,3605.510009765625,3605.7900390625,1703500000
2014-05-22,3650.860107421875,3650.860107421875,3660.590087890625,3633.85009765625,3639.489990234375,1835810000
2014-05-23,3677.330078125,3677.330078125,3678.169921875,3646.22998046875,3656.27001953125,1536610000
2014-05-27,3723.070068359375,3723.070068359375,3723.070068359375,3691.090087890625,3693.179931640625,1812330000
2014-05-28,3712.260009765625,3712.260009765625,3726.719970703125,3708.64990234375,3720.889892578125,1785140000
2014-05-29,3735.719970703125,3735.719970703125,3735.719970703125,3717.659912109375,3723.27001953125,1714000000
2014-05-30,3736.820068359375,3736.820068359375,3741.570068359375,3716.090087890625,3738.7099609375,1903660000
2014-06-02,3732.9599609375,3732.9599609375,3740.7099609375,3707.889892578125,3740.7099609375,1631310000
2014-06-03,3730.070068359375,3730.070068359375,3735.969970703125,3715.4599609375,3719.169921875,1718640000
2014-06-04,3743.590087890625,3743.590087890625,3750.010009765625,3715.239990234375,3720.0,1610090000
2014-06-05,3776.949951171875,3776.949951171875,3782.0,3735.18994140625,3748.360107421875,1926750000
2014-06-06,3794.570068359375,3794.570068359375,3795.139892578125,3782.1201171875,3792.419921875,1616650000
2014-06-09,3795.739990234375,3795.739990234375,3804.0400390625,3783.89990234375,3795.85009765625,1783060000
2014-06-10,3800.860107421875,3800.860107421875,3802.4599609375,3786.56005859375,3790.47998046875,1787120000
2014-06-11,3797.85009765625,3797.85009765625,3803.949951171875,3783.610107421875,3789.409912109375,1778460000
2014-06-12,3763.800048828125,3763.800048828125,3794.989990234375,3751.68994140625,3790.590087890625,1908190000
2014-06-13,3775.56005859375,3775.56005859375,3784.840087890625,3759.8701171875,3782.840087890625,1754560000
2014-06-16,3779.929931640625,3779.929931640625,3789.929931640625,3761.419921875,3768.3701171875,1675120000
2014-06-17,3781.320068359375,3781.320068359375,3790.919921875,3769.93994140625,3775.72998046875,1814360000
2014-06-18,3804.610107421875,3804.610107421875,3807.489990234375,3764.530029296875,3786.18994140625,1860660000
2014-06-19,3800.800048828125,3800.800048828125,3811.239990234375,3783.300048828125,3808.760009765625,1845460000
2014-06-20,3802.639892578125,3802.639892578125,3807.919921875,3794.510009765625,3803.10009765625,2721380000
2014-06-23,3805.31005859375,3805.31005859375,3806.18994140625,3794.85009765625,3802.25,1712930000
2014-06-24,3799.530029296875,3799.530029296875,3837.169921875,3791.1201171875,3807.489990234375,2014700000
2014-06-25,3827.330078125,3827.330078125,3831.85009765625,3792.31005859375,3794.840087890625,1722820000
2014-06-26,3826.909912109375,3826.909912109375,3827.699951171875,3798.6298828125,3826.699951171875,1554070000
2014-06-27,3844.43994140625,3844.43994140625,3844.889892578125,3823.2099609375,3825.02001953125,3964930000
2014-06-30,3849.47998046875,3849.47998046875,3860.64990234375,3841.699951171875,3844.449951171875,1848110000
2014-07-01,3894.330078125,3894.330078125,3902.929931640625,3863.81005859375,3864.139892578125,1942550000
2014-07-02,3899.27001953125,3899.27001953125,3904.35009765625,3890.77001953125,3895.179931640625,1599480000
2014-07-03,3923.010009765625,3923.010009765625,3923.14990234375,3901.330078125,3911.110107421875,1001730000
2014-07-07,3910.7099609375,3910.7099609375,3923.919921875,3904.669921875,3917.889892578125,1691390000
2014-07-08,3864.070068359375,3864.070068359375,3906.219970703125,3848.179931640625,3903.3701171875,2221820000
2014-07-09,3892.909912109375,3892.909912109375,3896.3798828125,3863.199951171875,3873.169921875,1736960000
2014-07-10,3880.0400390625,3880.0400390625,3895.719970703125,3837.159912109375,3837.2900390625,1682920000
2014-07-11,3904.580078125,3904.580078125,3905.39990234375,3879.39990234375,3888.760009765625,1511250000
2014-07-14,3929.4599609375,3929.4599609375,3937.72998046875,3916.530029296875,3923.60009765625,1579660000
2014-07-15,3914.4599609375,3914.4599609375,3940.550048828125,3887.5,3934.7900390625,1772030000
2014-07-16,3932.330078125,3932.330078125,3947.489990234375,3927.010009765625,3943.60009765625,2059340000
2014-07-17,3878.010009765625,3878.010009765625,3933.8798828125,3866.219970703125,3921.8701171875,2055240000
2014-07-18,3939.889892578125,3939.889892578125,3942.14990234375,3894.56005859375,3899.3798828125,1823580000
2014-07-21,3934.139892578125,3934.139892578125,3941.929931640625,3917.739990234375,3933.110107421875,1557820000
2014-07-22,3961.6201171875,3961.6201171875,3966.10009765625,3949.090087890625,3950.830078125,1724440000
2014-07-23,3986.18994140625,3986.18994140625,3990.639892578125,3967.9599609375,3974.659912109375,1909810000
2014-07-24,3983.18994140625,3983.18994140625,3997.5,3975.659912109375,3994.179931640625,1935090000
2014-07-25,3965.169921875,3965.169921875,3970.43994140625,3945.050048828125,3959.35009765625,1711430000
2014-07-28,3967.239990234375,3967.239990234375,3977.0,3936.719970703125,3966.31005859375,1783250000
2014-07-29,3959.030029296875,3959.030029296875,3983.419921875,3957.219970703125,3974.06005859375,2090810000
2014-07-30,3976.070068359375,3976.070068359375,3989.0,3960.2900390625,3982.10009765625,1872430000
2014-07-31,3892.5,3892.5,3948.89990234375,3889.10009765625,3938.31005859375,2273380000
2014-08-01,3879.669921875,3879.669921875,3908.2099609375,3855.35009765625,3886.10009765625,2050340000
2014-08-04,3908.77001953125,3908.77001953125,3922.25,3875.10009765625,3890.6298828125,1677400000
2014-08-05,3874.93994140625,3874.93994140625,3901.169921875,3858.64990234375,3891.1298828125,1916180000
2014-08-06,3874.27001953125,3874.27001953125,3896.64990234375,3849.449951171875,3851.43994140625,1819310000
2014-08-07,3857.93994140625,3857.93994140625,3895.739990234375,3845.199951171875,3889.68994140625,1866330000
2014-08-08,3888.090087890625,3888.090087890625,3890.6298828125,3848.489990234375,3864.090087890625,1759060000
2014-08-11,3910.4599609375,3910.4599609375,3921.18994140625,3899.3701171875,3899.97998046875,1537880000
2014-08-12,3905.22998046875,3905.22998046875,3916.72998046875,3887.580078125,3904.449951171875,1560220000
2014-08-13,3949.199951171875,3949.199951171875,3949.68994140625,3921.43994140625,3924.469970703125,1611690000
2014-08-14,3969.110107421875,3969.110107421875,3969.239990234375,3949.080078125,3953.27001953125,1549820000
2014-08-15,3987.510009765625,3987.510009765625,3997.080078125,3951.25,3993.0,1799460000
2014-08-18,4020.5,4020.5,4022.47998046875,4003.4599609375,4007.18994140625,1571100000
2014-08-19,4040.1298828125,4040.1298828125,4041.5,4024.169921875,4025.510009765625,1556560000
2014-08-20,4040.7099609375,4040.7099609375,4046.969970703125,4032.199951171875,4032.909912109375,1502290000
2014-08-21,4047.030029296875,4047.030029296875,4048.949951171875,4035.75,4041.0,1421730000
2014-08-22,4052.75,4052.75,4060.89990234375,4040.219970703125,4052.139892578125,1311810000
2014-08-25,4067.47998046875,4067.47998046875,4079.52001953125,4058.60009765625,4073.47998046875,1384620000
2014-08-26,4071.669921875,4071.669921875,4076.5400390625,4062.72998046875,4073.050048828125,1469620000
2014-08-27,4073.179931640625,4073.179931640625,4078.18994140625,4064.070068359375,4073.39990234375,1389470000
2014-08-28,4066.27001953125,4066.27001953125,4072.2900390625,4054.610107421875,4059.3701171875,1309580000
2014-08-29,4082.56005859375,4082.56005859375,4082.969970703125,4062.179931640625,4081.02001953125,1352830000
2014-09-02,4095.81005859375,4095.81005859375,4095.8701171875,4078.18994140625,4093.1201171875,1859080000
2014-09-03,4070.9599609375,4070.9599609375,4104.43017578125,4063.489990234375,4103.97021484375,1897450000
2014-09-04,4066.1298828125,4066.1298828125,4100.77978515625,4056.530029296875,4078.820068359375,1728700000
2014-09-05,4089.919921875,4089.919921875,4089.97998046875,4051.75,4067.3701171875,1641830000
2014-09-08,4095.469970703125,4095.469970703125,4105.5,4076.6298828125,4086.52001953125,1670210000
2014-09-09,4061.8798828125,4061.8798828125,4110.85986328125,4053.110107421875,4094.02001953125,1956550000
2014-09-10,4094.969970703125,4094.969970703125,4095.909912109375,4054.610107421875,4063.85009765625,1808650000
2014-09-11,4092.64990234375,4092.64990234375,4092.7900390625,4060.919921875,4077.68994140625,1704850000
2014-09-12,4069.22998046875,4069.22998046875,4089.6201171875,4057.530029296875,4087.169921875,1784180000
2014-09-15,4029.889892578125,4029.889892578125,4070.820068359375,4018.300048828125,4070.199951171875,1940520000
2014-09-16,4067.27001953125,4067.27001953125,4073.139892578125,4009.97998046875,4012.530029296875,1879350000
2014-09-17,4073.570068359375,4073.570068359375,4090.949951171875,4048.580078125,4066.760009765625,1796710000
2014-09-18,4103.080078125,4103.080078125,4103.419921875,4080.820068359375,4084.510009765625,1774840000
2014-09-19,4100.08984375,4100.08984375,4118.91015625,4084.449951171875,4113.02001953125,3178490000
2014-09-22,4061.22998046875,4061.22998046875,4092.139892578125,4044.989990234375,4091.8701171875,1881520000
2014-09-23,4051.570068359375,4051.570068359375,4069.2099609375,4043.260009765625,4045.669921875,1847730000
2014-09-24,4094.31005859375,4094.31005859375,4096.27001953125,4041.719970703125,4055.419921875,1765260000
2014-09-25,4007.820068359375,4007.820068359375,4087.18994140625,4007.6298828125,4079.3701171875,1939610000
2014-09-26,4053.719970703125,4053.719970703125,4057.469970703125,4015.02001953125,4016.969970703125,1637480000
2014-09-29,4047.179931640625,4047.179931640625,4056.429931640625,4008.580078125,4009.659912109375,1737750000
2014-09-30,4049.449951171875,4049.449951171875,4070.43994140625,4031.699951171875,4054.860107421875,2200380000
2014-10-01,3984.739990234375,3984.739990234375,4043.43994140625,3972.909912109375,4043.330078125,2312630000
2014-10-02,3985.8701171875,3985.8701171875,3996.75,3934.93994140625,3984.800048828125,2165500000
2014-10-03,4027.31005859375,4027.31005859375,4040.56005859375,3995.81005859375,4004.75,1777640000
2014-10-06,4016.27001953125,4016.27001953125,4046.7099609375,4004.2099609375,4041.39990234375,1828240000
2014-10-07,3958.590087890625,3958.590087890625,4007.93994140625,3958.43994140625,3999.25,2111360000
2014-10-08,4041.1201171875,4041.1201171875,4048.7900390625,3938.159912109375,3960.7900390625,2451630000
2014-10-09,3969.320068359375,3969.320068359375,4040.5400390625,3965.3701171875,4031.6201171875,2264220000
2014-10-10,3870.860107421875,3870.860107421875,3969.47998046875,3870.860107421875,3946.320068359375,2765750000
2014-10-13,3808.0,3808.0,3893.659912109375,3807.889892578125,3866.889892578125,2467830000
2014-10-14,3810.449951171875,3810.449951171875,3860.0400390625,3801.159912109375,3837.219970703125,2496120000
2014-10-15,3785.969970703125,3785.969970703125,3801.419921875,3700.22998046875,3738.719970703125,3058740000
2014-10-16,3765.280029296875,3765.280029296875,3795.080078125,3704.830078125,3706.699951171875,2591940000
2014-10-17,3815.469970703125,3815.469970703125,3848.97998046875,3791.159912109375,3815.719970703125,2260070000
2014-10-20,3870.080078125,3870.080078125,3872.360107421875,3804.969970703125,3813.60009765625,1717370000
2014-10-21,3971.389892578125,3971.389892578125,3971.39990234375,3908.830078125,3916.64990234375,1997580000
2014-10-22,3949.590087890625,3949.590087890625,3988.39990234375,3947.97998046875,3980.489990234375,1967020000
2014-10-23,4012.27001953125,4012.27001953125,4032.219970703125,3984.14990234375,3989.860107421875,1952380000
2014-10-24,4042.02001953125,4042.02001953125,4045.18994140625,4003.429931640625,4019.840087890625,1754300000
2014-10-27,4046.02001953125,4046.02001953125,4052.5,4019.22998046875,4031.8798828125,1585580000
2014-10-28,4106.6298828125,4106.6298828125,4107.18994140625,4062.2099609375,4063.070068359375,1966920000
2014-10-29,4090.550048828125,4090.550048828125,4104.06005859375,4062.489990234375,4091.6201171875,2184050000
2014-10-30,4100.64013671875,4100.64013671875,4109.06005859375,4064.449951171875,4074.260009765625,2034960000
2014-10-31,4158.2099609375,4158.2099609375,4170.8701171875,4143.2001953125,4168.5,2424360000
2014-11-03,4169.27978515625,4169.27978515625,4179.35986328125,4156.7900390625,4160.60009765625,2033000000
2014-11-04,4156.22998046875,4156.22998046875,4165.0498046875,4126.72021484375,4154.8798828125,1939320000
2014-11-05,4153.27001953125,4153.27001953125,4179.93017578125,4140.2099609375,4179.22998046875,2001870000
2014-11-06,4164.080078125,4164.080078125,4165.77001953125,4133.97998046875,4147.31005859375,1986820000
2014-11-07,4160.5,4160.5,4171.1298828125,4139.4599609375,4170.4599609375,1978830000
2014-11-10,4175.9501953125,4175.9501953125,4179.97998046875,4151.47998046875,4162.58984375,1830010000
2014-11-11,4187.16015625,4187.16015625,4187.31005859375,4165.25,4173.60986328125,1663690000
2014-11-12,4195.39990234375,4195.39990234375,4199.18994140625,4173.02001953125,4174.47021484375,1773060000
2014-11-13,4213.47998046875,4213.47998046875,4228.68017578125,4194.330078125,4202.77001953125,1857580000
2014-11-14,4224.990234375,4224.990234375,4225.18017578125,4198.58984375,4214.97021484375,1739950000
2014-11-17,4213.7900390625,4213.7900390625,4225.47998046875,4194.18017578125,4215.2900390625,1695070000
2014-11-18,4242.18994140625,4242.18994140625,4248.18994140625,4214.31982421875,4215.18017578125,1655760000
2014-11-19,4222.66015625,4222.66015625,4235.83984375,4204.16015625,4233.7099609375,1641560000
2014-11-20,4242.08984375,4242.08984375,4245.169921875,4202.35986328125,4204.5400390625,1667330000
2014-11-21,4251.31982421875,4251.31982421875,4285.27001953125,4237.3798828125,4284.41015625,1854340000
2014-11-24,4284.31982421875,4284.31982421875,4285.0,4258.41015625,4262.08984375,1568130000
2014-11-25,4288.22998046875,4288.22998046875,4302.43994140625,4279.89990234375,4290.68017578125,1720140000
2014-11-26,4317.990234375,4317.990234375,4319.41015625,4289.509765625,4291.8701171875,1362930000
2014-11-28,4337.7900390625,4337.7900390625,4347.08984375,4326.2099609375,4330.9599609375,998600000
2014-12-01,4287.81005859375,4287.81005859375,4332.5498046875,4274.68017578125,4323.9501953125,1893600000
2014-12-02,4305.9599609375,4305.9599609375,4312.919921875,4283.89013671875,4291.330078125,1839170000
2014-12-03,4312.93017578125,4312.93017578125,4319.02001953125,4287.0400390625,4312.169921875,1734510000
2014-12-04,4311.93017578125,4311.93017578125,4327.5498046875,4293.93994140625,4309.47998046875,1724090000
2014-12-05,4311.56982421875,4311.56982421875,4324.419921875,4302.0400390625,4318.27978515625,1767100000
2014-12-08,4278.33984375,4278.33984375,4320.080078125,4259.009765625,4301.27001953125,1966770000
2014-12-09,4294.669921875,4294.669921875,4297.72998046875,4216.8701171875,4228.2099609375,1950330000
2014-12-10,4224.8701171875,4224.8701171875,4297.0,4218.85009765625,4284.5,1850810000
2014-12-11,4246.47998046875,4246.47998046875,4296.81005859375,4238.2900390625,4241.68994140625,1873050000
2014-12-12,4199.27978515625,4199.27978515625,4254.43017578125,4199.27978515625,4207.60986328125,1888870000
2014-12-15,4157.41015625,4157.41015625,4236.06005859375,4145.009765625,4224.169921875,2143610000
2014-12-16,4089.60009765625,4089.60009765625,4190.419921875,4089.18994140625,4122.22998046875,2231670000
2014-12-17,4165.10009765625,4165.10009765625,4175.97021484375,4089.090087890625,4095.75,2279930000
2014-12-18,4267.77001953125,4267.77001953125,4267.77001953125,4213.2099609375,4230.35009765625,2172260000
2014-12-19,4281.77978515625,4281.77978515625,4300.39990234375,4258.330078125,4272.75,3287920000
2014-12-22,4293.669921875,4293.669921875,4295.27001953125,4270.5400390625,4271.8701171875,1720070000
2014-12-23,4279.2998046875,4279.2998046875,4309.02978515625,4274.509765625,4308.9501953125,1590820000
2014-12-24,4283.10009765625,4283.10009765625,4298.8701171875,4281.7998046875,4283.18994140625,729750000
2014-12-26,4314.08984375,4314.08984375,4322.4501953125,4294.7998046875,4295.72021484375,930220000
2014-12-29,4312.64013671875,4312.64013671875,4321.2001953125,4306.669921875,4309.7001953125,1227740000
2014-12-30,4282.35009765625,4282.35009765625,4309.1298828125,4277.75,4301.14013671875,1269200000
2014-12-31,4236.27978515625,4236.27978515625,4307.009765625,4233.7099609375,4294.8798828125,1515600000
2015-01-02,4230.240234375,4230.240234375,4276.7099609375,4206.4599609375,4258.60009765625,1435150000
2015-01-05,4160.9599609375,4160.9599609375,4210.9599609375,4151.85009765625,4206.5498046875,1794470000
2015-01-06,4110.830078125,4110.830078125,4176.259765625,4090.330078125,4174.77978515625,2167320000
2015-01-07,4160.0,4160.0,4169.97021484375,4126.39013671875,4139.85009765625,1957950000
2015-01-08,4240.5498046875,4240.5498046875,4247.93017578125,4192.6298828125,4195.490234375,2105450000
2015-01-09,4213.27978515625,4213.27978515625,4253.97021484375,4188.60986328125,4250.97998046875,1715830000
2015-01-12,4169.97021484375,4169.97021484375,4223.8798828125,4158.10986328125,4221.52001953125,1861960000
2015-01-13,4166.2001953125,4166.2001953125,4252.7001953125,4134.93994140625,4212.990234375,2162180000
2015-01-14,4145.83984375,4145.83984375,4165.0,4108.31982421875,4122.080078125,2073810000
2015-01-15,4089.64990234375,4089.64990234375,4169.43994140625,4085.699951171875,4162.10986328125,1976260000
2015-01-16,4142.14013671875,4142.14013671875,4143.52978515625,4078.85009765625,4087.8798828125,1970520000
2015-01-20,4171.2099609375,4171.2099609375,4181.33984375,4117.14990234375,4164.43017578125,1835040000
2015-01-21,4192.08984375,4192.08984375,4211.27978515625,4145.81982421875,4158.1298828125,1847420000
2015-01-22,4270.35986328125,4270.35986328125,4274.14990234375,4173.5400390625,4215.0,1996550000
2015-01-23,4278.14013671875,4278.14013671875,4292.8798828125,4258.47998046875,4268.52978515625,1653830000
2015-01-26,4275.72021484375,4275.72021484375,4282.47998046875,4254.47021484375,4271.10009765625,1717510000
2015-01-27,4165.5,4165.5,4209.41015625,4151.14990234375,4200.8798828125,1954160000
2015-01-28,4140.3798828125,4140.3798828125,4235.14990234375,4140.3798828125,4233.740234375,2118680000
2015-01-29,4181.35009765625,4181.35009765625,4189.5400390625,4103.7099609375,4134.52001953125,2110710000
2015-01-30,4148.43017578125,4148.43017578125,4210.85009765625,4144.02978515625,4178.6201171875,2264230000
2015-02-02,4188.58984375,4188.58984375,4189.08984375,4094.72998046875,4162.2001953125,2006450000
2015-02-03,4229.14990234375,4229.14990234375,4229.14990234375,4174.22998046875,4201.93994140625,2153520000
2015-02-04,4221.2001953125,4221.2001953125,4248.83984375,4198.740234375,4202.43017578125,2212960000
2015-02-05,4256.18017578125,4256.18017578125,4258.0,4220.169921875,4229.6201171875,2036590000
2015-02-06,4228.68017578125,4228.68017578125,4271.27978515625,4214.89013671875,4259.97998046875,2034060000
2015-02-09,4216.08984375,4216.08984375,4235.240234375,4206.759765625,4209.81005859375,1654680000
2015-02-10,4281.16015625,4281.16015625,4286.43017578125,4232.990234375,4240.0400390625,1773730000
2015-02-11,4297.27978515625,4297.27978515625,4305.35009765625,4277.64990234375,4284.759765625,1793630000
2015-02-12,4347.97021484375,4347.97021484375,4347.97021484375,4317.97998046875,4321.41015625,2075470000
2015-02-13,4384.02978515625,4384.02978515625,4384.02978515625,4351.02001953125,4359.77978515625,1942240000
2015-02-17,4385.33984375,4385.33984375,4387.31982421875,4370.6298828125,4379.31982421875,1751490000
2015-02-18,4390.91015625,4390.91015625,4393.18994140625,4374.22998046875,4378.72998046875,1684800000
2015-02-19,4411.85986328125,4411.85986328125,4415.7900390625,4388.43994140625,4388.919921875,1592890000
2015-02-20,4443.0498046875,4443.0498046875,4444.6201171875,4397.6201171875,4406.75,1761140000
2015-02-23,4449.490234375,4449.490234375,4449.490234375,4430.8701171875,4441.259765625,1754850000
2015-02-24,4451.02978515625,4451.02978515625,4455.52001953125,4428.81982421875,4442.1298828125,1834890000
2015-02-25,4440.58984375,4440.58984375,4461.10986328125,4429.89990234375,4441.080078125,1848560000
2015-02-26,4462.27001953125,4462.27001953125,4463.81005859375,4430.7900390625,4443.5498046875,1905550000
2015-02-27,4440.669921875,4440.669921875,4464.31005859375,4435.66015625,4459.85986328125,1955590000
2015-03-02,4483.0498046875,4483.0498046875,4483.97021484375,4450.85986328125,4452.7998046875,1931110000
2015-03-03,4458.77978515625,4458.77978515625,4473.64013671875,4433.509765625,4466.52978515625,2018900000
2015-03-04,4445.35986328125,4445.35986328125,4452.3701171875,4421.0,4442.41015625,1824830000
2015-03-05,4452.06005859375,4452.06005859375,4464.47998046875,4433.93994140625,4454.89013671875,1724200000
2015-03-06,4399.22998046875,4399.22998046875,4453.93017578125,4389.81982421875,4442.18994140625,1918220000
2015-03-09,4412.990234375,4412.990234375,4424.22021484375,4391.6201171875,4406.8701171875,1696510000
2015-03-10,4329.080078125,4329.080078125,4381.6201171875,4329.080078125,4376.02978515625,1876010000
2015-03-11,4305.3798828125,4305.3798828125,4342.8701171875,4304.27978515625,4336.0498046875,1846020000
2015-03-12,4336.22998046875,4336.22998046875,4339.2001953125,4300.8701171875,4302.72998046875,1855110000
2015-03-13,4314.89990234375,4314.89990234375,4347.8701171875,4289.2998046875,4328.08984375,1851410000
2015-03-16,4370.47021484375,4370.47021484375,4371.4599609375,4327.27001953125,4338.2900390625,1713480000
2015-03-17,4375.6298828125,4375.6298828125,4384.97998046875,4349.68994140625,4355.830078125,1724370000
2015-03-18,4422.5,4422.5,4440.490234375,4344.490234375,4366.7998046875,1983570000
2015-03-19,4426.81982421875,4426.81982421875,4440.009765625,4419.83984375,4424.7900390625,1674970000
2015-03-20,4458.5400390625,4458.5400390625,4478.68017578125,4456.41015625,4468.2900390625,2825670000
2015-03-23,4445.5400390625,4445.5400390625,4466.33984375,4445.52001953125,4454.14990234375,1608880000
2015-03-24,4430.990234375,4430.990234375,4467.7900390625,4430.97021484375,4444.39013671875,1611670000
2015-03-25,4329.2900390625,4329.2900390625,4442.5400390625,4329.2900390625,4437.3798828125,2219520000
2015-03-26,4315.259765625,4315.259765625,4340.16015625,4280.9501953125,4288.16015625,2004960000
2015-03-27,4332.85986328125,4332.85986328125,4342.93017578125,4309.52001953125,4314.60009765625,1678650000
2015-03-30,4382.81982421875,4382.81982421875,4384.18017578125,4359.77978515625,4359.77978515625,1778520000
2015-03-31,4333.68994140625,4333.68994140625,4377.35986328125,4333.68994140625,4364.14013671875,1837660000
2015-04-01,4311.259765625,4311.259765625,4334.56005859375,4284.06005859375,4328.169921875,1874960000
2015-04-02,4316.009765625,4316.009765625,4327.7900390625,4302.490234375,4316.240234375,1563670000
2015-04-06,4350.97998046875,4350.97998046875,4361.56005859375,4283.91015625,4286.16015625,1737560000
2015-04-07,4344.080078125,4344.080078125,4379.41015625,4343.740234375,4349.2998046875,1572940000
2015-04-08,4375.9599609375,4375.9599609375,4382.81982421875,4345.08984375,4345.22998046875,1714210000
2015-04-09,4403.9501953125,4403.9501953125,4405.64990234375,4361.22998046875,4375.77978515625,1729750000
2015-04-10,4422.02001953125,4422.02001953125,4422.6298828125,4394.3798828125,4402.02001953125,244120000
2015-04-13,4409.2099609375,4409.2099609375,4448.2001953125,4407.06982421875,4428.1298828125,1544190000
2015-04-14,4397.64013671875,4397.64013671875,4418.8701171875,4375.10986328125,4409.2900390625,1571360000
2015-04-15,4424.52978515625,4424.52978515625,4435.27978515625,4406.0400390625,4409.740234375,1795530000
2015-04-16,4418.830078125,4418.830078125,4427.22021484375,4408.9599609375,4412.14990234375,1662850000
2015-04-17,4351.7998046875,4351.7998046875,4390.31005859375,4333.10986328125,4379.6298828125,1985190000
2015-04-20,4417.39990234375,4417.39990234375,4423.8798828125,4373.08984375,4373.64990234375,1646340000
2015-04-21,4435.97998046875,4435.97998046875,4448.68017578125,4430.97998046875,4444.5,1721260000
2015-04-22,4460.81005859375,4460.81005859375,4466.83984375,4419.35009765625,4448.580078125,1696380000
2015-04-23,4477.06982421875,4477.06982421875,4496.080078125,4444.2900390625,4445.169921875,1858620000
2015-04-24,4536.77978515625,4536.77978515625,4543.64013671875,4517.8798828125,4529.72998046875,1895150000
2015-04-27,4525.0400390625,4525.0400390625,4562.330078125,4516.330078125,4548.509765625,2172470000
2015-04-28,4515.27001953125,4515.27001953125,4537.14990234375,4479.009765625,4529.41015625,2032500000
2015-04-29,4488.14990234375,4488.14990234375,4517.009765625,4463.97998046875,4490.56982421875,1871300000
2015-04-30,4414.25,4414.25,4480.35986328125,4395.10009765625,4459.22998046875,2269290000
2015-05-01,4479.06005859375,4479.06005859375,4479.06005859375,4435.240234375,4437.7001953125,1854400000
2015-05-04,4482.60986328125,4482.60986328125,4510.47021484375,4480.85009765625,4491.18994140625,1668200000
2015-05-05,4409.39013671875,4409.39013671875,4472.22998046875,4407.27001953125,4464.2099609375,2069490000
2015-05-06,4379.75,4379.75,4429.9599609375,4349.93017578125,4420.2998046875,2144620000
2015-05-07,4401.5498046875,4401.5498046875,4413.72998046875,4373.2900390625,4377.81005859375,2042960000
2015-05-08,4458.64990234375,4458.64990234375,4466.169921875,4441.72998046875,4445.0,1978760000
2015-05-11,4438.64013671875,4438.64013671875,4468.75,4437.52978515625,4457.6201171875,1731390000
2015-05-12,4420.64990234375,4420.64990234375,4441.39990234375,4380.52001953125,4412.81982421875,1705870000
2015-05-13,4426.56005859375,4426.56005859375,4460.5400390625,4421.75,4436.080078125,1672260000
2015-05-14,4495.0400390625,4495.0400390625,4496.25,4448.3798828125,4461.06982421875,1741970000
2015-05-15,4494.2900390625,4494.2900390625,4509.1298828125,4482.5498046875,4505.39013671875,1667260000
2015-05-18,4512.9501953125,4512.9501953125,4521.009765625,4483.759765625,4487.14013671875,1643870000
2015-05-19,4503.72021484375,4503.72021484375,4521.85009765625,4498.52978515625,4514.669921875,1750980000
2015-05-20,4505.2998046875,4505.2998046875,4533.919921875,4484.52001953125,4505.58984375,1786830000
2015-05-21,4529.47021484375,4529.47021484375,4537.27978515625,4495.39013671875,4499.419921875,1683670000
2015-05-22,4527.16015625,4527.16015625,4542.4599609375,4522.60986328125,4522.85986328125,1544920000
2015-05-26,4472.9599609375,4472.9599609375,4521.85009765625,4456.759765625,4516.6298828125,1731950000
2015-05-27,4546.06005859375,4546.06005859375,4551.52978515625,4479.740234375,4488.0498046875,1809550000
2015-05-28,4535.66015625,4535.66015625,4548.240234375,4523.5498046875,4537.47998046875,1741420000
2015-05-29,4508.25,4508.25,4539.56982421875,4499.64990234375,4532.14990234375,2024170000
2015-06-01,4521.85009765625,4521.85009765625,4535.43017578125,4488.169921875,4530.02978515625,1902120000
2015-06-02,4508.89013671875,4508.89013671875,4531.080078125,4486.18994140625,4503.759765625,1729750000
2015-06-03,4519.85986328125,4519.85986328125,4539.35009765625,4512.43994140625,4531.0400390625,1852680000
2015-06-04,4487.02978515625,4487.02978515625,4526.2099609375,4475.0498046875,4501.72998046875,1813960000
2015-06-05,4477.18994140625,4477.18994140625,4493.43017578125,4452.31982421875,4483.43017578125,1842890000
2015-06-08,4431.509765625,4431.509765625,4477.830078125,4423.7998046875,4476.68994140625,1712210000
2015-06-09,4427.60986328125,4427.60986328125,4441.6201171875,4392.4501953125,4421.02001953125,1754340000
2015-06-10,4485.4599609375,4485.4599609375,4497.509765625,4435.2900390625,4440.5400390625,1792980000
2015-06-11,4488.47021484375,4488.47021484375,4511.31982421875,4483.83984375,4498.490234375,1623950000
2015-06-12,4453.7900390625,4453.7900390625,4476.2099609375,4449.2099609375,4467.3798828125,1428900000
2015-06-15,4432.919921875,4432.919921875,4437.97021484375,4396.1298828125,4416.14013671875,1790280000
2015-06-16,4455.89990234375,4455.89990234375,4463.2001953125,4426.18994140625,4428.2998046875,1654820000
2015-06-17,4468.97998046875,4468.97998046875,4482.27001953125,4441.33984375,4465.169921875,1712820000
2015-06-18,4531.85009765625,4531.85009765625,4540.68994140625,4483.60986328125,4483.60986328125,1877920000
2015-06-19,4513.419921875,4513.419921875,4539.490234375,4511.2099609375,4538.7099609375,2468310000
2015-06-22,4544.0400390625,4544.0400390625,4557.97998046875,4534.759765625,4541.85009765625,1619970000
2015-06-23,4548.740234375,4548.740234375,4551.77001953125,4529.990234375,4549.52001953125,1613540000
2015-06-24,4524.60009765625,4524.60009765625,4561.64013671875,4523.89990234375,4542.06982421875,1628800000
2015-06-25,4514.009765625,4514.009765625,4546.14990234375,4508.66015625,4540.39990234375,1614760000
2015-06-26,4484.27978515625,4484.27978515625,4523.97021484375,4469.22998046875,4514.3701171875,3843810000
2015-06-29,4379.8701171875,4379.8701171875,4460.080078125,4377.22998046875,4433.10986328125,2025580000
2015-06-30,4396.759765625,4396.759765625,4420.5,4381.93994140625,4414.85986328125,2034430000
2015-07-01,4429.22998046875,4429.22998046875,4445.89990234375,4409.419921875,4433.7900390625,1814560000
2015-07-02,4433.39013671875,4433.39013671875,4445.830078125,4417.47998046875,4440.169921875,1490810000
2015-07-06,4418.66015625,4418.66015625,4444.41015625,4394.43994140625,4394.43994140625,1741500000
2015-07-07,4429.06005859375,4429.06005859375,4434.91015625,4344.14990234375,4422.75,2132080000
2015-07-08,4351.580078125,4351.580078125,4403.1298828125,4346.419921875,4392.509765625,1931520000
2015-07-09,4352.02978515625,4352.02978515625,4414.43017578125,4351.509765625,4410.27001953125,1861600000
2015-07-10,4420.14990234375,4420.14990234375,4434.10986328125,4394.009765625,4405.990234375,1590230000
2015-07-13,4494.47021484375,4494.47021484375,4498.740234375,4456.5400390625,4457.759765625,1694140000
2015-07-14,4523.47021484375,4523.47021484375,4537.2099609375,4500.66015625,4503.2001953125,1682660000
2015-07-15,4528.35986328125,4528.35986328125,4547.18017578125,4517.39990234375,4531.31982421875,1691350000
2015-07-16,4594.89990234375,4594.89990234375,4595.02001953125,4558.31982421875,4567.06005859375,1823530000
2015-07-17,4661.60009765625,4661.60009765625,4661.60009765625,4624.68017578125,4635.47998046875,1854450000
2015-07-20,4679.68017578125,4679.68017578125,4694.1298828125,4657.97998046875,4670.22998046875,1814180000
2015-07-21,4674.41015625,4674.41015625,4686.35986328125,4661.759765625,4679.5400390625,1774570000
2015-07-22,4623.240234375,4623.240234375,4643.830078125,4604.52978515625,4604.97021484375,2035730000
2015-07-23,4602.830078125,4602.830078125,4641.580078125,4592.490234375,4627.56005859375,2003310000
2015-07-24,4557.3701171875,4557.3701171875,4632.06005859375,4552.39990234375,4630.9501953125,2004380000
2015-07-27,4519.08984375,4519.08984375,4551.990234375,4511.919921875,4530.3701171875,1935470000
2015-07-28,4560.22998046875,4560.22998046875,4568.7900390625,4506.18994140625,4539.47021484375,2025110000
2015-07-29,4581.60009765625,4581.60009765625,4586.77978515625,4552.759765625,4570.5,1898100000
2015-07-30,4598.58984375,4598.58984375,4606.64990234375,4540.97998046875,4570.77001953125,1908480000
2015-07-31,4588.91015625,4588.91015625,4616.47998046875,4584.22021484375,4616.47998046875,1926360000
2015-08-03,4580.4599609375,4580.4599609375,4607.52001953125,4549.60009765625,4595.259765625,1790080000
2015-08-04,4567.47021484375,4567.47021484375,4584.4501953125,4551.89990234375,4573.25,1819700000
2015-08-05,4602.240234375,4602.240234375,4634.7001953125,4590.18994140625,4592.81005859375,2041490000
2015-08-06,4528.509765625,4528.509765625,4612.6201171875,4508.2998046875,4608.68994140625,2290950000
2015-08-07,4520.080078125,4520.080078125,4532.4599609375,4485.5,4519.35986328125,2008360000
2015-08-10,4573.10986328125,4573.10986328125,4583.6298828125,4554.6298828125,4558.68017578125,1784930000
2015-08-11,4513.990234375,4513.990234375,4567.68994140625,4491.06005859375,4548.75,1912340000
2015-08-12,4528.18994140625,4528.18994140625,4539.18017578125,4436.5400390625,4475.91015625,2089460000
2015-08-13,4519.31982421875,4519.31982421875,4556.14013671875,4514.4501953125,4536.9599609375,1632340000
2015-08-14,4530.740234375,4530.740234375,4536.2001953125,4503.830078125,4512.8798828125,1487630000
2015-08-17,4566.3701171875,4566.3701171875,4568.58984375,4507.97998046875,4516.8798828125,1510790000
2015-08-18,4542.06982421875,4542.06982421875,4562.14990234375,4536.0498046875,4556.22998046875,1501540000
2015-08-19,4510.89990234375,4510.89990234375,4550.669921875,4486.10986328125,4525.31982421875,1785420000
2015-08-20,4385.1298828125,4385.1298828125,4484.35986328125,4385.1298828125,4467.7900390625,2087000000
2015-08-21,4197.27001953125,4197.27001953125,4361.31982421875,4197.27001953125,4313.18994140625,2768540000
2015-08-24,4038.60009765625,4038.60009765625,4199.7900390625,3787.22998046875,3847.1201171875,3498840000
2015-08-25,4016.320068359375,4016.320068359375,4207.3798828125,4015.909912109375,4187.27978515625,2612800000
2015-08-26,4219.60009765625,4219.60009765625,4227.85986328125,4052.5400390625,4141.240234375,2631660000
2015-08-27,4324.81982421875,4324.81982421875,4328.990234375,4231.14013671875,4281.6298828125,2358880000
2015-08-28,4329.1201171875,4329.1201171875,4340.7001953125,4295.56005859375,4307.0498046875,1936540000
2015-08-31,4274.580078125,4274.580078125,4324.740234375,4262.08984375,4299.8798828125,1839010000
2015-09-01,4142.6298828125,4142.6298828125,4229.31005859375,4121.830078125,4177.93994140625,2253750000
2015-09-02,4256.22998046875,4256.22998046875,4256.22998046875,4166.080078125,4207.68017578125,1929080000
2015-09-03,4234.64990234375,4234.64990234375,4300.2998046875,4222.3798828125,4267.33984375,1803320000
2015-09-04,4184.72021484375,4184.72021484375,4210.81005859375,4160.43017578125,4175.6201171875,1574720000
2015-09-08,4303.52978515625,4303.52978515625,4306.5,4247.14013671875,4267.39990234375,1765600000
2015-09-09,4253.4501953125,4253.4501953125,4352.9599609375,4242.47021484375,4346.35986328125,1963750000
2015-09-10,4296.2998046875,4296.2998046875,4326.77001953125,4243.68994140625,4248.47998046875,1845770000
2015-09-11,4323.22998046875,4323.22998046875,4323.22998046875,4268.10009765625,4273.6201171875,1686190000
2015-09-14,4308.759765625,4308.759765625,4334.93994140625,4293.77001953125,4334.85986328125,1467740000
2015-09-15,4360.27978515625,4360.27978515625,4373.18994140625,4303.89013671875,4322.41015625,1587460000
2015-09-16,4383.669921875,4383.669921875,4388.31982421875,4346.47021484375,4357.35986328125,1666380000
2015-09-17,4384.9599609375,4384.9599609375,4450.66015625,4368.7998046875,4378.990234375,1891510000
2015-09-18,4323.85986328125,4323.85986328125,4374.919921875,4317.08984375,4325.2900390625,3272150000
2015-09-21,4336.1298828125,4336.1298828125,4372.419921875,4299.93994140625,4343.77001953125,2021530000
2015-09-22,4274.10009765625,4274.10009765625,4286.60009765625,4233.89990234375,4273.2998046875,2042880000
2015-09-23,4273.52978515625,4273.52978515625,4294.72998046875,4255.06005859375,4280.009765625,1606330000
2015-09-24,4261.10009765625,4261.10009765625,4275.64013671875,4198.10986328125,4239.85009765625,1995820000
2015-09-25,4224.740234375,4224.740234375,4308.66015625,4198.9599609375,4305.39013671875,2050530000
2015-09-28,4103.47021484375,4103.47021484375,4207.02001953125,4092.2900390625,4206.68017578125,2387610000
2015-09-29,4083.3701171875,4083.3701171875,4155.31005859375,4053.1201171875,4110.259765625,2293450000
2015-09-30,4181.06005859375,4181.06005859375,4181.06005859375,4125.2001953125,4137.18017578125,2398350000
2015-10-01,4192.9599609375,4192.9599609375,4194.18017578125,4128.33984375,4185.27978515625,2133990000
2015-10-02,4267.4501953125,4267.4501953125,4267.4501953125,4124.5498046875,4136.9599609375,2183320000
2015-10-05,4331.43017578125,4331.43017578125,4339.22998046875,4290.25,4296.5400390625,2005320000
2015-10-06,4306.7001953125,4306.7001953125,4332.02978515625,4273.7001953125,4315.31982421875,2085020000
2015-10-07,4333.4599609375,4333.4599609375,4342.58984375,4279.2099609375,4331.8701171875,2149890000
2015-10-08,4350.14990234375,4350.14990234375,4358.08984375,4275.58984375,4316.18017578125,1984230000
2015-10-09,4370.009765625,4370.009765625,4378.259765625,4341.509765625,4355.240234375,1804260000
2015-10-12,4382.56005859375,4382.56005859375,4389.77001953125,4363.9599609375,4378.64013671875,1343820000
2015-10-13,4352.93994140625,4352.93994140625,4399.93017578125,4349.18017578125,4354.06005859375,1565060000
2015-10-14,4346.919921875,4346.919921875,4373.7099609375,4328.9599609375,4356.81982421875,1902460000
2015-10-15,4418.22021484375,4418.22021484375,4418.25,4357.22021484375,4361.97998046875,1942900000
2015-10-16,4438.6201171875,4438.6201171875,4438.75,4405.8798828125,4419.9501953125,1855290000
2015-10-19,4462.06982421875,4462.06982421875,4464.77978515625,4420.7998046875,4428.06005859375,1619920000
2015-10-20,4438.18017578125,4438.18017578125,4463.10986328125,4424.33984375,4454.6201171875,1711700000
2015-10-21,4413.52001953125,4413.52001953125,4464.72998046875,4409.89990234375,4462.22021484375,1895390000
2015-10-22,4503.22021484375,4503.22021484375,4504.7001953125,4438.60009765625,4451.31982421875,2156040000
2015-10-23,4624.08984375,4624.08984375,4645.9599609375,4598.740234375,4623.72021484375,2178270000
2015-10-26,4630.85009765625,4630.85009765625,4638.75,4606.66015625,4621.14013671875,1758690000
2015-10-27,4639.22998046875,4639.22998046875,4645.93994140625,4617.43994140625,4617.60009765625,1986840000
2015-10-28,4678.580078125,4678.580078125,4678.580078125,4609.93017578125,4649.10009765625,2141130000
2015-10-29,4670.759765625,4670.759765625,4678.2001953125,4653.0,4657.77978515625,1928310000
2015-10-30,4648.830078125,4648.830078125,4681.22998046875,4648.830078125,4676.2998046875,2016390000
2015-11-02,4703.919921875,4703.919921875,4707.77001953125,4652.4501953125,4658.7900390625,1888180000
2015-11-03,4719.0498046875,4719.0498046875,4735.31005859375,4685.97998046875,4692.02978515625,2028630000
2015-11-04,4717.5498046875,4717.5498046875,4737.1201171875,4698.83984375,4729.06982421875,2096110000
2015-11-05,4702.89990234375,4702.89990234375,4731.56005859375,4678.7900390625,4718.509765625,2054490000
2015-11-06,4707.22998046875,4707.22998046875,4710.47021484375,4665.41015625,4695.8798828125,2066430000
2015-11-09,4655.52001953125,4655.52001953125,4694.27001953125,4627.1201171875,4687.35009765625,1850770000
2015-11-10,4641.72998046875,4641.72998046875,4647.31982421875,4616.7099609375,4628.830078125,1906120000
2015-11-11,4636.93994140625,4636.93994140625,4677.77978515625,4631.06005859375,4657.18994140625,1672340000
2015-11-12,4588.93017578125,4588.93017578125,4639.259765625,4588.080078125,4617.77978515625,1820930000
2015-11-13,4502.14013671875,4502.14013671875,4575.7998046875,4499.14990234375,4566.1201171875,2001050000
2015-11-16,4565.47021484375,4565.47021484375,4566.02978515625,4486.08984375,4494.56005859375,1819190000
2015-11-17,4565.81982421875,4565.81982421875,4598.27001953125,4554.89013671875,4571.5498046875,1861710000
2015-11-18,4653.43994140625,4653.43994140625,4657.6298828125,4580.72021484375,4586.240234375,2017390000
2015-11-19,4655.35009765625,4655.35009765625,4678.02001953125,4648.93994140625,4657.60986328125,1794110000
2015-11-20,4686.35986328125,4686.35986328125,4691.58984375,4674.60986328125,4680.509765625,1766630000
2015-11-23,4674.7900390625,4674.7900390625,4706.6201171875,4655.60009765625,4689.97998046875,1668280000
2015-11-24,4669.41015625,4669.41015625,4682.1298828125,4621.6298828125,4645.52001953125,1956920000
2015-11-25,4672.8798828125,4672.8798828125,4683.5498046875,4666.240234375,4674.22998046875,1539300000
2015-11-27,4680.47021484375,4680.47021484375,4689.580078125,4665.919921875,4680.43994140625,781730000
2015-11-30,4664.509765625,4664.509765625,4695.06005859375,4654.52978515625,4692.56982421875,2223880000
2015-12-01,4716.16015625,4716.16015625,4716.16015625,4682.39990234375,4685.740234375,2035570000
2015-12-02,4686.22021484375,4686.22021484375,4739.75,4680.06005859375,4720.27001953125,2060340000
2015-12-03,4606.75,4606.75,4705.77978515625,4579.91015625,4704.2001953125,2088100000
2015-12-04,4716.1201171875,4716.1201171875,4722.39013671875,4612.10986328125,4621.47998046875,1897490000
2015-12-07,4693.6201171875,4693.6201171875,4720.81982421875,4671.8701171875,4718.5498046875,1952690000
2015-12-08,4694.77001953125,4694.77001953125,4708.47021484375,4643.64990234375,4646.43017578125,1871450000
2015-12-09,4622.14013671875,4622.14013671875,4698.25,4595.009765625,4674.7998046875,2003450000
2015-12-10,4643.0498046875,4643.0498046875,4674.0,4619.97998046875,4627.77001953125,1746520000
2015-12-11,4537.56005859375,4537.56005859375,4600.91015625,4534.0498046875,4583.080078125,2084950000
2015-12-14,4570.16015625,4570.16015625,4571.56982421875,4478.25,4535.56005859375,2196060000
2015-12-15,4597.330078125,4597.330078125,4636.77001953125,4592.72021484375,4607.2001953125,2054710000
2015-12-16,4664.56005859375,4664.56005859375,4673.5400390625,4582.8701171875,4633.85009765625,2016610000
2015-12-17,4598.14013671875,4598.14013671875,4681.1298828125,4597.64990234375,4680.6298828125,1897220000
2015-12-18,4514.830078125,4514.830078125,4593.39990234375,4513.22998046875,4578.68994140625,3765210000
2015-12-21,4560.5498046875,4560.5498046875,4560.7099609375,4519.81982421875,4547.919921875,1673400000
2015-12-22,4589.259765625,4589.259765625,4596.080078125,4560.5400390625,4580.60986328125,1556670000
2015-12-23,4624.58984375,4624.58984375,4626.169921875,4605.35986328125,4612.16015625,1591490000
2015-12-24,4622.77001953125,4622.77001953125,4635.58984375,4620.7998046875,4626.31982421875,706880000
2015-12-28,4621.35009765625,4621.35009765625,4621.68017578125,4580.1298828125,4610.41015625,1310650000
2015-12-29,4691.080078125,4691.080078125,4702.740234375,4644.31982421875,4645.080078125,1383470000
2015-12-30,4652.009765625,4652.009765625,4688.66015625,4651.72998046875,4687.16015625,1247530000
2015-12-31,4593.27001953125,4593.27001953125,4642.5498046875,4592.8798828125,4634.16015625,1437480000
2016-01-04,4497.85986328125,4497.85986328125,4497.85986328125,4439.1298828125,4485.06005859375,2218420000
2016-01-05,4484.18017578125,4484.18017578125,4522.1201171875,4466.0498046875,4512.0400390625,1927380000
2016-01-06,4443.990234375,4443.990234375,4467.5498046875,4409.490234375,4409.77978515625,2168620000
2016-01-07,4305.72021484375,4305.72021484375,4403.60986328125,4303.66015625,4349.14013671875,2552590000
2016-01-08,4270.77978515625,4270.77978515625,4362.4599609375,4264.81005859375,4336.1201171875,2288750000
2016-01-11,4283.5498046875,4283.5498046875,4311.14013671875,4217.6298828125,4300.97021484375,2391110000
2016-01-12,4333.72021484375,4333.72021484375,4353.18994140625,4273.02001953125,4322.77001953125,2147470000
2016-01-13,4183.1201171875,4183.1201171875,4359.5,4177.2998046875,4352.64013671875,2533200000
2016-01-14,4272.97021484375,4272.97021484375,4308.25,4133.31982421875,4201.22998046875,2565560000
2016-01-15,4141.080078125,4141.080078125,4184.68994140625,4085.7900390625,4123.8701171875,2818630000
2016-01-19,4147.06982421875,4147.06982421875,4202.0400390625,4101.0498046875,4199.56005859375,2394550000
2016-01-20,4136.27978515625,4136.27978515625,4178.64013671875,3992.909912109375,4078.22998046875,3204130000
2016-01-21,4142.60009765625,4142.60009765625,4200.35986328125,4099.2998046875,4146.4501953125,2447750000
2016-01-22,4259.77001953125,4259.77001953125,4260.5498046875,4209.240234375,4226.43994140625,2153340000
2016-01-25,4196.52978515625,4196.52978515625,4268.10986328125,4193.31982421875,4245.47021484375,2028880000
2016-01-26,4233.85009765625,4233.85009765625,4250.97021484375,4177.85009765625,4211.919921875,1981180000
2016-01-27,4128.85986328125,4128.85986328125,4226.08984375,4111.93017578125,4214.93994140625,2115710000
2016-01-28,4186.06005859375,4186.06005859375,4197.47998046875,4116.5,4197.2001953125,2322310000
2016-01-29,4279.169921875,4279.169921875,4279.169921875,4184.31005859375,4186.35009765625,2607550000
2016-02-01,4286.56005859375,4286.56005859375,4301.6298828125,4238.2001953125,4254.41015625,1983340000
2016-02-02,4193.10009765625,4193.10009765625,4265.0400390625,4180.56982421875,4262.4501953125,2185180000
2016-02-03,4171.97021484375,4171.97021484375,4218.16015625,4099.240234375,4213.669921875,2466190000
2016-02-04,4167.77001953125,4167.77001953125,4200.990234375,4120.580078125,4158.0498046875,2200930000
2016-02-05,4024.469970703125,4024.469970703125,4152.72998046875,4008.449951171875,4150.35009765625,2479280000
2016-02-08,3960.669921875,3960.669921875,3979.090087890625,3888.780029296875,3947.989990234375,2702070000
2016-02-09,3947.800048828125,3947.800048828125,4008.06005859375,3902.739990234375,3903.929931640625,2465790000
2016-02-10,3966.280029296875,3966.280029296875,4045.47998046875,3962.699951171875,3996.760009765625,2448380000
2016-02-11,3962.219970703125,3962.219970703125,3988.7099609375,3902.860107421875,3910.570068359375,2812330000
2016-02-12,4019.18994140625,4019.18994140625,4022.1201171875,3965.739990234375,3996.639892578125,1983190000
2016-02-16,4104.330078125,4104.330078125,4104.330078125,4049.8798828125,4077.330078125,2117920000
2016-02-17,4199.10009765625,4199.10009765625,4204.6201171875,4125.830078125,4138.43017578125,2296440000
2016-02-18,4151.490234375,4151.490234375,4212.580078125,4146.10009765625,4212.22021484375,1955870000
2016-02-19,4164.08984375,4164.08984375,4175.080078125,4121.58984375,4129.75,1903770000
2016-02-22,4231.27001953125,4231.27001953125,4235.1201171875,4199.93017578125,4203.60009765625,1794020000
2016-02-23,4162.5400390625,4162.5400390625,4217.990234375,4158.56005859375,4209.31982421875,1777750000
2016-02-24,4200.66015625,4200.66015625,4205.97998046875,4088.1201171875,4116.02001953125,1978180000
2016-02-25,4241.06005859375,4241.06005859375,4241.25,4173.25,4212.47998046875,1667840000
2016-02-26,4235.6201171875,4235.6201171875,4275.830078125,4227.2900390625,4273.58984375,1814920000
2016-02-29,4201.1201171875,4201.1201171875,4263.31005859375,4200.14990234375,4228.56982421875,2065260000
2016-03-01,4333.60986328125,4333.60986328125,4333.60986328125,4225.93017578125,4238.080078125,2080150000
2016-03-02,4334.39013671875,4334.39013671875,4335.43017578125,4301.08984375,4328.72021484375,1912510000
2016-03-03,4325.85986328125,4325.85986328125,4331.490234375,4296.31982421875,4330.39990234375,1936290000
2016-03-04,4329.0,4329.0,4356.33984375,4301.35009765625,4334.02978515625,2171230000
2016-03-07,4303.330078125,4303.330078125,4330.27978515625,4271.56005859375,4303.81005859375,2084390000
2016-03-08,4265.509765625,4265.509765625,4308.83984375,4258.81982421875,4272.72021484375,1993060000
2016-03-09,4293.22998046875,4293.22998046875,4293.22998046875,4258.080078125,4281.10009765625,1789550000
2016-03-10,4286.97021484375,4286.97021484375,4335.330078125,4232.080078125,4307.8701171875,1936470000
2016-03-11,4361.830078125,4361.830078125,4361.830078125,4320.5498046875,4337.1201171875,1801790000
2016-03-14,4367.330078125,4367.330078125,4378.35009765625,4347.5498046875,4347.93994140625,1615100000
2016-03-15,4367.080078125,4367.080078125,4371.2900390625,4339.85986328125,4354.3798828125,1692420000
2016-03-16,4404.2001953125,4404.2001953125,4416.10986328125,4357.740234375,4359.669921875,1781060000
2016-03-17,4400.259765625,4400.259765625,4413.080078125,4376.8701171875,4390.06005859375,1907190000
2016-03-18,4410.830078125,4410.830078125,4420.8798828125,4387.7998046875,4408.81982421875,2829040000
2016-03-21,4426.97998046875,4426.97998046875,4430.43994140625,4400.35009765625,4403.08984375,1609230000
2016-03-22,4437.6201171875,4437.6201171875,4450.759765625,4401.259765625,4403.47021484375,1596200000
2016-03-23,4402.56005859375,4402.56005859375,4434.759765625,4394.9599609375,4431.81982421875,1732630000
2016-03-24,4405.52978515625,4405.52978515625,4405.990234375,4374.7099609375,4380.22998046875,1590990000
2016-03-28,4398.06982421875,4398.06982421875,4417.56982421875,4393.080078125,4415.0400390625,1381000000
2016-03-29,4467.72021484375,4467.72021484375,4471.77001953125,4384.27001953125,4391.18994140625,1806490000
2016-03-30,4490.8798828125,4490.8798828125,4518.18017578125,4481.83984375,4494.7001953125,1717820000
2016-03-31,4483.66015625,4483.66015625,4504.240234375,4478.1298828125,4491.009765625,1774270000
2016-04-01,4532.080078125,4532.080078125,4534.31982421875,4452.10986328125,4461.77001953125,1812250000
2016-04-04,4511.7001953125,4511.7001953125,4533.43017578125,4503.64990234375,4526.39013671875,1705730000
2016-04-05,4470.75,4470.75,4494.7099609375,4465.0400390625,4479.10986328125,1726010000
2016-04-06,4543.77978515625,4543.77978515625,4544.58984375,4476.35009765625,4476.35009765625,1761770000
2016-04-07,4475.2900390625,4475.2900390625,4525.68994140625,4459.72021484375,4519.02001953125,1908940000
2016-04-08,4474.93017578125,4474.93017578125,4515.91015625,4459.56005859375,4506.97021484375,1588830000
2016-04-11,4458.7099609375,4458.7099609375,4516.10009765625,4458.47021484375,4496.259765625,1545540000
2016-04-12,4496.0400390625,4496.0400390625,4503.89013671875,4435.0498046875,4464.06982421875,1759280000
2016-04-13,4554.72021484375,4554.72021484375,4560.10986328125,4524.259765625,4526.919921875,1936450000
2016-04-14,4554.6298828125,4554.6298828125,4569.72998046875,4541.66015625,4554.66015625,1645810000
2016-04-15,4543.16015625,4543.16015625,4558.919921875,4531.0,4550.31005859375,1684790000
2016-04-18,4569.31005859375,4569.31005859375,4570.580078125,4531.10986328125,4535.2099609375,1672260000
2016-04-19,4537.08984375,4537.08984375,4574.3798828125,4515.97998046875,4573.580078125,1824250000
2016-04-20,4540.43994140625,4540.43994140625,4562.33984375,4523.89990234375,4539.2001953125,1781340000
2016-04-21,4540.7998046875,4540.7998046875,4558.669921875,4522.85009765625,4540.7099609375,1758190000
2016-04-22,4474.18994140625,4474.18994140625,4502.39013671875,4440.14013671875,4478.4501953125,2018930000
2016-04-25,4474.1298828125,4474.1298828125,4474.77001953125,4452.8701171875,4459.669921875,1582270000
2016-04-26,4452.97021484375,4452.97021484375,4490.06005859375,4439.3798828125,4480.60009765625,1825020000
2016-04-27,4416.6298828125,4416.6298828125,4426.27978515625,4381.169921875,4412.81982421875,1938780000
2016-04-28,4363.990234375,4363.990234375,4447.2001953125,4355.2998046875,4419.1201171875,2161400000
2016-04-29,4341.2998046875,4341.2998046875,4372.97021484375,4307.10009765625,4367.58984375,2376460000
2016-05-02,4381.2998046875,4381.2998046875,4386.97998046875,4334.58984375,4350.830078125,1880460000
2016-05-03,4341.39013671875,4341.39013671875,4368.759765625,4329.759765625,4349.080078125,1984340000
2016-05-04,4312.009765625,4312.009765625,4328.22021484375,4301.06982421875,4314.5,1950800000
2016-05-05,4309.47998046875,4309.47998046875,4333.1201171875,4299.60986328125,4326.91015625,1888350000
2016-05-06,4330.169921875,4330.169921875,4330.240234375,4282.0,4290.35986328125,1860800000
2016-05-09,4341.22998046875,4341.22998046875,4361.8701171875,4329.89990234375,4331.66015625,1625100000
2016-05-10,4402.0400390625,4402.0400390625,4404.08984375,4351.16015625,4360.72998046875,1760120000
2016-05-11,4361.02978515625,4361.02978515625,4407.93017578125,4360.72998046875,4395.8798828125,1859110000
2016-05-12,4342.81005859375,4342.81005859375,4377.85986328125,4312.8798828125,4376.08984375,1930450000
2016-05-13,4326.52978515625,4326.52978515625,4364.240234375,4318.7001953125,4337.830078125,1698030000
2016-05-16,4380.47998046875,4380.47998046875,4395.7001953125,4329.89013671875,4335.330078125,1741510000
2016-05-17,4322.56005859375,4322.56005859375,4385.06005859375,4311.18017578125,4376.5498046875,1925230000
2016-05-18,4338.22998046875,4338.22998046875,4360.91015625,4305.72998046875,4314.33984375,1934100000
2016-05-19,4315.580078125,4315.580078125,4331.580078125,4284.3701171875,4319.85986328125,1805890000
2016-05-20,4362.89990234375,4362.89990234375,4379.97998046875,4329.56982421875,4330.06982421875,1970520000
2016-05-23,4355.10009765625,4355.10009765625,4382.39990234375,4353.35986328125,4364.72998046875,1865110000
2016-05-24,4444.2998046875,4444.2998046875,4449.2099609375,4380.4599609375,4381.33984375,1942280000
2016-05-25,4476.43017578125,4476.43017578125,4488.52001953125,4453.0498046875,4459.259765625,1784420000
2016-05-26,4487.9599609375,4487.9599609375,4494.02978515625,4469.759765625,4478.56982421875,1606250000
2016-05-27,4512.5400390625,4512.5400390625,4512.5400390625,4489.16015625,4490.9599609375,1505020000
2016-05-31,4523.89013671875,4523.89013671875,4526.83984375,4497.64990234375,4513.85009765625,2285350000
2016-06-01,4520.06982421875,4520.06982421875,4530.39013671875,4502.77978515625,4507.18017578125,1797090000
2016-06-02,4531.35009765625,4531.35009765625,4531.35009765625,4488.080078125,4510.81005859375,1729050000
2016-06-03,4509.7900390625,4509.7900390625,4523.35986328125,4480.7998046875,4520.97998046875,1697840000
2016-06-06,4523.6298828125,4523.6298828125,4536.5498046875,4510.330078125,4517.8798828125,1663840000
2016-06-07,4513.08984375,4513.08984375,4532.2998046875,4511.419921875,4527.85986328125,1747760000
2016-06-08,4520.6298828125,4520.6298828125,4529.08984375,4505.39013671875,4521.10009765625,1692640000
2016-06-09,4512.68994140625,4512.68994140625,4518.5,4494.759765625,4501.14990234375,1632340000
2016-06-10,4461.0498046875,4461.0498046875,4480.47998046875,4447.330078125,4473.080078125,1822200000
2016-06-13,4422.759765625,4422.759765625,4461.27001953125,4419.72998046875,4436.1201171875,1888300000
2016-06-14,4424.91015625,4424.91015625,4439.72998046875,4392.43017578125,4413.7099609375,1919710000
2016-06-15,4409.509765625,4409.509765625,4439.60986328125,4404.580078125,4433.68017578125,1802200000
2016-06-16,4424.22998046875,4424.22998046875,4428.27001953125,4362.16015625,4387.89990234375,1851770000
2016-06-17,4374.3798828125,4374.3798828125,4409.75,4363.6298828125,4409.75,2638220000
2016-06-20,4400.16015625,4400.16015625,4444.06005859375,4397.35986328125,4424.10986328125,1779560000
2016-06-21,4413.39990234375,4413.39990234375,4422.669921875,4398.64013671875,4408.02978515625,1698080000
2016-06-22,4404.72998046875,4404.72998046875,4442.02001953125,4400.8798828125,4415.4599609375,1682220000
2016-06-23,4467.47998046875,4467.47998046875,4467.47998046875,4420.16015625,4437.60986328125,1738570000
2016-06-24,4285.7001953125,4285.7001953125,4373.14990234375,4274.5400390625,4294.7998046875,4411040000
2016-06-27,4201.0498046875,4201.0498046875,4249.0,4179.740234375,4247.7099609375,2659650000
2016-06-28,4290.47021484375,4290.47021484375,4291.43017578125,4245.2900390625,4245.31982421875,2074090000
2016-06-29,4364.740234375,4364.740234375,4373.9599609375,4322.35986328125,4323.330078125,2116550000
2016-06-30,4417.7001953125,4417.7001953125,4417.9599609375,4359.56982421875,4378.75,2171180000
2016-07-01,4437.4501953125,4437.4501953125,4453.85986328125,4411.759765625,4411.77001953125,1745130000
2016-07-05,4410.75,4410.75,4418.0400390625,4386.56005859375,4414.35009765625,1690340000
2016-07-06,4444.7001953125,4444.7001953125,4447.22998046875,4375.72021484375,4388.43017578125,1876090000
2016-07-07,4459.580078125,4459.580078125,4468.31005859375,4438.7998046875,4451.14990234375,1672770000
2016-07-08,4528.35986328125,4528.35986328125,4529.72021484375,4476.5,4484.919921875,1947260000
2016-07-11,4554.7099609375,4554.7099609375,4569.97021484375,4544.330078125,4544.330078125,1718450000
2016-07-12,4577.60986328125,4577.60986328125,4588.240234375,4570.56005859375,4579.85009765625,1866280000
2016-07-13,4565.77001953125,4565.77001953125,4589.9501953125,4565.7001953125,4589.1298828125,1650820000
2016-07-14,4596.490234375,4596.490234375,4604.759765625,4585.7001953125,4597.18994140625,1641170000
2016-07-15,4589.830078125,4589.830078125,4607.18017578125,4579.830078125,4602.0,1610300000
2016-07-18,4619.68017578125,4619.68017578125,4627.56982421875,4591.830078125,4595.06005859375,1585570000
2016-07-19,4603.27978515625,4603.27978515625,4617.47021484375,4595.3798828125,4601.68017578125,1694740000
2016-07-20,4657.2001953125,4657.2001953125,4665.669921875,4623.93017578125,4630.85009765625,1877330000
2016-07-21,4647.02001953125,4647.02001953125,4669.52978515625,4634.06982421875,4662.9501953125,1880310000
2016-07-22,4666.06982421875,4666.06982421875,4670.5400390625,4635.22021484375,4650.97998046875,1639000000
2016-07-25,4665.93017578125,4665.93017578125,4667.08984375,4650.5,4662.89990234375,1770620000
2016-07-26,4672.10986328125,4672.10986328125,4687.89990234375,4648.919921875,4664.10009765625,2038060000
2016-07-27,4702.8798828125,4702.8798828125,4716.06982421875,4685.10986328125,4711.10986328125,2122250000
2016-07-28,4721.41015625,4721.41015625,4725.77978515625,4696.080078125,4710.22998046875,1950910000
2016-07-29,4730.22998046875,4730.22998046875,4743.25,4715.77001953125,4734.7001953125,2072640000
2016-08-01,4756.0400390625,4756.0400390625,4767.240234375,4728.72998046875,4734.43994140625,1866590000
2016-08-02,4719.2099609375,4719.2099609375,4752.2900390625,4689.5498046875,4748.419921875,2142010000
2016-08-03,4734.330078125,4734.330078125,4734.330078125,4712.10009765625,4716.580078125,1909470000
2016-08-04,4743.81005859375,4743.81005859375,4749.08984375,4719.009765625,4731.5400390625,1930000000
2016-08-05,4791.2099609375,4791.2099609375,4799.85986328125,4763.580078125,4769.169921875,2017720000
2016-08-08,4784.740234375,4784.740234375,4794.14013671875,4770.22021484375,4791.10009765625,1624450000
2016-08-09,4795.75,4795.75,4811.02001953125,4786.3798828125,4787.919921875,1664320000
2016-08-10,4783.39013671875,4783.39013671875,4799.8798828125,4771.97998046875,4799.830078125,1651240000
2016-08-11,4803.31005859375,4803.31005859375,4813.35986328125,4790.64990234375,4800.58984375,1511670000
2016-08-12,4807.080078125,4807.080078125,4807.52978515625,4790.490234375,4794.35009765625,1501620000
2016-08-15,4827.1201171875,4827.1201171875,4837.669921875,4812.4501953125,4814.77001953125,1533170000
2016-08-16,4797.18994140625,4797.18994140625,4814.9599609375,4796.919921875,4814.2099609375,1698390000
2016-08-17,4805.4501953125,4805.4501953125,4807.0498046875,4772.43017578125,4799.02978515625,1747890000
2016-08-18,4808.68017578125,4808.68017578125,4814.5400390625,4794.2900390625,4802.330078125,1659080000
2016-08-19,4806.14013671875,4806.14013671875,4816.0,4786.27001953125,4800.2001953125,1632740000
2016-08-22,4808.56005859375,4808.56005859375,4817.35986328125,4791.06005859375,4797.9501953125,1560210000
2016-08-23,4818.47998046875,4818.47998046875,4836.4501953125,4816.759765625,4828.7900390625,1547050000
2016-08-24,4783.490234375,4783.490234375,4821.2998046875,4770.72998046875,4812.490234375,1714780000
2016-08-25,4775.43017578125,4775.43017578125,4792.47021484375,4768.0,4773.68017578125,1511890000
2016-08-26,4783.68994140625,4783.68994140625,4815.580078125,4758.10009765625,4782.4599609375,1591060000
2016-08-29,4791.08984375,4791.08984375,4804.419921875,4784.6298828125,4787.93017578125,1416640000
2016-08-30,4775.990234375,4775.990234375,4797.6201171875,4760.27978515625,4787.77001953125,1561020000
2016-08-31,4771.0498046875,4771.0498046875,4775.18994140625,4751.68994140625,4770.22998046875,1761770000
2016-09-01,4783.93994140625,4783.93994140625,4787.93994140625,4750.240234375,4774.81005859375,1592520000
2016-09-02,4798.740234375,4798.740234375,4816.7001953125,4781.60986328125,4806.14013671875,1474200000
2016-09-06,4829.509765625,4829.509765625,4829.509765625,4797.33984375,4806.66015625,1777940000
2016-09-07,4831.85986328125,4831.85986328125,4839.58984375,4813.990234375,4829.91015625,1878460000
2016-09-08,4804.0,4804.0,4816.47998046875,4791.22021484375,4816.47998046875,1839790000
2016-09-09,4681.5400390625,4681.5400390625,4773.77001953125,4681.5400390625,4763.0400390625,2208690000
2016-09-12,4764.64990234375,4764.64990234375,4772.4501953125,4656.509765625,4656.58984375,2007610000
2016-09-13,4722.85009765625,4722.85009765625,4756.2001953125,4701.7900390625,4740.0,2071460000
2016-09-14,4746.06005859375,4746.06005859375,4770.39013671875,4726.75,4726.75,1902680000
2016-09-15,4819.89990234375,4819.89990234375,4826.02001953125,4748.669921875,4749.7099609375,1950940000
2016-09-16,4818.0498046875,4818.0498046875,4821.85009765625,4794.2001953125,4811.7900390625,3013860000
2016-09-19,4796.06982421875,4796.06982421875,4843.759765625,4787.43994140625,4833.83984375,1792650000
2016-09-20,4805.22021484375,4805.22021484375,4824.2099609375,4797.77978515625,4813.77978515625,1697530000
2016-09-21,4853.75,4853.75,4858.56982421875,4797.89990234375,4826.580078125,2001890000
2016-09-22,4891.35986328125,4891.35986328125,4895.5,4876.3701171875,4879.27978515625,1914550000
2016-09-23,4858.91015625,4858.91015625,4882.419921875,4853.41015625,4881.4501953125,1762700000
2016-09-26,4817.169921875,4817.169921875,4837.33984375,4812.31982421875,4830.169921875,1672190000
2016-09-27,4866.7099609375,4866.7099609375,4868.3798828125,4811.27978515625,4813.89013671875,1754700000
2016-09-28,4875.27001953125,4875.27001953125,4877.2998046875,4850.0400390625,4871.83984375,1788240000
2016-09-29,4838.2998046875,4838.2998046875,4875.52001953125,4819.02001953125,4868.4599609375,1946150000
2016-09-30,4875.7001953125,4875.7001953125,4889.22998046875,4846.89990234375,4856.10009765625,2063260000
2016-10-03,4866.6298828125,4866.6298828125,4872.14013671875,4848.2099609375,4864.6298828125,1606460000
2016-10-04,4859.47021484375,4859.47021484375,4891.5,4841.72021484375,4880.56982421875,1711810000
2016-10-05,4877.75,4877.75,4891.35009765625,4870.81005859375,4872.97998046875,1755640000
2016-10-06,4873.919921875,4873.919921875,4883.97021484375,4851.52978515625,4871.9501953125,1655480000
2016-10-07,4864.52001953125,4864.52001953125,4884.7001953125,4840.93017578125,4883.93994140625,1647330000
2016-10-10,4893.77001953125,4893.77001953125,4904.72021484375,4885.58984375,4887.72998046875,1365600000
2016-10-11,4821.91015625,4821.91015625,4890.169921875,4804.240234375,4890.169921875,1822980000
2016-10-12,4819.64013671875,4819.64013671875,4836.5498046875,4806.330078125,4824.27001953125,1567930000
2016-10-13,4803.10009765625,4803.10009765625,4816.330078125,4760.06982421875,4785.58984375,1737720000
2016-10-14,4808.47998046875,4808.47998046875,4845.990234375,4806.72998046875,4828.89990234375,1593610000
2016-10-17,4796.169921875,4796.169921875,4814.8798828125,4790.4501953125,4808.47021484375,1427060000
2016-10-18,4839.72021484375,4839.72021484375,4860.68017578125,4837.31005859375,4849.91015625,1476970000
2016-10-19,4836.60986328125,4836.60986328125,4845.06982421875,4830.68017578125,4833.81005859375,1548910000
2016-10-20,4832.7099609375,4832.7099609375,4842.31982421875,4805.83984375,4831.31005859375,1745270000
2016-10-21,4851.85986328125,4851.85986328125,4853.60986328125,4822.77978515625,4836.5400390625,1651490000
2016-10-24,4909.97021484375,4909.97021484375,4911.58984375,4880.77001953125,4884.16015625,1533370000
2016-10-25,4891.4501953125,4891.4501953125,4911.759765625,4885.89990234375,4908.18017578125,1580830000
2016-10-26,4860.58984375,4860.58984375,4886.31982421875,4846.43994140625,4863.52001953125,1732300000
2016-10-27,4836.4501953125,4836.4501953125,4885.830078125,4831.68994140625,4883.06982421875,1926820000
2016-10-28,4805.58984375,4805.58984375,4848.5498046875,4794.06982421875,4820.5,1911810000
2016-10-31,4801.27001953125,4801.27001953125,4823.919921875,4801.16015625,4821.31005859375,1709060000
2016-11-01,4766.93994140625,4766.93994140625,4811.02001953125,4726.35009765625,4810.2998046875,1880920000
2016-11-02,4726.91015625,4726.91015625,4773.64990234375,4717.56005859375,4764.830078125,2124990000
2016-11-03,4679.10009765625,4679.10009765625,4732.2001953125,4673.0498046875,4718.52978515625,2113730000
2016-11-04,4660.4599609375,4660.4599609375,4697.93994140625,4647.58984375,4647.58984375,2020130000
2016-11-07,4773.72998046875,4773.72998046875,4777.06005859375,4731.7900390625,4737.97998046875,1916620000
2016-11-08,4804.919921875,4804.919921875,4824.97021484375,4757.25,4766.47998046875,1739440000
2016-11-09,4825.18017578125,4825.18017578125,4832.9501953125,4747.35009765625,4748.91015625,2827570000
2016-11-10,4747.02978515625,4747.02978515625,4855.7900390625,4685.740234375,4849.7099609375,2986760000
2016-11-11,4751.9501953125,4751.9501953125,4759.830078125,4711.9599609375,4729.14013671875,2290080000
2016-11-14,4702.0400390625,4702.0400390625,4753.27001953125,4677.41015625,4752.60986328125,2371900000
2016-11-15,4764.47021484375,4764.47021484375,4778.64990234375,4727.97998046875,4733.56982421875,2159180000
2016-11-16,4792.27001953125,4792.27001953125,4794.56982421875,4742.9501953125,4745.02978515625,2066130000
2016-11-17,4826.58984375,4826.58984375,4826.75,4781.72021484375,4789.7900390625,2084710000
2016-11-18,4808.0400390625,4808.0400390625,4840.81005859375,4804.43994140625,4832.81005859375,1865770000
2016-11-21,4859.0,4859.0,4862.22998046875,4819.56982421875,4822.02978515625,1748170000
2016-11-22,4873.83984375,4873.83984375,4884.6298828125,4861.080078125,4876.919921875,1890410000
2016-11-23,4853.85986328125,4853.85986328125,4859.669921875,4832.58984375,4856.72021484375,1617700000
2016-11-25,4870.02001953125,4870.02001953125,4870.89990234375,4853.0400390625,4861.47021484375,768080000
2016-11-28,4857.02001953125,4857.02001953125,4878.8701171875,4852.7099609375,4861.72998046875,1630150000
2016-11-29,4873.2099609375,4873.2099609375,4896.56982421875,4848.89013671875,4859.85009765625,1791760000
2016-11-30,4810.81005859375,4810.81005859375,4880.759765625,4810.81005859375,4876.2998046875,2056060000
2016-12-01,4734.10009765625,4734.10009765625,4810.43994140625,4723.56982421875,4806.77001953125,2269790000
2016-12-02,4739.3701171875,4739.3701171875,4759.02978515625,4721.41015625,4734.3798828125,1851030000
2016-12-05,4778.14013671875,4778.14013671875,4795.27978515625,4743.52978515625,4762.33984375,1800570000
2016-12-06,4788.669921875,4788.669921875,4796.580078125,4769.39013671875,4786.06005859375,1977480000
2016-12-07,4851.93994140625,4851.93994140625,4854.31982421875,4765.43994140625,4778.85986328125,2125370000
2016-12-08,4859.18994140625,4859.18994140625,4869.56005859375,4843.0400390625,4849.75,2236580000
2016-12-09,4895.89990234375,4895.89990234375,4897.240234375,4877.18017578125,4878.5400390625,2042340000
2016-12-12,4874.2998046875,4874.2998046875,4882.97998046875,4854.27001953125,4878.0400390625,1931840000
2016-12-13,4935.83984375,4935.83984375,4960.47998046875,4890.14990234375,4893.64990234375,2094860000
2016-12-14,4921.22021484375,4921.22021484375,4955.25,4910.759765625,4943.64013671875,1976570000
2016-12-15,4933.41015625,4933.41015625,4959.89990234375,4919.81005859375,4925.64990234375,2101320000
2016-12-16,4914.85986328125,4914.85986328125,4952.14013671875,4904.3798828125,4945.0400390625,3281480000
2016-12-19,4934.85009765625,4934.85009765625,4963.0,4911.75,4919.16015625,1688680000
2016-12-20,4953.7998046875,4953.7998046875,4961.5498046875,4944.31982421875,4948.33984375,1679630000
2016-12-21,4948.91015625,4948.91015625,4957.4501953125,4938.240234375,4952.06982421875,1496850000
2016-12-22,4934.39013671875,4934.39013671875,4948.35986328125,4917.330078125,4948.35986328125,1585470000
2016-12-23,4940.02001953125,4940.02001953125,4940.0400390625,4922.9501953125,4927.52978515625,1144900000
2016-12-27,4965.81005859375,4965.81005859375,4992.080078125,4947.58984375,4948.919921875,1219050000
2016-12-28,4926.2900390625,4926.2900390625,4978.43017578125,4922.08984375,4976.419921875,1326660000
2016-12-29,4918.27978515625,4918.27978515625,4933.7099609375,4903.27978515625,4923.93017578125,1266350000
2016-12-30,4863.6201171875,4863.6201171875,4927.16015625,4853.93017578125,4925.35986328125,1551690000
2017-01-03,4911.330078125,4911.330078125,4928.490234375,4884.52001953125,4900.85009765625,1887670000
2017-01-04,4937.2099609375,4937.2099609375,4944.740234375,4919.7998046875,4920.7900390625,1885490000
2017-01-05,4964.9501953125,4964.9501953125,4967.89990234375,4935.33984375,4936.35009765625,1799170000
2017-01-06,5007.080078125,5007.080078125,5020.7001953125,4957.81982421875,4973.8701171875,1711870000
2017-01-09,5024.89990234375,5024.89990234375,5033.31982421875,5009.4501953125,5013.81982421875,1887740000
2017-01-10,5035.169921875,5035.169921875,5049.830078125,5016.18994140625,5027.5,1798610000
2017-01-11,5050.2099609375,5050.2099609375,5050.2099609375,5012.64990234375,5033.8798828125,1960830000
2017-01-12,5041.43017578125,5041.43017578125,5044.3701171875,4995.06982421875,5029.27978515625,1805840000
2017-01-13,5059.509765625,5059.509765625,5066.9501953125,5045.919921875,5047.56005859375,1611260000
2017-01-17,5044.64990234375,5044.64990234375,5053.2001953125,5029.60986328125,5043.06982421875,1759440000
2017-01-18,5055.85009765625,5055.85009765625,5058.2001953125,5039.18017578125,5050.259765625,1686260000
2017-01-19,5051.169921875,5051.169921875,5078.41015625,5041.2099609375,5061.10009765625,1809900000
2017-01-20,5063.2001953125,5063.2001953125,5085.33984375,5050.02001953125,5070.14990234375,1750340000
2017-01-23,5065.7001953125,5065.7001953125,5073.240234375,5035.490234375,5055.97021484375,1652370000
2017-01-24,5101.06005859375,5101.06005859375,5108.22021484375,5068.3701171875,5079.60986328125,1808560000
2017-01-25,5151.47021484375,5151.47021484375,5153.18017578125,5129.0,5132.8701171875,1964040000
2017-01-26,5156.919921875,5156.919921875,5168.2001953125,5148.85009765625,5164.1201171875,1837020000
2017-01-27,5168.06005859375,5168.06005859375,5172.43017578125,5150.18017578125,5169.490234375,1669190000
2017-01-30,5129.330078125,5129.330078125,5146.8798828125,5098.33984375,5146.41015625,1782380000
2017-01-31,5116.77001953125,5116.77001953125,5116.7998046875,5086.330078125,5107.47021484375,2047460000
2017-02-01,5152.68994140625,5152.68994140625,5162.4599609375,5128.89990234375,5157.830078125,2239570000
2017-02-02,5147.7001953125,5147.7001953125,5162.56005859375,5128.759765625,5141.27001953125,2077010000
2017-02-03,5161.60009765625,5161.60009765625,5165.47021484375,5147.580078125,5153.60986328125,1792330000
2017-02-06,5167.9599609375,5167.9599609375,5167.9599609375,5148.06005859375,5154.18017578125,1736140000
2017-02-07,5185.8798828125,5185.8798828125,5196.27001953125,5174.33984375,5178.85009765625,1922030000
2017-02-08,5196.580078125,5196.580078125,5201.56982421875,5168.97998046875,5176.5,1947100000
2017-02-09,5212.16015625,5212.16015625,5221.6201171875,5196.06982421875,5200.169921875,1948120000
2017-02-10,5226.68994140625,5226.68994140625,5234.27001953125,5212.83984375,5219.81005859375,1867270000
2017-02-13,5256.81982421875,5256.81982421875,5262.419921875,5241.0,5242.490234375,1843480000
2017-02-14,5271.06982421875,5271.06982421875,5271.10009765625,5238.68994140625,5251.35986328125,1952370000
2017-02-15,5302.39013671875,5302.39013671875,5304.33984375,5264.43994140625,5266.1201171875,2094140000
2017-02-16,5300.64013671875,5300.64013671875,5316.7900390625,5287.5400390625,5306.3798828125,1945600000
2017-02-17,5324.72021484375,5324.72021484375,5324.72021484375,5291.7001953125,5295.490234375,1879030000
2017-02-21,5350.72998046875,5350.72998046875,5353.16015625,5330.47021484375,5334.56982421875,1940110000
2017-02-22,5352.1298828125,5352.1298828125,5354.72998046875,5335.7998046875,5345.18017578125,1874710000
2017-02-23,5332.3701171875,5332.3701171875,5358.52978515625,5309.990234375,5358.02978515625,1881490000
2017-02-24,5343.31005859375,5343.31005859375,5343.31005859375,5304.009765625,5305.22998046875,1684650000
2017-02-27,5347.5498046875,5347.5498046875,5347.8798828125,5322.14013671875,5330.56005859375,1882610000
2017-02-28,5330.31005859375,5330.31005859375,5347.47021484375,5316.7001953125,5344.18017578125,2303390000
2017-03-01,5390.990234375,5390.990234375,5398.43017578125,5355.3798828125,5368.64990234375,2220350000
2017-03-02,5363.259765625,5363.259765625,5387.72998046875,5355.52978515625,5386.33984375,2043610000
2017-03-03,5373.47998046875,5373.47998046875,5373.47998046875,5344.47998046875,5355.2099609375,1853600000
2017-03-06,5360.31005859375,5360.31005859375,5368.27001953125,5338.60986328125,5352.60986328125,1774040000
2017-03-07,5351.27978515625,5351.27978515625,5373.259765625,5341.43017578125,5348.2001953125,1825510000
2017-03-08,5359.81005859375,5359.81005859375,5375.77001953125,5348.72998046875,5351.35009765625,1813080000
2017-03-09,5363.97998046875,5363.97998046875,5370.66015625,5336.080078125,5355.77978515625,1886780000
2017-03-10,5385.89990234375,5385.89990234375,5394.66015625,5364.10009765625,5390.4599609375,1999440000
2017-03-13,5394.56982421875,5394.56982421875,5396.39013671875,5382.02001953125,5387.72998046875,1812460000
2017-03-14,5382.169921875,5382.169921875,5384.8798828125,5360.7001953125,5382.7900390625,1664870000
2017-03-15,5416.25,5416.25,5426.83984375,5375.8798828125,5392.47998046875,1955400000
2017-03-16,5412.080078125,5412.080078125,5423.66015625,5399.27001953125,5421.4599609375,1770640000
2017-03-17,5408.759765625,5408.759765625,5423.27978515625,5406.81005859375,5413.47021484375,3189970000
2017-03-20,5413.31005859375,5413.31005859375,5426.47021484375,5400.16015625,5406.02001953125,1736790000
2017-03-21,5332.52978515625,5332.52978515625,5439.580078125,5328.7099609375,5433.27978515625,2199920000
2017-03-22,5367.5498046875,5367.5498046875,5372.27001953125,5327.25,5332.64013671875,1860290000
2017-03-23,5355.14013671875,5355.14013671875,5375.43017578125,5346.2998046875,5356.7099609375,1746990000
2017-03-24,5364.0,5364.0,5392.27978515625,5345.93994140625,5376.740234375,1855040000
2017-03-27,5374.27001953125,5374.27001953125,5383.22021484375,5316.02001953125,5320.9599609375,1673060000
2017-03-28,5407.2099609375,5407.2099609375,5422.25,5363.2900390625,5371.89990234375,1823600000
2017-03-29,5430.27001953125,5430.27001953125,5433.35986328125,5405.10009765625,5410.14013671875,1722190000
2017-03-30,5439.740234375,5439.740234375,5446.509765625,5425.2998046875,5430.31005859375,1732100000
2017-03-31,5436.22998046875,5436.22998046875,5451.5,5427.5,5430.990234375,1905150000
2017-04-03,5432.2001953125,5432.2001953125,5453.43994140625,5403.31005859375,5440.2001953125,1852990000
2017-04-04,5440.41015625,5440.41015625,5441.33984375,5415.2998046875,5415.52978515625,1795260000
2017-04-05,5418.52001953125,5418.52001953125,5479.85986328125,5409.0400390625,5447.27001953125,2208600000
2017-04-06,5420.8798828125,5420.8798828125,5435.06005859375,5407.8701171875,5423.64990234375,1849790000
2017-04-07,5418.3701171875,5418.3701171875,5434.18017578125,5400.080078125,5420.93994140625,1703730000
2017-04-10,5421.68017578125,5421.68017578125,5442.7099609375,5406.580078125,5423.56982421875,1633190000
2017-04-11,5398.39990234375,5398.39990234375,5422.7900390625,5359.14013671875,5413.91015625,1830760000
2017-04-12,5377.02978515625,5377.02978515625,5399.5498046875,5370.240234375,5394.60986328125,1666570000
2017-04-13,5353.58984375,5353.58984375,5398.990234375,5353.58984375,5370.68994140625,1587150000
2017-04-17,5399.2001953125,5399.2001953125,5399.2001953125,5367.58984375,5369.2099609375,1383550000
2017-04-18,5391.66015625,5391.66015625,5405.5400390625,5377.91015625,5383.740234375,1610230000
2017-04-19,5399.64013671875,5399.64013671875,5431.0,5392.27978515625,5416.2998046875,1754240000
2017-04-20,5443.52978515625,5443.52978515625,5455.8798828125,5413.31982421875,5422.47021484375,1751490000
2017-04-21,5442.0498046875,5442.0498046875,5450.81005859375,5430.22021484375,5447.27978515625,1736420000
2017-04-24,5508.02978515625,5508.02978515625,5513.56982421875,5494.4599609375,5503.27001953125,1842880000
2017-04-25,5548.18994140625,5548.18994140625,5557.93017578125,5521.52001953125,5523.47998046875,1898120000
2017-04-26,5541.08984375,5541.08984375,5563.97021484375,5537.990234375,5553.60009765625,1899570000
2017-04-27,5571.27978515625,5571.27978515625,5573.259765625,5551.5498046875,5555.27001953125,1883610000
2017-04-28,5583.52978515625,5583.52978515625,5600.0,5575.2099609375,5598.47021484375,2005870000
2017-05-01,5629.6298828125,5629.6298828125,5640.47998046875,5600.31005859375,5602.43994140625,1763100000
2017-05-02,5644.06982421875,5644.06982421875,5645.080078125,5625.490234375,5642.41015625,2162610000
2017-05-03,5625.16015625,5625.16015625,5629.77978515625,5608.16015625,5624.8798828125,2152850000
2017-05-04,5626.31982421875,5626.31982421875,5633.490234375,5606.0498046875,5623.56982421875,2059820000
2017-05-05,5646.08984375,5646.08984375,5646.08984375,5619.60009765625,5640.77978515625,1903040000
2017-05-08,5659.06982421875,5659.06982421875,5659.06982421875,5638.0,5649.18017578125,1912030000
2017-05-09,5678.31005859375,5678.31005859375,5691.2099609375,5664.0,5667.97998046875,2005820000
2017-05-10,5681.68017578125,5681.68017578125,5683.64013671875,5661.43994140625,5681.330078125,2111850000
2017-05-11,5674.22021484375,5674.22021484375,5675.5,5637.39990234375,5662.58984375,1952650000
2017-05-12,5686.81005859375,5686.81005859375,5687.419921875,5672.0400390625,5683.580078125,1749010000
2017-05-15,5704.47998046875,5704.47998046875,5706.60986328125,5683.10009765625,5687.97021484375,1865450000
2017-05-16,5724.43994140625,5724.43994140625,5724.7099609375,5699.41015625,5715.14990234375,2006980000
2017-05-17,5580.5498046875,5580.5498046875,5688.740234375,5578.16015625,5673.6201171875,2355460000
2017-05-18,5626.31005859375,5626.31005859375,5645.080078125,5568.47021484375,5569.81005859375,2134610000
2017-05-19,5651.56005859375,5651.56005859375,5673.6298828125,5640.68017578125,5640.7099609375,1908030000
2017-05-22,5699.39990234375,5699.39990234375,5701.0498046875,5661.58984375,5662.9501953125,1728190000
2017-05-23,5703.35009765625,5703.35009765625,5716.5498046875,5690.2001953125,5714.93994140625,1709140000
2017-05-24,5730.2998046875,5730.2998046875,5732.56982421875,5705.169921875,5720.830078125,1672380000
2017-05-25,5778.3701171875,5778.3701171875,5793.1298828125,5738.81982421875,5748.2900390625,1775750000
2017-05-26,5788.35986328125,5788.35986328125,5790.2001953125,5771.7099609375,5782.169921875,1573200000
2017-05-30,5794.6298828125,5794.6298828125,5799.990234375,5781.3701171875,5785.3798828125,1690930000
2017-05-31,5788.7998046875,5788.7998046875,5813.259765625,5762.56005859375,5812.97021484375,2212130000
2017-06-01,5816.509765625,5816.509765625,5816.60009765625,5779.89013671875,5804.169921875,1946000000
2017-06-02,5881.4599609375,5881.4599609375,5881.4599609375,5825.740234375,5834.41015625,1825450000
2017-06-05,5878.1201171875,5878.1201171875,5888.919921875,5871.08984375,5881.22021484375,1742160000
2017-06-06,5856.77001953125,5856.77001953125,5890.8798828125,5848.31982421875,5869.47998046875,1893110000
2017-06-07,5877.58984375,5877.58984375,5883.18994140625,5845.9599609375,5871.77001953125,1827220000
2017-06-08,5885.2998046875,5885.2998046875,5895.18017578125,5852.64990234375,5894.75,2134350000
2017-06-09,5741.93994140625,5741.93994140625,5897.68994140625,5657.759765625,5891.669921875,3154590000
2017-06-12,5708.18017578125,5708.18017578125,5716.2001953125,5633.33984375,5677.16015625,2588860000
2017-06-13,5751.81982421875,5751.81982421875,5760.5400390625,5709.169921875,5740.2099609375,2063930000
2017-06-14,5727.06982421875,5727.06982421875,5774.2001953125,5682.35009765625,5774.1201171875,1949040000
2017-06-15,5700.89013671875,5700.89013671875,5707.3701171875,5634.580078125,5661.35986328125,1870010000
2017-06-16,5681.47998046875,5681.47998046875,5695.740234375,5656.6201171875,5694.2099609375,3133000000
2017-06-19,5772.22021484375,5772.22021484375,5776.3701171875,5724.490234375,5729.5400390625,1989290000
2017-06-20,5726.31005859375,5726.31005859375,5772.169921875,5725.009765625,5763.0,2580440000
2017-06-21,5782.39013671875,5782.39013671875,5784.919921875,5737.009765625,5740.580078125,2408800000
2017-06-22,5779.8701171875,5779.8701171875,5802.4599609375,5767.8701171875,5787.43994140625,2177430000
2017-06-23,5803.10986328125,5803.10986328125,5810.31005859375,5759.7001953125,5775.02978515625,4164310000
2017-06-26,5777.58984375,5777.58984375,5845.14990234375,5765.8701171875,5832.31005859375,2155460000
2017-06-27,5671.60009765625,5671.60009765625,5761.0400390625,5671.60009765625,5752.72021484375,2189250000
2017-06-28,5753.02978515625,5753.02978515625,5757.22998046875,5660.52978515625,5693.47998046875,2077390000
2017-06-29,5653.02001953125,5653.02001953125,5723.66015625,5599.43994140625,5723.31005859375,2410510000
2017-06-30,5646.919921875,5646.919921875,5681.89990234375,5637.740234375,5676.39990234375,2011720000
2017-07-03,5596.9599609375,5596.9599609375,5684.97998046875,5592.52978515625,5680.35986328125,1091030000
2017-07-05,5648.81982421875,5648.81982421875,5663.60009765625,5593.66015625,5611.0,1874040000
2017-07-06,5597.89990234375,5597.89990234375,5628.83984375,5579.64013671875,5606.419921875,1993290000
2017-07-07,5656.47021484375,5656.47021484375,5673.02001953125,5618.85009765625,5618.85009765625,1712490000
2017-07-10,5694.14990234375,5694.14990234375,5708.6201171875,5650.259765625,5662.7099609375,1681270000
2017-07-11,5709.7998046875,5709.7998046875,5717.91015625,5667.27001953125,5687.02978515625,1812560000
2017-07-12,5778.9501953125,5778.9501953125,5785.0,5749.64990234375,5757.2001953125,1827740000
2017-07-13,5793.35986328125,5793.35986328125,5806.18017578125,5776.6201171875,5785.31982421875,1806160000
2017-07-14,5838.080078125,5838.080078125,5844.7998046875,5799.85009765625,5815.0400390625,1615440000
2017-07-17,5839.740234375,5839.740234375,5860.64013671875,5830.25,5845.81982421875,1563390000
2017-07-18,5880.10009765625,5880.10009765625,5880.5498046875,5818.2001953125,5832.919921875,1773220000
2017-07-19,5916.16015625,5916.16015625,5922.3701171875,5895.5400390625,5898.39990234375,1867470000
2017-07-20,5921.22021484375,5921.22021484375,5932.60986328125,5896.60986328125,5929.580078125,1850000000
2017-07-21,5921.52978515625,5921.52978515625,5921.52978515625,5890.25,5905.60009765625,1807110000
2017-07-24,5941.3701171875,5941.3701171875,5950.580078125,5912.740234375,5920.93017578125,1748140000
2017-07-25,5930.64990234375,5930.64990234375,5945.06005859375,5916.2900390625,5927.10009765625,1930840000
2017-07-26,5950.72998046875,5950.72998046875,5954.3798828125,5939.169921875,5944.16015625,1996680000
2017-07-27,5917.02978515625,5917.02978515625,5995.77001953125,5847.0498046875,5994.02001953125,2501400000
2017-07-28,5908.919921875,5908.919921875,5918.31005859375,5868.919921875,5883.7001953125,1877100000
2017-07-31,5880.330078125,5880.330078125,5932.3701171875,5871.7900390625,5928.68017578125,1898830000
2017-08-01,5895.169921875,5895.169921875,5905.2900390625,5880.4501953125,5900.64013671875,1821780000
2017-08-02,5914.22998046875,5914.22998046875,5936.14990234375,5859.6201171875,5934.06982421875,2115870000
2017-08-03,5891.2001953125,5891.2001953125,5917.47021484375,5879.72021484375,5915.72998046875,2124100000
2017-08-04,5899.91015625,5899.91015625,5912.56005859375,5877.06005859375,5899.68994140625,1908930000
2017-08-07,5934.72998046875,5934.72998046875,5936.7900390625,5903.75,5909.4501953125,1704010000
2017-08-08,5926.35009765625,5926.35009765625,5972.93017578125,5910.5,5922.64013671875,1931490000
2017-08-09,5919.39013671875,5919.39013671875,5920.9599609375,5866.169921875,5879.5498046875,2037810000
2017-08-10,5788.18994140625,5788.18994140625,5887.27001953125,5783.35986328125,5880.14013671875,2214990000
2017-08-11,5831.52978515625,5831.52978515625,5844.60986328125,5785.259765625,5792.31982421875,1799780000
2017-08-14,5908.169921875,5908.169921875,5916.330078125,5878.0,5878.64013671875,1702570000
2017-08-15,5907.72998046875,5907.72998046875,5919.75,5893.85009765625,5917.2900390625,1582560000
2017-08-16,5917.419921875,5917.419921875,5944.97998046875,5899.56005859375,5920.68017578125,1809070000
2017-08-17,5796.31982421875,5796.31982421875,5903.8701171875,5796.31982421875,5896.31982421875,2052940000
2017-08-18,5790.91015625,5790.91015625,5831.080078125,5770.14013671875,5803.89990234375,1968470000
2017-08-21,5786.5400390625,5786.5400390625,5804.2998046875,5750.5,5791.0400390625,1582990000
2017-08-22,5873.330078125,5873.330078125,5879.0,5817.02001953125,5817.2900390625,1599760000
2017-08-23,5851.77978515625,5851.77978515625,5864.77978515625,5840.7099609375,5842.16015625,1535320000
2017-08-24,5834.43994140625,5834.43994140625,5871.8701171875,5802.77001953125,5863.990234375,1618660000
2017-08-25,5822.52978515625,5822.52978515625,5870.47021484375,5815.60009765625,5854.31005859375,1445590000
2017-08-28,5838.080078125,5838.080078125,5852.7998046875,5821.8701171875,5839.27001953125,1565110000
2017-08-29,5862.14013671875,5862.14013671875,5871.7900390625,5785.22021484375,5785.2900390625,1639810000
2017-08-30,5932.89990234375,5932.89990234375,5940.56982421875,5865.33984375,5870.8798828125,1717060000
2017-08-31,5988.60009765625,5988.60009765625,5995.4501953125,5945.9501953125,5948.740234375,1889500000
2017-09-01,5987.89990234375,5987.89990234375,6009.60986328125,5972.27001953125,6001.81982421875,1489120000
2017-09-05,5932.72998046875,5932.72998046875,5980.91015625,5890.25,5966.64013671875,1889620000
2017-09-06,5951.1298828125,5951.1298828125,5964.3798828125,5909.919921875,5949.5400390625,1902720000
2017-09-07,5964.31005859375,5964.31005859375,5980.14990234375,5943.89013671875,5960.43994140625,2000910000
2017-09-08,5913.3701171875,5913.3701171875,5958.81005859375,5907.9599609375,5957.18994140625,1786070000
2017-09-11,5980.52978515625,5980.52978515625,5990.8701171875,5960.8701171875,5962.35009765625,1819310000
2017-09-12,5995.64013671875,5995.64013671875,6002.97021484375,5968.08984375,5998.75,1747620000
2017-09-13,6004.3798828125,6004.3798828125,6004.47021484375,5974.8798828125,5982.85009765625,1944630000
2017-09-14,5968.81982421875,5968.81982421875,5997.22998046875,5965.06005859375,5981.85009765625,1817840000
2017-09-15,5988.0,5988.0,6009.4501953125,5957.85009765625,5965.66015625,2827910000
2017-09-18,5981.1201171875,5981.1201171875,6012.9501953125,5963.169921875,5997.509765625,1881900000
2017-09-19,5991.080078125,5991.080078125,5998.240234375,5971.169921875,5991.93017578125,1816080000
2017-09-20,5973.60986328125,5973.60986328125,5994.52978515625,5927.7001953125,5987.72021484375,2083580000
2017-09-21,5934.91015625,5934.91015625,5965.60009765625,5915.740234375,5965.60009765625,1779600000
2017-09-22,5932.31982421875,5932.31982421875,5937.58984375,5911.47998046875,5912.2001953125,1648690000
2017-09-25,5867.35009765625,5867.35009765625,5908.56982421875,5839.89013671875,5904.06005859375,2061150000
2017-09-26,5881.33984375,5881.33984375,5908.47021484375,5862.990234375,5893.18017578125,1935990000
2017-09-27,5937.7900390625,5937.7900390625,5957.75,5900.35009765625,5912.9599609375,2068400000
2017-09-28,5933.06982421875,5933.06982421875,5939.22021484375,5908.6201171875,5920.64990234375,1882790000
2017-09-29,5979.2998046875,5979.2998046875,5980.22021484375,5930.81982421875,5941.77978515625,1970720000
2017-10-02,5981.919921875,5981.919921875,6005.2001953125,5955.830078125,5988.9599609375,1984400000
2017-10-03,5995.06005859375,5995.06005859375,5999.18994140625,5976.64990234375,5986.85009765625,1972760000
2017-10-04,5998.83984375,5998.83984375,6009.81005859375,5976.1201171875,5983.31005859375,1941470000
2017-10-05,6057.14013671875,6057.14013671875,6059.2099609375,6014.77001953125,6018.27001953125,1888970000
2017-10-06,6064.56982421875,6064.56982421875,6064.669921875,6037.02001953125,6037.43994140625,1752170000
2017-10-09,6058.52978515625,6058.52978515625,6078.81005859375,6051.330078125,6071.9599609375,1494160000
2017-10-10,6063.52001953125,6063.52001953125,6084.14013671875,6036.72021484375,6078.27001953125,1802480000
2017-10-11,6081.25,6081.25,6082.25,6052.43994140625,6062.72998046875,1837860000
2017-10-12,6069.990234375,6069.990234375,6093.759765625,6063.47021484375,6072.2099609375,2020330000
2017-10-13,6092.4501953125,6092.4501953125,6100.06005859375,6087.02978515625,6094.72021484375,1761700000
2017-10-16,6114.52978515625,6114.52978515625,6115.52978515625,6095.6298828125,6108.66015625,1632240000
2017-10-17,6122.60986328125,6122.60986328125,6122.81982421875,6103.66015625,6111.31982421875,1653160000
2017-10-18,6114.35009765625,6114.35009765625,6129.490234375,6106.85009765625,6128.91015625,1738060000
2017-10-19,6092.6201171875,6092.6201171875,6092.8701171875,6051.47021484375,6074.27978515625,1847020000
2017-10-20,6108.81982421875,6108.81982421875,6122.56005859375,6102.16015625,6114.4599609375,1812220000
2017-10-23,6067.830078125,6067.830078125,6122.240234375,6061.080078125,6122.240234375,1813080000
2017-10-24,6080.22021484375,6080.22021484375,6090.89013671875,6057.68994140625,6078.02001953125,1852610000
2017-10-25,6055.0400390625,6055.0400390625,6087.580078125,6011.240234375,6069.35009765625,2205790000
2017-10-26,6037.8701171875,6037.8701171875,6066.60986328125,6035.9599609375,6056.0498046875,2125640000
2017-10-27,6213.47021484375,6213.47021484375,6223.52001953125,6129.7998046875,6138.22998046875,2414520000
2017-10-30,6227.58984375,6227.58984375,6250.85009765625,6202.52978515625,6209.7998046875,2015920000
2017-10-31,6248.56005859375,6248.56005859375,6258.419921875,6229.14990234375,6241.8798828125,2054220000
2017-11-01,6248.64990234375,6248.64990234375,6276.669921875,6224.580078125,6274.259765625,2074230000
2017-11-02,6236.39013671875,6236.39013671875,6243.740234375,6194.580078125,6238.2900390625,2282300000
2017-11-03,6295.580078125,6295.580078125,6297.6201171875,6237.64990234375,6266.18994140625,2203880000
2017-11-06,6313.60986328125,6313.60986328125,6318.580078125,6291.83984375,6292.14990234375,2173120000
2017-11-07,6320.77978515625,6320.77978515625,6328.580078125,6299.52978515625,6314.68994140625,2209280000
2017-11-08,6345.81005859375,6345.81005859375,6346.97998046875,6308.6201171875,6319.02978515625,2121340000
2017-11-09,6312.2099609375,6312.2099609375,6315.16015625,6248.2900390625,6295.2900390625,2243500000
2017-11-10,6309.06982421875,6309.06982421875,6313.169921875,6284.22021484375,6297.14990234375,1979120000
2017-11-13,6316.18017578125,6316.18017578125,6325.18017578125,6285.97021484375,6286.009765625,1976460000
2017-11-14,6293.64013671875,6293.64013671875,6300.4599609375,6263.77001953125,6293.330078125,1988230000
2017-11-15,6258.35986328125,6258.35986328125,6276.7998046875,6227.990234375,6261.27001953125,1923730000
2017-11-16,6339.14013671875,6339.14013671875,6352.47021484375,6293.4599609375,6293.4599609375,2020380000
2017-11-17,6314.509765625,6314.509765625,6345.56005859375,6308.47998046875,6343.64013671875,2009220000
2017-11-20,6308.60986328125,6308.60986328125,6324.58984375,6301.8798828125,6319.56982421875,1811750000
2017-11-21,6378.6298828125,6378.6298828125,6380.06982421875,6336.259765625,6336.91015625,1891960000
2017-11-22,6386.1201171875,6386.1201171875,6391.16015625,6371.75,6384.1298828125,1589150000
2017-11-24,6409.2900390625,6409.2900390625,6410.77001953125,6389.39990234375,6393.330078125,872110000
2017-11-27,6405.97021484375,6405.97021484375,6420.2099609375,6392.009765625,6409.52001953125,1781550000
2017-11-28,6422.56005859375,6422.56005859375,6426.0400390625,6385.31982421875,6419.47998046875,2003840000
2017-11-29,6311.3798828125,6311.3798828125,6412.68994140625,6279.3701171875,6412.68994140625,2456990000
2017-11-30,6365.56005859375,6365.56005859375,6374.18994140625,6321.43017578125,6337.33984375,2468530000
2017-12-01,6337.8701171875,6337.8701171875,6365.2998046875,6244.83984375,6325.60986328125,2302140000
2017-12-04,6263.7001953125,6263.7001953125,6380.77001953125,6256.81005859375,6380.68017578125,2427170000
2017-12-05,6265.10986328125,6265.10986328125,6337.06005859375,6235.77001953125,6242.47021484375,2085760000
2017-12-06,6293.0498046875,6293.0498046875,6304.10009765625,6234.22021484375,6243.72021484375,1901770000
2017-12-07,6316.27978515625,6316.27978515625,6333.2900390625,6290.64990234375,6300.64013671875,1953740000
2017-12-08,6344.56982421875,6344.56982421875,6377.5498046875,6335.22998046875,6364.60009765625,1825640000
2017-12-11,6393.89013671875,6393.89013671875,6394.43017578125,6347.91015625,6351.240234375,1836780000
2017-12-12,6383.64990234375,6383.64990234375,6403.5,6371.68994140625,6389.47021484375,1872810000
2017-12-13,6394.669921875,6394.669921875,6416.830078125,6388.41015625,6405.41015625,1931090000
2017-12-14,6389.91015625,6389.91015625,6423.68017578125,6386.25,6407.259765625,1990090000
2017-12-15,6466.31982421875,6466.31982421875,6470.919921875,6405.02978515625,6405.14990234375,3529590000
2017-12-18,6513.27001953125,6513.27001953125,6522.7001953125,6495.18017578125,6504.89013671875,2150580000
2017-12-19,6480.669921875,6480.669921875,6510.8701171875,6462.7900390625,6505.35986328125,2084190000
2017-12-20,6472.47998046875,6472.47998046875,6504.5498046875,6447.93017578125,6504.5498046875,1888140000
2017-12-21,6472.68994140625,6472.68994140625,6501.52001953125,6467.77978515625,6481.080078125,1827410000
2017-12-22,6465.169921875,6465.169921875,6467.830078125,6449.0,6462.5498046875,1541880000
2017-12-26,6433.16015625,6433.16015625,6438.240234375,6407.990234375,6427.31982421875,1301000000
2017-12-27,6435.14990234375,6435.14990234375,6448.93994140625,6425.919921875,6437.06005859375,1411010000
2017-12-28,6441.419921875,6441.419921875,6452.06982421875,6432.68017578125,6449.52978515625,1319870000
2017-12-29,6396.419921875,6396.419921875,6442.52978515625,6396.419921875,6439.91015625,1575290000
2018-01-02,6511.33984375,6511.33984375,6513.02001953125,6417.75,6431.58984375,1929700000
2018-01-03,6575.7998046875,6575.7998046875,6579.25,6519.259765625,6520.02978515625,2173130000
2018-01-04,6584.580078125,6584.580078125,6603.169921875,6576.919921875,6595.75,2103220000
2018-01-05,6653.2900390625,6653.2900390625,6654.97998046875,6605.02978515625,6613.1298828125,2024000000
2018-01-08,6676.6298828125,6676.6298828125,6680.31982421875,6649.2001953125,6651.68017578125,2055010000
2018-01-09,6677.93994140625,6677.93994140625,6696.1201171875,6658.27001953125,6692.8701171875,2155810000
2018-01-10,6662.66015625,6662.66015625,6663.509765625,6619.35009765625,6640.66015625,2132430000
2018-01-11,6708.490234375,6708.490234375,6708.490234375,6664.740234375,6675.68994140625,2015170000
2018-01-12,6758.5400390625,6758.5400390625,6763.97998046875,6695.52001953125,6699.31982421875,1986600000
2018-01-16,6737.14013671875,6737.14013671875,6835.7900390625,6719.10986328125,6807.85009765625,2399790000
2018-01-17,6810.27978515625,6810.27978515625,6820.0400390625,6738.4501953125,6767.85009765625,2245910000
2018-01-18,6811.3798828125,6811.3798828125,6826.7900390625,6784.72021484375,6804.58984375,2037410000
2018-01-19,6834.330078125,6834.330078125,6843.240234375,6801.58984375,6829.0400390625,2005470000
2018-01-22,6906.27978515625,6906.27978515625,6906.27978515625,6822.85009765625,6829.5498046875,2118310000
2018-01-23,6963.4599609375,6963.4599609375,6969.39990234375,6926.3701171875,6928.27001953125,2135840000
2018-01-24,6919.35009765625,6919.35009765625,6992.91015625,6880.68017578125,6975.3798828125,2287320000
2018-01-25,6916.2998046875,6916.2998046875,6967.60009765625,6894.83984375,6965.009765625,2081380000
2018-01-26,7022.97021484375,7022.97021484375,7022.97021484375,6941.47998046875,6956.66015625,2080700000
2018-01-29,6988.31982421875,6988.31982421875,7020.64013671875,6974.7001953125,7000.68017578125,2114420000
2018-01-30,6930.72998046875,6930.72998046875,6958.7900390625,6894.6298828125,6910.39013671875,2183420000
2018-01-31,6949.990234375,6949.990234375,6983.60986328125,6915.47998046875,6972.81005859375,2428990000
2018-02-01,6901.5,6901.5,6970.77001953125,6879.02001953125,6910.56982421875,2311180000
2018-02-02,6760.2900390625,6760.2900390625,6889.06982421875,6756.5400390625,6866.3798828125,2607160000
2018-02-05,6495.919921875,6495.919921875,6807.9599609375,6495.39013671875,6687.47021484375,3143210000
2018-02-06,6665.97998046875,6665.97998046875,6673.41015625,6370.47998046875,6378.60009765625,3148270000
2018-02-07,6582.02001953125,6582.02001953125,6716.25,6581.3798828125,6632.97998046875,2380020000
2018-02-08,6306.10009765625,6306.10009765625,6606.0498046875,6304.18017578125,6595.81005859375,2730740000
2018-02-09,6412.68017578125,6412.68017578125,6453.43017578125,6164.43017578125,6395.16015625,3165330000
2018-02-12,6523.85009765625,6523.85009765625,6565.27978515625,6424.2998046875,6477.0400390625,2250650000
2018-02-13,6553.85986328125,6553.85986328125,6567.6201171875,6478.41015625,6482.77001953125,1830320000
2018-02-14,6675.02978515625,6675.02978515625,6684.14990234375,6520.39013671875,6523.259765625,2217630000
2018-02-15,6794.919921875,6794.919921875,6795.919921875,6665.919921875,6734.33984375,2124060000
2018-02-16,6770.66015625,6770.66015625,6840.60009765625,6758.509765625,6778.27978515625,2037710000
2018-02-20,6779.68994140625,6779.68994140625,6838.0,6740.47998046875,6742.14990234375,1921870000
2018-02-21,6759.259765625,6759.259765625,6879.47021484375,6759.22021484375,6808.60009765625,1956120000
2018-02-22,6761.85009765625,6761.85009765625,6826.009765625,6744.0498046875,6793.080078125,1927580000
2018-02-23,6896.60009765625,6896.60009765625,6897.52978515625,6789.02978515625,6816.43017578125,1887540000
2018-02-26,6989.10009765625,6989.10009765625,6989.35986328125,6927.4599609375,6933.81982421875,1876560000
2018-02-27,6900.35009765625,6900.35009765625,7003.1298828125,6900.35009765625,6984.830078125,2162250000
2018-02-28,6854.419921875,6854.419921875,6964.16015625,6854.419921875,6945.2001953125,2384940000
2018-03-01,6750.5400390625,6750.5400390625,6892.3798828125,6687.43994140625,6862.93994140625,2499010000
2018-03-02,6811.0400390625,6811.0400390625,6820.3701171875,6645.02978515625,6661.91015625,2291480000
2018-03-05,6881.27978515625,6881.27978515625,6901.6298828125,6753.830078125,6777.6298828125,2076870000
2018-03-06,6913.02001953125,6913.02001953125,6937.02978515625,6872.06005859375,6919.7900390625,2132920000
2018-03-07,6929.39013671875,6929.39013671875,6935.47998046875,6850.91015625,6855.56982421875,2198610000
2018-03-08,6966.43017578125,6966.43017578125,6971.0,6931.35009765625,6955.85009765625,2277740000
2018-03-09,7101.18017578125,7101.18017578125,7101.31005859375,7007.2998046875,7014.83984375,2310050000
2018-03-12,7131.1201171875,7131.1201171875,7156.25,7108.0400390625,7122.47021484375,2314480000
2018-03-13,7046.509765625,7046.509765625,7186.08984375,7025.830078125,7172.25,2459220000
2018-03-14,7040.97998046875,7040.97998046875,7084.06982421875,7012.56982421875,7077.85009765625,2112950000
2018-03-15,7030.97021484375,7030.97021484375,7075.5498046875,7010.009765625,7050.66015625,2008290000
2018-03-16,7019.9501953125,7019.9501953125,7061.669921875,7011.68994140625,7058.1201171875,3089970000
2018-03-19,6864.8798828125,6864.8798828125,6949.02001953125,6806.16015625,6945.97021484375,2352810000
2018-03-20,6885.919921875,6885.919921875,6902.22998046875,6845.85009765625,6871.08984375,1976000000
2018-03-21,6853.4501953125,6853.4501953125,6930.7001953125,6828.8798828125,6863.2900390625,1999230000
2018-03-22,6682.259765625,6682.259765625,6809.93994140625,6679.35009765625,6763.93994140625,2370970000
2018-03-23,6508.08984375,6508.08984375,6708.580078125,6507.83984375,6683.18994140625,2455760000
2018-03-26,6753.830078125,6753.830078125,6760.64990234375,6538.7900390625,6644.39990234375,2341370000
2018-03-27,6529.83984375,6529.83984375,6793.5,6479.56005859375,6791.39013671875,2347480000
2018-03-28,6460.81005859375,6460.81005859375,6559.8798828125,6410.0400390625,6488.02001953125,2551950000
2018-03-29,6581.1298828125,6581.1298828125,6640.759765625,6435.669921875,6493.509765625,2593390000
2018-04-02,6390.83984375,6390.83984375,6560.9599609375,6322.60009765625,6528.22998046875,2402670000
2018-04-03,6458.830078125,6458.830078125,6485.27001953125,6343.89990234375,6448.0498046875,2330900000
2018-04-04,6560.06005859375,6560.06005859375,6578.56005859375,6326.5400390625,6326.5400390625,2261580000
2018-04-05,6594.83984375,6594.83984375,6632.2099609375,6550.27978515625,6619.22021484375,2153030000
2018-04-06,6433.2099609375,6433.2099609375,6587.35986328125,6402.02978515625,6514.47998046875,2359780000
2018-04-09,6472.33984375,6472.33984375,6604.259765625,6466.0400390625,6488.47998046875,2089220000
2018-04-10,6615.8701171875,6615.8701171875,6639.97021484375,6534.89013671875,6585.52978515625,2252020000
2018-04-11,6583.43994140625,6583.43994140625,6650.2900390625,6574.8798828125,6578.83984375,1882090000
2018-04-12,6656.259765625,6656.259765625,6682.68994140625,6618.81005859375,6627.31982421875,2027080000
2018-04-13,6628.33984375,6628.33984375,6703.31005859375,6598.33984375,6696.02001953125,1768160000
2018-04-16,6675.18017578125,6675.18017578125,6699.759765625,6633.080078125,6675.919921875,1800450000
2018-04-17,6816.3701171875,6816.3701171875,6834.31005859375,6729.7900390625,6738.64990234375,1935380000
2018-04-18,6833.2099609375,6833.2099609375,6856.9599609375,6788.31982421875,6824.580078125,1908700000
2018-04-19,6774.89013671875,6774.89013671875,6815.0400390625,6749.06982421875,6793.080078125,1982090000
2018-04-20,6667.75,6667.75,6757.68017578125,6642.830078125,6754.68017578125,1935160000
2018-04-23,6648.7998046875,6648.7998046875,6721.64990234375,6613.5498046875,6699.16015625,1744480000
2018-04-24,6509.0498046875,6509.0498046875,6688.89013671875,6464.740234375,6680.8798828125,2154270000
2018-04-25,6513.93994140625,6513.93994140625,6540.759765625,6426.56982421875,6514.330078125,2055840000
2018-04-26,6649.64990234375,6649.64990234375,6673.64990234375,6579.1201171875,6606.60986328125,2141220000
2018-04-27,6656.35009765625,6656.35009765625,6750.77978515625,6619.259765625,6748.58984375,2050350000
2018-04-30,6605.56982421875,6605.56982421875,6712.5,6593.60009765625,6669.43994140625,1998570000
2018-05-01,6681.9599609375,6681.9599609375,6685.41015625,6578.259765625,6592.93017578125,1932660000
2018-05-02,6644.47998046875,6644.47998046875,6715.9599609375,6637.9599609375,6694.52001953125,2157860000
2018-05-03,6643.47998046875,6643.47998046875,6667.2900390625,6539.8701171875,6608.7001953125,2355780000
2018-05-04,6769.1201171875,6769.1201171875,6783.35986328125,6612.39013671875,6618.7001953125,2040520000
2018-05-07,6821.8701171875,6821.8701171875,6846.4599609375,6796.0498046875,6803.4501953125,1950650000
2018-05-08,6815.47998046875,6815.47998046875,6830.8701171875,6770.2998046875,6813.91015625,2070970000
2018-05-09,6893.2099609375,6893.2099609375,6895.93017578125,6807.39990234375,6830.5498046875,2250260000
2018-05-10,6963.5498046875,6963.5498046875,6966.93017578125,6906.77001953125,6909.18017578125,2250450000
2018-05-11,6952.56005859375,6952.56005859375,6969.2998046875,6923.60986328125,6948.8701171875,2085350000
2018-05-14,6964.3701171875,6964.3701171875,7008.259765625,6954.64013671875,6977.35009765625,2085850000
2018-05-15,6888.5400390625,6888.5400390625,6912.0400390625,6852.72998046875,6909.31982421875,2120380000
2018-05-16,6929.97021484375,6929.97021484375,6944.5400390625,6891.64990234375,6892.89013671875,2103060000
2018-05-17,6901.6298828125,6901.6298828125,6952.97998046875,6869.39013671875,6905.75,1958970000
2018-05-18,6866.25,6866.25,6897.91015625,6857.580078125,6876.64990234375,1982190000
2018-05-21,6905.52978515625,6905.52978515625,6948.27001953125,6876.35009765625,6920.31982421875,1997220000
2018-05-22,6893.6201171875,6893.6201171875,6947.43017578125,6883.75,6934.7001953125,1927420000
2018-05-23,6953.6298828125,6953.6298828125,6954.7001953125,6846.93994140625,6847.27001953125,1997090000
2018-05-24,6949.7001953125,6949.7001953125,6963.68017578125,6882.56982421875,6951.52001953125,2035460000
2018-05-25,6960.919921875,6960.919921875,6982.52001953125,6941.85009765625,6951.47021484375,1771950000
2018-05-29,6926.5400390625,6926.5400390625,6964.64990234375,6887.1201171875,6928.5,2095380000
2018-05-30,6976.3701171875,6976.3701171875,6987.6298828125,6938.02001953125,6955.58984375,2058300000
2018-05-31,6967.72998046875,6967.72998046875,7016.419921875,6955.990234375,6969.93017578125,2533360000
2018-06-01,7083.93017578125,7083.93017578125,7084.83984375,7008.02001953125,7010.080078125,2212330000
2018-06-04,7143.56982421875,7143.56982421875,7146.77001953125,7099.08984375,7099.5,2152170000
2018-06-05,7166.75,7166.75,7179.81982421875,7137.1298828125,7162.41015625,2063270000
2018-06-06,7210.080078125,7210.080078125,7212.4501953125,7140.919921875,7180.240234375,2198100000
2018-06-07,7152.830078125,7152.830078125,7212.43017578125,7115.85986328125,7212.43017578125,2339720000
2018-06-08,7152.6201171875,7152.6201171875,7161.919921875,7100.72998046875,7121.759765625,1949810000
2018-06-11,7168.47998046875,7168.47998046875,7187.4501953125,7146.08984375,7149.64990234375,1959360000
2018-06-12,7209.18017578125,7209.18017578125,7214.490234375,7173.759765625,7181.669921875,2019890000
2018-06-13,7205.259765625,7205.259765625,7261.169921875,7193.02001953125,7219.580078125,2197830000
2018-06-14,7279.58984375,7279.58984375,7291.31005859375,7233.7001953125,7233.7001953125,2193630000
2018-06-15,7255.759765625,7255.759765625,7268.83984375,7220.97021484375,7245.16015625,3049870000
2018-06-18,7251.41015625,7251.41015625,7256.43017578125,7186.16015625,7201.18017578125,2102660000
2018-06-19,7228.0400390625,7228.0400390625,7229.990234375,7138.02001953125,7158.7998046875,2283340000
2018-06-20,7280.7001953125,7280.7001953125,7309.990234375,7256.8701171875,7264.85009765625,2316420000
2018-06-21,7217.490234375,7217.490234375,7308.259765625,7203.93017578125,7304.0498046875,2349640000
2018-06-22,7197.509765625,7197.509765625,7239.75,7177.4599609375,7239.72021484375,3956300000
2018-06-25,7038.169921875,7038.169921875,7144.2900390625,6976.9599609375,7131.0498046875,2423190000
2018-06-26,7068.2001953125,7068.2001953125,7108.4501953125,7040.06005859375,7061.22998046875,2068870000
2018-06-27,6969.669921875,6969.669921875,7128.77001953125,6968.2998046875,7096.60009765625,2319650000
2018-06-28,7031.60009765625,7031.60009765625,7055.25,6950.22998046875,6963.3701171875,2208870000
2018-06-29,7040.7998046875,7040.7998046875,7101.830078125,7031.39990234375,7071.490234375,2208820000
2018-07-02,7097.81982421875,7097.81982421875,7099.27001953125,6969.16015625,6979.5400390625,1777880000
2018-07-03,7014.5498046875,7014.5498046875,7122.4501953125,7009.509765625,7121.7099609375,1171420000
2018-07-05,7101.0498046875,7101.0498046875,7105.5400390625,7025.25,7064.0,1754690000
2018-07-06,7207.330078125,7207.330078125,7217.0,7106.10009765625,7114.169921875,1718600000
2018-07-09,7276.0,7276.0,7277.580078125,7221.31982421875,7251.18017578125,1844440000
2018-07-10,7282.60009765625,7282.60009765625,7297.7900390625,7257.490234375,7287.0498046875,1735230000
2018-07-11,7243.97998046875,7243.97998046875,7271.1201171875,7220.22998046875,7221.66015625,1768480000
2018-07-12,7366.25,7366.25,7368.72021484375,7274.16015625,7276.3798828125,1930830000
2018-07-13,7375.81982421875,7375.81982421875,7387.740234375,7348.9599609375,7372.27978515625,1727500000
2018-07-16,7357.89990234375,7357.89990234375,7390.64013671875,7346.33984375,7381.02978515625,1739360000
2018-07-17,7403.89013671875,7403.89013671875,7418.43017578125,7288.2998046875,7291.47998046875,1752210000
2018-07-18,7390.1298828125,7390.1298828125,7411.25,7368.35986328125,7407.25,1881110000
2018-07-19,7352.35986328125,7352.35986328125,7388.990234375,7344.330078125,7364.66015625,1886300000
2018-07-20,7350.22998046875,7350.22998046875,7398.58984375,7343.3701171875,7379.1298828125,1796530000
2018-07-23,7371.77978515625,7371.77978515625,7376.81982421875,7301.33984375,7335.419921875,1668270000
2018-07-24,7406.25,7406.25,7475.990234375,7375.740234375,7455.509765625,2021890000
2018-07-25,7508.58984375,7508.58984375,7511.39013671875,7405.64013671875,7406.10009765625,1943820000
2018-07-26,7400.75,7400.75,7430.1201171875,7385.72021484375,7404.56005859375,2289370000
2018-07-27,7296.77978515625,7296.77978515625,7443.240234375,7255.31982421875,7443.240234375,2193410000
2018-07-30,7193.10009765625,7193.10009765625,7299.080078125,7158.77978515625,7292.72021484375,2154140000
2018-07-31,7231.97998046875,7231.97998046875,7272.9599609375,7179.41015625,7219.669921875,2208610000
2018-08-01,7272.89013671875,7272.89013671875,7294.7998046875,7234.64013671875,7269.2001953125,2228950000
2018-08-02,7372.14990234375,7372.14990234375,7380.56005859375,7221.35009765625,7221.35009765625,2115490000
2018-08-03,7395.490234375,7395.490234375,7395.490234375,7356.330078125,7389.35986328125,2035870000
2018-08-06,7438.990234375,7438.990234375,7439.5498046875,7381.580078125,7390.81982421875,2245300000
2018-08-07,7462.64990234375,7462.64990234375,7478.9599609375,7443.8798828125,7459.31982421875,2206400000
2018-08-08,7469.5498046875,7469.5498046875,7486.2099609375,7435.77001953125,7454.419921875,2098100000
2018-08-09,7466.9599609375,7466.9599609375,7498.3701171875,7458.56982421875,7467.509765625,2048170000
2018-08-10,7408.2998046875,7408.2998046875,7436.68994140625,7382.830078125,7409.0498046875,2107530000
2018-08-13,7401.169921875,7401.169921875,7468.81982421875,7398.52978515625,7420.18017578125,1934100000
2018-08-14,7447.169921875,7447.169921875,7455.419921875,7390.0,7430.4501953125,1938840000
2018-08-15,7354.66015625,7354.66015625,7409.47998046875,7308.52001953125,7385.669921875,2294100000
2018-08-16,7374.2900390625,7374.2900390625,7422.830078125,7361.8798828125,7409.60986328125,1991410000
2018-08-17,7377.5400390625,7377.5400390625,7394.93994140625,7312.64990234375,7352.6298828125,1850770000
2018-08-20,7371.419921875,7371.419921875,7395.75,7343.47021484375,7393.580078125,1709500000
2018-08-21,7397.22998046875,7397.22998046875,7441.419921875,7388.3701171875,7393.4599609375,1788860000
2018-08-22,7424.60009765625,7424.60009765625,7434.47998046875,7374.68994140625,7379.83984375,1669240000
2018-08-23,7413.83984375,7413.83984375,7465.8701171875,7405.39990234375,7420.31005859375,1888600000
2018-08-24,7485.39990234375,7485.39990234375,7489.5400390625,7442.990234375,7443.7099609375,1892990000
2018-08-27,7559.1298828125,7559.1298828125,7560.759765625,7512.02001953125,7527.3701171875,2333790000
2018-08-28,7570.25,7570.25,7588.72021484375,7556.7099609375,7580.85009765625,1980270000
2018-08-29,7660.18017578125,7660.18017578125,7661.9501953125,7583.52001953125,7585.1298828125,1909880000
2018-08-30,7642.669921875,7642.669921875,7691.10009765625,7619.72998046875,7645.10986328125,2022720000
2018-08-31,7654.5498046875,7654.5498046875,7676.4599609375,7628.5400390625,7634.43994140625,1906900000
2018-09-04,7622.31982421875,7622.31982421875,7643.4501953125,7581.35009765625,7629.33984375,2238710000
2018-09-05,7523.259765625,7523.259765625,7607.18017578125,7498.3798828125,7600.9501953125,2602810000
2018-09-06,7453.169921875,7453.169921875,7532.2998046875,7405.31982421875,7527.22021484375,2375380000
2018-09-07,7430.259765625,7430.259765625,7489.39990234375,7400.990234375,7402.18994140625,2158930000
2018-09-10,7447.68017578125,7447.68017578125,7473.75,7410.740234375,7466.759765625,2055430000
2018-09-11,7507.8701171875,7507.8701171875,7519.4501953125,7401.72021484375,7415.08984375,2345080000
2018-09-12,7488.06005859375,7488.06005859375,7501.240234375,7422.91015625,7493.3798828125,2372320000
2018-09-13,7561.68994140625,7561.68994140625,7578.759765625,7531.66015625,7535.22998046875,2332930000
2018-09-14,7545.5,7545.5,7581.2998046875,7515.0400390625,7575.3798828125,2069380000
2018-09-17,7434.72998046875,7434.72998046875,7533.919921875,7427.7900390625,7522.58984375,2303600000
2018-09-18,7494.39990234375,7494.39990234375,7531.2001953125,7436.52978515625,7440.85986328125,2328260000
2018-09-19,7490.31982421875,7490.31982421875,7513.33984375,7441.56005859375,7498.240234375,2167720000
2018-09-20,7569.02978515625,7569.02978515625,7582.43017578125,7523.8701171875,7534.02001953125,2306580000
2018-09-21,7531.06982421875,7531.06982421875,7603.85986328125,7522.1201171875,7587.39013671875,3729890000
2018-09-24,7548.75,7548.75,7554.9501953125,7447.22998046875,7477.4501953125,2433260000
2018-09-25,7563.18994140625,7563.18994140625,7568.169921875,7525.18994140625,7552.02001953125,2328660000
2018-09-26,7563.08984375,7563.08984375,7637.6201171875,7553.259765625,7563.9599609375,2342370000
2018-09-27,7629.56982421875,7629.56982421875,7657.7998046875,7596.9599609375,7600.35009765625,2073930000
2018-09-28,7627.64990234375,7627.64990234375,7649.2998046875,7598.68994140625,7612.64990234375,2342120000
2018-10-01,7645.4501953125,7645.4501953125,7700.56005859375,7627.47021484375,7673.0,2299520000
2018-10-02,7628.27978515625,7628.27978515625,7685.35986328125,7610.25,7632.3701171875,2416800000
2018-10-03,7637.43017578125,7637.43017578125,7676.89990234375,7625.60009765625,7663.08984375,3095630000
2018-10-04,7490.0,7490.0,7608.240234375,7436.259765625,7603.009765625,3302690000
2018-10-05,7399.009765625,7399.009765625,7510.4501953125,7327.43994140625,7482.0400390625,2699370000
2018-10-08,7352.81982421875,7352.81982421875,7415.5400390625,7267.02001953125,7356.5400390625,2259300000
2018-10-09,7371.6201171875,7371.6201171875,7430.35986328125,7339.85986328125,7352.43994140625,2466440000
2018-10-10,7044.5,7044.5,7329.240234375,7042.06005859375,7319.81005859375,3111680000
2018-10-11,6964.02978515625,6964.02978515625,7120.10009765625,6892.89013671875,7013.47998046875,3154520000
2018-10-12,7157.2099609375,7157.2099609375,7179.0400390625,7019.89013671875,7150.2099609375,2674210000
2018-10-15,7068.669921875,7068.669921875,7144.16015625,7047.47021484375,7129.31005859375,2167000000
2018-10-16,7276.43017578125,7276.43017578125,7291.259765625,7133.2900390625,7141.669921875,2639760000
2018-10-17,7278.6298828125,7278.6298828125,7311.85009765625,7205.759765625,7310.0,2385070000
2018-10-18,7116.08984375,7116.08984375,7251.5400390625,7081.89013671875,7250.919921875,2567980000
2018-10-19,7107.22998046875,7107.22998046875,7227.9599609375,7080.740234375,7169.4501953125,2547790000
2018-10-22,7141.2099609375,7141.2099609375,7193.72021484375,7088.89990234375,7146.02978515625,2301010000
2018-10-23,7118.669921875,7118.669921875,7149.1298828125,6933.56005859375,7002.68994140625,2752010000
2018-10-24,6789.14990234375,6789.14990234375,7117.33984375,6777.47021484375,7101.85009765625,2959560000
2018-10-25,7016.39013671875,7016.39013671875,7063.919921875,6866.75,6891.27001953125,2788090000
2018-10-26,6852.39990234375,6852.39990234375,6976.93994140625,6743.77978515625,6804.68994140625,2971530000
2018-10-29,6713.89990234375,6713.89990234375,6973.18994140625,6574.75,6954.68994140625,2711900000
2018-10-30,6810.1201171875,6810.1201171875,6816.27001953125,6652.52978515625,6673.83984375,2699220000
2018-10-31,6967.10009765625,6967.10009765625,7030.509765625,6924.08984375,6933.10986328125,2918880000
2018-11-01,7069.169921875,7069.169921875,7071.83984375,6932.2099609375,6980.7900390625,2728760000
2018-11-02,6965.2900390625,6965.2900390625,7085.27001953125,6909.06982421875,7042.2998046875,2899670000
2018-11-05,6937.08984375,6937.08984375,6952.93017578125,6859.7998046875,6946.14990234375,2186310000
2018-11-06,6988.85009765625,6988.85009765625,7024.77978515625,6928.0,6939.1298828125,2300920000
2018-11-07,7203.1298828125,7203.1298828125,7205.9599609375,7057.7099609375,7068.5,2687410000
2018-11-08,7158.58984375,7158.58984375,7192.31982421875,7125.14013671875,7176.18994140625,2475160000
2018-11-09,7039.14990234375,7039.14990234375,7104.39013671875,6982.89013671875,7095.4501953125,2426750000
2018-11-12,6829.10009765625,6829.10009765625,6998.7998046875,6819.3798828125,6990.3701171875,2305340000
2018-11-13,6830.91015625,6830.91015625,6951.43994140625,6811.68017578125,6858.58984375,2361240000
2018-11-14,6769.8701171875,6769.8701171875,6916.10009765625,6736.18017578125,6896.2001953125,2566210000
2018-11-15,6890.4501953125,6890.4501953125,6908.830078125,6702.419921875,6750.6298828125,2523500000
2018-11-16,6867.02001953125,6867.02001953125,6898.1298828125,6797.43017578125,6823.02978515625,2466980000
2018-11-19,6642.919921875,6642.919921875,6841.43994140625,6623.3701171875,6832.25,2381430000
2018-11-20,6526.9599609375,6526.9599609375,6614.009765625,6442.35986328125,6475.68017578125,2672250000
2018-11-21,6575.66015625,6575.66015625,6639.3701171875,6566.31005859375,6608.1201171875,1867840000
2018-11-23,6527.35009765625,6527.35009765625,6591.56005859375,6524.5498046875,6525.02001953125,958950000
2018-11-26,6678.33984375,6678.33984375,6679.91015625,6590.89013671875,6616.7900390625,2036910000
2018-11-27,6701.0400390625,6701.0400390625,6715.41015625,6609.080078125,6639.39013671875,2076790000
2018-11-28,6913.330078125,6913.330078125,6914.7900390625,6713.2900390625,6756.1298828125,2413120000
2018-11-29,6892.39990234375,6892.39990234375,6938.02001953125,6839.4501953125,6890.83984375,2018190000
2018-11-30,6949.009765625,6949.009765625,6951.1298828125,6872.2900390625,6902.240234375,2547970000
2018-12-03,7062.1298828125,7062.1298828125,7107.0,7013.2001953125,7106.83984375,2643150000
2018-12-04,6795.2099609375,6795.2099609375,7045.68017578125,6785.85009765625,7026.81005859375,2655720000
2018-12-06,6838.85009765625,6838.85009765625,6840.5,6630.81982421875,6652.1298828125,2857650000
2018-12-07,6613.27978515625,6613.27978515625,6849.3798828125,6594.5400390625,6806.6298828125,2504680000
2018-12-10,6682.740234375,6682.740234375,6710.39013671875,6534.330078125,6603.35986328125,2380270000
2018-12-11,6704.240234375,6704.240234375,6788.47021484375,6650.830078125,6782.41015625,2286810000
2018-12-12,6763.9599609375,6763.9599609375,6867.66015625,6761.77978515625,6800.5498046875,2427080000
2018-12-13,6767.97021484375,6767.97021484375,6833.77978515625,6724.0400390625,6805.7001953125,2162210000
2018-12-14,6594.9599609375,6594.9599609375,6710.41015625,6585.31005859375,6679.91015625,2218330000
2018-12-17,6448.39013671875,6448.39013671875,6621.6298828125,6399.5498046875,6571.0,2697400000
2018-12-18,6491.52001953125,6491.52001953125,6551.0400390625,6434.60009765625,6503.1201171875,2623270000
2018-12-19,6342.97021484375,6342.97021484375,6575.39013671875,6284.72021484375,6480.31005859375,2919140000
2018-12-20,6243.18994140625,6243.18994140625,6380.97021484375,6161.85009765625,6312.72021484375,3282440000
2018-12-21,6046.56005859375,6046.56005859375,6308.31005859375,6013.97998046875,6293.0498046875,4571670000
2018-12-24,5899.35009765625,5899.35009765625,6075.169921875,5895.1201171875,5994.080078125,1647440000
2018-12-26,6262.77001953125,6262.77001953125,6263.81982421875,5921.85986328125,5969.080078125,2572890000
2018-12-27,6288.2998046875,6288.2998046875,6291.990234375,6043.4501953125,6168.60009765625,2449110000
2018-12-28,6285.27001953125,6285.27001953125,6388.35986328125,6233.68994140625,6326.6201171875,2216250000
2018-12-31,6329.97021484375,6329.97021484375,6365.39013671875,6273.93994140625,6354.85009765625,2109320000
2019-01-02,6360.8701171875,6360.8701171875,6394.740234375,6198.68017578125,6198.68017578125,2261800000
2019-01-03,6147.1298828125,6147.1298828125,6292.68017578125,6139.39990234375,6274.759765625,2631550000
2019-01-04,6422.669921875,6422.669921875,6445.2001953125,6234.58984375,6250.0498046875,2596150000
2019-01-07,6488.25,6488.25,6521.43994140625,6412.97998046875,6434.5498046875,2523450000
2019-01-08,6551.85009765625,6551.85009765625,6574.72998046875,6457.0,6555.91015625,2407340000
2019-01-09,6600.68994140625,6600.68994140625,6631.06005859375,6549.43994140625,6576.5400390625,2434500000
2019-01-10,6620.93994140625,6620.93994140625,6625.10986328125,6517.5400390625,6551.0498046875,2190110000
2019-01-11,6601.39990234375,6601.39990234375,6604.56005859375,6562.0400390625,6579.89013671875,2074310000
2019-01-14,6541.0400390625,6541.0400390625,6566.8701171875,6512.64013671875,6536.3701171875,1960780000
2019-01-15,6669.64013671875,6669.64013671875,6674.52978515625,6567.31982421875,6571.14990234375,2066090000
2019-01-16,6668.56005859375,6668.56005859375,6720.41015625,6665.0498046875,6677.3798828125,2163730000
2019-01-17,6718.4501953125,6718.4501953125,6747.27978515625,6637.10009765625,6646.18994140625,2149280000
2019-01-18,6784.60986328125,6784.60986328125,6816.22998046875,6727.93994140625,6771.52001953125,2459920000
2019-01-22,6646.81005859375,6646.81005859375,6738.56982421875,6603.56005859375,6736.64990234375,2397660000
2019-01-23,6658.759765625,6658.759765625,6712.85986328125,6584.5,6689.080078125,2288090000
2019-01-24,6702.5498046875,6702.5498046875,6710.72998046875,6656.52001953125,6680.33984375,2419110000
2019-01-25,6787.3701171875,6787.3701171875,6800.97021484375,6733.31982421875,6755.669921875,2446550000
2019-01-28,6697.08984375,6697.08984375,6697.52978515625,6644.31005859375,6691.83984375,2448790000
2019-01-29,6632.7900390625,6632.7900390625,6701.47021484375,6613.419921875,6695.7099609375,2106370000
2019-01-30,6807.91015625,6807.91015625,6826.919921875,6688.330078125,6708.56005859375,2569410000
2019-01-31,6906.83984375,6906.83984375,6936.33984375,6837.919921875,6840.93017578125,2947490000
2019-02-01,6875.52001953125,6875.52001953125,6921.9501953125,6857.31005859375,6872.72998046875,2398800000
2019-02-04,6959.9599609375,6959.9599609375,6960.97021484375,6872.60009765625,6876.56005859375,2106030000
2019-02-05,7023.52001953125,7023.52001953125,7029.77001953125,6967.93994140625,6969.3701171875,2284960000
2019-02-06,6997.6201171875,6997.6201171875,7034.93994140625,6969.830078125,7023.89013671875,2179400000
2019-02-07,6904.97998046875,6904.97998046875,6954.77001953125,6854.35009765625,6934.330078125,2310700000
2019-02-08,6913.1298828125,6913.1298828125,6914.56005859375,6836.7001953125,6843.330078125,2102520000
2019-02-11,6909.18017578125,6909.18017578125,6958.330078125,6893.7998046875,6941.259765625,1908490000
2019-02-12,7014.669921875,7014.669921875,7021.759765625,6948.330078125,6960.5498046875,2140130000
2019-02-13,7015.8798828125,7015.8798828125,7062.580078125,7009.72998046875,7038.31982421875,2103840000
2019-02-14,7022.419921875,7022.419921875,7047.8798828125,6969.68994140625,6986.509765625,2117500000
2019-02-15,7055.18017578125,7055.18017578125,7073.990234375,7022.2998046875,7066.3798828125,2263640000
2019-02-19,7066.60986328125,7066.60986328125,7089.10009765625,7032.77978515625,7033.3701171875,2124140000
2019-02-20,7062.33984375,7062.33984375,7096.14990234375,7027.3701171875,7070.240234375,2202670000
2019-02-21,7035.16015625,7035.16015625,7063.06982421875,7001.7998046875,7047.080078125,2144680000
2019-02-22,7090.6298828125,7090.6298828125,7094.2900390625,7050.009765625,7055.2001953125,2428560000
2019-02-25,7115.43017578125,7115.43017578125,7161.72998046875,7111.77978515625,7144.33984375,2399410000
2019-02-26,7123.22021484375,7123.22021484375,7144.64990234375,7087.14013671875,7098.97021484375,2305760000
2019-02-27,7117.0,7117.0,7125.77978515625,7045.41015625,7095.75,2430790000
2019-02-28,7097.52978515625,7097.52978515625,7125.919921875,7081.919921875,7093.2001953125,2676790000
2019-03-01,7151.56982421875,7151.56982421875,7159.9599609375,7101.06982421875,7152.080078125,2490920000
2019-03-04,7150.830078125,7150.830078125,7205.93994140625,7073.39990234375,7193.8798828125,2582090000
2019-03-05,7156.7900390625,7156.7900390625,7178.2998046875,7120.68994140625,7156.66015625,2166670000
2019-03-06,7112.47021484375,7112.47021484375,7162.240234375,7104.5498046875,7156.240234375,2256550000
2019-03-07,7026.8798828125,7026.8798828125,7097.91015625,7001.81005859375,7089.6298828125,2462690000
2019-03-08,7015.68994140625,7015.68994140625,7018.919921875,6940.72021484375,6940.89990234375,2260950000
2019-03-11,7164.02001953125,7164.02001953125,7166.93017578125,7049.56005859375,7050.0498046875,2248460000
2019-03-12,7201.27978515625,7201.27978515625,7219.41015625,7166.9501953125,7176.22998046875,2171620000
2019-03-13,7256.97998046875,7256.97998046875,7292.85986328125,7229.8798828125,7231.0498046875,2379260000
2019-03-14,7243.009765625,7243.009765625,7267.93994140625,7240.9599609375,7257.31005859375,2198900000
2019-03-15,7306.990234375,7306.990234375,7331.2998046875,7265.6298828125,7274.14013671875,3451860000
2019-03-18,7326.27978515625,7326.27978515625,7348.68994140625,7293.85009765625,7311.6298828125,2302140000
2019-03-19,7349.27978515625,7349.27978515625,7390.2900390625,7321.93017578125,7357.580078125,2457920000
2019-03-20,7380.75,7380.75,7422.75,7318.419921875,7348.990234375,2464230000
2019-03-21,7493.27001953125,7493.27001953125,7505.41015625,7356.93994140625,7356.93994140625,2502810000
2019-03-22,7326.06005859375,7326.06005859375,7482.35009765625,7323.52001953125,7458.43994140625,2504740000
2019-03-25,7316.9599609375,7316.9599609375,7342.509765625,7265.27978515625,7299.93017578125,2162490000
2019-03-26,7351.14990234375,7351.14990234375,7417.259765625,7314.3798828125,7378.22998046875,2080350000
2019-03-27,7308.18994140625,7308.18994140625,7376.990234375,7252.06005859375,7364.47021484375,2244070000
2019-03-28,7320.47021484375,7320.47021484375,7346.0400390625,7277.68994140625,7325.06005859375,1922150000
2019-03-29,7378.77001953125,7378.77001953125,7381.68994140625,7333.169921875,7377.77001953125,2311790000
2019-04-01,7478.419921875,7478.419921875,7481.83984375,7422.43994140625,7450.81005859375,2230050000
2019-04-02,7499.64013671875,7499.64013671875,7507.0498046875,7461.509765625,7473.509765625,2123250000
2019-04-03,7544.97021484375,7544.97021484375,7589.68994140625,7520.39990234375,7538.169921875,2509630000
2019-04-04,7540.56982421875,7540.56982421875,7571.1298828125,7496.2998046875,7542.16015625,2152640000
2019-04-05,7578.83984375,7578.83984375,7581.89990234375,7554.91015625,7564.27001953125,2157050000
2019-04-08,7599.740234375,7599.740234375,7602.080078125,7536.419921875,7565.06005859375,2075550000
2019-04-09,7568.490234375,7568.490234375,7596.75,7555.6201171875,7571.8798828125,2078800000
2019-04-10,7611.490234375,7611.490234375,7613.41015625,7573.27978515625,7581.39013671875,2012290000
2019-04-11,7594.89013671875,7594.89013671875,7621.39990234375,7580.7099609375,7621.39990234375,1969480000
2019-04-12,7628.14990234375,7628.14990234375,7630.52001953125,7596.56005859375,7624.14990234375,1968900000
2019-04-15,7629.1201171875,7629.1201171875,7636.7998046875,7578.5400390625,7630.60009765625,1827710000
2019-04-16,7654.72998046875,7654.72998046875,7670.39990234375,7631.64013671875,7651.18994140625,2102740000
2019-04-17,7680.72021484375,7680.72021484375,7715.06982421875,7659.85009765625,7705.31982421875,2317330000
2019-04-18,7689.72021484375,7689.72021484375,7694.18017578125,7647.39990234375,7688.93017578125,2124630000
2019-04-22,7713.490234375,7713.490234375,7715.330078125,7653.89013671875,7658.3701171875,1790990000
2019-04-23,7810.7099609375,7810.7099609375,7819.33984375,7719.08984375,7724.169921875,2099410000
2019-04-24,7784.41015625,7784.41015625,7827.0498046875,7783.58984375,7813.02001953125,2043310000
2019-04-25,7816.919921875,7816.919921875,7851.97021484375,7778.22998046875,7850.7099609375,2073370000
2019-04-26,7826.68017578125,7826.68017578125,7826.89013671875,7742.60009765625,7791.14990234375,1982560000
2019-04-29,7839.0400390625,7839.0400390625,7851.85009765625,7812.97021484375,7825.64013671875,1781860000
2019-04-30,7781.4599609375,7781.4599609375,7792.31982421875,7726.06982421875,7769.2998046875,2131850000
2019-05-01,7751.85009765625,7751.85009765625,7851.02978515625,7749.740234375,7828.14013671875,2273540000
2019-05-02,7724.06005859375,7724.06005859375,7791.509765625,7672.5400390625,7751.64013671875,2211530000
2019-05-03,7845.72998046875,7845.72998046875,7847.52001953125,7772.43994140625,7784.2900390625,2081080000
2019-05-06,7794.08984375,7794.08984375,7804.5400390625,7662.919921875,7662.919921875,1979650000
2019-05-07,7640.14990234375,7640.14990234375,7743.06005859375,7572.60986328125,7713.490234375,2397600000
2019-05-08,7617.5498046875,7617.5498046875,7678.81982421875,7593.75,7623.31982421875,2214680000
2019-05-09,7582.75,7582.75,7605.02978515625,7472.7099609375,7525.81005859375,2549500000
2019-05-10,7586.52978515625,7586.52978515625,7623.009765625,7426.75,7556.0400390625,2421470000
2019-05-13,7324.1298828125,7324.1298828125,7433.919921875,7303.64013671875,7385.5498046875,2484820000
2019-05-14,7401.8798828125,7401.8798828125,7449.02978515625,7337.93994140625,7366.64013671875,2103140000
2019-05-15,7503.25,7503.25,7524.22021484375,7353.89990234375,7354.81982421875,2014080000
2019-05-16,7580.14013671875,7580.14013671875,7627.02978515625,7502.759765625,7509.91015625,2168720000
2019-05-17,7503.68017578125,7503.68017578125,7605.669921875,7496.919921875,7513.14990234375,2176380000
2019-05-20,7376.7001953125,7376.7001953125,7424.58984375,7351.919921875,7391.72998046875,2130700000
2019-05-21,7451.02001953125,7451.02001953125,7472.7099609375,7417.06982421875,7442.31005859375,2000130000
2019-05-22,7420.66015625,7420.66015625,7458.10986328125,7410.7099609375,7413.83984375,1884660000
2019-05-23,7307.93017578125,7307.93017578125,7337.47021484375,7261.4599609375,7331.669921875,2270530000
2019-05-24,7300.9599609375,7300.9599609375,7371.2998046875,7294.10009765625,7353.97021484375,1685230000
2019-05-28,7278.3798828125,7278.3798828125,7362.2900390625,7274.7001953125,7321.27001953125,2378470000
2019-05-29,7216.85986328125,7216.85986328125,7254.2001953125,7176.669921875,7222.5498046875,2282120000
2019-05-30,7245.39990234375,7245.39990234375,7262.77001953125,7204.419921875,7234.830078125,1875180000
2019-05-31,7127.9599609375,7127.9599609375,7183.22998046875,7125.97021484375,7148.7099609375,2239420000
2019-06-03,6978.02001953125,6978.02001953125,7126.43017578125,6936.68017578125,7110.33984375,2580670000
2019-06-04,7166.75,7166.75,7169.7900390625,7023.08984375,7056.18017578125,2374130000
2019-06-05,7220.89990234375,7220.89990234375,7235.22998046875,7146.43017578125,7230.81005859375,2139290000
2019-06-06,7275.93017578125,7275.93017578125,7293.22021484375,7201.58984375,7229.85986328125,2093470000
2019-06-07,7417.2900390625,7417.2900390625,7445.990234375,7309.009765625,7315.330078125,2074120000
2019-06-10,7501.93017578125,7501.93017578125,7573.0,7468.169921875,7472.60009765625,2042340000
2019-06-11,7513.85009765625,7513.85009765625,7595.56982421875,7489.990234375,7584.75,2121150000
2019-06-12,7472.2900390625,7472.2900390625,7507.52001953125,7459.2001953125,7493.5498046875,1978930000
2019-06-13,7510.68017578125,7510.68017578125,7530.91015625,7487.08984375,7500.85009765625,1848360000
2019-06-14,7479.10986328125,7479.10986328125,7500.740234375,7454.8701171875,7476.47021484375,1808370000
2019-06-17,7526.52001953125,7526.52001953125,7546.990234375,7492.169921875,7500.27978515625,1950550000
2019-06-18,7635.39990234375,7635.39990234375,7689.080078125,7595.58984375,7606.60986328125,2250550000
2019-06-19,7667.740234375,7667.740234375,7681.56005859375,7606.27978515625,7652.52001953125,2027520000
2019-06-20,7738.0498046875,7738.0498046875,7770.60986328125,7681.43017578125,7770.169921875,2108250000
2019-06-21,7728.77978515625,7728.77978515625,7772.52978515625,7708.25,7719.419921875,2909540000
2019-06-24,7723.02001953125,7723.02001953125,7746.68017578125,7720.77978515625,7737.0,2073470000
2019-06-25,7591.5400390625,7591.5400390625,7723.0400390625,7584.169921875,7720.91015625,2132550000
2019-06-26,7627.0498046875,7627.0498046875,7688.64013671875,7616.91015625,7642.919921875,2122730000
2019-06-27,7657.0498046875,7657.0498046875,7672.97998046875,7636.72021484375,7656.68017578125,2083920000
2019-06-28,7671.080078125,7671.080078125,7682.259765625,7639.4501953125,7674.52001953125,4101490000
2019-07-01,7768.14013671875,7768.14013671875,7820.81005859375,7735.669921875,7816.56005859375,2219030000
2019-07-02,7799.81982421875,7799.81982421875,7800.47021484375,7746.009765625,7763.02978515625,1956590000
2019-07-03,7857.68994140625,7857.68994140625,7857.68994140625,7811.2900390625,7819.06005859375,1548240000
2019-07-05,7841.2998046875,7841.2998046875,7854.7099609375,7774.58984375,7806.06982421875,1690700000
2019-07-08,7785.7900390625,7785.7900390625,7841.2998046875,7756.10986328125,7790.4599609375,1957160000
2019-07-09,7826.85986328125,7826.85986328125,7833.93017578125,7748.22998046875,7748.2900390625,1871430000
2019-07-10,7903.39990234375,7903.39990234375,7923.93017578125,7858.68017578125,7869.72998046875,2066640000
2019-07-11,7896.77978515625,7896.77978515625,7934.60009765625,7873.16015625,7918.64990234375,1970690000
2019-07-12,7943.240234375,7943.240234375,7944.080078125,7900.39013671875,7908.580078125,1835960000
2019-07-15,7966.93017578125,7966.93017578125,7969.7900390625,7940.4501953125,7961.06982421875,1790770000
2019-07-16,7927.080078125,7927.080078125,7965.759765625,7904.9501953125,7958.43994140625,1947010000
2019-07-17,7888.759765625,7888.759765625,7941.10009765625,7887.97998046875,7927.91015625,1887120000
2019-07-18,7904.1298828125,7904.1298828125,7912.330078125,7827.490234375,7850.1201171875,2063790000
2019-07-19,7834.89990234375,7834.89990234375,7950.22021484375,7832.39013671875,7944.85986328125,1893050000
2019-07-22,7905.1201171875,7905.1201171875,7918.47021484375,7862.27001953125,7862.3798828125,1860440000
2019-07-23,7954.56005859375,7954.56005859375,7955.08984375,7895.0498046875,7946.0498046875,1845050000
2019-07-24,8010.60986328125,8010.60986328125,8010.830078125,7926.990234375,7928.77978515625,1953670000
2019-07-25,7929.8701171875,7929.8701171875,7983.9599609375,7921.2099609375,7979.14013671875,2058090000
2019-07-26,8016.9501953125,8016.9501953125,8027.18017578125,7986.72021484375,7992.1298828125,1975110000
2019-07-29,7989.080078125,7989.080078125,8010.0498046875,7939.97998046875,8010.0498046875,1882980000
2019-07-30,7952.47021484375,7952.47021484375,7983.10986328125,7923.4501953125,7927.56005859375,1893610000
2019-07-31,7848.77978515625,7848.77978515625,7979.2001953125,7774.93017578125,7972.759765625,2679230000
2019-08-01,7801.14990234375,7801.14990234375,8000.93994140625,7769.02001953125,7866.60009765625,2815420000
2019-08-02,7692.7998046875,7692.7998046875,7755.08984375,7645.18017578125,7740.91015625,2262550000
2019-08-05,7415.68994140625,7415.68994140625,7528.89990234375,7356.27001953125,7510.02001953125,2661780000
2019-08-06,7521.31982421875,7521.31982421875,7541.740234375,7432.31005859375,7492.02001953125,2217620000
2019-08-07,7551.89990234375,7551.89990234375,7569.89990234375,7386.39013671875,7436.14013671875,2470170000
2019-08-08,7724.830078125,7724.830078125,7726.4599609375,7576.81982421875,7608.02978515625,2442950000
2019-08-09,7646.27001953125,7646.27001953125,7709.509765625,7591.14013671875,7684.56005859375,2221180000
2019-08-12,7561.68017578125,7561.68017578125,7623.43994140625,7528.9501953125,7597.18994140625,2068920000
2019-08-13,7728.14990234375,7728.14990234375,7778.33984375,7553.330078125,7553.43017578125,2353570000
2019-08-14,7490.1298828125,7490.1298828125,7621.7001953125,7480.580078125,7594.64013671875,2543670000
2019-08-15,7484.89013671875,7484.89013671875,7523.5,7429.35986328125,7503.14013671875,2190810000
2019-08-16,7604.10986328125,7604.10986328125,7622.72998046875,7548.89990234375,7548.89990234375,2018710000
2019-08-19,7719.31982421875,7719.31982421875,7740.740234375,7604.10986328125,7715.41015625,1946440000
2019-08-20,7664.47021484375,7664.47021484375,7731.31005859375,7664.2099609375,7708.31005859375,1750730000
2019-08-21,7733.22021484375,7733.22021484375,7754.66015625,7706.56982421875,7731.75,1721410000
2019-08-22,7707.43017578125,7707.43017578125,7764.7900390625,7649.27978515625,7750.97998046875,1780760000
2019-08-23,7464.990234375,7464.990234375,7722.43017578125,7442.93017578125,7658.47998046875,2214370000
2019-08-26,7575.02001953125,7575.02001953125,7577.77001953125,7506.169921875,7540.68994140625,1691990000
2019-08-27,7566.02978515625,7566.02978515625,7640.68017578125,7531.9599609375,7630.4599609375,1914930000
2019-08-28,7587.89990234375,7587.89990234375,7598.14990234375,7500.22021484375,7536.7001953125,1663450000
2019-08-29,7702.31005859375,7702.31005859375,7723.93994140625,7654.31005859375,7678.68994140625,1703760000
2019-08-30,7691.0,7691.0,7747.080078125,7642.89990234375,7743.22998046875,1668110000
2019-09-03,7609.509765625,7609.509765625,7670.169921875,7584.81982421875,7634.02978515625,1938780000
2019-09-04,7719.25,7719.25,7724.91015625,7663.64013671875,7683.77978515625,1893740000
2019-09-05,7862.5400390625,7862.5400390625,7879.97021484375,7803.4501953125,7803.4501953125,2108700000
2019-09-06,7852.5400390625,7852.5400390625,7874.990234375,7835.89013671875,7868.8701171875,1878730000
2019-09-09,7832.39990234375,7832.39990234375,7877.41015625,7795.85986328125,7876.39990234375,2186660000
2019-09-10,7814.740234375,7814.740234375,7817.580078125,7743.60986328125,7793.27978515625,2366080000
2019-09-11,7887.580078125,7887.580078125,7888.33984375,7812.06982421875,7820.7099609375,2322610000
2019-09-12,7917.33984375,7917.33984375,7975.330078125,7907.330078125,7931.9599609375,2228100000
2019-09-13,7892.9501953125,7892.9501953125,7923.41015625,7879.58984375,7903.72998046875,1984570000
2019-09-16,7852.41015625,7852.41015625,7868.740234375,7831.759765625,7833.72998046875,1876540000
2019-09-17,7888.7900390625,7888.7900390625,7891.2099609375,7840.990234375,7849.8798828125,1857350000
2019-09-18,7888.56005859375,7888.56005859375,7891.169921875,7791.580078125,7877.580078125,2045590000
2019-09-19,7901.7900390625,7901.7900390625,7950.2099609375,7888.31005859375,7904.39013671875,1818430000
2019-09-20,7823.5498046875,7823.5498046875,7920.52978515625,7794.27001953125,7901.4599609375,3363230000
2019-09-23,7818.60986328125,7818.60986328125,7842.97998046875,7790.2900390625,7815.22998046875,1781750000
2019-09-24,7710.0400390625,7710.0400390625,7873.25,7684.7998046875,7855.97021484375,2310940000
2019-09-25,7803.5400390625,7803.5400390625,7822.43017578125,7647.6298828125,7706.5,2022080000
2019-09-26,7771.990234375,7771.990234375,7798.1201171875,7718.68994140625,7794.27978515625,1886310000
2019-09-27,7681.580078125,7681.580078125,7790.7998046875,7626.81982421875,7786.02978515625,2041250000
2019-09-30,7749.4501953125,7749.4501953125,7761.83984375,7693.490234375,7705.97021484375,1809050000
2019-10-01,7684.14013671875,7684.14013671875,7821.72021484375,7675.419921875,7782.81982421875,2250500000
2019-10-02,7550.7900390625,7550.7900390625,7631.33984375,7513.68994140625,7627.58984375,2503630000
2019-10-03,7638.39013671875,7638.39013671875,7640.419921875,7463.56982421875,7557.18994140625,2157220000
2019-10-04,7754.10009765625,7754.10009765625,7759.35986328125,7670.919921875,7677.330078125,1748000000
2019-10-07,7725.1298828125,7725.1298828125,7784.7900390625,7712.68017578125,7725.68017578125,1759580000
2019-10-08,7604.27001953125,7604.27001953125,7707.169921875,7603.759765625,7671.3798828125,1943700000
2019-10-09,7690.52978515625,7690.52978515625,7717.93994140625,7655.47998046875,7678.66015625,1563500000
2019-10-10,7740.35986328125,7740.35986328125,7772.68017578125,7682.60986328125,7688.419921875,1793470000
2019-10-11,7843.8798828125,7843.8798828125,7904.0498046875,7831.10986328125,7835.93017578125,2184790000
2019-10-14,7842.330078125,7842.330078125,7865.669921875,7827.16015625,7834.740234375,1423700000
2019-10-15,7942.85009765625,7942.85009765625,7960.14013671875,7863.64990234375,7867.9599609375,1841660000
2019-10-16,7920.2099609375,7920.2099609375,7941.759765625,7898.31005859375,7911.990234375,1900010000
2019-10-17,7942.14013671875,7942.14013671875,7981.14013671875,7914.93994140625,7976.64013671875,1864020000
2019-10-18,7868.490234375,7868.490234375,7946.81005859375,7829.75,7938.2998046875,2020020000
2019-10-21,7940.330078125,7940.330078125,7941.47998046875,7887.740234375,7911.580078125,1756640000
2019-10-22,7874.6201171875,7874.6201171875,7977.009765625,7871.97998046875,7968.25,1850870000
2019-10-23,7889.47021484375,7889.47021484375,7890.2099609375,7845.08984375,7858.47998046875,1822180000
2019-10-24,7966.72021484375,7966.72021484375,7969.66015625,7912.72021484375,7956.22998046875,1893620000
2019-10-25,8029.22021484375,8029.22021484375,8033.2900390625,7926.60009765625,7926.60009765625,1911580000
2019-10-28,8110.669921875,8110.669921875,8119.72998046875,8070.89990234375,8071.39013671875,1959920000
2019-10-29,8047.509765625,8047.509765625,8108.60986328125,8045.64013671875,8101.5498046875,1842720000
2019-10-30,8083.10986328125,8083.10986328125,8096.330078125,8017.919921875,8056.89990234375,1936060000
2019-10-31,8083.830078125,8083.830078125,8110.43994140625,8041.64990234375,8100.6201171875,2276140000
2019-11-01,8161.169921875,8161.169921875,8161.97998046875,8111.72998046875,8121.9501953125,2071350000
2019-11-04,8210.66015625,8210.66015625,8228.330078125,8197.3203125,8218.9296875,2166830000
2019-11-05,8210.1796875,8210.1796875,8229.08984375,8191.0498046875,8225.349609375,2327420000
2019-11-06,8196.0302734375,8196.0302734375,8204.33984375,8157.35986328125,8204.33984375,2342570000
2019-11-07,8219.650390625,8219.650390625,8271.8203125,8198.91015625,8237.6796875,2403680000
2019-11-08,8255.8896484375,8255.8896484375,8256.2900390625,8186.31005859375,8208.3701171875,1982140000
2019-11-11,8241.91015625,8241.91015625,8245.8896484375,8202.3603515625,8212.3701171875,1719300000
2019-11-12,8263.7900390625,8263.7900390625,8293.1796875,8238.330078125,8249.6201171875,2001440000
2019-11-13,8259.8095703125,8259.8095703125,8274.6103515625,8233.3798828125,8235.6796875,2180010000
2019-11-14,8257.830078125,8257.830078125,8264.9404296875,8212.58984375,8238.849609375,2113840000
2019-11-15,8315.51953125,8315.51953125,8315.900390625,8284.2001953125,8303.83984375,2199480000
2019-11-18,8328.48046875,8328.48046875,8340.41015625,8274.6796875,8303.2197265625,2053260000
2019-11-19,8338.740234375,8338.740234375,8357.7998046875,8308.2802734375,8357.4296875,2094030000
2019-11-20,8283.75,8283.75,8339.259765625,8226.25,8315.5498046875,2608780000
2019-11-21,8265.6201171875,8265.6201171875,8282.330078125,8242.2197265625,8273.9501953125,2073720000
2019-11-22,8272.0498046875,8272.0498046875,8292.1103515625,8229.490234375,8287.25,1885730000
2019-11-25,8371.9296875,8371.9296875,8372.8203125,8309.5498046875,8309.5498046875,2262750000
2019-11-26,8385.75,8385.75,8398.0400390625,8364.1103515625,8374.259765625,2439370000
2019-11-27,8444.7099609375,8444.7099609375,8445.6103515625,8399.6298828125,8407.23046875,1748520000
2019-11-29,8403.6796875,8403.6796875,8435.9599609375,8402.1298828125,8422.01953125,1099090000
2019-12-02,8309.259765625,8309.259765625,8409.8701171875,8274.6103515625,8409.8701171875,2240300000
2019-12-03,8254.740234375,8254.740234375,8258.400390625,8167.35986328125,8201.6298828125,2318760000
2019-12-04,8296.5302734375,8296.5302734375,8316.4599609375,8285.8798828125,8291.8603515625,2158870000
2019-12-05,8308.400390625,8308.400390625,8321.1904296875,8272.830078125,8321.1904296875,2133380000
2019-12-06,8397.3701171875,8397.3701171875,8405.849609375,8365.25,8370.23046875,2057020000
2019-12-09,8362.740234375,8362.740234375,8425.76953125,8359.8701171875,8388.75,2123870000
2019-12-10,8354.2900390625,8354.2900390625,8392.8896484375,8339.3701171875,8364.5498046875,2058760000
2019-12-11,8402.6103515625,8402.6103515625,8408.080078125,8361.3701171875,8371.650390625,1982080000
2019-12-12,8466.8896484375,8466.8896484375,8493.1103515625,8380.08984375,8391.919921875,2396400000
2019-12-13,8487.7099609375,8487.7099609375,8517.51953125,8441.8896484375,8461.419921875,2219630000
2019-12-16,8570.330078125,8570.330078125,8584.7802734375,8542.419921875,8544.26953125,2368050000
2019-12-17,8575.7001953125,8575.7001953125,8592.4501953125,8564.150390625,8586.330078125,2382450000
2019-12-18,8580.6201171875,8580.6201171875,8608.099609375,8578.5595703125,8587.2001953125,2742330000
2019-12-19,8641.2900390625,8641.2900390625,8642.740234375,8592.6796875,8592.6796875,2446890000
2019-12-20,8678.490234375,8678.490234375,8687.66015625,8656.48046875,8666.5703125,3830200000
2019-12-23,8696.009765625,8696.009765625,8710.900390625,8690.150390625,8703.0595703125,2028670000
2019-12-24,8699.509765625,8699.509765625,8708.2197265625,8684.1201171875,8705.2998046875,1014530000
2019-12-26,8778.3095703125,8778.3095703125,8778.330078125,8716.0302734375,8717.9501953125,1639960000
2019-12-27,8770.98046875,8770.98046875,8811.099609375,8749.8603515625,8805.8603515625,1833740000
2019-12-30,8709.73046875,8709.73046875,8768.2998046875,8671.919921875,8766.3896484375,2051320000
2019-12-31,8733.0703125,8733.0703125,8735.4296875,8674.3798828125,8681.330078125,2186830000
2020-01-02,8872.2197265625,8872.2197265625,8873.6298828125,8786.900390625,8802.2197265625,2862700000
2020-01-03,8793.900390625,8793.900390625,8843.650390625,8755.169921875,8755.169921875,2586520000
2020-01-06,8848.51953125,8848.51953125,8849.98046875,8713.8896484375,8713.8896484375,2810450000
2020-01-07,8846.4501953125,8846.4501953125,8872.4697265625,8821.6796875,8857.1396484375,2381740000
2020-01-08,8912.3701171875,8912.3701171875,8953.5498046875,8834.9404296875,8845.4501953125,2472620000
2020-01-09,8989.6298828125,8989.6298828125,9004.5498046875,8938.5302734375,8990.0400390625,2540960000
2020-01-10,8966.6396484375,8966.6396484375,9024.8701171875,8951.830078125,9021.8798828125,2382900000
2020-01-13,9070.650390625,9070.650390625,9071.5302734375,8991.349609375,9007.9404296875,2536820000
2020-01-14,9033.419921875,9033.419921875,9080.16015625,9020.919921875,9068.01953125,2553160000
2020-01-15,9035.669921875,9035.669921875,9078.8701171875,9008.9501953125,9039.3095703125,2443220000
2020-01-16,9125.0,9125.0,9126.0703125,9066.3095703125,9088.080078125,2312110000
2020-01-17,9173.73046875,9173.73046875,9176.4697265625,9118.98046875,9159.48046875,2542540000
2020-01-21,9166.6298828125,9166.6298828125,9187.419921875,9141.7802734375,9145.6396484375,2686610000
2020-01-22,9188.580078125,9188.580078125,9242.48046875,9179.26953125,9212.349609375,2454580000
2020-01-23,9216.98046875,9216.98046875,9221.1298828125,9145.23046875,9186.1396484375,2465850000
2020-01-24,9141.4697265625,9141.4697265625,9272.3701171875,9101.4404296875,9266.349609375,2622970000
2020-01-27,8952.1796875,8952.1796875,9001.4404296875,8910.9697265625,8913.16015625,2593910000
2020-01-28,9090.9296875,9090.9296875,9111.3203125,8994.2802734375,9013.23046875,2169020000
2020-01-29,9101.6103515625,9101.6103515625,9153.080078125,9067.2900390625,9141.51953125,2234620000
2020-01-30,9136.08984375,9136.08984375,9140.6904296875,9019.7197265625,9038.919921875,2345370000
2020-01-31,8991.509765625,8991.509765625,9170.2197265625,8961.58984375,9169.91015625,2696090000
2020-02-03,9126.23046875,9126.23046875,9148.5,9031.0703125,9033.51953125,2427320000
2020-02-04,9334.0595703125,9334.0595703125,9352.9599609375,9224.8603515625,9256.9404296875,2447340000
2020-02-05,9367.48046875,9367.48046875,9442.75,9311.8798828125,9441.33984375,2470240000
2020-02-06,9445.919921875,9445.919921875,9448.7197265625,9357.8603515625,9395.6904296875,2313860000
2020-02-07,9401.099609375,9401.099609375,9453.240234375,9376.91015625,9397.76953125,2243720000
2020-02-10,9516.83984375,9516.83984375,9517.740234375,9373.2001953125,9373.2001953125,2187520000
2020-02-11,9517.8603515625,9517.8603515625,9600.0498046875,9493.6298828125,9567.8095703125,2450070000
2020-02-12,9613.2001953125,9613.2001953125,9615.91015625,9552.0302734375,9569.8203125,2366510000
2020-02-13,9595.7001953125,9595.7001953125,9636.41015625,9532.740234375,9540.669921875,2254870000
2020-02-14,9623.580078125,9623.580078125,9634.75,9583.080078125,9613.8798828125,2226720000
2020-02-18,9629.7998046875,9629.7998046875,9647.7197265625,9567.2802734375,9567.2802734375,2279420000
2020-02-19,9718.73046875,9718.73046875,9736.5703125,9676.0703125,9683.9404296875,2470860000
2020-02-20,9627.830078125,9627.830078125,9714.23046875,9513.23046875,9696.66015625,2745730000
2020-02-21,9446.6904296875,9446.6904296875,9594.0,9406.3798828125,9582.5400390625,2750160000
2020-02-24,9079.6298828125,9079.6298828125,9194.91015625,9028.8701171875,9055.2998046875,3188590000
2020-02-25,8834.8701171875,8834.8701171875,9183.7802734375,8807.1103515625,9167.330078125,3595520000
2020-02-26,8873.759765625,8873.759765625,9032.8798828125,8813.919921875,8883.009765625,3587950000
2020-02-27,8436.669921875,8436.669921875,8786.6796875,8430.5302734375,8632.5400390625,4559900000
2020-02-28,8461.830078125,8461.830078125,8490.4697265625,8133.85009765625,8133.85009765625,5320020000
2020-03-02,8877.98046875,8877.98046875,8879.3896484375,8446.5,8569.91015625,4249020000
2020-03-03,8594.490234375,8594.490234375,9000.4599609375,8516.580078125,8892.6796875,4336700000
2020-03-04,8949.2802734375,8949.2802734375,8952.1103515625,8669.759765625,8745.6396484375,3634760000
2020-03-05,8671.66015625,8671.66015625,8864.1904296875,8613.91015625,8713.1904296875,3763860000
2020-03-06,8530.33984375,8530.33984375,8571.8798828125,8319.900390625,8395.9501953125,4292730000
2020-03-09,7948.02978515625,7948.02978515625,8241.76953125,7912.14013671875,7912.14013671875,4554110000
2020-03-10,8372.26953125,8372.26953125,8376.4404296875,7942.1298828125,8213.9697265625,4447260000
2020-03-11,8006.1201171875,8006.1201171875,8224.73046875,7900.990234375,8166.259765625,4302610000
2020-03-12,7263.64990234375,7263.64990234375,7808.31005859375,7255.6201171875,7452.759765625,5099350000
2020-03-13,7995.259765625,7995.259765625,7998.509765625,7301.8798828125,7683.0400390625,4701070000
2020-03-16,7020.3798828125,7020.3798828125,7563.4501953125,6993.60986328125,7502.259765625,4618120000
2020-03-17,7473.9501953125,7473.9501953125,7550.1298828125,6959.14990234375,7198.52978515625,4920210000
2020-03-18,7175.18017578125,7175.18017578125,7336.8798828125,6837.52978515625,7023.85986328125,4935000000
2020-03-19,7288.52001953125,7288.52001953125,7514.14013671875,7037.47021484375,7190.2099609375,4778490000
2020-03-20,6994.2900390625,6994.2900390625,7487.830078125,6969.77001953125,7391.22021484375,5260300000
2020-03-23,7006.919921875,7006.919921875,7145.2900390625,6771.91015625,6952.7099609375,4348410000
2020-03-24,7553.830078125,7553.830078125,7555.91015625,7304.39013671875,7349.0,4441080000
2020-03-25,7469.6201171875,7469.6201171875,7777.60986328125,7390.41015625,7543.9599609375,4683630000
2020-03-26,7897.1298828125,7897.1298828125,7913.10986328125,7549.830078125,7549.830078125,4014670000
2020-03-27,7588.3701171875,7588.3701171875,7817.740234375,7580.22021484375,7657.43994140625,3989120000
2020-03-30,7889.009765625,7889.009765625,7902.08984375,7651.43017578125,7678.830078125,3870770000
2020-03-31,7813.5,7813.5,8011.60009765625,7765.4599609375,7855.740234375,4078960000
2020-04-01,7486.2900390625,7486.2900390625,7701.68017578125,7423.97021484375,7582.77978515625,3700040000
2020-04-02,7635.66015625,7635.66015625,7641.8701171875,7432.27978515625,7445.8798828125,3622170000
2020-04-03,7528.10986328125,7528.10986328125,7673.490234375,7439.77978515625,7631.56982421875,3294260000
2020-04-06,8081.66015625,8081.66015625,8110.66015625,7763.08984375,7819.06005859375,3849130000
2020-04-07,8049.31005859375,8049.31005859375,8305.58984375,8043.06982421875,8287.48046875,4085960000
2020-04-08,8229.5400390625,8229.5400390625,8254.41015625,8058.41015625,8134.2998046875,3487440000
2020-04-09,8238.5302734375,8238.5302734375,8334.23046875,8167.93017578125,8284.3095703125,4145460000
2020-04-13,8332.740234375,8332.740234375,8338.150390625,8158.580078125,8209.6796875,3184660000
2020-04-14,8692.16015625,8692.16015625,8708.5498046875,8470.740234375,8489.26953125,3767410000
2020-04-15,8591.9599609375,8591.9599609375,8666.240234375,8500.5595703125,8548.4697265625,3347920000
2020-04-16,8757.830078125,8757.830078125,8793.349609375,8605.509765625,8689.08984375,4057800000
2020-04-17,8832.41015625,8832.41015625,8879.240234375,8704.3798828125,8876.66015625,4348310000
2020-04-20,8726.509765625,8726.509765625,8855.1796875,8725.330078125,8742.5400390625,3827370000
2020-04-21,8403.0,8403.0,8663.08984375,8359.83984375,8639.740234375,3788180000
2020-04-22,8664.6396484375,8664.6396484375,8708.48046875,8550.6103515625,8575.5703125,3041520000
2020-04-23,8641.5,8641.5,8796.490234375,8624.6298828125,8693.73046875,3759890000
2020-04-24,8786.599609375,8786.599609375,8791.3603515625,8599.990234375,8666.5703125,3696020000
2020-04-27,8837.66015625,8837.66015625,8887.6201171875,8803.8896484375,8865.580078125,3694980000
2020-04-28,8677.599609375,8677.599609375,8918.3798828125,8668.669921875,8913.2802734375,3730350000
2020-04-29,8982.759765625,8982.759765625,9025.8203125,8832.0,8871.0400390625,4407140000
2020-04-30,9000.509765625,9000.509765625,9023.0302734375,8920.419921875,9005.240234375,4335660000
2020-05-01,8718.1796875,8718.1796875,8887.580078125,8688.580078125,8791.8798828125,3741300000
2020-05-04,8834.1103515625,8834.1103515625,8840.330078125,8665.400390625,8683.9404296875,3443140000
2020-05-05,8930.6201171875,8930.6201171875,9031.0,8900.5703125,8922.3896484375,3933550000
2020-05-06,8984.8603515625,8984.8603515625,9065.580078125,8950.8896484375,8997.01953125,3656750000
2020-05-07,9101.8798828125,9101.8798828125,9136.1796875,9045.23046875,9104.669921875,3787220000
2020-05-08,9220.349609375,9220.349609375,9224.490234375,9126.9697265625,9165.7001953125,3813630000
2020-05-11,9298.919921875,9298.919921875,9346.26953125,9155.2099609375,9155.2099609375,3925450000
2020-05-12,9112.4501953125,9112.4501953125,9354.4501953125,9109.08984375,9326.0595703125,4336510000
2020-05-13,9000.080078125,9000.080078125,9209.490234375,8890.16015625,9123.6904296875,4273210000
2020-05-14,9094.419921875,9094.419921875,9097.75,8860.76953125,8946.4501953125,3965970000
2020-05-15,9152.6396484375,9152.6396484375,9157.4599609375,8958.080078125,8976.2900390625,4240690000
2020-05-18,9331.9296875,9331.9296875,9367.5400390625,9248.7802734375,9281.3603515625,4341820000
2020-05-19,9298.5400390625,9298.5400390625,9422.900390625,9296.25,9326.2802734375,4193550000
2020-05-20,9485.01953125,9485.01953125,9498.2802734375,9412.830078125,9415.25,4315500000
2020-05-21,9377.990234375,9377.990234375,9515.0498046875,9361.830078125,9487.6298828125,3745270000
2020-05-22,9413.990234375,9413.990234375,9421.9296875,9325.0703125,9363.669921875,3668070000
2020-05-26,9389.98046875,9389.98046875,9570.5302734375,9379.900390625,9570.5302734375,4448950000
2020-05-27,9442.0498046875,9442.0498046875,9445.0595703125,9182.4501953125,9366.6298828125,4489110000
2020-05-28,9416.7099609375,9416.7099609375,9568.8896484375,9391.83984375,9404.830078125,4113660000
2020-05-29,9555.5302734375,9555.5302734375,9573.5498046875,9379.9296875,9440.6396484375,4742290000
2020-06-01,9598.8896484375,9598.8896484375,9609.3798828125,9515.33984375,9526.4296875,3847770000
2020-06-02,9657.3095703125,9657.3095703125,9660.080078125,9511.8798828125,9603.1796875,3990080000
2020-06-03,9704.6904296875,9704.6904296875,9729.6904296875,9648.9296875,9689.7197265625,4679030000
2020-06-04,9629.66015625,9629.66015625,9741.9697265625,9577.7099609375,9672.169921875,6141320000
2020-06-05,9824.3896484375,9824.3896484375,9846.6298828125,9659.4501953125,9673.08984375,6607730000
2020-06-08,9901.51953125,9901.51953125,9904.51953125,9753.8701171875,9805.6904296875,6197330000
2020-06-09,9967.169921875,9967.169921875,10006.900390625,9859.0,9861.1796875,5319450000
2020-06-10,10094.259765625,10094.259765625,10155.2001953125,10022.4404296875,10037.98046875,5170860000
2020-06-11,9588.48046875,9588.48046875,9978.1904296875,9586.25,9907.5595703125,5300850000
2020-06-12,9663.7802734375,9663.7802734375,9849.009765625,9499.08984375,9785.580078125,4388990000
2020-06-15,9776.8896484375,9776.8896484375,9809.41015625,9489.580078125,9517.1396484375,4476010000
2020-06-16,9949.3701171875,9949.3701171875,10010.8896484375,9801.4501953125,9983.650390625,4669320000
2020-06-17,9982.48046875,9982.48046875,10058.650390625,9952.5,9998.8603515625,4279700000
2020-06-18,10012.0498046875,10012.0498046875,10018.5595703125,9942.1103515625,9972.349609375,4335320000
2020-06-19,10008.6396484375,10008.6396484375,10121.669921875,9937.8095703125,10104.6298828125,6093830000
2020-06-22,10130.330078125,10130.330078125,10134.6396484375,9989.490234375,10009.0,4506960000
2020-06-23,10209.8203125,10209.8203125,10306.900390625,10172.0703125,10192.419921875,5755170000
2020-06-24,10002.7001953125,10002.7001953125,10232.419921875,9943.240234375,10183.76953125,5589130000
2020-06-25,10101.830078125,10101.830078125,10110.2900390625,9901.2099609375,10003.5,4779640000
2020-06-26,9849.3603515625,9849.3603515625,10093.98046875,9837.740234375,10087.080078125,7309380000
2020-06-29,9961.16015625,9961.16015625,9965.080078125,9742.8896484375,9850.5498046875,4336290000
2020-06-30,10156.849609375,10156.849609375,10185.349609375,9956.830078125,9970.2099609375,4510190000
2020-07-01,10279.25,10279.25,10321.76953125,10142.75,10160.41015625,4624430000
2020-07-02,10341.8896484375,10341.8896484375,10432.5498046875,10328.7802734375,10386.3798828125,4038920000
2020-07-06,10604.0595703125,10604.0595703125,10625.099609375,10485.8203125,10487.7001953125,4570260000
2020-07-07,10524.009765625,10524.009765625,10704.9296875,10516.6298828125,10595.9404296875,4337130000
2020-07-08,10666.7001953125,10666.7001953125,10669.1298828125,10528.8203125,10594.41015625,4030210000
2020-07-09,10754.58984375,10754.58984375,10785.9599609375,10574.9697265625,10745.8701171875,4013180000
2020-07-10,10836.330078125,10836.330078125,10842.7802734375,10639.48046875,10751.76953125,3537510000
2020-07-13,10602.2099609375,10602.2099609375,11069.259765625,10574.5595703125,10951.5400390625,4851880000
2020-07-14,10689.51953125,10689.51953125,10701.8798828125,10370.7900390625,10502.849609375,4461770000
2020-07-15,10701.6796875,10701.6796875,10780.400390625,10570.9599609375,10752.1103515625,4647070000
2020-07-16,10626.4599609375,10626.4599609375,10658.900390625,10495.08984375,10589.8603515625,4277760000
2020-07-17,10645.2197265625,10645.2197265625,10680.7001953125,10558.7802734375,10651.599609375,4361480000
2020-07-20,10952.080078125,10952.080078125,10971.51953125,10621.900390625,10672.9599609375,4314630000
2020-07-21,10833.0703125,10833.0703125,11017.4296875,10800.8701171875,11015.5400390625,5350750000
2020-07-22,10870.75,10870.75,10910.240234375,10776.240234375,10850.919921875,4128960000
2020-07-23,10580.58984375,10580.58984375,10885.3798828125,10531.2197265625,10853.16015625,4501540000
2020-07-24,10483.1298828125,10483.1298828125,10543.419921875,10313.9404296875,10389.5400390625,4233390000
2020-07-27,10674.3798828125,10674.3798828125,10689.5498046875,10527.6396484375,10547.1103515625,4244570000
2020-07-28,10532.5,10532.5,10662.1904296875,10527.4296875,10644.33984375,3894660000
2020-07-29,10662.98046875,10662.98046875,10694.8798828125,10587.2001953125,10602.400390625,4009640000
2020-07-30,10715.509765625,10715.509765625,10737.0302734375,10531.7900390625,10578.6298828125,4185810000
2020-07-31,10905.8798828125,10905.8798828125,10908.33984375,10707.400390625,10886.3603515625,4438730000
2020-08-03,11055.080078125,11055.080078125,11085.5,10997.669921875,11018.01953125,4203890000
2020-08-04,11096.5400390625,11096.5400390625,11097.849609375,11002.5498046875,11048.5,4016520000
2020-08-05,11125.4404296875,11125.4404296875,11141.6904296875,11077.7001953125,11107.240234375,4160740000
2020-08-06,11267.080078125,11267.080078125,11282.240234375,11090.5,11116.490234375,4120000000
2020-08-07,11139.3896484375,11139.3896484375,11276.2998046875,11044.599609375,11235.240234375,4263930000
2020-08-10,11085.169921875,11085.169921875,11159.3798828125,10941.8701171875,11153.509765625,4048420000
2020-08-11,10876.080078125,10876.080078125,11090.919921875,10855.0595703125,11039.6796875,4331770000
2020-08-12,11157.7197265625,11157.7197265625,11190.259765625,10970.8701171875,10972.0703125,3745230000
2020-08-13,11178.3701171875,11178.3701171875,11271.2197265625,11139.6396484375,11174.6396484375,3480470000
2020-08-14,11164.4501953125,11164.4501953125,11213.26953125,11106.9296875,11187.8203125,3514260000
2020-08-17,11288.5703125,11288.5703125,11306.4697265625,11228.1396484375,11231.9697265625,3214870000
2020-08-18,11399.0302734375,11399.0302734375,11421.099609375,11279.080078125,11339.759765625,3228590000
2020-08-19,11318.6396484375,11318.6396484375,11440.2197265625,11303.400390625,11397.23046875,3496480000
2020-08-20,11477.0498046875,11477.0498046875,11497.1796875,11268.4599609375,11277.0498046875,4215130000
2020-08-21,11555.16015625,11555.16015625,11574.7900390625,11461.5302734375,11476.849609375,3929290000
2020-08-24,11626.169921875,11626.169921875,11728.08984375,11535.5498046875,11703.33984375,3907310000
2020-08-25,11721.8095703125,11721.8095703125,11723.9501953125,11580.8896484375,11610.580078125,3475280000
2020-08-26,11971.9404296875,11971.9404296875,11979.650390625,11768.0,11779.349609375,3471520000
2020-08-27,11926.16015625,11926.16015625,12047.990234375,11842.83984375,11997.8896484375,3547400000
2020-08-28,11995.849609375,11995.849609375,12018.1396484375,11928.6904296875,11992.6796875,3012980000
2020-08-31,12110.7001953125,12110.7001953125,12167.4599609375,12000.1103515625,12017.4599609375,3612050000
2020-09-01,12292.8603515625,12292.8603515625,12300.4404296875,12132.7802734375,12203.3603515625,3511060000
2020-09-02,12420.5400390625,12420.5400390625,12439.48046875,12176.1796875,12417.4501953125,3982360000
2020-09-03,11771.3701171875,11771.3701171875,12235.0,11662.1103515625,12195.75,4465010000
2020-09-04,11622.1298828125,11622.1298828125,11846.1796875,11145.990234375,11686.240234375,4284440000
2020-09-08,11068.259765625,11068.259765625,11400.4599609375,11055.16015625,11143.91015625,3905420000
2020-09-09,11395.849609375,11395.849609375,11480.3701171875,11197.1298828125,11308.25,3550660000
2020-09-10,11154.1201171875,11154.1201171875,11566.33984375,11095.9404296875,11501.4296875,3840010000
2020-09-11,11087.400390625,11087.400390625,11280.41015625,10945.2197265625,11251.1904296875,3630250000
2020-09-14,11277.759765625,11277.759765625,11363.25,11192.8203125,11250.7998046875,3737610000
2020-09-15,11438.8701171875,11438.8701171875,11495.400390625,11367.2001953125,11432.9404296875,3786110000
2020-09-16,11247.599609375,11247.599609375,11486.08984375,11242.9599609375,11467.900390625,3678020000
2020-09-17,11080.9501953125,11080.9501953125,11160.0400390625,10936.7998046875,10965.740234375,3740110000
2020-09-18,10936.98046875,10936.98046875,11153.9697265625,10769.400390625,11147.7998046875,5759090000
2020-09-21,10980.2197265625,10980.2197265625,10984.759765625,10677.849609375,10768.009765625,3900970000
2020-09-22,11186.3701171875,11186.3701171875,11207.080078125,10943.259765625,11082.08984375,3515440000
2020-09-23,10833.330078125,10833.330078125,11179.58984375,10806.0498046875,11167.2197265625,4097320000
2020-09-24,10896.4697265625,10896.4697265625,11026.4296875,10728.41015625,10746.349609375,4086360000
2020-09-25,11151.1298828125,11151.1298828125,11177.73046875,10851.6796875,10910.5,3785270000
2020-09-28,11364.4501953125,11364.4501953125,11369.400390625,11243.240234375,11332.3203125,3591740000
2020-09-29,11322.9501953125,11322.9501953125,11396.2197265625,11305.7900390625,11354.7001953125,3389040000
2020-09-30,11418.0595703125,11418.0595703125,11535.009765625,11328.5498046875,11328.5498046875,4260630000
2020-10-01,11583.2001953125,11583.2001953125,11606.73046875,11488.599609375,11554.9599609375,4005900000
2020-10-02,11255.6904296875,11255.6904296875,11479.080078125,11225.169921875,11328.849609375,3731510000
2020-10-05,11509.0595703125,11509.0595703125,11512.0595703125,11336.0703125,11345.240234375,3623920000
2020-10-06,11291.26953125,11291.26953125,11536.419921875,11256.259765625,11476.6796875,4390960000
2020-10-07,11503.1904296875,11503.1904296875,11519.5498046875,11382.48046875,11412.650390625,3910770000
2020-10-08,11550.9404296875,11550.9404296875,11582.7802734375,11510.240234375,11576.4404296875,3507570000
2020-10-09,11725.849609375,11725.849609375,11727.599609375,11600.8603515625,11615.5703125,3504230000
2020-10-12,12088.1103515625,12088.1103515625,12204.75,11880.23046875,11900.1201171875,3885030000
2020-10-13,12083.169921875,12083.169921875,12187.7802734375,12032.75,12131.0703125,3634130000
2020-10-14,11985.3603515625,11985.3603515625,12159.2099609375,11913.5703125,12105.099609375,3410410000
2020-10-15,11898.5703125,11898.5703125,11928.6298828125,11765.490234375,11767.26953125,3325270000
2020-10-16,11852.169921875,11852.169921875,12034.1298828125,11824.1396484375,11952.1201171875,3166980000
2020-10-19,11634.349609375,11634.349609375,11962.4697265625,11606.48046875,11913.009765625,3477410000
2020-10-20,11677.83984375,11677.83984375,11801.400390625,11613.759765625,11679.080078125,3510040000
2020-10-21,11665.3701171875,11665.3701171875,11789.4599609375,11646.48046875,11686.1904296875,3467310000
2020-10-22,11662.91015625,11662.91015625,11739.2197265625,11529.73046875,11712.6396484375,3434040000
2020-10-23,11692.5703125,11692.5703125,11693.009765625,11569.08984375,11680.73046875,3145570000
2020-10-26,11504.51953125,11504.51953125,11708.080078125,11360.73046875,11584.169921875,3205100000
2020-10-27,11598.9501953125,11598.9501953125,11633.490234375,11503.099609375,11560.8603515625,3104770000
2020-10-28,11142.759765625,11142.759765625,11426.099609375,11136.099609375,11400.48046875,3930690000
2020-10-29,11350.740234375,11350.740234375,11467.3701171875,11187.080078125,11214.330078125,3244190000
2020-10-30,11052.9501953125,11052.9501953125,11293.759765625,10960.01953125,11265.7001953125,3671600000
2020-11-02,11084.759765625,11084.759765625,11222.51953125,10957.1103515625,11152.48046875,3209000000
2020-11-03,11279.91015625,11279.91015625,11356.080078125,11115.5498046875,11155.849609375,3216580000
2020-11-04,11777.01953125,11777.01953125,11846.4599609375,11564.91015625,11627.759765625,3620760000
2020-11-05,12078.0703125,12078.0703125,12117.0400390625,11977.0703125,12021.76953125,3848160000
2020-11-06,12091.349609375,12091.349609375,12116.91015625,11895.5,12044.2900390625,4183220000
2020-11-09,11830.3896484375,11830.3896484375,12268.66015625,11818.240234375,12194.7099609375,5863900000
2020-11-10,11624.2900390625,11624.2900390625,11761.9501953125,11512.4599609375,11704.4599609375,4736560000
2020-11-11,11892.9296875,11892.9296875,11904.1298828125,11714.3203125,11734.8095703125,3854680000
2020-11-12,11827.1396484375,11827.1396484375,11976.8896484375,11786.08984375,11924.150390625,3886670000
2020-11-13,11937.83984375,11937.83984375,11957.08984375,11808.9501953125,11910.6201171875,3654230000
2020-11-16,12013.3798828125,12013.3798828125,12035.5,11891.849609375,11925.3603515625,4172570000
2020-11-17,11977.490234375,11977.490234375,12047.1298828125,11964.2001953125,12030.26953125,4145030000
2020-11-18,11894.7099609375,11894.7099609375,12027.150390625,11892.5400390625,11963.3603515625,4731420000
2020-11-19,11985.4296875,11985.4296875,12000.2900390625,11842.66015625,11863.1201171875,5385190000
2020-11-20,11906.4404296875,11906.4404296875,12017.419921875,11903.5703125,11976.0,5350970000
2020-11-23,11905.9404296875,11905.9404296875,12001.830078125,11817.5302734375,11959.8896484375,5473250000
2020-11-24,12079.8095703125,12079.8095703125,12094.16015625,11878.3095703125,11952.7001953125,6339580000
2020-11-25,12152.2197265625,12152.2197265625,12174.990234375,12081.509765625,12112.1103515625,4448640000
2020-11-27,12258.2099609375,12258.2099609375,12306.7099609375,12214.4501953125,12220.3701171875,3401830000
2020-11-30,12268.3203125,12268.3203125,12299.6103515625,12090.9296875,12278.7802734375,7760390000
2020-12-01,12455.330078125,12455.330078125,12510.01953125,12338.3603515625,12387.6201171875,6512420000
2020-12-02,12456.41015625,12456.41015625,12472.25,12318.26953125,12390.580078125,5194960000
2020-12-03,12467.1298828125,12467.1298828125,12538.919921875,12445.3603515625,12469.16015625,5209980000
2020-12-04,12528.48046875,12528.48046875,12531.2099609375,12450.509765625,12479.91015625,5086900000
2020-12-07,12596.4697265625,12596.4697265625,12610.0,12523.1201171875,12523.5703125,4771820000
2020-12-08,12635.7197265625,12635.7197265625,12651.349609375,12504.9697265625,12574.83984375,4809480000
2020-12-09,12364.6396484375,12364.6396484375,12643.240234375,12311.2998046875,12626.9697265625,5168450000
2020-12-10,12401.740234375,12401.740234375,12447.849609375,12226.1298828125,12268.4697265625,4518580000
2020-12-11,12375.41015625,12375.41015625,12378.6103515625,12236.7998046875,12327.0703125,4292680000
2020-12-14,12462.2099609375,12462.2099609375,12544.3095703125,12426.25,12427.8603515625,4491930000
2020-12-15,12595.919921875,12595.919921875,12596.83984375,12467.5703125,12565.2802734375,4423650000
2020-12-16,12668.16015625,12668.16015625,12698.1103515625,12568.7099609375,12607.8701171875,4592700000
2020-12-17,12752.0595703125,12752.0595703125,12760.9697265625,12685.98046875,12741.6396484375,5029830000
2020-12-18,12738.1796875,12738.1796875,12793.4697265625,12611.2197265625,12786.919921875,7125800000
2020-12-21,12690.259765625,12690.259765625,12706.4404296875,12474.0302734375,12575.599609375,5192860000
2020-12-22,12717.5595703125,12717.5595703125,12761.23046875,12606.419921875,12715.48046875,5811850000
2020-12-23,12653.1396484375,12653.1396484375,12737.58984375,12649.599609375,12733.75,7100250000
2020-12-24,12711.009765625,12711.009765625,12732.5498046875,12665.7998046875,12668.2001953125,3305960000
2020-12-28,12838.8603515625,12838.8603515625,12861.91015625,12747.0498046875,12813.9697265625,5109140000
2020-12-29,12843.490234375,12843.490234375,12925.5302734375,12816.58984375,12909.8603515625,4726920000
2020-12-30,12845.3603515625,12845.3603515625,12917.4501953125,12828.7900390625,12900.0302734375,5343010000
2020-12-31,12888.2802734375,12888.2802734375,12904.08984375,12804.75,12852.9599609375,4815840000
2021-01-04,12694.66015625,12694.66015625,12950.2197265625,12537.419921875,12950.2197265625,6636170000
2021-01-05,12802.3798828125,12802.3798828125,12809.669921875,12663.1298828125,12663.1298828125,6971860000
2021-01-06,12623.349609375,12623.349609375,12803.2900390625,12569.419921875,12601.259765625,7689880000
2021-01-07,12939.5703125,12939.5703125,12966.6796875,12744.8203125,12745.41015625,6841480000
2021-01-08,13105.2001953125,13105.2001953125,13113.08984375,12939.73046875,13037.240234375,7289390000
2021-01-11,12902.490234375,12902.490234375,13023.2099609375,12883.58984375,12961.5,6960470000
2021-01-12,12892.08984375,12892.08984375,12957.4296875,12783.7099609375,12916.099609375,7264070000
2021-01-13,12973.6298828125,12973.6298828125,13008.849609375,12878.01953125,12911.8701171875,7104810000
2021-01-14,12898.6904296875,12898.6904296875,13037.0498046875,12886.16015625,13010.9404296875,6734100000
2021-01-15,12803.9296875,12803.9296875,12941.2900390625,12758.099609375,12898.08984375,6458360000
2021-01-19,12996.5400390625,12996.5400390625,13012.08984375,12861.2998046875,12921.6103515625,6297860000
2021-01-20,13296.4501953125,13296.4501953125,13332.259765625,13138.2998046875,13155.1201171875,6820990000
2021-01-21,13404.990234375,13404.990234375,13433.6904296875,13297.7900390625,13356.7001953125,7258640000
2021-01-22,13366.400390625,13366.400390625,13404.76953125,13336.900390625,13356.1796875,5972750000
2021-01-25,13483.2900390625,13483.2900390625,13563.7001953125,13205.58984375,13515.6298828125,7193710000
2021-01-26,13490.1904296875,13490.1904296875,13536.2998046875,13440.3203125,13507.4697265625,6849600000
2021-01-27,13112.650390625,13112.650390625,13393.509765625,13034.1396484375,13371.16015625,11621190000
2021-01-28,13201.5302734375,13201.5302734375,13401.849609375,13150.099609375,13163.3203125,9959270000
2021-01-29,12925.3798828125,12925.3798828125,13167.8701171875,12845.4296875,13124.7001953125,7872250000
2021-02-01,13248.900390625,13248.900390625,13280.2197265625,12983.099609375,13067.650390625,7092520000
2021-02-02,13456.1201171875,13456.1201171875,13501.23046875,13363.759765625,13371.3701171875,7325270000
2021-02-03,13402.3701171875,13402.3701171875,13561.4501953125,13400.080078125,13555.0302734375,7546940000
2021-02-04,13560.8896484375,13560.8896484375,13563.1298828125,13406.4404296875,13454.849609375,7295370000
2021-02-05,13603.9599609375,13603.9599609375,13642.9599609375,13527.8095703125,13592.76953125,6792910000
2021-02-08,13695.01953125,13695.01953125,13698.41015625,13607.9599609375,13672.330078125,8564530000
2021-02-09,13687.080078125,13687.080078125,13741.7900390625,13664.7001953125,13667.1396484375,8766770000
2021-02-10,13655.26953125,13655.26953125,13770.91015625,13531.9296875,13751.419921875,10785930000
2021-02-11,13734.349609375,13734.349609375,13747.2001953125,13637.1904296875,13723.6298828125,10916780000
2021-02-12,13807.7001953125,13807.7001953125,13816.25,13656.7802734375,13695.900390625,7416940000
2021-02-16,13773.76953125,13773.76953125,13879.76953125,13726.7802734375,13841.0302734375,7722100000
2021-02-17,13699.7099609375,13699.7099609375,13713.1396484375,13552.66015625,13636.150390625,7280500000
2021-02-18,13637.509765625,13637.509765625,13669.9404296875,13477.169921875,13556.009765625,6499420000
2021-02-19,13580.7802734375,13580.7802734375,13701.6904296875,13545.4501953125,13686.23046875,6737820000
2021-02-22,13223.740234375,13223.740234375,13447.3701171875,13220.76953125,13414.0400390625,6483740000
2021-02-23,13194.7099609375,13194.7099609375,13259.849609375,12758.1201171875,12982.3603515625,7516510000
2021-02-24,13302.1904296875,13302.1904296875,13312.4296875,12971.8203125,13095.8603515625,5886230000
2021-02-25,12828.3095703125,12828.3095703125,13294.5595703125,12773.759765625,13197.75,6390380000
2021-02-26,12909.4404296875,12909.4404296875,13090.3603515625,12764.33984375,12958.9599609375,5906110000
2021-03-01,13282.9501953125,13282.9501953125,13293.7802734375,13051.7001953125,13106.01953125,5079530000
2021-03-02,13059.9501953125,13059.9501953125,13301.6201171875,13052.1201171875,13297.759765625,4948140000
2021-03-03,12683.330078125,12683.330078125,13057.2900390625,12679.8896484375,13020.099609375,5529980000
2021-03-04,12464.0,12464.0,12799.080078125,12314.16015625,12655.919921875,7864380000
2021-03-05,12668.509765625,12668.509765625,12700.9599609375,12208.3896484375,12594.16015625,7725200000
2021-03-08,12299.080078125,12299.080078125,12718.580078125,12287.5703125,12629.5595703125,6010230000
2021-03-09,12794.490234375,12794.490234375,12868.51953125,12592.830078125,12635.4501953125,6345560000
2021-03-10,12752.0703125,12752.0703125,12979.3798828125,12726.849609375,12950.25,6023880000
2021-03-11,13052.900390625,13052.900390625,13117.8603515625,12920.009765625,12960.5302734375,6008850000
2021-03-12,12937.2900390625,12937.2900390625,12943.580078125,12778.1298828125,12873.3896484375,5497210000
2021-03-15,13082.5400390625,13082.5400390625,13085.009765625,12885.6396484375,12936.1298828125,5972370000
2021-03-16,13152.2802734375,13152.2802734375,13297.48046875,13091.7802734375,13156.650390625,5493890000
2021-03-17,13202.3798828125,13202.3798828125,13280.2900390625,12950.080078125,13024.830078125,5536110000
2021-03-18,12789.1396484375,12789.1396484375,13040.3603515625,12781.5302734375,13006.2900390625,5739720000
2021-03-19,12866.990234375,12866.990234375,12906.01953125,12704.0703125,12792.669921875,7630590000
2021-03-22,13086.509765625,13086.509765625,13167.4599609375,12943.1396484375,12943.1396484375,5321760000
2021-03-23,13017.7900390625,13017.7900390625,13180.66015625,12993.5,13127.169921875,5675010000
2021-03-24,12798.8798828125,12798.8798828125,13077.490234375,12797.849609375,13072.8203125,6248650000
2021-03-25,12780.509765625,12780.509765625,12845.66015625,12627.9296875,12707.580078125,5634290000
2021-03-26,12979.1201171875,12979.1201171875,12992.2998046875,12721.66015625,12777.26953125,5224360000
2021-03-29,12965.740234375,12965.740234375,13013.4697265625,12836.599609375,12950.509765625,4965090000
2021-03-30,12896.5302734375,12896.5302734375,12929.4599609375,12798.0302734375,12904.009765625,4721950000
2021-03-31,13091.4404296875,13091.4404296875,13167.0595703125,12966.650390625,12970.330078125,5004720000
2021-04-01,13329.51953125,13329.51953125,13333.41015625,13255.8203125,13268.8798828125,4576480000
2021-04-05,13598.16015625,13598.16015625,13623.599609375,13420.8095703125,13434.0400390625,4459000000
2021-04-06,13578.4599609375,13578.4599609375,13660.2900390625,13551.599609375,13567.2001953125,4073710000
2021-04-07,13616.7001953125,13616.7001953125,13648.7998046875,13532.6298828125,13553.900390625,4098740000
2021-04-08,13758.509765625,13758.509765625,13763.1796875,13703.509765625,13730.73046875,4153600000
2021-04-09,13845.0595703125,13845.0595703125,13849.3095703125,13674.919921875,13709.669921875,3926110000
2021-04-12,13819.349609375,13819.349609375,13839.3896484375,13747.6298828125,13792.740234375,4250900000
2021-04-13,13986.490234375,13986.490234375,14002.5302734375,13874.580078125,13874.580078125,4219360000
2021-04-14,13803.91015625,13803.91015625,13990.5400390625,13782.1796875,13988.8603515625,4120770000
2021-04-15,14026.1904296875,14026.1904296875,14040.1103515625,13931.009765625,13934.8701171875,4406880000
2021-04-16,14041.91015625,14041.91015625,14050.3798828125,13966.5400390625,14035.9599609375,4427780000
2021-04-19,13907.669921875,13907.669921875,14025.6396484375,13835.75,13970.830078125,4379610000
2021-04-20,13809.2998046875,13809.2998046875,13934.8896484375,13730.58984375,13891.9599609375,4245120000
2021-04-21,13935.150390625,13935.150390625,13939.7001953125,13717.4404296875,13768.919921875,3999620000
2021-04-22,13762.3603515625,13762.3603515625,13954.0302734375,13716.759765625,13920.8798828125,4420820000
2021-04-23,13941.4404296875,13941.4404296875,13989.4296875,13789.4501953125,13794.490234375,4355100000
2021-04-26,14026.16015625,14026.16015625,14039.400390625,13919.9296875,13954.9404296875,4506210000
2021-04-27,13960.2802734375,13960.2802734375,14048.33984375,13931.1796875,14048.1298828125,4691460000
2021-04-28,13901.6201171875,13901.6201171875,13992.080078125,13895.150390625,13953.6103515625,4559710000
2021-04-29,13970.2001953125,13970.2001953125,14073.48046875,13836.099609375,14063.9404296875,4928030000
2021-04-30,13860.759765625,13860.759765625,13969.2099609375,13838.8203125,13857.7900390625,4792460000
2021-05-03,13799.7197265625,13799.7197265625,13955.0,13784.66015625,13923.0400390625,4761430000
2021-05-04,13544.669921875,13544.669921875,13705.3798828125,13396.1103515625,13680.6298828125,5879730000
2021-05-05,13503.3701171875,13503.3701171875,13676.8603515625,13478.580078125,13649.1201171875,4535690000
2021-05-06,13613.73046875,13613.73046875,13617.33984375,13403.4599609375,13490.9404296875,5021400000
2021-05-07,13719.6298828125,13719.6298828125,13814.650390625,13669.7802734375,13715.5595703125,4391100000
2021-05-10,13359.080078125,13359.080078125,13648.490234375,13358.6201171875,13647.73046875,4818670000
2021-05-11,13351.26953125,13351.26953125,13381.66015625,13094.759765625,13102.6396484375,4738390000
2021-05-12,13001.6298828125,13001.6298828125,13236.8896484375,12967.1796875,13155.0703125,4752930000
2021-05-13,13109.150390625,13109.150390625,13226.6396484375,13006.76953125,13133.73046875,4698110000
2021-05-14,13393.1201171875,13393.1201171875,13430.0,13220.1904296875,13238.990234375,4022610000
2021-05-17,13312.91015625,13312.91015625,13350.1396484375,13196.5703125,13329.8603515625,3997780000
2021-05-18,13217.6796875,13217.6796875,13400.51953125,13212.849609375,13352.259765625,4301300000
2021-05-19,13237.91015625,13237.91015625,13243.98046875,12994.349609375,12998.5302734375,4333520000
2021-05-20,13494.08984375,13494.08984375,13526.009765625,13293.099609375,13294.58984375,3990760000
2021-05-21,13411.740234375,13411.740234375,13573.83984375,13401.5302734375,13573.2197265625,3733940000
2021-05-24,13641.75,13641.75,13687.6103515625,13500.1201171875,13504.3896484375,3509470000
2021-05-25,13657.73046875,13657.73046875,13734.41015625,13614.5400390625,13701.2998046875,4128990000
2021-05-26,13702.740234375,13702.740234375,13726.0595703125,13661.0595703125,13687.7099609375,4264500000
2021-05-27,13657.849609375,13657.849609375,13724.759765625,13652.1298828125,13686.8603515625,5087180000
2021-05-28,13686.509765625,13686.509765625,13765.7998046875,13684.830078125,13717.0,4447940000
2021-06-01,13654.58984375,13654.58984375,13773.4501953125,13602.1201171875,13764.26953125,4186280000
2021-06-02,13675.7900390625,13675.7900390625,13712.6796875,13610.16015625,13655.7099609375,5097630000
2021-06-03,13529.6796875,13529.6796875,13608.5400390625,13469.849609375,13568.91015625,5396250000
2021-06-04,13770.76953125,13770.76953125,13784.76953125,13613.580078125,13619.7900390625,4360710000
2021-06-07,13802.8896484375,13802.8896484375,13808.419921875,13710.1103515625,13744.150390625,4639210000
2021-06-08,13810.8603515625,13810.8603515625,13913.400390625,13746.419921875,13873.4599609375,5958410000
2021-06-09,13814.9404296875,13814.9404296875,13900.7099609375,13811.0498046875,13865.509765625,5640490000
2021-06-10,13960.349609375,13960.349609375,13962.98046875,13817.830078125,13834.259765625,4919880000
2021-06-11,13998.2998046875,13998.2998046875,13998.650390625,13934.0,13959.4697265625,4157580000
2021-06-14,14128.2001953125,14128.2001953125,14129.330078125,13963.9404296875,14002.1396484375,4415160000
2021-06-15,14030.41015625,14030.41015625,14126.259765625,14008.9296875,14120.8095703125,4554580000
2021-06-16,13983.009765625,13983.009765625,14100.1103515625,13843.599609375,14053.1201171875,4683030000
2021-06-17,14163.8095703125,14163.8095703125,14205.4296875,13946.51953125,13946.7001953125,4558280000
2021-06-18,14049.580078125,14049.580078125,14140.6201171875,14024.599609375,14125.1201171875,6126070000
2021-06-21,14137.23046875,14137.23046875,14150.91015625,13967.8896484375,14055.0400390625,4562010000
2021-06-22,14270.419921875,14270.419921875,14288.490234375,14128.009765625,14140.2998046875,4433140000
2021-06-23,14274.240234375,14274.240234375,14324.740234375,14247.580078125,14275.08984375,4417470000
2021-06-24,14365.9599609375,14365.9599609375,14429.1396484375,14337.650390625,14358.2998046875,4324620000
2021-06-25,14345.1796875,14345.1796875,14401.7099609375,14324.259765625,14396.6298828125,7468090000
2021-06-28,14524.98046875,14524.98046875,14530.0703125,14400.58984375,14401.6298828125,4283000000
2021-06-29,14572.75,14572.75,14575.1904296875,14481.849609375,14523.6298828125,4901300000
2021-06-30,14554.7998046875,14554.7998046875,14582.2998046875,14530.8701171875,14560.0703125,5293810000
2021-07-01,14560.0498046875,14560.0498046875,14576.6396484375,14483.419921875,14530.6298828125,4410470000
2021-07-02,14727.6298828125,14727.6298828125,14738.1396484375,14626.8203125,14633.509765625,3751420000
2021-07-06,14786.3603515625,14786.3603515625,14797.4501953125,14635.3095703125,14755.150390625,4489540000
2021-07-07,14810.5400390625,14810.5400390625,14891.1904296875,14735.75,14889.759765625,4605630000
2021-07-08,14722.1396484375,14722.1396484375,14763.669921875,14551.759765625,14577.669921875,4575010000
2021-07-09,14826.08984375,14826.08984375,14838.7197265625,14685.5400390625,14709.3203125,3826500000
2021-07-12,14877.8896484375,14877.8896484375,14899.4599609375,14813.7900390625,14878.7099609375,3897090000
2021-07-13,14874.5400390625,14874.5400390625,15002.2802734375,14843.7998046875,14871.0400390625,4583460000
2021-07-14,14900.4404296875,14900.4404296875,15001.1298828125,14871.73046875,14984.8603515625,4496220000
2021-07-15,14794.6904296875,14794.6904296875,14907.509765625,14717.5498046875,14903.490234375,4512550000
2021-07-16,14681.3798828125,14681.3798828125,14875.9697265625,14667.099609375,14842.080078125,4069530000
2021-07-19,14549.08984375,14549.08984375,14578.9599609375,14455.0703125,14517.9599609375,4537130000
2021-07-20,14728.2099609375,14728.2099609375,14790.599609375,14530.7802734375,14601.33984375,4652450000
2021-07-21,14842.6298828125,14842.6298828125,14843.169921875,14710.1103515625,14723.669921875,4098520000
2021-07-22,14940.169921875,14940.169921875,14941.3798828125,14865.4697265625,14865.4697265625,3597540000
2021-07-23,15111.7900390625,15111.7900390625,15125.83984375,14948.0400390625,15004.4296875,3997250000
2021-07-26,15125.9501953125,15125.9501953125,15142.349609375,15048.23046875,15088.2802734375,4437090000
2021-07-27,14956.9697265625,14956.9697265625,15107.740234375,14787.7998046875,15103.009765625,4329230000
2021-07-28,15018.099609375,15018.099609375,15078.849609375,14913.5498046875,15005.169921875,4268210000
2021-07-29,15048.3603515625,15048.3603515625,15091.9599609375,15004.419921875,15015.2998046875,3928640000
2021-07-30,14959.900390625,14959.900390625,14990.8603515625,14882.3896484375,14882.3896484375,3645050000
2021-08-02,14963.6201171875,14963.6201171875,15059.8896484375,14945.1298828125,15046.099609375,3746130000
2021-08-03,15061.419921875,15061.419921875,15063.66015625,14864.5302734375,14997.2001953125,4141370000
2021-08-04,15083.3896484375,15083.3896484375,15117.3798828125,15017.1396484375,15059.16015625,4337330000
2021-08-05,15181.6396484375,15181.6396484375,15184.26953125,15083.83984375,15105.400390625,4107300000
2021-08-06,15109.3603515625,15109.3603515625,15162.33984375,15063.01953125,15125.740234375,4173090000
2021-08-09,15133.1103515625,15133.1103515625,15154.6796875,15081.75,15136.1396484375,4111640000
2021-08-10,15053.580078125,15053.580078125,15169.4501953125,15010.16015625,15157.3701171875,3991770000
2021-08-11,15027.759765625,15027.759765625,15127.7802734375,14972.599609375,15101.8203125,4002340000
2021-08-12,15088.98046875,15088.98046875,15097.91015625,14956.25,15012.599609375,4049000000
2021-08-13,15136.6796875,15136.6796875,15150.48046875,15079.2998046875,15101.83984375,4061070000
2021-08-16,15140.76953125,15140.76953125,15142.0302734375,14931.150390625,15090.0498046875,3973920000
2021-08-17,15002.830078125,15002.830078125,15062.7001953125,14906.2197265625,15018.9404296875,4168880000
2021-08-18,14857.919921875,14857.919921875,15039.900390625,14846.509765625,14975.01953125,3841840000
2021-08-19,14933.9404296875,14933.9404296875,15000.1904296875,14773.1904296875,14773.1904296875,4191490000
2021-08-20,15092.5703125,15092.5703125,15103.9404296875,14968.8701171875,14974.0595703125,3886340000
2021-08-23,15312.8203125,15312.8203125,15341.4697265625,15140.1396484375,15140.1396484375,3906780000
2021-08-24,15357.6796875,15357.6796875,15384.419921875,15319.5498046875,15338.919921875,3809750000
2021-08-25,15368.919921875,15368.919921875,15404.3603515625,15341.919921875,15384.830078125,3654150000
2021-08-26,15278.51953125,15278.51953125,15369.2802734375,15265.23046875,15348.98046875,3630900000
2021-08-27,15432.9501953125,15432.9501953125,15447.0302734375,15292.740234375,15305.75,4048610000
2021-08-30,15605.08984375,15605.08984375,15620.6201171875,15459.740234375,15460.9296875,4061760000
2021-08-31,15582.509765625,15582.509765625,15604.4501953125,15522.7802734375,15601.33984375,4188020000
2021-09-01,15611.5703125,15611.5703125,15696.419921875,15603.669921875,15637.1298828125,4271690000
2021-09-02,15604.25,15604.25,15681.759765625,15554.2900390625,15656.2802734375,4050510000
2021-09-03,15652.8603515625,15652.8603515625,15668.1201171875,15554.9697265625,15578.9599609375,3706990000
2021-09-07,15675.759765625,15675.759765625,15701.400390625,15610.23046875,15662.2998046875,4014250000
2021-09-08,15620.849609375,15620.849609375,15669.009765625,15528.4501953125,15669.009765625,4131560000
2021-09-09,15561.0498046875,15561.0498046875,15675.4599609375,15556.740234375,15639.4404296875,4031140000
2021-09-10,15440.75,15440.75,15673.5,15433.4296875,15648.0498046875,4587150000
2021-09-13,15434.5,15434.5,15562.2802734375,15351.7001953125,15545.66015625,4723370000
2021-09-14,15382.900390625,15382.900390625,15525.9697265625,15352.0595703125,15505.7802734375,4593140000
2021-09-15,15503.5302734375,15503.5302734375,15518.9501953125,15316.400390625,15419.9501953125,4465140000
2021-09-16,15515.91015625,15515.91015625,15539.1396484375,15370.8798828125,15452.669921875,3701500000
2021-09-17,15333.4697265625,15333.4697265625,15485.2099609375,15291.0400390625,15481.4296875,6709540000
2021-09-20,15012.1904296875,15012.1904296875,15157.259765625,14821.0302734375,15068.650390625,4879490000
2021-09-21,15027.76953125,15027.76953125,15139.900390625,14986.98046875,15096.9697265625,4083010000
2021-09-22,15176.509765625,15176.509765625,15230.33984375,15029.900390625,15073.9599609375,4252490000
2021-09-23,15316.580078125,15316.580078125,15356.919921875,15199.4296875,15231.2001953125,4196130000
2021-09-24,15329.6796875,15329.6796875,15345.5400390625,15209.16015625,15222.9697265625,3992150000
2021-09-27,15204.8203125,15204.8203125,15240.580078125,15106.4501953125,15205.23046875,4650790000
2021-09-28,14770.2998046875,14770.2998046875,15040.5703125,14758.98046875,15001.98046875,4989510000
2021-09-29,14752.8896484375,14752.8896484375,14914.919921875,14727.41015625,14835.509765625,5294600000
2021-09-30,14689.6201171875,14689.6201171875,14888.2197265625,14684.5498046875,14830.2998046875,5950950000
2021-10-01,14791.8701171875,14791.8701171875,14830.83984375,14555.1201171875,14731.3798828125,4710720000
2021-10-04,14472.1201171875,14472.1201171875,14727.599609375,14384.9296875,14713.599609375,4557110000
2021-10-05,14674.150390625,14674.150390625,14763.6396484375,14520.23046875,14533.4296875,4176390000
2021-10-06,14766.75,14766.75,14775.6396484375,14499.48046875,14529.8896484375,4465910000
2021-10-07,14897.1298828125,14897.1298828125,15010.3203125,14878.2197265625,14899.0703125,3984180000
2021-10-08,14820.75,14820.75,14948.349609375,14805.5,14942.3603515625,3571380000
2021-10-11,14713.73046875,14713.73046875,14907.5703125,14709.0498046875,14765.6904296875,3539540000
2021-10-12,14662.1103515625,14662.1103515625,14784.7802734375,14636.330078125,14772.2900390625,4063830000
2021-10-13,14774.599609375,14774.599609375,14800.830078125,14676.580078125,14751.7998046875,4053580000
2021-10-14,15052.419921875,15052.419921875,15059.8896484375,14901.58984375,14925.580078125,4262400000
2021-10-15,15146.919921875,15146.919921875,15150.1396484375,15064.58984375,15106.9697265625,4494440000
2021-10-18,15300.8896484375,15300.8896484375,15307.509765625,15074.7099609375,15091.580078125,4167740000
2021-10-19,15410.7197265625,15410.7197265625,15414.9697265625,15320.6201171875,15349.4501953125,4483400000
2021-10-20,15388.7099609375,15388.7099609375,15457.1103515625,15333.4296875,15448.0,4117050000
2021-10-21,15489.58984375,15489.58984375,15497.580078125,15350.5,15365.8095703125,4961860000
2021-10-22,15355.0703125,15355.0703125,15474.2802734375,15291.9501953125,15422.0703125,5775770000
2021-10-25,15514.1904296875,15514.1904296875,15555.650390625,15338.490234375,15417.25,5750200000
2021-10-26,15559.490234375,15559.490234375,15710.7900390625,15518.58984375,15615.3603515625,7173230000
2021-10-27,15598.3896484375,15598.3896484375,15729.75,15578.6796875,15603.16015625,6130110000
2021-10-28,15778.16015625,15778.16015625,15784.0,15650.009765625,15674.3896484375,5714890000
2021-10-29,15850.4697265625,15850.4697265625,15856.900390625,15638.740234375,15638.740234375,5338290000
2021-11-01,15905.2802734375,15905.2802734375,15910.349609375,15785.3095703125,15879.6103515625,5273950000
2021-11-02,15972.490234375,15972.490234375,15988.330078125,15877.26953125,15885.33984375,5129370000
2021-11-03,16144.5,16144.5,16157.599609375,15950.58984375,16000.599609375,5325110000
2021-11-04,16346.240234375,16346.240234375,16387.94921875,16169.5595703125,16193.2197265625,5297250000
2021-11-05,16359.3798828125,16359.3798828125,16454.48046875,16302.0595703125,16397.58984375,5566400000
2021-11-08,16336.0302734375,16336.0302734375,16401.9296875,16314.0,16351.490234375,5723650000
2021-11-09,16219.9404296875,16219.9404296875,16401.890625,16168.6298828125,16389.990234375,5574660000
2021-11-10,15985.5703125,15985.5703125,16224.509765625,15905.2802734375,16087.01953125,5369110000
2021-11-11,16032.4697265625,16032.4697265625,16116.25,16019.3896484375,16114.0498046875,4570460000
2021-11-12,16199.8896484375,16199.8896484375,16218.5498046875,16012.7802734375,16078.1298828125,5446540000
2021-11-15,16189.1201171875,16189.1201171875,16256.73046875,16096.3701171875,16227.009765625,5020180000
2021-11-16,16309.76953125,16309.76953125,16329.5,16156.6904296875,16170.2900390625,5533020000
2021-11-17,16308.0703125,16308.0703125,16398.94921875,16276.76953125,16329.0703125,5049320000
2021-11-18,16482.970703125,16482.970703125,16501.919921875,16309.509765625,16398.759765625,5391360000
2021-11-19,16573.33984375,16573.33984375,16625.859375,16523.830078125,16558.560546875,4875310000
2021-11-22,16380.98046875,16380.98046875,16764.859375,16374.7802734375,16644.76953125,5567830000
2021-11-23,16306.7197265625,16306.7197265625,16417.5,16121.7001953125,16330.1796875,5434380000
2021-11-24,16367.8095703125,16367.8095703125,16370.5595703125,16106.01953125,16202.259765625,4197090000
2021-11-26,16025.580078125,16025.580078125,16302.580078125,15988.9501953125,16237.41015625,3502170000
2021-11-29,16399.240234375,16399.240234375,16437.16015625,16214.5595703125,16263.4296875,4836230000
2021-11-30,16135.919921875,16135.919921875,16454.560546875,16073.759765625,16333.9501953125,6631470000
2021-12-01,15877.7197265625,15877.7197265625,16427.189453125,15864.0,16347.9599609375,6320260000
2021-12-02,15990.759765625,15990.759765625,16066.3203125,15770.919921875,15791.2998046875,5418340000
2021-12-03,15712.0400390625,15712.0400390625,16089.6103515625,15543.3095703125,16039.41015625,5900290000
2021-12-06,15846.16015625,15846.16015625,15898.58984375,15557.7802734375,15744.91015625,5115230000
2021-12-07,16325.66015625,16325.66015625,16343.669921875,16128.4404296875,16139.5595703125,5116490000
2021-12-08,16394.33984375,16394.33984375,16401.099609375,16250.3896484375,16313.8798828125,4615390000
2021-12-09,16149.5703125,16149.5703125,16413.279296875,16141.3896484375,16337.8095703125,4515600000
2021-12-10,16331.98046875,16331.98046875,16339.1201171875,16139.0,16278.2998046875,4426210000
2021-12-13,16082.5498046875,16082.5498046875,16332.6298828125,16075.5400390625,16317.900390625,4573920000
2021-12-14,15914.900390625,15914.900390625,15995.2099609375,15742.7998046875,15877.650390625,4865990000
2021-12-15,16289.58984375,16289.58984375,16301.26953125,15746.9404296875,15908.4501953125,5343920000
2021-12-16,15863.9404296875,15863.9404296875,16340.5302734375,15802.6298828125,16335.0302734375,4906480000
2021-12-17,15801.4599609375,15801.4599609375,15960.25,15664.099609375,15714.5400390625,7668770000
2021-12-20,15627.6396484375,15627.6396484375,15662.6103515625,15508.740234375,15566.830078125,4602640000
2021-12-21,15986.2802734375,15986.2802734375,15997.6103515625,15617.48046875,15794.3798828125,4581720000
2021-12-22,16180.1396484375,16180.1396484375,16186.25,15947.5595703125,15963.5400390625,4107900000
2021-12-23,16308.2099609375,16308.2099609375,16360.75,16188.0302734375,16203.759765625,3935010000
2021-12-27,16567.5,16567.5,16567.640625,16361.0703125,16361.0703125,3743920000
2021-12-28,16488.66015625,16488.66015625,16607.189453125,16458.490234375,16602.919921875,3648500000
2021-12-29,16491.009765625,16491.009765625,16548.919921875,16396.16015625,16510.630859375,3714380000
2021-12-30,16429.099609375,16429.099609375,16569.619140625,16415.119140625,16485.400390625,3750920000
2021-12-31,16320.080078125,16320.080078125,16464.619140625,16317.259765625,16411.259765625,3392580000
2022-01-03,16501.76953125,16501.76953125,16504.140625,16306.6396484375,16395.509765625,4429960000
2022-01-04,16279.73046875,16279.73046875,16513.869140625,16151.900390625,16513.869140625,5131110000
2022-01-05,15771.7802734375,15771.7802734375,16249.23046875,15763.83984375,16190.5498046875,5031850000
2022-01-06,15765.3603515625,15765.3603515625,15900.599609375,15608.5703125,15675.2197265625,4790820000
2022-01-07,15592.1904296875,15592.1904296875,15835.0,15526.7998046875,15774.1298828125,4238070000
2022-01-10,15614.4296875,15614.4296875,15627.919921875,15165.5302734375,15383.1796875,5317180000
2022-01-11,15844.1201171875,15844.1201171875,15848.5595703125,15496.91015625,15582.7197265625,4390710000
2022-01-12,15905.099609375,15905.099609375,16017.3896484375,15815.9501953125,15955.48046875,4338530000
2022-01-13,15495.6201171875,15495.6201171875,15990.3798828125,15468.08984375,15970.08984375,4302020000
2022-01-14,15611.58984375,15611.58984375,15617.1796875,15396.4697265625,15396.4697265625,4374020000
2022-01-18,15210.759765625,15210.759765625,15446.2998046875,15182.9599609375,15378.0595703125,5060790000
2022-01-19,15047.83984375,15047.83984375,15382.0,15038.4404296875,15287.25,4665340000
2022-01-20,14846.4599609375,14846.4599609375,15347.6201171875,14832.6904296875,15176.3798828125,5102050000
2022-01-21,14438.400390625,14438.400390625,14868.4501953125,14432.6396484375,14728.66015625,5870830000
2022-01-24,14509.580078125,14509.580078125,14532.5703125,13724.849609375,14160.91015625,6998770000
2022-01-25,14149.1201171875,14149.1201171875,14410.4296875,14033.8095703125,14237.599609375,5019380000
2022-01-26,14172.759765625,14172.759765625,14646.5400390625,14006.400390625,14492.51953125,5771140000
2022-01-27,14003.1103515625,14003.1103515625,14419.4501953125,13972.8798828125,14346.4599609375,5177380000
2022-01-28,14454.6103515625,14454.6103515625,14457.7802734375,13880.48046875,14091.3095703125,4971930000
2022-01-31,14930.0498046875,14930.0498046875,14934.51953125,14442.8798828125,14505.0703125,5124940000
2022-02-01,15019.6796875,15019.6796875,15034.419921875,14749.490234375,14966.599609375,4671850000
2022-02-02,15139.740234375,15139.740234375,15196.400390625,14960.849609375,15173.0302734375,4673140000
2022-02-03,14501.1103515625,14501.1103515625,14856.509765625,14471.2001953125,14693.849609375,4326300000
2022-02-04,14694.349609375,14694.349609375,14832.0498046875,14452.2802734375,14566.2802734375,4121340000
2022-02-07,14571.25,14571.25,14813.8603515625,14524.6298828125,14716.4296875,4268730000
2022-02-08,14747.0302734375,14747.0302734375,14785.2197265625,14485.7802734375,14533.25,4293770000
2022-02-09,15056.9599609375,15056.9599609375,15057.900390625,14870.3603515625,14930.990234375,4729730000
2022-02-10,14705.6396484375,14705.6396484375,15037.259765625,14636.6201171875,14770.6796875,5212510000
2022-02-11,14253.83984375,14253.83984375,14769.6396484375,14194.5400390625,14739.4599609375,5237320000
2022-02-14,14268.58984375,14268.58984375,14400.7802734375,14119.73046875,14233.400390625,4347350000
2022-02-15,14620.8203125,14620.8203125,14624.5302734375,14444.4599609375,14482.1103515625,4416840000
2022-02-16,14603.6396484375,14603.6396484375,14647.7900390625,14399.2900390625,14514.83984375,4238560000
2022-02-17,14171.740234375,14171.740234375,14497.4599609375,14155.4296875,14485.080078125,4278370000
2022-02-18,14009.5400390625,14009.5400390625,14225.7197265625,13918.759765625,14207.5498046875,4501940000
2022-02-22,13870.5302734375,13870.5302734375,14109.259765625,13720.919921875,13892.8095703125,4849170000
2022-02-23,13509.4296875,13509.4296875,14035.9296875,13502.580078125,14016.9404296875,4639330000
2022-02-24,13974.669921875,13974.669921875,13989.099609375,13065.4404296875,13065.4404296875,6180200000
2022-02-25,14189.16015625,14189.16015625,14193.0,13850.2900390625,13973.900390625,4628720000
2022-02-28,14237.8095703125,14237.8095703125,14296.599609375,14009.3603515625,14058.6103515625,5928130000
2022-03-01,14005.990234375,14005.990234375,14271.580078125,13906.919921875,14197.66015625,6131350000
2022-03-02,14243.6904296875,14243.6904296875,14292.7197265625,13962.6904296875,14075.1103515625,5246390000
2022-03-03,14035.2099609375,14035.2099609375,14342.5595703125,13965.1103515625,14339.7001953125,5092580000
2022-03-04,13837.830078125,13837.830078125,13992.9697265625,13738.6103515625,13957.599609375,5343900000
2022-03-07,13319.3798828125,13319.3798828125,13879.099609375,13314.4404296875,13853.5302734375,6195370000
2022-03-08,13267.6103515625,13267.6103515625,13663.26953125,13129.400390625,13275.23046875,6683960000
2022-03-09,13742.2001953125,13742.2001953125,13793.1103515625,13504.48046875,13610.48046875,5396550000
2022-03-10,13591.0,13591.0,13633.6904296875,13399.4599609375,13577.83984375,5071250000
2022-03-11,13301.830078125,13301.830078125,13714.4404296875,13285.1904296875,13701.7998046875,5288210000
2022-03-14,13046.6396484375,13046.6396484375,13386.669921875,13020.400390625,13248.08984375,5876710000
2022-03-15,13458.5595703125,13458.5595703125,13488.1796875,13092.4501953125,13174.9697265625,5440100000
2022-03-16,13956.7900390625,13956.7900390625,13960.25,13475.08984375,13633.1201171875,6552210000
2022-03-17,14118.599609375,14118.599609375,14125.669921875,13827.33984375,13878.990234375,5612090000
2022-03-18,14420.080078125,14420.080078125,14427.4697265625,14014.4296875,14061.2900390625,8149290000
2022-03-21,14376.08984375,14376.08984375,14470.6796875,14190.5302734375,14377.150390625,5673940000
2022-03-22,14654.330078125,14654.330078125,14688.9697265625,14385.5498046875,14396.0302734375,5445100000
2022-03-23,14447.5498046875,14447.5498046875,14681.330078125,14446.0400390625,14525.2197265625,5024230000
2022-03-24,14765.6904296875,14765.6904296875,14767.73046875,14440.669921875,14529.7197265625,5149520000
2022-03-25,14754.3095703125,14754.3095703125,14805.8798828125,14577.58984375,14766.900390625,5585100000
2022-03-28,14987.400390625,14987.400390625,14989.080078125,14705.919921875,14763.16015625,5129500000
2022-03-29,15239.3203125,15239.3203125,15265.419921875,15039.6103515625,15142.9296875,6060890000
2022-03-30,15071.5498046875,15071.5498046875,15229.009765625,15010.33984375,15177.150390625,5479200000
2022-03-31,14838.490234375,14838.490234375,15088.3798828125,14835.16015625,15074.23046875,5453890000
2022-04-01,14861.2099609375,14861.2099609375,14925.9296875,14723.830078125,14886.91015625,5002790000
2022-04-04,15159.580078125,15159.580078125,15161.8896484375,14884.5703125,14903.3798828125,4630100000
2022-04-05,14820.6396484375,14820.6396484375,15120.669921875,14782.5703125,15109.26953125,4727710000
2022-04-06,14498.8896484375,14498.8896484375,14639.349609375,14395.400390625,14600.2998046875,5360420000
2022-04-07,14531.8095703125,14531.8095703125,14624.240234375,14315.6904296875,14469.5,4856090000
2022-04-08,14327.259765625,14327.259765625,14490.1904296875,14307.6796875,14450.5302734375,4574080000
2022-04-11,13990.2099609375,13990.2099609375,14187.669921875,13979.1396484375,14149.599609375,4946680000
2022-04-12,13940.240234375,13940.240234375,14264.740234375,13882.75,14175.66015625,4991720000
2022-04-13,14217.2900390625,14217.2900390625,14258.8095703125,13919.48046875,13939.6103515625,4909720000
2022-04-14,13893.2099609375,13893.2099609375,14235.3896484375,13884.8203125,14225.4697265625,4642240000
2022-04-18,13910.759765625,13910.759765625,13997.9296875,13788.9599609375,13859.4697265625,4365230000
2022-04-19,14210.259765625,14210.259765625,14236.509765625,13844.740234375,13882.75,4562840000
2022-04-20,13998.5302734375,13998.5302734375,14263.6103515625,13962.8603515625,14246.2001953125,4678930000
2022-04-21,13720.4501953125,13720.4501953125,14277.2099609375,13682.6796875,14174.919921875,5233110000
2022-04-22,13356.8701171875,13356.8701171875,13769.400390625,13342.7900390625,13714.6298828125,4475090000
2022-04-25,13533.2197265625,13533.2197265625,13541.76953125,13239.73046875,13275.41015625,4845160000
2022-04-26,13009.7099609375,13009.7099609375,13447.66015625,13009.650390625,13447.66015625,5168160000
2022-04-27,13003.3603515625,13003.3603515625,13241.9404296875,12936.41015625,13009.400390625,4810720000
2022-04-28,13456.0595703125,13456.0595703125,13542.5595703125,13038.169921875,13254.9599609375,5067150000
2022-04-29,12854.7998046875,12854.7998046875,13428.5302734375,12835.48046875,13274.9404296875,4733070000
2022-05-02,13075.849609375,13075.849609375,13083.5703125,12716.6298828125,12864.830078125,4918240000
2022-05-03,13089.900390625,13089.900390625,13178.740234375,12982.7001953125,13045.349609375,4547280000
2022-05-04,13535.7099609375,13535.7099609375,13556.669921875,12887.5302734375,13110.2998046875,5498050000
2022-05-05,12850.5498046875,12850.5498046875,13344.7900390625,12710.58984375,13344.7900390625,5308920000
2022-05-06,12693.5302734375,12693.5302734375,12926.580078125,12522.76953125,12776.8603515625,5324480000
2022-05-09,12187.7197265625,12187.7197265625,12542.3203125,12136.1904296875,12465.91015625,5939140000
2022-05-10,12345.8603515625,12345.8603515625,12537.8896484375,12173.4697265625,12496.83984375,6218260000
2022-05-11,11967.5595703125,11967.5595703125,12470.8896484375,11939.08984375,12240.2099609375,6152370000
2022-05-12,11945.5,11945.5,12128.73046875,11692.1201171875,11790.1298828125,6679470000
2022-05-13,12387.400390625,12387.400390625,12429.2802734375,12069.1298828125,12125.9296875,5894020000
2022-05-16,12243.580078125,12243.580078125,12395.509765625,12196.2099609375,12297.0703125,4930250000
2022-05-17,12564.099609375,12564.099609375,12572.990234375,12333.990234375,12496.6298828125,5093960000
2022-05-18,11928.3095703125,11928.3095703125,12389.9599609375,11887.0,12352.919921875,5064120000
2022-05-19,11875.6298828125,11875.6298828125,12066.849609375,11795.7900390625,11872.5595703125,5154410000
2022-05-20,11835.6201171875,11835.6201171875,12044.7001953125,11492.2900390625,12037.0302734375,5434370000
2022-05-23,12034.2802734375,12034.2802734375,12047.8095703125,11785.759765625,11867.080078125,4552200000
2022-05-24,11769.83984375,11769.83984375,11842.8095703125,11576.1103515625,11807.7802734375,4724430000
2022-05-25,11943.9296875,11943.9296875,12028.8896484375,11714.26953125,11732.4501953125,4519690000
2022-05-26,12276.7900390625,12276.7900390625,12337.73046875,11901.8701171875,11906.830078125,4672620000
2022-05-27,12681.419921875,12681.419921875,12682.580078125,12405.2900390625,12421.7998046875,4793900000
2022-05-31,12642.099609375,12642.099609375,12762.83984375,12482.3203125,12688.9501953125,6045500000
2022-06-01,12548.3603515625,12548.3603515625,12820.4697265625,12457.91015625,12750.3095703125,4719900000
2022-06-02,12892.8896484375,12892.8896484375,12897.6298828125,12447.76953125,12498.6298828125,4445840000
2022-06-03,12548.0302734375,12548.0302734375,12724.8095703125,12505.759765625,12650.3798828125,4130040000
2022-06-06,12599.6298828125,12599.6298828125,12804.4599609375,12534.580078125,12745.8896484375,4647010000
2022-06-07,12711.6796875,12711.6796875,12737.2998046875,12413.5595703125,12456.490234375,4411240000
2022-06-08,12615.1298828125,12615.1298828125,12776.650390625,12578.5498046875,12682.8095703125,4708980000
2022-06-09,12269.7802734375,12269.7802734375,12666.41015625,12265.8603515625,12543.3701171875,5408460000
2022-06-10,11832.8203125,11832.8203125,12082.6904296875,11825.349609375,12052.58984375,5152020000
2022-06-13,11288.3203125,11288.3203125,11568.650390625,11254.1904296875,11472.1904296875,5937320000
2022-06-14,11311.6904296875,11311.6904296875,11418.2197265625,11205.919921875,11385.1796875,4819890000
2022-06-15,11593.76953125,11593.76953125,11751.2900390625,11346.5400390625,11468.1298828125,5368500000
2022-06-16,11127.5703125,11127.5703125,11311.0498046875,11037.2099609375,11286.8701171875,5696630000
2022-06-17,11265.990234375,11265.990234375,11357.9697265625,11089.9296875,11172.650390625,7452830000
2022-06-21,11546.759765625,11546.759765625,11638.4697265625,11446.98046875,11446.98046875,5226260000
2022-06-22,11527.7099609375,11527.7099609375,11708.080078125,11423.2001953125,11427.740234375,5238180000
2022-06-23,11697.6796875,11697.6796875,11729.6201171875,11515.48046875,11622.08984375,5258200000
2022-06-24,12105.849609375,12105.849609375,12112.8203125,11812.1796875,11826.9501953125,9468130000
2022-06-27,12008.240234375,12008.240234375,12175.98046875,11965.669921875,12157.9296875,5047860000
2022-06-28,11637.76953125,11637.76953125,12133.8701171875,11633.1298828125,12021.33984375,5433220000
2022-06-29,11658.259765625,11658.259765625,11710.2099609375,11537.7197265625,11619.009765625,5650860000
2022-06-30,11503.7197265625,11503.7197265625,11650.9599609375,11322.8603515625,11532.3203125,5654520000
2022-07-01,11585.6796875,11585.6796875,11592.849609375,11378.6298828125,11472.6298828125,4865730000
2022-07-05,11779.900390625,11779.900390625,11781.740234375,11366.0703125,11419.33984375,5053570000
2022-07-06,11852.58984375,11852.58984375,11941.3095703125,11727.3603515625,11807.080078125,4851170000
2022-07-07,12109.0498046875,12109.0498046875,12137.7099609375,11897.509765625,11913.73046875,4685050000
2022-07-08,12125.6904296875,12125.6904296875,12179.3203125,11956.0302734375,11977.9501953125,4526570000
2022-07-11,11860.2802734375,11860.2802734375,12026.0595703125,11830.8896484375,12008.759765625,4362910000
2022-07-12,11744.990234375,11744.990234375,11990.4404296875,11684.01953125,11926.83984375,4317860000
2022-07-13,11728.5302734375,11728.5302734375,11819.6904296875,11498.9599609375,11523.91015625,4433060000
2022-07-14,11768.400390625,11768.400390625,11801.1103515625,11488.26953125,11637.1796875,4481070000
2022-07-15,11983.6201171875,11983.6201171875,11987.51953125,11828.1298828125,11896.150390625,4369060000
2022-07-18,11877.5,11877.5,12156.08984375,11836.51953125,12089.6796875,5057920000
2022-07-19,12249.419921875,12249.419921875,12258.3701171875,11967.919921875,12046.6904296875,5302740000
2022-07-20,12439.6796875,12439.6796875,12488.3896484375,12232.2001953125,12269.0703125,5467080000
2022-07-21,12619.41015625,12619.41015625,12620.5,12351.419921875,12466.1298828125,4680930000
2022-07-22,12396.4697265625,12396.4697265625,12662.8603515625,12322.8203125,12575.759765625,4721880000
2022-07-25,12328.41015625,12328.41015625,12415.58984375,12244.400390625,12391.2099609375,4346520000
2022-07-26,12086.900390625,12086.900390625,12259.009765625,12051.2099609375,12248.2099609375,4349760000
2022-07-27,12601.4697265625,12601.4697265625,12660.76953125,12256.9404296875,12299.33984375,4588480000
2022-07-28,12717.8701171875,12717.8701171875,12741.830078125,12433.5498046875,12580.6103515625,4924950000
2022-07-29,12947.9697265625,12947.9697265625,12986.6396484375,12726.25,12784.2001953125,4907410000
2022-08-01,12940.7802734375,12940.7802734375,13084.6103515625,12833.16015625,12877.0400390625,4396390000
2022-08-02,12901.599609375,12901.599609375,13073.26953125,12809.009765625,12853.0400390625,4792140000
2022-08-03,13253.259765625,13253.259765625,13289.1904296875,12974.849609375,12983.580078125,5667990000
2022-08-04,13311.0400390625,13311.0400390625,13326.7197265625,13170.4404296875,13253.76953125,5451470000
2022-08-05,13207.6904296875,13207.6904296875,13286.01953125,13070.3603515625,13107.4501953125,4911300000
2022-08-08,13159.16015625,13159.16015625,13394.5400390625,13103.7998046875,13227.08984375,5238600000
2022-08-09,13008.169921875,13008.169921875,13095.7001953125,12945.599609375,13064.240234375,5307340000
2022-08-10,13378.3203125,13378.3203125,13386.849609375,13220.0498046875,13330.66015625,5196210000
2022-08-11,13291.990234375,13291.990234375,13555.3798828125,13271.349609375,13471.0302734375,5815960000
2022-08-12,13565.8701171875,13565.8701171875,13565.8701171875,13341.650390625,13384.650390625,4782610000
2022-08-15,13667.1796875,13667.1796875,13685.650390625,13524.5302734375,13529.66015625,4476040000
2022-08-16,13635.2099609375,13635.2099609375,13720.91015625,13508.4697265625,13617.66015625,5028410000
2022-08-17,13470.8603515625,13470.8603515625,13591.580078125,13389.8203125,13499.240234375,5229520000
2022-08-18,13505.990234375,13505.990234375,13553.2802734375,13405.740234375,13474.240234375,4724350000
2022-08-19,13242.900390625,13242.900390625,13402.6103515625,13210.8203125,13370.25,4628170000
2022-08-22,12890.5400390625,12890.5400390625,13073.0703125,12859.8203125,13056.3896484375,4270980000
2022-08-23,12881.7900390625,12881.7900390625,13000.7099609375,12852.7001953125,12885.2802734375,3836180000
2022-08-24,12917.8603515625,12917.8603515625,12995.1396484375,12843.580078125,12876.23046875,3917170000
2022-08-25,13143.580078125,13143.580078125,13146.83984375,12951.6103515625,12984.740234375,4323470000
2022-08-26,12605.169921875,12605.169921875,13175.25,12603.41015625,13129.91015625,4530000000
2022-08-29,12484.3203125,12484.3203125,12594.33984375,12440.400390625,12488.4599609375,4209850000
2022-08-30,12342.7001953125,12342.7001953125,12572.8798828125,12240.8203125,12562.400390625,4681520000
2022-08-31,12272.0302734375,12272.0302734375,12502.150390625,12268.080078125,12448.0703125,4952010000
2022-09-01,12274.6201171875,12274.6201171875,12290.330078125,12012.98046875,12158.8798828125,4792890000
2022-09-02,12098.4404296875,12098.4404296875,12451.2802734375,12035.5302734375,12392.4599609375,4257410000
2022-09-06,12011.3095703125,12011.3095703125,12152.419921875,11928.8095703125,12106.5703125,4622940000
2022-09-07,12259.3896484375,12259.3896484375,12298.1201171875,12026.98046875,12038.1796875,4445640000
2022-09-08,12321.1904296875,12321.1904296875,12374.1298828125,12120.259765625,12139.5703125,4329910000
2022-09-09,12588.2900390625,12588.2900390625,12610.4296875,12424.150390625,12424.150390625,4401590000
2022-09-12,12739.7197265625,12739.7197265625,12752.830078125,12639.759765625,12649.23046875,4146680000
2022-09-13,12033.6201171875,12033.6201171875,12420.009765625,12004.419921875,12364.830078125,5188380000
2022-09-14,12134.400390625,12134.400390625,12170.25,12016.4296875,12092.0302734375,4861530000
2022-09-15,11927.490234375,11927.490234375,12153.33984375,11867.8798828125,12034.4296875,4805910000
2022-09-16,11861.3798828125,11861.3798828125,11875.08984375,11710.259765625,11775.9404296875,7451840000
2022-09-19,11953.26953125,11953.26953125,11956.7900390625,11752.4296875,11753.599609375,4168670000
2022-09-20,11851.5400390625,11851.5400390625,11951.1298828125,11761.6904296875,11855.83984375,4028100000
2022-09-21,11637.7900390625,11637.7900390625,12062.51953125,11636.25,11892.7197265625,4471000000
2022-09-22,11501.650390625,11501.650390625,11617.990234375,11448.8603515625,11574.3203125,4916470000
2022-09-23,11311.240234375,11311.240234375,11402.41015625,11169.66015625,11398.75,5134350000
2022-09-26,11254.1103515625,11254.1103515625,11473.3603515625,11235.740234375,11283.1396484375,4697730000
2022-09-27,11271.75,11271.75,11502.3798828125,11175.2900390625,11411.33984375,4445050000
2022-09-28,11493.830078125,11493.830078125,11546.8701171875,11210.8095703125,11258.740234375,4556100000
2022-09-29,11164.7802734375,11164.7802734375,11339.91015625,11038.9404296875,11334.5703125,4516630000
2022-09-30,10971.2197265625,10971.2197265625,11296.16015625,10966.9501953125,11123.1103515625,4649710000
2022-10-03,11229.73046875,11229.73046875,11296.4296875,10985.009765625,11059.169921875,4415440000
2022-10-04,11582.5400390625,11582.5400390625,11609.25,11462.3701171875,11477.849609375,5004780000
2022-10-05,11573.1796875,11573.1796875,11647.6201171875,11312.51953125,11429.4697265625,4091860000
2022-10-06,11485.5,11485.5,11660.5498046875,11472.830078125,11556.400390625,4423320000
2022-10-07,11039.4697265625,11039.4697265625,11293.650390625,10991.66015625,11272.4599609375,4634190000
2022-10-10,10926.9697265625,10926.9697265625,11063.2099609375,10824.25,11048.509765625,3989640000
2022-10-11,10791.349609375,10791.349609375,10981.91015625,10716.330078125,10865.3203125,4738840000
2022-10-12,10785.6201171875,10785.6201171875,10886.490234375,10754.849609375,10810.2998046875,4091030000
2022-10-13,11033.580078125,11033.580078125,11087.66015625,10440.6396484375,10481.580078125,5300080000
2022-10-14,10692.0595703125,10692.0595703125,11152.8896484375,10677.48046875,11130.080078125,4393000000
2022-10-17,11062.5302734375,11062.5302734375,11090.8701171875,10959.740234375,10967.25,4439190000
2022-10-18,11147.740234375,11147.740234375,11374.3798828125,11035.7998046875,11368.759765625,5047360000
2022-10-19,11103.3798828125,11103.3798828125,11231.4599609375,11008.1103515625,11081.8203125,4955090000
2022-10-20,11046.7099609375,11046.7099609375,11279.8095703125,11001.2802734375,11081.2197265625,4628010000
2022-10-21,11310.330078125,11310.330078125,11327.76953125,10962.009765625,10998.169921875,4706440000
2022-10-24,11430.259765625,11430.259765625,11468.1796875,11166.490234375,11321.1103515625,4808710000
2022-10-25,11669.990234375,11669.990234375,11681.849609375,11480.41015625,11482.8701171875,5141760000
2022-10-26,11405.900390625,11405.900390625,11657.0595703125,11388.33984375,11409.7900390625,5224440000
2022-10-27,11191.6298828125,11191.6298828125,11417.0400390625,11179.900390625,11387.7099609375,4773520000
2022-10-28,11546.2099609375,11546.2099609375,11563.16015625,11176.990234375,11176.990234375,4731940000
2022-10-31,11405.5703125,11405.5703125,11482.990234375,11331.259765625,11465.2099609375,4753740000
2022-11-01,11288.9501953125,11288.9501953125,11574.3896484375,11278.2802734375,11571.5302734375,4677520000
2022-11-02,10906.33984375,10906.33984375,11410.91015625,10903.48046875,11300.26953125,5436420000
2022-11-03,10690.599609375,10690.599609375,10852.1796875,10680.830078125,10769.4296875,5102190000
2022-11-04,10857.0302734375,10857.0302734375,10934.6201171875,10632.3896484375,10911.98046875,5453750000
2022-11-07,10977.0,10977.0,11001.16015625,10817.58984375,10900.830078125,4456690000
2022-11-08,11059.5,11059.5,11191.900390625,10897.5302734375,11039.580078125,5134500000
2022-11-09,10797.5498046875,10797.5498046875,11012.66015625,10790.349609375,10971.4296875,4977460000
2022-11-10,11605.9599609375,11605.9599609375,11612.2001953125,11235.740234375,11350.419921875,6433000000
2022-11-11,11817.009765625,11817.009765625,11840.0703125,11535.5595703125,11604.3603515625,5867750000
2022-11-14,11700.9404296875,11700.9404296875,11863.8203125,11669.099609375,11728.1103515625,5004060000
2022-11-15,11871.150390625,11871.150390625,12024.9501953125,11735.400390625,12006.4501953125,5617310000
2022-11-16,11699.08984375,11699.08984375,11796.990234375,11673.1396484375,11767.419921875,4585190000
2022-11-17,11676.8603515625,11676.8603515625,11737.6103515625,11519.3798828125,11521.6396484375,4354360000
2022-11-18,11677.01953125,11677.01953125,11794.6796875,11579.6396484375,11791.849609375,4175420000
2022-11-21,11553.4501953125,11553.4501953125,11664.9404296875,11524.4404296875,11623.349609375,3977130000
2022-11-22,11724.83984375,11724.83984375,11731.759765625,11503.33984375,11590.830078125,4186360000
2022-11-23,11838.7197265625,11838.7197265625,11866.419921875,11722.009765625,11725.080078125,4431530000
2022-11-25,11756.0302734375,11756.0302734375,11803.91015625,11748.7900390625,11777.330078125,2184080000
2022-11-28,11587.75,11587.75,11764.830078125,11555.259765625,11684.0703125,4271360000
2022-11-29,11503.4501953125,11503.4501953125,11613.330078125,11450.33984375,11590.2998046875,4592830000
2022-11-30,12030.0595703125,12030.0595703125,12031.33984375,11481.8896484375,11505.740234375,6653460000
2022-12-01,12041.8896484375,12041.8896484375,12115.33984375,11928.66015625,12030.240234375,5158120000
2022-12-02,11994.259765625,11994.259765625,12027.6201171875,11825.5302734375,11845.5302734375,4523010000
2022-12-05,11786.7998046875,11786.7998046875,11957.3603515625,11732.150390625,11899.5400390625,4510030000
2022-12-06,11549.6904296875,11549.6904296875,11790.9296875,11488.599609375,11775.2001953125,4713330000
2022-12-07,11497.3896484375,11497.3896484375,11577.6904296875,11431.9599609375,11490.990234375,4343860000
2022-12-08,11637.5,11637.5,11672.1396484375,11470.6796875,11543.6796875,4281800000
2022-12-09,11563.330078125,11563.330078125,11707.08984375,11550.3095703125,11594.3798828125,4337440000
2022-12-12,11706.4404296875,11706.4404296875,11707.7099609375,11529.41015625,11572.259765625,4829990000
2022-12-13,11834.2099609375,11834.2099609375,12166.41015625,11724.900390625,12141.240234375,6126890000
2022-12-14,11740.919921875,11740.919921875,11941.2802734375,11617.41015625,11824.5400390625,5485150000
2022-12-15,11345.2197265625,11345.2197265625,11591.330078125,11300.349609375,11573.3798828125,5536070000
2022-12-16,11243.7197265625,11243.7197265625,11383.3896484375,11175.5400390625,11313.6396484375,7968170000
2022-12-19,11084.58984375,11084.58984375,11251.5703125,11029.76953125,11243.0,4631820000
2022-12-20,11072.419921875,11072.419921875,11143.6201171875,10967.0703125,11023.4697265625,4707190000
2022-12-21,11235.8798828125,11235.8798828125,11285.7802734375,11083.3603515625,11110.650390625,4401420000
2022-12-22,10956.1396484375,10956.1396484375,11114.23046875,10784.01953125,11099.3603515625,5125070000
2022-12-23,10985.4501953125,10985.4501953125,11007.08984375,10830.900390625,10911.0400390625,3544680000
2022-12-27,10822.509765625,10822.509765625,10957.4404296875,10807.6103515625,10944.2998046875,3827290000
2022-12-28,10679.33984375,10679.33984375,10898.6396484375,10671.1904296875,10807.1201171875,3842970000
2022-12-29,10951.0498046875,10951.0498046875,10981.0595703125,10776.6201171875,10800.7998046875,4154100000
2022-12-30,10939.759765625,10939.759765625,10942.900390625,10778.6396484375,10835.58984375,3959030000
2023-01-03,10862.6396484375,10862.6396484375,11093.099609375,10770.9296875,11038.419921875,4780650000
2023-01-04,10914.7998046875,10914.7998046875,10981.4599609375,10785.5302734375,10949.33984375,5085380000
2023-01-05,10741.2197265625,10741.2197265625,10842.330078125,10728.259765625,10837.25,4764270000
2023-01-06,11040.349609375,11040.349609375,11082.58984375,10696.419921875,10807.4599609375,5199780000
2023-01-09,11108.4501953125,11108.4501953125,11304.83984375,11085.3203125,11133.0703125,5132190000
2023-01-10,11205.7802734375,11205.7802734375,11207.5595703125,11050.6796875,11069.0498046875,4710680000
2023-01-11,11402.51953125,11402.51953125,11403.8896484375,11220.75,11259.16015625,5284390000
2023-01-12,11459.6103515625,11459.6103515625,11500.8603515625,11246.01953125,11441.4501953125,5681240000
2023-01-13,11541.48046875,11541.48046875,11547.9599609375,11347.599609375,11362.1298828125,5077990000
2023-01-17,11557.1904296875,11557.1904296875,11615.9501953125,11484.01953125,11531.5400390625,5138410000
2023-01-18,11410.2900390625,11410.2900390625,11690.26953125,11403.3095703125,11636.6103515625,5288630000
2023-01-19,11295.669921875,11295.669921875,11388.4599609375,11251.9404296875,11345.1904296875,4660800000
2023-01-20,11619.0302734375,11619.0302734375,11623.2001953125,11329.5400390625,11363.849609375,5980110000
2023-01-23,11872.5400390625,11872.5400390625,11918.8603515625,11617.830078125,11652.0,5997810000
2023-01-24,11846.6396484375,11846.6396484375,11889.3701171875,11780.0703125,11802.9501953125,5670860000
2023-01-25,11814.6904296875,11814.6904296875,11841.8095703125,11550.0703125,11636.009765625,5485570000
2023-01-26,12051.48046875,12051.48046875,12055.8095703125,11853.3701171875,11972.5703125,5732890000
2023-01-27,12166.599609375,12166.599609375,12248.150390625,11999.8701171875,12000.2099609375,6243800000
2023-01-30,11912.3896484375,11912.3896484375,12087.6796875,11906.1103515625,12047.16015625,5122320000
2023-01-31,12101.9296875,12101.9296875,12104.1298828125,11915.9404296875,11915.9404296875,5695150000
2023-02-01,12363.099609375,12363.099609375,12458.8701171875,12010.73046875,12087.919921875,6336040000
2023-02-02,12803.1396484375,12803.1396484375,12880.98046875,12600.759765625,12655.1796875,7038210000
2023-02-03,12573.3603515625,12573.3603515625,12828.7099609375,12520.9501953125,12520.9501953125,5954490000
2023-02-06,12464.509765625,12464.509765625,12558.8701171875,12411.8798828125,12468.7998046875,5538350000
2023-02-07,12728.26953125,12728.26953125,12771.58984375,12419.7099609375,12474.9501953125,5720240000
2023-02-08,12495.3798828125,12495.3798828125,12709.4501953125,12471.1201171875,12680.0302734375,5052870000
2023-02-09,12381.169921875,12381.169921875,12679.5400390625,12327.4404296875,12677.5400390625,5536290000
2023-02-10,12304.919921875,12304.919921875,12375.7197265625,12204.2099609375,12306.58984375,4885030000
2023-02-13,12502.3095703125,12502.3095703125,12522.7802734375,12313.4501953125,12356.5,4752880000
2023-02-14,12590.8896484375,12590.8896484375,12627.400390625,12356.3203125,12413.099609375,5032430000
2023-02-15,12687.8896484375,12687.8896484375,12689.33984375,12486.419921875,12531.599609375,5056640000
2023-02-16,12442.48046875,12442.48046875,12653.400390625,12440.0,12495.0703125,5159410000
2023-02-17,12358.1796875,12358.1796875,12385.51953125,12233.7900390625,12352.2998046875,4925230000
2023-02-21,12060.2998046875,12060.2998046875,12257.0595703125,12058.23046875,12205.2099609375,5002540000
2023-02-22,12066.26953125,12066.26953125,12156.2099609375,12006.0400390625,12085.669921875,4671270000
2023-02-23,12180.1396484375,12180.1396484375,12227.400390625,12003.3095703125,12224.4404296875,4714580000
2023-02-24,11969.650390625,11969.650390625,12018.3203125,11900.83984375,11979.7998046875,4432650000
2023-02-27,12057.7900390625,12057.7900390625,12159.6396484375,12034.6103515625,12106.7900390625,4494000000
2023-02-28,12042.1201171875,12042.1201171875,12146.51953125,12021.3203125,12041.75,5340950000
2023-03-01,11938.5703125,11938.5703125,12054.48046875,11906.580078125,12026.7197265625,4927530000
2023-03-02,12044.8701171875,12044.8701171875,12074.58984375,11830.08984375,11830.08984375,5313760000
2023-03-03,12290.8095703125,12290.8095703125,12300.4599609375,12095.240234375,12110.7099609375,5102210000
2023-03-06,12302.48046875,12302.48046875,12466.8798828125,12297.5703125,12344.650390625,4982880000
2023-03-07,12152.169921875,12152.169921875,12344.0400390625,12130.009765625,12303.1904296875,5422820000
2023-03-08,12215.330078125,12215.330078125,12237.7197265625,12102.2802734375,12181.0595703125,5085970000
2023-03-09,11995.8798828125,11995.8798828125,12340.4501953125,11970.33984375,12230.83984375,5061790000
2023-03-10,11830.2802734375,11830.2802734375,12069.6201171875,11789.8603515625,12001.7001953125,6193500000
2023-03-13,11923.169921875,11923.169921875,12073.9599609375,11695.41015625,11752.099609375,6201490000
2023-03-14,12199.7900390625,12199.7900390625,12217.8701171875,12035.2197265625,12078.4599609375,5533120000
2023-03-15,12251.3203125,12251.3203125,12269.4501953125,12026.1796875,12083.240234375,5912430000
2023-03-16,12581.3896484375,12581.3896484375,12595.6904296875,12190.650390625,12211.8701171875,5498920000
2023-03-17,12519.8798828125,12519.8798828125,12674.33984375,12444.080078125,12570.16015625,7903090000
2023-03-20,12562.6103515625,12562.6103515625,12578.349609375,12407.8203125,12487.7900390625,4970630000
2023-03-21,12741.4404296875,12741.4404296875,12762.4501953125,12582.759765625,12643.349609375,4829870000
2023-03-22,12567.150390625,12567.150390625,12943.6201171875,12563.7802734375,12742.41015625,4981590000
2023-03-23,12729.23046875,12729.23046875,12900.099609375,12611.669921875,12735.599609375,4917460000
2023-03-24,12767.0498046875,12767.0498046875,12770.2802734375,12608.150390625,12700.509765625,4363650000
2023-03-27,12673.0703125,12673.0703125,12839.419921875,12647.9404296875,12797.900390625,4330320000
2023-03-28,12610.5703125,12610.5703125,12654.91015625,12517.8701171875,12654.91015625,4036910000
2023-03-29,12846.0302734375,12846.0302734375,12867.3203125,12734.6796875,12768.1396484375,4493540000
2023-03-30,12963.1396484375,12963.1396484375,12987.9697265625,12894.1396484375,12934.990234375,4738880000
2023-03-31,13181.349609375,13181.349609375,13188.830078125,12968.0,12968.9599609375,5521150000
2023-04-03,13148.349609375,13148.349609375,13157.4697265625,13036.5498046875,13084.099609375,4816440000
2023-04-04,13100.080078125,13100.080078125,13204.080078125,13049.98046875,13165.3203125,4298760000
2023-04-05,12967.2001953125,12967.2001953125,13065.2802734375,12894.4404296875,13056.7900390625,4378590000
2023-04-06,13062.599609375,13062.599609375,13078.099609375,12846.0302734375,12892.900390625,3862800000
2023-04-10,13051.23046875,13051.23046875,13051.849609375,12861.51953125,12936.51953125,4334070000
2023-04-11,12964.150390625,12964.150390625,13049.5595703125,12947.66015625,13040.490234375,4676960000
2023-04-12,12848.349609375,12848.349609375,13071.98046875,12833.3095703125,13043.9697265625,4909770000
2023-04-13,13109.3896484375,13109.3896484375,13124.41015625,12920.01953125,12922.900390625,4942990000
2023-04-14,13079.51953125,13079.51953125,13152.2802734375,12962.509765625,13044.6904296875,4655740000
2023-04-17,13087.7099609375,13087.7099609375,13105.6796875,12981.259765625,13053.259765625,4823180000
2023-04-18,13091.7900390625,13091.7900390625,13196.1796875,13044.2099609375,13180.3095703125,4851810000
2023-04-19,13088.7099609375,13088.7099609375,13128.25,12988.2001953125,12992.509765625,4972700000
2023-04-20,12985.98046875,12985.98046875,13107.919921875,12933.7998046875,12962.2900390625,4590530000
2023-04-21,13000.76953125,13000.76953125,13030.849609375,12899.6396484375,12970.3203125,4868050000
2023-04-24,12969.759765625,12969.759765625,13044.2197265625,12883.76953125,12981.7099609375,4854050000
2023-04-25,12725.1103515625,12725.1103515625,12933.2802734375,12724.240234375,12905.08984375,4806020000
2023-04-26,12806.48046875,12806.48046875,12929.6201171875,12783.419921875,12866.6396484375,5281970000
2023-04-27,13160.0302734375,13160.0302734375,13175.6201171875,12938.5,12963.2099609375,5253710000
2023-04-28,13245.990234375,13245.990234375,13247.3896484375,13096.9404296875,13139.349609375,5331380000
2023-05-01,13231.4697265625,13231.4697265625,13287.4697265625,13186.400390625,13229.1103515625,5168430000
2023-05-02,13113.66015625,13113.66015625,13241.5302734375,13046.7900390625,13225.48046875,5501410000
2023-05-03,13030.2099609375,13030.2099609375,13231.7099609375,13026.0400390625,13123.099609375,5782160000
2023-05-04,12982.48046875,12982.48046875,13064.01953125,12938.4501953125,13014.0703125,4745780000
2023-05-05,13259.1298828125,13259.1298828125,13291.1103515625,13059.91015625,13070.7001953125,4574790000
2023-05-08,13291.6396484375,13291.6396484375,13302.4296875,13193.080078125,13247.08984375,4216360000
2023-05-09,13201.1103515625,13201.1103515625,13254.8095703125,13193.8798828125,13228.6396484375,4126780000
2023-05-10,13347.830078125,13347.830078125,13384.419921875,13204.7900390625,13308.41015625,4948260000
2023-05-11,13389.7802734375,13389.7802734375,13411.7001953125,13306.080078125,13376.849609375,4489490000
2023-05-12,13340.1796875,13340.1796875,13427.419921875,13256.5595703125,13407.01953125,4170000000
2023-05-15,13413.509765625,13413.509765625,13419.8095703125,13297.849609375,13352.259765625,3979290000
2023-05-16,13426.009765625,13426.009765625,13498.4404296875,13384.76953125,13385.3701171875,4067510000
2023-05-17,13589.259765625,13589.259765625,13608.330078125,13419.349609375,13474.51953125,4501820000
2023-05-18,13834.6201171875,13834.6201171875,13844.759765625,13606.8095703125,13608.9501953125,4532890000
2023-05-19,13803.490234375,13803.490234375,13874.419921875,13763.900390625,13842.6904296875,3935780000
2023-05-22,13849.740234375,13849.740234375,13893.7099609375,13792.9697265625,13805.330078125,4278920000
2023-05-23,13672.5400390625,13672.5400390625,13827.099609375,13662.91015625,13773.6796875,4347440000
2023-05-24,13604.48046875,13604.48046875,13655.73046875,13520.919921875,13589.01953125,4088270000
2023-05-25,13938.5302734375,13938.5302734375,13986.8701171875,13812.1796875,13920.8896484375,4651640000
2023-05-26,14298.41015625,14298.41015625,14329.490234375,13982.16015625,13990.5498046875,4434070000
2023-05-30,14354.990234375,14354.990234375,14520.169921875,14301.080078125,14465.58984375,4843470000
2023-05-31,14254.08984375,14254.08984375,14375.3798828125,14216.16015625,14293.5595703125,5905760000
2023-06-01,14441.509765625,14441.509765625,14493.3095703125,14219.9404296875,14269.08984375,4610310000
2023-06-02,14546.6396484375,14546.6396484375,14595.8095703125,14442.150390625,14517.080078125,4426760000
2023-06-05,14556.5,14556.5,14662.9501953125,14516.8798828125,14550.1298828125,4344280000
2023-06-06,14558.08984375,14558.08984375,14593.5,14476.990234375,14526.099609375,4810910000
2023-06-07,14303.2900390625,14303.2900390625,14647.91015625,14283.8798828125,14573.26953125,5270600000
2023-06-08,14484.5400390625,14484.5400390625,14503.3095703125,14314.6904296875,14319.240234375,4280160000
2023-06-09,14528.3603515625,14528.3603515625,14672.849609375,14487.48046875,14574.240234375,4412710000
2023-06-12,14784.2998046875,14784.2998046875,14789.599609375,14571.3603515625,14617.349609375,4722680000
2023-06-13,14900.849609375,14900.849609375,14931.830078125,14770.1396484375,14911.259765625,5522100000
2023-06-14,15005.6904296875,15005.6904296875,15017.099609375,14784.6201171875,14894.099609375,5772550000
2023-06-15,15185.48046875,15185.48046875,15246.6201171875,14930.1201171875,14949.7001953125,5667520000
2023-06-16,15083.919921875,15083.919921875,15284.650390625,15073.4501953125,15272.650390625,8076530000
2023-06-20,15070.150390625,15070.150390625,15127.419921875,14946.7197265625,15036.48046875,5237710000
2023-06-21,14867.4501953125,14867.4501953125,15038.900390625,14826.01953125,15019.009765625,5194640000
2023-06-22,15042.3203125,15042.3203125,15044.2197265625,14794.9501953125,14797.8896484375,4499550000
2023-06-23,14891.48046875,14891.48046875,14983.73046875,14821.8095703125,14879.23046875,7734500000
2023-06-26,14689.01953125,14689.01953125,14982.8203125,14687.01953125,14866.66015625,4430600000
2023-06-27,14945.91015625,14945.91015625,14972.3095703125,14726.75,14751.5703125,5053660000
2023-06-28,14964.5703125,14964.5703125,15051.080078125,14865.8095703125,14876.25,4533270000
2023-06-29,14939.9501953125,14939.9501953125,14986.8896484375,14876.9404296875,14965.5498046875,4388140000
2023-06-30,15179.2099609375,15179.2099609375,15213.75,15081.5703125,15085.240234375,4661120000
2023-07-03,15208.6904296875,15208.6904296875,15232.9599609375,15153.599609375,15190.5400390625,2902300000
2023-07-05,15203.7802734375,15203.7802734375,15275.1796875,15162.66015625,15165.3603515625,5339340000
2023-07-06,15089.4501953125,15089.4501953125,15106.4501953125,14969.1396484375,15054.099609375,6113080000
2023-07-07,15036.849609375,15036.849609375,15210.6298828125,15032.5595703125,15070.5,5098120000
2023-07-10,15045.6396484375,15045.6396484375,15066.4404296875,14924.6396484375,15031.9501953125,5275390000
2023-07-11,15119.0595703125,15119.0595703125,15135.2900390625,14974.16015625,15068.1298828125,4840950000
2023-07-12,15307.23046875,15307.23046875,15364.08984375,15209.7099609375,15279.349609375,5230620000
2023-07-13,15571.98046875,15571.98046875,15602.740234375,15420.7099609375,15432.48046875,5183560000
2023-07-14,15565.599609375,15565.599609375,15720.0595703125,15531.0,15610.0,5366890000
2023-07-17,15713.2802734375,15713.2802734375,15745.669921875,15576.509765625,15608.2802734375,4593160000
2023-07-18,15841.349609375,15841.349609375,15895.6796875,15607.7099609375,15671.7197265625,4824070000
2023-07-19,15826.349609375,15826.349609375,15932.0498046875,15781.9599609375,15888.16015625,5112420000
2023-07-20,15466.08984375,15466.08984375,15771.83984375,15429.8701171875,15717.669921875,5128020000
2023-07-21,15425.669921875,15425.669921875,15600.5400390625,15410.5703125,15554.9501953125,5254180000
2023-07-24,15448.01953125,15448.01953125,15504.669921875,15374.66015625,15475.150390625,4083070000
2023-07-25,15561.419921875,15561.419921875,15622.6904296875,15482.0400390625,15483.0595703125,3812470000
2023-07-26,15499.259765625,15499.259765625,15571.16015625,15411.91015625,15514.0400390625,4322000000
2023-07-27,15464.9296875,15464.9296875,15795.509765625,15416.0498046875,15734.0302734375,5115840000
2023-07-28,15750.9296875,15750.9296875,15788.48046875,15617.75,15630.169921875,4453520000
2023-07-31,15757.0,15757.0,15803.5498046875,15702.740234375,15774.2998046875,4934440000
2023-08-01,15718.009765625,15718.009765625,15748.4296875,15636.5703125,15696.98046875,4633770000
2023-08-02,15370.740234375,15370.740234375,15561.3603515625,15321.4404296875,15561.150390625,5481960000
2023-08-03,15353.5400390625,15353.5400390625,15436.58984375,15270.7197265625,15287.76953125,6036970000
2023-08-04,15274.919921875,15274.919921875,15523.3095703125,15258.6904296875,15420.740234375,5349450000
2023-08-07,15407.849609375,15407.849609375,15410.849609375,15258.919921875,15355.6201171875,4892330000
2023-08-08,15273.0498046875,15273.0498046875,15295.7998046875,15148.25,15279.41015625,5284550000
2023-08-09,15101.7099609375,15101.7099609375,15288.759765625,15077.91015625,15286.990234375,5591360000
2023-08-10,15128.83984375,15128.83984375,15366.2900390625,15072.490234375,15217.2900390625,5299080000
2023-08-11,15028.0703125,15028.0703125,15102.5302734375,14973.669921875,15010.51953125,4638880000
2023-08-14,15205.58984375,15205.58984375,15206.259765625,14972.009765625,14988.419921875,4272020000
2023-08-15,15037.650390625,15037.650390625,15192.8798828125,15014.3603515625,15172.080078125,4473320000
2023-08-16,14876.4697265625,14876.4697265625,15077.0498046875,14874.01953125,15021.6298828125,6243760000
2023-08-17,14715.8095703125,14715.8095703125,14949.580078125,14698.2900390625,14943.33984375,5280180000
2023-08-18,14694.83984375,14694.83984375,14744.5703125,14557.830078125,14589.7099609375,4801910000
2023-08-21,14936.6904296875,14936.6904296875,14958.8701171875,14739.3701171875,14762.009765625,4363070000
2023-08-22,14908.9599609375,14908.9599609375,15037.7900390625,14883.98046875,15035.0703125,4282430000
2023-08-23,15148.0595703125,15148.0595703125,15188.8603515625,14947.580078125,14947.580078125,4127850000
2023-08-24,14816.4404296875,14816.4404296875,15279.240234375,14814.830078125,15278.9296875,4383820000
2023-08-25,14941.830078125,14941.830078125,15001.2900390625,14715.3603515625,14858.9296875,3970060000
2023-08-28,15052.4599609375,15052.4599609375,15086.23046875,14948.919921875,15035.48046875,3666680000
2023-08-29,15376.5498046875,15376.5498046875,15391.5595703125,15034.5400390625,15043.01953125,4748180000
2023-08-30,15462.4296875,15462.4296875,15484.830078125,15341.9404296875,15386.669921875,4364600000
2023-08-31,15501.0703125,15501.0703125,15575.009765625,15466.41015625,15475.4296875,4568610000
2023-09-01,15490.8603515625,15490.8603515625,15618.849609375,15429.3603515625,15600.9501953125,4033960000
2023-09-05,15508.240234375,15508.240234375,15556.849609375,15419.9599609375,15460.51953125,4379790000
2023-09-06,15371.4404296875,15371.4404296875,15487.0,15289.48046875,15467.3203125,4215320000
2023-09-07,15258.51953125,15258.51953125,15288.2001953125,15138.73046875,15174.2197265625,4320830000
2023-09-08,15280.23046875,15280.23046875,15374.2197265625,15244.0595703125,15265.5703125,4160360000
2023-09-11,15461.8701171875,15461.8701171875,15482.83984375,15328.349609375,15409.76953125,4538870000
2023-09-12,15289.740234375,15289.740234375,15447.849609375,15278.8798828125,15390.58984375,4595490000
2023-09-13,15348.5302734375,15348.5302734375,15414.6103515625,15256.599609375,15293.26953125,4840310000
2023-09-14,15473.8896484375,15473.8896484375,15512.8203125,15337.1796875,15433.009765625,4649010000
2023-09-15,15202.400390625,15202.400390625,15435.4501953125,15173.7099609375,15425.9501953125,8162210000
2023-09-18,15225.3701171875,15225.3701171875,15268.9599609375,15155.4599609375,15161.169921875,4855880000
2023-09-19,15191.23046875,15191.23046875,15219.919921875,15069.41015625,15152.5302734375,4453460000
2023-09-20,14969.919921875,14969.919921875,15245.1904296875,14967.599609375,15225.33984375,4782440000
2023-09-21,14694.240234375,14694.240234375,14849.25,14691.6904296875,14813.490234375,5014890000
2023-09-22,14701.099609375,14701.099609375,14855.919921875,14686.83984375,14756.6201171875,4302700000
2023-09-25,14768.900390625,14768.900390625,14771.1201171875,14615.4501953125,14662.6904296875,4100290000
2023-09-26,14545.830078125,14545.830078125,14678.48046875,14505.6796875,14668.4501953125,4693540000
2023-09-27,14580.16015625,14580.16015625,14657.2099609375,14432.599609375,14600.1396484375,4841410000
2023-09-28,14702.76953125,14702.76953125,14787.580078125,14510.169921875,14530.9599609375,4648390000
2023-09-29,14715.240234375,14715.240234375,14901.849609375,14664.7802734375,14853.349609375,5138500000
2023-10-02,14837.5703125,14837.5703125,14892.1796875,14701.51953125,14717.900390625,4554700000
2023-10-03,14565.6201171875,14565.6201171875,14819.8701171875,14504.1396484375,14744.0498046875,4684310000
2023-10-04,14776.25,14776.25,14803.0400390625,14592.5595703125,14613.23046875,4308070000
2023-10-05,14723.2197265625,14723.2197265625,14784.6904296875,14584.3896484375,14769.5498046875,4167470000
2023-10-06,14973.240234375,14973.240234375,15021.3798828125,14575.9501953125,14622.23046875,4309420000
2023-10-09,15047.150390625,15047.150390625,15070.6396484375,14816.3203125,14871.5703125,3835930000
2023-10-10,15131.51953125,15131.51953125,15241.9404296875,15050.5400390625,15074.0400390625,4301350000
2023-10-11,15241.1201171875,15241.1201171875,15248.2197265625,15119.6201171875,15194.5302734375,4160440000
2023-10-12,15184.099609375,15184.099609375,15333.98046875,15090.6904296875,15264.1103515625,4858620000
2023-10-13,14995.1201171875,14995.1201171875,15232.3701171875,14943.419921875,15225.73046875,4251550000
2023-10-16,15172.73046875,15172.73046875,15209.5,15047.26953125,15054.48046875,4308690000
2023-10-17,15122.009765625,15122.009765625,15187.0595703125,14932.76953125,15009.259765625,4417640000
2023-10-18,14909.259765625,14909.259765625,15103.8701171875,14865.8095703125,15022.2802734375,4617140000
2023-10-19,14783.1298828125,14783.1298828125,15023.91015625,14749.2998046875,14981.1298828125,5014790000
2023-10-20,14560.8798828125,14560.8798828125,14781.2197265625,14552.1201171875,14752.58984375,4622840000
2023-10-23,14604.849609375,14604.849609375,14746.3701171875,14419.0595703125,14514.1103515625,4669060000
2023-10-24,14745.8603515625,14745.8603515625,14774.16015625,14610.330078125,14678.41015625,4604720000
2023-10-25,14381.6396484375,14381.6396484375,14643.6904296875,14362.240234375,14642.080078125,4599850000
2023-10-26,14109.5703125,14109.5703125,14372.509765625,14058.330078125,14314.009765625,4894900000
2023-10-27,14180.419921875,14180.419921875,14321.0400390625,14130.3701171875,14245.75,4172100000
2023-10-30,14335.509765625,14335.509765625,14388.2001953125,14225.8603515625,14283.98046875,4149320000
2023-10-31,14409.7802734375,14409.7802734375,14420.4404296875,14232.400390625,14340.8603515625,4315630000
2023-11-01,14664.91015625,14664.91015625,14677.8603515625,14441.8896484375,14453.6796875,4545120000
2023-11-02,14919.5498046875,14919.5498046875,14930.759765625,14792.8095703125,14856.9501953125,4962950000
2023-11-03,15099.490234375,15099.490234375,15149.7802734375,14965.2900390625,14985.1201171875,4918750000
2023-11-06,15154.9296875,15154.9296875,15180.1904296875,15064.91015625,15137.16015625,4345850000
2023-11-07,15296.01953125,15296.01953125,15335.4404296875,15153.3095703125,15201.76953125,4354460000
2023-11-08,15313.240234375,15313.240234375,15343.1904296875,15220.8798828125,15313.900390625,4685550000
2023-11-09,15187.900390625,15187.900390625,15382.1103515625,15171.3203125,15351.1201171875,5313970000
2023-11-10,15529.1201171875,15529.1201171875,15535.2001953125,15237.169921875,15252.3603515625,4722140000
2023-11-13,15482.7900390625,15482.7900390625,15524.66015625,15404.7099609375,15469.2099609375,4349590000
2023-11-14,15812.4697265625,15812.4697265625,15850.33984375,15726.1201171875,15744.3603515625,5332490000
2023-11-15,15817.1796875,15817.1796875,15904.6298828125,15765.3095703125,15881.7197265625,5063830000
2023-11-16,15833.169921875,15833.169921875,15842.6298828125,15738.2197265625,15765.2001953125,4545180000
2023-11-17,15837.990234375,15837.990234375,15876.8701171875,15766.9404296875,15803.98046875,4408640000
2023-11-20,16027.0595703125,16027.0595703125,16056.759765625,15844.830078125,15845.2001953125,4561810000
2023-11-21,15933.6201171875,15933.6201171875,15968.08984375,15866.8203125,15951.5498046875,4128600000
2023-11-22,16001.3896484375,16001.3896484375,16119.3095703125,15964.0400390625,16025.740234375,3855240000
2023-11-24,15982.009765625,15982.009765625,16007.4296875,15940.6201171875,15974.849609375,2541840000
2023-11-27,15961.98046875,15961.98046875,16045.2998046875,15932.1904296875,15969.7197265625,4205880000
2023-11-28,16010.4296875,16010.4296875,16031.51953125,15921.0703125,15940.2900390625,4474400000
2023-11-29,15987.599609375,15987.599609375,16166.509765625,15976.6904296875,16111.3603515625,4890220000
2023-11-30,15947.8701171875,15947.8701171875,16013.48046875,15825.669921875,15987.66015625,5678070000
2023-12-01,15997.580078125,15997.580078125,16013.75,15834.9296875,15892.58984375,5607000000
2023-12-04,15839.669921875,15839.669921875,15852.4501953125,15695.580078125,15837.1201171875,6270020000
2023-12-05,15877.7099609375,15877.7099609375,15931.83984375,15760.58984375,15763.650390625,6179120000
2023-12-06,15788.0498046875,15788.0498046875,15990.9404296875,15776.9501953125,15990.2001953125,5167030000
2023-12-07,16022.490234375,16022.490234375,16042.509765625,15875.48046875,15888.23046875,5694310000
2023-12-08,16084.6904296875,16084.6904296875,16100.8603515625,15937.580078125,15952.849609375,5430840000
2023-12-11,16221.73046875,16221.73046875,16232.259765625,16061.8701171875,16069.6201171875,5607820000
2023-12-12,16354.25,16354.25,16354.25,16175.4599609375,16209.6103515625,4950100000
2023-12-13,16562.369140625,16562.369140625,16581.0390625,16357.2099609375,16392.1796875,6732040000
2023-12-14,16537.830078125,16537.830078125,16660.7109375,16419.259765625,16603.5390625,8033170000
2023-12-15,16623.44921875,16623.44921875,16669.76953125,16557.009765625,16587.0,8377630000
2023-12-18,16729.80078125,16729.80078125,16764.3203125,16629.2890625,16631.109375,5866080000
2023-12-19,16811.849609375,16811.849609375,16813.009765625,16733.380859375,16734.25,5757180000
2023-12-20,16554.16015625,16554.16015625,16860.6796875,16552.060546875,16763.640625,6294700000
2023-12-21,16757.41015625,16757.41015625,16768.01953125,16621.51953125,16719.609375,5465640000
2023-12-22,16777.400390625,16777.400390625,16839.25,16703.5703125,16799.01953125,4796600000
2023-12-26,16878.4609375,16878.4609375,16907.509765625,16813.5703125,16816.779296875,6120600000
2023-12-27,16906.80078125,16906.80078125,16922.009765625,16859.55078125,16896.140625,7480170000
2023-12-28,16898.470703125,16898.470703125,16969.169921875,16891.3203125,16963.51953125,5090570000
2023-12-29,16825.9296875,16825.9296875,16919.509765625,16757.890625,16902.439453125,5441060000
2024-01-02,16543.939453125,16543.939453125,16686.599609375,16453.150390625,16667.30078125,5791170000
2024-01-03,16368.490234375,16368.490234375,16471.080078125,16352.1396484375,16413.259765625,5449950000
2024-01-04,16282.009765625,16282.009765625,16419.439453125,16276.4296875,16290.7802734375,5289220000
2024-01-05,16305.98046875,16305.98046875,16415.390625,16249.1904296875,16281.740234375,5232820000
2024-01-08,16649.869140625,16649.869140625,16655.23046875,16349.3896484375,16354.2197265625,6337770000
2024-01-09,16678.69921875,16678.69921875,16710.880859375,16513.73046875,16531.9609375,5068410000
2024-01-10,16793.05078125,16793.05078125,16827.369140625,16654.740234375,16702.55078125,4404590000
2024-01-11,16820.900390625,16820.900390625,16898.16015625,16618.859375,16852.189453125,5044690000
2024-01-12,16832.919921875,16832.919921875,16900.369140625,16776.919921875,16855.0,4958940000
2024-01-16,16830.7109375,16830.7109375,16895.330078125,16726.58984375,16775.099609375,6386180000
2024-01-17,16736.279296875,16736.279296875,16749.109375,16561.490234375,16705.509765625,5181740000
2024-01-18,16982.2890625,16982.2890625,16996.98046875,16818.130859375,16894.330078125,5587440000
2024-01-19,17314.0,17314.0,17317.2109375,17041.849609375,17060.140625,5604950000
2024-01-22,17330.380859375,17330.380859375,17450.30078125,17309.869140625,17403.619140625,5456240000
2024-01-23,17404.2109375,17404.2109375,17410.859375,17286.01953125,17346.94921875,5207680000
2024-01-24,17499.30078125,17499.30078125,17665.259765625,17481.970703125,17562.3203125,4983210000
2024-01-25,17516.990234375,17516.990234375,17631.33984375,17430.369140625,17589.26953125,5281570000
2024-01-26,17421.009765625,17421.009765625,17514.759765625,17395.5390625,17432.869140625,4510530000
2024-01-29,17596.26953125,17596.26953125,17603.94921875,17414.619140625,17438.029296875,4979310000
2024-01-30,17476.7109375,17476.7109375,17578.4609375,17443.76953125,17556.490234375,4719240000
2024-01-31,17137.240234375,17137.240234375,17375.3203125,17128.740234375,17269.98046875,5875610000
2024-02-01,17344.7109375,17344.7109375,17356.759765625,17175.830078125,17216.990234375,5046920000
2024-02-02,17642.73046875,17642.73046875,17682.2890625,17378.369140625,17415.939453125,4800690000
2024-02-05,17613.0390625,17613.0390625,17655.76953125,17469.619140625,17634.689453125,4831020000
2024-02-06,17572.73046875,17572.73046875,17680.619140625,17475.4296875,17664.439453125,4759640000
2024-02-07,17755.0703125,17755.0703125,17784.169921875,17637.73046875,17674.58984375,4567580000
2024-02-08,17783.169921875,17783.169921875,17814.119140625,17728.55078125,17757.599609375,5675850000
2024-02-09,17962.41015625,17962.41015625,17987.900390625,17798.810546875,17820.98046875,5797260000
2024-02-12,17882.66015625,17882.66015625,18041.44921875,17859.66015625,17942.279296875,5458490000
2024-02-13,17600.419921875,17600.419921875,17717.669921875,17478.23046875,17519.80078125,5599860000
2024-02-14,17807.630859375,17807.630859375,17815.1796875,17619.919921875,17728.900390625,5092660000
2024-02-15,17845.720703125,17845.720703125,17864.58984375,17722.310546875,17815.3203125,6049100000
2024-02-16,17685.98046875,17685.98046875,17864.16015625,17663.400390625,17853.58984375,5223800000
2024-02-20,17546.099609375,17546.099609375,17657.080078125,17399.41015625,17591.169921875,5595700000
2024-02-21,17478.91015625,17478.91015625,17482.130859375,17319.439453125,17412.7890625,4845740000
2024-02-22,18004.69921875,18004.69921875,18034.80078125,17808.259765625,17857.759765625,5653930000
2024-02-23,17937.609375,17937.609375,18091.619140625,17902.779296875,18052.58984375,5077910000
2024-02-26,17933.330078125,17933.330078125,18014.109375,17926.66015625,17970.2109375,5417630000
2024-02-27,17971.05078125,17971.05078125,17987.5390625,17871.060546875,17962.580078125,5423020000
2024-02-28,17874.5,17874.5,17931.009765625,17840.359375,17895.029296875,5581690000
2024-02-29,18043.849609375,18043.849609375,18068.51953125,17866.259765625,17991.669921875,6265340000
2024-03-01,18302.91015625,18302.91015625,18333.259765625,18064.439453125,18069.2890625,5457910000
2024-03-04,18226.48046875,18226.48046875,18313.4296875,18218.25,18290.099609375,5725470000
2024-03-05,17897.869140625,17897.869140625,18097.5,17804.5,18088.7109375,6356800000
2024-03-06,18017.5703125,18017.5703125,18142.880859375,17941.640625,18083.509765625,5511370000
2024-03-07,18297.990234375,18297.990234375,18337.94921875,18101.4296875,18161.73046875,5072790000
2024-03-08,18018.44921875,18018.44921875,18416.73046875,17995.380859375,18312.7890625,5411790000
2024-03-11,17951.689453125,17951.689453125,18003.05078125,17873.330078125,17959.6796875,4917620000
2024-03-12,18219.109375,18219.109375,18228.369140625,17919.330078125,18063.01953125,5100330000
2024-03-13,18068.470703125,18068.470703125,18163.740234375,18030.400390625,18151.759765625,4839000000
2024-03-14,18014.810546875,18014.810546875,18142.900390625,17913.630859375,18114.689453125,5450980000
2024-03-15,17808.25,17808.25,17930.470703125,17764.990234375,17926.919921875,8261950000
2024-03-18,17985.009765625,17985.009765625,18124.3203125,17973.08984375,18024.240234375,5025040000
2024-03-19,18032.19921875,18032.19921875,18039.8203125,17809.150390625,17902.51953125,4758740000
2024-03-20,18240.109375,18240.109375,18249.119140625,18003.240234375,18067.69921875,5298380000
2024-03-21,18320.380859375,18320.380859375,18464.69921875,18317.099609375,18438.240234375,5134740000
2024-03-22,18339.439453125,18339.439453125,18386.25,18267.490234375,18293.150390625,4339930000
2024-03-25,18277.060546875,18277.060546875,18337.349609375,18189.279296875,18215.5390625,4636940000
2024-03-26,18210.5390625,18210.5390625,18378.69921875,18207.880859375,18329.2890625,5144260000
2024-03-27,18280.83984375,18280.83984375,18344.08984375,18168.19921875,18338.189453125,4768930000
2024-03-28,18254.689453125,18254.689453125,18308.3203125,18231.380859375,18263.41015625,5174450000
2024-04-01,18293.19921875,18293.19921875,18391.580078125,18211.279296875,18280.8203125,4798390000
2024-04-02,18121.779296875,18121.779296875,18135.5703125,18002.26953125,18076.4296875,4710280000
2024-04-03,18160.189453125,18160.189453125,18238.669921875,18045.419921875,18054.439453125,5151500000
2024-04-04,17878.779296875,17878.779296875,18362.2890625,17875.75,18331.01953125,5368700000
2024-04-05,18108.4609375,18108.4609375,18202.9609375,17912.859375,17940.279296875,4578130000
2024-04-08,18100.189453125,18100.189453125,18178.66015625,18050.689453125,18130.439453125,4386700000
2024-04-09,18169.900390625,18169.900390625,18210.01953125,17973.0703125,18188.869140625,4869190000
2024-04-10,18011.66015625,18011.66015625,18040.830078125,17932.419921875,17957.9609375,5308250000
2024-04-11,18307.98046875,18307.98046875,18337.150390625,17998.25,18085.109375,4714750000
2024-04-12,18003.490234375,18003.490234375,18166.490234375,17952.08984375,18117.669921875,4552740000
2024-04-15,17706.830078125,17706.830078125,18152.080078125,17676.349609375,18143.25,4910550000
2024-04-16,17713.66015625,17713.66015625,17817.73046875,17660.890625,17691.44921875,5001860000
2024-04-17,17493.619140625,17493.619140625,17788.5390625,17459.5703125,17785.8203125,4991470000
2024-04-18,17394.310546875,17394.310546875,17590.810546875,17376.490234375,17514.76953125,4932540000
2024-04-19,17037.650390625,17037.650390625,17362.279296875,16973.939453125,17334.7109375,5316010000
2024-04-22,17210.890625,17210.890625,17305.150390625,17010.25,17161.109375,4616730000
2024-04-23,17471.470703125,17471.470703125,17513.310546875,17277.25,17297.240234375,4951670000
2024-04-24,17526.80078125,17526.80078125,17653.66015625,17435.330078125,17613.66015625,4735870000
2024-04-25,17430.5,17430.5,17474.4609375,17172.419921875,17205.279296875,4743640000
2024-04-26,17718.30078125,17718.30078125,17772.779296875,17533.080078125,17566.220703125,4694400000
2024-04-29,17782.720703125,17782.720703125,17820.0,17671.029296875,17801.140625,4972520000
2024-04-30,17440.689453125,17440.689453125,17768.869140625,17440.689453125,17720.349609375,5229400000
2024-05-01,17318.55078125,17318.55078125,17667.859375,17284.369140625,17382.779296875,5277790000
2024-05-02,17541.5390625,17541.5390625,17575.80078125,17290.640625,17474.919921875,4901610000
2024-05-03,17890.80078125,17890.80078125,17926.98046875,17784.779296875,17848.66015625,4887310000
2024-05-06,18093.5703125,18093.5703125,18094.4609375,17937.279296875,17950.98046875,4460130000
2024-05-07,18091.44921875,18091.44921875,18156.3203125,18061.609375,18106.330078125,5041870000
2024-05-08,18085.009765625,18085.009765625,18135.33984375,17987.69921875,17987.69921875,4530190000
2024-05-09,18113.4609375,18113.4609375,18138.01953125,18012.619140625,18095.80078125,4505120000
2024-05-10,18161.1796875,18161.1796875,18247.609375,18099.73046875,18171.150390625,4402110000
2024-05-13,18198.609375,18198.609375,18233.5,18147.5703125,18228.400390625,4452750000
2024-05-14,18322.76953125,18322.76953125,18339.580078125,18175.30078125,18187.509765625,7270240000
2024-05-15,18596.650390625,18596.650390625,18607.529296875,18359.3203125,18412.810546875,8538990000
2024-05-16,18557.9609375,18557.9609375,18669.5,18553.30078125,18589.98046875,11932600000
2024-05-17,18546.23046875,18546.23046875,18590.369140625,18462.25,18571.8203125,9587280000
2024-05-20,18674.189453125,18674.189453125,18703.830078125,18549.83984375,18559.220703125,6861320000
2024-05-21,18713.80078125,18713.80078125,18721.1796875,18589.91015625,18603.990234375,6245090000
2024-05-22,18705.19921875,18705.19921875,18756.689453125,18606.16015625,18733.5390625,7277340000
2024-05-23,18623.390625,18623.390625,18907.5390625,18554.890625,18907.140625,7752800000
2024-05-24,18808.349609375,18808.349609375,18851.990234375,18664.7890625,18669.359375,5836040000
2024-05-28,18869.439453125,18869.439453125,18875.19921875,18755.939453125,18855.150390625,6293380000
2024-05-29,18736.75,18736.75,18814.8203125,18706.619140625,18708.0703125,6652480000
2024-05-30,18538.66015625,18538.66015625,18705.259765625,18487.759765625,18683.25,6659290000
2024-05-31,18536.650390625,18536.650390625,18574.560546875,18189.779296875,18550.80078125,6674090000
2024-06-03,18600.970703125,18600.970703125,18707.220703125,18392.5703125,18666.720703125,5422040000
2024-06-04,18654.83984375,18654.83984375,18697.94921875,18521.849609375,18598.0,4917350000
2024-06-05,19035.05078125,19035.05078125,19035.869140625,18768.25,18791.279296875,5325000000
2024-06-06,19021.189453125,19021.189453125,19071.7890625,18978.859375,19053.009765625,4960580000
2024-06-07,19000.94921875,19000.94921875,19113.880859375,18958.6796875,18992.580078125,4755650000
2024-06-10,19074.669921875,19074.669921875,19089.830078125,18940.7109375,18945.310546875,5207110000
2024-06-11,19210.1796875,19210.1796875,19212.630859375,18966.560546875,19031.400390625,5009220000
2024-06-12,19465.1796875,19465.1796875,19556.900390625,19347.279296875,19358.259765625,5560630000
2024-06-13,19576.919921875,19576.919921875,19639.44921875,19473.7109375,19609.05078125,4916020000
2024-06-14,19659.80078125,19659.80078125,19664.58984375,19534.619140625,19557.220703125,4973820000
2024-06-17,19902.75,19902.75,19977.83984375,19623.7109375,19681.859375,6061200000
2024-06-18,19908.859375,19908.859375,19940.5,19837.859375,19904.4296875,5796180000
2024-06-20,19752.30078125,19752.30078125,19979.9296875,19685.029296875,19962.970703125,6289300000
2024-06-21,19700.4296875,19700.4296875,19801.970703125,19643.51953125,19722.369140625,8589160000
2024-06-24,19474.619140625,19474.619140625,19723.19921875,19472.529296875,19648.23046875,5503210000
2024-06-25,19701.130859375,19701.130859375,19712.419921875,19523.509765625,19555.83984375,4848280000
2024-06-26,19751.05078125,19751.05078125,19763.55078125,19654.1796875,19671.0703125,5294310000
2024-06-27,19789.029296875,19789.029296875,19850.810546875,19701.33984375,19740.51953125,5382060000
2024-06-28,19682.869140625,19682.869140625,20017.7109375,19665.849609375,19817.0,8960940000
2024-07-01,19812.220703125,19812.220703125,19827.75,19577.5390625,19720.109375,5189990000
2024-07-02,20011.890625,20011.890625,20014.919921875,19741.810546875,19746.220703125,4526550000
2024-07-03,20186.630859375,20186.630859375,20186.630859375,19995.279296875,19995.279296875,3713960000
2024-07-05,20391.970703125,20391.970703125,20407.0,20201.5,20224.130859375,4851000000
2024-07-08,20439.5390625,20439.5390625,20455.380859375,20363.369140625,20393.890625,5286260000
2024-07-09,20453.01953125,20453.01953125,20543.900390625,20395.5703125,20504.169921875,4839140000
2024-07-10,20675.380859375,20675.380859375,20690.970703125,20479.939453125,20533.26953125,5228240000
2024-07-11,20211.359375,20211.359375,20672.099609375,20165.0,20661.41015625,6366620000
2024-07-12,20331.490234375,20331.490234375,20526.080078125,20217.990234375,20226.23046875,5845930000
2024-07-15,20386.880859375,20386.880859375,20585.169921875,20304.529296875,20401.01953125,5450350000
2024-07-16,20398.619140625,20398.619140625,20477.0,20266.509765625,20441.529296875,5812930000
2024-07-17,19799.140625,19799.140625,20080.26953125,19793.75,20041.310546875,6007280000
2024-07-18,19705.08984375,19705.08984375,19947.98046875,19575.7890625,19936.240234375,5977260000
2024-07-19,19522.619140625,19522.619140625,19784.48046875,19479.380859375,19687.80078125,4992930000
2024-07-22,19822.869140625,19822.869140625,19861.720703125,19638.369140625,19751.01953125,5093620000
2024-07-23,19754.33984375,19754.33984375,19904.599609375,19736.220703125,19783.330078125,4938000000
2024-07-24,19032.390625,19032.390625,19482.55078125,19005.470703125,19475.66015625,6735560000
2024-07-25,18830.580078125,18830.580078125,19227.19921875,18721.7109375,19041.150390625,6114350000
2024-07-26,19023.66015625,19023.66015625,19142.6796875,18899.310546875,18990.19921875,5281560000
2024-07-29,19059.490234375,19059.490234375,19224.58984375,18974.509765625,19122.4296875,4897230000
2024-07-30,18796.26953125,18796.26953125,19165.419921875,18667.220703125,19129.560546875,5564310000
2024-07-31,19362.4296875,19362.4296875,19426.619140625,19162.91015625,19222.849609375,6292560000
2024-08-01,18890.390625,18890.390625,19538.970703125,18737.08984375,19375.970703125,6664550000
2024-08-02,18440.849609375,18440.849609375,18628.779296875,18263.5,18494.240234375,6313870000
2024-08-05,17895.16015625,17895.16015625,18169.490234375,17435.390625,17444.400390625,6852190000
2024-08-06,18077.919921875,18077.919921875,18368.6796875,17858.8203125,17961.44921875,5908930000
2024-08-07,17867.369140625,17867.369140625,18445.75,17851.080078125,18345.44921875,5913620000
2024-08-08,18413.8203125,18413.8203125,18445.41015625,17965.0703125,18102.05078125,5815880000
2024-08-09,18513.099609375,18513.099609375,18567.630859375,18313.779296875,18373.890625,5783410000
2024-08-12,18542.029296875,18542.029296875,18665.75,18433.609375,18548.23046875,4890850000
2024-08-13,19006.4296875,19006.4296875,19013.009765625,18723.740234375,18724.83984375,5469160000
2024-08-14,19022.6796875,19022.6796875,19103.0,18837.099609375,19043.759765625,4985480000
2024-08-15,19490.150390625,19490.150390625,19502.919921875,19239.939453125,19251.859375,5478170000
2024-08-16,19508.51953125,19508.51953125,19561.240234375,19376.720703125,19393.73046875,5138150000
2024-08-19,19766.490234375,19766.490234375,19767.4296875,19445.099609375,19521.9296875,5564300000
2024-08-20,19719.8203125,19719.8203125,19835.380859375,19652.1796875,19736.349609375,5305260000
2024-08-21,19824.83984375,19824.83984375,19885.33984375,19690.640625,19758.470703125,4765150000
2024-08-22,19491.83984375,19491.83984375,19938.890625,19459.859375,19911.279296875,5065360000
2024-08-23,19720.869140625,19720.869140625,19818.400390625,19526.630859375,19669.779296875,5380810000
2024-08-26,19516.439453125,19516.439453125,19726.900390625,19437.33984375,19679.240234375,5110940000
2024-08-27,19581.51953125,19581.51953125,19617.919921875,19369.529296875,19450.5703125,4362380000
2024-08-28,19350.779296875,19350.779296875,19587.0390625,19221.48046875,19567.44921875,5211920000
2024-08-29,19325.44921875,19325.44921875,19622.73046875,19281.650390625,19425.279296875,5727780000
2024-08-30,19574.640625,19574.640625,19582.169921875,19326.619140625,19506.26953125,5531150000
2024-09-03,18958.740234375,18958.740234375,19438.109375,18869.80078125,19438.109375,5813970000
2024-09-04,18921.400390625,18921.400390625,19070.8203125,18808.759765625,18832.640625,5011820000
2024-09-05,18930.330078125,18930.330078125,19102.359375,18806.830078125,18864.419921875,4983030000
2024-09-06,18421.310546875,18421.310546875,18930.76953125,18400.970703125,18903.029296875,5549030000
2024-09-09,18660.779296875,18660.779296875,18693.859375,18469.400390625,18579.80078125,5132150000
2024-09-10,18829.140625,18829.140625,18845.740234375,18570.669921875,18722.150390625,4963740000
2024-09-11,19237.30078125,19237.30078125,19266.390625,18531.580078125,18866.0,6086930000
2024-09-12,19423.0703125,19423.0703125,19456.41015625,19166.80078125,19236.419921875,4983120000
2024-09-13,19514.58984375,19514.58984375,19556.80078125,19384.689453125,19396.099609375,4802880000
2024-09-16,19423.060546875,19423.060546875,19446.060546875,19294.1796875,19412.7890625,4675530000
2024-09-17,19432.400390625,19432.400390625,19596.33984375,19337.119140625,19539.75,4959520000
2024-09-18,19344.490234375,19344.490234375,19643.509765625,19330.810546875,19478.509765625,5611630000
2024-09-19,19839.830078125,19839.830078125,19951.7890625,19723.939453125,19798.7109375,5574650000
2024-09-20,19791.490234375,19791.490234375,19845.69921875,19632.73046875,19816.2890625,9914480000
2024-09-23,19852.19921875,19852.19921875,19892.779296875,19797.8203125,19848.7109375,5237310000
2024-09-24,19944.83984375,19944.83984375,19984.470703125,19739.669921875,19917.560546875,5347580000
2024-09-25,19972.609375,19972.609375,20043.4296875,19921.220703125,19922.279296875,4858060000
2024-09-26,20115.5390625,20115.5390625,20273.30078125,19966.990234375,20273.30078125,5669210000
2024-09-27,20008.619140625,20008.619140625,20152.529296875,19964.130859375,20147.279296875,5367890000
2024-09-30,20060.689453125,20060.689453125,20072.4296875,19852.849609375,19959.259765625,5846150000
2024-10-01,19773.30078125,19773.30078125,20056.19921875,19622.2890625,20046.060546875,5879980000
2024-10-02,19802.58984375,19802.58984375,19876.69921875,19630.91015625,19725.94921875,5489040000
2024-10-03,19793.33984375,19793.33984375,19902.69921875,19688.220703125,19712.330078125,5208990000
2024-10-04,20035.01953125,20035.01953125,20045.689453125,19829.490234375,20025.16015625,5136070000
2024-10-07,19800.740234375,19800.740234375,19990.119140625,19763.0390625,19954.66015625,5240320000
2024-10-08,20107.779296875,20107.779296875,20132.669921875,19881.080078125,19902.2109375,5566510000
2024-10-09,20268.859375,20268.859375,20284.419921875,20047.859375,20097.560546875,5228670000
2024-10-10,20241.759765625,20241.759765625,20314.240234375,20117.19921875,20165.25,5855390000
2024-10-11,20271.970703125,20271.970703125,20313.19921875,20142.1796875,20154.83984375,5140440000
2024-10-14,20439.05078125,20439.05078125,20493.900390625,20355.060546875,20366.060546875,4894710000
2024-10-15,20159.830078125,20159.830078125,20484.310546875,20083.560546875,20442.76953125,6522700000
2024-10-16,20174.05078125,20174.05078125,20200.58984375,20036.73046875,20172.869140625,5257570000
2024-10-17,20190.419921875,20190.419921875,20377.650390625,20186.4296875,20375.2890625,5806860000
2024-10-18,20324.0390625,20324.0390625,20360.2890625,20273.55078125,20288.48046875,5090190000
2024-10-21,20361.470703125,20361.470703125,20386.6796875,20193.029296875,20280.490234375,6092180000
2024-10-22,20390.4609375,20390.4609375,20437.9296875,20218.849609375,20256.970703125,6407180000
2024-10-23,20066.9609375,20066.9609375,20312.779296875,19934.919921875,20303.55078125,6245610000
2024-10-24,20232.869140625,20232.869140625,20256.380859375,20116.880859375,20197.619140625,5761280000
2024-10-25,20352.01953125,20352.01953125,20552.8203125,20322.25,20354.91015625,6100040000
2024-10-28,20351.0703125,20351.0703125,20470.4296875,20344.8203125,20455.009765625,5641660000
2024-10-29,20550.650390625,20550.650390625,20600.099609375,20294.580078125,20369.080078125,6881170000
2024-10-30,20387.69921875,20387.69921875,20559.51953125,20378.75,20510.919921875,6514690000
2024-10-31,19890.419921875,19890.419921875,20227.189453125,19880.259765625,20227.189453125,6411940000
2024-11-01,20033.140625,20033.140625,20162.5390625,19950.990234375,19955.830078125,5896470000
2024-11-04,19963.599609375,19963.599609375,20106.990234375,19898.5703125,20011.55078125,5762320000
2024-11-05,20227.4609375,20227.4609375,20249.2109375,20042.9296875,20042.9296875,7060340000
2024-11-06,20781.330078125,20781.330078125,20807.029296875,20526.640625,20571.2890625,8138050000
2024-11-07,21101.5703125,21101.5703125,21132.80078125,20896.41015625,20896.41015625,9232670000
2024-11-08,21117.1796875,21117.1796875,21155.0,21050.3203125,21083.580078125,7316010000
2024-11-11,21106.58984375,21106.58984375,21182.029296875,20993.48046875,21171.240234375,8087930000
2024-11-12,21070.7890625,21070.7890625,21144.669921875,20946.740234375,21105.490234375,7816410000
2024-11-13,21036.16015625,21036.16015625,21154.939453125,20955.240234375,21049.66015625,9623670000
2024-11-14,20896.669921875,20896.669921875,21067.66015625,20864.01953125,21052.0703125,8680480000
2024-11-15,20394.130859375,20394.130859375,20684.560546875,20315.080078125,20679.98046875,8002270000
2024-11-18,20539.189453125,20539.189453125,20622.279296875,20401.259765625,20450.2109375,8455360000
2024-11-19,20684.58984375,20684.58984375,20696.470703125,20423.30078125,20435.6796875,7246610000
2024-11-20,20667.099609375,20667.099609375,20676.5703125,20402.5390625,20660.83984375,7121670000
2024-11-21,20740.779296875,20740.779296875,20814.9296875,20436.80078125,20775.26953125,7492540000
2024-11-22,20776.23046875,20776.23046875,20797.240234375,20655.720703125,20737.490234375,6575820000
2024-11-25,20804.890625,20804.890625,20998.490234375,20712.380859375,20918.759765625,7932980000
2024-11-26,20922.900390625,20922.900390625,20944.900390625,20832.400390625,20871.55078125,6411770000
2024-11-27,20744.490234375,20744.490234375,20853.080078125,20615.419921875,20852.4296875,5619090000
2024-11-29,20930.369140625,20930.369140625,20956.310546875,20751.9609375,20771.01953125,4042550000
2024-12-02,21164.599609375,21164.599609375,21201.029296875,20971.759765625,20971.759765625,6370530000
2024-12-03,21229.3203125,21229.3203125,21235.7890625,21081.810546875,21106.509765625,6005160000
2024-12-04,21492.359375,21492.359375,21498.439453125,21340.83984375,21361.810546875,7870030000
2024-12-05,21425.220703125,21425.220703125,21517.490234375,21411.529296875,21488.51953125,7229510000
2024-12-06,21622.25,21622.25,21626.310546875,21449.619140625,21458.580078125,6787610000
2024-12-09,21440.8203125,21440.8203125,21609.990234375,21400.76953125,21573.759765625,7884620000
2024-12-10,21368.1796875,21368.1796875,21567.01953125,21313.26953125,21492.509765625,6843850000
2024-12-11,21763.98046875,21763.98046875,21784.7109375,21533.890625,21540.380859375,6639720000
2024-12-12,21615.26953125,21615.26953125,21715.830078125,21596.669921875,21652.849609375,7047550000
2024-12-13,21780.25,21780.25,21886.740234375,21646.08984375,21789.650390625,6028250000
2024-12-16,22096.66015625,22096.66015625,22133.220703125,21879.740234375,21891.359375,8855040000
2024-12-17,22001.080078125,22001.080078125,22062.0,21921.2109375,22003.640625,9534350000
2024-12-18,21209.3203125,21209.3203125,22038.080078125,21146.830078125,21979.529296875,9996120000
2024-12-19,21110.509765625,21110.509765625,21413.740234375,21093.4609375,21358.7890625,8029590000
2024-12-20,21289.150390625,21289.150390625,21540.3203125,20913.720703125,20939.640625,10962450000
2024-12-23,21503.169921875,21503.169921875,21510.08984375,21224.26953125,21364.259765625,6820720000
2024-12-24,21797.650390625,21797.650390625,21797.650390625,21558.970703125,21564.369140625,4739190000
2024-12-26,21768.310546875,21768.310546875,21837.69921875,21645.619140625,21733.98046875,6467910000
2024-12-27,21473.01953125,21473.01953125,21642.259765625,21292.189453125,21633.099609375,7765120000
2024-12-30,21197.08984375,21197.08984375,21346.060546875,21046.630859375,21189.099609375,8384090000
2024-12-31,21012.169921875,21012.169921875,21276.140625,20979.51953125,21256.01953125,8873030000
2025-01-02,20975.619140625,20975.619140625,21236.58984375,20800.5,21120.05078125,8737550000
2025-01-03,21326.16015625,21326.16015625,21359.630859375,21075.890625,21096.7890625,8214050000
2025-01-06,21559.5,21559.5,21703.490234375,21462.51953125,21551.1796875,9586840000
2025-01-07,21173.0390625,21173.0390625,21621.25,21101.08984375,21619.890625,13371130000
2025-01-08,21180.970703125,21180.970703125,21242.609375,20992.080078125,21156.759765625,8851720000
2025-01-10,20847.580078125,20847.580078125,21015.509765625,20718.779296875,21012.2890625,8608880000
2025-01-13,20784.720703125,20784.720703125,20797.099609375,20538.330078125,20593.650390625,7830760000
2025-01-14,20757.41015625,20757.41015625,20969.51953125,20622.720703125,20896.359375,7168110000
2025-01-15,21237.849609375,21237.849609375,21286.009765625,21024.26953125,21067.810546875,7260250000
2025-01-16,21091.25,21091.25,21330.58984375,21087.849609375,21324.98046875,7085990000
2025-01-17,21441.16015625,21441.16015625,21515.759765625,21334.630859375,21461.900390625,7996360000
2025-01-21,21566.509765625,21566.509765625,21620.23046875,21379.060546875,21557.8203125,8015780000
2025-01-22,21853.0,21853.0,21943.0390625,21756.23046875,21756.23046875,7219060000
2025-01-23,21900.9296875,21900.9296875,21900.9296875,21722.0390625,21737.240234375,6837700000
2025-01-24,21774.009765625,21774.009765625,21945.48046875,21709.060546875,21915.48046875,7708150000
2025-01-27,21127.279296875,21127.279296875,21292.5390625,20974.900390625,21000.169921875,8870200000
2025-01-28,21463.0390625,21463.0390625,21500.73046875,21043.130859375,21186.080078125,7121740000
2025-01-29,21411.4609375,21411.4609375,21477.880859375,21251.80078125,21473.009765625,6497710000
2025-01-30,21508.119140625,21508.119140625,21623.44921875,21308.689453125,21519.810546875,6679500000
2025-01-31,21478.05078125,21478.05078125,21846.009765625,21425.7890625,21661.560546875,7947370000
2025-02-03,21297.580078125,21297.580078125,21406.580078125,21004.349609375,21084.640625,8272460000
2025-02-04,21566.919921875,21566.919921875,21582.400390625,21308.240234375,21319.580078125,6477050000
2025-02-05,21658.16015625,21658.16015625,21662.98046875,21408.640625,21453.869140625,6712220000
2025-02-06,21774.0703125,21774.0703125,21776.080078125,21618.25,21674.169921875,6642100000
2025-02-07,21491.310546875,21491.310546875,21869.3203125,21465.4609375,21776.279296875,7748940000
2025-02-10,21756.73046875,21756.73046875,21793.130859375,21645.169921875,21670.060546875,9535440000
2025-02-11,21693.51953125,21693.51953125,21776.25,21625.509765625,21629.109375,9269380000
2025-02-12,21719.259765625,21719.259765625,21745.66015625,21454.189453125,21475.41015625,7946550000
2025-02-13,22030.7109375,22030.7109375,22038.150390625,21758.0390625,21786.16015625,8414510000
2025-02-14,22114.689453125,22114.689453125,22139.4296875,22010.349609375,22038.609375,7995720000
2025-02-18,22164.609375,22164.609375,22191.369140625,22029.580078125,22176.009765625,8683170000
2025-02-19,22175.599609375,22175.599609375,22222.609375,22045.75,22121.73046875,8171530000
2025-02-20,22068.060546875,22068.060546875,22148.439453125,21878.75,22132.7109375,7329270000
2025-02-21,21614.080078125,21614.080078125,22115.2109375,21597.16015625,22110.5390625,8461020000
2025-02-24,21352.080078125,21352.080078125,21727.580078125,21341.9609375,21669.359375,7414760000
2025-02-25,21087.25,21087.25,21326.810546875,20930.580078125,21318.76953125,7991440000
2025-02-26,21132.919921875,21132.919921875,21350.51953125,21012.619140625,21170.509765625,7034450000
2025-02-27,20550.94921875,20550.94921875,21323.91015625,20540.6796875,21281.359375,7700290000
2025-02-28,20884.41015625,20884.41015625,20900.76953125,20407.44921875,20518.650390625,8247520000
2025-03-03,20425.580078125,20425.580078125,21073.80078125,20279.5,20989.580078125,8170140000
2025-03-04,20352.529296875,20352.529296875,20688.4609375,20034.6796875,20281.880859375,8469180000
2025-03-05,20628.4609375,20628.4609375,20688.720703125,20182.5703125,20363.220703125,7048430000
2025-03-06,20052.630859375,20052.630859375,20473.41015625,19968.560546875,20231.740234375,7686200000
2025-03-07,20201.369140625,20201.369140625,20253.220703125,19736.810546875,20015.619140625,8135420000
2025-03-10,19430.94921875,19430.94921875,19867.080078125,19243.310546875,19826.9609375,8636040000
2025-03-11,19376.9609375,19376.9609375,19659.4296875,19180.560546875,19405.51953125,9177320000
2025-03-12,19596.01953125,19596.01953125,19756.08984375,19375.25,19663.390625,7746430000
2025-03-13,19225.48046875,19225.48046875,19558.560546875,19152.5703125,19534.369140625,7147050000
2025-03-14,19704.640625,19704.640625,19729.2109375,19436.0390625,19458.890625,7093850000
2025-03-17,19812.240234375,19812.240234375,19943.810546875,19622.470703125,19670.689453125,6306340000
2025-03-18,19483.359375,19483.359375,19676.05078125,19397.080078125,19657.099609375,6450530000
2025-03-19,19736.66015625,19736.66015625,19921.619140625,19497.7890625,19576.3203125,6302310000
2025-03-20,19677.609375,19677.609375,19888.849609375,19549.310546875,19558.279296875,6098330000
2025-03-21,19753.970703125,19753.970703125,19767.98046875,19409.1796875,19466.439453125,8837930000
2025-03-24,20180.44921875,20180.44921875,20208.83984375,20024.970703125,20041.2109375,6787790000
2025-03-25,20287.830078125,20287.830078125,20292.189453125,20164.0703125,20196.5,6475790000
2025-03-26,19916.990234375,19916.990234375,20270.189453125,19848.490234375,20239.0390625,9091510000
2025-03-27,19798.619140625,19798.619140625,20003.359375,19740.220703125,19814.609375,8002470000
2025-03-28,19281.400390625,19281.400390625,19752.44921875,19241.5390625,19718.4609375,7015410000
2025-03-31,19278.44921875,19278.44921875,19316.060546875,18799.19921875,18998.5390625,8122180000
2025-04-01,19436.419921875,19436.419921875,19468.619140625,19095.169921875,19192.76953125,7756540000
2025-04-02,19581.779296875,19581.779296875,19707.33984375,19157.19921875,19182.390625,9126630000
2025-04-03,18521.470703125,18521.470703125,18902.0703125,18502.970703125,18774.150390625,9461330000
2025-04-04,17397.69921875,17397.69921875,18089.25,17387.830078125,18022.16015625,11038180000
2025-04-07,17430.6796875,17430.6796875,18191.5,16542.19921875,16771.76953125,12483580000
2025-04-08,17090.400390625,17090.400390625,18207.009765625,16850.1796875,18034.4609375,10496650000
2025-04-09,19145.060546875,19145.060546875,19234.01953125,17082.359375,17116.529296875,13479740000
2025-04-10,18343.5703125,18343.5703125,18710.580078125,17794.5,18626.109375,11861670000
2025-04-11,18690.05078125,18690.05078125,18728.94921875,18153.3203125,18309.2890625,9444890000
2025-04-14,18796.01953125,18796.01953125,19115.150390625,18614.759765625,19095.490234375,9667260000
2025-04-15,18830.23046875,18830.23046875,19004.169921875,18754.869140625,18831.98046875,7483050000
2025-04-16,18257.640625,18257.640625,18597.3203125,17995.9609375,18475.759765625,7909190000
2025-04-17,18258.08984375,18258.08984375,18401.05078125,18144.4609375,18369.900390625,7046290000
2025-04-21,17808.30078125,17808.30078125,18043.080078125,17592.919921875,18023.009765625,6678730000
2025-04-22,18276.41015625,18276.41015625,18396.390625,17993.240234375,18033.900390625,6981900000
2025-04-23,18693.259765625,18693.259765625,19043.009765625,18618.890625,18870.630859375,8564870000
2025-04-24,19214.400390625,19214.400390625,19224.80078125,18744.470703125,18756.529296875,7607400000
2025-04-25,19432.560546875,19432.560546875,19447.560546875,19133.23046875,19209.720703125,7412930000
2025-04-28,19427.2890625,19427.2890625,19519.330078125,19162.4609375,19432.720703125,10313290000
2025-04-29,19544.94921875,19544.94921875,19582.76953125,19304.830078125,19315.94921875,13001930000
2025-04-30,19571.01953125,19571.01953125,19612.759765625,19011.98046875,19168.08984375,8595330000
2025-05-01,19786.7109375,19786.7109375,20024.48046875,19763.140625,19866.830078125,8409690000
2025-05-02,20102.609375,20102.609375,20176.599609375,19936.669921875,19986.609375,8180190000
2025-05-05,19967.939453125,19967.939453125,20100.609375,19899.279296875,19928.8203125,7075320000
2025-05-06,19791.349609375,19791.349609375,19927.23046875,19659.3203125,19709.640625,6958220000
2025-05-07,19867.970703125,19867.970703125,19960.859375,19605.0703125,19804.5,7977870000
2025-05-08,20063.560546875,20063.560546875,20249.759765625,19907.669921875,20067.4296875,8500390000
2025-05-09,20061.44921875,20061.44921875,20203.580078125,19984.529296875,20170.369140625,8835140000
2025-05-12,20868.150390625,20868.150390625,20870.119140625,20613.26953125,20818.779296875,10717670000
2025-05-13,21197.69921875,21197.69921875,21259.390625,20891.1796875,20906.919921875,9242230000
2025-05-14,21319.2109375,21319.2109375,21336.48046875,21199.849609375,21254.470703125,11744820000
2025-05-15,21335.8203125,21335.8203125,21443.880859375,21168.169921875,21206.73046875,10546350000
2025-05-16,21427.939453125,21427.939453125,21428.7890625,21246.419921875,21375.630859375,10509820000
2025-05-19,21447.05078125,21447.05078125,21464.560546875,21138.130859375,21138.130859375,13080030000
2025-05-20,21367.369140625,21367.369140625,21399.990234375,21226.66015625,21347.630859375,9047100000
2025-05-21,21080.359375,21080.359375,21482.98046875,21002.099609375,21217.310546875,11112460000
2025-05-22,21112.470703125,21112.470703125,21263.1796875,21046.220703125,21097.4609375,8289710000
2025-05-23,20915.66015625,20915.66015625,21025.580078125,20777.970703125,20806.369140625,8730370000
2025-05-27,21414.990234375,21414.990234375,21429.3203125,21145.130859375,21201.44921875,8927760000
2025-05-28,21318.169921875,21318.169921875,21508.080078125,21296.509765625,21451.689453125,8087530000
2025-05-29,21363.94921875,21363.94921875,21611.5390625,21260.73046875,21611.5390625,11016850000
2025-05-30,21340.990234375,21340.990234375,21386.2890625,21032.560546875,21330.849609375,9042260000
2025-06-02,21491.75,21491.75,21500.359375,21199.369140625,21270.5703125,7779940000
2025-06-03,21662.580078125,21662.580078125,21715.9609375,21474.509765625,21529.98046875,7990230000
2025-06-04,21721.919921875,21721.919921875,21761.369140625,21607.330078125,21689.01953125,7695660000
2025-06-05,21547.4296875,21547.4296875,21891.890625,21472.76953125,21782.33984375,8782360000
2025-06-06,21761.7890625,21761.7890625,21836.5703125,21696.689453125,21777.5,7291590000
2025-06-09,21797.869140625,21797.869140625,21855.150390625,21729.30078125,21779.1796875,9538700000
2025-06-10,21941.919921875,21941.919921875,21961.419921875,21727.33984375,21819.7890625,11221560000
2025-06-11,21860.80078125,21860.80078125,22041.830078125,21775.26953125,21994.16015625,10214190000
2025-06-12,21913.3203125,21913.3203125,21952.0,21807.0,21826.7890625,16308730000
2025-06-13,21631.0390625,21631.0390625,21838.470703125,21591.109375,21675.939453125,9001850000
2025-06-16,21937.5703125,21937.5703125,21979.76953125,21783.080078125,21783.080078125,9619130000
2025-06-17,21719.080078125,21719.080078125,21896.419921875,21680.1796875,21858.890625,8519930000
2025-06-18,21719.689453125,21719.689453125,21863.0,21660.51953125,21745.5,7818790000
2025-06-20,21626.390625,21626.390625,21902.990234375,21552.810546875,21834.490234375,9969140000
2025-06-23,21856.330078125,21856.330078125,21871.869140625,21532.3203125,21632.779296875,9088000000
2025-06-24,22190.51953125,22190.51953125,22220.640625,22045.630859375,22053.330078125,8330090000
2025-06-25,22237.740234375,22237.740234375,22329.23046875,22175.080078125,22279.689453125,8256120000
2025-06-26,22447.2890625,22447.2890625,22466.990234375,22255.26953125,22328.240234375,8383380000
2025-06-27,22534.19921875,22534.19921875,22603.220703125,22382.7890625,22484.869140625,10951070000
2025-06-30,22679.009765625,22679.009765625,22721.5,22565.109375,22632.919921875,8220420000
2025-07-01,22478.130859375,22478.130859375,22631.259765625,22388.08984375,22594.48046875,8631710000
2025-07-02,22641.890625,22641.890625,22644.720703125,22448.0703125,22451.810546875,8378750000
2025-07-03,22866.970703125,22866.970703125,22896.009765625,22736.080078125,22751.640625,6177910000
2025-07-07,22685.5703125,22685.5703125,22776.2109375,22587.470703125,22754.380859375,8345710000
2025-07-08,22702.25,22702.25,22761.80078125,22652.439453125,22735.259765625,8437480000
2025-07-09,22864.91015625,22864.91015625,22915.330078125,22733.650390625,22800.359375,9978310000
2025-07-10,22829.259765625,22829.259765625,22907.0390625,22716.41015625,22890.4296875,9781380000
2025-07-11,22780.599609375,22780.599609375,22837.380859375,22692.80078125,22757.990234375,8135800000
2025-07-14,22855.630859375,22855.630859375,22886.939453125,22675.279296875,22780.189453125,8010060000
2025-07-15,22884.58984375,22884.58984375,23051.869140625,22876.470703125,23036.859375,8399060000
2025-07-16,22907.970703125,22907.970703125,22928.55078125,22669.369140625,22895.30078125,9056640000
2025-07-17,23081.05078125,23081.05078125,23104.720703125,22905.509765625,22931.01953125,9994550000
2025-07-18,23065.470703125,23065.470703125,23153.2109375,23018.359375,23135.08984375,9354580000
2025-07-21,23180.060546875,23180.060546875,23264.44921875,23122.9296875,23124.970703125,12046970000
2025-07-22,23063.580078125,23063.580078125,23186.359375,22953.849609375,23182.01953125,10583710000
2025-07-23,23162.41015625,23162.41015625,23168.490234375,23000.4609375,23100.25,10972770000
2025-07-24,23219.869140625,23219.869140625,23268.490234375,23150.26953125,23228.7890625,12741070000
2025-07-25,23272.25,23272.25,23326.30078125,23193.990234375,23204.66015625,11028310000
2025-07-28,23356.26953125,23356.26953125,23386.759765625,23299.810546875,23343.130859375,10612580000
2025-07-29,23308.30078125,23308.30078125,23510.919921875,23283.400390625,23477.83984375,10040610000
2025-07-30,23345.41015625,23345.41015625,23447.150390625,23226.919921875,23337.330078125,9311770000
2025-07-31,23218.119140625,23218.119140625,23589.369140625,23176.119140625,23589.369140625,9917220000
2025-08-01,22763.310546875,22763.310546875,22972.470703125,22673.880859375,22941.060546875,9667420000
2025-08-04,23188.609375,23188.609375,23191.0390625,22973.599609375,22986.76953125,7355970000
2025-08-05,23018.560546875,23018.560546875,23286.05078125,23008.140625,23235.310546875,7982940000
2025-08-06,23315.0390625,23315.0390625,23330.490234375,23042.26953125,23070.94921875,8580020000
2025-08-07,23389.529296875,23389.529296875,23560.73046875,23225.720703125,23483.419921875,8979190000
2025-08-08,23611.26953125,23611.26953125,23619.240234375,23437.609375,23458.130859375,8669200000
2025-08-11,23526.630859375,23526.630859375,23698.0,23484.25,23629.01953125,9099730000
2025-08-12,23839.19921875,23839.19921875,23849.5,23524.279296875,23651.609375,8382820000
2025-08-13,23849.0390625,23849.0390625,23969.279296875,23789.119140625,23935.060546875,8763080000
2025-08-14,23832.439453125,23832.439453125,23908.259765625,23748.98046875,23775.009765625,9110860000
2025-08-15,23712.0703125,23712.0703125,23813.990234375,23651.2109375,23809.0,8158830000
2025-08-18,23713.759765625,23713.759765625,23733.5,23637.41015625,23692.130859375,8260970000
2025-08-19,23384.76953125,23384.76953125,23695.640625,23346.33984375,23689.01953125,8461660000
2025-08-20,23249.5703125,23249.5703125,23343.41015625,22959.69921875,23343.41015625,7810310000
2025-08-21,23142.580078125,23142.580078125,23264.26953125,23046.390625,23182.759765625,6530580000
2025-08-22,23498.119140625,23498.119140625,23575.359375,23140.0390625,23184.990234375,9401300000
2025-08-25,23425.609375,23425.609375,23546.44921875,23382.189453125,23454.279296875,8443200000
2025-08-26,23525.2890625,23525.2890625,23532.509765625,23369.0390625,23420.849609375,9087930000
2025-08-27,23565.849609375,23565.849609375,23591.05078125,23434.310546875,23499.669921875,8040510000
2025-08-28,23703.44921875,23703.44921875,23741.23046875,23514.69921875,23601.349609375,7807080000
2025-08-29,23415.419921875,23415.419921875,23607.5390625,23353.9609375,23607.5390625,7715430000
2025-09-02,23231.109375,23231.109375,23242.279296875,22977.880859375,23020.470703125,8183410000
2025-09-03,23414.83984375,23414.83984375,23478.009765625,23279.119140625,23388.279296875,7488290000
2025-09-04,23633.009765625,23633.009765625,23639.0390625,23371.330078125,23442.189453125,7282150000
2025-09-05,23652.439453125,23652.439453125,23860.25,23475.330078125,23841.98046875,8413730000
2025-09-08,23762.30078125,23762.30078125,23851.810546875,23725.0390625,23759.619140625,8435850000
2025-09-09,23839.80078125,23839.80078125,23852.419921875,23698.0,23824.330078125,7877410000
2025-09-10,23849.26953125,23849.26953125,23958.5390625,23760.099609375,23931.3203125,9090550000
2025-09-11,23992.560546875,23992.560546875,24016.529296875,23883.009765625,23956.5703125,10025020000
2025-09-12,24092.189453125,24092.189453125,24137.060546875,23983.630859375,24030.76953125,9023140000
2025-09-15,24293.779296875,24293.779296875,24297.33984375,24173.140625,24178.599609375,8904030000
2025-09-16,24274.25,24274.25,24343.349609375,24244.2109375,24342.75,8592240000
2025-09-17,24223.689453125,24223.689453125,24292.060546875,23999.75,24286.4296875,9325980000
2025-09-18,24454.890625,24454.890625,24554.51953125,24347.5390625,24421.2109375,10478450000
2025-09-19,24626.25,24626.25,24641.9296875,24469.279296875,24528.439453125,14632360000
2025-09-22,24761.0703125,24761.0703125,24781.73046875,24578.08984375,24588.1796875,9736270000
2025-09-23,24580.169921875,24580.169921875,24764.30078125,24536.5,24752.740234375,9822620000
2025-09-24,24503.5703125,24503.5703125,24650.419921875,24388.58984375,24648.970703125,9184030000
2025-09-25,24397.310546875,24397.310546875,24460.66015625,24186.369140625,24321.73046875,9960330000
2025-09-26,24503.849609375,24503.849609375,24510.369140625,24297.69921875,24410.94921875,8488400000
2025-09-29,24611.349609375,24611.349609375,24741.76953125,24560.220703125,24629.01953125,9046720000
2025-09-30,24679.990234375,24679.990234375,24691.23046875,24505.140625,24597.400390625,8928070000
2025-10-01,24800.859375,24800.859375,24816.669921875,24517.759765625,24539.25,10043980000
2025-10-02,24892.759765625,24892.759765625,24944.75,24780.109375,24933.490234375,9633200000
2025-10-03,24785.51953125,24785.51953125,24958.259765625,24713.580078125,24931.419921875,10515730000
2025-10-06,24978.560546875,24978.560546875,25044.259765625,24907.599609375,24986.259765625,10468830000
2025-10-07,24840.23046875,24840.23046875,25062.9609375,24783.94921875,25031.779296875,10375920000
2025-10-08,25136.619140625,25136.619140625,25142.189453125,24882.349609375,24887.3203125,10925520000
2025-10-09,25098.1796875,25098.1796875,25139.349609375,24966.810546875,25124.7890625,10713200000
2025-10-10,24221.740234375,24221.740234375,25195.279296875,24207.150390625,25116.830078125,10713200000
2025-10-13,24750.25,24750.25,24779.650390625,24540.419921875,24625.740234375,9018770000
2025-10-14,24579.3203125,24579.3203125,24766.369140625,24256.279296875,24442.9296875,9776720000
2025-10-15,24745.359375,24745.359375,24933.23046875,24496.0703125,24807.33984375,11374850000
2025-10-16,24657.240234375,24657.240234375,24998.30078125,24481.169921875,24882.220703125,11343620000
2025-10-17,24817.94921875,24817.94921875,24881.470703125,24511.58984375,24600.55078125,9552150000
2025-10-20,25141.01953125,25141.01953125,25183.810546875,24988.669921875,24991.099609375,9440620000
2025-10-21,25127.130859375,25127.130859375,25178.23046875,25043.060546875,25139.80078125,10845130000
2025-10-22,24879.009765625,24879.009765625,25127.060546875,24652.109375,25093.640625,14361150000
2025-10-23,25097.41015625,25097.41015625,25126.779296875,24856.33984375,24869.599609375,10363600000
2025-10-24,25358.16015625,25358.16015625,25418.640625,25288.7109375,25307.75,10308620000
2025-10-27,25821.55078125,25821.55078125,25839.029296875,25656.380859375,25701.94921875,10757830000
2025-10-28,26012.150390625,26012.150390625,26087.48046875,25864.490234375,25932.640625,10640830000
2025-10-29,26119.849609375,26119.849609375,26182.099609375,25907.44921875,26147.720703125,10089540000
2025-10-30,25734.810546875,25734.810546875,26031.6796875,25732.390625,25953.779296875,10564160000
2025-10-31,25858.130859375,25858.130859375,26063.490234375,25761.279296875,26055.970703125,10909250000
2025-11-03,25972.939453125,25972.939453125,26132.869140625,25887.880859375,26114.109375,10360170000
2025-11-04,25435.69921875,25435.69921875,25762.23046875,25415.619140625,25580.33984375,10227700000
2025-11-05,25620.029296875,25620.029296875,25750.880859375,25364.900390625,25433.220703125,10026890000
2025-11-06,25130.0390625,25130.0390625,25568.240234375,25083.240234375,25568.240234375,11085130000
2025-11-07,25059.810546875,25059.810546875,25065.140625,24603.779296875,24977.73046875,10141910000
2025-11-10,25611.740234375,25611.740234375,25655.509765625,25354.439453125,25418.169921875,9297320000
2025-11-11,25533.490234375,25533.490234375,25588.259765625,25380.859375,25500.9296875,7756810000
2025-11-12,25517.330078125,25517.330078125,25663.169921875,25389.73046875,25662.189453125,8449920000
2025-11-13,24993.4609375,24993.4609375,25396.009765625,24908.599609375,25386.94921875,11351410000
2025-11-14,25008.240234375,25008.240234375,25198.9296875,24534.900390625,24658.55078125,10841540000
2025-11-17,24799.919921875,24799.919921875,25166.150390625,24649.359375,24890.099609375,9744800000
2025-11-18,24503.099609375,24503.099609375,24735.119140625,24299.2890625,24651.779296875,8606260000
2025-11-19,24640.51953125,24640.51953125,24904.66015625,24432.189453125,24517.26953125,8434200000
2025-11-20,24054.380859375,24054.380859375,25222.94921875,24021.439453125,25131.490234375,10548620000
2025-11-21,24239.5703125,24239.5703125,24521.83984375,23854.029296875,24137.66015625,9931240000
2025-11-24,24873.849609375,24873.849609375,24923.58984375,24455.650390625,24462.869140625,9232160000
2025-11-25,25018.359375,25018.359375,25069.5390625,24542.7109375,24790.0703125,8498500000
2025-11-26,25236.939453125,25236.939453125,25309.150390625,25077.859375,25168.310546875,7291400000
2025-11-28,25434.890625,25434.890625,25435.76953125,25280.9609375,25310.279296875,4541070000
2025-12-01,25342.849609375,25342.849609375,25443.2109375,25158.630859375,25232.75,7859560000
2025-12-02,25555.859375,25555.859375,25622.580078125,25369.359375,25449.869140625,7588580000
2025-12-03,25606.5390625,25606.5390625,25639.990234375,25388.439453125,25443.7109375,7962730000
2025-12-04,25581.69921875,25581.69921875,25658.26953125,25450.380859375,25658.140625,7456860000
2025-12-05,25692.05078125,25692.05078125,25827.080078125,25617.349609375,25657.779296875,8248280000
2025-12-08,25627.94921875,25627.94921875,25828.16015625,25531.75,25758.8203125,8533670000
2025-12-09,25668.689453125,25668.689453125,25698.259765625,25532.33984375,25593.669921875,7192600000
2025-12-10,25776.439453125,25776.439453125,25835.029296875,25504.30078125,25631.58984375,7987900000
2025-12-11,25686.689453125,25686.689453125,25696.2890625,25372.1796875,25598.390625,8337770000
2025-12-12,25196.73046875,25196.73046875,25605.880859375,25104.6796875,25531.55078125,8724070000
2025-12-15,25067.26953125,25067.26953125,25377.619140625,25022.810546875,25352.869140625,8649240000
2025-12-16,25132.939453125,25132.939453125,25188.759765625,24922.939453125,24991.490234375,7759960000
2025-12-17,24647.609375,24647.609375,25193.41015625,24647.609375,25167.859375,8616140000
2025-12-18,25019.369140625,25019.369140625,25164.1796875,24921.44921875,25031.490234375,7977920000
2025-12-19,25346.1796875,25346.1796875,25354.8203125,25134.259765625,25147.30078125,12874560000
2025-12-22,25461.69921875,25461.69921875,25554.029296875,25401.58984375,25527.6796875,7244910000
2025-12-23,25587.830078125,25587.830078125,25590.029296875,25403.259765625,25441.419921875,7518190000
2025-12-24,25656.150390625,25656.150390625,25665.279296875,25556.849609375,25582.33984375,3885190000
2025-12-26,25644.390625,25644.390625,25716.7109375,25620.3203125,25692.6796875,5170300000
2025-12-29,25525.560546875,25525.560546875,25598.140625,25440.970703125,25462.25,6527530000
2025-12-30,25462.560546875,25462.560546875,25577.580078125,25456.9296875,25509.880859375,6769300000
2025-12-31,25249.849609375,25249.849609375,25483.76953125,25244.859375,25464.7109375,5895130000
2026-01-02,25206.169921875,25206.169921875,25597.650390625,25086.359375,25524.26953125,7331460000
2026-01-05,25401.3203125,25401.3203125,25520.51953125,25354.66015625,25471.7890625,8737320000
2026-01-06,25639.7109375,25639.7109375,25655.119140625,25428.080078125,25462.060546875,9012640000
2026-01-07,25653.900390625,25653.900390625,25813.169921875,25592.400390625,25617.80078125,8396920000
2026-01-08,25507.099609375,25507.099609375,25622.310546875,25400.16015625,25615.349609375,7723140000
2026-01-09,25766.259765625,25766.259765625,25811.44921875,25455.970703125,25518.8203125,8124420000
2026-01-12,25787.66015625,25787.66015625,25850.859375,25602.560546875,25616.810546875,8707170000
2026-01-13,25741.94921875,25741.94921875,25873.1796875,25642.109375,25779.279296875,9416400000
2026-01-14,25465.939453125,25465.939453125,25624.189453125,25266.19921875,25575.5703125,12165220000
2026-01-15,25547.0703125,25547.0703125,25781.029296875,25520.19921875,25767.30078125,9740630000
2026-01-16,25529.259765625,25529.259765625,25735.48046875,25444.279296875,25710.599609375,9514500000
2026-01-20,24987.5703125,24987.5703125,25279.779296875,24954.1796875,25155.029296875,9469480000
2026-01-21,25326.580078125,25326.580078125,25498.810546875,24993.98046875,25048.55078125,9162740000
2026-01-22,25518.349609375,25518.349609375,25576.51953125,25399.490234375,25548.380859375,9034850000
2026-01-23,25605.470703125,25605.470703125,25709.740234375,25435.01953125,25501.91015625,8228760000
2026-01-26,25713.2109375,25713.2109375,25797.099609375,25578.76953125,25631.009765625,7505250000
2026-01-27,25939.740234375,25939.740234375,25982.58984375,25791.75,25852.0390625,8026050000
2026-01-28,26022.7890625,26022.7890625,26165.080078125,25974.66015625,26121.740234375,8151580000
2026-01-29,25884.30078125,25884.30078125,26046.33984375,25418.5390625,26030.080078125,8782210000
2026-01-30,25552.390625,25552.390625,25823.2890625,25456.1796875,25740.189453125,9255930000
2026-02-02,25738.609375,25738.609375,25833.119140625,25478.5,25491.640625,8882530000
2026-02-03,25338.619140625,25338.619140625,25840.0390625,25112.4609375,25811.05078125,10306320000
2026-02-04,24891.240234375,24891.240234375,25275.259765625,24681.26953125,25240.380859375,10862000000
2026-02-05,24548.689453125,24548.689453125,24854.560546875,24455.400390625,24614.859375,10109230000
2026-02-06,25075.76953125,25075.76953125,25131.33984375,24622.330078125,24655.25,9054400000
2026-02-09,25268.140625,25268.140625,25337.5390625,24876.279296875,24953.6796875,8174050000
2026-02-10,25127.640625,25127.640625,25363.119140625,25113.4296875,25314.23046875,8513440000
2026-02-11,25201.259765625,25201.259765625,25382.83984375,24980.2890625,25335.91015625,9927010000
2026-02-12,24687.609375,24687.609375,25310.560546875,24643.73046875,25261.330078125,8855290000
2026-02-13,24732.73046875,24732.73046875,24921.470703125,24514.9609375,24662.94921875,7964830000
2026-02-17,24701.599609375,24701.599609375,24818.30078125,24387.470703125,24567.5390625,7654300000
2026-02-18,24898.869140625,24898.869140625,25057.2109375,24696.830078125,24744.880859375,7705590000
2026-02-19,24797.33984375,24797.33984375,24890.119140625,24690.869140625,24771.650390625,6984780000
2026-02-20,25012.619140625,25012.619140625,25077.560546875,24633.599609375,24637.3203125,8063070000
2026-02-23,24708.939453125,24708.939453125,24984.8203125,24618.23046875,24935.51953125,8263920000
2026-02-24,24977.0390625,24977.0390625,25022.919921875,24643.689453125,24763.83984375,7932270000
2026-02-25,25329.0390625,25329.0390625,25343.970703125,25137.619140625,25137.720703125,8427450000
2026-02-26,25034.369140625,25034.369140625,25288.23046875,24820.55078125,25278.25,9033470000
2026-02-27,24960.0390625,24960.0390625,24987.9609375,24747.25,24808.0,9552610000
2026-03-02,24992.599609375,24992.599609375,25059.169921875,24575.5390625,24599.41015625,8303030000
2026-03-03,24720.080078125,24720.080078125,24810.25,24315.83984375,24497.380859375,9705500000
2026-03-04,25093.6796875,25093.6796875,25179.359375,24795.529296875,24850.939453125,10918410000
2026-03-05,25020.41015625,25020.41015625,25174.310546875,24744.560546875,24992.73046875,10994660000
2026-03-06,24643.01953125,24643.01953125,24886.69921875,24579.859375,24663.740234375,9300220000
2026-03-09,24967.25,24967.25,25019.16015625,24289.220703125,24429.669921875,9797740000
2026-03-10,24956.470703125,24956.470703125,25189.169921875,24871.439453125,25002.609375,8800580000
2026-03-11,24965.009765625,24965.009765625,25152.119140625,24856.599609375,25053.240234375,8348570000
2026-03-12,24533.580078125,24533.580078125,24809.26953125,24522.240234375,24771.3203125,8490850000
2026-03-13,24380.73046875,24380.73046875,24786.650390625,24336.529296875,24660.189453125,8278740000
2026-03-16,24655.33984375,24655.33984375,24794.2890625,24606.4609375,24646.1796875,8208800000
2026-03-17,24780.419921875,24780.419921875,24884.6796875,24721.560546875,24760.26953125,8505210000
2026-03-18,24425.08984375,24425.08984375,24763.580078125,24417.380859375,24727.0703125,9325170000
2026-03-19,24355.279296875,24355.279296875,24462.150390625,24100.880859375,24119.369140625,8547870000
2026-03-20,23898.150390625,23898.150390625,24267.33984375,23759.970703125,24257.560546875,11743490000
2026-03-23,24188.58984375,24188.58984375,24465.16015625,24097.6796875,24270.76953125,8895880000
2026-03-24,24002.44921875,24002.44921875,24170.830078125,23927.689453125,24042.23046875,8488380000
2026-03-25,24162.98046875,24162.98046875,24314.25,24081.380859375,24236.400390625,8056920000
2026-03-26,23586.990234375,23586.990234375,24029.509765625,23574.720703125,23913.189453125,7726590000
2026-03-27,23132.76953125,23132.76953125,23472.890625,23088.990234375,23463.740234375,8713310000
2026-03-30,22953.380859375,22953.380859375,23356.75,22841.419921875,23307.75,9234380000
2026-03-31,23740.189453125,23740.189453125,23789.599609375,23198.640625,23208.0,10645070000
2026-04-01,24019.990234375,24019.990234375,24162.6796875,23871.609375,23883.2890625,8801740000
2026-04-02,24045.529296875,24045.529296875,24076.349609375,23512.599609375,23621.73046875,8134780000
2026-04-06,24192.169921875,24192.169921875,24265.140625,24039.029296875,24143.01953125,7907270000
2026-04-07,24202.369140625,24202.369140625,24209.279296875,23779.849609375,24109.5703125,10796020000
2026-04-08,24903.169921875,24903.169921875,25045.359375,24756.9296875,25045.359375,10411670000
2026-04-09,25082.08984375,25082.08984375,25097.44921875,24788.919921875,24918.279296875,8662470000
2026-04-10,25116.33984375,25116.33984375,25226.060546875,25057.650390625,25165.060546875,8700640000
2026-04-13,25383.720703125,25383.720703125,25387.689453125,24999.19921875,25069.0703125,7925320000
2026-04-14,25842.0,25842.0,25842.0,25514.55078125,25514.55078125,9105660000
2026-04-15,26204.580078125,26204.580078125,26214.5703125,25828.759765625,25859.189453125,10206480000
2026-04-16,26333.0,26333.0,26400.51953125,26113.650390625,26256.880859375,9963610000
2026-04-17,26672.4296875,26672.4296875,26719.560546875,26481.240234375,26551.16015625,10159120000
2026-04-20,26590.33984375,26590.33984375,26670.119140625,26412.51953125,26662.3203125,8379940000
2026-04-21,26479.470703125,26479.470703125,26730.640625,26405.30078125,26658.849609375,9309940000
2026-04-22,26937.279296875,26937.279296875,26942.130859375,26662.880859375,26715.919921875,8080930000
2026-04-23,26782.630859375,26782.630859375,27007.869140625,26540.3203125,26844.609375,7956600000
2026-04-24,27303.669921875,27303.669921875,27314.2109375,26986.390625,27082.419921875,10203070000
2026-04-27,27305.6796875,27305.6796875,27315.23046875,27158.880859375,27278.279296875,8126500000
2026-04-28,27029.009765625,27029.009765625,27115.76953125,26877.58984375,26988.76953125,7441950000
2026-04-29,27186.98046875,27186.98046875,27199.720703125,26995.380859375,27069.359375,8147470000
2026-04-30,27452.119140625,27452.119140625,27488.029296875,27029.41015625,27328.98046875,8139190000
2026-05-01,27710.359375,27710.359375,27787.119140625,27501.4296875,27508.5703125,7534290000
2026-05-04,27651.8203125,27651.8203125,27822.369140625,27504.08984375,27731.33984375,7849180000
2026-05-05,28015.060546875,28015.060546875,28065.630859375,27844.23046875,27895.05078125,8090030000
2026-05-06,28599.169921875,28599.169921875,28608.6796875,28208.23046875,28234.01953125,8864150000
2026-05-07,28563.94921875,28563.94921875,28825.51953125,28440.05078125,28612.5390625,9118880000
2026-05-08,29234.990234375,29234.990234375,29234.990234375,28751.2109375,28768.119140625,9577150000
2026-05-11,29320.66015625,29320.66015625,29372.4296875,29143.19921875,29185.830078125,11989910000
2026-05-12,29064.80078125,29064.80078125,29188.0703125,28628.640625,29067.359375,9631840000
2026-05-13,29366.939453125,29366.939453125,29452.259765625,28968.55078125,29159.94921875,9734720000
2026-05-14,29580.30078125,29580.30078125,29678.890625,29350.099609375,29372.650390625,9860060000
2026-05-15,29125.19921875,29125.19921875,29387.439453125,28991.419921875,29191.359375,9584430000
2026-05-18,28994.369140625,28994.369140625,29250.150390625,28717.5703125,29246.19921875,10327940000
2026-05-19,28818.83984375,28818.83984375,29031.919921875,28567.16015625,28795.01953125,9895620000
2026-05-20,29297.69921875,29297.69921875,29301.279296875,28919.439453125,29006.5703125,9268370000
2026-05-21,29357.26953125,29357.26953125,29463.490234375,29040.0390625,29150.130859375,8627780000
2026-05-22,29481.640625,29481.640625,29663.890625,29423.630859375,29476.2890625,9265090000
2026-05-26,30001.3203125,30001.3203125,30044.490234375,29753.08984375,29854.580078125,9718120000
2026-05-27,29973.5703125,29973.5703125,30099.7890625,29808.890625,30081.279296875,9240640000
2026-05-28,30223.890625,30223.890625,30263.189453125,29848.759765625,30030.630859375,9224620000
2026-05-29,30333.1796875,30333.1796875,30470.029296875,30210.009765625,30333.859375,11906000000
2026-06-01,30513.859375,30513.859375,30633.55078125,30241.19921875,30295.25,10199240000
2026-06-02,30660.599609375,30660.599609375,30670.109375,30372.9609375,30471.609375,9675650000
2026-06-03,30571.240234375,30571.240234375,30762.19921875,30441.80078125,30730.109375,9267670000
2026-06-04,30407.810546875,30407.810546875,30541.4296875,30092.23046875,30174.58984375,8999970000
2026-06-05,28957.599609375,28957.599609375,30051.080078125,28929.880859375,29992.369140625,11550140000
2026-06-08,29414.259765625,29414.259765625,29697.900390625,29294.01953125,29482.189453125,10077650000
2026-06-09,29084.5,29084.5,29805.30078125,28196.900390625,29647.349609375,12106940000
2026-06-10,28508.029296875,28508.029296875,29212.380859375,28462.919921875,28893.8203125,9519620000
2026-06-11,29446.1796875,29446.1796875,29506.669921875,28548.5,28731.16015625,10101910000
2026-06-12,29635.94921875,29635.94921875,29733.890625,29220.830078125,29380.6796875,10337400000
2026-06-15,30543.919921875,30543.919921875,30587.16015625,30285.630859375,30289.970703125,10590270000
2026-06-16,29968.130859375,29968.130859375,30560.080078125,29962.869140625,30455.490234375,11132830000
2026-06-17,29670.94921875,29670.94921875,30208.939453125,29604.9296875,30160.740234375,11443600000
2026-06-18,30406.189453125,30406.189453125,30463.76953125,30089.349609375,30261.599609375,18286150000
2026-06-22,30347.080078125,30347.080078125,30642.5703125,30194.25,30529.990234375,12844290000
2026-06-23,29347.26953125,29347.26953125,29748.720703125,29276.98046875,29369.25,14631520000
2026-06-24,29220.060546875,29220.060546875,29592.900390625,28963.099609375,29328.400390625,14936190000
2026-06-25,29440.3203125,29440.3203125,29843.890625,29000.55078125,29843.890625,9870860000
2026-06-26,29118.240234375,29118.240234375,29413.80078125,28890.740234375,29040.119140625,16594580000
2026-06-29,29774.75,29774.75,29792.630859375,28991.51953125,29310.259765625,9776230000
2026-06-30,30276.349609375,30276.349609375,30328.7890625,29767.759765625,29792.9296875,9809990000
2026-07-01,29809.130859375,29809.130859375,30084.779296875,29787.41015625,29914.279296875,9094410000
2026-07-02,29329.2109375,29329.2109375,30044.5,29087.330078125,29778.69921875,9529580000
2026-07-06,29697.869140625,29697.869140625,29847.740234375,29553.619140625,29575.5703125,7827050000
2026-07-07,29173.01953125,29173.01953125,29426.44921875,28974.470703125,29362.19921875,8244680000
2026-07-08,29252.560546875,29252.560546875,29280.580078125,28814.5703125,29030.330078125,7935740000
2026-07-09,29727.099609375,29727.099609375,29773.740234375,29398.470703125,29486.609375,7312220000
2026-07-10,29825.109375,29825.109375,29856.939453125,29484.490234375,29618.33984375,7094480000
2026-07-13,29264.099609375,29264.099609375,29541.0,29189.2109375,29471.01953125,7231310000
2026-07-14,29586.2890625,29586.2890625,29693.76953125,29368.869140625,29561.349609375,7397960000
2026-07-15,29502.599609375,29502.599609375,29771.890625,29192.890625,29759.80078125,7379560000
2026-07-16,29025.76953125,29025.76953125,29333.060546875,28881.23046875,29318.30078125,8294880000
2026-07-17,28592.66015625,28592.66015625,28867.400390625,28231.3203125,28457.330078125,7820470000
2026-07-20,28604.23046875,28604.23046875,29017.23046875,28590.400390625,28871.16015625,7184070000
2026-07-21,29155.1796875,29155.1796875,29192.2890625,28891.0703125,29059.439453125,8001540000
2026-07-22,28998.099609375,28998.099609375,29176.91015625,28934.51953125,28949.810546875,7473050000
2026-07-23,28454.810546875,28454.810546875,28726.619140625,28274.51953125,28545.98046875,7655810000
2026-07-24,28128.33984375,28128.33984375,28471.48046875,28053.080078125,28362.150390625,7266300000
2026-07-27,28039.2109375,28039.2109375,28460.19921875,27786.5390625,28412.310546875,7797890000
2026-07-28,27763.130859375,27763.130859375,27926.529296875,27452.94921875,27810.390625,8584960000
2026-07-29,27192.310546875,27192.310546875,27954.91015625,27176.029296875,27780.4609375,8276280000
2026-07-30,28106.349609375,28106.349609375,28168.419921875,27686.369140625,27755.4609375,9048570000
2026-07-31,28274.19921875,28274.19921875,28606.779296875,27954.240234375,28446.990234375,11942500000
2026-08-03,28776.80078125,28776.80078125,28842.359375,28196.880859375,28278.58984375,11118460000
2026-08-04,29733.16015625,29733.16015625,29831.400390625,29109.259765625,29109.259765625,9717920000
2026-08-05,29487.7890625,29487.7890625,29946.939453125,29468.330078125,29863.26953125,9116070000
2026-08-06,29373.330078125,29373.330078125,29569.759765625,29123.380859375,29224.380859375,8936850000
2026-08-07,29722.30078125,29722.30078125,29747.150390625,29452.7109375,29596.44921875,8183970000
2026-08-10,29621.80078125,29621.80078125,29784.2109375,29606.470703125,29709.490234375,7675200000
2026-08-11,29525.48046875,29525.48046875,29705.80078125,29427.609375,29694.69921875,7684920000
2026-08-12,29742.599609375,29742.599609375,29881.5,29715.880859375,29875.1796875,7873190000
2026-08-13,30084.5,30084.5,30168.05078125,29757.619140625,29784.060546875,8380820000
2026-08-14,30046.140625,30046.140625,30179.8203125,29934.66015625,30167.130859375,7212180000
2026-08-17,29995.380859375,29995.380859375,30195.720703125,29971.919921875,30150.779296875,7644090000
2026-08-18,29490.9609375,29490.9609375,29677.2890625,29425.08984375,29594.890625,7360790000
2026-08-19,29426.01953125,29426.01953125,29652.30078125,29288.75,29580.849609375,8173140000
2026-08-20,29213.16015625,29213.16015625,29378.80078125,29118.0703125,29295.150390625,8244680000
2026-08-21,29308.859375,29308.859375,29405.119140625,29142.439453125,29359.599609375,7410100000
2026-08-24,29023.1796875,29023.1796875,29151.970703125,28875.9609375,29094.720703125,7318150000
2026-08-25,29209.23046875,29209.23046875,29338.76953125,29077.720703125,29231.1796875,7483990000
2026-08-26,29224.51953125,29224.51953125,29296.76953125,29096.83984375,29130.76953125,7065320000
2026-08-27,29641.560546875,29641.560546875,29643.529296875,29366.419921875,29480.990234375,7448410000
2026-08-28,29433.4296875,29433.4296875,29752.779296875,29383.919921875,29545.900390625,8457870000
