Date,Close,High,Low,Open,Volume
2001-08-27,21.856172561645508,21.898695597069533,21.818753224787894,21.898695597069533,44700
2001-08-28,21.60615348815918,21.7286150462686,21.565331671128458,21.703102383870085,319800
2001-08-29,21.50749969482422,21.669081808977943,21.481985090281174,21.660577589627277,128400
2001-08-30,21.20134735107422,21.260878848161163,21.141817800478808,21.260878848161163,36900
2001-08-31,21.25237464904785,21.286391535138225,21.158826265807786,21.19284315189816,1656900
2001-09-04,20.767623901367188,21.00574597021056,20.76762390136719,20.801640783633008,570000
2001-09-05,20.64005470275879,20.759115714431918,20.580523223676753,20.69958423534988,31500
2001-09-06,20.172311782836914,20.3253896468114,20.172311782836914,20.3253896468114,284700
2001-09-07,20.053247451782227,20.13829156049817,19.98521372200173,20.13829156049817,99900
2001-09-10,19.823633193969727,19.832139358172924,19.491964810199573,19.61102580466571,1438200
2001-09-17,18.956201553344727,19.032739554122973,18.726583658026556,18.75209632495264,170400
2001-09-18,18.80311393737793,18.922174947299414,18.70956753039677,18.78610549974499,991500
2001-09-19,18.752084732055664,18.981702485419756,18.51396276164035,18.981702485419756,435600
2001-09-20,17.935672760009766,18.250332763601914,17.935672760009766,18.250332763601914,123000
2001-09-21,17.433921813964844,17.6040082008917,16.66853015305651,16.66853015305651,110100
2001-09-24,18.24182891845703,18.275845795977286,17.918664689032504,18.029219540973337,139500
2001-09-25,18.45444107055664,18.59051054758669,18.292856985059245,18.437430682747962,151500
2001-09-26,18.547983169555664,18.616018865439955,18.488453638836432,18.616018865439955,138600
2001-09-27,18.840539932250977,18.845643633237763,18.51397314279421,18.547990030073056,662400
2001-09-28,19.20792579650879,19.24704637917938,18.995316388440298,19.032735737691937,663900
2001-10-01,19.10416603088379,19.10416603088379,18.876249485874567,18.913668823494515,432900
2001-10-02,19.171613693237305,19.1716136932373,18.90758893269379,18.90758893269379,309900
2001-10-03,19.36751937866211,19.45098371443646,18.822433872459765,18.822433872459765,398700
2001-10-04,19.573623657226562,19.674123535042217,19.350480984087586,19.537852679476256,578400
2001-10-05,19.604276657104492,19.691148436242297,19.469707662906462,19.57361499715344,274200
2001-10-08,19.48674774169922,19.63153733731008,19.350478850530163,19.372621765596385,127800
2001-10-09,19.435646057128906,19.648570089008075,19.410095641152633,19.5804336970329,2442600
2001-10-10,19.827425003051758,19.86149417381603,19.6741205574138,19.6741205574138,84600
2001-10-11,19.963699340820312,20.08974964158669,19.844462095653494,20.040352551774745,197400
2001-10-12,19.938142776489258,19.938142776489258,19.72521877229414,19.72521877229414,83400
2001-10-15,19.623014450073242,19.759285248381303,19.614495697643427,19.67411526842454,192600
2001-10-16,19.89556312561035,19.89556312561035,19.725223105089167,19.810393115349758,361800
2001-10-17,19.91259765625,20.27030937659747,19.91259765625,20.27030937659747,224700
2001-10-18,19.750774383544922,19.86149480596628,19.588951178036556,19.81039202287927,260700
2001-10-19,19.554885864257812,19.5719194771588,19.37773278121785,19.486749463281814,258000
2001-10-22,19.691152572631836,19.691152572631836,19.418610924831125,19.418610924831125,393000
2001-10-23,19.847867965698242,19.98073131113647,19.84786796569824,19.912596862000548,159300
2001-10-24,20.047163009643555,20.099967595098875,19.946663142427482,20.014799537710257,161100
2001-10-25,20.018203735351562,20.048865403559105,19.716704154111834,19.80187415510718,63900
2001-10-26,20.147653579711914,20.14765357971191,19.94665393803118,19.94665393803118,169500
2001-10-29,19.7269229888916,20.115296288145654,19.726922988891605,20.0999644806938,595500
2001-10-30,19.503786087036133,19.657090560860578,19.428836626695073,19.605989719376478,260100
2001-10-31,19.55829620361328,19.801880022425717,19.53104202914394,19.742260419252098,783000
2001-11-01,19.970510482788086,19.970510482788086,19.708187424540373,19.82742464664249,810300
2001-11-02,19.96880340576172,19.97732020953814,19.817200789672857,19.926217437508186,908700
2001-11-05,20.168100357055664,20.212388128793584,19.997760374221777,19.997760374221777,168600
2001-11-06,20.377622604370117,20.41509733318364,20.117005203243075,20.18513965608797,651300
2001-11-07,20.193655014038086,20.253272656000508,20.065900974746672,20.082934586735934,352200
2001-11-08,20.33843994140625,20.52070229440182,20.321406331698284,20.321406331698284,989400
2001-11-09,20.304372787475586,20.326517649790368,20.142551545356344,20.151068350237793,970200
2001-11-12,20.031831741333008,20.062491460089365,19.88704410457628,20.01479813105242,512700
2001-11-13,20.215791702270508,20.239638359535483,20.13913852995191,20.151062833269975,298800
2001-11-14,20.236242294311523,20.333336627366116,20.202175064861194,20.304378702584433,152400
2001-11-15,20.3231143951416,20.335036754844115,20.217503263421015,20.22772382128895,4697400
2001-11-16,20.437236785888672,20.488339566230977,20.36228929033954,20.440644287702074,659700
2001-11-19,20.539445877075195,20.684233552825848,20.51048795205061,20.64505701837825,432900
2001-11-20,20.398067474365234,20.534338354508613,20.39806747436523,20.525821546335425,358800
2001-11-21,20.345251083374023,20.406574411805558,20.268599846891842,20.406574411805558,143100
2001-11-23,20.40998649597168,20.40998649597168,20.338444539276214,20.338444539276214,228300
2001-11-26,20.60757827758789,20.645053002757376,20.505374658886737,20.593950218720856,360300
2001-11-27,20.447458267211914,20.484932991368098,20.27371270492953,20.4832292403843,443700
2001-11-28,20.091455459594727,20.231133835300763,20.082938651876145,20.099972267313312,534000
2001-11-29,20.1357364654541,20.202169102774373,20.077822582354603,20.17661868822709,1168500
2001-11-30,20.21239471435547,20.278827368293065,20.168106928187786,20.168106928187786,1092600
2001-12-03,20.04034996032715,20.086341491078148,19.939850093083997,19.980730370767173,541500
2001-12-04,20.32481575012207,20.32481575012207,20.134036574281073,20.134036574281073,1386300
2001-12-05,20.813695907592773,20.849466896497027,20.57181579455579,20.585441909675176,524400
2001-12-06,20.87841796875,20.914188945902577,20.752367673129292,20.78132559496044,508200
2001-12-07,20.563289642333984,20.685932420176492,20.527516720310462,20.628018533173233,5501100
2001-12-10,20.168100357055664,20.312887977904396,20.142549944442038,20.168100357055664,564000
2001-12-11,20.208982467651367,20.326517885245902,20.203873164411984,20.236236633462045,1061100
2001-12-12,20.29245376586914,20.355478918154844,20.151073598392934,20.355478918154844,447900
2001-12-13,19.81209945678711,19.972216991689972,19.769515420775114,19.92963295567798,728100
2001-12-14,19.926225662231445,19.96199664273148,19.8597949552298,19.929633164897062,874800
2001-12-17,20.162992477416992,20.24475497317443,20.006280539872318,20.014797344677987,678300
2001-12-18,20.217500686645508,20.304374442764598,20.171509156787597,20.244756803734187,908400
2001-12-19,20.00628089904785,20.04034811888215,19.890449232616522,19.929627705048983,772500
2001-12-20,19.9091854095459,19.980727346692525,19.85297333053881,19.92962651997967,1377600
2001-12-21,20.009693145751953,20.00969314575195,19.921117564800692,19.946667988224437,901200
2001-12-24,19.935033798217773,19.969124827689676,19.841281516435924,19.841281516435924,291300
2001-12-26,19.917984008789062,20.00832638794127,19.773095213894624,19.773095213894624,499500
2001-12-27,20.182186126708984,20.216277136693602,20.08843389851828,20.11400215600674,418500
2001-12-28,20.342422485351562,20.366287761199427,20.28446813843607,20.301513649336723,1309200
2001-12-31,20.335603713989258,20.439583666469588,20.335603713989258,20.357764047557286,717300
2002-01-02,20.448110580444336,20.448110580444336,20.277651543323984,20.429360125375776,1215900
2002-01-03,20.632200241088867,20.632200241088867,20.454923431710856,20.47196894113948,971400
2002-01-04,20.768569946289062,20.807773844626247,20.62538413040372,20.795843156352863,377400
2002-01-07,20.49242401123047,20.650948416869603,20.45833299290809,20.579356498099223,387900
2002-01-08,20.258895874023438,20.34582835260753,20.190711893143135,20.216280154448263,532500
2002-01-09,20.045822143554688,20.294690832978322,20.045822143554688,20.253780056313307,1169100
2002-01-10,20.093555450439453,20.136171182063865,20.028783283779337,20.095260391821846,539400
2002-01-11,19.979345321655273,20.171962689883753,19.960594872060756,20.122529154389095,697200
2002-01-14,19.7799129486084,19.943552195176792,19.732184347342525,19.866845444901866,537600
2002-01-15,19.764568328857422,19.892411585963266,19.62820036726011,19.858318620197295,887100
2002-01-16,19.41683006286621,19.599219682511457,19.41683006286621,19.500352640405097,425400
2002-01-17,19.69638442993164,19.75434071631474,19.59410943367517,19.730475445106027,526200
2002-01-18,19.687864303588867,19.687864303588864,19.560021028890237,19.63672777400284,580800
2002-01-22,19.457754135131836,19.710030907492033,19.358888966253772,19.710030907492033,561900
2002-01-23,19.50888442993164,19.55149820443513,19.452633077146903,19.54808832218143,757200
2002-01-24,19.614572525024414,19.739005949711533,19.570253797748645,19.70661986272565,467700
2002-01-25,19.335018157958984,19.47649706457297,19.317972647576596,19.415132837049654,582000
2002-01-28,19.51570701599121,19.524229772976025,19.38956865202871,19.500364492831316,1504800
2002-01-29,18.973648071289062,19.415134234763666,18.885010630626105,19.35547299339662,463200
2002-01-30,19.183305740356445,19.183305740356445,18.82875412390874,18.997508154024658,507900
2002-01-31,19.15944480895996,19.236151550525484,19.03160154017307,19.236151550525484,734100
2002-02-01,19.11683464050293,19.256610586550895,19.053765458309908,19.256610586550895,452100
2002-02-04,18.96001434326172,19.167972336775268,18.8475116144787,19.167972336775268,683400
2002-02-05,18.581588745117188,18.811706970252825,18.562838298967876,18.767388265918008,259800
2002-02-06,18.554319381713867,18.665117140821103,18.528751118242994,18.528751118242994,382800
2002-02-07,18.760576248168945,18.84921368421464,18.66511904724769,18.716255579412437,122100
2002-02-08,19.012853622436523,19.012853622436523,18.823646105636055,18.937851811935307,536100
2002-02-11,19.244674682617188,19.24637962387753,19.091263131659346,19.13387886023309,240300
2002-02-12,19.236148834228516,19.297513048375738,19.116826386094324,19.185010363494836,107100
2002-02-13,19.26171875,19.326490900608597,19.193534766738274,19.287287012198135,141900
2002-02-14,19.41513442993164,19.531045080481743,19.338427676184,19.34695043207443,225000
2002-02-15,19.295812606811523,19.46626966395887,19.27024434084947,19.46626966395887,258300
2002-02-19,18.886714935302734,18.98046719672861,18.811713126162033,18.95830686194297,300000
2002-02-20,18.971940994262695,18.971940994262695,18.724779153014662,18.835574966003918,257700
2002-02-21,18.842395782470703,19.040126046802172,18.76739397505751,18.980466759553998,445800
2002-02-22,18.978763580322266,19.03160505836601,18.869670741496275,18.954898302620435,226200
2002-02-25,19.217397689819336,19.225920442843666,19.028188281066285,19.07421192769093,159900
2002-02-26,19.108312606811523,19.193540171471312,19.011150452071888,19.152631330581396,164700
2002-02-27,19.32138442993164,19.41172682340355,19.185018368961398,19.346952700600934,325500
2002-02-28,19.38956069946289,19.4969485638672,19.346944981283478,19.35376474466145,247500
2002-03-01,19.756046295166016,19.756046295166016,19.495246873735525,19.558316040365558,239400
2002-03-04,20.431058883666992,20.444694510098934,20.011731183783834,20.02877864292385,856500
2002-03-05,20.206052780151367,20.31344064977554,20.14809844375419,20.207757721078735,406800
2002-03-06,20.41571807861328,20.48219712756413,20.19923737265736,20.250373902168135,735600
2002-03-07,20.732763290405273,20.838448154064974,20.62537543680565,20.838448154064974,832800
2002-03-08,20.76344871520996,20.94754331401865,20.69696967658832,20.932202747695676,255900
2002-03-11,20.79584312438965,20.80607082198959,20.659477074280247,20.80436588060062,666600
2002-03-12,20.557199478149414,20.557199478149418,20.315148550267242,20.420833445093827,890700
2002-03-13,20.335603713989258,20.495835020234342,20.335603713989258,20.454924235411397,184200
2002-03-14,20.5367488861084,20.642433805639534,20.5026578575589,20.506065789973412,277800
2002-03-15,20.765159606933594,20.8009555724344,20.5998154087947,20.625383676904733,90300
2002-03-18,20.74129295349121,20.78049684467851,20.65265357389925,20.778791903597867,387600
2002-03-19,20.84527587890625,20.889594603813432,20.79925221251533,20.864026333759362,202200
2002-03-20,20.577653884887695,20.702087274484892,20.577653884887695,20.702087274484892,295500
2002-03-21,20.630491256713867,20.66287732813434,20.47196492892297,20.623673444425318,164100
2002-03-22,20.448110580444336,20.59299939648285,20.4310650668791,20.55038561256975,179700
2002-03-25,20.19582748413086,20.528220778048432,20.19582748413086,20.50606044482717,405000
2002-03-26,20.323671340942383,20.45321956025507,20.24014873052088,20.327081223299835,281700
2002-03-27,20.354352951049805,20.427649810540558,20.335602500913403,20.369693519076506,196500
2002-03-28,20.471967697143555,20.61856141020205,20.43446679838595,20.565719944037568,546600
2002-04-01,20.5861759185791,20.591288790948685,20.33560225633365,20.47196827807944,334200
2002-04-02,20.506061553955078,20.581063361857804,20.489016043201488,20.557200036949514,333900
2002-04-03,20.50946617126465,20.676515254939304,20.408896123049605,20.592990713101976,148800
2002-04-04,20.480491638183594,20.540152871749292,20.361171121785702,20.506059902254535,246000
2002-04-05,20.480491638183594,20.63220018299148,20.410604659576325,20.58276664520086,262500
2002-04-08,20.24355697631836,20.24526191752355,20.09696324441054,20.19071550335941,377100
2002-04-09,20.212875366210938,20.292990044383743,20.19071503252755,20.267419828369498,198300
2002-04-10,20.477083206176758,20.490720785087163,20.332194415447077,20.361172563739743,288600
2002-04-11,20.0219669342041,20.357770217408337,20.01514911824519,20.35265539238852,315300
2002-04-12,20.226512908935547,20.2657187565177,20.11401019016961,20.165148676305847,180300
2002-04-15,20.369691848754883,20.393557120098873,20.207757575025333,20.38673930717201,199500
2002-04-16,20.751523971557617,20.795842693082268,20.59129264679362,20.59129264679362,208500
2002-04-17,20.778793334960938,20.91516132053723,20.777090344496486,20.91516132053723,158700
2002-04-18,20.84527587890625,20.92880045500339,20.642432709223435,20.92368758128616,127200
2002-04-19,20.928794860839844,20.928794860839847,20.761745753296964,20.855498002503015,379500
2002-04-22,20.782207489013672,20.787322313659264,20.68163739572479,20.70209279283908,151500
2002-04-23,20.7276554107666,20.841863054561593,20.676518882661487,20.736178165450784,143700
2002-04-24,20.62537956237793,20.872543339602878,20.62537956237793,20.872543339602878,312600
2002-04-25,20.812889099121094,20.812889099121094,20.55208768136424,20.659477533182066,591900
2002-04-26,20.628793716430664,20.858912032637928,20.594702692024796,20.85550214990381,149100
2002-04-29,20.574249267578125,20.72595590130094,20.541861230703535,20.693569815160366,249300
2002-04-30,20.78390884399414,20.853795829551565,20.482198616192015,20.633905225353388,222600
2002-05-01,20.893007278442383,20.956076466629796,20.541863413765636,20.79243717553798,422100
2002-05-02,20.836750030517578,20.9662982537836,20.6918612376421,20.9662982537836,819600
2002-05-03,20.978235244750977,21.008916390336374,20.811186082679505,20.966302604393277,784800
2002-05-06,20.761751174926758,20.918572627986677,20.71231957660682,20.901527114722285,445200
2002-05-07,20.489015579223633,20.770272352489744,20.489015579223633,20.770272352489744,1614900
2002-05-08,20.94072914123535,20.971410279214332,20.741293941437597,20.744701873027708,1940100
2002-05-09,20.838455200195312,20.911752068051964,20.674815953454928,20.812886933654696,2548200
2002-05-10,20.666292190551758,20.906636225198294,20.599813140199753,20.906636225198294,2427000
2002-05-13,20.973115921020508,20.979935685895747,20.727657055320698,20.792431166499853,270600
2002-05-14,20.996980667114258,21.034479619314126,20.811181093622668,21.000388598732275,600900
2002-05-15,21.085613250732422,21.213456499241012,20.967997696192498,21.031066850054973,907800
2002-05-16,21.193004608154297,21.247551017831917,21.102662239046587,21.170846226510353,56061600
2002-05-17,21.382221221923828,21.42654190558446,21.26631053959852,21.392448921942876,1063200
2002-05-20,21.273117065429688,21.392437568010674,21.240730991503394,21.35834655319704,1486800
2002-05-21,21.240737915039062,21.324262489144374,21.189601376150378,21.324262489144374,1022700
2002-05-22,21.28164291381836,21.29698348116244,21.17084515898507,21.179367913146603,614100
2002-05-23,21.302101135253906,21.325966412850168,21.102665912078194,21.102665912078194,839700
2002-05-24,21.162321090698242,21.22027738132681,21.1367528274445,21.17936855026751,781200
2002-05-28,21.11971092224121,21.22028100211951,21.054936807172666,21.21346318756855,1505400
2002-05-29,21.099262237548828,21.128240397022854,21.027670285162646,21.077103845528264,1021200
2002-05-30,21.005508422851562,21.02596382036375,20.88959580410522,21.000393598106477,806100
2002-05-31,20.89470863342285,21.060052837843653,20.886185877062367,21.025961812401725,1322700
2002-06-03,20.855493545532227,21.060043509043712,20.82140253519132,20.98333678504365,555900
2002-06-04,20.736177444458008,20.81629406673062,20.63390244107036,20.63390244107036,1016100
2002-06-05,20.693567276000977,20.734476114039648,20.5708368604174,20.608337766547557,558300
2002-06-06,20.489015579223633,20.7242486942038,20.47197006885604,20.691860663918483,687000
2002-06-07,20.327077865600586,20.415715284916825,20.16514359357541,20.284464096839564,854400
2002-06-10,20.393552780151367,20.485600062642053,20.28445999360432,20.42082597678813,1003200
2002-06-11,20.292985916137695,20.529921970858435,20.264007774421273,20.454920180706097,465900
2002-06-12,20.180484771728516,20.240146000535198,20.028778189755354,20.139573991891545,522900
2002-06-13,19.841272354125977,19.957184921978886,19.83274960069364,19.83274960069364,555900
2002-06-14,19.612865447998047,19.612865447998047,19.261723600439908,19.512295364106713,1286700
2002-06-17,19.923091888427734,19.943547276887696,19.628199548785176,19.68104296076227,717600
2002-06-18,19.9708251953125,19.98957564737438,19.773094928781468,19.80718595044537,552300
2002-06-19,19.432180404663086,19.585591965079452,19.421952707204152,19.537865311249526,2799300
2002-06-20,19.341840744018555,19.50888990815441,19.341840744018555,19.474796928244533,568200
2002-06-21,19.364002227783203,19.52934450935063,19.316273613676028,19.364002227783203,1515000
2002-06-24,19.36570167541504,19.4185431542387,19.040128095501018,19.32138295282959,1017600
2002-06-25,19.381040573120117,19.62649941820246,19.328197153443924,19.54297486209941,1889700
2002-06-26,19.384449005126953,19.46286069076162,19.125354526215858,19.125354526215858,816000
2002-06-27,19.863441467285156,19.863441467285156,19.5242302686229,19.67082403336404,768300
2002-06-28,20.207765579223633,20.35265440265913,20.079922270223594,20.079922270223594,912600
2002-07-01,20.045822143554688,20.303213586328,20.044117202738114,20.250370174680157,614100
2002-07-02,19.67934226989746,19.977642604882323,19.606045404364387,19.866844835985013,779100
2002-07-03,19.491838455200195,19.587293697957872,19.35206254713578,19.449222730979642,733500
2002-07-05,20.248674392700195,20.248674392700195,19.921395865808595,19.965712638416203,402900
2002-07-08,20.233325958251953,20.29128224531217,20.14809841932025,20.233325958251953,524700
2002-07-09,19.98616600036621,20.252080264091376,19.88389098343596,20.22992188004227,740700
2002-07-10,19.425355911254883,19.97252485741448,19.392967888648023,19.943546716366185,2103300
2002-07-11,19.34694480895996,19.379332832517164,18.982165500816713,19.091258305093824,1058400
2002-07-12,19.08273696899414,19.362288763767033,19.006032182577208,19.338423491850634,695700
2002-07-15,18.85944366455078,18.954898926297393,18.336137838801136,18.954898926297393,1115700
2002-07-16,18.494659423828125,18.690684720668518,18.283291608879605,18.404317059095302,628500
2002-07-17,18.96341896057129,19.09978499401589,18.86284888898505,18.946373450232418,658800
2002-07-18,19.03841781616211,19.258308376776444,19.026487131214033,19.113419610616607,582900
2002-07-19,18.3651123046875,18.782733136315926,18.20829088750807,18.579888063559203,1575300
2002-07-22,17.702028274536133,18.307151511126317,17.642367055695974,18.170785519005555,1177800
2002-07-23,17.199180603027344,17.60487075458052,17.09861248642685,17.506005628355013,797100
2002-07-24,17.814529418945312,17.81452941894531,16.61962153136208,16.670758048088423,2543400
2002-07-25,17.62532615661621,17.78726044881608,17.35259410110058,17.451459227383303,1085400
2002-07-26,17.62532615661621,17.662827058091302,17.388390061466158,17.471914619230358,606300
2002-07-29,18.469091415405273,18.49465967829276,17.915102632509353,17.949193649692667,902700
2002-07-30,18.351478576660156,18.453753605036077,18.087269224617152,18.204884824492588,703200
2002-07-31,18.281587600708008,18.32249838343929,17.96623982781043,18.12817606693268,600900
2002-08-01,17.642370223999023,17.99521692621499,17.565663486210028,17.92362501133639,732000
2002-08-02,17.57419204711914,17.72930659623513,17.497485292499455,17.693510630941624,855600
2002-08-05,16.977584838867188,17.4872529235423,16.92644636587083,17.480435110720546,469800
2002-08-06,17.34918785095215,17.60316950890156,17.168503070188184,17.168503070188184,663900
2002-08-07,17.684982299804688,17.79578004344492,17.403727539420423,17.783849359264078,675300
2002-08-08,18.085561752319336,18.196357558976377,17.661121172492255,17.70203195399852,573300
2002-08-09,18.256013870239258,18.39237985395393,17.8128229601169,17.8128229601169,954000
2002-08-12,18.051467895507812,18.211699180874852,17.918511763624526,17.966238405387756,450900
2002-08-13,17.879304885864258,18.187832852124895,17.795780341533316,17.795780341533316,557700
2002-08-14,18.298629760742188,18.373631548199658,17.906577268080937,18.119649995885165,886500
2002-08-15,18.443523406982422,18.477614428241825,18.27477129116146,18.337840460784815,575100
2002-08-16,18.443523406982422,18.538980607389128,18.208292239118705,18.29011186058146,546600
2002-08-19,18.775915145874023,18.78443790047595,18.359997308512597,18.38386258198479,710100
2002-08-20,18.273059844970703,18.528746314862335,18.273059844970707,18.443516841320807,834900
2002-08-21,18.733299255371094,18.774210037682966,18.486137423381823,18.670230091584845,679500
2002-08-22,18.78784942626953,18.915692707216365,18.63102799684758,18.707732794975485,666000
2002-08-23,18.554319381713867,18.678754718445642,18.501477913727374,18.61057073178986,1091100
2002-08-26,18.639545440673828,18.767388685190475,18.53045264272539,18.680454264537943,603900
2002-08-27,18.803192138671875,18.963421518053345,18.68387159947411,18.861146491493276,1427700
2002-08-28,18.290111541748047,18.52704764669119,18.198064225365307,18.49466156720604,574800
2002-08-29,18.111133575439453,18.245794681356177,17.984993274822436,18.013971425629943,483000
2002-08-30,18.102611541748047,18.235567711616607,17.9781761775192,17.983291001783694,686100
2002-09-03,17.395206451416016,17.69350674695856,17.284408697168775,17.69350674695856,523200
2002-09-04,17.398622512817383,17.54862420898299,17.2605515062122,17.408848260802298,871800
2002-09-05,17.267366409301758,17.308277197277288,17.062818321625308,17.153158751814843,451800
2002-09-06,17.519638061523438,17.64066349862697,17.473614413652136,17.608277426403877,360000
2002-09-09,17.44123649597168,17.487260165361068,17.233278488289077,17.38669006934234,779700
2002-09-10,17.57419204711914,17.616805827055742,17.466802200504823,17.616805827055742,531000
2002-09-11,17.737829208374023,17.98158312200164,17.737829208374023,17.80942113050706,1507800
2002-09-12,17.44464111328125,17.674757440030646,17.357706674795043,17.674757440030646,333900
2002-09-13,17.015087127685547,17.22304506626406,16.965653591533226,17.14804326688817,1380600
2002-09-16,16.87531089782715,17.020199670690502,16.87531089782715,17.020199670690502,394500
2002-09-17,16.790088653564453,17.052595059634175,16.679292800571602,17.028729776863702,541800
2002-09-18,16.781564712524414,16.798610227167742,16.595767042324855,16.781564712524414,1149900
2002-09-19,16.491779327392578,16.619622577992523,16.45768831409478,16.570189048124156,1235400
2002-09-20,16.401437759399414,16.66905690839933,16.304276611174608,16.60257786868938,771300
2002-09-23,15.818473815917969,16.234391662722604,15.787791703581052,16.210527364075325,792300
2002-09-24,15.562792778015137,15.758820109148184,15.472450374772658,15.52870174676912,1197300
2002-09-25,15.954838752746582,16.05540880689668,15.639491013949414,15.988929767513863,721800
2002-09-26,16.51734733581543,16.578711548963565,16.32132206160525,16.398026840357126,2018100
2002-09-27,16.512239456176758,16.658833196322846,16.415077309357198,16.51735232934601,1955700
2002-09-30,16.227577209472656,16.244622723617873,15.930980776657533,16.18496244874258,2333700
2002-10-01,16.624738693237305,16.63667133051291,16.060525095365904,16.253141503885104,829200
2002-10-02,16.39632797241211,16.63667399313318,16.270190593192776,16.270190593192776,688500
2002-10-03,16.215641021728516,16.551444209420335,16.178141093886424,16.440646440981954,720900
2002-10-04,15.93779182434082,16.338367064340684,15.80483473279635,16.167909079602495,388200
2002-10-07,15.545737266540527,15.79971977270226,15.47925921313567,15.649716210496761,572100
2002-10-08,15.586651802062988,15.765632581540967,15.38551166471252,15.71960892466472,803700
2002-10-09,15.341193199157715,15.450286024534822,15.266191394027555,15.315624933972503,549000
2002-10-10,15.699156761169434,15.796316961527214,15.274717067677633,15.36676341927444,767400
2002-10-11,16.270191192626953,16.457694765364373,16.075868829337114,16.09121037655483,908700
2002-10-14,15.852566719055176,16.149163089622828,15.852566719055178,16.09461667551231,1391700
2002-10-15,16.96054458618164,17.018498939221953,16.64178686615743,16.72019856546769,1653000
2002-10-16,16.6622371673584,16.77985272962995,16.534393910445843,16.70485288681811,385500
2002-10-17,16.900876998901367,17.12076754156488,16.78326144480535,17.0969042228835,1015800
2002-10-18,16.764514923095703,16.986110458422512,16.645194400283852,16.721901147353474,1116000
2002-10-21,17.003156661987305,17.052590204450727,16.704856318161916,16.786675941363185,583500
2002-10-22,16.808835983276367,16.91963376638571,16.59406018271405,16.667357057648914,2128200
2002-10-23,16.653718948364258,16.721902947626095,16.398032364916563,16.61962792410025,783000
2002-10-24,16.491779327392578,16.82076267762265,16.491779327392578,16.82076267762265,3072900
2002-10-25,16.77303695678711,16.80372004444191,16.53610086253113,16.585534400852723,1576800
2002-10-28,16.849746704101562,17.045772049760217,16.80883591326929,17.020203780856985,910800
2002-10-29,16.474735260009766,16.738944537615957,16.309391100044166,16.738944537615957,1245900
2002-10-30,16.738937377929688,16.745755188122068,16.544615156952847,16.594048669995804,2517000
2002-10-31,16.849746704101562,16.960544486749445,16.790085459260144,16.899178300501035,1309500
2002-11-01,17.112241744995117,17.129287248269293,16.755985264512972,16.85826023489084,662400
2002-11-04,17.335546493530273,17.5230490274807,17.255429876947247,17.304863409472947,575400
2002-11-05,17.59975814819336,17.633849167945343,17.344071598586357,17.344071598586357,477300
2002-11-06,17.608280181884766,17.608280181884766,17.33043331037962,17.5145279306734,1914000
2002-11-07,17.30998420715332,17.38498603536782,17.25202984504282,17.378168219366735,1892100
2002-11-08,17.16509246826172,17.315096099282307,17.071340198873852,17.187252804929347,868500
2002-11-11,16.82929039001465,17.03384043154236,16.80713200513497,17.03384043154236,829800
2002-11-12,17.139522552490234,17.25032032371337,16.93667746211968,17.054293047533896,1043100
2002-11-13,16.943498611450195,17.102025014682393,16.892362068850936,16.917930340150566,1736400
2002-11-14,17.321914672851562,17.321914672851562,17.209411944658353,17.270778133164075,1787100
2002-11-15,17.58271026611328,17.582710266113278,17.250318930031977,17.267364439499374,2715300
2002-11-18,17.361116409301758,17.548618961120198,17.32872838125484,17.548618961120198,499500
2002-11-19,17.199180603027344,17.369639600676116,17.190659798951796,17.332138699222728,434100
2002-11-20,17.437822341918945,17.437822341918945,17.113953744654257,17.139522010111953,515400
2002-11-21,17.863967895507812,17.877603523453146,17.59123582926498,17.642372360160408,752100
2002-11-22,17.778738021850586,17.930444620924472,17.710554031347566,17.744647001965863,762000
2002-11-25,17.640670776367188,17.724195353313053,17.54351056888084,17.59976193401177,3246600
2002-11-26,17.228160858154297,17.49578007367285,17.217933160984963,17.468506864799217,581100
2002-11-27,17.7054386138916,17.707143554787503,17.456569912888643,17.4804351839647,1091700
2002-11-29,17.795780181884766,17.87078197209955,17.744643661683703,17.795780181884766,721500
2002-12-02,17.88442611694336,18.01908919560981,17.76169762970236,17.983293224270003,534300
2002-12-03,17.567373275756836,17.659420606215253,17.478735828179815,17.63044245392517,585600
2002-12-04,17.487258911132812,17.63044278308182,17.352597795812486,17.400326403373473,1287900
2002-12-05,17.291231155395508,17.536690051208943,17.22475404557559,17.471917882817003,756000
2002-12-06,17.412256240844727,17.45487002190454,17.139524140594197,17.139524140594197,1064400
2002-12-09,16.965656280517578,17.27929915449139,16.936678130644577,17.21282009898671,1185300
2002-12-10,17.195772171020508,17.200885043463725,17.00315479676811,17.122475311355736,699300
2002-12-11,17.17361068725586,17.214521466992483,17.054290180668506,17.105428655339285,2120100
2002-12-12,17.139522552490234,17.18725115329513,17.055997988765082,17.088386019956634,5151900
2002-12-13,16.977584838867188,17.033836183796538,16.877014784496517,16.991220464510693,937800
2002-12-16,17.34407615661621,17.38498500092274,17.10032022942311,17.122480568525784,1738800
2002-12-17,17.257144927978516,17.386693202250026,17.219644009071793,17.224758834777862,1561200
2002-12-18,16.89236068725586,16.992930773396207,16.883837930853044,16.909406200061493,1571100
2002-12-19,16.986116409301758,16.986116409301758,16.732134705578176,16.77133861270219,1256100
2002-12-20,17.0883846282959,17.122475647208628,16.859971290260294,16.914517700814066,1992600
2002-12-23,17.119997024536133,17.170376327926945,16.928907159786444,17.14605645032228,2054700
2002-12-24,17.088733673095703,17.18775275938509,17.07657273686521,17.180804504991503,600900
2002-12-26,17.14605712890625,17.285032123693934,17.111311889167972,17.19469688604058,1018200
2002-12-27,16.876792907714844,17.07135991087893,16.83683895890023,16.998398278720085,1122000
2002-12-30,17.12868881225586,17.224232772843173,17.064411000946652,17.07136124307015,1253400
2002-12-31,17.19991111755371,17.302405309705048,17.02792842771514,17.302405309705048,1397700
2003-01-02,17.5629825592041,17.61335987781273,17.26244825557086,17.344095694321364,860700
2003-01-03,17.580360412597656,17.6654830019779,17.526507954435427,17.597732045033478,663000
2003-01-06,17.79750633239746,17.88783959871554,17.510868488792106,17.56298536401831,1602600
2003-01-07,17.51955795288086,17.604678545721153,17.417061753224793,17.516082831517704,6725400
2003-01-08,17.281558990478516,17.37884249204392,17.146059100500313,17.163430728339414,709200
2003-01-09,17.493497848510742,17.51781972100954,17.269400242510283,17.269400242510283,2422500
2003-01-10,17.470918655395508,17.58036113708485,17.37363512407877,17.446596778538332,675900
2003-01-13,17.50739860534668,17.662007723094344,17.41880089504534,17.60641770457205,1176900
2003-01-14,17.641162872314453,17.674170567654464,17.476130359782687,17.52824526224869,1388700
2003-01-15,17.4726505279541,17.559508665435242,17.401424469553167,17.559508665435242,499200
2003-01-16,17.545616149902344,17.569936036318236,17.458756004607096,17.562987781350234,717300
2003-01-17,17.36147117614746,17.458754690600706,17.288509534335343,17.441383060460264,805500
2003-01-21,17.055727005004883,17.21554879394325,16.989713614181305,17.16343390079314,1443900
2003-01-22,16.815994262695312,16.970603359804407,16.746505754790437,16.82468007767647,1064400
2003-01-23,16.934125900268555,17.11131934433045,16.85247842801847,17.11131934433045,821400
2003-01-24,16.75519371032715,16.96365525982789,16.68049450797594,16.96365525982789,541200
2003-01-27,16.308738708496094,16.51198960961798,16.244462867459944,16.390387177563987,1155300
2003-01-28,16.37822151184082,16.42165157834436,16.26009324187337,16.35563819534786,1166700
2003-01-29,16.3382625579834,16.477237543865773,16.199286578073515,16.207973384465234,1705500
2003-01-30,16.327844619750977,16.4841912823969,16.26878047960018,16.48071715510046,1506000
2003-01-31,16.459867477416992,16.534567662192906,16.261828340333054,16.320893464012475,1015800
2003-02-03,16.718706130981445,16.73607775407945,16.548460049705863,16.605787598762173,619200
2003-02-04,16.47723960876465,16.536303736659594,16.366059606125862,16.437284668076696,653400
2003-02-05,16.505035400390625,16.751716291573956,16.47029115088715,16.551939590505093,801000
2003-02-06,16.345211029052734,16.392115211669314,16.227082786485266,16.333051090385577,523200
2003-02-07,16.108959197998047,16.39038439237054,16.08637587882517,16.320896874135578,546600
2003-02-10,16.164548873901367,16.1940814412929,16.0082022096555,16.14022799452174,532200
2003-02-11,16.242717742919922,16.371269357264165,16.164543443033676,16.164543443033676,721800
2003-02-12,16.070737838745117,16.280937915244905,16.070737838745117,16.204501162325826,596700
2003-02-13,16.306991577148438,16.33652313701733,16.091579876554405,16.190599915476607,501000
2003-02-14,16.461606979370117,16.53109449128206,16.253144443634284,16.327843643193095,594300
2003-02-18,16.703075408935547,16.711761223255795,16.590157834716866,16.62490208602559,640200
2003-02-19,16.312211990356445,16.562368079562905,16.312211990356445,16.489405431281526,2189700
2003-02-20,16.32958221435547,16.485929880871534,16.305262327721593,16.485929880871534,250800
2003-02-21,16.43381118774414,16.458132064255768,16.27746454193519,16.27746454193519,1104000
2003-02-24,16.234031677246094,16.355635044809706,16.23229511109822,16.33131417249147,694800
2003-02-25,16.03425407409668,16.07768412972584,15.836214968721627,15.982139200174695,1611000
2003-02-26,15.843164443969727,15.903966128933092,15.75630532003388,15.843164443969727,1377600
2003-02-27,15.865754127502441,15.942190902959307,15.764997463516552,15.848382494545145,1026000
2003-02-28,16.1124324798584,16.1124324798584,15.95087314863312,16.02209821945257,899700
2003-03-03,16.18191909790039,16.3191575528763,16.10374577257304,16.308734177758584,718200
2003-03-04,15.947402954101562,16.069005381594366,15.895287060017218,16.069005381594366,1403700
2003-03-05,15.973457336425781,16.032521474896498,15.903969822334405,15.947399891401945,746700
2003-03-06,15.791050910949707,15.865750106568273,15.725037529608501,15.791050910949707,765300
2003-03-07,15.676396369934082,15.719826434237905,15.521786295279062,15.591274795776261,711000
2003-03-10,15.242104530334473,15.382816154232678,15.217783646860555,15.322014442561892,1649400
2003-03-11,15.191719055175781,15.325483363141391,15.19171905517578,15.252520742243526,1033500
2003-03-12,15.016266822814941,15.111812779866431,14.875554228263393,15.068382709022313,1614600
2003-03-13,15.445353507995605,15.516577594568265,15.196935003285892,15.245575770162743,2728800
2003-03-14,15.5217866897583,15.68334502215235,15.43840167987571,15.54263343924281,1962300
2003-03-17,15.95956039428711,16.009938719519738,15.41755677130529,15.427980147292136,2464200
2003-03-18,16.027313232421875,16.049897549130776,15.86054316275259,16.049897549130776,4454400
2003-03-19,16.1124324798584,16.173233181597926,15.983879840279803,16.069001419131794,1033800
2003-03-20,16.21492576599121,16.247932457797102,16.00125154652997,16.10027162194764,1044000
2003-03-21,16.60753059387207,16.71002380010996,16.338266371620552,16.43554888444565,2088600
2003-03-24,16.069000244140625,16.2861495677288,16.069000244140625,16.2861495677288,1530900
2003-03-25,16.247928619384766,16.24966617950061,16.051626075450283,16.051626075450283,1936500
2003-03-26,16.256616592407227,16.397329159665603,16.254880026088117,16.3469508439136,916500
2003-03-27,16.147178649902344,16.220140300369547,15.933504392938735,16.110697824668744,485100
2003-03-28,16.042945861816406,16.12111919584354,15.947400896678325,15.947400896678325,1169100
2003-03-31,15.73893928527832,15.872702642105853,15.652079136458003,15.764996733507655,1401900
2003-04-01,15.983880996704102,15.983880996704102,15.808424150724322,15.928290984440995,1181400
2003-04-02,16.247928619384766,16.27919873730483,16.169755312639648,16.19060205791969,2012400
2003-04-03,16.15760040283203,16.284416493845388,16.148915581098006,16.267043868293644,1245900
2003-04-04,16.37474822998047,16.423388992469345,16.26356820825983,16.294837340861807,621600
2003-04-07,16.586687088012695,16.824681217903393,16.586687088012695,16.79688621046887,1147800
2003-04-08,16.59016227722168,16.614483160247648,16.511988933378504,16.59537396601496,487500
2003-04-09,16.527616500854492,16.697861610764708,16.48592400345297,16.675278298925658,2949300
2003-04-10,16.4424991607666,16.538045118882124,16.388646707303568,16.538045118882124,639300
2003-04-11,16.348690032958984,16.524145872410795,16.346952472439117,16.52067174539882,327900
2003-04-14,16.597110748291016,16.616219941627183,16.38343648793127,16.452924011868262,1698600
2003-04-15,16.824676513671875,16.843785700193607,16.609265763297756,16.72739500887912,1128900
2003-04-16,16.713499069213867,16.842050713793693,16.677018250834607,16.784725133523064,1815000
2003-04-17,16.95496368408203,16.982758680442103,16.843783698641754,16.883739627176528,1543500
2003-04-21,16.89590072631836,16.953228286383265,16.81425328685707,16.902850967336075,1130400
2003-04-22,17.140846252441406,17.175591495836716,16.78298634871807,16.78298634871807,2584200
2003-04-23,17.291982650756836,17.347572655983416,17.14084670277976,17.18080264030368,5359200
2003-04-24,17.156482696533203,17.19817619916151,17.05398848863685,17.19817619916151,1192200
2003-04-25,16.85247039794922,16.915010634093026,16.83509877281652,16.902849701278107,1229100
2003-04-28,17.151273727416992,17.196440367769068,16.963656922834648,16.963656922834648,791400
2003-04-29,17.250289916992188,17.36842017437336,17.156481530509723,17.24160410254422,467700
2003-04-30,17.338891983032227,17.422277015596386,17.29372533890031,17.394482004741665,1732200
2003-05-01,17.410110473632812,17.458752223987215,17.22423127411363,17.38231547172392,913200
2003-05-02,17.56125259399414,17.613367495381137,17.290250733058443,17.359739256297157,778800
2003-05-05,17.69501495361328,17.783610673549294,17.65158388598645,17.736706472390278,1083600
2003-05-06,18.06850242614746,18.167523474743817,17.87567499749129,17.87567499749129,808200
2003-05-07,17.901735305786133,17.97122380696021,17.83572192549016,17.950377057802445,668700
2003-05-08,17.63247299194336,17.788819651368346,17.580358101486908,17.674166494753027,1073400
2003-05-09,17.854829788208008,17.9156324707267,17.68458665087727,17.68458665087727,957300
2003-05-12,17.99728012084961,18.073716870931456,17.800977552710005,17.89304836965212,860400
2003-05-13,17.99553680419922,18.075448649379464,17.877408584257807,17.877408584257807,952200
2003-05-14,18.00075912475586,18.144944854373794,17.95385492600126,18.143207293668862,522300
2003-05-15,18.032026290893555,18.113675735167885,17.979911400895816,18.113675735167885,612300
2003-05-16,18.25438690185547,18.280444344824527,18.085879320711246,18.124097698954717,459000
2003-05-19,17.761032104492188,18.091097155164107,17.73671022434281,18.06330214074785,676500
2003-05-20,17.938217163085938,17.978173103279605,17.80966551591692,17.840935641467034,693900
2003-05-21,17.75234031677246,17.816618136995043,17.686328911889667,17.78187288572602,1339800
2003-05-22,17.99033546447754,18.1275729371642,17.83572437307162,17.866994501099445,1334400
2003-05-23,18.09282875061035,18.131047131338054,17.96427709982931,18.023340243453912,632700
2003-05-27,18.249170303344727,18.290863793590315,17.97122032855761,18.00596357839224,763800
2003-05-28,18.336036682128906,18.403785644847904,18.233542469646427,18.257862355230717,801600
2003-05-29,18.422895431518555,18.56360803164734,18.356882039307923,18.362094721565903,594300
2003-05-30,18.4576358795166,18.57055145433246,18.41420482422447,18.483693319858723,1646400
2003-06-02,18.629613876342773,18.82765397274163,18.56186493888275,18.646985500719957,1393500
2003-06-03,18.674781799316406,18.69215541295983,18.511486928342183,18.629615175175772,1439400
2003-06-04,18.787704467773438,18.85545541645399,18.57924291591463,18.57924291591463,920100
2003-06-05,18.9770565032959,19.011799759694316,18.815497180154587,18.878035439282822,1451100
2003-06-06,19.091712951660156,19.261958118369286,18.992693858563,19.178573095746483,1814100
2003-06-09,18.9544677734375,19.089969622679646,18.89192952889379,19.004847073910597,904500
2003-06-10,19.107349395751953,19.119510333063925,18.971847488720794,19.0413360030032,535800
2003-06-11,19.421781539916992,19.456524805247195,19.162940634706306,19.187260522826264,702300
2003-06-12,19.47389793395996,19.532961085917893,19.354030093098554,19.49648026063168,1860000
2003-06-13,19.360980987548828,19.524275926411534,19.30538897927717,19.505166732708883,1373100
2003-06-16,19.644136428833008,19.6823548058211,19.506898976592836,19.506898976592836,681300
2003-06-17,19.684093475341797,19.767478487635408,19.663246725254517,19.767478487635408,797700
2003-06-18,19.628501892089844,19.730996085729736,19.57812258143077,19.57812258143077,725100
2003-06-19,19.39572525024414,19.510380418354114,19.3366601052076,19.45652596820619,1944300
2003-06-20,19.421781539916992,19.55901902841604,19.333185815713787,19.508641691298426,1131300
2003-06-23,19.206361770629883,19.340126070090705,19.117766083079022,19.340126070090705,744000
2003-06-24,19.055234909057617,19.088242603610325,18.954478240526278,19.01875408059034,874800
2003-06-25,18.865873336791992,19.17682900804585,18.865873336791992,19.063913443637713,1455900
2003-06-26,18.952735900878906,19.069126600610808,18.85892752172527,18.940574966379632,417900
2003-06-27,18.810283660888672,19.0031110905963,18.79464760741419,18.97531609204236,1479000
2003-06-30,18.81549644470215,19.02743308372599,18.813758884339062,19.02743308372599,1613700
2003-07-01,18.92667007446289,18.983997618797822,18.7060476960115,18.76163768056876,1467000
2003-07-02,19.3001766204834,19.326234067452205,19.084764813707544,19.107349127247303,1419600
2003-07-03,19.19594383239746,19.26543234203942,19.149039635104444,19.21157989019891,1455300
2003-07-07,19.54859161376953,19.559014988827002,19.41656683517109,19.42699021022856,2078100
2003-07-08,19.456518173217773,19.552064108363574,19.336652358241786,19.360974226127215,719700
2003-07-09,19.355764389038086,19.465206846436168,19.248059492180708,19.41135439800748,635700
2003-07-10,19.256744384765625,19.3349167128545,19.135140997460816,19.135140997460816,2265900
2003-07-11,19.215049743652344,19.383557313014705,19.081287417208177,19.17683136808106,3879300
2003-07-14,19.421781539916992,19.621559291677517,19.336658949413252,19.430467356249544,1445400
2003-07-15,19.239377975463867,19.55901960441564,19.152517821524462,19.499956449226108,3166500
2003-07-16,19.095190048217773,19.25501185512311,18.984010006554225,19.237640222120177,1337100
2003-07-17,18.79638671875,18.91625253565231,18.746009397994612,18.827656840224407,1727100
2003-07-18,19.091712951660156,19.124720641396376,18.883251389131026,18.909308835940198,683700
2003-07-21,18.94578742980957,18.994429184296667,18.891934981796066,18.994429184296667,1119000
2003-07-22,18.900623321533203,19.037860800693096,18.88325169005026,18.996169282745186,3241200
2003-07-23,19.180309295654297,19.234161746183624,19.022225077227667,19.070866833987157,724800
2003-07-24,19.211580276489258,19.430465209554047,19.211580276489258,19.39572194806231,1459200
2003-07-25,19.453046798706055,19.498213429932605,19.251531536545894,19.420039114465798,1580100
2003-07-28,19.50342559814453,19.53990641797311,19.449573148688586,19.449573148688586,1042500
2003-07-29,19.421781539916992,19.593764281802166,19.378352458254238,19.593764281802166,677700
2003-07-30,19.260223388671875,19.43915239075964,19.211581626332354,19.43915239075964,876600
2003-07-31,19.100399017333984,19.395720697077508,19.0673913306012,19.333182432814834,3659400
2003-08-01,19.096923828125,19.126456393605217,19.041333818299506,19.109084764041693,1482000
2003-08-04,19.152517318725586,19.22895409314114,19.00659401342748,19.22895409314114,835800
2003-08-05,18.973587036132812,19.173364796063794,18.973587036132812,19.15078047984196,1669200
2003-08-06,18.944047927856445,19.030908052820685,18.937099674514798,19.030908052820685,1060500
2003-08-07,19.056970596313477,19.109087480468215,18.90583660240437,19.109087480468215,432300
2003-08-08,19.11602783203125,19.256740378986798,19.050014464766118,19.13513701697787,1206600
2003-08-11,19.3001766204834,19.32102337328075,19.159464021184917,19.253272420717238,571800
2003-08-12,19.381824493408203,19.420042878327614,19.284542958386282,19.380088920684805,808200
2003-08-13,19.39572525024414,19.45479039528068,19.348821044022426,19.385301872410864,637800
2003-08-14,19.67193603515625,19.69278278894765,19.458261778934048,19.578127631150807,1311000
2003-08-15,19.626768112182617,19.691043942128452,19.595497983537722,19.654563119403942,366000
2003-08-18,19.899503707885742,19.915137775208652,19.559013443101918,19.619816128122753,1170300
2003-08-19,19.856075286865234,19.86997378370729,19.737947009958024,19.847389471859803,831900
2003-08-20,19.819597244262695,19.836968876708465,19.744898031912353,19.836968876708465,754800
2003-08-21,19.856075286865234,19.918615540571068,19.76747957619873,19.863025529314072,606300
2003-08-22,19.741418838500977,19.92382291124734,19.713623837508422,19.92382291124734,555900
2003-08-25,19.66150665283203,19.71709665392573,19.57117339806858,19.708410840508293,991200
2003-08-26,19.559017181396484,19.638929069776733,19.413093890344882,19.565965436195196,1089600
2003-08-27,19.593761444091797,19.645876334539448,19.562491316989824,19.602447259166404,1442400
2003-08-28,19.708412170410156,19.7170979844137,19.550327969879145,19.630239844378238,1079700
2003-08-29,19.7292537689209,19.80221538272622,19.66845308676809,19.66845308676809,591000
2003-09-02,20.028059005737305,20.033269699779336,19.812647204311936,19.812647204311936,901500
2003-09-03,20.290376663208008,20.339018426481754,20.151401616751507,20.20872919617529,2043000
2003-09-04,20.266050338745117,20.285159527691533,20.107966133849956,20.243468016934635,1139700
2003-09-05,20.306005477905273,20.33727560078382,20.20524884381489,20.286896289710945,423900
2003-09-08,20.39634132385254,20.490149716327227,20.330327936997918,20.372021439455835,1236000
2003-09-09,20.43629264831543,20.481459273736128,20.35117009007616,20.394599155277756,1450500
2003-09-10,20.22956657409668,20.403286809765152,20.220880761118774,20.403286809765152,2636700
2003-09-11,20.34248924255371,20.373759369964873,20.24520771514507,20.34248924255371,690600
2003-09-12,20.429346084594727,20.481460967145512,20.264311647073242,20.45887864659564,630600
2003-09-15,20.488412857055664,20.531843921611955,20.418926334654703,20.498836233026946,4375500
2003-09-16,20.691665649414062,20.823692427279028,20.5509530562729,20.625652260481576,813300
2003-09-17,20.82716178894043,20.85321923005024,20.712506662390886,20.813265282237328,886200
2003-09-18,21.046051025390625,21.068635338515392,20.778524329593044,21.068635338515392,1835700
2003-09-19,20.96788215637207,21.042581374840495,20.90708143783213,20.920977949704547,1131300
2003-09-22,20.731616973876953,20.887965605121106,20.681239649278425,20.887965605121106,2204700
2003-09-23,20.77852439880371,20.828903719296758,20.686453561398952,20.735095321175734,2469900
2003-09-24,20.677764892578125,20.907075162145432,20.672554199204082,20.889701545435862,2603400
2003-09-25,20.411977767944336,20.83064042078735,20.411977767944336,20.7507285355812,1749600
2003-09-26,20.32511329650879,20.524888990836466,20.32511329650879,20.4658258578974,2462700
2003-09-29,20.585697174072266,20.72119709085327,20.396342814670835,20.46061864561185,765000
2003-09-30,20.32511329650879,20.61348667232792,20.29384317573735,20.61348667232792,2134200
2003-10-01,20.99220085144043,20.99220085144043,20.519685677717536,20.519685677717536,1397400
2003-10-02,20.959197998046875,20.98873057318291,20.863652016152717,20.97483207215457,1935000
2003-10-03,21.264930725097656,21.37611071612734,21.15027561382765,21.32225828073266,921600
2003-10-06,21.4872989654541,21.487298965454105,21.263201337146263,21.329214730698205,917400
2003-10-07,21.454294204711914,21.494248164310292,21.280573903292506,21.37438230940333,781800
2003-10-08,21.365694046020508,21.51683001500604,21.26319983538347,21.515092454340795,506700
2003-10-09,21.51335334777832,21.636694301423972,21.480347649733076,21.539412779773087,735600
2003-10-10,21.603687286376953,21.713129737083207,21.59326391182558,21.713129737083207,601500
2003-10-13,21.817367553710938,21.819105114627963,21.68881587863474,21.780884738621342,1119600
2003-10-14,21.93202018737793,21.93549530912608,21.67839196532892,21.737455118655987,448500
2003-10-15,21.72355079650879,21.92158892771321,21.714864983317547,21.848627301684715,667200
2003-10-16,21.853845596313477,21.9667631848614,21.737452886374278,21.780881963486664,570300
2003-10-17,21.74092674255371,21.86774083317537,21.723555112719698,21.857317457663843,444000
2003-10-20,21.973703384399414,21.973703384399414,21.760029222446665,21.86078583724516,521700
2003-10-21,21.89901351928711,21.99282192179968,21.827787442975964,21.921595845488532,1185300
2003-10-22,21.68533706665039,21.739189517578353,21.61237542499888,21.714869633046394,1143300
2003-10-23,21.410860061645508,21.485559263637704,21.21108432816512,21.27883527575367,679500
2003-10-24,21.452558517456055,21.504673419599907,21.332692652080333,21.396968493280184,556800
2003-10-27,21.548099517822266,21.626271852989873,21.45429112517664,21.45429112517664,843900
2003-10-28,21.80173110961914,21.853847995932313,21.629750354925505,21.659282925826982,876600
2003-10-29,21.775667190551758,21.888584757948554,21.727025440463773,21.817360687214414,804300
2003-10-30,21.799991607666016,22.044933970994958,21.760035666703367,22.025824780800264,1359300
2003-10-31,21.645376205444336,21.754818643049667,21.610632953135692,21.610632953135692,1472400
2003-11-03,21.75482749938965,21.94939456285828,21.688816088352205,21.932020941576017,2315100
2003-11-04,21.874691009521484,21.90422357805643,21.801729362585597,21.90422357805643,1264800
2003-11-05,21.74960708618164,21.780875216794875,21.667959651278608,21.713126275096133,1238400
2003-11-06,21.55852508544922,21.662754876270405,21.476875632694465,21.657544181951675,1919100
2003-11-07,21.75830078125,21.885114885911257,21.671440634408043,21.80172986064307,6998100
2003-11-10,21.5776309967041,21.834736300931556,21.56199692662914,21.834736300931556,888300
2003-11-11,21.49598503112793,21.570684241431902,21.436919891985674,21.532465855875838,2766300
2003-11-12,21.94417381286621,21.985867307726558,21.63842880675963,21.68533299444989,891000
2003-11-13,22.069257736206055,22.093577622151326,21.949391891090528,22.01714085481512,1561800
2003-11-14,21.919862747192383,22.14569597497917,21.819106078171192,21.92507344211759,3168900
2003-11-17,21.542888641357422,21.713133810878652,21.419547672089763,21.70444799513212,988500
2003-11-18,21.62801170349121,21.754825809023043,21.628011703491207,21.662754967244176,674700
2003-11-19,21.68012046813965,21.763505470399597,21.54983127785502,21.628005587247905,1048200
2003-11-20,21.541149139404297,21.74787511404288,21.497720064585288,21.530725763836614,946800
2003-11-21,21.773927688598633,21.787826182265306,21.59326118731808,21.70617874464601,1952400
2003-11-24,21.937227249145508,22.02061225723249,21.74961048393595,21.799989796096074,1393500
2003-11-25,21.971975326538086,22.03277802655719,21.836475404186462,21.982398703342955,1729200
2003-11-26,22.157852172851562,22.17348624233809,21.992819698765164,22.17348624233809,1257900
2003-11-28,22.19259262084961,22.244709492626555,22.131791923174443,22.234286118271168,1150800
2003-12-01,22.632102966308594,22.644263901604404,22.435800381374225,22.548717955827616,1906500
2003-12-02,22.685958862304688,22.724177246426656,22.55740720010667,22.58346464708371,965100
2003-12-03,22.731121063232422,22.939582568171737,22.731121063232422,22.809293382063963,1653600
2003-12-04,22.783239364624023,22.89441938077291,22.71201528804599,22.885733566264747,1448700
2003-12-05,22.61993980407715,22.79018492923596,22.609516430286273,22.75544167530323,1191300
2003-12-08,22.809295654296875,22.833615536078362,22.564351323835552,22.755443209459393,1851900
2003-12-09,22.713756561279297,22.972599465143237,22.618212577709556,22.951752709869254,2191500
2003-12-10,22.550460815429688,22.64426922277172,22.503556611758672,22.64426922277172,2155500
2003-12-11,22.80061149597168,22.842304996973834,22.550456454125396,22.564352962422415,1652400
2003-12-12,22.875308990478516,22.911789807108956,22.760653859322613,22.911789807108956,967800
2003-12-15,22.72243309020996,23.137622512808754,22.722433090209957,23.137622512808754,2520000
2003-12-16,23.013587951660156,23.03102222195726,22.839243253464787,22.839243253464787,1147200
2003-12-17,22.959545135498047,23.01184795509331,22.891549873844465,23.01184795509331,1482900
2003-12-18,23.30126953125,23.3396257439593,23.03975135021414,23.14261519469125,3238800
2003-12-19,23.170501708984375,23.325670328328965,23.10076461777527,23.325670328328965,1152300
2003-12-22,23.323644638061523,23.33246585186103,23.20014562582203,23.33070322433826,1556400
2003-12-23,23.3730411529541,23.408326002877725,23.24954215917529,23.339520949335878,1662000
2003-12-24,23.42949867248535,23.625332020374316,23.380098669157285,23.39421382112796,549000
2003-12-26,23.38715934753418,23.561820992620337,23.38715934753418,23.487721990520367,477300
2003-12-29,23.780582427978516,23.782347073897864,23.52123399206753,23.6570834612179,2037300
2003-12-30,23.826465606689453,23.935849482435003,23.71178779041295,23.71178779041295,3807000
2003-12-31,24.131677627563477,24.152847326166285,23.91643721558903,24.038171563501187,3129000
2004-01-02,24.19696617126465,24.353985439074172,24.13345300911155,24.136980284257987,1593300
2004-01-05,24.6627197265625,24.682124776198613,24.417484398932462,24.521578326623608,2562600
2004-01-06,24.69978141784668,24.73506628049823,24.55687530125168,24.662731908253182,1701000
2004-01-07,24.452770233154297,24.549803553430838,24.276343995423915,24.435127811285835,1582200
2004-01-08,24.80386734008789,24.830330980634713,24.613325897676624,24.830330980634713,1532100
2004-01-09,24.646846771240234,24.78446093627651,24.61332656278441,24.68036899874247,1413300
2004-01-12,24.639795303344727,25.052633845799225,24.574517500437253,24.715658968757033,1629600
2004-01-13,24.49688148498535,24.76857847368418,24.435132995345423,24.76857847368418,1532400
2004-01-14,24.708589553833008,24.789745098780656,24.623904716869728,24.692709758808423,1325400
2004-01-15,24.55864143371582,24.689197048661192,24.435142387918237,24.68037583246472,1477800
2004-01-16,24.470420837402344,24.585098636938884,24.364564251749655,24.530406707049703,2704800
2004-01-20,24.735063552856445,24.819748425309715,24.696249400601204,24.743884767546582,1307400
2004-01-21,25.034982681274414,25.09320389521734,24.74917055048886,24.85502711956271,2350200
2004-01-22,25.050867080688477,25.121436793670135,24.982059995294165,25.114380226181265,3117900
2004-01-23,24.782697677612305,25.024401774672274,24.666255226683052,24.98029570343234,1104900
2004-01-26,24.862089157104492,24.869147743896605,24.666255773601197,24.83386086707573,2091000
2004-01-27,24.752708435058594,24.9062004125422,24.724480141443607,24.9062004125422,1978500
2004-01-28,24.435138702392578,24.937956025939997,24.38926798128016,24.828570134936538,1808700
2004-01-29,24.466890335083008,24.496883268424444,24.17225696021153,24.435134774289057,2433300
2004-01-30,24.403377532958984,24.433370466716465,24.267528017311836,24.34339166544402,2088300
2004-02-02,24.346923828125,24.473952145173982,24.276354111245144,24.37162282522363,1497900
2004-02-03,24.391023635864258,24.472181212285104,24.348682220421882,24.472181212285104,714000
2004-02-04,24.126392364501953,24.31516920682263,24.115806501870804,24.301056069345666,1631400
2004-02-05,24.226951599121094,24.45630719341703,24.205779878622245,24.42807688672097,1060800
2004-02-06,24.683895111083984,24.742116330547926,24.48276983172205,24.565690044725393,1552200
2004-02-09,24.839155197143555,25.052631012885566,24.76505618703553,25.052631012885566,1095300
2004-02-10,24.946781158447266,24.964425611424808,24.8391619076624,24.895618503858536,771000
2004-02-11,25.22905158996582,25.28550815356113,24.78798292021226,24.906189985953294,930000
2004-02-12,25.008522033691406,25.093206895265862,24.966178593381,25.050865474001814,1710300
2004-02-13,24.97675895690918,25.25374984735198,24.913245829467044,25.25374984735198,732600
2004-02-17,25.458412170410156,25.532513197322427,25.326091936636615,25.44782832846922,1516800
2004-02-18,25.10555076599121,25.491925470988903,25.091435616603192,25.46546183731292,1000500
2004-02-19,25.273164749145508,25.491934499296352,25.257286967125758,25.44253448751135,809100
2004-02-20,24.96441650390625,25.299626664386746,24.78798819087255,25.299626664386746,2603100
2004-02-23,25.034982681274414,25.17083218047457,24.907956413622696,25.17083218047457,1345800
2004-02-24,24.93795394897461,25.050867105092454,24.77916805651821,24.839153927848248,1583400
2004-02-25,24.752708435058594,24.967948921491995,24.59392453585516,24.927372137515146,1878000
2004-02-26,24.761526107788086,24.856796837488343,24.6045068779729,24.698012961003425,1798800
2004-02-27,24.96441650390625,25.047336720747026,24.849738706148266,24.9397154901774,2097300
2004-03-01,25.29962158203125,25.324322590797998,25.140837747435594,25.227287240027206,1406700
2004-03-02,24.893842697143555,25.23434676888029,24.879729563944785,25.160247771971154,1731300
2004-03-03,24.84091567993164,24.874435885915393,24.59391767494332,24.819743960864926,1524300
2004-03-04,24.920307159423828,25.031455658459347,24.787986940844505,24.835622300294915,1689900
2004-03-05,25.211414337158203,25.262578995840585,24.98029609736049,24.98029609736049,1098300
2004-03-08,25.049097061157227,25.24669504178725,25.04909706115723,25.200824334378897,1105500
2004-03-09,24.876203536987305,25.130258139334785,24.860325755292617,25.112615710997023,1269600
2004-03-10,24.477476119995117,24.840916573883266,24.477476119995117,24.812688287127212,1806300
2004-03-11,24.08051300048828,24.389261495837,24.080513000488285,24.223419066172422,2135400
2004-03-12,24.292226791381836,24.29222679138184,24.046993442449395,24.177549006492452,1599300
2004-03-15,23.87938690185547,24.165197004148478,23.817636397334116,24.05757781136803,2073000
2004-03-16,24.099924087524414,24.214601888442726,23.941140216655395,24.18990289307962,1427400
2004-03-17,24.60274314880371,24.604507795539252,24.350453179879715,24.47747947818618,1678200
2004-03-18,24.59391975402832,24.629204609424864,24.426314671848296,24.58333389360007,2881500
2004-03-19,24.276344299316406,24.51451901656789,24.276344299316406,24.503933159505145,1089900
2004-03-22,23.96055030822754,24.177555430183503,23.90585837079285,24.177555430183503,1711500
2004-03-23,24.144027709960938,24.304574178690284,24.08227720440711,24.22341862118518,1414500
2004-03-24,24.04876136779785,24.195194730960395,23.960547209152196,24.12286037267976,1770900
2004-03-25,24.505708694458008,24.52158849663109,24.216369209344982,24.304581358987967,2658000
2004-03-26,24.39984893798828,24.530406536847046,24.346921655052387,24.48629844868738,1619700
2004-03-29,24.752708435058594,24.810929669210775,24.655673044804953,24.678609416700112,1683300
2004-03-30,24.805633544921875,24.819746679814912,24.638026439503353,24.706833524484715,1302600
2004-03-31,24.982059478759766,25.08615141849268,24.89560996690749,24.953831190341457,2627100
2004-04-01,25.313737869262695,25.31726514278347,24.97323382221943,25.1249610978572,2286300
2004-04-02,25.386077880859375,25.624254706133215,25.21141420264304,25.26963542871515,2089800
2004-04-05,25.386077880859375,25.387842527536687,25.149665702262848,25.227294003692325,1556700
2004-04-06,25.308448791503906,25.334914452746577,25.15142956590264,25.289041716750734,1522800
2004-04-07,25.347261428833008,25.38607557602376,25.251990707373228,25.38607557602376,1743300
2004-04-08,25.29433822631836,25.4037220994604,25.160253336046594,25.4037220994604,1018800
2004-04-12,25.458412170410156,25.47605459904042,25.31727072232148,25.40372023784702,880500
2004-04-13,25.132015228271484,25.30667683152825,25.072029374724853,25.297855620012086,972900
2004-04-14,24.872676849365234,24.87267684936523,24.629208082323895,24.689193960193617,1487400
2004-04-15,24.69978141784668,24.84621480927873,24.60980259522901,24.690960202183792,2116800
2004-04-16,24.96441650390625,24.99088014514738,24.763289196190104,24.821510418348442,814800
2004-04-19,24.990877151489258,24.990877151489258,24.823272091326427,24.943241795342896,1103100
2004-04-20,24.646846771240234,25.077329674810603,24.611561916224332,25.043807447308367,874200
2004-04-21,24.814449310302734,24.86208466731431,24.650373539854346,24.710359402475206,1887900
2004-04-22,24.990877151489258,25.068505438401278,24.657429658464732,24.733293299029448,1066200
2004-04-23,24.955589294433594,24.973231717688986,24.79856809317793,24.936182225043474,1048500
2004-04-26,24.94853401184082,25.114376446673475,24.832093599135113,25.114376446673475,1864200
2004-04-27,24.973237991333008,25.068508716082277,24.87796726658374,24.87796726658374,1936800
2004-04-28,24.512758255004883,24.877963314882123,24.479238051532516,24.877963314882123,2226900
2004-04-29,24.249889373779297,24.59215816703855,24.17579036060908,24.512765213472363,2768100
2004-04-30,24.135210037231445,24.486300023279703,24.082282750892062,24.486300023279703,4595100
2004-05-03,24.382211685180664,24.382211685180664,24.26047729335428,24.327519744063235,1395900
2004-05-04,24.692707061767578,24.79503632858643,24.546273763845154,24.68917978918298,1985400
2004-05-05,24.96441650390625,25.017343786388512,24.826802338978105,24.849738706148266,1707900
2004-05-06,24.435138702392578,24.61156501875881,24.32222553687073,24.61156501875881,1749000
2004-05-07,23.77353286743164,24.212834935628482,23.77353286743164,24.181079375907185,3348900
2004-05-10,23.164865493774414,23.413628215543522,23.00784624089098,23.1736867093725,5254200
2004-05-11,23.33246421813965,23.376572303095177,23.182501575001908,23.201908647811237,1500300
2004-05-12,23.482433319091797,23.535360608187485,23.0872352214667,23.5335959614083,2675700
2004-05-13,23.23543357849121,23.39598209994944,23.140162849797626,23.260132574466898,1188600
2004-05-14,23.216028213500977,23.28659793237049,23.11193626293112,23.260134287794425,972000
2004-05-17,22.96196937561035,23.050183534805,22.90198552411888,22.90198552411888,1040100
2004-05-18,23.205434799194336,23.216020657388718,23.08899237810213,23.171912578404456,657300
2004-05-19,23.434797286987305,23.79823577037805,23.434797286987305,23.71002160533916,2612100
2004-05-20,23.464786529541016,23.579464330188276,23.32540973358903,23.431266320266996,1387800
2004-05-21,23.6376895904541,23.904094739723316,23.598875434742286,23.904094739723316,1630500
2004-05-24,23.789411544799805,23.905853985627655,23.64121354305261,23.8776256986736,1747800
2004-05-25,24.144027709960938,24.23047518726256,23.76470952141798,23.791173158492725,1480800
2004-05-26,24.099924087524414,24.1881382464723,24.022295789173995,24.14755945068977,1150200
2004-05-27,24.55864143371582,24.602747514698187,24.419262583527015,24.503947470441332,1328100
2004-05-28,24.410430908203125,24.54628040608718,24.36456019982628,24.539223839962922,1154400
2004-06-01,24.46866226196289,24.496890557204495,24.285177333368992,24.463370339938127,1382400
2004-06-02,24.539228439331055,24.650376948043522,24.42807791157211,24.627440580033102,1918500
2004-06-03,24.30282211303711,24.442198944105044,24.232250364455783,24.362805979331924,1050000
2004-06-04,24.59391975402832,24.680369264987,24.41749143895273,24.53040661050525,1358400
2004-06-07,25.137311935424805,25.137311935424805,24.86032301439538,24.962650298900527,1045200
2004-06-08,24.996170043945312,25.020871055676203,24.833856897463534,24.999699336777223,1406700
2004-06-09,24.567459106445312,24.858563237035685,24.523351012777876,24.856798590241517,2286900
2004-06-10,24.858562469482422,24.904433189481004,24.72800687739877,24.78622810552849,804300
2004-06-14,24.260475158691406,24.428080261192907,24.20931251597242,24.38926812697874,1386300
2004-06-15,24.690954208374023,24.85679463781549,24.52334711337263,24.59215419407749,2062800
2004-06-16,24.682130813598633,24.78798739420743,24.609796459388352,24.690954046108512,636900
2004-06-17,24.84091567993164,24.86561467281197,24.650374246423723,24.710360110763997,932400
2004-06-18,24.88503074645996,25.047343952936988,24.791524642314418,24.817988291196684,1888800
2004-06-21,24.79680824279785,24.964415334231497,24.779165816130376,24.911486035182758,897600
2004-06-22,24.807397842407227,24.84092007336607,24.576279595365854,24.742120046278192,1382100
2004-06-23,24.96441650390625,24.999701358894423,24.66448917936752,24.761524549631414,979200
2004-06-24,25.061447143554688,25.13025421857405,24.999698654006366,25.059684516233112,1119000
2004-06-25,24.969711303710938,25.052631530112976,24.939718365894038,24.948539580658228,1457400
2004-06-28,25.123197555541992,25.273160191486014,25.052625834426237,25.237875340451225,2811900
2004-06-29,25.070280075073242,25.094979076639362,24.99970832638194,25.036757838254605,2685900
2004-06-30,25.22905158996582,25.25551522558,24.939710187255393,25.156715229765226,5310000
2004-07-01,24.911487579345703,25.16907146655933,24.814452207613442,25.156720959508014,2171100
2004-07-02,25.050867080688477,25.077330723056598,24.930895338145266,24.930895338145266,1066800
2004-07-06,24.638017654418945,24.805624700074464,24.638017654418945,24.795038843156007,1130400
2004-07-07,24.929136276245117,24.97853629782698,24.826808958070004,24.865623116523828,979500
2004-07-08,24.77034568786621,24.89384469899475,24.699775978104984,24.83033155640037,1184100
2004-07-09,24.98029136657715,24.98029136657715,24.876199441285195,24.971470153860622,1107000
2004-07-12,25.052629470825195,25.052629470825195,24.893845599074936,24.9820597585124,576000
2004-07-13,24.929136276245117,24.990886807984182,24.784467524604793,24.990886807984182,1331700
2004-07-14,24.787988662719727,24.92383818367512,24.715654304807778,24.736826025822257,1405200
2004-07-15,24.479246139526367,24.726244207617917,24.46513098352699,24.706837130023004,2289300
2004-07-16,24.676837921142578,24.865614708491435,24.676837921142578,24.77034399160077,1351500
2004-07-19,24.696237564086914,24.796800170975043,24.576267890372666,24.76857189368665,769200
2004-07-20,24.708589553833008,24.726231975819637,24.535690587890812,24.62743198983959,777000
2004-07-21,24.172258377075195,24.777402942685836,24.172258377075195,24.777402942685836,1611000
2004-07-22,24.30282211303711,24.39103427495506,24.19167357759231,24.362805979331924,2698500
2004-07-23,23.854692459106445,24.168732949777656,23.82999346192644,24.168732949777656,1337700
2004-07-26,23.854692459106445,24.01877028186727,23.78765001642173,24.01877028186727,1568400
2004-07-27,24.00288200378418,24.03287493058373,23.77352848511741,23.898790092565683,1640400
2004-07-28,24.034645080566406,24.096395594420162,23.771769282674327,23.939374359055048,1755300
2004-07-29,24.064638137817383,24.161673506345117,23.949960342111222,24.02758863693341,2150100
2004-07-30,24.15285301208496,24.211074239802542,24.05934894505663,24.18637524276172,2845200
2004-08-02,24.267528533935547,24.29222954769526,24.091102239727796,24.15108810851978,1519800
2004-08-03,24.10874366760254,24.297520460862735,24.10874366760254,24.212835600868804,1063800
2004-08-04,24.105215072631836,24.170494880290033,23.88820998642327,23.904089786226304,969300
2004-08-05,23.7470760345459,24.089342837150134,23.740017446765744,24.089342837150134,1332900
2004-08-06,23.7117862701416,23.983483314288815,23.67120747152626,23.983483314288815,966900
2004-08-09,23.685321807861328,23.80882082712367,23.680029886899266,23.78059253755075,888000
2004-08-10,23.87938690185547,23.985241448384556,23.808815185123358,23.888206095020173,853800
2004-08-11,23.799997329711914,23.838811476532094,23.62180639506695,23.711783176116388,870900
2004-08-12,23.535358428955078,23.73824837074882,23.535358428955078,23.72942715671633,828600
2004-08-13,23.676498413085938,23.76294792051271,23.630627699135196,23.76294792051271,742500
2004-08-16,23.914674758911133,23.983479819000774,23.657090888054384,23.658855534527717,1028700
2004-08-17,23.93231773376465,24.018767241521626,23.87939045263002,23.992303600954312,807600
2004-08-18,24.114042282104492,24.12639077181995,23.766479542307444,23.791180559831794,1868700
2004-08-19,24.057579040527344,24.159906318827904,23.994063886509483,24.106977023813023,1177500
2004-08-20,24.170501708984375,24.22342900582392,23.95878848353229,24.009953152381414,1521300
2004-08-23,23.97466278076172,24.195197190268736,23.946434489411438,24.195197190268736,1457700
2004-08-24,23.969364166259766,24.091098512524347,23.935841943928306,24.091098512524347,2878500
2004-08-25,24.22342300415039,24.2587078599678,23.949961333472586,24.0117118501995,2217900
2004-08-26,24.241064071655273,24.285170138951806,24.152849918015864,24.179315577440125,958200
2004-08-27,24.30282211303711,24.35574941018788,24.226958442359493,24.329285761612493,1377600
2004-08-30,24.2146053314209,24.292233640808977,24.196962900932107,24.205784116176503,1250700
2004-08-31,24.440431594848633,24.45278210377042,24.21460525483158,24.27282648668849,1728300
2004-09-01,24.461597442626953,24.495117648587794,24.383969152132895,24.45277622952956,1734000
2004-09-02,24.71742057800293,24.71742057800293,24.435137676054893,24.46160131954129,1131900
2004-09-03,24.389263153076172,24.523345996304755,24.346919714864637,24.472183364019788,1324500
2004-09-07,24.729766845703125,24.733296138802952,24.560397119746668,24.638025415571644,1623600
2004-09-08,24.71742057800293,24.768583218267313,24.53217103550501,24.558636698037983,1557900
2004-09-09,24.638017654418945,24.69976814993565,24.509226763494944,24.60273281072126,1449300
2004-09-10,24.823266983032227,24.858551826532487,24.69976801173558,24.77915890961116,1054200
2004-09-13,24.911487579345703,24.999701737197437,24.84268251488686,24.8726734306528,850200
2004-09-14,24.973237991333008,25.00852284670787,24.89384504769314,24.945009703223832,1271100
2004-09-15,24.615089416503906,24.787986404916722,24.542753046134237,24.787986404916722,921300
2004-09-16,24.77739906311035,24.782693002088294,24.59920814606284,24.629201076466114,974400
2004-09-17,24.858562469482422,24.86561903739452,24.742120013222973,24.84797660809096,789600
2004-09-20,24.703304290771484,24.775640669173672,24.602741642515202,24.66449014115238,889200
2004-09-21,25.08966827392578,25.163767247872755,24.870900643814004,24.978519813005324,1576200
2004-09-22,24.682130813598633,24.88502276135269,24.657431819709995,24.88502276135269,1800900
2004-09-23,24.615089416503906,24.759758119150725,24.595682343849393,24.75270155247079,1859400
2004-09-24,24.646846771240234,24.733296281266323,24.61332656278441,24.699776072810497,1443000
2004-09-27,24.52333641052246,24.600964670869114,24.479230362164348,24.51275055510742,1306800
2004-09-28,24.763296127319336,24.8162234246157,24.581575842793324,24.71919004623903,1361100
2004-09-29,24.858562469482422,24.85856246948242,24.699778586703747,24.770348303917995,1462500
2004-09-30,24.946781158447266,24.997945832083136,24.83210533789967,24.929138724516864,3372000
2004-10-01,25.33492088317871,25.341977452412813,25.087922788562313,25.087922788562313,1596300
2004-10-04,25.37372398376465,25.423123988897917,25.281982559264478,25.379017923089428,1882500
2004-10-05,25.387840270996094,25.48311099263771,25.333148343139783,25.39666148455207,1347000
2004-10-06,25.483108520507812,25.50075094590826,25.264338811259158,25.34372972556117,1263300
2004-10-07,25.308448791503906,25.439004374908976,25.273163935242312,25.431947807465953,1461300
2004-10-08,25.48487663269043,25.562502911200006,25.44606248391242,25.476053399744117,2474400
2004-10-11,25.54662322998047,25.54662322998047,25.47252423111403,25.493695950517665,651300
2004-10-12,25.25551414489746,25.2960909101512,25.0102808310835,25.105551530454697,1691700
2004-10-13,25.079090118408203,25.234346697432507,24.996169908723054,25.225525484446692,2155200
2004-10-14,24.946781158447266,25.405492516826214,24.937961960529208,25.188487349006877,910800
2004-10-15,25.230825424194336,25.37020426795475,24.964422284491484,25.190248639180822,1442100
2004-10-18,25.331384658813477,25.334913951988472,25.130257347814133,25.223763426487043,1239600
2004-10-19,25.281980514526367,25.507806783675658,25.264338089629845,25.476049207434247,2419200
2004-10-20,25.379024505615234,25.567801342903163,25.207890099226592,25.317273978420918,2554200
2004-10-21,25.527219772338867,25.56426927701924,25.38784296811048,25.407250043804638,1383000
2004-10-22,25.370193481445312,25.753038929655087,25.303151058520125,25.53779852923528,1916700
2004-10-25,25.343734741210938,25.546626711561736,25.30844988342699,25.396664046933413,1527600
2004-10-26,25.48487663269043,25.516632195111388,25.356083679278004,25.43194733024476,2247600
2004-10-27,25.749509811401367,25.758331022808513,25.51133306531671,25.52368154985919,1210200
2004-10-28,25.82008171081543,25.873008983784693,25.670119085023153,25.767154437846173,1447200
2004-10-29,25.82008171081543,25.857131205703123,25.71598979207239,25.818317064573915,2553300
2004-11-01,25.864192962646484,25.96828287510904,25.825376797710828,25.825376797710828,4493400
2004-11-02,26.06532096862793,26.181763418486458,25.989457315364923,26.038857326127314,1418700
2004-11-03,26.374067306518555,26.46404408727304,26.061791505526877,26.44463701392657,1863900
2004-11-04,26.742794036865234,26.76396373319188,26.375824367227388,26.428753655658763,2343600
2004-11-05,26.868057250976562,26.896285533478725,26.68280977800799,26.684574424235503,2557200
2004-11-08,26.681053161621094,26.7198673141237,26.606954150133074,26.622831932867182,1785000
2004-11-09,26.614002227783203,26.684573942287034,26.59635980391874,26.603416369655328,1497000
2004-11-10,26.562843322753906,26.691634246430407,26.28937965741571,26.66517060692724,2506200
2004-11-11,26.85219383239746,26.87865748282371,26.66165231885309,26.682824046812932,1201800
2004-11-12,27.16974639892578,27.20503326536721,26.84864944191679,26.920985801932645,3053700
2004-11-15,27.196208953857422,27.19620895385742,27.02507664317084,27.134460473368886,2940000
2004-11-16,26.966859817504883,27.194450745424835,26.711040604394384,27.01449517495432,2542500
2004-11-17,27.310895919799805,27.39911008353696,27.222683775109214,27.256203986282323,1379400
2004-11-18,27.2491455078125,27.27737379594344,27.1485808432516,27.247380861233108,1743600
2004-11-19,27.07271385192871,27.372639101560274,27.007436074739935,27.37087445533025,2092800
2004-11-22,27.152111053466797,27.169753481763703,26.915698880004594,26.96509889066382,3271200
2004-11-23,27.205045700073242,27.265029564253357,27.08154665869503,27.169758817503112,2788800
2004-11-24,27.328540802001953,27.344420604709036,27.145057909337144,27.256206433052952,2311200
2004-11-26,27.48731803894043,27.573767536448827,27.434388745034205,27.496139251417112,900300
2004-11-29,27.575532913208008,27.741375358588495,27.504963206358166,27.67256827917285,1688700
2004-11-30,27.390283584594727,27.61610986190794,27.34794014807541,27.572003798072135,2875800
2004-12-01,27.866641998291016,27.86664199829102,27.52260858338015,27.575535869191118,3296700
2004-12-02,27.822528839111328,27.89310055971594,27.538481348437028,27.89310055971594,1785000
2004-12-03,27.988380432128906,28.01660872580011,27.815481376250236,27.856060179354724,3707400
2004-12-06,27.81723976135254,28.334170146651942,27.79253874804631,27.89133876317847,1775700
2004-12-07,27.665504455566406,28.219484181403377,27.630219611396793,27.98130946421268,2475600
2004-12-08,27.64611053466797,27.893108599407643,27.397347823071467,27.487326641348673,1833900
2004-12-09,27.531429290771484,27.596707083021723,27.155640318911708,27.31089489919323,1636500
2004-12-10,27.261493682861328,27.310891668580126,27.108001748327094,27.11682296142304,2391600
2004-12-13,27.672569274902344,27.769604644358765,27.26149546819013,27.496142982383162,2657100
2004-12-14,27.681386947631836,27.743137454494708,27.552596033043528,27.60905260095157,2719500
2004-12-15,27.848995208740234,27.908979052790325,27.804887125091565,27.824294197325887,1904700
2004-12-16,27.672569274902344,27.813710712726962,27.550834910969005,27.743141003337847,2297400
2004-12-17,27.593175888061523,27.637283974765197,27.508491026731654,27.600234474123777,3940800
2004-12-20,27.845468521118164,28.069530176926076,27.628463432497604,27.988374606655572,2919000
2004-12-21,28.041296005249023,28.041296005249023,27.74313540892074,27.917797019675312,5990100
2004-12-22,28.08365249633789,28.103059575339923,27.99190902330695,28.04130904431639,2148000
2004-12-23,28.26798439025879,28.303813504811583,28.196330261297916,28.24827909478008,3845700
2004-12-27,28.4901123046875,28.658503176742904,28.38262907466287,28.42741494971519,1929300
2004-12-28,28.679990768432617,28.70686105455362,28.538470238066786,28.56892404903249,2246100
2004-12-29,28.542057037353516,28.599381141016636,28.375457964176224,28.37724972680413,6386700
2004-12-30,28.545639038085938,28.69432252711514,28.542055513021506,28.59758785109093,4646400
2004-12-31,28.706865310668945,28.73015207539777,28.465028599582084,28.66207944375585,3647400
2005-01-03,28.500850677490234,28.751644108162854,28.447110106662404,28.69611177495982,5273700
2005-01-04,27.954483032226562,28.456069947851216,27.877453642328085,28.44532142250822,2983800
2005-01-05,27.93657112121582,28.294847803092377,27.778928807170054,27.981354937673498,3143700
2005-01-06,27.93657112121582,28.044054330785958,27.872082015502418,27.99926846425657,2673300
2005-01-07,27.811176300048828,28.221401827248737,27.80401129893658,28.221401827248737,2475300
2005-01-10,27.93657112121582,28.06196785736903,27.900744068049676,28.026140804202885,1698600
2005-01-11,27.882829666137695,28.0153934585666,27.841629373289486,28.0153934585666,2209800
2005-01-12,28.106754302978516,28.138999883887376,27.94373873573777,28.051221955362067,2629200
2005-01-13,27.86492156982422,28.03510421284637,27.820137742751125,28.024355684334388,1655100
2005-01-14,27.999269485473633,28.044055353636494,27.658908367837864,27.934780377408124,2011200
2005-01-18,28.020769119262695,28.06197146574483,27.76639413897363,27.864918547849385,3630000
2005-01-19,27.730560302734375,28.13183107164398,27.73056030273438,28.070923443757785,2236500
2005-01-20,27.546052932739258,27.676822916434094,27.479770009417923,27.65711762573248,2893500
2005-01-21,27.65532112121582,27.838041944542024,27.624867308982868,27.694731695861815,1255800
2005-01-24,27.70369529724121,27.85417263305607,27.70369529724121,27.737732642870483,1333500
2005-01-25,27.712656021118164,27.88462838655706,27.698326015701078,27.73236131612089,1710300
2005-01-26,28.047630310058594,28.115702927778297,27.983141216981984,28.033300311628818,2575800
2005-01-27,28.08883285522461,28.13003518864606,27.916860572341157,27.988516715244923,1803600
2005-01-28,28.026142120361328,28.05838564969639,27.86491627339881,28.051220648741023,1708500
2005-01-31,28.160491943359375,28.178405468441017,28.035095217716368,28.035095217716368,3236700
2005-02-01,28.336048126220703,28.37545870477667,28.11570846888523,28.15153552209185,3320100
2005-02-02,28.375457763671875,28.4130765783055,28.312760422639712,28.41128686576189,2643600
2005-02-03,28.22139549255371,28.250057540640938,28.074503777401297,28.19631696925416,1950600
2005-02-04,28.366500854492188,28.38262261780305,28.20886059638067,28.216025596733097,2401500
2005-02-07,28.187368392944336,28.34321896532481,28.087050170471024,28.31097338308582,1713600
2005-02-08,28.187368392944336,28.2321522154385,28.079885168886353,28.113920463967524,1944000
2005-02-09,28.115707397460938,28.237520603764462,28.11033415971339,28.187363551215242,1885200
2005-02-10,28.4077091217041,28.436371179166066,28.289477365896474,28.303809419663487,1296000
2005-02-11,28.604753494262695,28.654912595934732,28.407702662791138,28.454278239318175,3481800
2005-02-14,28.826887130737305,28.886002999771573,28.662079812540124,28.814348891903432,2572800
2005-02-15,29.020353317260742,29.027518317246884,28.844797492135342,28.848381017164176,2157000
2005-02-16,28.764188766479492,28.86808844924745,28.662078796287386,28.844799634972986,6873900
2005-02-17,28.82330894470215,28.95408099590124,28.796438649273995,28.853762766216242,2853000
2005-02-18,28.966625213623047,29.000660515764512,28.90392579905284,28.939752864480152,1808100
2005-02-22,28.898542404174805,29.1099252960308,28.859131826024875,29.02931237707472,2227800
2005-02-23,28.91287612915039,28.952286712376257,28.782106139407794,28.866300544448535,3172200
2005-02-24,28.95764923095703,28.995270087440772,28.787468720988727,28.946902757757325,3470700
2005-02-25,29.294435501098633,29.342802841884872,29.029312033127635,29.106341425858623,2302800
2005-02-28,29.226375579833984,29.39476648952477,29.133224383026988,29.324902066883244,2276400
2005-03-01,29.387590408325195,29.42700098828913,29.28906395841536,29.3141424865416,2256000
2005-03-02,29.167245864868164,29.27114553554495,29.05617914443533,29.05617914443533,3374700
2005-03-03,29.181591033935547,29.323109589112516,29.122475143146147,29.28728252199379,2220000
2005-03-04,29.692121505737305,29.75302913233799,29.298017795535717,29.461033337252537,2952900
2005-03-07,29.566730499267578,29.620473136101324,29.495074333513244,29.529111678519946,2007600
2005-03-08,29.647342681884766,29.71899679576027,29.60793209922447,29.68854297733441,2472900
2005-03-09,29.512983322143555,29.71719914629368,29.496859509657956,29.654501809072173,2828400
2005-03-10,29.609724044799805,29.663464630538055,29.471787004637594,29.645551101958638,1933800
2005-03-11,29.602548599243164,29.726153551449393,29.55955655285773,29.663456219199826,2505900
2005-03-14,29.50761604309082,29.50761604309082,29.348183987971375,29.45745692965735,1933200
2005-03-15,29.324901580810547,29.60256545328761,29.308779810496098,29.593608686438188,2351400
2005-03-16,29.35892105102539,29.51835304388571,29.31592695627984,29.504023045684708,2791200
2005-03-17,29.324901580810547,29.398349529062816,29.26757745294525,29.281909509947837,1601400
2005-03-18,29.26576805114746,29.342795374203487,29.192320152307115,29.341005662095647,1447200
2005-03-21,29.066926956176758,29.188740148113496,29.02035138426187,29.188740148113496,2524500
2005-03-22,28.73373031616211,29.242482172184715,28.69969298156532,29.04901283889746,2239800
2005-03-23,28.542057037353516,28.660288769935573,28.488314408874555,28.660288769935573,3244800
2005-03-24,28.53668975830078,28.6979156389141,28.53668975830078,28.5868488756011,2715900
2005-03-28,28.53668975830078,28.656713287195387,28.53668975830078,28.554603289463987,1452300
2005-03-29,28.241113662719727,28.488323683993666,28.18916483002703,28.39338073451994,2633400
2005-03-30,28.472204208374023,28.556398635433467,28.39517478466437,28.411298604792023,3034200
2005-03-31,28.459659576416016,28.679999268022254,28.416665465823563,28.660293975679384,5814300
2005-04-01,28.393375396728516,28.740903591776668,28.32172128232713,28.697911533150226,2720700
2005-04-04,28.402320861816406,28.42919319409832,28.20168655120957,28.300212969386937,1936800
2005-04-05,28.554595947265625,28.574301236492808,28.439947737242633,28.465028314479977,3195000
2005-04-06,28.635210037231445,28.72477972374972,28.538475349811815,28.563555928074262,2424300
2005-04-07,28.75165557861328,28.86272233940071,28.697914986345683,28.697914986345683,1803300
2005-04-08,28.75165557861328,28.875260580886508,28.680001455589817,28.75165557861328,5148000
2005-04-11,28.859134674072266,28.957659079098573,28.80181056384638,28.91108349579903,1389000
2005-04-12,28.930776596069336,28.988100682140196,28.572502083161975,28.6889399673107,2382600
2005-04-13,28.62624168395996,28.862705068616346,28.599371403904723,28.733724854251864,2060400
2005-04-14,28.250057220458984,28.540261222829788,28.250057220458984,28.540261222829788,2802900
2005-04-15,27.90432357788086,28.327089335693294,27.902531815334413,28.303802572804187,3907800
2005-04-18,27.802215576171875,27.94552582836384,27.730559425040113,27.838042626701977,4774500
2005-04-19,28.171234130859375,28.19452293996401,28.02434242751735,28.05300447330009,2568600
2005-04-20,27.811176300048828,28.11571037307368,27.78430600832402,28.00285391778638,3272700
2005-04-21,28.31455421447754,28.319927452636723,28.010018100281172,28.124666315013805,4253100
2005-04-22,28.214235305786133,28.35754557066788,27.992103882701482,28.267975886339883,2785200
2005-04-25,28.3629207611084,28.371875474431455,28.21423520864018,28.294848129264988,1811100
2005-04-26,28.00823211669922,28.1784126987128,28.00823211669922,28.160499169034747,2562300
2005-04-27,27.932994842529297,27.979570433742737,27.81297336325685,27.857757191332805,2814900
2005-04-28,27.556795120239258,27.861329124584437,27.55321159545538,27.761010931349745,2952000
2005-04-29,27.999269485473633,28.008228299163633,27.730562476783593,27.945528903764338,3655800
2005-05-02,27.99031639099121,28.031518739079118,27.900748743067993,27.95448933182192,6243000
2005-05-03,28.051219940185547,28.106752283812597,27.934779964796835,28.00464436004441,2449500
2005-05-04,28.384422302246094,28.481157009252332,28.124672003814112,28.18737141209366,1389600
2005-05-05,28.42562484741211,28.516984265723668,28.337846905264946,28.465035435726026,2568000
2005-05-06,28.302011489868164,28.438156745665392,28.269765913472526,28.420241169842296,1951500
2005-05-09,28.366500854492188,28.37366585484461,28.20527707116864,28.25901764891928,2148900
2005-05-10,27.97239112854004,28.196314254568847,27.97239112854004,28.142573688356105,3199500
2005-05-11,28.097789764404297,28.128243574046568,27.94193924157532,28.087041240408713,1905000
2005-05-12,27.748476028442383,27.972399219238426,27.694735446685787,27.940155690213185,5169600
2005-05-13,27.587244033813477,27.76459159102945,27.47259585341691,27.72159749834515,2818800
2005-05-16,27.698318481445312,27.71981553379581,27.481560295376006,27.488727346207337,4869000
2005-05-17,27.694725036621094,27.726970603597458,27.47975869025403,27.50663102110317,3548100
2005-05-18,28.00823211669922,28.081677998393655,27.68040919340346,27.703695961956107,3137100
2005-05-19,28.02792739868164,28.033302686101585,27.90969772637214,27.931192725837473,1799400
2005-05-20,27.909690856933594,27.92402085305009,27.752048599226256,27.855948246319283,2433900
2005-05-23,28.140783309936523,28.17481859353068,27.947313981943037,27.981349265537194,3382800
2005-05-24,28.06734275817871,28.103169813467446,28.004645411423425,28.0798830475585,3470400
2005-05-25,27.99031639099121,28.051224031636636,27.906121981914566,28.051224031636636,3068400
2005-05-26,28.00823211669922,28.031518885251867,27.92761918307591,27.949116238718403,3284700
2005-05-27,28.124666213989258,28.14079002855247,27.995687997914235,28.044055341460314,2327100
2005-05-31,27.757427215576172,27.941937725621216,27.730554882009468,27.92581596553817,5366100
2005-06-01,27.92582130432129,28.008225982880138,27.777137810511977,27.777137810511977,2512500
2005-06-02,28.164073944091797,28.169449231759554,27.965231351887823,27.99210164001189,1892400
2005-06-03,27.900745391845703,28.11391800835594,27.852378047747855,28.06196918881458,1814700
2005-06-06,28.085256576538086,28.104961867165226,28.001062175709315,28.056596572067896,1891500
2005-06-07,28.22856903076172,28.34142548665802,28.183783160906845,28.199904926014355,3360600
2005-06-08,28.124666213989258,28.41666203800295,28.097795923146275,28.384416458948305,4509600
2005-06-09,28.235721588134766,28.267965104139734,28.015382011793328,28.04225229182112,2432300
2005-06-10,28.128253936767578,28.300226283910543,27.98852717349095,28.284104517013418,3986200
2005-06-13,28.03150749206543,28.058377775661295,27.864908453657094,27.924024307610736,1466900
2005-06-14,27.999269485473633,28.085255646251575,27.956277430120554,28.01001801182985,1955100
2005-06-15,28.16586685180664,28.214234192425092,27.99926777854938,28.133621274703785,3046500
2005-06-16,28.25722885131836,28.321717956721525,28.138997116352805,28.267975327159135,4516400
2005-06-17,28.68178367614746,28.719402490922164,28.515186653594256,28.520559891388505,2686500
2005-06-20,28.413082122802734,28.499068294469076,28.257233596082028,28.413082122802738,1714000
2005-06-21,28.6280460357666,28.633419274112264,28.348590490139543,28.413079600646753,1552400
2005-06-22,28.542057037353516,28.611921429340338,28.456070881858835,28.5635540887451,1439300
2005-06-23,28.219606399536133,28.5151857203373,28.19811139899098,28.456069856177066,2070900
2005-06-24,28.214235305786133,28.337840281117156,28.187365015509254,28.31634322886696,1790800
2005-06-27,28.149744033813477,28.24110342374179,28.08525288202358,28.149744033813477,2304000
2005-06-28,28.310972213745117,28.375461325487493,28.133624593863722,28.133624593863722,1779500
2005-06-29,28.192747116088867,28.348597718787722,28.160503577649365,28.235741234104708,4981800
2005-06-30,28.155113220214844,28.337834023851535,28.06912708027236,28.219602312653887,2959400
2005-07-01,28.11750030517578,28.29484790914197,28.090630015200468,28.187364699168985,2779400
2005-07-05,28.149744033813477,28.187362847321793,27.91865586507863,27.91865586507863,3690000
2005-07-06,28.074508666992188,28.219608645022067,28.010017510010297,28.13362248578463,1836900
2005-07-07,27.918659210205078,27.999270084493617,27.537095741719227,27.558590744819742,4927400
2005-07-08,28.294851303100586,28.294851303100586,27.918661048107083,27.961653107210132,4205300
2005-07-11,28.499061584472656,28.563552735592243,28.294845756141974,28.3700833823766,2530600
2005-07-12,28.794641494750977,28.853755309386962,28.59042361214428,28.687158290743685,1680200
2005-07-13,28.563560485839844,28.644171371504413,28.477574311087697,28.57968225295833,5145700
2005-07-14,28.644168853759766,28.81076794960499,28.611925322356907,28.730155020953962,2711100
2005-07-15,28.568925857543945,28.649538771081446,28.488312944006445,28.536680282114634,2391700
2005-07-18,28.48830795288086,28.628036705189302,28.482934716286472,28.563547615700664,1931900
2005-07-19,28.55280876159668,28.617297872923984,28.37546114285673,28.42382848887018,1868000
2005-07-20,28.746274948120117,28.864504630723836,28.35396093516484,28.536681771994218,2667900
2005-07-21,28.805387496948242,28.97735980050656,28.660287531504064,28.848381597873605,2875400
2005-07-22,28.778512954711914,28.821507049281657,28.617289200217893,28.821507049281657,1609300
2005-07-25,28.69790267944336,28.77314029638173,28.649535347115652,28.687154155584835,2713700
2005-07-26,28.611923217773438,28.708655854938677,28.568929112302854,28.63341822043694,2755800
2005-07-27,28.939741134643555,28.961238185215734,28.703279728564294,28.810762931353622,2259700
2005-07-28,29.138593673706055,29.16008868003167,28.8913816252762,28.977367800795065,3058500
2005-07-29,28.998859405517578,29.138588195762335,28.966615877054746,29.090220852996342,3734500
2005-08-01,29.283689498901367,29.375048894046028,29.229946869341244,29.337430078389794,4786100
2005-08-02,29.493276596069336,29.552392455466062,29.3965419261604,29.45028249830029,2443700
2005-08-03,29.713624954223633,29.729746720589194,29.56852290671751,29.611514967049683,1682100
2005-08-04,29.471778869628906,29.708240251708162,29.466405632567014,29.536267964728456,2716800
2005-08-05,29.364307403564453,29.509409463034416,29.246075640276587,29.509409463034416,1971000
2005-08-08,29.434154510498047,29.616875287222932,29.396535707943304,29.61150000110312,2064000
2005-08-09,29.810367584228516,29.847986415805448,29.61152284581038,29.64914167738731,2101000
2005-08-10,30.014575958251953,30.24566417981655,29.933965075193267,30.11131065798002,1998200
2005-08-11,30.498245239257812,30.514367003625647,30.26715704965065,30.26715704965065,1175700
2005-08-12,30.31014633178711,30.41762747723265,30.202663136270132,30.31014633178711,1606600
2005-08-15,30.363895416259766,30.423011292869315,30.229541896718793,30.256412190612583,1636600
2005-08-16,30.03607177734375,30.256411462082607,29.993079718163273,30.256411462082607,2163600
2005-08-17,29.96082878112793,30.089809035759803,29.933958492683836,29.95008025573597,2994700
2005-08-18,29.638383865356445,29.729743264235964,29.58464123359927,29.729743264235964,1395300
2005-08-19,29.783479690551758,29.880214364146536,29.75123616606783,29.794228215403567,920400
2005-08-22,30.11130142211914,30.202662854982698,29.993071753215872,30.068309374355614,1383500
2005-08-23,29.982322692871094,30.014566215599583,29.82647216611211,29.853342451742982,1682000
2005-08-24,29.665254592895508,29.955458658440932,29.66525459289551,29.8802189728733,1171500
2005-08-25,29.778104782104492,29.89096121160807,29.756607733607222,29.81035035485039,1069700
2005-08-26,29.68137550354004,29.92321221786902,29.643756686874614,29.874844875003223,2065900
2005-08-29,29.665254592895508,29.692124884133758,29.50940403361314,29.557771377870708,1701500
2005-08-30,29.57927703857422,29.57927703857422,29.40192937466367,29.547031449661645,1669300
2005-08-31,30.11130142211914,30.122049946577878,29.665248932474363,29.702867743044234,2073600
2005-09-01,30.471370697021484,30.568105369874846,30.320893400320994,30.347765737280298,2482600
2005-09-02,30.5788631439209,30.654100789992754,30.525120503818076,30.568114615900335,2426400
2005-09-06,30.95504379272461,30.998037894276692,30.799195299777317,30.847562638987608,1571100
2005-09-07,30.86905860900879,30.90130418618539,30.73470511254711,30.78844774117478,2873600
2005-09-08,30.632591247558594,30.750822957519343,30.5895971530015,30.723950623385527,1847100
2005-09-09,31.03565788269043,31.078651985869683,30.847563806460368,30.88518262170638,1313600
2005-09-12,30.79381561279297,30.885177040503297,30.777693852049918,30.826061184350376,1162200
2005-09-13,30.584232330322266,30.713212599406376,30.535864985674703,30.67559378135514,2819700
2005-09-14,30.605730056762695,30.766953859110473,30.589606241477608,30.675594456139756,1404200
2005-09-15,30.62721824645996,30.713204386164573,30.58422415157201,30.713204386164573,2431700
2005-09-16,30.971176147460938,30.98192467581332,30.74546115220521,30.836822618164387,1952800
2005-09-19,30.766963958740234,30.815331320328934,30.66485599541857,30.815331320328934,3151000
2005-09-20,30.654094696044922,30.98191756024954,30.578857064930098,30.901304641156973,1926100
2005-09-21,30.68633460998535,30.890552477585132,30.637967274239912,30.86905542834906,2342400
2005-09-22,30.654094696044922,30.697086749508383,30.508992671721323,30.65946793395097,2868600
2005-09-23,30.525121688842773,30.616483155528293,30.444510800667267,30.541245506535617,2273500
2005-09-26,30.858304977416992,30.938917881984317,30.734700027132728,30.80456440775299,3019800
2005-09-27,30.740081787109375,30.847564999141543,30.594979758376716,30.713211496619273,1901900
2005-09-28,31.057153701782227,31.110894278551935,30.93354873515462,31.00878636266085,3054500
2005-09-29,31.427967071533203,31.47633440829972,31.105519526470744,31.15388686323726,2540400
2005-09-30,31.2237491607666,31.28824030975603,31.100144200310755,31.153886824468618,2702900
2005-10-03,31.116260528564453,31.170001089725233,31.024899114505924,31.12700700073981,1985900
2005-10-04,30.91205596923828,31.282870920520967,30.906680680773267,31.164641225225083,2071900
2005-10-05,30.643346786499023,30.981918183397205,30.627225022384927,30.9550458431114,2813000
2005-10-06,30.498245239257812,30.729333428864983,30.272532337821104,30.632598742514457,3380300
2005-10-07,30.605730056762695,30.675594456139756,30.52511713055287,30.63260034880868,1555800
2005-10-10,30.45525550842285,30.65947343672455,30.369269335991408,30.627229903357797,1096400
2005-10-11,30.492877960205078,30.702469138233145,30.449883846726415,30.664850313975396,1497800
2005-10-12,30.28866195678711,30.594987859644387,30.218797542955993,30.55199374341838,3101400
2005-10-13,30.22416114807129,30.27252848509093,29.890963026348672,30.05756208720998,2196500
2005-10-14,30.50898551940918,30.546604326147506,30.18116273205704,30.26177563225128,1748600
2005-10-17,30.202672958374023,30.27253736569113,30.100562966893918,30.224170014482688,2955500
2005-10-18,29.853349685668945,30.014573488592553,29.810357628256195,29.966206142708284,3051300
2005-10-19,30.095184326171875,30.09518432617187,29.498654451695202,29.530900030070498,2472800
2005-10-20,29.40730094909668,29.8049862450781,29.315939483756846,29.794237716798584,2368500
2005-10-21,29.536277770996094,29.73512245951731,29.439543071194432,29.643760998561497,1385300
2005-10-24,29.998449325561523,30.0038246136034,29.63838292948111,29.676001745487373,2223400
2005-10-25,30.030691146850586,30.17041786738421,29.87484061428009,30.030691146850586,2192200
2005-10-26,29.976951599121094,30.229536829541978,29.9339595461119,30.068313043132086,3255800
2005-10-27,29.91783332824707,30.25640468755068,29.880214516110172,30.229534400320254,1573000
2005-10-28,30.175800323486328,30.20267061650262,29.864099184295863,29.987704172228373,3726800
2005-10-31,30.22952651977539,30.428369053530044,30.202656239549786,30.283267080226604,4862900
2005-11-01,30.487499237060547,30.54661511139918,30.363894249839745,30.46600218274251,2795300
2005-11-02,30.90667724609375,30.906677246093746,30.439127655118696,30.44450294298635,3075900
2005-11-03,30.890554428100586,31.008786156293013,30.78307122520489,30.944297054584226,2471300
2005-11-04,30.605730056762695,30.87981031574673,30.476749784841353,30.858313262081193,1951400
2005-11-07,30.783065795898438,30.81531136610137,30.578850001493535,30.659460851894032,1630300
2005-11-08,30.707828521728516,30.766944376051978,30.589596813081588,30.65408795420059,3971600
2005-11-09,30.68633460998535,30.74007723307553,30.482118792457015,30.562729651985112,3981500
2005-11-10,30.64871597290039,30.702458596295756,30.41762781747898,30.632594210917514,2539600
2005-11-11,30.80994415283203,30.826065916049718,30.627223319435632,30.627223319435632,1850000
2005-11-14,30.62721824645996,30.756196430981245,30.508986535589383,30.756196430981245,2313900
2005-11-15,30.46062469482422,30.5788564270077,30.11668007400499,30.44987616916466,2382200
2005-11-16,30.406888961791992,30.412262200442143,30.272535444746403,30.35314632493057,1761000
2005-11-17,30.928178787231445,30.928178787231445,30.632601463822983,30.632601463822983,2169700
2005-11-18,31.143138885498047,31.143138885498043,30.83143780973324,31.057152735299397,5674400
2005-11-21,31.186134338378906,31.21837991699864,30.99804025494318,31.164639336037506,2170100
2005-11-22,31.28824234008789,31.309737341074378,30.863684807012447,30.917425384586107,2834400
2005-11-23,31.4387264251709,31.465596721502756,31.245257011465984,31.277502597107535,3026800
2005-11-25,31.137760162353516,31.304359206887945,31.089392830073926,31.245243350760525,2582900
2005-11-28,31.218379974365234,31.298992896026824,31.089399709721043,31.23450173866885,3798500
2005-11-29,31.170015335083008,31.28287179514104,31.116274749361637,31.26137474082372,2672700
2005-11-30,30.928178787231445,31.132396704343744,30.869062912535362,31.105526411319694,4958500
2005-12-01,31.508583068847656,31.51933159474534,31.22375225773838,31.26137107334441,2846500
2005-12-02,31.626808166503906,31.632183453708976,31.411843829943294,31.53007349752664,2407900
2005-12-05,31.76654052734375,31.82028110504701,31.546200878645784,31.82028110504701,1974800
2005-12-06,31.863279342651367,32.02450314675725,31.71280201542357,31.820285234851454,2462800
2005-12-07,31.653682708740234,31.831028247512457,31.540824220352597,31.820279722424512,2433700
2005-12-08,31.6483154296875,31.85790659676007,31.524710435005524,31.6483154296875,6019200
2005-12-09,31.96538734436035,31.9976329252817,31.814912066871198,31.841782359269704,2044400
2005-12-12,32.36844253540039,32.37919106059922,32.24483757072121,32.32007519704145,2521200
2005-12-13,32.52429962158203,32.56729168095845,32.25021729902847,32.33083022920822,2861000
2005-12-14,32.508174896240234,32.57803724262609,32.40606492063172,32.459807552549826,1811000
2005-12-15,32.20721435546875,32.395308395560576,32.1212282157023,32.395308395560576,5016800
2005-12-16,32.45981216430664,32.56729334326977,32.406069524753,32.45981216430664,2155700
2005-12-19,32.40069580078125,32.60491167781165,32.3523284509431,32.60491167781165,2335400
2005-12-20,32.40605163574219,32.48666452553613,32.32006550999509,32.47054071753477,3313900
2005-12-21,32.561912536621094,32.59415811285906,32.39531346783229,32.55653929895056,4912400
2005-12-22,32.7500114440918,32.75538673262798,32.024503297171776,32.615657931693875,2659000
2005-12-23,32.73359298706055,32.73359298706055,32.574850979437514,32.61316981585185,2142700
2005-12-27,32.43252182006836,32.78832247274592,32.36136127191175,32.78832247274592,3543800
2005-12-28,32.667903900146484,32.84306675579558,32.58032247232193,32.75548532797104,3248600
2005-12-29,32.67885971069336,32.83760173939319,32.635067942180385,32.73359733322812,6123300
2005-12-30,32.53105926513672,32.552955145113124,32.32305258157297,32.487267505183915,4236600
2006-01-03,33.62034606933594,33.64771695756026,32.996328238964345,33.11675346521346,7778500
2006-01-04,33.899513244628906,33.921409119956444,33.68603368044942,33.746246293547344,5231500
2006-01-05,33.72981643676758,33.79002903753688,33.65318297691761,33.72981643676758,4953800
2006-01-06,34.184165954589844,34.211534764780396,33.932369559866586,34.02542393213573,5326600
2006-01-09,34.20056915283203,34.20056915283203,34.041827212394395,34.14035654865877,3057200
2006-01-10,33.894039154052734,33.894039154052734,33.658665796246446,33.658665796246446,3608400
2006-01-11,34.184165954589844,34.2005868230829,33.87762985137912,33.87762985137912,4077000
2006-01-12,33.904998779296875,34.07468874403769,33.8393132169902,33.99258022507456,3438400
2006-01-13,34.03636169433594,34.40858324830231,33.80098623850116,33.82288211534759,2582100
2006-01-17,33.609413146972656,33.61488607385922,33.42877523812017,33.49446080129089,3501700
2006-01-18,33.15507888793945,33.31382089355821,32.990863956105564,33.209816502515366,3444800
2006-01-19,33.53276443481445,33.57655618519992,33.31381194720388,33.352128684738375,5194300
2006-01-20,33.02370071411133,33.6367706362748,32.958013084943104,33.60940183484089,5101100
2006-01-23,33.48349380493164,33.5327584713012,33.31380602262944,33.37401862464837,5957000
2006-01-24,33.65319061279297,33.81740550517525,33.47802778250445,33.51087159622317,3037100
2006-01-25,33.76815414428711,33.85573559396695,33.6094142023156,33.77362915945199,3563000
2006-01-26,34.167728424072266,34.260784844755456,34.003513544866884,34.05825323000566,3474100
2006-01-27,34.348365783691406,34.52900361002375,34.184150906729116,34.424999253733446,3571300
2006-01-30,34.37574768066406,34.403116489235714,34.27721829932111,34.331958004570666,3050100
2006-01-31,34.4085807800293,34.60563948129984,34.320999367031895,34.4085807800293,3681800
2006-02-01,34.5125846862793,34.60016610341524,34.39216154278343,34.41953034411859,4100900
2006-02-02,34.12394714355469,34.47974787595813,34.07468245888507,34.35932262718663,4136500
2006-02-03,34.03636169433594,34.18415573089074,33.83930297892954,33.89951559620436,7103400
2006-02-06,33.987091064453125,34.13488507512967,33.87761378749583,34.13488507512967,2528900
2006-02-07,33.73530197143555,34.00899417804569,33.62582467117033,33.948781558494524,3779000
2006-02-08,33.85572052001953,33.93235608146127,33.54371161394753,33.66413683667902,4463400
2006-02-09,33.921417236328125,34.206057419375114,33.87215254910641,34.003523656293574,3885000
2006-02-10,33.84477996826172,34.047311620651904,33.65866918041224,34.036363681589485,2125000
2006-02-13,33.609413146972656,33.718888389555055,33.52730462692945,33.554673437575055,3482600
2006-02-14,33.98162078857422,34.47974045385022,33.53823872199008,33.55465958397654,3066500
2006-02-15,33.67509078979492,33.93783506878701,33.538244680646585,33.77909308102952,6430600
2006-02-16,33.998043060302734,34.01993893592962,33.64771740269505,33.707930016616174,2418100
2006-02-17,33.899513244628906,34.00899053316099,33.691506605228504,33.746246293547344,6936300
2006-02-21,33.904998779296875,34.096584627508705,33.85573408554028,34.01995112346652,2872600
2006-02-22,34.16225814819336,34.21152282458498,33.89951390347322,33.99256824326538,6620200
2006-02-23,34.249839782714844,34.39216088791686,34.16225836724655,34.337421198183144,3203900
2006-02-24,34.36478805541992,34.414052729341165,34.260785782966416,34.32099839421522,3580600
2006-02-27,34.48521423339844,34.56732272157734,34.39215989569424,34.44142248287487,2755700
2006-02-28,34.167728424072266,34.39763092544419,34.15678257514999,34.364787114360915,11384100
2006-03-01,34.51804733276367,34.56731199275939,34.31004075854786,34.4140430016033,4076900
2006-03-02,34.45237731933594,34.457852333300515,34.16226422239388,34.2936374121655,2822200
2006-03-03,34.31005096435547,34.46879292579466,34.14583607822431,34.200573677566176,5237600
2006-03-06,34.178680419921875,34.4359517503622,34.1075219529494,34.4359517503622,2946500
2006-03-07,33.762672424316406,34.15678988928775,33.66961598370665,33.80098916806574,3858200
2006-03-08,33.87761688232422,33.926881557050216,33.58750384677421,33.66961024591383,2873700
2006-03-09,33.83930206298828,34.11299425184332,33.83382913797769,34.03636077306082,4765700
2006-03-10,34.35383605957031,34.38120694370841,33.88856026269665,34.00351045889764,3744300
2006-03-13,34.638492584228516,34.649440525462595,34.48522558316402,34.55091114246219,2515800
2006-03-14,35.0052490234375,35.0599887416742,34.567341718077564,34.62207934820753,3769000
2006-03-15,35.131126403808594,35.14754726548555,34.88480303812669,35.06543878088975,5171500
2006-03-16,35.24608612060547,35.33914047935353,35.043552360790166,35.087344121217065,3464200
2006-03-17,35.415767669677734,35.415767669677734,35.202288095850946,35.36103006699086,2797000
2006-03-20,35.4869384765625,35.601888721516,35.38293408418023,35.585467854552974,2259000
2006-03-21,35.12018585205078,35.38840304438951,35.0599732326792,35.3227154115628,4341300
2006-03-22,35.4486198425293,35.52525333508839,35.23514023094152,35.29535285741111,3161400
2006-03-23,35.02164840698242,35.27344678016445,34.90669820137427,35.25155090630419,5467700
2006-03-24,35.30082702636719,35.3172478940062,34.999765953716484,35.07092652699597,3362600
2006-03-27,35.2406005859375,35.28986734576293,35.08733364641107,35.22965473720456,4893200
2006-03-28,34.90122604370117,35.31723724054755,34.84101551781857,35.21870788822237,3977600
2006-03-29,35.36103057861328,35.40482233188094,35.01617991810623,35.059971671373894,2738000
2006-03-30,35.788002014160156,35.864635520571895,35.50336387266124,35.50883888775147,5073200
2006-03-31,35.536197662353516,35.64020204474076,35.48146005233305,35.60736031397087,5380100
2006-04-03,35.924835205078125,36.05073544948235,35.64567217932282,35.67851390559724,6945100
2006-04-04,36.20948791503906,36.220433768232596,35.98505825055201,36.017904162557784,3560600
2006-04-05,36.32991409301758,36.4448643473913,36.15475120403677,36.22043467727164,3615600
2006-04-06,36.36274337768555,36.51053531806727,36.2094764243382,36.37368922740553,2806400
2006-04-07,35.94673538208008,36.598124205865496,35.85915604279965,36.35727371447353,4531900
2006-04-10,36.012413024902344,36.09999233987865,35.92482953371532,36.045254745992125,3222100
2006-04-11,35.77156448364258,36.072627530184896,35.66208929010588,36.045256643695254,5924600
2006-04-12,35.59640884399414,35.75515082997016,35.50882950675221,35.66757149272823,6929500
2006-04-13,35.68947219848633,35.73326396626081,35.51430930360124,35.56357608640074,3974900
2006-04-17,35.85367202758789,36.001463952611594,35.755142685501816,35.89198876194299,2309400
2006-04-18,36.5871696472168,36.592644660309986,35.935785080313416,36.16568551569108,4494100
2006-04-19,36.8389778137207,36.8553986802117,36.39559353740276,36.46675619381337,3753900
2006-04-20,36.67475509643555,36.784230306835795,36.570750723207205,36.66380924588015,6370500
2006-04-21,36.921085357666016,37.03056477081581,36.734976619630245,36.921085357666016,2464500
2006-04-24,36.95939254760742,37.02508017850531,36.75138798074805,36.88275906633231,1778000
2006-04-25,36.9375,37.14002954892168,36.800653904258795,37.057921056234676,4088800
2006-04-26,37.16740417480469,37.20572091841556,37.030558065307034,37.085295673863726,4610400
2006-04-27,37.23308181762695,37.386352944336565,36.75138509088743,36.75138509088743,3101300
2006-04-28,37.238563537597656,37.375409650363316,36.795183468624735,37.140034169357904,3910500
2006-05-01,37.22214889526367,37.64910817028003,37.172886291013775,37.60531640458281,3377000
2006-05-02,37.79142761230469,37.79142761230469,37.59984386630578,37.671002350187536,6046400
2006-05-03,37.566993713378906,37.67099809641099,35.9905279834708,37.64910221702466,4595600
2006-05-04,37.85710906982422,37.90089665017192,37.52320423442887,37.56699181477657,2996100
2006-05-05,38.43733215332031,38.44827800347886,37.878997742371496,38.12532322115883,3404600
2006-05-08,38.40448760986328,38.53585868318761,38.3278499595287,38.53585868318761,3313400
2006-05-09,38.634395599365234,38.667237330076084,38.44281187653202,38.4920744725983,3747200
2006-05-10,38.513973236083984,38.672715240094384,38.393547979509734,38.50849822181818,4080100
2006-05-11,38.125328063964844,38.53586640454692,38.021323681296224,38.49754965980774,6549900
2006-05-12,37.63268280029297,38.10343378469179,37.556049307596616,37.999429397655824,5935200
2006-05-15,37.30971145629883,37.43560749165122,37.01959430377793,37.15096952702862,5947000
2006-05-16,37.25498580932617,37.42467783538565,37.046981213506406,37.375411061299964,2687500
2006-05-17,36.06715393066406,37.085289140044836,35.91936199597832,37.00865566632466,4996900
2006-05-18,35.95769500732422,36.5215004661063,35.87011146845442,36.258754025709905,5215300
2006-05-19,36.1383171081543,36.17663385001523,35.71135793421493,35.93578754812296,3712900
2006-05-22,35.34461212158203,35.53072499753511,34.9942864240122,35.224186880002705,5725300
2006-05-23,35.35555648803711,36.012420275559094,35.35555648803711,35.64567372884763,5083400
2006-05-24,35.33366394042969,35.454084997855716,34.89575475924091,35.39387655724843,4414000
2006-05-25,35.80989074707031,35.80989074707031,35.421248277533294,35.563569407967655,5204000
2006-05-26,36.09999465942383,36.138311395227454,35.7715648987912,36.09999465942383,5687200
2006-05-30,35.5526123046875,35.96862558520649,35.47050799213414,35.85367537142056,2933100
2006-05-31,35.81535720825195,35.88104483189188,35.56356091528214,35.76061960999087,5671700
2006-06-01,36.04526138305664,36.04526138305664,35.28987242542592,35.44313938701376,4111200
2006-06-02,36.39559555053711,36.554337562417516,36.154749201660344,36.47770406374594,4277800
2006-06-05,35.60736083984375,36.26969553616063,35.5416732011219,36.264220522214146,3549700
2006-06-06,35.1749153137207,35.36649897817564,34.868379362487474,35.333657257472126,4594400
2006-06-07,34.6932258605957,35.25155823141841,34.6932258605957,35.00523481956929,3892300
2006-06-08,33.92689895629883,34.01995542877398,33.43972697200099,33.965215713168995,12178100
2006-06-09,33.88856887817383,34.33195100380527,33.85025213636559,34.23342164255384,4961800
2006-06-12,33.59844970703125,34.19509869155538,33.56013297218061,34.10204227255708,3024300
2006-06-13,32.54747772216797,33.25360413834995,32.51463599274009,33.007280727111365,6131600
2006-06-14,33.018218994140625,33.242646461281,32.76094771908754,33.06748366195706,5532100
2006-06-15,34.156795501708984,34.26079781067388,33.58204007481708,33.66962151607864,6355700
2006-06-16,33.88311004638672,34.069220907484315,33.79552858752354,34.014481190628146,4610800
2006-06-19,33.71340560913086,34.15678772918376,33.636772126478554,34.04183541709951,4358900
2006-06-20,33.91593551635742,34.10204628816362,33.71887680643254,33.85572290075752,3953400
2006-06-21,34.35383605957031,34.52352593594221,33.91592905872947,33.93782493079783,3138600
2006-06-22,34.17319869995117,34.84100814934204,34.0308776264227,34.28814889065135,4670300
2006-06-23,34.07468795776367,34.27721965493121,33.92689387990423,33.97615857252404,2508200
2006-06-26,34.342899322509766,34.3593201868647,34.063732099840735,34.20057820441414,2044000
2006-06-27,33.70793914794922,34.32100921484066,33.691516192727335,34.31006127406147,4121700
2006-06-28,34.091094970703125,34.12941170626745,33.83382575878631,33.99256562550759,4952700
2006-06-29,35.350093841552734,35.399356444520016,34.381222975843826,34.381222975843826,7741100
2006-06-30,35.793460845947266,35.8044108711769,35.54166455640868,35.73324823581728,5907200
2006-07-03,35.97957992553711,36.07263427506375,35.77704618579234,35.85367967083918,9164600
2006-07-05,35.29534912109375,35.552616289615536,35.14207797598851,35.52524957443408,6388500
2006-07-06,35.667564392089844,35.73872285044605,35.503347425162055,35.519768286612646,4385500
2006-07-07,35.50335693359375,35.90294525661145,35.497881919573594,35.8208409273695,3124800
2006-07-10,35.79894256591797,35.90294276781916,35.68399233673552,35.79894256591797,3957500
2006-07-11,35.897464752197266,35.93578148759612,35.415763877227725,35.662089327258315,4199400
2006-07-12,35.224185943603516,35.51429901267132,35.11471073210263,35.45408639348235,3154800
2006-07-13,34.60564422607422,34.9778658043748,34.53995659124055,34.895757304885656,4183900
2006-07-14,34.31005096435547,34.48521378797611,33.66413726921477,34.41952825114476,3555800
2006-07-17,33.828346252441406,33.937823520127374,33.69697520170241,33.73529193217672,2899700
2006-07-18,33.773616790771484,33.87761907164498,33.352130566012,33.82835439373528,3659800
2006-07-19,34.60564422607422,34.75343827229114,33.603929719972555,34.75343827229114,5192700
2006-07-20,34.4195442199707,34.85745148218783,34.375752449695725,34.737026202038166,2644500
2006-07-21,34.4195442199707,34.676813561963336,34.375752449695725,34.63302387979489,3641900
2006-07-24,35.04354476928711,35.065440644757246,34.556375112763135,34.583743913047996,3025500
2006-07-25,35.03260040283203,35.207763237797735,34.82459375327062,35.06544212932204,4507400
2006-07-26,35.27892303466797,35.36650654356021,34.89028269854042,34.98880996983263,3045900
2006-07-27,35.49787521362305,35.87009674864726,35.350083272695045,35.80441329766205,4190200
2006-07-28,36.20948791503906,36.20948791503906,35.804424527476854,35.82631623386393,3029200
2006-07-31,36.083580017089844,36.127371773044956,35.990525667844025,36.094530044184474,3475500
2006-08-01,35.8317756652832,35.935780018346804,35.56903354077935,35.85367153836032,3778900
2006-08-02,36.22589874267578,36.31895308577423,36.02884003010764,36.02884003010764,3247200
2006-08-03,36.165687561035156,36.26421692122809,35.79894101106598,35.842732765865414,3939100
2006-08-04,36.19306564331055,36.56528728064208,36.06169035280829,36.42296613737085,4047200
2006-08-07,35.9686279296875,36.061682274120855,35.853677708408966,35.930311189261325,2061800
2006-08-08,35.842735290527344,36.24232359663619,35.755151774759334,35.96315636039052,2627000
2006-08-09,36.017887115478516,36.49410876393693,36.00693709125498,36.329895986479436,3065500
2006-08-10,36.09999465942383,36.11094468463114,35.83725252140212,35.97957361562029,3848800
2006-08-11,35.788002014160156,35.93579818810629,35.70042265378083,35.81537291339844,1996200
2006-08-14,35.908416748046875,36.20947984644022,35.90294173456382,36.067158729362305,2221000
2006-08-15,36.68570327758789,36.75686592745935,36.4995945728419,36.56528220898205,2887400
2006-08-16,37.01961135864258,37.05792810569058,36.87729439887127,36.975823773596446,2618500
2006-08-17,36.88276290893555,37.11266755292484,36.81160443354121,36.975821439789,2464400
2006-08-18,37.03602981567383,37.04697566593596,36.76780845781967,36.975817198703425,2019400
2006-08-21,36.921085357666016,37.11267328662501,36.91561451916797,36.964877122925934,3163500
2006-08-22,36.81707763671875,36.93750287854961,36.67475651671757,36.7842317313574,2552400
2006-08-23,36.68570327758789,37.00318725461419,36.62001981765959,36.92107875349196,2570600
2006-08-24,36.581703186035156,36.88823713653793,36.488648833377084,36.86634125775747,2849700
2006-08-25,36.5543327331543,36.65833711455942,36.47222423079299,36.57622861219811,3690800
2006-08-28,36.70759582519531,36.8389710855537,36.54338301406453,36.58169975428286,3573200
2006-08-29,37.0031852722168,37.04697702729748,36.66380961087057,36.92655178893142,3565000
2006-08-30,37.0031852722168,37.156452238787566,36.9375018158074,37.156452238787566,5866400
2006-08-31,37.0031852722168,37.20024399386824,36.94844766647176,37.20024399386824,5035800
2006-09-01,37.27688217163086,37.342569812524275,37.085298439290234,37.12361518575836,2611300
2006-09-05,37.473934173583984,37.50677590001381,37.28782548886648,37.43014242086996,3383200
2006-09-06,36.844451904296875,37.05246070144465,36.800664315192826,37.04698568672692,3474200
2006-09-07,36.401065826416016,36.636441306327036,36.324432337720516,36.455803436025384,3539200
2006-09-08,36.412017822265625,36.48865550010541,36.324438467354284,36.39012611569726,2230400
2006-09-11,36.19306564331055,36.34633263935075,36.006952736538565,36.20401149607952,3626400
2006-09-12,36.60906219482422,36.658328955760794,36.264211573112085,36.33537003200828,3787600
2006-09-13,36.537906646728516,36.64738185009187,36.39011470456686,36.45579815610034,2231000
2006-09-14,36.5871696472168,36.652857275700995,36.521486194943954,36.6090655233782,2314600
2006-09-15,36.510536193847656,36.702124066338726,36.41200683915932,36.69117404014482,3204300
2006-09-18,36.663814544677734,36.72949800992608,36.422964035534626,36.455805768158804,3239400
2006-09-19,36.324432373046875,36.64738719340458,36.12737363729197,36.62002047667924,2981300
2006-09-20,36.68022918701172,36.806125258183535,36.592645679925695,36.62001656994295,2951400
2006-09-21,36.767818450927734,36.95393136565929,36.69118494963021,36.93203548297248,3259600
2006-09-22,36.5871696472168,36.84444097184905,36.516011181850764,36.84444097184905,2685200
2006-09-25,36.740447998046875,36.8061314632233,36.26422199445687,36.67476035665827,6174600
2006-09-26,36.8280143737793,36.838964398260494,36.56527225318043,36.56527225318043,4046900
2006-09-27,37.063411712646484,37.10720348405747,36.937515590106365,36.94846144485252,3299600
2006-09-28,37.16740417480469,37.22214178336138,37.01413720036121,37.150983309858866,3508000
2006-09-29,37.085296630859375,37.16740513391916,37.036034034750664,37.140034240828584,6423000
2006-10-02,37.189300537109375,37.42467601555482,37.167404658159576,37.24951316016834,4369800
2006-10-03,37.22214889526367,37.342574162824725,37.0086692577555,37.09624861293731,4013800
2006-10-04,37.57794189453125,37.61625863752138,37.09624092412754,37.12908682969892,5653600
2006-10-05,37.62173080444336,37.654572531317946,37.28782599384687,37.58888490135732,6165000
2006-10-06,37.28782272338867,37.44656468304525,37.17834334972323,37.3699270333739,4727600
2006-10-09,37.315189361572266,37.3425602489878,37.145501552986985,37.20023915160697,1671700
2006-10-10,37.35899353027344,37.43015201451366,37.22762241467131,37.40278529421164,2482800
2006-10-11,37.33162307739258,37.55057772347307,37.20025196022929,37.29330632754443,2174200
2006-10-12,37.73121643066406,37.7804790345794,37.45752416123409,37.45752416123409,3457900
2006-10-13,37.79689025878906,37.82425696999819,37.59435655002834,37.703831747287005,2296200
2006-10-16,37.93920135498047,37.96109722631263,37.81330531508358,37.88993877664093,3775800
2006-10-17,37.70384216308594,37.76952980531419,37.523208455329645,37.764054791075445,2322400
2006-10-18,37.79689025878906,37.93920717998311,37.66004417411019,37.873523732112346,3554300
2006-10-19,38.081539154052734,38.14722679689597,37.88448040173531,37.922797149340795,4728700
2006-10-20,38.201961517333984,38.22932823428641,37.98300690065478,38.201961517333984,3792600
2006-10-23,38.23479080200195,38.27858254632513,37.906361071999314,37.95562365220494,2221500
2006-10-24,38.240272521972656,38.28953511081963,38.07605554006009,38.11984729206495,3483600
2006-10-25,38.50849914550781,38.5632367608421,38.25122775960307,38.289544507958304,3332400
2006-10-26,38.804080963134766,38.8478727187586,38.54133878181512,38.71102661459288,5856600
2006-10-27,38.535865783691406,38.73292451809293,38.48112817440474,38.70007861155141,5966100
2006-10-30,38.45375442504883,38.54133793437071,38.33880420122254,38.4154376837734,2264000
2006-10-31,38.47565841674805,38.57966281194902,38.360708168679196,38.41544578544354,2783000
2006-11-01,38.40995788574219,38.858812874574994,38.349745274636845,38.8204961380726,5579400
2006-11-02,38.552276611328125,38.574172484584324,38.38258881385605,38.420905548001706,3685800
2006-11-03,38.40448760986328,38.59059628238849,38.3552208472347,38.56322539468249,3242300
2006-11-06,38.9737663269043,38.9847163532224,38.596073943157855,38.667232409379906,5598700
2006-11-07,39.01755905151367,39.28577623602765,38.968296460489505,39.08324668242407,6005500
2006-11-08,39.02850341796875,39.08324101434997,38.7821779699369,38.809548856232965,3607400
2006-11-09,38.83146667480469,39.028525474109394,38.77125403189418,38.86978343154654,3768800
2006-11-10,38.98471450805664,39.02850625883356,38.8916601698141,39.00113537054518,4116400
2006-11-13,38.738399505615234,38.875245631597814,38.70555777176736,38.79861213514455,4064600
2006-11-14,39.16535949707031,39.18725120024365,38.79860873763122,39.105146872813684,6901700
2006-11-15,39.15441131591797,39.214623943014416,38.86429820875082,38.919035821689725,2810700
2006-11-16,39.072296142578125,39.11061288271965,38.962820935377046,39.09419201926064,3451900
2006-11-17,38.957359313964844,38.957359313964844,38.56324175062248,38.656300302565406,3346400
2006-11-20,38.66176223754883,38.72197486120417,38.55776203177211,38.612499641582794,3933700
2006-11-21,38.85335159301758,38.886193324893014,38.689134581216244,38.74934720712926,3291700
2006-11-22,39.23104476928711,39.24746563553083,39.077777782729534,39.17083214225204,4944600
2006-11-24,39.02303695678711,39.23104153910123,39.02303695678711,39.09967044375609,3341800
2006-11-27,38.70008087158203,39.137990123872456,38.66176412522253,39.11061922952475,4632000
2006-11-28,39.04493713378906,39.061358000488475,38.743873990258805,38.75482401886661,5369000
2006-11-29,39.488311767578125,39.50473263200208,39.269357164098054,39.38430739127746,4843500
2006-11-30,39.65800094604492,39.772955353333174,39.51568399873805,39.685371838487235,7728700
2006-12-01,39.608726501464844,39.7236766981519,39.31861350370075,39.70725583808383,4977800
2006-12-04,39.866004943847656,39.9316883959246,39.52115011559826,39.57589189394419,4143500
2006-12-05,40.090423583984375,40.12326948067817,39.85504817603031,39.92621080535799,13172300
2006-12-06,40.002864837646484,40.08497335728016,39.87696455071313,39.931702171731324,4641000
2006-12-07,40.139705657958984,40.353185274983105,40.09591389646371,40.32034354196777,3735000
2006-12-08,40.041160583496094,40.29843186114542,39.953577094845,40.20537336040098,5172700
2006-12-11,40.205387115478516,40.30391648581459,39.975486643431694,39.99738252308549,2909400
2006-12-12,40.369590759277344,40.39696164383569,40.08495277043953,40.26558640940841,4246600
2006-12-13,40.52286911010742,40.52286911010742,40.35865628511061,40.44076060950311,3111900
2006-12-14,40.687095642089844,40.70899152579413,40.53382863237264,40.57761622356841,6839800
2006-12-15,40.52286911010742,40.79656132798059,40.44076060950311,40.79656132798059,6932400
2006-12-18,40.4626579284668,40.67066669423066,40.3969744666146,40.67066669423066,3569600
2006-12-19,40.6432991027832,40.687090865050216,40.3367651193387,40.380552705393406,6391600
2006-12-20,40.572139739990234,40.867727864553665,40.533822992891956,40.79656520836241,4919700
2006-12-21,40.55146408081055,40.719145033018,40.47879849688301,40.579408773972354,6433600
2006-12-22,40.45643615722656,40.69678266944076,40.288755221707774,40.69678266944076,5377900
2006-12-26,40.43966293334961,40.59058044543208,40.35582034490504,40.49555657084226,3353800
2006-12-27,40.942726135253906,40.942726135253906,40.71355661099186,40.724737900396676,3522400
2006-12-28,40.97066116333008,41.04891310490652,40.830924944170576,41.03214544091313,4539600
2006-12-29,40.92594909667969,41.054504044518936,40.85887416884304,40.9035907874008,5536000
2007-01-03,41.08804702758789,41.401054854471,40.959487804739865,41.339570564988705,12081400
2007-01-04,40.97066116333008,41.0656807688999,40.81415301576621,40.97624754172055,8674000
2007-01-05,40.35581970214844,40.685599407601615,40.29992606554602,40.685599407601615,8961600
2007-01-08,40.411712646484375,40.50673224349502,40.305511764878005,40.50673224349502,6584100
2007-01-09,40.45083999633789,40.61852089130958,40.260796531410406,40.60734387074243,8505700
2007-01-10,40.14342498779297,40.19931862830858,39.96456277949616,40.07635006052738,5273600
2007-01-11,40.40052795410156,40.53467350706085,40.10987854528806,40.14341386742532,4562000
2007-01-12,40.858863830566406,40.89240341820413,40.56821441230515,40.58498207391882,6611900
2007-01-16,40.80857467651367,41.015381592386895,40.73032271952189,40.96507859049724,6899500
2007-01-17,40.8309326171875,40.9818458858988,40.70237339506086,40.75826704034609,3764900
2007-01-18,40.691184997558594,41.07685402731074,40.691184997558594,41.02655103993851,7926000
2007-01-19,41.18864440917969,41.23894739515737,40.85327411168658,40.87004603808961,7582600
2007-01-22,40.98184585571289,41.361928613549004,40.914770922772945,41.31721199158904,6171500
2007-01-23,41.34516143798828,41.43459041855968,41.138350257273416,41.16629921243364,5401500
2007-01-24,41.61344909667969,41.64698869289516,41.39546091113075,41.41781922047057,7744400
2007-01-25,40.93712615966797,41.45694512378544,40.858874209320085,41.42900043546775,5003800
2007-01-26,41.0153694152832,41.07126730889188,40.786204256247764,41.02655069976917,5965500
2007-01-29,41.06008529663086,41.17187681745619,40.94829804021602,41.026549972588505,5772600
2007-01-30,41.33956527709961,41.35074656343623,41.14393541032137,41.21101033510731,4124800
2007-01-31,41.496070861816406,41.546378123559094,40.95948423489253,41.05450385057029,5358500
2007-02-01,41.84261703491211,41.881743008719354,41.67493185321748,41.775542109351996,7254100
2007-02-02,41.758766174316406,41.81465980234188,41.641388276139764,41.78112447840869,7174500
2007-02-05,41.624629974365234,41.6805236149596,41.47930309729075,41.52401971553081,3339100
2007-02-06,41.948822021484375,41.98235735532623,41.73642020205469,41.91528242323079,4497700
2007-02-07,42.066192626953125,42.172389253758155,41.93763342893316,42.02147601334523,5121800
2007-02-08,41.89851379394531,41.92087210413024,41.61904131325111,41.69170262304341,3842600
2007-02-09,41.71963882446289,42.0047018616712,41.60226093017955,41.95998525496983,4636400
2007-02-12,41.557552337646484,41.68052089758396,41.48489103605214,41.65816258992159,5846900
2007-02-13,42.08854675292969,42.11090079310213,41.792302415512765,41.82584200459256,4569100
2007-02-14,42.6586799621582,42.703396583240426,42.273006568044536,42.28977849925914,5539000
2007-02-15,42.70897674560547,42.77045675399086,42.57482691528104,42.69779546087311,4191200
2007-02-16,42.69221496582031,43.00522704656506,42.20034493095238,42.65867963247368,4899400
2007-02-20,42.753692626953125,43.03875570945342,42.47981083010986,42.65867302092336,7949700
2007-02-21,42.53570556640625,42.69220945436855,42.3121267559982,42.39037869997935,6819200
2007-02-22,42.72573471069336,42.736911728478184,42.57481725193526,42.636301510776015,4327600
2007-02-23,42.859893798828125,42.92137807711073,42.74810652799302,42.78723249922641,3728100
2007-02-26,42.88225173950195,43.13936587175478,42.87666109668465,43.128188850531174,5972100
2007-02-27,41.15510940551758,42.345664712544504,40.80856631397137,42.28977107820585,12980000
2007-02-28,41.445762634277344,41.73082570974883,41.2948451325056,41.361920051560915,8136300
2007-03-01,41.020965576171875,41.17188308616168,40.24403251188694,40.791800386306306,11055900
2007-03-02,40.46761703491211,40.90359343302036,40.43407743661873,40.747089522357065,6951000
2007-03-05,39.62919616699219,40.37818032206214,39.629196166992195,39.94220396142007,8286300
2007-03-06,40.858863830566406,40.94270640304516,40.383761605733966,40.48996248183441,8908400
2007-03-07,40.87004852294922,41.13274901748873,40.769438280466375,40.842099574988694,6005700
2007-03-08,41.350730895996094,41.47369514822997,41.2221717383025,41.23334875599298,5305700
2007-03-09,41.41783142089844,41.52962300052794,41.238969157903966,41.46254805275024,8451700
2007-03-12,41.68610763549805,41.71964296164448,41.35074158080144,41.44017053866218,5143100
2007-03-13,40.691184997558594,41.46252732147347,40.629700725607705,41.34514941986103,5769600
2007-03-14,40.70795822143555,40.7526748370381,39.92543450603556,40.42848577053635,9299900
2007-03-15,40.89241409301758,40.97625242297164,40.612941621406726,40.63529566645348,4313700
2007-03-16,40.942726135253906,41.272501677684744,40.83652520797028,41.04333641783513,4659400
2007-03-19,41.57432556152344,41.57432556152344,41.294853074990016,41.37310503006644,6262200
2007-03-20,41.92645263671875,41.96557860400378,41.47370442737983,41.49606273217279,4477900
2007-03-21,42.82077407836914,42.88225836562694,41.92646298790797,42.06060858537423,6514700
2007-03-22,42.6586799621582,42.8599004926165,42.56366034066726,42.80400684846957,4099400
2007-03-23,42.75928497314453,42.87107224770201,42.686623671123286,42.75928497314453,5361600
2007-03-26,42.776039123535156,42.83752338444023,42.37359823921462,42.74250380464506,4736400
2007-03-27,42.58600997924805,42.776049183531484,42.45186014331886,42.776049183531484,4700700
2007-03-28,42.211517333984375,42.41273784086446,42.08855303703428,42.31771823050753,7258800
2007-03-29,42.58042526245117,42.69221254353846,42.34007877014321,42.63072825961702,6979600
2007-03-30,42.64750289916992,42.753699543626155,42.524534323514786,42.569250944555144,8504700
2007-04-02,42.75928497314453,42.83194627516577,42.50776147318462,42.64749769858705,7702400
2007-04-03,43.117008209228516,43.37971298822445,42.91019706600785,42.938146016101015,5387500
2007-04-04,43.29587936401367,43.318237675833856,43.07230051022375,43.178501425266646,7809700
2007-04-05,43.45237350463867,43.530625446195,43.27910195753692,43.31822792831509,3051600
2007-04-09,43.41884994506836,43.51386957636824,43.33500733798699,43.457975926451375,4103200
2007-04-10,43.743038177490234,43.82688078283263,43.58094361100483,43.62566023577571,5112200
2007-04-11,43.5306282043457,43.84922663355783,43.41884092772825,43.82128194660909,7729600
2007-04-12,43.8212776184082,43.871580608594286,43.33499405788857,43.41883663927621,6007200
2007-04-13,43.96662139892578,43.98338906877539,43.731861227793765,43.89954645511485,3711700
2007-04-16,44.43052673339844,44.531136981052974,44.27961349412211,44.296381157996045,12054000
2007-04-17,44.43612289428711,44.50319782252322,44.24049301744613,44.43053225083123,24911200
2007-04-18,44.41935729980469,44.564684185554434,44.262853391033424,44.32433767868094,5797900
2007-04-19,44.251670837402344,44.36904876562219,43.94425367237272,43.96661198218767,6385900
2007-04-20,44.760318756103516,44.760318756103516,44.514381579773804,44.61499185514395,6654100
2007-04-23,44.3243408203125,44.536738388069054,44.29080122004737,44.49202176399021,6250100
2007-04-24,44.29638671875,44.35228036015003,44.08957555471723,44.26285138679228,8034800
2007-04-25,44.709991455078125,44.73234975785579,44.32990883667828,44.519952278083316,6584200
2007-04-26,44.50318908691406,44.68763764063755,44.29637796375664,44.68763764063755,9558700
2007-04-27,44.408172607421875,44.486424555807616,44.218133379745446,44.32433428015954,3837700
2007-04-30,44.2460823059082,44.603806716722886,44.15105842771419,44.391404916018864,6285400
2007-05-01,44.20136260986328,44.38022480281301,43.95542549540326,44.352275852747624,5349800
2007-05-02,44.53671646118164,44.575842421884644,44.26842111321114,44.32431899799533,6366000
2007-05-03,44.59821319580078,44.59821319580078,44.38581567321277,44.553496581231386,5510700
2007-05-04,45.01742172241211,45.02859874381415,44.827378243288955,44.827378243288955,6404800
2007-05-07,45.08449172973633,45.16274366425413,45.05095214036398,45.09566874992004,4647500
2007-05-08,44.71559143066406,44.749126759625504,44.46965431318385,44.74354038107267,8882800
2007-05-09,44.96152877807617,44.98947346421658,44.682056330205306,44.76030827445626,7718100
2007-05-10,44.07279968261719,44.70999645764023,43.96660306305382,44.553492585095725,7110200
2007-05-11,44.81620407104492,44.84973940179408,44.34668811849997,44.34668811849997,5222000
2007-05-14,44.64849853515625,45.101246615938344,44.45286875427974,45.101246615938344,5662900
2007-05-15,44.72676467895508,45.02300902929688,44.50877653027332,44.55908378388259,6407900
2007-05-16,44.79384231567383,44.82737764384256,44.486420926090425,44.78266529442126,5397900
2007-05-17,44.56468200683594,44.67087864578936,44.41376448474779,44.531142410587755,3868000
2007-05-18,44.905635833740234,44.99506907384806,44.70441957232083,44.79384854801705,3817800
2007-05-21,44.69883346557617,44.87210505535739,44.687652177222006,44.79944373870347,7652800
2007-05-22,44.737945556640625,44.961524345779196,44.737945556640625,44.93357539798286,3605500
2007-05-23,44.967105865478516,45.26335018111648,44.90003522107088,45.18509398862383,11083800
2007-05-24,44.53671646118164,45.07330289271276,44.408157296351845,44.98387395299585,6064400
2007-05-25,44.8217887878418,44.8217887878418,44.59820999544983,44.68763895376016,6213100
2007-05-29,44.87767791748047,45.09007540351813,44.682048092918116,45.0062328317313,5330900
2007-05-30,45.067726135253906,45.067726135253906,44.46965525774189,44.49201356566146,5249800
2007-05-31,45.29131317138672,45.352797463223446,45.16275820802771,45.21865185576693,9318400
2007-06-01,45.58754348754883,45.609901794693634,45.44780726620209,45.47575621623586,3408400
2007-06-04,45.71052169799805,45.716112342067674,45.57078544714117,45.57078544714117,4870000
2007-06-05,45.47574996948242,45.68256108385507,45.28012013935179,45.649021495539486,4022000
2007-06-06,44.8217887878418,45.33042638273303,44.76030451332374,45.30248169894077,5453700
2007-06-07,44.056026458740234,44.82178232635828,43.977774532345414,44.06161710045705,10025900
2007-06-08,44.53671646118164,44.58701944019555,44.01689768932183,44.17899217349423,5170600
2007-06-11,44.6876335144043,44.793834387356185,44.346676857000034,44.424933049561076,3701900
2007-06-12,43.8939323425293,44.49759372084348,43.86598766252468,44.20135367345139,6530400
2007-06-13,44.46406936645508,44.51437236151709,43.99455342382006,44.04486068329332,8119500
2007-06-14,44.79384231567383,44.85532659359051,44.49760221175401,44.53672818275453,7109200
2007-06-15,45.15716552734375,45.44781504112659,45.15716552734376,45.29131112875031,4672300
2007-06-18,45.40867233276367,45.54282214915615,45.26334976162046,45.503696185477565,4333800
2007-06-19,45.45339584350586,45.509289476622314,45.263356638027744,45.34160857727295,3381500
2007-06-20,44.91682434082031,45.68816697088252,44.89446602719951,45.6490409881492,5157500
2007-06-21,45.32484436035156,45.526064885332545,44.86092328858969,44.99506888377315,4977900
2007-06-22,44.69883346557617,45.1851128986814,44.60381383662595,45.16275885079715,7624600
2007-06-25,44.6876335144043,45.106842099959344,44.53672029994499,44.74911778143852,6233400
2007-06-26,44.46406936645508,44.99506532602881,44.46406936645508,44.95034870969952,8359900
2007-06-27,44.78266906738281,44.79943673287986,44.279617780414476,44.30756246810577,6194900
2007-06-28,44.81620407104492,45.112444197759416,44.77148745377181,44.87209771043064,7796800
2007-06-29,45.1459846496582,45.36397711748982,44.905638135065644,45.14598464965821,10251500
2007-07-02,45.79994583129883,45.82230413871607,45.38073716215048,45.52605976374591,6357400
2007-07-03,46.0179328918457,46.17443677559301,45.872606029332786,45.93409030714937,2146300
2007-07-05,45.78876495361328,46.00116674376521,45.632261064708366,45.94526884251819,6216300
2007-07-06,46.118560791015625,46.14650548700202,45.81113928427688,45.90057254602365,3310600
2007-07-09,46.230350494384766,46.34772845818762,46.17445683510906,46.26947648231905,6013200
2007-07-10,45.66579818725586,46.10177880628371,45.61549519145148,45.973219598542556,5760000
2007-07-11,46.09618377685547,46.12412846150622,45.76081771017018,45.833479007555205,5451600
2007-07-12,46.73896789550781,46.839578134786194,46.18002306938583,46.18002306938583,5022800
2007-07-13,46.705421447753906,46.761319333686345,46.44271673574736,46.453898018697835,5231000
2007-07-16,46.599239349365234,46.78368793135469,46.5489320892508,46.70543598398673,3503000
2007-07-17,46.44271469116211,46.66070705499981,46.44271469116211,46.543324911237285,4005300
2007-07-18,46.2806396484375,46.44272991753555,45.95645058141903,46.2806396484375,10019900
2007-07-19,46.54334259033203,46.778102702618945,46.498630236744845,46.66072477868119,5586300
2007-07-20,46.06264114379883,46.543329729015134,45.93408196868048,46.50420376518089,5625600
2007-07-23,46.34211730957031,46.54333352253927,46.280633037903755,46.38682965444643,5016700
2007-07-24,45.643428802490234,46.2135505520461,45.425436434037536,46.2135505520461,9805600
2007-07-25,45.52047348022461,45.83907189886599,45.185103132676964,45.811122948433315,8867500
2007-07-26,44.00572967529297,45.30248154959865,43.62005636629848,45.30248154959865,13657300
2007-07-27,43.396488189697266,44.15665370861884,43.33500390034245,43.96102381722251,9895400
2007-07-30,44.167823791503906,44.32991832302158,43.80451302074859,44.02808756754843,9021100
2007-07-31,44.1119270324707,44.80502172460717,44.0448563789426,44.58702930740835,11469500
2007-08-01,44.18460464477539,44.514380153000154,43.46915145151266,43.96102578840654,11344300
2007-08-02,44.3187370300293,44.36345364084396,43.90511904102051,44.156642514134205,9015000
2007-08-03,43.51945495605469,44.1622425133698,43.335002095671705,43.977789652986814,7883200
2007-08-06,43.99455642700195,44.128702020735695,43.48591874087195,43.75980057186503,7220900
2007-08-07,44.145477294921875,44.3914101913256,43.64242594980447,43.68155192862405,8305700
2007-08-08,44.86092758178711,45.09568346192723,44.53114780923713,44.57586443338154,8609500
2007-08-09,43.58094787597656,44.12871165758362,43.49151461768257,43.74304245832507,8844100
2007-08-10,42.831947326660156,43.228797704816124,42.47981356518941,42.64749874555336,11124300
2007-08-13,42.9157829284668,43.46913711050197,42.9157829284668,43.351759209125454,5942900
2007-08-14,42.50217056274414,43.27351298692489,42.35125305218871,43.25674532228788,8083000
2007-08-15,41.50724411010742,42.77045635067069,41.40663387051816,41.96557869836724,11236300
2007-08-16,41.32840347290039,41.361938815435934,37.728795541107104,39.6851034580534,22832500
2007-08-17,41.708465576171875,42.13326058501283,41.25571735510219,41.89291413277434,11580600
2007-08-20,41.84261703491211,42.04383754718115,41.44576665360689,42.0047115733739,7638200
2007-08-21,41.814666748046875,42.06060386950338,41.69728883037295,41.78113141854323,6882500
2007-08-22,42.80400848388672,42.85431148621737,42.45746105387649,42.51335470015895,8277500
2007-08-23,42.994041442871094,43.2846951840679,42.74251793919918,43.273513897800434,4939500
2007-08-24,43.743038177490234,43.76539648987568,43.049943286777705,43.09465991154859,4861900
2007-08-27,43.279109954833984,43.58653139947693,43.279109954833984,43.575350111810764,7691500
2007-08-28,42.40714645385742,43.12818580762023,42.222693633599576,43.10582750233952,8262100
2007-08-29,43.37971115112305,43.45796309077672,42.720156042320035,42.86548290071009,5959300
2007-08-30,43.077877044677734,43.43001074558193,42.70338503927652,42.92696381983609,6076800
2007-08-31,43.83245849609375,44.13987990009534,43.69831291271633,43.994553030529936,7313400
2007-09-04,44.23490524291992,44.424948753042095,43.653601953739965,43.720676886326345,5454400
2007-09-05,43.59210968017578,43.72066887798179,43.40207046927498,43.675952264448306,7351400
2007-09-06,43.754207611083984,43.98337707496986,43.17849502637151,43.625652667684214,4950000
2007-09-07,43.223209381103516,43.44119754712095,43.05552420828498,43.30705196751278,7796000
2007-09-10,43.04432678222656,43.368511423903264,42.70337021968963,43.346157391574444,4196600
2007-09-11,43.78774642944336,43.79892771679302,43.34059301692506,43.39089601676357,7243200
2007-09-12,43.83245849609375,43.97778536565916,43.53062773518616,43.575344351115696,4960400
2007-09-13,44.01690673828125,44.1957689188953,43.85481222078559,44.00013907516286,7211100
2007-09-14,43.75979995727539,43.89394554912511,43.469146199787616,43.53622112791822,5239800
2007-09-17,43.144962310791016,43.50268673975799,42.99404478532621,43.34618283513638,5785200
2007-09-18,44.54789733886719,44.60938160592853,43.323811168305525,43.48031502467613,10021300
2007-09-19,44.95034408569336,45.229816512385426,44.81619851491619,44.99506069742268,6846200
2007-09-20,44.91121292114258,45.20186659934917,44.72117373989315,45.02859081504551,7612300
2007-09-21,45.10684585571289,45.38631826935278,45.10684585571289,45.19627907499475,5809500
2007-09-24,45.207454681396484,45.78317141759477,45.13479339131032,45.41426579621007,5901800
2007-09-25,45.26335144042969,45.30247740555946,44.939162435405734,44.939162435405734,4832900
2007-09-26,45.486934661865234,45.62108450893449,45.296895441800565,45.52606063449097,5547100
2007-09-27,46.090599060058594,46.124134391715515,44.972709184439196,46.068240750816834,6117100
2007-09-28,46.163265228271484,46.353308744634354,45.92850935312786,46.15208820467927,15156000
2007-10-01,46.75575637817383,46.92343734203186,46.19681130315541,46.24711431298906,8508100
2007-10-02,46.63837814331055,46.766933121719674,46.43715757636259,46.727807137280486,5801400
2007-10-03,46.42595672607422,46.64394487102018,46.35329543256246,46.62717720824136,6839700
2007-10-04,46.588069915771484,46.722215536186845,46.40361702244261,46.58247927113389,3061400
2007-10-05,47.06315612792969,47.1973059664776,46.755739009515295,46.755739009515295,5486700
2007-10-08,46.627166748046875,47.62208765089212,46.15206459678378,46.18001353808561,3801400
2007-10-09,47.147003173828125,47.1693614823692,46.71102681830543,46.71102681830543,4796200
2007-10-10,47.057579040527344,47.13583099625798,46.50981108600115,46.78369293105837,5991100
2007-10-11,47.27556610107422,47.845688088284376,47.096703883085574,47.845688088284376,7069500
2007-10-12,47.482364654541016,47.5606165946176,47.19171520060095,47.247608834311244,4354600
2007-10-15,47.09669876098633,47.460013801128454,46.86752930364349,47.437655493260046,5428100
2007-10-16,46.37007522583008,46.59924471552015,46.33653989149955,46.5321697824473,7389800
2007-10-17,46.86194610595703,47.00168235402739,46.487453984587326,46.92343039626094,6810300
2007-10-18,46.9737434387207,47.02963709193888,46.727806247265846,46.75575520608113,3925000
2007-10-19,45.93967819213867,46.727788206386336,45.91172924411405,46.727788206386336,9232400
2007-10-22,45.8837890625,45.8893797060552,45.44781268224834,45.45340332580354,6704000
2007-10-23,46.53215789794922,46.62159111920476,46.168842899317326,46.465082982007566,7097000
2007-10-24,46.43156051635742,46.459509471843454,45.744056296872714,46.32535960280476,9818100
2007-10-25,46.643943786621094,46.643943786621094,46.258274758442504,46.5545148324096,8531500
2007-10-26,47.487972259521484,47.521507598844,47.09112177469273,47.19173205707273,5992900
2007-10-29,47.834495544433594,47.901566189159574,47.60532613652578,47.65563338448054,5745100
2007-10-30,47.45442581176758,47.700358683250606,47.42647685926633,47.51031945235866,8347700
2007-10-31,48.12515640258789,48.34873522181379,47.63887705501367,47.711538358887296,8751300
2007-11-01,47.11347961425781,47.45443644197555,46.95138503514509,47.37618447473663,9412700
2007-11-02,47.37615966796875,47.37615966796875,46.80044723998471,47.107864303337955,9559700
2007-11-05,46.621604919433594,46.82841184208418,46.40920308828503,46.6607308992117,6812300
2007-11-06,47.325862884521484,47.33145352746506,46.923421880806174,46.968138495532564,6590000
2007-11-07,46.50421142578125,47.19171549144659,46.35888883012104,46.95136902704125,7956300
2007-11-08,46.588069915771484,46.828416462239055,46.13532578161188,46.398030642217414,9869300
2007-11-09,45.68257522583008,46.25828787461404,45.554016003711546,46.25828787461404,8293000
2007-11-12,44.933570861816406,45.58194885842167,44.88326787815408,45.16274027026111,7366400
2007-11-13,46.140907287597656,46.252694571734516,45.55401338485031,45.55401338485031,6678000
2007-11-14,46.0682373046875,46.80604439682828,45.90055639453482,46.80604439682828,9712300
2007-11-15,45.30807113647461,45.76640577284229,45.01742167182652,45.58195720124401,10754300
2007-11-16,45.45339584350586,45.598722701137326,45.07331316813877,45.59313205850242,13421500
2007-11-19,44.251670837402344,45.27454112327587,43.597706266858246,45.27454112327587,12391600
2007-11-20,45.24100112915039,45.39191437433687,44.73235922819635,44.866504808852234,11649200
2007-11-21,44.21812438964844,44.70440791095922,44.02249455845806,44.369037612449446,11096600
2007-11-23,45.3304328918457,45.341614178496776,44.88327950726463,44.88327950726463,3629400
2007-11-26,44.62058639526367,45.54843300298771,44.531153136276416,45.397519708962335,9880400
2007-11-27,45.22423553466797,45.34719983499115,44.77707789279912,45.263361508500644,10679800
2007-11-28,46.509803771972656,46.744559602247385,45.30248502740902,45.49811488597129,12647900
2007-11-29,46.12972640991211,46.39243122081777,45.88937990891454,45.88937990891454,8476000
2007-11-30,46.38124465942383,46.90106353075065,46.09059095480523,46.88988224589032,14157700
2007-12-03,46.207977294921875,46.4539144338179,46.12972534425705,46.4539144338179,11526100
2007-12-04,45.917327880859375,46.01234749762894,45.7775916452295,45.861434239489725,8961000
2007-12-05,46.44831085205078,46.62717301294944,46.258271671775454,46.258271671775454,8764100
2007-12-06,46.88988494873047,46.92901091917551,46.23592047225867,46.30858177039633,8492400
2007-12-07,46.705421447753906,46.83957125669979,46.632760166215704,46.81721295520881,9451900
2007-12-10,47.186119079589844,47.242012706810875,46.90106030143946,46.96813094834053,14407800
2007-12-11,45.956443786621094,47.253195598555145,45.88936887302758,47.113459393543245,15626400
2007-12-12,46.87870407104492,47.32585737300051,46.442723524853115,47.23083777608114,12330400
2007-12-13,45.92292022705078,46.085010513709314,45.49253021728232,45.96763258315745,26822200
2007-12-14,44.682064056396484,45.2521860722947,44.68206405639649,45.03419786641493,18638800
2007-12-17,43.73185348510742,44.31315676864548,43.71508581822651,44.21254650294828,21841800
2007-12-18,44.27961349487305,44.49760165405974,43.6647749878231,44.4864203685363,18508900
2007-12-19,43.91630935668945,44.234907842477256,43.67596283131185,44.117529901861964,13308700
2007-12-20,44.22930908203125,44.22930908203125,43.87158468168257,44.13428947102859,13827600
2007-12-21,44.86092758178711,44.86092758178711,44.503203117455875,44.62058105752594,26845200
2007-12-24,45.04435348510742,45.45707922625449,44.711879485473176,45.45707922625449,5156500
2007-12-26,45.170467376708984,45.359629708476945,45.009959510475056,45.19339269849308,7051800
2007-12-27,44.89531707763672,45.25072080599814,44.86092472028935,45.21632407525843,9729400
2007-12-28,45.27937316894531,45.43987664479675,45.19912143101959,45.416951325439435,6358300
2007-12-31,44.998497009277344,45.4226854380634,44.792134125350685,45.41695629429312,14091500
2008-01-02,44.83798599243164,45.41121515751332,44.72333753538043,45.30230021666254,13770500
2008-01-03,44.912513732910156,45.0844842682566,44.82652846523693,44.906780215493974,13924700
2008-01-04,43.89215850830078,44.72333907696285,43.852032640297615,44.72333907696285,11883900
2008-01-07,43.93803024291992,44.201715217256826,43.73166732850098,44.167322855984615,18197300
2008-01-08,43.6915283203125,44.58576443182287,43.61700572875895,44.38513509570086,15632600
2008-01-09,44.00680160522461,44.05839450486242,43.422109774142285,43.69152818469479,14863600
2008-01-10,43.96096420288086,44.15012658160713,43.40493098365308,43.49091626856135,14018200
2008-01-11,43.08390426635742,43.51382612140461,42.946326123900604,43.46223322463549,10759900
2008-01-14,43.77178192138672,43.92655188059763,43.57688171984855,43.909355704395495,10031000
2008-01-15,42.350162506103516,43.1412214289383,42.26991078543778,43.10109556860544,12630400
2008-01-16,41.496063232421875,42.39029942360337,41.35275592622526,42.04636276340987,16323300
2008-01-17,40.871238708496094,42.075019006527434,40.70500173602925,41.94317438236712,22476600
2008-01-18,41.10626220703125,41.82853216735153,40.7852552795073,41.616435805442414,21939600
2008-01-22,39.95981216430664,40.09165682161454,37.907650313845735,38.11974671963939,24637000
2008-01-23,39.724788665771484,39.764914538226115,37.62103400024397,37.97643770869365,33608600
2008-01-24,41.117740631103516,41.11774063110352,40.103122295888305,40.38400343529122,14649000
2008-01-25,40.521568298339844,41.71961507191738,40.24641639369054,41.69095623966487,15052900
2008-01-28,40.97443389892578,41.00309274101682,40.01140846213524,40.43559693625945,17770100
2008-01-29,41.220916748046875,41.2610426199116,40.78526130109268,41.16359032533267,12914400
2008-01-30,41.03174591064453,41.88585616755529,40.630482859077844,40.89416775807742,15417100
2008-01-31,41.46739959716797,41.708159192890584,40.24642293529759,40.269352628861256,18976200
2008-02-01,42.1610107421875,42.1610107421875,41.587781524066074,41.82280322933209,13916700
2008-02-04,41.73108673095703,42.092219545799885,41.68522734619842,42.080756886306055,11102300
2008-02-05,39.81650161743164,40.73940102358005,39.78210926326698,40.687812492333066,15487400
2008-02-06,39.78211212158203,40.435593138014255,39.7362527304729,40.24642642973328,15260200
2008-02-07,39.58147048950195,39.856618004128904,39.15727781324983,39.380836808905805,14439600
2008-02-08,39.17448806762695,39.564284164620915,38.92227015079025,39.18022158514829,12543800
2008-02-11,39.38084030151367,39.44962937296662,38.876400231032555,39.35218146845174,11886900
2008-02-12,40.229225158691406,40.533035932892744,39.90821820834911,39.98846994593469,14224000
2008-02-13,40.504371643066406,40.6247492332355,40.028590424737764,40.37826053715846,10028700
2008-02-14,40.3209342956543,40.89416341699182,40.280808432096315,40.85977106919673,9046200
2008-02-15,40.469970703125,40.47570421826614,40.097370939982675,40.29800460940668,9362200
2008-02-19,40.865516662597656,41.40435359539117,40.745139036346586,41.381423898953955,10562000
2008-02-20,40.65341567993164,40.82538619717989,40.028597922487386,40.062990276580265,20118300
2008-02-21,40.578895568847656,41.18078360445725,40.55023235950789,41.09480272322139,11478900
2008-02-22,41.094810485839844,41.094810485839844,40.33241445666292,41.083343450581175,12524600
2008-02-25,41.74828338623047,41.765479562364476,41.00308368221773,41.226642718743214,12643600
2008-02-26,42.367366790771484,42.55652907852457,41.63936335184344,41.78267063330585,11409300
2008-02-27,42.50494384765625,42.72276935792488,42.057825794615034,42.07502196997947,12680700
2008-02-28,42.09795379638672,42.3444425270232,41.9661091562544,42.166738501332524,9345600
2008-02-29,41.043216705322266,41.61644600113233,40.96296495378025,41.58205364286931,16244300
2008-03-03,41.1635856628418,41.38141554834189,40.75085995704323,40.99734867726229,11907200
2008-03-04,40.53877639770508,40.68781723879159,40.09165824783799,40.42986143228889,14389700
2008-03-05,41.02602005004883,41.30690117718601,40.67634983379151,40.88271272775952,11441200
2008-03-06,40.441322326660156,41.117732966248106,40.429855293414114,41.04321037032415,11643200
2008-03-07,39.96554183959961,40.55023371855811,39.810767501404335,40.09738211084106,10738500
2008-03-10,39.7649040222168,41.5591095209055,39.53561150880258,40.24068084881695,25154900
2008-03-11,41.02028274536133,41.02028274536133,40.15470974749146,40.745135161068916,14641800
2008-03-12,41.02028274536133,41.272505008789366,40.84258308161448,41.16359005441962,15803200
2008-03-13,41.089073181152344,41.24384315573924,40.20629960347735,40.37827012936692,11435300
2008-03-14,40.09739303588867,41.15213736015817,39.79931568515191,41.06615207922099,13901300
2008-03-17,39.48975372314453,39.82222766232653,38.9107910874505,39.07129891468365,17473700
2008-03-18,40.699275970458984,40.699275970458984,40.011402632991135,40.15470994274627,18299700
2008-03-19,39.226078033447266,40.498647677306565,39.15728894853331,40.32094363462688,13885800
2008-03-20,39.81650161743164,39.88529069915289,38.85920985711857,38.979587470086805,14106800
2008-03-24,40.54451370239258,40.745143099484615,39.9942096798075,39.9942096798075,13955800
2008-03-25,41.13493728637695,41.22665170354349,40.63049268508671,40.87125232360825,18299600
2008-03-26,41.13493728637695,41.31263697634457,40.92284086325331,41.15213346625863,12468500
2008-03-27,41.10054016113281,41.76548826616556,41.08907749911859,41.76548826616556,10316600
2008-03-28,41.06614303588867,41.43874292230277,41.02028364636864,41.34129499961677,11224600
2008-03-31,41.215187072753906,41.496068201987846,41.05468357033451,41.094809445939354,15065500
2008-04-01,42.51640701293945,42.556532880398,41.69668911480773,41.788407882365306,18534500
2008-04-02,42.60813522338867,42.757171693612136,42.29285735677651,42.504953773714924,10982700
2008-04-03,42.73422622680664,42.88326262678022,42.31003359287747,42.332963279040435,7069400
2008-04-04,42.8775520324707,43.072447889074716,42.56800769545933,42.86608499773379,9901600
2008-04-07,43.14122772216797,43.34759056923756,43.04950895751863,43.278801495750564,7494700
2008-04-08,42.68837356567383,42.79155498293346,42.49920690513264,42.55652894285662,7534000
2008-04-09,42.338714599609375,42.69984746842312,42.269925512191016,42.676917772616996,11748900
2008-04-10,42.20685958862305,42.44188563293908,41.98330057609332,42.235522794697616,12757700
2008-04-11,41.639381408691406,42.10369580249357,41.639381408691406,41.96038845888618,7246900
2008-04-14,41.73108673095703,41.90878638015709,41.60497560956667,41.7712125992729,7161800
2008-04-15,42.02342987060547,42.04062604629731,41.69668941228576,41.99477103558293,10849500
2008-04-16,43.34759521484375,43.34759521484375,42.65398838306639,42.694114253552954,10529100
2008-04-17,42.8660888671875,42.92914444375539,42.59094123615737,42.648263294839246,17629000
2008-04-18,43.16988754272461,43.37625039451062,42.99792141516394,43.14122870816025,19354900
2008-04-21,43.50810623168945,43.525302411534376,43.15843599686709,43.26161744932931,6355100
2008-04-22,43.05524826049805,43.250144101485745,42.8890112572716,43.192822052571245,7264100
2008-04-23,43.27880096435547,43.35905269574257,42.81448675084563,43.04950842893889,10522800
2008-04-24,42.9979133605957,43.23866851811618,42.5565245317508,42.843139064053474,8145200
2008-04-25,43.35332489013672,43.55395861842312,43.18708788939789,43.445043665741004,17696000
2008-04-28,43.60553741455078,43.77750789371978,43.57114506807336,43.708718827373986,7686400
2008-04-29,43.22146987915039,43.370510651991,43.158414335771305,43.31891776495791,7570100
2008-04-30,43.45649337768555,43.79470079521407,43.347582830846385,43.353311972570644,9458000
2008-05-01,43.72018051147461,43.76030637260169,43.18707728599141,43.2214740050938,11560300
2008-05-02,43.84056854248047,44.08132374260029,43.61700514420753,44.024001700675306,15374600
2008-05-05,43.91508865356445,44.01253656637871,43.8061737078358,43.96667718150436,7669900
2008-05-06,44.2418327331543,44.29342126531043,43.72019202770718,43.76605141632952,8318300
2008-05-07,43.46798324584961,44.06414230269006,43.41066118475576,43.96096084336396,9339200
2008-05-08,43.8463020324707,44.00680551513047,43.69726558336771,43.81190967858415,6971300
2008-05-09,43.496639251708984,43.65141361729615,43.35333192162816,43.410658352374604,5649300
2008-05-12,43.932289123535156,44.00680735119572,43.5826189331265,43.651408017161536,6293200
2008-05-13,43.78324890136719,43.83484180845622,43.59408657108642,43.80044945265829,8349900
2008-05-14,43.78324890136719,44.12145643581802,43.78324890136718,43.892163859250154,7236300
2008-05-15,44.528438568115234,44.562830916101625,44.04119468694637,44.12144641450871,6406700
2008-05-16,45.009952545166016,45.015686061420865,44.59723121603839,44.71187530078637,8314200
2008-05-19,44.82652282714844,45.153263304496754,44.757738120375215,45.032885694251775,7394100
2008-05-20,44.4138069152832,44.71761773651648,44.35075134407715,44.688954522916504,11190900
2008-05-21,43.90935134887695,44.534173387057066,43.86922548392163,44.46538431568025,13505300
2008-05-22,44.41952896118164,44.55710711640609,44.28195517934887,44.402332785126504,9171800
2008-05-23,43.91508865356445,44.33354351371583,43.852033092710144,44.32781437065027,7094000
2008-05-27,43.82910919189453,43.83484270910937,43.51383571935406,43.64567600154975,7625800
2008-05-28,43.823368072509766,43.84629776399921,43.47943144695105,43.77751306292235,7705900
2008-05-29,43.72592544555664,43.886428931979154,43.45077786123005,43.49090373283568,9804200
2008-05-30,43.97240447998047,44.081319410307856,43.874956580945984,43.90934892804262,8651600
2008-06-02,43.51383972167969,43.65141353374401,43.364798874130976,43.61128765633389,9327700
2008-06-03,43.422119140625,43.73166348504843,43.16989685108166,43.611285857782505,9969600
2008-06-04,43.16988754272461,43.45077298583927,43.0667061168316,43.15269136730769,8132200
2008-06-05,43.88642501831055,43.88642501831055,43.16415939381888,43.27880348149932,8738200
2008-06-06,42.62533187866211,43.35906469635948,42.619598361007185,43.330401481477445,9983700
2008-06-09,42.56800079345703,42.99792268514408,42.3559044191371,42.992189168705266,8157900
2008-06-10,41.84572982788086,42.120881756520845,41.74254840131481,41.82853365235177,8925100
2008-06-11,41.3126335144043,41.84000339574884,41.25531146180463,41.788414860426826,13177900
2008-06-12,41.16932678222656,41.415815547966766,41.00882328330594,41.18652296091201,11209500
2008-06-13,41.54765701293945,41.54765701293945,41.031749825074215,41.100534534528244,10236300
2008-06-16,41.75975036621094,41.81134327334232,41.438743382787735,41.50179895073045,9815600
2008-06-17,41.8858528137207,42.224060278294814,41.78840491016543,42.224060278294814,7013000
2008-06-18,41.541927337646484,41.62791260580759,41.31263474701434,41.4616755869341,14861100
2008-06-19,41.46167755126953,41.55912548555246,41.18652555479657,41.32409936633674,25370000
2008-06-20,40.55596160888672,40.90563173376044,40.46997636330623,40.871239384884746,14909700
2008-06-23,40.55023956298828,40.64769186802021,40.37253987901139,40.59036543915702,12852800
2008-06-24,40.36680221557617,40.61902448181374,40.12604698329052,40.30374664901678,18685000
2008-06-25,40.79783630371094,41.165808195493376,40.681022517971925,40.681022517971925,21446000
2008-06-26,39.7640380859375,40.47661408035823,39.7640380859375,40.418202705474755,18484600
2008-06-27,39.869171142578125,40.19041141412212,39.75235285242948,40.13200449712886,28977200
2008-06-30,40.108638763427734,40.33642884722652,40.09695916309837,40.13200242024837,16126000
2008-07-01,39.676422119140625,39.69978577588264,39.06898041233393,39.45447406433433,19350900
2008-07-02,39.04561233520508,39.93341336624535,38.940478119849296,39.92172931111616,16759900
2008-07-03,39.29676055908203,39.46614368551127,38.91710903130345,39.425258410591155,14420600
2008-07-07,38.95800018310547,39.38437907687296,38.70684646894904,39.15658901707543,13827600
2008-07-08,39.162437438964844,39.1857966409763,38.50826837859017,38.78862782051136,13982800
2008-07-09,38.65427780151367,39.425260495172836,38.65427780151367,39.35516953896346,12121800
2008-07-10,38.98721694946289,39.0222602128836,38.58420159547391,38.77694845661322,14732600
2008-07-11,38.37392044067383,38.61339454479844,37.95338804989705,38.36808286947168,15132800
2008-07-14,38.29215621948242,38.78278410749478,38.19286401867869,38.78278410749478,9231800
2008-07-15,37.678871154785156,38.08188192456249,37.42187542158821,37.754799686792765,21612800
2008-07-16,38.37392044067383,38.43233180198506,37.42771699122456,37.52700917559569,16201500
2008-07-17,38.95800018310547,39.05729682817117,38.6484395611325,38.91127733054909,13884100
2008-07-18,39.20915222167969,39.22667830382096,38.817821054254594,38.99888379759669,14274700
2008-07-21,39.43693923950195,39.57127912195517,39.24419691237987,39.559599524253585,9320000
2008-07-22,39.57129669189453,39.58881832430709,38.90544792323981,38.94049118806495,10336400
2008-07-23,39.717315673828125,39.94510580428794,39.61218142468031,39.69979404166396,10399000
2008-07-24,38.99305725097656,39.68810719627841,38.946329931044296,39.68810719627841,9628200
2008-07-25,39.0748176574707,39.26172243236619,38.870391256203966,39.057296031099455,7867600
2008-07-28,38.420658111572266,39.115712501989734,38.38561485026128,39.115712501989734,11142000
2008-07-29,38.80030822753906,38.81782985749272,38.35640762534333,38.368091682753935,10323600
2008-07-30,39.162437438964844,39.1857966409763,38.817829051106756,38.98721223074383,14376900
2008-07-31,38.77693176269531,39.13321964129549,38.68931918569906,38.95799448730299,11372800
2008-08-01,38.198699951171875,38.66012208006034,38.13445101827846,38.636758426629896,11859500
2008-08-04,37.83657455444336,38.187020485694134,37.807373326266834,38.169498857555865,8556700
2008-08-05,38.79446029663086,38.80030232444735,38.24542999824284,38.34472219031538,14263900
2008-08-06,38.80614471435547,38.87039365245168,38.39728743045578,38.52578530664821,11507700
2008-08-07,38.029319763183594,38.50242152749632,37.96507082529401,38.4965839558057,8099900
2008-08-08,38.18701934814453,38.28631599823977,37.421878567820826,37.52117076175442,10579200
2008-08-11,38.1519889831543,38.39146319125184,38.05269675567329,38.21623794356275,10024200
2008-08-12,37.87746810913086,38.163665162256144,37.7431326266316,38.15198555966772,9630900
2008-08-13,37.281707763671875,37.52117747755966,36.9838266723926,37.37516017448707,12559300
2008-08-14,37.13569259643555,37.36932253688742,36.9429457231833,37.00719468093405,10306700
2008-08-15,36.89036178588867,37.059744919484125,36.7618639289431,36.90788341071563,8640600
2008-08-18,36.70346450805664,37.26417889760392,36.56328479662936,37.252497069311566,11535300
2008-08-19,36.28877639770508,36.341343520783674,36.07266587611452,36.27125253795798,11853200
2008-08-20,36.5048828125,36.5048828125,36.15443682873249,36.388066741883755,15433500
2008-08-21,36.65089797973633,36.73851057928681,36.35301915181043,36.41142606612344,8964200
2008-08-22,36.82028579711914,36.907896179644716,36.62169914408077,36.6976299247346,6582300
2008-08-25,36.24204635620117,36.79108120672926,36.16027577712197,36.750193689108485,10955100
2008-08-26,36.42310333251953,36.59248648212496,36.17194962188547,36.28292363641281,7745000
2008-08-27,36.7677116394043,36.8027548944751,36.50487608596915,36.61585010716141,9295000
2008-08-28,37.240821838378906,37.28170935868598,37.09480230097797,37.21746040573656,11277400
2008-08-29,37.12984085083008,37.46860718374866,37.094795366296154,37.31674564551588,11080000
2008-09-02,36.55744552612305,37.11232012360295,36.52824206900957,37.04222915283346,14645400
2008-09-03,36.405582427978516,36.5691235532789,36.20115379327231,36.417262027145064,10635700
2008-09-04,34.846092224121094,36.02593001198614,34.822728570164,35.98504473160157,16723100
2008-09-05,34.71760177612305,34.857781501747525,34.26786136768267,34.66503465752401,17543700
2008-09-08,35.49443054199219,35.85655838234309,35.021326423732745,35.82151511822998,19143200
2008-09-09,34.34378433227539,35.360080984629704,34.326262706088805,35.237425145162305,12860600
2008-09-10,34.67671585083008,34.94539346767448,34.49565306748491,34.857780862256355,15264600
2008-09-11,34.60078811645508,34.62999157625419,33.718828925186244,33.87653028179884,16722400
2008-09-12,35.2783203125,35.336727234878865,34.50149532198977,34.670878516202244,16526900
2008-09-15,33.77724075317383,34.38468034067314,33.43847435399493,33.73051343132239,31607800
2008-09-16,33.52607727050781,33.70714002010369,32.56234770286779,32.80181958788224,26092500
2008-09-17,32.24694061279297,33.14642112158043,32.036672210418715,32.895267444086784,31227800
2008-09-18,33.71299362182617,33.96998722165534,32.27615959037361,33.076348309718924,30062000
2008-09-19,36.101871490478516,37.2291425056212,34.73512852138788,35.44770235396787,38923300
2008-09-22,34.86946105957031,35.985050078866706,34.86946105957031,35.83903056205786,27789800
2008-09-23,34.378841400146484,35.13814257459051,34.133527410447755,34.86946715146256,14862000
2008-09-24,34.47813415527344,34.904510958102364,34.31459297832026,34.85778586243636,12657200
2008-09-25,35.2724723815918,35.360084978581945,34.86361730910595,34.922026449793016,16568100
2008-09-26,34.8986701965332,34.939555489646644,34.39636262047502,34.51901849981535,22570500
2008-09-29,31.002864837646484,33.20483718752284,30.582327916802978,33.198997387213794,35675800
2008-09-30,32.88359451293945,32.88359451293945,32.03084107539663,32.26447319191184,29246900
2008-10-01,32.63828659057617,32.953687088036595,32.0717300904085,32.44553973782918,27952600
2008-10-02,31.213138580322266,32.095097920627865,31.131367987834395,32.013327328139994,23232500
2008-10-03,31.090478897094727,32.39881490146702,31.008708314586695,31.277383722279158,34402700
2008-10-06,29.332401275634766,29.934000972436344,28.123359853628696,29.893115685939986,53409500
2008-10-07,27.959814071655273,30.074178099056553,27.95981407165527,29.96320184976859,37326000
2008-10-08,27.334857940673828,28.526377943533703,27.042818855350216,27.539286637249198,42426500
2008-10-09,25.699440002441406,28.216817768426235,25.483331699010954,28.117523318905363,35533300
2008-10-10,24.74155044555664,25.559258507307703,23.374807504487947,24.128268842223022,59719300
2008-10-13,28.67239761352539,28.923551406265545,26.47042263303694,26.663169499685555,57779900
2008-10-14,28.08247184753418,29.723729633008723,27.486712008749834,29.443372455006816,41811500
2008-10-15,25.086153030395508,27.4516687190833,25.06278937334196,27.364056119172986,35975400
2008-10-16,26.56386375427246,26.598909231871723,24.5195910173387,25.85128797298409,44651300
2008-10-17,25.997316360473633,27.159632809448794,25.238015243675182,25.354831314278304,31032400
2008-10-20,27.656099319458008,27.65609931945801,26.493785056744805,26.669008054913277,29347500
2008-10-21,26.096607208251953,27.066176673063563,26.01483663850943,26.67484322462031,34623800
2008-10-22,24.19251251220703,25.313943561606767,23.63179810154767,25.238012788887996,31546700
2008-10-23,24.724027633666992,24.981021201702884,23.497462257489325,24.30933047940931,33626600
2008-10-24,23.12364387512207,23.818695765747137,22.30593393361465,22.475317057339527,32920600
2008-10-27,21.908769607543945,23.047722403104324,21.902929806617923,22.253375792291315,31682200
2008-10-28,24.928449630737305,25.144557870450637,22.387711179928026,23.24046453929915,41688400
2008-10-29,24.986865997314453,25.816258243542585,24.420311628609316,24.642259752065023,34384700
2008-10-30,25.862966537475586,26.312706750257476,25.22048179240442,26.236776005741007,33312100
2008-10-31,26.032365798950195,26.447060795819542,25.12704501358928,25.284746398613166,40976800
2008-11-03,26.137496948242188,26.306880144769192,25.851297677279966,25.921388658789876,20436100
2008-11-04,27.93061065673828,27.977337967680874,26.914316152625954,26.98440489095902,29640600
2008-11-05,26.412006378173828,27.889722921555247,26.353597244631096,27.416618966221936,29660700
2008-11-06,24.706504821777344,26.31856173233989,24.48455450520514,26.149178537374752,35121300
2008-11-07,26.102445602416992,26.172536568204716,25.46580047903703,25.605980182531678,28171200
2008-11-10,25.711116790771484,26.569712262716983,25.296421897714122,26.546348605284766,25590000
2008-11-11,24.86420249938965,25.302261038460053,24.426143960319244,25.132877868613402,34095000
2008-11-12,23.52666473388672,24.420305725985717,23.509143104186318,24.303489662460496,35248700
2008-11-13,25.530052185058594,25.530052185058594,22.96010998571158,23.830385071834264,51118000
2008-11-14,24.064016342163086,24.96349708274432,23.812862599947795,24.344373541549256,48148100
2008-11-17,23.625953674316406,24.326847664418068,23.38648180240707,23.80701641400361,30054400
2008-11-18,23.66684341430664,23.964722246511165,23.071083521816593,23.36312255373832,44628000
2008-11-19,22.08399200439453,23.655161166161285,22.043106718897025,23.42152905353472,45216100
2008-11-20,20.869102478027344,22.475316655184965,20.752286455890733,22.00805479471881,54184200
2008-11-21,22.3526668548584,22.38771233936233,20.933357039622184,22.025582350397727,49797000
2008-11-24,23.690208435058594,24.245080845180038,22.63302627654805,22.83161291880746,41988500
2008-11-25,24.122419357299805,24.519592549250437,23.45073103861903,24.431982191899344,46002000
2008-11-26,24.385263442993164,24.472876059170606,23.427375606755437,23.474100701457058,34099900
2008-11-28,24.373577117919922,24.478711346714018,23.999767516910232,24.116583574246004,17627900
2008-12-01,22.381874084472656,23.596757681781938,22.30010350159247,23.54419056020449,50272000
2008-12-02,23.596755981445312,23.70773001763167,22.91922547886938,23.211264527015576,44399000
2008-12-03,23.91215705871582,23.912157058715817,22.802409984827648,22.884180563862643,41980400
2008-12-04,23.176212310791016,23.66683785836528,22.67390493731255,23.14700886007074,41836300
2008-12-05,23.468252182006836,23.56754436391292,22.247529178800505,22.749836571710368,41059200
2008-12-08,24.583847045898438,24.764912057002654,24.01729058218614,24.151628276328836,45982000
2008-12-09,24.35605239868164,24.89924510250006,24.204190874990097,24.420301333468007,38538000
2008-12-10,24.9985408782959,25.115356937575243,24.560482327059123,24.79995424594532,39997900
2008-12-11,24.887569427490234,25.48916918723663,24.706504405432405,25.0803140514139,36787800
2008-12-12,25.13287925720215,25.29058060735019,24.36773839265704,24.426145309861024,42675200
2008-12-15,25.197128295898438,25.302262529718185,24.80579704741022,25.243855612298802,44527700
2008-12-16,26.64563751220703,26.744931929974552,25.144557243068597,25.144557243068597,47026500
2008-12-17,26.511306762695312,26.739096883763075,25.99731736895183,26.0440446902382,45054900
2008-12-18,25.699440002441406,26.458741193260888,25.372355418482833,26.44705936225364,42315200
2008-12-19,25.325624465942383,25.769522801158303,25.127037840905565,25.489165606061785,38356000
2008-12-22,25.150402069091797,25.524211671049116,24.79411409595092,25.477484356763963,36928300
2008-12-23,24.961715698242188,25.423092651364982,24.825668705819595,25.36394256993984,32553600
2008-12-24,25.29295539855957,25.334363156126717,25.02677782166182,25.233805327344644,16114600
2008-12-26,25.411258697509766,25.576882964353164,25.198314823304436,25.363939090147838,13297600
2008-12-29,25.41716957092285,25.82531040407499,25.251545339839087,25.783904910411593,29150100
2008-12-30,26.180217742919922,26.221625496908683,25.618285345647557,25.701096340764312,28477600
2008-12-31,26.53512954711914,26.706667927805775,25.96136432861663,26.097411309579236,26881200
2009-01-02,26.878202438354492,26.984674374703463,26.292609044865802,26.37542004948597,21928500
2009-01-05,26.4464054107666,26.653435216499727,26.268952903303248,26.434574942744906,27947600
2009-01-06,26.730327606201172,26.913696460333945,26.339931220330488,26.55879147551727,23282100
2009-01-07,26.26894760131836,26.61202433540964,26.10332559530497,26.529211075972345,23930600
2009-01-08,26.659345626831055,26.67709019818836,26.109241350447252,26.30444066110055,19883800
2009-01-09,25.73659324645996,26.38133908989637,25.71293456673549,26.351764047917488,31728900
2009-01-12,25.11549949645996,25.62419816254492,24.997197113765505,25.600537234719976,28816400
2009-01-13,24.654125213623047,24.861152712240578,24.411606319629442,24.61863381824697,29424100
2009-01-14,23.642642974853516,24.009378349976533,23.488849192220048,23.997547885433157,37212600
2009-01-15,23.8555850982666,24.08035713904146,23.193092670339002,23.802349139887244,42030800
2009-01-16,23.9975528717041,24.435271125037545,23.488854072792297,24.399779724032932,39032500
2009-01-20,22.240766525268555,23.18718351435425,22.22302195416587,23.151692115718173,58657300
2009-01-21,23.32914161682129,23.352802546223757,22.418218399130577,22.713973247370134,48048200
2009-01-22,22.784957885742188,22.956496270181262,22.28808956089058,22.560183528767908,40891400
2009-01-23,22.625246047973633,22.790868042084064,21.88585892222286,21.950925350317796,37917500
2009-01-26,23.068878173828125,23.376463486917483,22.755378756600503,22.84410385725697,38347800
2009-01-27,23.5184268951416,23.618984726960264,23.1576078395458,23.311399383207075,35276200
2009-01-28,24.210491180419922,24.39385999200117,23.95614183963285,24.104019258396015,37581800
2009-01-29,23.11028480529785,23.624897634916724,23.045218374434327,23.601238960773152,26066100
2009-01-30,22.891420364379883,23.411949407640787,22.779032104153952,23.358713457120583,33244900
2009-02-02,22.66665267944336,22.83227468183204,22.406389210485354,22.45962517645751,29679400
2009-02-03,23.31731414794922,23.52434392217453,22.76129577413607,22.95649508214016,28446900
2009-02-04,23.199012756347656,23.77869203156283,23.08071035690096,23.394209797468708,29274800
2009-02-05,23.53024673461914,23.725445948944763,22.87958719972633,23.06295595350831,31645600
2009-02-06,24.074447631835938,24.186833673680713,23.571662983052054,23.624898951595508,28635900
2009-02-09,24.068527221679688,24.22823510044293,23.902905239153487,24.06261311791673,27143500
2009-02-10,22.873680114746094,23.96205810528809,22.761294078662118,23.808266568729465,35169400
2009-02-11,23.122106552124023,23.329133975509006,22.779029957452135,23.234492545328774,24101600
2009-02-12,23.051136016845703,23.068880587547547,22.400473928466738,22.63116237331331,40755800
2009-02-13,22.802698135375977,23.116199805959567,22.76129263752293,22.944661454036712,21184200
2009-02-17,21.590099334716797,21.915429147378596,21.51320245871057,21.844448630681278,32955300
2009-02-18,21.57236099243164,21.761643929178494,21.312095262081773,21.755727568162946,35001300
2009-02-19,21.542787551879883,22.146127866794,21.44223196094303,22.057402743572833,25953000
2009-02-20,21.22928237915039,21.489548086449982,20.850716539184138,20.8802915723508,52151800
2009-02-23,20.418916702270508,21.41265325604446,20.418916702270508,21.40082279035303,38218200
2009-02-24,21.27069091796875,21.35350192524717,20.454409054998013,20.620031069554848,36854600
2009-02-25,20.685091018676758,21.063656794045905,20.412994893253927,20.95718488766958,39168800
2009-02-26,20.513559341430664,21.176049662923777,20.472153837364267,21.04591904575684,27205700
2009-02-27,20.513559341430664,20.915786172159166,20.306531821098673,20.306531821098673,38490900
2009-03-02,19.336448669433594,19.993024708796483,19.289129073167597,19.898383259834365,42422600
2009-03-03,19.259557723999023,19.644037696694575,19.040697498099885,19.638123592192425,38727800
2009-03-04,20.11724281311035,20.377508511110296,19.64995189034104,19.73276288282091,52339900
2009-03-05,19.306882858276367,19.791920797854715,19.105769401151356,19.55531819069254,36082700
2009-03-06,19.271387100219727,19.78599990718243,18.851414626741047,19.56714195008365,42251800
2009-03-09,18.750858306884766,19.14125462623938,18.66804618008377,18.69170711008841,36485300
2009-03-10,20.01078224182129,20.12316831747998,19.472506033245544,19.507997441763134,50262200
2009-03-11,20.1231689453125,20.424838029614243,19.892480423829156,20.259215964227515,34253300
2009-03-12,20.578624725341797,20.631860693050644,19.72093513733513,19.91021807664866,32384600
2009-03-13,20.71467399597168,20.7856545419844,20.359766753046337,20.679182594749886,31335400
2009-03-16,20.939449310302734,21.430401305840437,20.88621333426313,21.063665835584818,29486900
2009-03-17,21.489547729492188,21.530953226523817,20.76198883838126,20.86846076115699,33219600
2009-03-18,22.104717254638672,22.211189183067457,21.02816976179696,21.241113618654527,40962300
2009-03-19,22.092885971069336,22.648906522580315,22.057396833861667,22.625245593488277,36731100
2009-03-20,21.785301208496094,22.217102976593566,21.684743395963686,22.122461524084947,35560500
2009-03-23,23.352806091308594,23.370550662838955,22.43005001240676,22.548352420947623,42113200
2009-03-24,22.61933135986328,23.086622296387198,22.583839966428524,22.74946195626331,30868900
2009-03-25,22.968318939208984,23.34096836400909,22.489195349055912,22.80861107582463,30873600
2009-03-26,23.275907516479492,23.400126277567537,22.926916677372446,23.145776907213385,30230400
2009-03-27,22.530607223510742,22.76129567271992,22.459626682930388,22.67257056110215,34326000
2009-03-30,21.67291831970215,21.885862204886728,21.477721262570135,21.862201271770488,25835700
2009-03-31,22.234851837158203,22.530606715409082,21.950927424809038,22.092888502768297,32838300
2009-04-01,22.814531326293945,22.915089159118253,22.051483192223156,22.09880505624181,25661700
2009-04-02,23.843759536743164,24.228239531703363,23.577579690121066,23.60124062236096,57242400
2009-04-03,23.97980308532715,23.97980308532715,23.542084927169714,23.74319830960469,41385200
2009-04-06,23.48293685913086,23.583492430687354,23.18718199253332,23.47110639369529,27320400
2009-04-07,22.99197769165039,23.275902030996,22.915083067706625,23.122110526678405,19333900
2009-04-08,23.222671508789062,23.429701272621095,22.956493929681674,23.18718236833773,22120900
2009-04-09,23.843759536743164,23.87333457382769,23.55983511915649,23.749118064214272,23172500
2009-04-13,24.080360412597656,24.245984670310126,23.695880444417373,23.731369583874624,21135700
2009-04-14,23.849674224853516,24.19275098143019,23.784607787817887,23.86741879625205,41502500
2009-04-15,24.163169860839844,24.22232218351916,23.701793026093128,23.755028988289318,25623000
2009-04-16,24.31696319580078,24.4885015437679,24.04486928577522,24.263727234584444,25014400
2009-04-17,24.23415184020996,24.382029257333176,24.10993309493942,24.364282432905775,61325800
2009-04-20,23.24041748046875,23.70179434080757,23.23450111965745,23.67221930604261,26049700
2009-04-21,23.77277946472168,23.796440399673454,23.009733492190005,23.03339217071083,25499800
2009-04-22,23.583492279052734,24.00346590180817,23.317312449540292,23.400125707056812,25022000
2009-04-23,24.175004959106445,24.175004959106445,23.7017975691221,23.90882509710562,30545300
2009-04-24,24.547651290893555,24.719189636638255,24.387943409313692,24.541737187026296,25969200
2009-04-27,24.2578125,24.571314184365416,24.08036003619591,24.186831965764462,26745300
2009-04-28,24.027124404907227,24.26964330197276,23.760944577291273,23.79052186869457,18634000
2009-04-29,24.64229393005371,24.914387849608417,24.393860939963876,24.43526643831218,20784800
2009-04-30,24.796085357666016,25.204228491765246,24.612718796136605,24.997198744436968,26982200
2009-05-01,25.085927963256836,25.139163930071856,24.760598057800845,24.932136423808206,17786700
2009-05-04,26.126985549926758,26.13881601614015,25.358023297501838,25.36985376371523,23451200
2009-05-05,25.866714477539062,26.097402859977926,25.72475343746748,26.044166905843568,22298600
2009-05-06,26.49371910095215,26.55878552676187,26.008681344009215,26.375416713700865,21040600
2009-05-07,26.050079345703125,26.748060747582368,25.872626944099693,26.71848346695704,23946300
2009-05-08,27.17987060546875,27.221276103099974,26.47597263287719,26.62976641530492,22988400
2009-05-11,26.487804412841797,26.683003702594736,26.39316294835172,26.52329580818701,17460900
2009-05-12,26.771724700927734,26.90777390067297,26.422733931056815,26.842707480733115,26285000
2009-05-13,25.860807418823242,26.192051440173966,25.783910518253684,26.15656229870391,23257600
2009-05-14,26.115154266357422,26.298520830005774,25.77799391646738,25.843058088336846,27380600
2009-05-15,25.878555297851562,26.36359318234825,25.772083346968785,26.174310215541297,20457900
2009-05-18,26.86637306213379,26.91369492751067,26.339929720185026,26.42865708955131,18600700
2009-05-19,27.10889434814453,27.27451636477786,26.907780932333743,26.98467557923879,19522000
2009-05-20,27.286346435546875,27.712231937347788,27.227194104442084,27.36324108133703,18872900
2009-05-21,27.079315185546875,27.168042549153203,26.795390781009456,26.943268216066272,20081100
2009-05-22,27.23310661315918,27.410559068508306,27.120718328174767,27.333662177165873,14279100
2009-05-26,27.77729606628418,27.848278857714398,26.830881411519847,26.84862598116214,16247300
2009-05-27,27.239028930664062,27.812794223851036,27.185792952363922,27.777302819507252,16274500
2009-05-28,27.517026901245117,27.635329272696538,27.073394700624846,27.446046380946292,15523500
2009-05-29,28.067136764526367,28.067136764526367,27.688570903416707,27.907428868790007,24526200
2009-06-01,28.75920867919922,28.98398305715746,28.55218113136337,28.60541710886845,22592800
2009-06-02,29.007631301879883,29.054950896497655,28.617235056455556,28.67047101066933,22182800
2009-06-03,28.1440372467041,28.47528128917152,27.895601958422727,28.42796167871795,20937800
2009-06-04,28.32148551940918,28.392466052740495,28.061219803143555,28.22684405615726,17158800
2009-06-05,27.972490310668945,28.416122523120716,27.86010203939922,28.392461596913392,19216500
2009-06-08,27.91334342956543,28.09079815423868,27.463797026255246,27.664910425311778,13937000
2009-06-09,28.25641632080078,28.356971878461696,27.925170103670812,28.07896387665018,15957400
2009-06-10,28.309650421142578,28.700046675216235,27.966573762735067,28.68230210889519,18468000
2009-06-11,28.79469871520996,29.090453630315707,28.540349307704545,28.54626341317705,20225500
2009-06-12,28.64681625366211,28.69413585846921,28.345145029348533,28.4871083566309,21098000
2009-06-15,27.617589950561523,28.067138632877327,27.39873197061946,28.031647234874292,31484000
2009-06-16,27.298175811767578,27.830533231869676,27.26859851918083,27.812788661462125,23389000
2009-06-17,27.375064849853516,27.593925036747862,27.026074079228383,27.315914789651355,23802600
2009-06-18,27.32775115966797,27.64716696923137,27.19170418665333,27.304090227900904,22429300
2009-06-19,27.75954818725586,27.87785056910548,27.605754413922277,27.75954818725586,19576300
2009-06-22,26.86637306213379,27.29817718619026,26.771731587810763,27.27451625350182,21491900
2009-06-23,27.219755172729492,27.334529161734267,26.899592269716724,27.14726415447679,26980500
2009-06-24,27.243925094604492,27.78155661242074,27.14123290973394,27.533884649901623,25708600
2009-06-25,27.817800521850586,27.8238425942732,27.014377717801715,27.086866456244927,23606800
2009-06-26,27.763429641723633,27.896327564564285,27.58824643513826,27.739265964048037,20799800
2009-06-29,27.9990177154541,28.137957699864096,27.739263960144065,27.884243711349075,21139400
2009-06-30,27.67281723022461,28.059426826519502,27.47347036092414,27.999017636864075,31292000
2009-07-01,28.13190460205078,28.37957642231783,28.041292005017496,28.083579573507347,20169200
2009-07-02,27.32244873046875,27.594284301959387,27.21975657255828,27.564080861654826,20744600
2009-07-06,27.358699798583984,27.358699798583988,26.92980486776721,26.978129921195382,17299200
2009-07-07,26.694198608398438,27.22578774661743,26.645873580037104,27.19558431584484,20032700
2009-07-08,26.585477828979492,26.833149773286895,26.27135922519346,26.754621274527995,24263500
2009-07-09,26.911678314208984,27.00229094900642,26.700251905515014,26.89355670899951,22637100
2009-07-10,26.59755516052246,27.274124219301523,26.150538704788794,26.506944837839878,16245600
2009-07-13,27.06269073486328,27.14122151079004,26.47069464148144,26.657959628883887,19678700
2009-07-14,27.207683563232422,27.2982939135451,26.96001158537692,27.219765404149218,15241000
2009-07-15,28.137958526611328,28.204405180808696,27.7513466134969,27.79363189542933,21318700
2009-07-16,28.385629653930664,28.464158144242287,28.02922349881454,28.13795773626522,15476600
2009-07-17,28.282930374145508,28.367500921254834,28.095665373850167,28.204399592812035,16180900
2009-07-20,28.832639694213867,28.893048870617587,28.560804161333266,28.74202938616997,15950700
2009-07-21,29.013872146606445,29.18905535916851,28.69371147179491,29.18301559173112,19663900
2009-07-22,29.08635711669922,29.21925271198585,28.772236274829005,28.784318111559557,16927500
2009-07-23,29.575658798217773,29.732720371170267,29.013866064916016,29.038029738350975,19940000
2009-07-24,29.75689125061035,29.775015163666385,29.37028156958849,29.52130112026112,15432700
2009-07-27,29.787086486816406,29.823329691380536,29.45484174914749,29.64210675543591,14807400
2009-07-28,29.66023063659668,29.72063982280273,29.309866574100898,29.563578243041825,18335000
2009-07-29,29.41859245300293,29.66626428519701,29.267572986924247,29.575651683800128,20032100
2009-07-30,29.992475509643555,30.264308783254503,29.859577603878318,29.956229997787172,19165900
2009-07-31,30.45157241821289,30.524061134250545,30.022677583792575,30.15557317913248,20636100
2009-08-03,31.158342361450195,31.236870837298497,30.838179474868372,30.940873926602027,22184800
2009-08-04,31.11001968383789,31.158347034106907,30.433452910695898,30.86234777464641,18395300
2009-08-05,30.983173370361328,31.049622345220605,30.566357911471556,31.03754050393932,18679100
2009-08-06,30.789857864379883,31.110018482234008,30.560307568218068,31.0616911338316,16284900
2009-08-07,30.75965690612793,30.989207238011396,30.693210248296683,30.904636669521476,19822400
2009-08-10,30.57239532470703,30.723414861142555,30.41533371636395,30.626762449998832,14593800
2009-08-11,30.397212982177734,30.46970171652306,30.222029761832484,30.43949826924378,13047300
2009-08-12,30.741535186767578,30.98316735674297,30.36700739724336,30.38512900346021,18246400
2009-08-13,31.212711334228516,31.291242124939107,30.910672313129922,31.1704260556247,17806800
2009-08-14,30.946922302246094,31.2852068843902,30.71133220040697,31.2852068843902,17855000
2009-08-17,29.950191497802734,30.058923429220037,29.847497028721204,30.022680220205917,23357700
2009-08-18,30.469701766967773,30.584478092944487,30.016643143902602,30.14954107740182,17125200
2009-08-19,30.729455947875977,30.84423227529443,30.083092488533886,30.10121640065937,18921900
2009-08-20,30.946922302246094,31.11002367375976,30.663004843939873,30.717371967777762,14815500
2009-08-21,31.62349510192871,31.732229370027802,31.381865187334,31.40602887010616,20819300
2009-08-24,31.617446899414062,31.925525707263837,31.538916103540586,31.756384581728668,19589500
2009-08-25,31.931568145751953,32.16111846474313,31.840955510673187,31.949689751017694,20682000
2009-08-26,31.798664093017578,31.81678569478662,31.514746708638086,31.671808271885094,16828400
2009-08-27,32.04029846191406,32.173194058211294,31.43017837644247,31.76846289434626,18976000
2009-08-28,32.05841827392578,32.39670277293035,31.919480614792107,32.330253826306716,17008900
2009-08-31,31.822832107543945,31.87115715364742,31.5872420348991,31.677852360483705,18793900
2009-09-01,31.0314998626709,31.949699103027054,30.946929274176046,31.496640403768303,33136100
2009-09-02,30.995248794555664,31.182511534706745,30.832147427589316,30.862350872351577,20632100
2009-09-03,31.23688316345215,31.32145374273719,30.959007744551165,31.30937420658972,14848800
2009-09-04,31.714096069335938,31.780545020276417,31.134181722832313,31.28520122792439,13312100
2009-09-08,32.34234619140625,32.438998607676076,32.18528457473317,32.40879515966214,17093100
2009-09-09,32.74102020263672,32.867875999139876,30.246178016203903,32.541673404382486,21243900
2009-09-10,33.030982971191406,33.09138984532097,32.46919028516327,32.68061664899126,17004400
2009-09-11,32.988712310791016,33.23638429142788,32.86789620464181,33.14577163572209,16105400
2009-09-14,33.05514907836914,33.07327068106845,32.60209057588875,32.62021217858806,18704400
2009-09-15,33.061187744140625,33.163882199559836,32.668538437683864,32.89204664624384,24528200
2009-09-16,33.713592529296875,33.72567436529136,33.29677725279837,33.441756980357546,22163300
2009-09-17,33.49612808227539,33.76192159270795,33.351148337437266,33.465924640876786,20940900
2009-09-18,33.586734771728516,33.755878173130846,33.43571527670389,33.73775426675315,15180700
2009-09-21,33.23033142089844,33.30886221003407,32.91621287310551,33.01286526574368,17452700
2009-09-22,33.68943786621094,33.780048203837794,33.55050017168293,33.74984475796217,13731800
2009-09-23,33.399478912353516,34.015638854758244,33.3330299522351,33.82233404589109,22848100
2009-09-24,32.91016387939453,33.69546469243111,32.72289889988705,33.61693622418948,27611900
2009-09-25,32.7712287902832,33.12763487298845,32.69269801155167,32.83767773348877,22919400
2009-09-28,33.2182502746582,33.447798255789905,32.84372025504916,32.886005530751035,15643900
2009-09-29,33.01891326904297,33.254503390845564,32.87393349173155,33.12764752593269,16359800
2009-09-30,33.030982971191406,33.339061716251415,32.77122926456014,33.29073667782268,25290400
2009-10-01,32.16716003417969,32.84976895806432,32.130914517242175,32.825605280105975,22406000
2009-10-02,31.810754776000977,32.08259040001084,31.665775008403976,31.68389891958812,27674800
2009-10-05,32.26984786987305,32.39066393904443,31.774504060207725,31.828871176116106,15838800
2009-10-06,32.813514709472656,33.06118658170245,32.6202099459945,32.644373617522916,18768200
2009-10-07,32.93433380126953,32.94037356752159,32.68061983556265,32.7953961337246,20064200
2009-10-08,33.41156768798828,33.61695437809967,33.163895706181215,33.35720055518305,14926100
2009-10-09,33.32698059082031,33.37530793465355,33.1517997303613,33.29073738731997,9190200
2009-10-12,33.52633285522461,33.76796500476,33.45988389888363,33.665270534676225,9631800
2009-10-13,33.45383071899414,33.5504830791811,33.22428049940985,33.50819781562268,11697400
2009-10-14,34.25727081298828,34.29351633101271,33.955231742577084,34.10625127778268,16624600
2009-10-15,34.4143180847168,34.4143180847168,34.05186996857652,34.08811547150283,16062400
2009-10-16,33.89481735229492,34.033755017424326,33.677348901005516,33.840450239472574,19457400
2009-10-19,34.4384880065918,34.54722223801586,34.07000233829341,34.22102184811852,16127900
2009-10-20,34.25727081298828,34.54722804405801,34.00959886742611,34.541188276574886,14700400
2009-10-21,34.14250183105469,34.71033453759515,34.106256307684866,34.18478712279836,19720200
2009-10-22,34.474727630615234,34.571380008221126,33.84648602398969,34.118321556123284,15890400
2009-10-23,33.931060791015625,34.39016137008588,33.76796175580289,34.384119299522595,19383000
2009-10-26,33.41759490966797,34.305590310629086,33.28469701173509,34.05187635133675,21031300
2009-10-27,33.15181350708008,33.604872174106156,33.10348614316371,33.48405606869076,23313000
2009-10-28,32.35441970825195,32.98870117087608,32.26380708314503,32.83163959460738,25441000
2009-10-29,33.30885696411133,33.42363324655033,32.69269719394353,32.958492960118534,21274300
2009-10-30,32.19736099243164,33.20013050649471,32.14299387341241,33.09139626845625,31478700
2009-11-02,32.5114860534668,32.95850490120806,32.14299801094534,32.481282606651575,25878000
2009-11-03,32.38462448120117,32.45107343509748,31.883238595892575,31.92552387484934,19567300
2009-11-04,32.7108268737793,33.024945427555565,32.608132408434294,32.807479268258504,24340600
2009-11-05,33.13368225097656,33.308865449789394,32.928295608596876,33.03099008197424,13490700
2009-11-06,33.23033142089844,33.27865876940492,32.83164001321916,32.904131035978885,12750300
2009-11-09,34.160614013671875,34.16665608475394,33.77400442191722,33.82837153978115,17554500
2009-11-10,33.979393005371094,34.063963570373346,33.75588475438301,33.8102518753666,19583800
2009-11-11,34.08208084106445,34.378080085299715,33.91898180323303,34.21497874309352,14746200
2009-11-12,33.586734771728516,34.12436610969089,33.52028812959236,33.949182942412406,18177000
2009-11-13,34.05792236328125,34.16665660065093,33.59882173785924,33.78608676985703,20592200
2009-11-16,34.60158920288086,34.80093606108086,34.33579569632236,34.35391730002242,18105000
2009-11-17,34.372039794921875,34.40224323463846,34.039795044915145,34.2451816611126,15367600
2009-11-18,34.2633056640625,34.42036493365193,34.070000884087165,34.39620126006133,12114400
2009-11-19,33.616943359375,33.774002633568365,33.35114755083649,33.774002633568365,21816500
2009-11-20,33.4296875,33.45989094896212,33.18201553150989,33.20617921242977,15379300
2009-11-23,34.02772521972656,34.293518791180986,33.93107049806088,34.10625372451683,17112800
2009-11-24,33.8887825012207,34.02772250032371,33.63507079025044,33.94919169743402,23601500
2009-11-25,34.34183883666992,34.36600251356051,34.009596344737,34.172697707185904,15283000
2009-11-27,33.351158142089844,33.5988301213694,32.88601763380861,32.93434499775367,14507600
2009-11-30,33.459877014160156,33.677345443120586,33.16388011147751,33.369266705009636,20857000
2009-12-01,34.37808609008789,34.48682033721786,34.05188334869798,34.11229254397861,17952200
2009-12-02,34.43244552612305,34.619710533120696,34.287465794193466,34.35995681234559,13034600
2009-12-03,34.353919982910156,34.813020617080625,34.25726758167032,34.63179765280281,15714100
2009-12-04,34.23310470581055,34.83114303672502,34.00959645478699,34.64992006820929,17862600
2009-12-07,34.045833587646484,34.329750961187294,33.985424410098176,34.01563015105958,13057600
2009-12-08,33.45383071899414,33.70754230034464,33.36321812315523,33.701502535996596,16547700
2009-12-09,33.41156768798828,33.52634172196576,33.05516144057074,33.3753221646596,16435300
2009-12-10,33.514244079589844,33.69546700203929,33.08534929210544,33.58673278769472,12430600
2009-12-11,33.502166748046875,33.671310162196406,33.423638263865634,33.61694304771527,22797300
2009-12-14,33.828365325927734,33.84044716149765,33.610896894418275,33.743794781312836,23188500
2009-12-15,33.45383071899414,33.6531752037161,33.36926019187731,33.3994636223656,16211400
2009-12-16,33.84649658203125,34.015640023884835,33.73776233525936,33.77400785230838,17313400
2009-12-17,33.04910659790039,33.30282055441685,32.96453604718646,33.23637160617743,20345600
2009-12-18,33.12764358520508,33.260541506566945,32.75915557006545,33.188050474346774,18769700
2009-12-21,33.224300384521484,33.393441539988004,33.15785141505237,33.19409693595609,15019700
2009-12-22,33.43519973754883,33.51444516689151,33.270616475187346,33.38643492934596,15589200
2009-12-23,33.7400016784668,33.7400016784668,33.47178930605589,33.61808844350014,10683500
2009-12-24,33.874107360839844,33.92287451270403,33.80095895838935,33.868012629529716,4979300
2009-12-28,34.02040100097656,34.0447822476283,33.91067725233482,34.0447822476283,11762300
2009-12-29,34.07526397705078,34.258136122251344,33.947251382599454,34.25203906638221,10648300
2009-12-30,33.935054779052734,33.935054779052734,33.68512900684219,33.76437444447338,12566200
2009-12-31,33.69732666015625,34.105743378758135,33.660753625145574,34.087454535907234,13893400
2010-01-04,34.58119583129883,34.70920604676051,34.386131981449275,34.39222670941885,18556900
2010-01-05,34.611690521240234,34.80675446351326,34.447104883945066,34.666552400338624,14352800
2010-01-06,34.75798797607422,34.80065806606889,34.54463520075535,34.55073225666631,11888100
2010-01-07,34.62388229370117,34.648265867811425,34.36176468538002,34.526350322605786,10906600
2010-01-08,34.89818572998047,34.93476108490036,34.58730335186965,34.68483530631081,12826500
2010-01-11,35.18468475341797,35.27002491776786,35.032290938408835,35.251738404077194,12387500
2010-01-12,34.77017593383789,34.97743163042387,34.501961311582356,34.81284601913395,19029700
2010-01-13,35.06277084350586,35.17249458136942,34.70921606031323,34.916471751239385,15446600
2010-01-14,35.330989837646484,35.35537341187556,35.05058571004904,35.05058571004904,13362600
2010-01-15,34.77627944946289,35.117642543417155,34.61169379659275,35.0566836023472,19281700
2010-01-19,35.11763381958008,35.16030390505613,34.64826055399822,34.672644124368894,17507700
2010-01-20,34.22154998779297,34.38004083564974,33.904570617424184,34.36175199914641,24510100
2010-01-21,33.49006271362305,34.24593703133121,33.27061758139648,34.16059687013004,22979100
2010-01-22,32.83782958984375,33.557128823287606,32.78906476191063,33.34377834105674,27432500
2010-01-25,33.240142822265625,33.5144521926138,33.15480264601184,33.441303802302755,20242700
2010-01-26,33.05117416381836,33.33157824928152,32.862204979956516,32.947545151589196,22135300
2010-01-27,33.014591217041016,33.045069510567025,32.539123327070044,32.84391091301959,27156000
2010-01-28,32.45988082885742,33.03897775941777,32.21604980798624,33.03288070495626,26142600
2010-01-29,31.990510940551758,32.69152345419845,31.89907604225775,32.50255427717186,28917200
2010-02-01,32.57570266723633,32.62446980661215,31.99051094679773,32.42940589979928,23123800
2010-02-02,33.11822509765625,33.19746820746068,32.70371373350581,32.807340411870875,19720200
2010-02-03,32.77077102661133,33.03898567893022,32.60009066629604,32.90487835277077,20225900
2010-02-04,31.435794830322266,32.18557209384651,31.417508317296914,32.14899906779581,32202200
2010-02-05,31.38094139099121,31.380941390991207,30.44219471457395,31.26512290182763,43046100
2010-02-08,30.759166717529297,31.362647241332247,30.753071988149287,31.07005139884583,19238000
2010-02-09,31.728389739990234,32.014890837537266,31.143198086798147,31.447985696837144,30811800
2010-02-10,31.52722930908203,31.6674313225763,31.21634466257078,31.55770760325995,23502500
2010-02-11,31.8198299407959,31.874691808767853,31.179776364686514,31.41751035078327,19397300
2010-02-12,31.5455265045166,31.606483113517534,31.11882326547335,31.271217113321256,18994900
2010-02-16,32.24654006958008,32.31359141128669,31.582102780687396,31.69182654034642,19592800
2010-02-17,32.289215087890625,32.47208727343751,32.15510773332811,32.39284180707366,19682000
2010-02-18,32.472076416015625,32.520841230694906,32.191672336910415,32.191672336910415,13747600
2010-02-19,32.27091598510742,32.35016142628513,31.929555300671613,32.020990201711804,16069000
2010-02-22,32.331878662109375,32.49646429349034,32.25263321173805,32.44769714700167,14422100
2010-02-23,31.874691009521484,32.331872456042404,31.7710620057973,32.18557337000387,18038800
2010-02-24,32.07584762573242,32.26481678223739,31.838113660502106,31.923453819780175,15789800
2010-02-25,31.880783081054688,31.886880135359895,31.37483686493226,31.441890510220208,18544400
2010-02-26,32.07584762573242,32.2160496481671,31.643049774910825,31.813730093466962,19714200
2010-03-01,32.32578659057617,32.386745533086525,32.06366895114636,32.14901147066086,14774400
2010-03-02,32.56960678100586,32.789054249714496,32.41111590900735,32.545223212183764,14135700
2010-03-03,32.95973205566406,33.166987724083356,32.81343530462981,32.86220011319292,15292400
2010-03-04,32.8743896484375,33.057261737396416,32.685420505484586,32.996305149525035,12645600
2010-03-05,33.514442443847656,33.56320957343311,33.045069285638874,33.106028197620695,18656300
2010-03-08,33.514442443847656,33.65464445338876,33.41081578149564,33.56320957343311,11336100
2010-03-09,33.43519973754883,33.593690596234204,33.19137104584466,33.2035628292316,15356500
2010-03-10,33.575416564941406,33.73390515719743,33.392542071501516,33.435212166545284,13641100
2010-03-11,33.70341873168945,33.7399917612912,33.41082286814938,33.55711963724681,13015300
2010-03-12,33.92897033691406,33.98383222185556,33.75219289373082,33.971640433496795,11743300
2010-03-15,33.69123458862305,33.73390468306709,33.43521169661308,33.64856449417901,10182300
2010-03-16,34.11792755126953,34.15450057811802,33.72170270788061,33.80704287098713,15718300
2010-03-17,34.30079650878906,34.44709325342623,34.203264570582675,34.24593464821392,17400500
2010-03-18,34.099639892578125,34.25203371064079,33.880194747857786,34.18498238398312,15899600
2010-03-19,33.7521858215332,34.08135706220992,33.59369725676962,33.7521858215332,17819700
2010-03-22,33.8497200012207,33.89239009165935,33.28281471356947,33.30719828677599,17473800
2010-03-23,34.08744812011719,34.14230998765291,33.73999040083934,33.868002975319435,15533000
2010-03-24,33.526641845703125,33.65465210194022,33.38034274904269,33.526641845703125,18234000
2010-03-25,33.50835037231445,33.928956434289084,33.46568029321608,33.80094619699396,18633000
2010-03-26,33.8375244140625,33.96553699634589,33.62417398583229,33.72780299764787,23466200
2010-03-29,34.1240234375,34.160598790933506,33.941151321022716,34.00210791806677,13605700
2010-03-30,34.1240234375,34.3251843933666,33.965534889978386,34.233747172455395,16768000
2010-03-31,34.1240234375,34.24593895693323,33.916767752067045,33.99601318850041,22702600
2010-04-01,34.727508544921875,34.7397003310024,34.45319917147355,34.47148568792163,20493900
2010-04-05,34.76408386230469,34.86771288812635,34.59340349665206,34.70922198400983,14434000
2010-04-06,34.66654586791992,34.71531300697151,34.36785527993707,34.40442830888058,15025700
2010-04-07,34.42272186279297,34.55073213231627,34.29470926792417,34.477583739066596,19574500
2010-04-08,34.38614273071289,34.41662103077744,33.97772839408837,34.05087677931235,13853000
2010-04-09,34.83723068237305,34.879900769007826,34.47758114834754,34.48977293386395,17131200
2010-04-12,34.94696044921875,35.05058715594865,34.873809723513936,34.953055180354625,11992200
2010-04-13,34.91646194458008,35.01399387024979,34.65434445834063,34.983515579480105,9094000
2010-04-14,35.379756927490234,35.40414050167891,35.06277743907433,35.166404141357766,20763800
2010-04-15,35.35536575317383,35.41022762063221,35.13591828334029,35.166396581851586,13534200
2010-04-16,34.57511520385742,35.17859350877168,34.3983377911672,35.038391454848714,30341100
2010-04-19,34.483673095703125,34.50805666476826,34.069161722976254,34.18498251336311,19657000
2010-04-20,34.6970329284668,34.79456723119826,34.61169273892253,34.74580007983253,14039800
2010-04-21,34.47148895263672,34.617788074113285,34.294711525745015,34.55682913793736,15597400
2010-04-22,34.16060256958008,34.22155917336679,33.72170758121049,33.94115507539529,22128200
2010-04-23,34.41661834716797,34.43490718605683,33.91067209458052,34.02039582653347,18250100
2010-04-26,34.45319747924805,34.59339952426973,34.38004909170311,34.514154081311275,19670500
2010-04-27,33.069454193115234,34.184977911555414,32.9902087669937,33.953338687308936,39699100
2010-04-28,33.075565338134766,33.398641931745296,32.72201276018702,33.33768298703294,32895300
2010-04-29,33.587589263916016,33.66683468316545,33.34985533151234,33.43519547900652,21405900
2010-04-30,33.166996002197266,33.636369319160295,33.08165582190317,33.59979395960046,24817100
2010-05-03,33.404727935791016,33.52054873781066,33.16699392689125,33.22795053033131,22046300
2010-05-04,32.08195495605469,32.56351776984682,31.947847619751577,32.54523125138573,42932500
2010-05-05,31.466278076171875,31.844216457334646,31.295597726837308,31.362651385603133,40791300
2010-05-06,30.064254760742188,31.454085753830288,28.808528757552466,31.259021836391444,64526400
2010-05-07,29.997207641601562,30.667742038630905,29.44249406947187,30.362954310530064,66179200
2010-05-10,31.941740036010742,32.216047003934236,31.667430742742503,31.972218329630604,63301700
2010-05-11,31.42361068725586,31.917367587103502,31.185876658740696,31.216354962975487,42343600
2010-05-12,31.77715492248535,31.966121740885267,31.636952909517913,31.691814768969937,27785600
2010-05-13,31.362648010253906,31.771062323734007,31.283402574300638,31.551614855152714,29675400
2010-05-14,30.47267723083496,31.03958025001146,30.20446254934741,30.978623636225613,40366200
2010-05-17,30.515350341796875,30.722606104638697,29.808242855397616,30.582401693450592,33131000
2010-05-18,29.857004165649414,30.862804551356096,29.70461030874511,30.80794266985672,39152500
2010-05-19,29.972822189331055,30.076451219579237,29.47297053255807,29.7960470853594,41441600
2010-05-20,28.93044090270996,29.424197693969077,28.631750331414178,29.08283471571456,50013100
2010-05-21,29.63755989074707,29.674135257540698,28.59518635326134,28.66224002971001,52184600
2010-05-24,28.95482635498047,29.45467790813357,28.936539840340416,29.223038646197068,26489400
2010-05-25,28.84510612487793,28.887776214458142,27.94902959300256,28.09532870395291,53441800
2010-05-26,28.418405532836914,29.125512929599214,28.351351864337314,28.875587099502514,42125600
2010-05-27,30.03377914428711,30.052065661511175,29.265712866039028,29.442490283690077,33506900
2010-05-28,29.45468521118164,29.960633944890738,29.32667492627179,29.887483217503014,39482100
2010-06-01,29.162086486816406,29.88138562653734,29.137702913354037,29.192564790971584,34753600
2010-06-02,29.942337036132812,29.96062587572698,29.131603124709375,29.29618872898597,25336300
2010-06-03,29.85090446472168,30.149595072332247,29.576595102893883,30.094733199966686,27019600
2010-06-04,28.576887130737305,29.271802513519795,28.436685108364077,29.113311653205752,36685200
2010-06-07,28.21724510192871,28.83291521702001,28.211148045891207,28.692713157649624,24384100
2010-06-08,28.6683292388916,28.704904598639423,28.119712794747397,28.375733336945586,33911600
2010-06-09,28.564699172973633,29.155987963112512,28.42449713182276,28.85729504042048,30395500
2010-06-10,29.771656036376953,29.796039605060404,29.308379858116922,29.405911807505618,30506000
2010-06-11,29.814329147338867,29.82652093291899,29.38153122329845,29.436393095736342,22459100
2010-06-14,30.003297805786133,30.43609572218091,29.94843593431741,30.25322359240026,29477200
2010-06-15,30.954233169555664,30.972522009896576,30.369041436241922,30.478765176906403,28365100
2010-06-16,30.807939529418945,30.92985506758395,30.503151846679177,30.570205508937203,21785900
2010-06-17,30.905467987060547,30.966424586551636,30.600680338914675,30.954232801584375,23402900
2010-06-18,30.850610733032227,30.996907523836825,30.75307876404731,30.862802519823536,20182700
2010-06-21,30.844507217407227,31.387031151948385,30.72259402571671,31.326072230758047,26081200
2010-06-22,30.45438003540039,31.045668793435546,30.399518167898727,30.917658544380036,29123900
2010-06-23,30.658443450927734,30.875526363339308,30.286300639357524,30.677049881698355,31159100
2010-06-24,30.125038146972656,30.497180972473835,30.03820497875747,30.453764388366242,24218700
2010-06-25,30.2987003326416,30.385535854987157,29.876937259638833,30.106427591084437,31883900
2010-06-28,30.075420379638672,30.459968283658274,30.007193642500628,30.236681640670636,23915000
2010-06-29,29.04581642150879,29.523398746198207,28.946575831829456,29.523398746198207,39759300
2010-06-30,28.847341537475586,29.38695167024083,28.82873510738927,29.089236958728733,40112000
2010-07-01,29.269102096557617,29.312518673674834,28.810126176739594,29.213280445117476,43453600
2010-07-02,29.207082748413086,29.560619129796734,29.008606266444247,29.442774458010952,24580500
2010-07-06,29.790102005004883,30.26148534328817,29.591625557104305,30.03819874789355,26225800
2010-07-07,30.7204647064209,30.757679931859062,29.938963900428757,29.969975405280813,31096500
2010-07-08,31.018178939819336,31.024382660311037,30.59641822140256,30.825906193046862,30704400
2010-07-09,31.0492000579834,31.06160513583637,30.68945989832727,30.739080209739154,19807000
2010-07-12,30.931344985961914,31.005775433792113,30.708058374523436,30.794893896992004,19512900
2010-07-13,31.501964569091797,31.57639264612314,31.266272898128992,31.328295901317457,21027200
2010-07-14,31.613605499267578,31.64461699853853,31.278675628679487,31.36550877304846,17036100
2010-07-15,31.768661499023438,31.824483137334322,31.27246810691538,31.681828365212162,21741000
2010-07-16,30.751482009887695,31.396529427301864,30.70806305901685,31.390328072049698,29092500
2010-07-19,30.949947357177734,31.11120856195413,30.689445575892087,31.005768998451405,15344100
2010-07-20,31.160839080810547,31.204255664274918,30.466169013327907,30.47857408946435,17648600
2010-07-21,30.596420288085938,31.16703957850729,30.49717968172437,31.148433147827635,18248500
2010-07-22,31.62600326538086,31.737644163757896,31.334490034327814,31.334490034327814,25412400
2010-07-23,31.998165130615234,32.00436648635282,31.47096234993578,31.576401959661027,26349100
2010-07-26,32.2214469909668,32.23385206661959,31.750063580265454,31.824494034182248,29416900
2010-07-27,32.31448745727539,32.43853587061004,32.0725943525875,32.40752435878305,31043800
2010-07-28,32.14701461791992,32.32688227584374,32.047774025926174,32.22764404987593,18472800
2010-07-29,32.29587936401367,32.75485775996144,32.01056968422194,32.61220292006558,20313700
2010-07-30,32.19664001464844,32.40752158948904,31.88031883540077,31.917531700002563,25265700
2010-08-02,33.28205108642578,33.33787273541449,32.84788296829428,32.92851476483927,20257000
2010-08-03,33.23243713378906,33.34407807909905,32.97193528532927,33.133196531689194,18383000
2010-08-04,33.263458251953125,33.35029143785881,33.00916005064639,33.18902777886808,15891400
2010-08-05,33.2386360168457,33.2386360168457,32.96573147944227,33.13939778815118,13158500
2010-08-06,33.33787155151367,33.3688830518448,32.92851359547565,33.040156889488365,18078700
2010-08-09,33.375091552734375,33.4619247125113,33.29445974750173,33.42470948716712,13579600
2010-08-10,33.1083869934082,33.26344687693631,32.612195839323476,32.79826722635199,20251800
2010-08-11,31.601215362548828,32.07259652593079,31.551595047441857,32.06639516955585,40518300
2010-08-12,31.563995361328125,31.663233610534242,31.322102276764873,31.328303632203664,22039000
2010-08-13,31.452342987060547,31.73765257569743,31.439937913725142,31.551581207717977,18869200
2010-08-16,31.706649780273438,31.824496826301196,31.371722172368045,31.45855534352968,16634800
2010-08-17,32.060184478759766,32.240054532886866,31.880316790659002,32.060184478759766,13630600
2010-08-18,32.04778289794922,32.26486820399395,31.91753313393834,32.14702351741647,14140600
2010-08-19,31.532981872558594,32.15322148266712,31.384123325080957,32.06638831581614,20836400
2010-08-20,31.20424461364746,31.272468959197493,31.01196955066416,31.198040894763043,16366900
2010-08-23,31.14222526550293,31.563988322075936,31.136023911447136,31.359310513871193,13331200
2010-08-24,30.714252471923828,30.9251339426537,30.490965930442165,30.720453824287066,21659600
2010-08-25,30.74527359008789,30.807296597236817,30.280093938392763,30.441357542621667,18816000
2010-08-26,30.73286247253418,31.098803821221342,30.639827980103906,30.918933823420318,16038800
2010-08-27,31.334497451782227,31.371712670734226,30.689447852768716,31.092604443658598,16814200
2010-08-30,30.881725311279297,31.260071785314306,30.87552159129706,31.129819691972504,17372300
2010-08-31,30.974763870239258,31.179444067971556,30.7266694570796,30.85071784667255,24164600
2010-09-01,32.07878494262695,32.19042823232258,31.66942700241823,31.73145000068215,25500500
2010-09-02,32.258663177490234,32.258663177490234,31.967152150689063,32.066390400115814,14665200
2010-09-03,32.556373596191406,32.65561182520863,32.34549206377655,32.51915837305019,16061700
2010-09-07,32.10359573364258,32.3392874079997,32.08498930562326,32.31447725995665,17975300
2010-09-08,32.3516960144043,32.587387714495875,32.302078078926506,32.3206845089774,13422600
2010-09-09,32.65561294555664,32.87269583959637,32.50055305952081,32.87269583959637,14184700
2010-09-10,32.754859924316406,32.78587143659917,32.62460778708601,32.668024377487235,10187700
2010-09-13,33.35027313232422,33.37508327640126,33.157998064765465,33.20761835291955,23197400
2010-09-14,33.573570251464844,33.7038199997775,33.13319833674736,33.232438944253744,20933000
2010-09-15,33.585960388183594,33.6231732334197,33.207614021448144,33.35647013444308,19914900
2010-09-16,33.424713134765625,33.511546304018545,33.25104679625977,33.34408132073373,18005000
2010-09-17,33.263458251953125,33.480541216717334,33.077386801294246,33.41851818850667,18965300
2010-09-20,33.840267181396484,33.9022901835375,33.350277419994455,33.437110569402236,17245100
2010-09-21,33.834068298339844,34.10077150451954,33.5239485112496,33.8464733737466,24148000
2010-09-22,33.784446716308594,34.119374252036664,33.691409843812714,33.939506593117756,21603200
2010-09-23,33.41851806640625,33.7472443735701,33.34408759359315,33.40611298760407,20424200
2010-09-24,34.34886169433594,34.41088469345082,34.04494332021119,34.06975346626744,21041700
2010-09-27,34.175193786621094,34.36746887373049,34.14418228638431,34.3364573734937,13161000
2010-09-28,34.37367630004883,34.45430810773008,33.88989018601377,34.24963027718687,30726600
2010-09-29,34.31786346435547,34.49773117774781,34.206220129959306,34.379886487452595,18717500
2010-09-30,34.06355667114258,34.61557188599142,33.883688990735806,34.49152349651948,30372500
2010-10-01,34.404693603515625,34.479121697861935,34.12558529218388,34.41089495886679,15814900
2010-10-04,33.90849685668945,34.24342679925472,33.77824711214504,34.10697569993373,14760400
2010-10-05,34.869869232177734,34.96910746830879,34.44810613711418,34.51633286808419,25199800
2010-10-06,35.161380767822266,35.17378584328522,34.95049921700445,35.02492966978218,24251900
2010-10-07,35.04352951049805,35.428077313435764,34.857458145594364,35.42187595988348,22281600
2010-10-08,35.27302169799805,35.33504707112253,35.000117154328464,35.11796181422591,16558500
2010-10-11,35.229610443115234,35.37226527381801,35.10556204414826,35.335052410346414,9960700
2010-10-12,35.15517807006836,35.24821494947313,34.70240348008581,34.95670160229591,13383900
2010-10-13,35.5521240234375,35.73819537967786,35.403267884855474,35.48389730741005,15517400
2010-10-14,35.80022048950195,35.93047020134738,35.589338989645974,35.8064218427217,16135400
2010-10-15,35.68238067626953,35.93047744352752,35.428082554541845,35.9056672935965,20830900
2010-10-18,35.76300811767578,35.91806798678919,35.508710026970824,35.614149602275546,12315200
2010-10-19,34.97530746459961,35.359855318919564,34.80164114962145,35.136571070815975,20471000
2010-10-20,35.63276672363281,35.76921783144669,35.16138328638084,35.186193439083866,15578900
2010-10-21,35.440494537353516,35.893269214729244,35.23581667559331,35.663781198202166,14836300
2010-10-22,35.53353500366211,35.66378478023043,35.42809301832575,35.60796310941161,12456000
2010-10-25,35.669960021972656,36.03590129253409,35.65135360066405,35.90565161132369,13979000
2010-10-26,35.440494537353516,35.47770976950382,35.19860144344301,35.285434619100464,14724600
2010-10-27,35.0993537902832,35.21099709080782,34.776828962770516,35.12416393840555,15964500
2010-10-28,35.372257232666016,35.47769917592714,35.17998450570153,35.465294102247846,15896800
2010-10-29,35.35985565185547,35.44048745572285,35.210999485051495,35.31643907270214,13268100
2010-11-01,35.229610443115234,35.539730257519466,35.04353902767798,35.41568185855249,14155000
2010-11-02,35.8126335144043,35.880857879073744,35.68238140760986,35.77541828874501,13020600
2010-11-03,36.060733795166016,36.060733795166016,35.45910056214281,35.862257291369474,24589500
2010-11-04,36.879451751708984,36.910463263299775,36.668570160454244,36.71198674988669,19768900
2010-11-05,36.71818161010742,36.86083642181753,36.53211021944321,36.68717010600107,14176200
2010-11-08,36.494895935058594,36.569324020036426,36.27781303469567,36.43287292524809,11752500
2010-11-09,36.128963470458984,36.81122621190245,36.00491505400743,36.71819167408384,17333500
2010-11-10,36.23439407348633,36.327430954189445,35.756811692887055,36.25300286924264,19340700
2010-11-11,35.92427444458008,35.980096100033016,35.71959661860343,35.87465650974757,21357400
2010-11-12,35.626556396484375,36.01110659399794,35.43428366375354,35.818831495241156,19040600
2010-11-15,35.60174560546875,35.93047175895551,35.595541885954425,35.86844875996675,15067500
2010-11-16,34.76441955566406,35.35364748698562,34.609359698265,35.29162449043626,40455500
2010-11-17,34.95670700073242,35.14897977769037,34.86987382842541,34.95050327926678,22315000
2010-11-18,35.831233978271484,35.86844919773439,35.663769039727065,35.69478053959993,19343000
2010-11-19,35.831233978271484,35.849840404990054,35.3722557356654,35.54592439379986,14201100
2010-11-22,35.446693420410156,35.601753317496765,35.03733538674255,35.41567954817182,28197600
2010-11-23,34.37987518310547,34.77682807887015,34.29304203291018,34.65277970743722,22439100
2010-11-24,34.92569351196289,34.938098588164586,34.69620315127116,34.70860822747285,18834800
2010-11-26,34.34266662597656,34.53494175730942,34.28064361123763,34.34266662597656,8691400
2010-11-29,34.03875732421875,34.11938678624112,33.635600549999616,33.97053057479457,25857100
2010-11-30,33.654205322265625,33.827874048409065,33.39990713808324,33.41851593811483,26227300
2010-12-01,34.60936737060547,34.634177521135484,34.24962965202492,34.31785638296938,21834400
2010-12-02,35.266815185546875,35.291625331167914,34.510122306285,34.54113380529845,22405800
2010-12-03,35.607940673828125,35.638952167848686,35.260605789131944,35.29161964917784,17799200
2010-12-06,35.446693420410156,35.5149177876662,35.23581186573131,35.29163352332354,15412000
2010-12-07,35.465309143066406,35.96150047054357,35.42809390624554,35.918083877266,24787900
2010-12-08,35.570743560791016,35.700995687593895,35.29163760656358,35.50251918564141,13426500
2010-12-09,35.66377639770508,35.713396700559706,35.40947826064075,35.67618147341874,14969800
2010-12-10,35.744407653808594,35.78162051434756,35.49010952067866,35.638965694886984,13417000
2010-12-13,36.128963470458984,36.32123863426024,35.96770218529068,36.02972521050309,15149500
2010-12-14,36.18478012084961,36.41426812153837,36.11035202771231,36.197185197376896,16046600
2010-12-15,35.707191467285156,36.09173933401568,35.6141545863865,35.94288316380923,19335800
2010-12-16,35.905670166015625,35.961491824813045,35.607955441104814,35.72580011366546,15424700
2010-12-17,35.707191467285156,35.732001617661616,35.51491635090681,35.70099011270412,16830000
2010-12-20,35.78781509399414,35.887053306793774,35.6327552386181,35.88084958760439,12685600
2010-12-21,36.08708953857422,36.13717686111223,36.01196094306218,36.09335164803896,18172500
2010-12-22,36.15595245361328,36.16221217375129,36.03073655620159,36.09334569905473,9188800
2010-12-23,36.137176513671875,36.16221778640514,36.0307421484494,36.04326397896351,10404000
2010-12-27,36.06204605102539,36.07456788172021,35.861701536498195,35.924310689972316,6348600
2010-12-28,36.09334945678711,36.26238818935298,36.01195875675161,36.256128468563254,9601200
2010-12-29,36.40639114379883,36.494041572099604,36.27491311305261,36.318738327203,9244900
2010-12-30,36.23108673095703,36.36256475746492,36.0933513716223,36.331258986970916,10546300
2010-12-31,36.45021438598633,36.70064382639812,36.2185641085294,36.23108593879422,28390800
2011-01-03,36.750728607177734,36.85716057462961,36.66307818967742,36.69438156902828,16245400
2011-01-04,36.638023376464844,36.9260182000846,36.45646048789386,36.90723665585106,14583100
2011-01-05,36.48151779174805,36.48151779174805,36.09335060646008,36.09961032744919,13008800
2011-01-06,36.06204605102539,36.53160395475382,35.98065773395153,36.50656268165917,23622100
2011-01-07,35.918052673339844,36.20605003554812,35.73022996810507,36.1183972106963,16347400
2011-01-10,35.85543441772461,35.899259621967126,35.5110925036929,35.66761177264318,12666500
2011-01-11,36.09960174560547,36.162208493792996,35.91177911274854,36.07455809101272,15014100
2011-01-12,36.89472579956055,36.89472579956055,36.46899315620139,36.53159991445638,20472100
2011-01-13,36.994903564453125,37.257854854303446,36.93855651830019,37.15142287173406,16441100
2011-01-14,37.22028350830078,37.25784660522268,36.863419757775354,36.888461026291765,21884200
2011-01-18,37.46446228027344,37.53333115906379,37.33298663256194,37.38307157003983,11977100
2011-01-19,37.207763671875,37.60845264912391,37.1013293188775,37.58340899097218,19678600
2011-01-20,36.888465881347656,37.03246573281595,36.58794912494728,36.87594643958899,17207900
2011-01-21,37.08881378173828,37.27663646105543,36.9886415268828,37.20150547869262,13671500
2011-01-24,37.483238220214844,37.483238220214844,37.02620218830472,37.02620218830472,13494000
2011-01-25,37.408103942871094,37.41436366255592,37.06376204113953,37.182715821506605,13323300
2011-01-26,37.64603042602539,37.71489931427778,37.470727150029624,37.58342126020709,20444700
2011-01-27,37.733673095703125,37.821323521494875,37.52706647351258,37.68358577336785,11889000
2011-01-28,36.89472579956055,37.614715460966536,36.81959721199562,37.50828110597938,18244200
2011-01-31,37.21403503417969,37.37055436415094,37.10760303618105,37.19525347883768,20763600
2011-02-01,38.096797943115234,38.17192892920883,37.639761858373646,37.68984918243604,25762500
2011-02-02,38.065494537353516,38.171928906776024,37.95280044657441,38.015409601615616,17063200
2011-02-03,38.07175064086914,38.09053219027103,37.608452519833634,37.88392559367156,11593300
2011-02-04,38.05923080444336,38.07175263413176,37.7086267380525,37.94653672554254,12648400
2011-02-07,38.17818069458008,38.22826800820473,37.95905466820864,37.977836216670596,13215000
2011-02-08,38.42862319946289,38.44114503135996,38.08428118132677,38.21575683380316,14437700
2011-02-09,38.3159294128418,38.39105801654105,38.10932276729978,38.209495034997204,17360700
2011-02-10,38.065494537353516,38.07801636836175,37.677327329278306,37.79002142005741,13190600
2011-02-11,38.08428192138672,38.14688869379342,37.72115595420106,37.72741567612361,12115100
2011-02-14,38.159400939941406,38.20948586762592,37.96531617296406,38.00288165994845,9851200
2011-02-15,38.04670333862305,38.15939740082968,37.959052932083324,38.121831917329324,14695100
2011-02-16,38.50373840332031,38.5413038859388,38.15313439709759,38.190699879716085,14665300
2011-02-17,38.63521957397461,38.72913209989816,38.397311981345844,38.41609353121265,15745900
2011-02-18,38.76669692993164,38.80426241963669,38.54757087738928,38.62896157760281,10151400
2011-02-22,37.65854263305664,38.24705431154272,37.620977143168005,37.959059387281116,24077500
2011-02-23,37.708621978759766,37.95905376433063,37.48323384940489,37.827575763343944,18757300
2011-02-24,37.73992919921875,37.8901887635262,37.43941245889861,37.78375440791368,17689600
2011-02-25,38.19070053100586,38.21574418651194,37.97157451606377,37.9966157832754,15585300
2011-02-28,38.53505325317383,38.69157256158501,38.35349028222603,38.57887846846535,19750700
2011-03-01,37.99662780761719,38.691573943918385,37.971586532481034,38.66653028048704,20476500
2011-03-02,38.19696044921875,38.37852337013962,38.027921744410435,38.07174694762658,17851200
2011-03-03,38.6853141784668,38.69783601016831,38.35975371911294,38.52253275464227,16087800
2011-03-04,38.3347053527832,38.62270028170111,38.078013805131185,38.54757168900402,18174100
2011-03-07,37.9653205871582,38.585138058845594,37.865148331847564,38.49748763398565,16467500
2011-03-08,38.08428192138672,38.209495466200124,37.696112289920265,37.902718937793885,13435000
2011-03-09,38.096797943115234,38.18445076022443,37.9277591951423,38.09053822175496,13058500
2011-03-10,37.15141677856445,37.408108304873636,37.095069741652935,37.40184858445889,24970100
2011-03-11,37.15141677856445,37.24532930284854,36.83837821534375,36.83837821534375,17713200
2011-03-14,36.487770080566406,36.519075844020094,36.08708114662136,36.23107858298946,31231300
2011-03-15,35.723976135253906,35.924320705636966,34.46555926497115,34.559471827217564,43537200
2011-03-16,34.615806579589844,35.598747524898954,33.87077323434007,35.47979133657447,40797800
2011-03-17,35.767791748046875,35.968136264586704,35.54240356986582,35.824138792592144,30662400
2011-03-18,36.26239013671875,36.375084223344466,36.093351395075146,36.30621773777984,44500400
2011-03-21,37.15768051147461,37.21402755447079,36.83212247226883,36.919772897308455,24131500
2011-03-22,37.051239013671875,37.16393307070483,36.86967610086385,37.13262969670553,16722000
2011-03-23,37.095062255859375,37.19523448034343,36.681851531325876,36.82584895475332,17400800
2011-03-24,37.589683532714844,37.589683532714844,37.15142892328248,37.257860923188446,14473700
2011-03-25,37.17646408081055,37.47698084436339,37.16394225045898,37.3016799960313,12687500
2011-03-28,37.15768051147461,37.40185262332138,37.13263923881683,37.28289642794335,11879900
2011-03-29,37.35176467895508,37.35802439994146,36.9260320030331,37.063769747682834,14375800
2011-03-30,37.79627990722656,37.840105120176815,37.53958835067721,37.620979055425536,13689000
2011-03-31,37.614707946777344,37.74618354582512,37.464448413369695,37.56462063954337,21688400
2011-04-01,37.97158432006836,38.02166925571767,37.51454584810873,37.68358698397837,15132800
2011-04-04,38.02166748046875,38.10305818393064,37.87141029224134,38.07801452312776,19410800
2011-04-05,37.927757263183594,38.046711069329945,37.66480360184043,37.69610698363737,14536800
2011-04-06,38.24078369140625,38.29086860868781,38.065480510185346,38.08426444392334,14204000
2011-04-07,38.0529670715332,38.27209549928669,37.833841032074425,38.14687959604108,16050000
2011-04-08,38.36600112915039,38.56008587579923,38.259569176284344,38.503738845371785,12447100
2011-04-11,38.29086685180664,38.57260196200801,38.20947617812757,38.46616763669012,10165800
2011-04-12,37.934017181396484,38.15940535277786,37.82132309570579,38.115580140375364,14527800
2011-04-13,38.04670333862305,38.3722636974095,37.946531104249864,38.347220041742595,14659800
2011-04-14,38.21575164794922,38.278358410643634,37.82132235574863,37.927756718283035,15109800
2011-04-15,38.159400939941406,38.228269805265455,37.94027251497446,38.09053207461736,14660500
2011-04-18,37.37681579589844,37.45194440419731,36.95734275728097,37.32046874260043,20667200
2011-04-19,37.65227508544922,37.70862211799599,37.458192719794944,37.57714650481835,11675700
2011-04-20,38.61016845703125,38.64773393780317,38.45991131053217,38.528780164466866,16665900
2011-04-21,38.86061477661133,38.9232215463902,38.72913912709858,38.89191816150076,12811800
2011-04-25,38.86061477661133,38.935743378005014,38.710357573823956,38.904439993115574,11593100
2011-04-26,39.1611328125,39.23000169441809,38.88565967312291,38.96078827689934,11400000
2011-04-27,39.649471282958984,39.687034387454965,39.03591350884744,39.29260507218184,16032300
2011-04-28,39.91866683959961,39.937450772872886,39.618150178462535,39.62441228565167,19808900
2011-04-29,39.730857849121094,40.112765316618756,39.730857849121094,39.9374644679162,17700000
2011-05-02,39.98754119873047,40.288057901275224,39.93119416773492,40.15032018366512,18704300
2011-05-03,39.66197967529297,39.96249875730288,39.48041914812555,39.84980469862276,14222300
2011-05-04,39.32390213012695,39.71832896970654,39.18616440870864,39.71206924977594,18561500
2011-05-05,38.54757308959961,38.99208732929286,38.39105378928832,38.88565535146278,25543500
2011-05-06,38.566349029541016,39.223731905827734,38.353482716560336,39.08599417734181,24517800
2011-05-09,38.84182357788086,38.873126954996835,38.416090961878716,38.57886995585855,17228200
2011-05-10,39.211212158203125,39.22999370825001,38.891911477637585,38.97330217499867,15708200
2011-05-11,38.4223518371582,39.048428951479224,38.27209466716617,39.004603744540326,33177300
2011-05-12,38.54757308959961,38.7291360511515,38.06549335804545,38.3034033632412,22162200
2011-05-13,37.946529388427734,38.49747784671532,37.739922820959514,38.472434192180806,20874000
2011-05-16,37.877662658691406,38.29087342852717,37.75870887541707,37.84635928291337,19340700
2011-05-17,37.95906066894531,37.977842220376345,37.50202460719562,37.67732545600511,18296900
2011-05-18,38.19070053100586,38.30339459248878,37.827574691051026,37.915227485322305,12848200
2011-05-19,38.40983581542969,38.45366102899449,38.07175593768625,38.303403836285185,10888100
2011-05-20,37.865142822265625,38.19070320172817,37.72114537547741,38.146877995675005,18552000
2011-05-23,36.988643646240234,37.14516295268852,36.825862230088774,36.988643646240234,20519400
2011-05-24,37.20150375366211,37.42063219295027,37.088812061933275,37.29541628311344,17309500
2011-05-25,37.43940734863281,37.53957958173325,37.06376207157976,37.08880572692848,15848600
2011-05-26,37.79001235961914,37.88392248722269,37.3830613084536,37.602189716117536,18511100
2011-05-27,38.065494537353516,38.18445073778427,37.93401889420958,37.99036593959913,17160100
2011-05-31,38.85435104370117,38.85435104370117,38.47244357790998,38.69783174711756,33441600
2011-06-01,37.934017181396484,38.685310289902766,37.89019196899399,38.64148507750027,25264400
2011-06-02,38.12810516357422,38.20323376422745,37.71489427753872,38.11558333208282,19489600
2011-06-03,38.146888732910156,38.36601482485359,37.72741571481021,37.73993754696345,21376300
2011-06-06,37.65227508544922,38.084269797739346,37.62723142914076,38.05296403320651,16339800
2011-06-07,37.99662780761719,38.27836305048189,37.97784625419128,38.12810584648418,23850300
2011-06-08,37.50828170776367,37.84010183076934,37.451934669112255,37.714888312250444,18499300
2011-06-09,37.896446228027344,37.99035874866556,37.54584457933983,37.633494991511704,14991000
2011-06-10,37.01994323730469,37.57715152904929,36.90724915714343,37.56462969922083,23965600
2011-06-13,37.07628631591797,37.301674452158565,36.8696797282659,37.15767461866462,26144800
2011-06-14,37.733673095703125,37.840105073223114,37.577153795847856,37.60845717815992,16389900
2011-06-15,36.494041442871094,37.13264048889477,36.4063910148807,36.98864301601125,26678400
2011-06-16,36.36882019042969,36.569164678835335,36.05578162875902,36.32499498285937,21331500
2011-06-17,36.725677490234375,36.91350011649182,36.63176498295852,36.863415197360496,22489900
2011-06-20,36.68185043334961,36.78202265483527,36.462724445191654,36.462724445191654,16304000
2011-06-21,37.47697830200195,37.49575985210773,36.994898613497064,37.038723822607075,17407400
2011-06-22,37.11382293701172,37.50953282480711,37.09467399579193,37.28614636506691,20975200
2011-06-23,36.79469680786133,36.813843311931045,36.18836568705636,36.41813347470481,22617400
2011-06-24,36.443660736083984,36.826607854103266,36.38621879011624,36.813842706699,18681900
2011-06-27,36.74363327026367,36.839370652339255,36.3415396741301,36.418130553671666,16916400
2011-06-28,37.18402862548828,37.21594271682867,36.85852583226502,36.90320263849756,20936100
2011-06-29,37.83503341674805,37.866947505364,37.37550024405646,37.59250289924807,28707600
2011-06-30,38.38391876220703,38.50518644344372,37.96267864276506,38.02012058790274,30800700
2011-07-01,38.80516052246094,38.8434559657396,38.21797833373927,38.326478437641015,17093200
2011-07-05,38.57539367675781,38.754103315064526,38.47327492688385,38.63921941711844,17598300
2011-07-06,38.332862854003906,38.39030480250718,38.064799616087626,38.24989060956518,12980200
2011-07-07,38.66474914550781,38.74771895470373,38.49880465770996,38.55624660583952,15687200
2011-07-08,38.18606185913086,38.3902993280844,37.97544059975226,38.24350136474028,17211100
2011-07-11,37.030845642089844,37.439320623512074,36.960638548151096,37.34358323455871,25138000
2011-07-12,36.78193283081055,37.203172976670764,36.737256030090755,36.80746069214826,17446900
2011-07-13,37.3308219909668,37.70738533579245,37.11381934420789,37.19678915421642,22333600
2011-07-14,37.00532150268555,37.605268927109194,36.92234924743756,37.528680464028234,24454000
2011-07-15,37.13296890258789,37.33082506095492,36.947877893280335,37.190410856003915,20163000
2011-07-18,36.584075927734375,36.76916691812604,36.28410104225154,36.66066437956083,23639200
2011-07-19,37.13296890258789,37.22232251130099,36.89681973174566,36.89681973174566,20782400
2011-07-20,37.5733528137207,37.62441340618715,37.26699656303115,37.46485270678407,15577400
2011-07-21,38.37114715576172,38.4349728811166,37.89246517176124,37.95629089711612,26791900
2011-07-22,38.40944290161133,38.45411969236984,38.12223322194774,38.396677756437114,11854600
2011-07-25,38.16691589355469,38.33924172790521,38.08394365448898,38.16691589355469,15580200
2011-07-26,38.396690368652344,38.53072078495301,38.19883420551566,38.37116006991794,14454200
2011-07-27,37.46485900878906,38.160543872596534,37.394651899689606,38.14777872233268,29604200
2011-07-28,37.375492095947266,37.75843672882293,37.33719665877866,37.407403742903135,17540500
2011-07-29,37.47122573852539,37.809496001704645,37.15848820060982,37.31166507457183,28563800
2011-08-01,36.998939514160156,37.91162700221103,36.6989645897131,37.89247806073988,26159000
2011-08-02,36.02241897583008,36.89681327306987,36.016037619768994,36.577691906553895,25546200
2011-08-03,36.2330322265625,36.30962065585745,35.607554778798814,36.252178725210676,36176300
2011-08-04,33.70560073852539,35.10973285053341,33.66092394049075,35.033144401717294,39911200
2011-08-05,34.299163818359375,34.59913623219089,33.048206274194925,34.47148720506765,61793400
2011-08-08,31.73982048034668,33.45031172017283,31.67599716150236,33.00992497685849,53894700
2011-08-09,33.8779296875,33.8779296875,32.03340591251791,32.98438877529208,55660900
2011-08-10,31.854694366455078,32.984384283965085,31.810017570398422,32.95247263459644,43347500
2011-08-11,33.38008499145508,33.62261784299558,31.963188181239172,32.01424631936752,35724500
2011-08-12,33.76304626464844,34.02472572433431,33.316275802215614,33.73113217577934,26243500
2011-08-15,34.54808807373047,34.55446943131596,34.16514088160956,34.17152467389844,20913700
2011-08-16,34.04387283325195,34.43958270826988,33.692839761798794,33.948135434354185,23238300
2011-08-17,34.24172592163086,34.656582265395045,34.03748842799555,34.369372529125705,20680200
2011-08-18,32.57591247558594,33.0737410709947,32.28870273411818,32.997152618170965,32657800
2011-08-19,32.0206413269043,32.99077071201773,31.97596452397895,32.19296718163199,29395100
2011-08-22,32.22488021850586,33.03544643637496,32.19934992203829,33.009918574610474,23408300
2011-08-23,33.271583557128906,33.30349519648374,32.397189543654,32.607810745859524,24830200
2011-08-24,33.28436279296875,33.47583514487236,32.818443409242455,33.00353440445394,18042600
2011-08-25,32.48017501831055,33.33542044968445,32.378056269849615,33.201390048836295,18597700
2011-08-26,32.99077606201172,33.09927862578528,32.01426516156737,32.37168207763432,26600900
2011-08-29,33.77581024169922,33.794959182677445,33.45668881869887,33.469453967783274,18267000
2011-08-30,33.57795333862305,33.73113024372722,33.143948049656196,33.39924613776717,16811400
2011-08-31,34.19065856933594,34.401279812515384,33.967274615693334,34.11407013304454,29114100
2011-09-01,33.7694206237793,34.337456228213625,33.7694206237793,34.024718673609456,21110800
2011-09-02,33.01630401611328,33.3609557569561,32.94609690949307,33.1567182293537,23310400
2011-09-06,31.931285858154297,31.950434797364537,31.36963395851628,31.465368915755413,27238100
2011-09-07,32.88227462768555,32.88865598544078,32.27594338339344,32.37806215040133,18331400
2011-09-08,32.231258392333984,32.79929404177514,32.148286154359695,32.41634937139092,17412400
2011-09-09,31.11433982849121,31.739817547238022,30.980309410481894,31.61216848664201,23270800
2011-09-12,30.98029899597168,30.99306414121041,30.259084115549648,30.48246807047118,31133200
2011-09-13,31.312191009521484,31.42069111119866,30.871801942306515,30.980304478686627,27622400
2011-09-14,31.784488677978516,32.02702160633527,30.897331639032235,31.42069050279483,26017000
2011-09-15,32.47379684448242,32.49932470807239,32.04617286953239,32.275940684764855,36415500
2011-09-16,32.48655700683594,32.633352547433475,32.14190533689241,32.53123380463941,19035400
2011-09-19,31.5930233001709,31.803644624163013,31.2100785370805,31.40793227630572,22184900
2011-09-20,31.720657348632812,32.06530893306828,31.471743126996845,31.72703870329172,27969100
2011-09-21,30.77607536315918,31.81002824482184,30.76331021218759,31.68876296264715,74730700
2011-09-22,29.780410766601562,29.997413429222362,29.41023118607385,29.8123224216069,49431400
2011-09-23,30.118677139282227,30.17611908921156,29.505964629838044,29.550641431482738,39581500
2011-09-26,30.7377872467041,30.763317554740823,29.869776251089025,30.316546902914926,24237700
2011-09-27,31.497282028198242,32.014259586184465,31.312193461741757,31.612165929972956,35316000
2011-09-28,30.961158752441406,31.8483183353154,30.922865740677782,31.675992478269514,32537000
2011-09-29,31.56749153137207,31.905761905557494,31.114339681367106,31.79087799503464,29540100
2011-09-30,30.495241165161133,31.05689552856395,30.476094659663207,30.795216069712033,29785700
2011-10-03,29.691057205200195,30.622891167153288,29.678292056237428,30.195269633065045,31113700
2011-10-04,30.188886642456055,30.195270434458475,29.008138331149546,29.371936564782505,37700000
2011-10-05,30.654800415039062,30.686714502291533,29.92082266758968,30.15059046147054,33843200
2011-10-06,31.47813606262207,31.49728256834516,30.54630211864991,30.63565572496187,30835600
2011-10-07,31.261138916015625,31.803646875958915,31.18455044491553,31.637702348087846,32306700
2011-10-10,32.454654693603516,32.480184997238204,32.007886553515206,32.007886553515206,22300800
2011-10-11,32.39720153808594,32.435496980311086,31.969580056068242,32.020638210998854,22967800
2011-10-12,32.869503021240234,33.18862440979596,32.78653077849891,32.83759136932525,40438500
2011-10-13,32.88227462768555,32.91418628586862,32.38444594286001,32.66527194345585,16967200
2011-10-14,33.26521301269531,33.32265496028484,32.95247541392135,33.19500591734112,16226500
2011-10-17,32.499324798583984,33.02268617623954,32.41635498095483,33.00992102705737,15645500
2011-10-18,32.96524429321289,33.20139346683291,32.058938176955174,32.43550155717788,27807500
2011-10-19,32.37166976928711,32.89502857632378,32.32060918581884,32.78014469822279,18229900
2011-10-20,32.454654693603516,32.51209665942969,31.950444587689027,32.46741984542086,23120200
2011-10-21,33.239681243896484,33.25882774594095,32.92055989140763,32.97161804176044,21149500
2011-10-24,33.73751449584961,33.79495644472405,33.22053695597966,33.22692074735629,16040000
2011-10-25,33.15671920776367,33.55881291727888,33.035451498312725,33.51413367426301,25668900
2011-10-26,33.609867095947266,33.79495809968482,32.93971261606294,33.72475099932208,19159800
2011-10-27,35.46714782714844,35.65862015659402,34.83528889650775,35.14164511056123,27559600
2011-10-28,35.26291275024414,35.269294106621956,34.93102622043043,35.0203798179374,41372400
2011-10-31,33.431156158447266,34.26087125225792,33.42477236746941,34.23534095775227,29378700
2011-11-01,32.384437561035156,32.748235726510536,32.00787424864976,32.084462695407,34733100
2011-11-02,32.658878326416016,32.90779502865207,32.4610246443781,32.65249697058045,24423500
2011-11-03,33.48222351074219,33.60349122560636,32.69080364127706,33.18225098935465,23891000
2011-11-04,33.06098175048828,33.21416111783855,32.684418341901626,33.092893408564414,23089500
2011-11-07,33.201385498046875,33.25882743835174,32.77376162362122,33.02267832141073,21383700
2011-11-08,33.603485107421875,33.69922006863288,33.07374240351578,33.38009866185662,22483600
2011-11-09,31.880231857299805,32.44826762229421,31.80364339458344,32.352530217871255,28669400
2011-11-10,32.256797790527344,32.54400759172981,31.9376763302365,32.51847729057769,25065000
2011-11-11,33.06098175048828,33.16310051715398,32.74186030032005,32.76100924292848,19095800
2011-11-14,32.47379684448242,32.761006613523,32.32061748942636,32.67165056949674,16886200
2011-11-15,32.384437561035156,32.58867504218966,32.12913949224062,32.37167241412514,23477400
2011-11-16,31.765338897705078,32.33975585651353,31.752573751771205,32.03978344852675,26147100
2011-11-17,31.420692443847656,32.052553880923455,31.29304339815827,31.918521043862924,28385300
2011-11-18,31.52919578552246,31.81002174540834,31.465370043705377,31.790875240214763,16813600
2011-11-21,30.73139762878418,30.922870018198008,30.501629787606173,30.88457456643383,25465000
2011-11-22,30.64204216003418,30.833516987809354,30.45695355973033,30.699484121426018,29937500
2011-11-23,29.799560546875,30.29739167152942,29.767648888363386,30.259096220493397,27206700
2011-11-25,29.646379470825195,30.067619634564387,29.646379470825195,29.742114432986792,10871200
2011-11-28,30.910091400146484,31.031356625842744,30.71223530429236,30.93562169019911,21753000
2011-11-29,31.11433982849121,31.273900545560398,30.935632604478787,31.05689787295817,23035900
2011-11-30,32.703556060791016,32.74184906345901,32.28231598852486,32.352520638317046,43525100
2011-12-01,32.4227294921875,32.780146289710245,32.31422939910364,32.53761337586614,19770900
2011-12-02,32.416351318359375,32.85673795922171,32.4035861706195,32.843972811481834,17848000
2011-12-05,32.78653335571289,33.0673617579266,32.58867963746578,33.03544766880001,18107200
2011-12-06,32.633358001708984,32.85036067075362,32.51847409252634,32.60144634575898,21382100
2011-12-07,32.86311340332031,32.99714376849128,32.27592892994382,32.41634308471475,29174100
2011-12-08,31.784488677978516,32.46102687404614,31.746195670929428,32.4099662850435,26351100
2011-12-09,32.57591247558594,32.595058980116114,32.06531873225605,32.078081445474155,20706100
2011-12-12,31.62493324279785,31.886612718148225,31.4398422289711,31.880231360814296,23868300
2011-12-13,31.19730567932129,32.001490457008295,31.050510141914245,31.771722682039773,33861500
2011-12-14,30.82712745666504,31.13348371549302,30.72500870372238,31.01859981409464,28164100
2011-12-15,30.98029899597168,31.241978386609404,30.871796478793716,31.1973015956251,25474900
2011-12-16,30.852659225463867,31.17816200515263,30.712245020455303,31.082427039222164,28537100
2011-12-19,30.56545066833496,31.0632793280512,30.527157654328068,31.00583980704086,21443400
2011-12-20,31.64348030090332,31.675775663605485,31.26238910747005,31.27530528136833,34746000
2011-12-21,31.475549697875977,31.514305622864757,31.19134697322846,31.436793772887196,27654000
2011-12-22,31.75974464416504,31.77266328266403,31.449704712124326,31.482002540360977,25753700
2011-12-23,31.979354858398438,31.979354858398438,31.74036621890933,31.81141749486025,14901700
2011-12-27,31.83725929260254,31.908310578645505,31.7791266462018,31.869554659718823,14440000
2011-12-28,31.26239013671875,31.759744159458496,31.255929585578677,31.746827985134978,20384600
2011-12-29,31.83725929260254,31.87601274755065,31.326984114638112,31.359279481754395,25565500
2011-12-30,31.992273330688477,32.03748733079092,31.798498692538256,31.82433596801914,32979100
2012-01-03,32.86427307128906,32.954701099485455,32.62528189507977,32.644661089678266,33352000
2012-01-04,32.670494079589844,32.728624263808925,32.42504484675739,32.66403352757974,14692800
2012-01-05,32.1860466003418,32.23126059506049,31.947055526568207,32.13437205553305,16354900
2012-01-06,31.746835708618164,32.08917108297714,31.695161142839268,32.06979435279951,28504800
2012-01-09,31.869552612304688,31.940603893783067,31.643482593035678,31.940603893783067,12756100
2012-01-10,32.354000091552734,32.437970036789096,32.27649069963102,32.41213275148881,13409900
2012-01-11,32.25065231323242,32.276489597650574,31.966449576569904,32.09563107070255,13372300
2012-01-12,32.38629150390625,32.45734279779974,32.14730280406538,32.38629150390625,13774400
2012-01-13,32.03749084472656,32.06332812304133,31.682236891823166,32.01811411797972,17154100
2012-01-17,32.41858673095703,32.61882197068071,32.37983327189871,32.457342653994175,19915900
2012-01-18,32.96115493774414,32.98699221789088,32.57360559145768,32.61236151167778,15999300
2012-01-19,33.368080139160156,33.71041544294396,33.058040200340756,33.19368221157829,17256900
2012-01-20,33.542476654052734,33.542476654052734,33.29056936837006,33.32286473197429,23922600
2012-01-23,33.67166519165039,33.81376530379851,33.54893934354868,33.60061390358701,18529000
2012-01-24,33.48434066772461,33.542473301994086,33.200138046839406,33.316403315378366,18320600
2012-01-25,33.833133697509766,33.917101134804774,33.187216687055475,33.32931675385048,24497400
2012-01-26,33.8460693359375,34.22070010892793,33.77501803485852,34.15610936102654,20276800
2012-01-27,33.90420150756836,33.988168985838065,33.742722176155624,33.742722176155624,22868700
2012-01-30,33.503726959228516,33.57477825073533,33.30349418932252,33.36162684019366,21139400
2012-01-31,33.67812728881836,33.85898334252491,33.47789450478008,33.85898334252491,26358300
2012-02-01,34.20777130126953,34.38862977681135,34.09796656967125,34.13026193402496,28274600
2012-02-02,34.27882385253906,34.420926417739594,34.18193529190625,34.28528440403642,19337400
2012-02-03,34.81494140625,34.83431813563614,34.4596849409786,34.50489895219881,15187000
2012-02-06,34.64699172973633,34.685747641515626,34.44029846153632,34.47259382269667,15349200
2012-02-07,34.86014938354492,34.88598419692844,34.50489297976466,34.672832818638675,26462700
2012-02-08,34.98289108276367,35.066861046192976,34.76973959280274,34.94413514641638,13873200
2012-02-09,35.073299407958984,35.15726932415464,34.89244340136369,35.11851340960781,16265900
2012-02-10,34.40800476074219,34.5113513998292,34.304658121655166,34.427381485577804,19405700
2012-02-13,34.80202865600586,34.87953805064867,34.6663841354069,34.83432403177543,16406900
2012-02-14,34.54365539550781,34.70513471343594,34.30466669488826,34.640543971856225,17037300
2012-02-15,34.58240509033203,34.84723102547817,34.5307305351921,34.83431238669319,25177100
2012-02-16,35.06038284301758,35.0797620334261,34.45967968390066,34.49197751325538,17583900
2012-02-17,35.21540451049805,35.267076602985405,35.021629851708155,35.26061851541641,14472400
2012-02-21,35.221858978271484,35.46730816830207,35.17018689109454,35.33812425439238,17594800
2012-02-22,35.1185188293457,35.26062140730273,35.04100945226854,35.15727474987362,15857800
2012-02-23,35.409183502197266,35.4350207835918,35.002254944159006,35.157276168547455,12721100
2012-02-24,35.622337341308594,35.725684002802296,35.551286049535655,35.5577441378883,25346500
2012-02-27,35.44148254394531,35.53191057421642,35.06685178082515,35.144361169060524,20054200
2012-02-28,35.77090072631836,35.783819367982254,35.447942076657796,35.54482819316859,16619300
2012-02-29,35.30583953857422,35.93883819723978,35.28646280803698,35.84195208057466,33950800
2012-03-01,35.706298828125,35.75151283095539,35.47376826272393,35.499605539763685,20340800
2012-03-02,35.37688446044922,35.48023111132159,35.26707725790942,35.454393832608865,14435600
2012-03-05,35.18955993652344,35.31228328671821,35.07975522276674,35.30582520048816,10047900
2012-03-06,34.065677642822266,34.395094363846454,33.96878906747342,34.36279899338978,21589300
2012-03-07,34.48551940917969,34.52427532876874,34.10442815714582,34.31112146699687,18013000
2012-03-08,35.22833251953125,35.37689321291647,34.937669222047504,35.03455780920179,21590500
2012-03-09,35.112064361572266,35.22186911842175,34.982880410471346,35.06038979554033,23096900
2012-03-12,35.02163314819336,35.06684715736758,34.80847927867599,34.98287722719601,13724200
2012-03-13,35.59003829956055,35.59649885167266,35.11206093036842,35.15727493923852,24475900
2012-03-14,35.2735481262207,35.57066952638212,35.17020144512198,35.518997417822376,18872700
2012-03-15,35.609413146972656,35.654627150325894,35.29937321084545,35.39625930489736,13721000
2012-03-16,35.8548583984375,35.990502866833715,35.8225630350968,35.87423758762455,15837000
2012-03-19,36.04217529296875,36.11322657137077,35.7256772796958,35.74505400508606,17182000
2012-03-20,35.615875244140625,35.66754980463548,35.38980520192229,35.538365867377,14092600
2012-03-21,35.38335037231445,35.499615688252455,35.234789682833465,35.48023895692248,16614400
2012-03-22,35.13788604736328,35.20247676225335,34.9634881603867,35.00870215360531,17106600
2012-03-23,35.38335037231445,35.38981092541049,34.91829157254151,35.10560572468246,14777400
2012-03-26,35.835487365722656,35.85486409400943,35.641712690918894,35.64817077902159,19961800
2012-03-27,35.609413146972656,35.88715771841589,35.596494508303394,35.88715771841589,14826100
2012-03-28,35.36396789550781,35.64817058608323,35.183111861866976,35.62233576983358,20448500
2012-03-29,35.13788604736328,35.17663949070619,34.860141538175895,35.01516023950319,25848400
2012-03-30,35.454402923583984,35.48669829826659,35.202495551488894,35.42210754890139,22341500
2012-04-02,35.8677864074707,35.96467498678444,35.221869115989634,35.29292041228918,25434800
2012-04-03,35.241249084472656,35.680473049447635,35.04101383268204,35.661093854771785,20840000
2012-04-04,34.45322799682617,34.6211654063678,34.265911393275935,34.550116574932545,20326700
2012-04-05,34.246524810791016,34.446759998081276,34.143178173733055,34.149636260558715,13507000
2012-04-09,34.09796905517578,34.20777379477806,33.871896560263984,33.884815199742825,12950500
2012-04-10,33.368080139160156,34.07858802429065,33.36162205175864,33.981701929397445,25615800
2012-04-11,33.833133697509766,34.06566421550977,33.794377789850486,34.00753158600977,22972100
2012-04-12,34.45322799682617,34.49844200954811,33.975248122935724,33.99462731694433,21024400
2012-04-13,33.79438781738281,34.149641785748706,33.749173810353255,34.149641785748706,27100500
2012-04-16,34.03983688354492,34.181936991833894,33.775010930487234,34.059213611043745,20447400
2012-04-17,34.58240509033203,34.66637254646681,34.22715114766941,34.35633260756243,12959800
2012-04-18,34.401546478271484,34.56302576649164,34.2852836576131,34.34341383595309,19804600
2012-04-19,34.19485855102539,34.575949829570455,34.020460596710315,34.382175146102185,27862900
2012-04-20,34.52427673339844,34.64054203291727,34.42093007426823,34.44030680286179,15499300
2012-04-23,33.833133697509766,33.91064304885048,33.6135218153962,33.85251041935049,23904000
2012-04-24,34.10443115234375,34.265910468845355,33.962331029327935,33.9817077588349,14529100
2012-04-25,34.569480895996094,34.608236806122704,34.34986899990132,34.50488771245174,21423800
2012-04-26,34.776187896728516,34.83432055289977,34.388638498239466,34.427391959700984,13428200
2012-04-27,34.918277740478516,34.98286846197838,34.70512392436842,34.879521829191745,16016300
2012-04-30,34.71805191040039,34.78264264929336,34.57594932806136,34.76326592042121,16865300
2012-05-01,34.86014938354492,35.02162867108926,34.60824208921229,34.64053745392548,15437300
2012-05-02,34.58887481689453,34.640549389422965,34.298211506370194,34.43385602726771,15890700
2012-05-03,34.2852897644043,34.57595056378947,34.22069655922405,34.51781791111667,14260300
2012-05-04,33.762088775634766,34.1560986202783,33.729793411839694,34.10442406702353,20026500
2012-05-07,34.00753402709961,34.03982938714494,33.73624758196715,33.76208485559463,21882700
2012-05-08,33.48434066772461,33.63936184710257,33.12908677562359,33.60706402274771,21062600
2012-05-09,33.096797943115234,33.277653968079065,32.68986942296807,32.838430081185294,31090500
2012-05-10,33.25182342529297,33.471435413229166,33.20015132082629,33.42622139782869,15309000
2012-05-11,33.04512405395508,33.3357872885145,32.86426802533081,32.86426802533081,14493200
2012-05-14,32.41212463378906,32.67049249412476,32.41212463378906,32.528389924542275,22125400
2012-05-15,32.00519943237305,32.39275126303279,31.96644597409222,32.23127194958593,18011800
2012-05-16,31.688697814941406,32.179593788785375,31.662860536323695,32.01165640572727,23983300
2012-05-17,31.301145553588867,31.68869733504995,31.294687466021493,31.649941417710302,26475900
2012-05-18,31.075077056884766,31.44970775367318,30.797332462241247,31.44324966578829,21407900
2012-05-21,31.75974464416504,31.779123833902702,31.249471975335855,31.326981342351445,22460000
2012-05-22,31.64348030090332,32.02457149433659,31.50783583518907,31.779122302639344,17114800
2012-05-23,31.385112762451172,31.385112762451172,30.842542286496087,31.275305571471392,42276400
2012-05-24,31.17843246459961,31.430339850472304,30.997576385302146,31.346369900521644,27309500
2012-05-25,31.068613052368164,31.23009233530974,31.016940963095585,31.02339905026279,13397100
2012-05-29,31.462621688842773,31.61118232776702,31.204256324444263,31.449703051026116,22042200
2012-05-30,30.71982765197754,30.991111735064045,30.687529815818614,30.984653646219634,19349900
2012-05-31,30.8489990234375,30.952345658907145,30.500205668713797,30.855459574142063,41638100
2012-06-01,30.067455291748047,30.448546666631195,30.054536647720553,30.31290460031162,34294700
2012-06-04,30.319353103637695,30.448537039086467,30.09974115256837,30.351650935483857,19574500
2012-06-05,30.538965225219727,30.564802505249464,30.274139264861482,30.299976544891223,20139100
2012-06-06,31.391576766967773,31.404495407399363,30.752120081465947,30.784415450555553,19868200
2012-06-07,31.43679428100586,31.83726478709259,31.365745446679817,31.824346145220858,18578800
2012-06-08,31.33343505859375,31.365732882324853,30.874834543757,30.965262536656866,14439600
2012-06-11,31.02985954284668,31.67577667339397,30.997564179114978,31.662858035105625,19296200
2012-06-12,31.546606063842773,31.559524707581428,31.062168011550334,31.32699404824436,16053900
2012-06-13,31.294700622558594,31.598280145421743,31.210730665010292,31.307619267102908,16202800
2012-06-14,31.527225494384766,31.643490809907586,31.197806279077092,31.27531566809929,14670400
2012-06-15,31.972900390625,32.01165630843377,31.64348371317516,31.714532533190166,20066100
2012-06-18,31.882469177246094,31.97289717907159,31.72098989856391,31.804959813392557,19122200
2012-06-19,32.41212463378906,32.62527602418426,32.17313596456458,32.21188941882997,23104500
2012-06-20,32.59944152832031,32.83197211210205,32.32815502591543,32.567143697478414,27983500
2012-06-21,31.746131896972656,32.60538797435069,31.719695226751554,32.539289995347715,25741600
2012-06-22,32.01713562011719,32.10306175444021,31.812238135460188,32.06340295674172,16488100
2012-06-25,31.303293228149414,31.4949736246484,31.23058669696838,31.481754026126335,32410900
2012-06-26,31.508190155029297,31.59411628324132,31.23719469348113,31.47514241998792,26606100
2012-06-27,31.805622100830078,31.865109027383827,31.5412377216648,31.62055278327635,19727600
2012-06-28,31.871723175048828,31.898159850560845,31.442095050376007,31.580897051991318,22778500
2012-06-29,33.02178955078125,33.041620202562825,32.80367255222196,32.86976800114786,31235200
2012-07-02,33.23991775512695,33.2729654882241,32.95570271200673,33.11433283942521,30092900
2012-07-03,33.54396057128906,33.57039976603319,33.23330633649648,33.266356590616844,12175100
2012-07-05,32.98875045776367,33.094504716543376,32.8301178089039,33.0151896528037,14389900
2012-07-06,32.67809295654297,32.7574105337431,32.47980405630299,32.697923611533085,15075800
2012-07-09,32.60539245605469,32.61860953229192,32.36744474169757,32.49963567511336,16313700
2012-07-10,32.38726806640625,32.81028504181197,32.307953013862694,32.750798122059294,20026100
2012-07-11,32.48642349243164,32.625225506254765,32.29474308017257,32.53929936948676,19418100
2012-07-12,32.16254806518555,32.2616937968144,31.878332990655576,32.063402333556695,21406500
2012-07-13,32.61860656738281,32.678093490564954,32.16915037475779,32.18236997117384,12613300
2012-07-16,32.61199951171875,32.711145228654125,32.360832211161366,32.52607339180011,12207500
2012-07-17,32.70454025268555,32.790466388586935,32.29474275446328,32.70454025268555,17158600
2012-07-18,32.962310791015625,32.99535852365253,32.578952553942905,32.59878068924897,13588000
2012-07-19,33.266357421875,33.325841829465105,33.048237841856135,33.12755290669006,14039600
2012-07-20,32.48642349243164,32.67810138330989,32.40710589477773,32.65166470547273,24165100
2012-07-23,31.818838119506836,31.891544635049005,31.501575387361076,31.620549227088244,16082900
2012-07-24,31.47513771057129,31.805620054298274,31.257020674829178,31.779183383049055,18959800
2012-07-25,31.6403751373291,31.79900775294882,31.48174504308927,31.75274043201388,10156700
2012-07-26,32.60539245605469,32.86316830614809,32.42693167028685,32.50624673461241,18177000
2012-07-27,33.29279327392578,33.43159778568374,32.84333704866283,32.91604357354072,24134200
2012-07-30,33.25313186645508,33.36549464472356,33.10111030218477,33.10771883916174,24850000
2012-07-31,33.04823684692383,33.31262375025137,33.035017249619415,33.226697628462865,38450700
2012-08-01,33.054840087890625,33.3456661392225,33.04162301408461,33.279568163292545,17751600
2012-08-02,32.5921745300293,32.98214385491973,32.347615743630165,32.69792879501413,23218900
2012-08-03,33.70259475708008,33.79512942152886,33.27957518600199,33.30601438195321,26429600
2012-08-06,33.94053649902344,34.05290180967939,33.79512597886548,33.84800184400103,15028700
2012-08-07,34.224754333496094,34.40321512057104,34.191706599900094,34.224754333496094,17651200
2012-08-08,34.204917907714844,34.27762441683318,34.01984862732625,34.033068221836835,13491300
2012-08-09,34.224754333496094,34.33711965337904,34.08595233956462,34.125611132708094,12183000
2012-08-10,34.28424072265625,34.28424072265625,33.87444328548182,33.953758349139356,15265100
2012-08-13,34.11899948120117,34.29085172712749,34.00663668464816,34.1917060066792,15320400
2012-08-14,34.198307037353516,34.271011020130466,34.11898947570283,34.21813516707635,10610200
2012-08-15,34.09917068481445,34.191705344036635,34.05290335520336,34.08595108758552,14045700
2012-08-16,34.522186279296875,34.575064666020225,34.17187579208557,34.27763004415202,13498000
2012-08-17,34.56845474243164,34.61472207164415,34.42304421692676,34.581674339546694,17243500
2012-08-20,34.528804779052734,34.56185251718627,34.33051330748995,34.475926380934446,10066600
2012-08-21,34.727088928222656,34.97825372041866,34.62133466798738,34.79979545489324,19489800
2012-08-22,34.68742370605469,34.760130219249646,34.396600174654814,34.42964790209435,12494200
2012-08-23,34.489139556884766,34.65438073815716,34.41643303370406,34.54862648299804,16203200
2012-08-24,34.4362678527832,34.61472866576273,34.178491963384154,34.2445899615511,15841400
2012-08-27,34.456092834472656,34.627942558623815,34.40982550407118,34.52879935978367,12419900
2012-08-28,34.423038482666016,34.482522877704206,34.2577973283246,34.31728172336279,14528900
2012-08-29,34.317291259765625,34.44287618564694,34.2644153868003,34.38999779130099,11418300
2012-08-30,33.808345794677734,34.1454366860705,33.808345794677734,34.12560855168865,24315600
2012-08-31,34.105777740478516,34.33050584084284,33.92731948909472,34.22475158898788,26992000
2012-09-04,33.933929443359375,34.059511834748456,33.79512745476402,34.01985556450999,23863200
2012-09-05,33.84139633178711,33.993417924540346,33.788517940544,33.93393099508208,17360500
2012-09-06,34.68083190917969,34.77336659922786,34.11240164587666,34.11901018600244,23697600
2012-09-07,35.202972412109375,35.29550957124398,35.03773126715295,35.064170455477125,17210600
2012-09-10,34.925376892089844,35.163324601431306,34.8724985027338,35.064178882078906,12831800
2012-09-11,35.32194519042969,35.42109088301448,35.07078047293969,35.07078047293969,15417500
2012-09-12,35.55329132080078,35.63921491520509,35.42770641587415,35.619386781324124,14731600
2012-09-13,36.09529113769531,36.26053235145778,35.407887083312026,35.513641359264774,21654700
2012-09-14,36.452205657958984,36.73642069193133,36.39932726960118,36.47203379290299,36185500
2012-09-17,36.260528564453125,36.48525669255499,36.16799389783127,36.41255016267195,14851900
2012-09-18,36.10850143432617,36.194425027951006,35.989527589359284,36.06223410810351,16695300
2012-09-19,36.260528564453125,36.33323509433616,36.05562857309006,36.16799389783127,17193300
2012-09-20,36.0291862487793,36.04901690517714,35.705314943718506,35.804458140186355,21727600
2012-09-21,36.04902648925781,36.28697425825057,36.03580688860477,36.26053505694448,21583300
2012-09-24,35.92343521118164,36.00936133958891,35.73175733895391,35.764805074070374,16172500
2012-09-25,35.672264099121094,36.18120719833402,35.672264099121094,36.015966030591386,22290200
2012-09-26,35.31535339355469,35.434327272497654,35.1765513752482,35.38805993306215,22161700
2012-09-27,35.73835754394531,35.863939916656776,35.44092295449186,35.553288253343155,20720800
2012-09-28,35.031131744384766,35.394661852550406,34.97164481603908,35.36161411933179,43265100
2012-10-01,35.31535339355469,35.67888356971112,35.26908605411919,35.407888072425685,18016800
2012-10-02,35.454139709472656,35.685478825572574,35.335165883222366,35.659039637210334,14274000
2012-10-03,35.308738708496094,35.45415177258475,35.22942363780257,35.4277125752267,17416800
2012-10-04,35.73835754394531,35.77801632966577,35.49380133545247,35.566507848583306,15963600
2012-10-05,35.78462219238281,36.121715542365465,35.7185267425014,36.02917838259978,13420500
2012-10-08,35.573123931884766,35.62600232406283,35.50041740333019,35.56651539355277,6656000
2012-10-09,35.05757141113281,35.41449298600848,35.05757141113281,35.348394997301625,15400300
2012-10-10,34.95841979980469,35.12366096166527,34.84605702000191,35.064174042540266,13899400
2012-10-11,35.18315124511719,35.46075773470622,35.13027537938326,35.308733632443015,13497700
2012-10-12,35.143489837646484,35.40787671076808,35.09061397585022,35.27568327420728,9295500
2012-10-15,35.48719024658203,35.52684903226834,35.20297525261349,35.38143600613188,21186600
2012-10-16,36.07545471191406,36.101891383793806,35.83750701533466,35.84411555295953,19155600
2012-10-17,36.41255187988281,36.45221067661129,36.1679956035089,36.25391921434958,15644700
2012-10-18,36.27374267578125,36.50507930734266,36.167988426870295,36.28696227206764,18096200
2012-10-19,35.78462219238281,36.181202455810656,35.731746336753645,36.17459139799464,19565700
2012-10-22,36.03579330444336,36.088669165742274,35.79123708800324,36.029182245918456,14263400
2012-10-23,35.26246643066406,35.34178401161937,35.05756898331357,35.30873375886451,18033600
2012-10-24,35.282291412353516,35.53345614751114,35.27568035431365,35.480580290091595,11683400
2012-10-25,35.49380874633789,35.74497606558297,35.36161528771519,35.692097673581685,15728800
2012-10-26,35.44093704223633,35.51364358426796,35.27569581812115,35.39466970119456,11745100
2012-10-31,35.414485931396484,35.67887026941684,35.3219487656404,35.639211484092804,21750700
2012-11-01,35.830894470214844,35.83750552894576,35.546679457908624,35.5929467835045,18856700
2012-11-02,35.48719024658203,35.804452967932505,35.434314387046946,35.804452967932505,16524400
2012-11-05,35.40127182006836,35.467367284466874,35.28890650493446,35.40127182006836,9714000
2012-11-06,35.73835754394531,35.79123592490592,35.52684906286285,35.540068658103,11045300
2012-11-07,35.202972412109375,35.374824614836726,35.01129460020855,35.36160502067464,20992600
2012-11-08,34.885719299316406,35.23603233739176,34.872499701522955,35.07079114704429,19833000
2012-11-09,34.8989372253418,35.05095881061351,34.700648310699584,34.70725684858951,20872100
2012-11-12,34.872493743896484,34.97824798679656,34.786570154988944,34.90554399342404,11864800
2012-11-13,34.700645446777344,34.96503232540008,34.50896508584486,34.54201281532767,14507400
2012-11-14,34.33711242675781,34.859275080373315,34.277625510252506,34.82622483235265,20602900
2012-11-15,34.44947814941406,34.60811078079554,34.31728471015952,34.49574547494613,15479300
2012-11-16,34.429656982421875,34.50897205347096,34.12561377558317,34.45609617989845,18052300
2012-11-19,35.176544189453125,35.176544189453125,34.88571809083265,34.89232915019059,15934900
2012-11-20,35.22941970825195,35.23603076754437,34.965035328303216,35.03113079294531,13642300
2012-11-21,35.288909912109375,35.32856870740578,35.20959484289714,35.2624707152451,10368200
2012-11-23,36.04902648925781,36.04902648925781,35.804467659248026,35.8242983209181,8397700
2012-11-26,35.96308135986328,35.96968989601048,35.76479249751147,35.85071859570314,13682100
2012-11-27,35.78462219238281,35.98291106340684,35.77140259813057,35.88376788858472,13987200
2012-11-28,36.04240036010742,36.08205914548653,35.50702062507927,35.57972713758432,23549600
2012-11-29,36.35305404663086,36.438980153091094,36.16137370198108,36.32661485673849,19765500
2012-11-30,36.399330139160156,36.518304000964235,36.33323466988257,36.37289094289691,23565800
2012-12-03,36.445594787597656,36.59761637284366,36.39271892034617,36.577788237796895,22076600
2012-12-04,36.538124084472656,36.617441655780816,36.47863716668152,36.56456327490871,18736900
2012-12-05,36.591007232666016,36.74963735318977,36.42576605298192,36.55134844184492,22117800
2012-12-06,36.6637077331543,36.69014440131251,36.472027391072864,36.65048813838524,12963300
2012-12-07,36.67692565917969,36.69014273196749,35.29550958591461,36.58438850000662,11949100
2012-12-10,36.71659469604492,36.73642535488637,36.564573092290644,36.57118415236467,17617400
2012-12-11,36.9281005859375,36.98097897721595,36.82895738436112,36.82895738436112,15684400
2012-12-12,37.04707336425781,37.258581880440886,36.98758643649505,37.040464826231016,18266500
2012-12-13,36.934715270996094,37.080125818524174,36.84878913742447,36.980982607216035,13693600
2012-12-14,37.06690216064453,37.185873488818274,36.947928311090514,36.97436498325119,18514600
2012-12-17,37.218929290771484,37.25858556561539,37.01402929234895,37.04046848983198,22550700
2012-12-18,37.606475830078125,37.653249850842464,37.33251261603287,37.38597009633095,24270800
2012-12-19,37.740116119384766,37.93389565754757,37.72675174961565,37.90048600762123,19356300
2012-12-20,37.99403762817383,38.007401999202614,37.780212789699554,37.87376083790791,18545600
2012-12-21,37.76016616821289,37.766849628437946,37.45947673190939,37.47284110336627,22418300
2012-12-24,37.659942626953125,37.74012631824368,37.58643984785613,37.713397571482304,7699100
2012-12-26,37.65325164794922,37.80025717679222,37.499565208246565,37.76684752450784,11718000
2012-12-27,37.826988220214844,37.873762246058085,37.52629623337029,37.86039787453241,14207500
2012-12-28,37.42605972290039,37.61983926065212,37.39933353241175,37.51292685171891,18734500
2012-12-31,37.99403762817383,38.00071853919165,37.466156443005964,37.579752322254066,22820800
2013-01-02,38.582061767578125,38.608787963800694,38.34818907042821,38.535285188953395,26056300
2013-01-03,38.20787048339844,38.44842411440309,38.147732075647276,38.30810201264827,23239700
2013-01-04,38.40163803100586,38.448412050247605,38.09426262728353,38.13435573620197,15522200
2013-01-07,38.234588623046875,38.27467918442892,38.0474899902898,38.10094747078981,14102600
2013-01-08,38.0207633972168,38.14104017807774,37.880438786883744,38.100947068126445,15592300
2013-01-09,38.21455001831055,38.26800751171514,38.10763758049495,38.147730700548394,12779400
2013-01-10,38.702327728271484,38.762466117621756,38.48182199998242,38.62214405880209,17718600
2013-01-11,38.78251647949219,38.829290502153405,38.64887532232027,38.76246864907091,12624700
2013-01-14,38.82929611206055,38.856024857155205,38.668926190486,38.78920299441855,9980400
2013-01-15,38.76915740966797,38.78920269383692,38.54864908783589,38.5887422051672,12534000
2013-01-16,38.582061767578125,38.628835797209426,38.43505621788352,38.501875531930104,12907000
2013-01-17,38.8961067199707,38.96960947803272,38.75578466312113,38.84933270102085,14936200
2013-01-18,38.856021881103516,38.90279590693995,38.682287600288255,38.84933842084503,18844000
2013-01-22,38.876075744628906,38.876075744628906,38.642205563826835,38.77584421057442,12090100
2013-01-23,38.83597946166992,38.86270820844241,38.675612079022144,38.782524517118524,10139900
2013-01-24,39.0230712890625,39.11661933734903,38.882746667639566,38.90279449869607,13640100
2013-01-25,39.44404602050781,39.44404602050781,39.22354022323438,39.39059107380268,16643500
2013-01-28,39.25025939941406,39.32375961458546,39.11661824175077,39.29703342224726,14802900
2013-01-29,39.51754379272461,39.55763690941589,39.323764218873485,39.33712859110391,13403300
2013-01-30,39.55764389038086,39.71133037466265,39.51086985381657,39.53759605400058,18943400
2013-01-31,39.41063690185547,39.61109741549383,39.3839081536387,39.497504059063125,22252200
2013-02-01,39.724674224853516,39.81822224964899,39.56430436163806,39.66453584477178,19989200
2013-02-04,39.00970458984375,39.35048710954795,38.92951836838971,39.283667807329245,18125200
2013-02-05,39.19012451171875,39.29703693761476,39.08321208582274,39.116621740979,15418900
2013-02-06,39.183441162109375,39.20348644546116,38.91616137111008,38.942887565914695,26336000
2013-02-07,38.86270523071289,39.183442520426574,38.66224474326601,39.15003286401766,21947700
2013-02-08,39.10993957519531,39.150032692105995,38.996346234105125,38.996346234105125,18326200
2013-02-11,39.06985092163086,39.11662495248848,38.92284536808207,39.10994149151253,12677200
2013-02-12,39.26362991333008,39.34381615507565,39.056488494638096,39.08989815420193,11534200
2013-02-13,39.35717010498047,39.537582728641766,39.317076994726314,39.450718146580535,8955200
2013-02-14,39.143348693847656,39.170074887353934,38.996343159093826,39.009707530343555,10409900
2013-02-15,39.04311752319336,39.23021362432876,38.9295216410803,39.196803970410755,12095000
2013-02-19,39.504180908203125,39.53090965367057,39.37053972985937,39.37722319072296,20173800
2013-02-20,39.116615295410156,39.617767687154924,39.109931836084215,39.591038947836914,17523500
2013-02-21,38.52861404418945,38.66893616865514,38.354882254231086,38.64889087915835,34195200
2013-02-22,39.08320617675781,39.096567997605476,38.72237583804091,38.83596915819646,23364000
2013-02-25,38.147727966308594,39.37722218756071,38.1009539374289,39.31040287458783,40205000
2013-02-26,38.45509719848633,38.648876756124835,38.21454361645137,38.54196433621965,25416500
2013-02-27,38.94288635253906,38.9896603782314,38.35486930126596,38.401643326958286,16819600
2013-02-28,38.90279769897461,39.12998692735689,38.856023670983554,38.92952389425996,17815100
2013-03-01,38.82260513305664,38.88942698285284,38.47514171008815,38.62214468165392,18241800
2013-03-04,38.98966979980469,38.99635326165759,38.65556807898719,38.72238995254699,14580300
2013-03-05,39.37721633911133,39.45071910186063,39.29034920595369,39.30371357636202,16168000
2013-03-06,39.47745132446289,39.57099937657882,39.30371704282481,39.54427063340477,17189600
2013-03-07,39.5910530090332,39.65119141936111,39.54427897311081,39.57100772192183,11797900
2013-03-08,39.67791748046875,39.70464367847561,39.450728228952,39.6177790742145,23305900
2013-03-11,39.798194885253906,39.798194885253906,39.571005630356126,39.617779663806225,10873200
2013-03-12,39.59772872924805,39.82491796636259,39.52422850314658,39.77814393657373,16015600
2013-03-13,39.53758239746094,39.644497357243125,39.337121945855216,39.51085620650833,20517900
2013-03-14,39.925148010253906,39.96524112673026,39.69127786995855,39.71132315370005,12158300
2013-03-15,40.00532913208008,40.08551535989728,39.89841671065033,40.03873878584065,18191100
2013-03-18,39.564327239990234,39.85833840106719,39.484143536511965,39.504188825133035,25132800
2013-03-19,39.44404602050781,39.71800931348007,39.176766188994755,39.66455436677494,25745200
2013-03-20,39.684593200683594,39.78482471432499,39.61777389091818,39.718002855566304,16134800
2013-03-21,39.323760986328125,39.57767893984658,39.30371570412696,39.35717318865428,18106800
2013-03-22,39.664546966552734,39.72468536349704,39.47745086450078,39.544270172664135,18090400
2013-03-25,39.17007827758789,39.73805263439113,39.06984930802972,39.68459514476539,31933000
2013-03-26,39.41730880737305,39.42398971797172,39.196800522722,39.31039639484335,15040700
2013-03-27,39.223541259765625,39.2369056340435,38.889439549799974,38.96294233383142,14990300
2013-03-28,39.41063690185547,39.450730024180636,39.250269510542275,39.3037244579821,28690100
2013-04-01,38.88275146484375,39.17007910516926,38.815932150393216,39.136669447943994,24852900
2013-04-02,39.297035217285156,39.49081222830569,39.24357773218074,39.31708049970272,19636600
2013-04-03,39.1032600402832,39.517545400306155,39.06985038284471,39.46409045820326,16961000
2013-04-04,39.45073699951172,39.49082757993162,39.150044901391595,39.23691207395834,14924900
2013-04-05,39.27030944824219,39.27699035988952,38.862705014933766,38.90279813179789,18160400
2013-04-08,39.42398452758789,39.42398452758789,39.18343099381802,39.25025283597223,17117700
2013-04-09,39.564327239990234,39.69796844511667,39.25695425249521,39.41064074624272,17406300
2013-04-10,40.15234375,40.23921090862166,39.918473571780666,39.92515448444675,18195500
2013-04-11,40.466392517089844,40.65348862426283,40.34611571990913,40.40625411849949,19865300
2013-04-12,40.36615753173828,40.3795219023861,40.112239587415935,40.27929039702402,16777400
2013-04-15,39.57099533081055,40.025373722340426,39.55094750098309,40.00532589251297,22699900
2013-04-16,40.132293701171875,40.132293701171875,39.824918226134216,40.02538126824374,14675700
2013-04-17,39.297035217285156,39.67122741704332,39.103255657271426,39.651182134625756,30730800
2013-04-18,39.176761627197266,39.39058648710712,39.04980136419283,39.37053865405761,19211400
2013-04-19,39.490814208984375,39.50417858093078,39.31708247166781,39.43067580972224,24725900
2013-04-22,39.657867431640625,39.71800583453737,39.2836751904995,39.49081659570449,16899700
2013-04-23,40.219154357910156,40.2458831007704,39.971919858935905,39.98528423036603,21257700
2013-04-24,40.566627502441406,40.680223405078614,40.39289574128256,40.43966977501739,18269400
2013-04-25,40.78044128417969,40.96085645761515,40.73366726317712,40.7670769140371,20079200
2013-04-26,40.81385040283203,40.85394096124023,40.68689017055868,40.73366418803009,13910200
2013-04-29,41.335060119628906,41.381834150753484,40.9942749797287,41.00095844074279,14721000
2013-04-30,41.38850021362305,41.421912408719024,41.23481380235347,41.321680921416316,22261300
2013-05-01,41.141273498535156,41.44196546790994,41.05440636316175,41.428601097160715,19104600
2013-05-02,41.26823043823242,41.355097572008326,41.00095067514257,41.041041237659876,18247200
2013-05-03,41.796119689941406,41.8495771822989,41.61570447672518,41.635752310856,19161200
2013-05-06,41.74266052246094,41.74266052246094,41.575609699238655,41.615700265456304,7583700
2013-05-07,41.809478759765625,41.869617156542866,41.66915668361647,41.802797848565135,15724500
2013-05-08,42.25049591064453,42.27054119470562,42.02999013899231,42.02999013899231,17768200
2013-05-09,41.842891693115234,42.07008092663555,41.675840861085405,42.029990358304175,16372400
2013-05-10,41.88966751098633,41.90971534500154,41.65579735575492,41.79611944889377,15403400
2013-05-13,41.8696174621582,41.896346205141676,41.735976296234064,41.84288871917473,11911400
2013-05-14,41.94979476928711,42.01661661659452,41.796108343969344,41.802791803196506,26158800
2013-05-15,42.13022994995117,42.14359432576217,41.882995369932665,41.889676283341146,15961600
2013-05-16,41.842891693115234,42.06340001491146,41.75602709573498,41.91639446704731,16669100
2013-05-17,42.13022994995117,42.14359432576217,41.82285695328016,41.86295008071318,12925700
2013-05-20,42.36408615112305,42.390812343308845,42.14357785988708,42.15026131967832,16117200
2013-05-21,42.45096206665039,42.53782922417004,42.11686035972195,42.197046604660265,15283700
2013-05-22,42.02330017089844,42.858554197348134,41.896342476515564,42.45763328424948,21713500
2013-05-23,41.42192840576172,41.43529023016928,40.753725029665496,40.98091427949796,27055200
2013-05-24,41.061092376708984,41.074456748289364,40.75371947733996,40.873993723576895,19956800
2013-05-28,41.16801452636719,41.535525910176446,41.07446645219689,41.40856817365873,20275800
2013-05-29,40.77376937866211,40.86731744132773,40.57998979228702,40.8138624979446,18099400
2013-05-30,40.93413162231445,41.061091876284145,40.753718980661176,40.78044517450297,27382900
2013-05-31,40.13896942138672,40.5265285337444,40.11224067936347,40.432977936663036,36549400
2013-06-03,40.29265594482422,40.432978017236195,39.93850903378644,40.145652961389686,30340700
2013-06-04,40.439666748046875,40.68690127199562,40.22584188155172,40.62008195708844,17024400
2013-06-05,39.53758239746094,39.99196078056349,39.524220576481106,39.97859895958365,28821600
2013-06-06,39.75809097290039,39.778136253511505,39.33712223711636,39.53090177966696,24386900
2013-06-07,40.29265594482422,40.29933940483992,39.69127454206156,39.784822590336205,19245200
2013-06-10,40.33274841308594,40.41961554894917,40.179061972092896,40.40625117812459,14559800
2013-06-11,39.83827590942383,40.05878419912024,39.65786073121577,39.74472786494403,16619000
2013-06-12,39.791500091552734,40.33274560175265,39.738045160973506,40.292652492073536,14378100
2013-06-13,40.39956283569336,40.47306559184877,39.818226794543946,39.885046091598255,20158400
2013-06-14,39.95855712890625,40.31270661386909,39.83159941859478,40.09887921119682,17334200
2013-06-17,40.53321075439453,40.79380962505839,40.29265716639921,40.673532831060726,17560400
2013-06-18,40.82053756713867,40.89404033413898,40.66016766195682,40.673532033138066,13168500
2013-06-19,40.05878829956055,40.8806780517532,40.05210483913185,40.78712999769777,33232800
2013-06-20,38.58873748779297,39.25025982342638,38.52859909364447,39.23021199271482,40517100
2013-06-21,38.7156982421875,39.06984772411715,38.37491568111578,39.03643551995891,30474300
2013-06-24,38.10763168334961,38.30809470360164,37.71339165197683,37.913854672228865,24351500
2013-06-25,38.595420837402344,38.65555923535076,38.1544067687784,38.44173438686602,24494900
2013-06-26,38.74910354614258,38.876061232758836,38.608778941048676,38.77582973611931,27142000
2013-06-27,39.139068603515625,39.3435920445803,39.08453023287148,39.08453023287148,17753800
2013-06-28,39.06407928466797,39.26860274257219,38.920913124200695,39.070898206970334,31174100
2013-07-01,39.43221664428711,39.59583694434466,39.37085935684758,39.41176508202608,15315900
2013-07-02,39.23451232910156,39.602656079907035,39.0845298607656,39.39131371911353,13492800
2013-07-03,39.2481575012207,39.32315005468943,38.87319733453437,38.934554641858114,11748500
2013-07-05,39.43221664428711,39.52766073571383,39.13906544881564,39.51402549398766,10197800
2013-07-08,39.677650451660156,39.759459310963955,39.54130061904932,39.575387427037846,11993200
2013-07-09,39.895809173583984,39.97761803294932,39.65037999483123,39.97761803294932,11624200
2013-07-10,40.01170349121094,40.29803839031553,39.84808577799974,39.88898890597421,16162300
2013-07-11,41.0479621887207,41.08886792098397,40.59119321473692,40.7548109424762,20284600
2013-07-12,40.775264739990234,40.850254680809016,40.652550144967684,40.747994252061474,15189800
2013-07-15,41.02750015258789,41.03431647256378,40.857063545972174,40.92523714835597,17063200
2013-07-16,41.0002326965332,41.0615899834683,40.89115336427709,40.993416376054384,10894600
2013-07-17,41.122955322265625,41.32747878520943,41.02751121293565,41.32747878520943,13744500
2013-07-18,41.39565658569336,41.43655971944824,40.979790721471886,41.23885517143325,11036600
2013-07-19,41.361568450927734,41.42974467705341,41.177499142031195,41.25248908978377,23299300
2013-07-22,41.593360900878906,41.634266635061834,41.43655948749653,41.4570136549165,16518900
2013-07-23,41.68198013305664,41.76378898396834,41.552449235725085,41.729702179476504,11132000
2013-07-24,41.62744903564453,41.845607743278364,41.457012382764546,41.83878882079528,12887500
2013-07-25,41.70925521850586,41.72970678332599,41.23885102304545,41.24566734443324,14467100
2013-07-26,41.4501838684082,41.4501838684082,41.109310641528765,41.33428821958424,15499000
2013-07-29,41.054779052734375,41.13658791250237,40.98660283571374,41.0684142961385,11063600
2013-07-30,41.0479621887207,41.25248564872325,40.91843127087237,41.22521776120463,10712500
2013-07-31,41.143409729003906,41.41610943219478,40.94570517488049,40.94570517488049,22989900
2013-08-01,41.70244216918945,41.763799472947234,41.55927599397368,41.668355356136715,24484500
2013-08-02,42.04330062866211,42.04330062866211,41.72969789845914,41.74333313898835,15475000
2013-08-05,41.954689025878906,41.96832427081499,41.74334663035518,41.85924491198337,11483000
2013-08-06,41.89332580566406,42.09103292832133,41.7910627834188,42.05694352046845,18325300
2013-08-07,41.70925521850586,41.79106407844315,41.654714244776486,41.7228904619382,11989700
2013-08-08,42.08422088623047,42.15239711242469,41.818340105715805,41.941054712208285,12612700
2013-08-09,42.159202575683594,42.227376183661086,42.00240119681022,42.02967168026379,14951500
2013-08-12,42.04330062866211,42.084206350249715,41.92740498514823,41.93422130508472,13785000
2013-08-13,42.31600570678711,42.363727754478724,41.92059408296278,42.15238800060344,13189100
2013-08-14,42.336448669433594,42.39780594695215,42.2614587530496,42.336448669433594,14258600
2013-08-15,41.98195266723633,42.036491037426764,41.54563270242965,41.81151603432417,23650000
2013-08-16,42.056941986083984,42.15238868367045,41.98876837417882,42.07057722859634,15219600
2013-08-19,41.756980895996094,42.03649690898791,41.72971040676348,42.009226419755294,13596700
2013-08-20,41.70244216918945,41.81152413200962,41.532005503268635,41.60699805237894,12885800
2013-08-21,41.211578369140625,41.58653844151476,41.06159329992832,41.429737051273094,12755200
2013-08-22,41.61381530761719,41.675172608915936,41.50473594982575,41.518371194631804,8041700
2013-08-23,41.97513198852539,41.98195090992416,41.72970283130019,41.84560108917054,10141600
2013-08-26,41.6683464050293,41.8592371983007,41.66153008414587,41.77742574376014,8471000
2013-08-27,40.9593391418457,41.33429927153856,40.93206865224625,41.197949424198335,18839100
2013-08-28,40.91160202026367,41.05477074671335,40.68662705125343,40.73434909318458,10521700
2013-08-29,40.84342575073242,41.013862346687844,40.76843323240706,40.809338951672544,10555800
2013-08-30,40.33893585205078,40.65935751301138,40.33211953189805,40.64572227204962,21045300
2013-09-03,41.11613845825195,41.30702667439466,40.93206656383282,41.25248569797852,18912700
2013-09-04,41.484275817871094,41.54563311034817,41.00705532155675,41.04795844943703,11868800
2013-09-05,41.4501838684082,41.491089591870015,41.30020141702756,41.30701773727636,10523400
2013-09-06,41.675174713134766,41.79788932192824,41.3479366232379,41.62745265423255,16398000
2013-09-09,42.24783706665039,42.26828863216544,41.92059901512535,41.92059901512535,17398000
2013-09-10,42.72505569458008,42.74550985983991,42.54780273315414,42.59552478433254,15972400
2013-09-11,42.87503433227539,42.88866957351567,42.547796344477824,42.554612664769785,11864200
2013-09-12,42.629600524902344,42.8204912807144,42.62278420535652,42.65687100439779,16745000
2013-09-13,42.834136962890625,42.840953284098184,42.56143730276752,42.684151889757246,13590900
2013-09-16,43.16819381713867,43.39317143987457,43.134107007812375,43.39317143987457,18909500
2013-09-17,43.195465087890625,43.195465087890625,43.06593156918298,43.06593156918298,10370400
2013-09-18,44.34760665893555,44.3885097796763,43.11364470368436,43.22954034665808,21359000
2013-09-19,44.13627624511719,44.368072808597326,44.07492154383116,44.36125388579418,19195600
2013-09-20,43.81584930419922,44.06127848292138,43.795397739524624,44.06127848292138,18878600
2013-09-23,43.80221939086914,43.87721193355783,43.597695929408914,43.82948987923901,17860700
2013-09-24,43.734039306640625,43.91129485418924,43.618141048527065,43.7681235110799,14979200
2013-09-25,43.781768798828125,43.877212909588884,43.63860263268698,43.70677625447125,14478100
2013-09-26,43.96583557128906,44.034009189155746,43.8022178481463,43.83630725773646,15653800
2013-09-27,43.80903244018555,43.918109177728226,43.72040206453693,43.76131039226441,17705800
2013-09-30,43.49542999267578,43.611328260176805,43.32499335273532,43.365899082557455,22274400
2013-10-01,43.72721862792969,43.836300560902934,43.46133791794844,43.54314676702196,15392400
2013-10-02,43.71359634399414,43.74086683369863,43.35226885705225,43.57042757337409,12620200
2013-10-03,43.42725372314453,43.65222872177633,43.3522611900484,43.624960837551306,16212700
2013-10-04,43.529518127441406,43.57724018002691,43.345448839272656,43.36590040447878,11699000
2013-10-07,43.079566955566406,43.28409301722092,42.97730652539605,42.99094176955015,17360800
2013-10-08,42.745506286621094,43.16137206983234,42.73187104447326,43.10001478049533,19635600
2013-10-09,42.92958068847656,43.01138954553569,42.63642946663659,42.902310202571286,19659500
2013-10-10,43.699954986572266,43.768128604697736,43.290908076505815,43.29772439805563,16423300
2013-10-11,43.93174362182617,43.95219518345106,43.67949555872293,43.706766041327015,13279100
2013-10-14,44.08173370361328,44.115817909771614,43.71358994843541,43.747674154593746,7213800
2013-10-15,43.870391845703125,43.986287517210904,43.82266979265206,43.90448125558832,15599400
2013-10-16,44.1976318359375,44.211264478899736,43.96583529507069,43.999924704446684,17389900
2013-10-17,44.783931732177734,44.804383296101456,44.40215013411945,44.4430584632802,21850200
2013-10-18,45.049808502197266,45.0702600643216,44.84528247832823,44.92027500699269,16283000
2013-10-21,45.11799240112305,45.11799240112305,44.94755574279323,44.988458876371894,11068000
2013-10-22,45.567935943603516,45.64974740034961,45.34977726026055,45.34977726026055,13015200
2013-10-23,45.12479782104492,45.16570094238407,44.974812774384745,45.138430461053815,13384700
2013-10-24,45.43840789794922,45.46567838368683,45.26797126307418,45.37704800471128,11820900
2013-10-25,45.30887222290039,45.31569114433682,45.186157643609974,45.30205330146396,16688300
2013-10-28,45.23388671875,45.322517107254356,45.12480996538586,45.18616466390684,9936700
2013-10-29,45.32933044433594,45.34296828921207,45.20661584701993,45.27479466877292,12121400
2013-10-30,45.16571044921875,45.39750178734649,44.94073283187342,45.37705022237211,18774000
2013-10-31,44.9134635925293,45.16571170395262,44.84528997361626,45.04299710938366,22366900
2013-11-01,44.69530487060547,44.71575643613858,44.44306196061221,44.67485330507237,18921000
2013-11-04,44.9134635925293,44.9134635925293,44.68849117024766,44.77711635470323,27539500
2013-11-05,44.524871826171875,44.59986437340494,44.30671310730683,44.449879278938816,13129600
2013-11-06,44.9134635925293,45.029364466126545,44.824838408073724,44.920282514814716,16260600
2013-11-07,44.20444107055664,44.770291920364144,44.14990530292881,44.736207715760884,22820200
2013-11-08,44.46350860595703,44.47714124769932,44.102183784685295,44.10899750489987,15873000
2013-11-11,44.5589485168457,44.565767437732944,44.42260130697682,44.477137070136784,14206100
2013-11-12,44.408966064453125,44.53168064104265,44.293070409149955,44.43623654828557,13391000
2013-11-13,44.5521354675293,44.599857517404004,44.05446340473778,44.068096046996274,12669400
2013-11-14,44.75666046142578,44.81120143180787,44.5112312960196,44.55213442314956,14537100
2013-11-15,45.11799240112305,45.21343651368262,44.96800730958256,45.01572936586235,25278400
2013-11-18,45.11799240112305,45.404324738801776,45.056632499441015,45.37705424931132,12776200
2013-11-19,45.00209426879883,45.13162258517561,44.9134638824574,45.00890798981451,10664300
2013-11-20,44.6884880065918,45.14525694241793,44.57258714119958,45.04981284243376,18220600
2013-11-21,44.96799850463867,44.97481742600462,44.76347767547744,44.838465005250775,15963400
2013-11-22,45.09754180908203,45.15208278924181,44.93392406991686,44.9611893586826,18657100
2013-11-25,44.961177825927734,45.07025975826725,44.90664206107079,45.063440837167825,11835000
2013-11-26,44.961177825927734,45.00208615121146,44.824830611816154,44.87255265688649,14620200
2013-11-27,45.07026290893555,45.192977490739544,45.015721938953064,45.117984957341925,9667100
2013-11-29,45.15888214111328,45.390678632377046,45.15888214111328,45.34977030961727,13964200
2013-12-02,44.82484436035156,45.070273582079935,44.81802543716066,45.00209995411414,17686300
2013-12-03,44.51124572753906,44.68168241425748,44.37489325737539,44.59987093215928,14776300
2013-12-04,44.27262496948242,44.313528100231494,43.98628745029792,43.99310637252732,18603800
2013-12-05,44.0203742980957,44.224900342564744,43.95901960554301,44.12945624216276,13115500
2013-12-06,44.56576919555664,44.58622075771238,44.320340047061975,44.40214629568496,12965100
2013-12-09,44.518043518066406,44.59303604072775,44.456683635292386,44.48395411637946,11275800
2013-12-10,44.44306945800781,44.51124308839006,44.313535919361314,44.41579896559199,13978200
2013-12-11,44.027191162109375,44.45668959384368,44.00673959888104,44.44987067232986,14151000
2013-12-12,43.70676803588867,43.86356681637678,43.59768870115085,43.8226636912604,14118200
2013-12-13,43.67950439453125,43.73404537077237,43.52951931052507,43.69995596029323,12214200
2013-12-16,43.993099212646484,44.1294516284748,43.9521960885544,43.97946657172007,13338900
2013-12-17,43.80221939086914,43.89084457708586,43.686323716282544,43.87721193355783,15966500
2013-12-18,44.49123764038086,44.60126486279223,43.66605445784246,44.16116646592019,28970800
2013-12-19,44.49123764038086,44.566880044192,44.29869524754768,44.346830845755974,20647100
2013-12-20,44.745670318603516,44.82131272015139,44.61501430749598,44.635648345870784,18427500
2013-12-23,45.206398010253906,45.220154035994106,44.972598036536795,45.03448441320781,15767500
2013-12-24,45.29580307006836,45.29580307006836,45.08262661097758,45.13076221534245,6708500
2013-12-26,45.543357849121094,45.57773742478316,45.488344232397075,45.49522224608439,8510500
2013-12-27,45.777164459228516,45.91469327450562,45.735906863922985,45.90782050621337,18585400
2013-12-30,45.969703674316406,46.010966513115285,45.852803664892804,45.894061257304045,14432400
2013-12-31,46.14160919189453,46.32040080488735,46.07284480117013,46.100351606737235,21704700
2014-01-02,45.323307037353516,45.57085781114581,45.2064017943226,45.529600223244934,26240600
2014-01-03,45.37144470214844,45.51585151275603,45.29580228996532,45.39894626440839,19270100
2014-01-06,45.31643295288086,45.460839769441165,45.2751701150154,45.41958217796323,14737600
2014-01-07,45.570865631103516,45.62587925533639,45.474594411889974,45.50210122400641,12075700
2014-01-08,45.55710983276367,45.63963026002814,45.453960610279935,45.6052454370711,17555600
2014-01-09,45.5227165222168,45.57773013013597,45.247658975393776,45.57773013013597,13128600
2014-01-10,45.942195892333984,45.96970270215565,45.680889068609495,45.729024674200524,19676400
2014-01-13,45.543357849121094,45.85280026201598,45.46083742403507,45.74277302856795,19464700
2014-01-14,45.90781784057617,45.94219741920519,45.536483765223885,45.67401257251538,12268900
2014-01-15,46.1003532409668,46.127860047509,45.85967524170614,45.88030403501607,12388800
2014-01-16,46.079734802246094,46.079734802246094,45.86655831523779,46.02472117679956,21172000
2014-01-17,45.942195892333984,46.09348072315936,45.873431490973594,46.05910114567293,22526900
2014-01-21,46.162235260009766,46.22412688047963,45.94906408742932,46.210370855314586,18600200
2014-01-22,46.162235260009766,46.18974206395344,46.038457265456444,46.14848448123114,12664100
2014-01-23,45.85279083251953,46.01095363647853,45.6671264722414,45.99719761193279,17691700
2014-01-24,44.59439468383789,45.178899978016766,44.59439468383789,45.17202721019874,25036300
2014-01-27,44.388099670410156,44.64940648933741,44.11303682363086,44.615021666094705,21487100
2014-01-28,44.77317810058594,44.82131369840458,44.58063570931137,44.60126450174983,15857600
2014-01-29,44.27118682861328,44.504992044523746,44.14053606474436,44.18867166119849,21210400
2014-01-30,44.49811935424805,44.56688375078087,44.2711921239413,44.46373977917522,14681000
2014-01-31,43.74170684814453,44.02364248876448,43.53541100541137,43.54916441135277,39572600
2014-02-03,42.847755432128906,43.74858120279517,42.827124012108726,43.69357020352712,45762000
2014-02-04,43.342864990234375,43.37037180151099,43.033422544551115,43.16407596332418,26309300
2014-02-05,43.4322624206543,43.46664462442397,43.15719954410892,43.32223779467495,17503900
2014-02-06,44.20243835449219,44.22306715377287,43.810475428994096,43.81735344421713,16589100
2014-02-07,44.78006362915039,44.786936396858906,44.33308714788127,44.43623637377223,14500900
2014-02-10,44.6287727355957,44.65627954185631,44.525623523715126,44.64940152869445,13885400
2014-02-11,45.337066650390625,45.419587088655994,44.86946132632967,44.88321210951319,18061900
2014-02-12,45.41271209716797,45.46084771109699,45.28205603947987,45.35082045275155,14801400
2014-02-13,45.55023193359375,45.57773874275117,44.99323347572136,45.013862270992576,17329500
2014-02-14,45.722145080566406,45.77028068449447,45.45396025205471,45.50209585598277,18540700
2014-02-18,46.11411666870117,46.169130296874094,45.907823432635226,46.031601472830125,16668600
2014-02-19,45.80466079711914,46.22413040809595,45.777153991076275,46.01783198596785,13139900
2014-02-20,45.962825775146484,46.02471741030587,45.66026135272747,45.75653256618638,14098500
2014-02-21,46.052215576171875,46.299771577564606,46.045337563248,46.17599357686824,12629800
2014-02-24,46.45106506347656,46.67111430067916,46.20350901582518,46.22413781206486,22573000
2014-02-25,46.34103775024414,46.59547181171241,46.25851731902501,46.464815773879025,16833800
2014-02-26,46.1828727722168,46.299772762982286,46.03158796233824,46.2516371640561,14872400
2014-02-27,46.34103775024414,46.35479377864115,45.96970367933951,46.059102124757146,11392500
2014-02-28,46.42355728149414,46.67111332396477,46.279150464450865,46.416679267428975,41960000
2014-03-03,45.440208435058594,45.75652886028822,45.323308434810365,45.64650162731067,27783400
2014-03-04,46.34103775024414,46.409802153066266,46.27227334742202,46.34791576444265,29272000
2014-03-05,46.29977798461914,46.38917117945322,46.217257557273335,46.272271175503874,16872800
2014-03-06,46.78114318847656,46.89117044648229,46.71237877541719,46.7742651732541,15087000
2014-03-07,46.526695251464844,46.73298840602681,46.29289004729775,46.69860883679295,21133800
2014-03-10,46.23788833618164,46.272273160647735,45.95595271183266,46.217259540057036,23329100
2014-03-11,45.900936126708984,46.30664974799003,45.85280052339789,46.14849215699098,17811900
2014-03-12,45.72902297973633,45.79778737854869,45.39207375308462,45.495222974496826,14151000
2014-03-13,44.8763313293457,45.859677412635314,44.7938109058127,45.82529259123311,35340200
2014-03-14,44.78006362915039,44.993234848640824,44.60815000146131,44.60815000146131,24796000
2014-03-17,45.343929290771484,45.3989376512424,45.110124084821436,45.13075287579632,24052700
2014-03-18,45.62587356567383,45.71527200550103,45.37144476650366,45.37831753388474,19417000
2014-03-19,45.06887435913086,45.598365989868554,44.780060742364846,45.57773719529773,22330200
2014-03-20,44.896968841552734,44.98636204961449,44.573770344608285,44.67004156756346,18788100
2014-03-21,44.80757522583008,45.254546508460464,44.78006841289483,45.11701769017237,17668300
2014-03-24,44.92447280883789,45.14452205399394,44.64940994079586,45.117015242550956,17552900
2014-03-25,45.41271209716797,45.51586134026971,45.13077118244912,45.26830525538091,20785500
2014-03-26,45.40581512451172,45.79777788753893,45.39893711213966,45.777149096809005,27028900
2014-03-27,45.63274383544922,45.72213701371885,45.48145903654182,45.57773022741263,22352000
2014-03-28,45.9765739440918,46.11410272655529,45.935316358630104,45.9765739440918,13875500
2014-03-31,46.21037673950195,46.39604637816734,46.169119151526125,46.32728198274526,24498300
2014-04-01,46.50606918334961,46.53357599128191,46.375418403655125,46.48544038899717,13738100
2014-04-02,46.5954704284668,46.691741638837364,46.45793638051778,46.51294999969739,15497500
2014-04-03,46.464805603027344,46.60233437856741,46.34102760648668,46.540448003490326,14943500
2014-04-04,46.32040786743164,46.719248739386465,46.251643466222625,46.65047909178993,20967400
2014-04-07,46.1003532409668,46.320402446917534,45.99720402803026,46.25163805375547,16647900
2014-04-08,46.07284927368164,46.16912047931866,45.88718487606375,45.92844246522612,12246200
2014-04-09,46.66423797607422,46.69174478751896,46.25851906524912,46.45106674536229,18492100
2014-04-10,45.83905029296875,46.49919796618827,45.79778745650123,46.45106236229895,23677900
2014-04-11,45.563987731933594,45.90781497508893,45.557109718082025,45.625874117435615,18550700
2014-04-14,45.82529067993164,45.907811100022855,45.605241472742016,45.79778387323457,13239000
2014-04-15,45.63274383544922,45.818408204589666,45.165138659911094,45.749643817737145,21055100
2014-04-16,46.19662857055664,46.21725736571074,45.8871861504704,46.01096416778237,19643900
2014-04-17,46.437313079833984,46.51295550355981,46.162250197775336,46.265399434345845,19204100
2014-04-21,46.499202728271484,46.51983152542421,46.35479590181452,46.437311090425425,10723800
2014-04-22,46.691734313964844,46.739869911598745,46.59546311869704,46.64359871633094,12342500
2014-04-23,46.58171463012695,46.65047903124673,46.50607221497895,46.65047903124673,11595300
2014-04-24,46.574832916259766,46.61609049972925,46.26538530107909,46.56795490355268,17646700
2014-04-25,46.34790802001953,46.50606559544458,46.21037399096865,46.492314815732875,19435900
2014-04-28,46.49232482910156,46.60922484418229,46.169126349205996,46.49920284363216,19986000
2014-04-29,46.79487228393555,46.89114345608296,46.68484508926114,46.732980675334844,16162500
2014-04-30,46.98055648803711,47.035570108643086,46.73300044169786,46.794892076476486,29172800
2014-05-01,47.111202239990234,47.18684464021217,46.96679545221738,47.02868182709726,17645400
2014-05-02,47.03556442260742,47.13183562383603,46.89115762076452,46.93929322137882,14332800
2014-05-05,47.00118637084961,47.021815167456886,46.59547271387249,46.69174392896495,18715300
2014-05-06,46.91865921020508,47.03555919207051,46.870523614943636,47.00805238815163,10209100
2014-05-07,46.97368240356445,47.00118921616859,46.719253568155295,46.90491799524814,12801700
2014-05-08,46.98055648803711,47.20060572407338,46.91179208547346,47.042448122815735,13187500
2014-05-09,46.911781311035156,46.98054569780538,46.74674573350932,46.94616088122706,8089900
2014-05-12,47.221229553222656,47.234985580121034,47.04931594170251,47.09057877601055,13953600
2014-05-13,47.28998947143555,47.310623509829604,47.179967498600114,47.28998947143555,18673500
2014-05-14,47.200599670410156,47.37939129125502,47.13871328995633,47.276242077445026,15816700
2014-05-15,46.99430465698242,47.12496068705986,46.81551826953546,47.09745387828633,20007500
2014-05-16,47.09745788574219,47.09745788574219,46.91867148308254,47.00118667003691,12874500
2014-05-19,47.00118637084961,47.03557119612023,46.829272737271964,46.843028765935316,9415200
2014-05-20,46.705482482910156,46.86364529280234,46.56795371061063,46.83613848906516,13695200
2014-05-21,47.0699348449707,47.08369086897855,46.877392479948526,46.898021269574336,10953400
2014-05-22,47.131839752197266,47.17997535702785,47.04244655647973,47.07682613342304,8121800
2014-05-23,47.255615234375,47.303750836621475,47.09745240048678,47.09745240048678,7649000
2014-05-27,47.592567443847656,47.626952267495426,47.434409846397905,47.599445457854706,9819700
2014-05-28,47.434410095214844,47.489418468397325,47.345011651816705,47.46191165861232,8894300
2014-05-29,47.72322082519531,47.72322082519531,47.54442919566311,47.640700400860325,16668400
2014-05-30,47.730106353759766,47.75760791981425,47.62695711869734,47.6682147141671,15728200
2014-06-02,47.82637405395508,47.8882604426047,47.72322482648474,47.8882604426047,8915100
2014-06-03,47.70947265625,47.73010670052282,47.64758626259575,47.6682150604805,9629100
2014-06-04,47.69569778442383,47.74383337064007,47.55816903705899,47.60630462327522,10850800
2014-06-05,48.02579116821289,48.06705400868316,47.661335096783944,47.83324873397782,11099400
2014-06-06,48.28709411621094,48.287094116210945,48.07392292527683,48.14956008465114,11780100
2014-06-09,48.23896026611328,48.26646707342276,48.080797435680566,48.10142622956591,12685200
2014-06-10,48.13581466674805,48.13581466674805,47.957023028997355,48.03266544318467,11347600
2014-06-11,47.89513397216797,47.984527162865234,47.840120356483276,47.92264078001032,8827200
2014-06-12,47.90888595581055,48.094555601811464,47.826370776598836,48.046419998475535,10679500
2014-06-13,47.943275451660156,48.03954666771668,47.82637543878978,47.943275451660156,22214700
2014-06-16,47.9570198059082,48.00515540748437,47.8332417952285,47.86074860275589,9584600
2014-06-17,47.92264938354492,47.92952215194901,47.71635091088421,47.73010694046857,9222700
2014-06-18,48.335227966308594,48.34897874577347,47.81948717099551,47.97764474358165,14870300
2014-06-19,48.59653854370117,48.67905896609714,48.50714535422918,48.637801378092696,12490400
2014-06-20,48.51401901245117,48.5552765967518,48.42462058461765,48.527769791755844,16113100
2014-06-23,48.383365631103516,48.4039944243755,48.16331642555755,48.29397244479596,9836000
2014-06-24,48.08080291748047,48.328358965103114,48.025789296589295,48.280223358420244,17809900
2014-06-25,48.06389236450195,48.10616319632228,47.82434510864324,47.83139203902427,17373100
2014-06-26,48.099117279052734,48.1061642095822,47.6763928262468,47.99344019727604,14342000
2014-06-27,48.12730407714844,48.148439495458554,47.88776216932238,47.93707993712383,9721300
2014-06-30,48.169578552246094,48.218896318269394,48.01457832324904,48.021625254176186,16580700
2014-07-01,48.59230041503906,48.669800525368714,48.38798243100935,48.41616477796859,12975000
2014-07-02,48.6697998046875,48.67684135989824,48.5218465167671,48.578205834617975,11254400
2014-07-03,48.76844787597656,48.81776565130402,48.63458303927301,48.655718460808444,7757300
2014-07-07,48.38798522949219,48.465485344304,48.31753204563601,48.39503216044782,8533400
2014-07-08,47.88071060180664,48.1132109311718,47.753892728992284,48.10616400067293,11505200
2014-07-09,48.035709381103516,48.09911562799304,47.803209058709534,47.83139140462695,15042700
2014-07-10,47.50730895996094,47.52139744722207,47.1479907196156,47.17617306937147,12905700
2014-07-11,47.53548049926758,47.570704397026645,47.324115611783654,47.44388653958277,11225800
2014-07-14,47.887752532958984,47.99343497847684,47.86661711890191,47.98638804871366,9020800
2014-07-15,47.76799392700195,47.97230656575344,47.57071746936401,47.930035726733664,12444500
2014-07-16,48.06389236450195,48.134345542613474,47.986392256009395,48.10616319632228,9427600
2014-07-17,47.45094299316406,47.979349942698704,47.42276064416087,47.78207887490979,15085100
2014-07-18,47.824344635009766,47.901844742734795,47.54253192535462,47.57070889613383,11615300
2014-07-21,47.64821243286133,47.67639478090156,47.42980595459111,47.52844148511529,12114800
2014-07-22,47.85956954956055,47.95115813432808,47.83138720611691,47.901840377109814,12232800
2014-07-23,47.958213806152344,48.049802407615275,47.90889603994409,48.049802407615275,8668200
2014-07-24,48.07093811035156,48.13434435651964,48.00752648895068,48.09207352574092,6826200
2014-07-25,47.873661041259766,48.01457276733054,47.69048386021686,47.986390422116386,8885700
2014-07-28,47.88071060180664,47.95116378109616,47.61298637041323,47.88071060180664,8065900
2014-07-29,47.78207015991211,48.042752809220524,47.75388781604911,48.01457046535752,9154800
2014-07-30,47.71162033081055,47.88070903060337,47.52843777048248,47.782073507788155,11169300
2014-07-31,46.915496826171875,47.288908980433604,46.86617905111607,47.22549734094223,26161000
2014-08-01,46.591400146484375,46.90140061018361,46.49981154367935,46.72526496039694,25398300
2014-08-04,46.8098030090332,46.894344664529775,46.52093801880013,46.78866759515906,15220800
2014-08-05,46.210941314697266,46.584353365557575,46.11935272216522,46.54912408945833,20914100
2014-08-06,46.09820556640625,46.22502340273984,45.85161682221077,45.858658375451014,16592700
2014-08-07,45.72480773925781,46.2461676661113,45.60503680846745,46.196849907831,17344900
2014-08-08,45.99253463745117,46.020716983151594,45.59094561787764,45.68253420997938,15434200
2014-08-11,46.16867446899414,46.281403862056614,46.126403634212366,46.19685681725976,10497600
2014-08-12,46.13344192504883,46.20389509490149,46.02071255309872,46.09821265250634,12398400
2014-08-13,46.39412307739258,46.492758598495314,46.30253448643511,46.408216937683115,12378700
2014-08-14,46.64070510864258,46.64775203776474,46.49979877759115,46.570251943116865,11941600
2014-08-15,46.591400146484375,46.93662989023432,46.217993428974,46.859129774309515,23432900
2014-08-18,46.894344329833984,46.91547974355728,46.77457340191373,46.80275574528891,11630700
2014-08-19,47.007080078125,47.007080078125,46.89435068933664,46.91548610592618,8514300
2014-08-20,46.859134674072266,46.92254093451339,46.7252698461623,46.73231677795598,11419400
2014-08-21,47.056392669677734,47.12684584231,46.95775715294606,46.985939497045464,8522800
2014-08-22,46.83094024658203,46.95775810999781,46.66889310851585,46.92252883534741,9000900
2014-08-25,47.1338996887207,47.260717568161446,47.0211702957808,47.04935264401578,13867600
2014-08-26,47.14094161987305,47.338212661362235,47.126847759633684,47.190259380245344,22103600
2014-08-27,47.23252487182617,47.34524886483625,47.18320711702824,47.33820731074521,10792900
2014-08-28,47.02116394042969,47.05639321477017,46.90139300804418,46.943663837066694,10674300
2014-08-29,47.00002670288086,47.042297530263774,46.82389108847556,47.007073632522136,19832700
2014-09-02,47.09162139892578,47.140944537583586,46.929579622772955,47.140944537583586,14537000
2014-09-03,47.42275619506836,47.53548558050513,47.33821453122373,47.52139171970906,15490700
2014-09-04,47.197303771972656,47.493215727225255,47.08457975944605,47.35935092306892,11043000
2014-09-05,47.204349517822266,47.21843800332211,46.95071377696161,47.06344316189209,9374300
2014-09-08,46.704124450683594,46.92957784282181,46.61253585786374,46.852077735346214,13282600
2014-09-09,46.57025909423828,46.64775920078673,46.41525888114138,46.64775920078673,15015000
2014-09-10,46.837989807128906,46.837989807128906,46.52094244316677,46.5702602053076,14634800
2014-09-11,46.577308654785156,46.598444071358706,46.38707915515701,46.50685547446229,12136700
2014-09-12,46.51388931274414,46.570253997744246,46.387071459110004,46.53503010104334,12022900
2014-09-15,46.41525650024414,46.47866811836414,46.33071484306085,46.450485774225534,8709500
2014-09-16,46.61254119873047,46.67594745289403,46.154587431693116,46.16867591865163,14405100
2014-09-17,46.281410217285156,46.570269920014816,46.16868080874301,46.47868130699986,19753900
2014-09-18,46.64070510864258,46.68298130814359,46.535028047969995,46.542069601860184,14467500
2014-09-19,46.478660583496094,46.71820240699223,46.44343131522588,46.70411392482315,11800500
2014-09-22,46.27435302734375,46.42935324211173,46.16867057407169,46.4223063118315,29390800
2014-09-23,45.8868522644043,46.105264100152844,45.83049294813861,45.96435237140655,18721700
2014-09-24,46.119346618652344,46.15457589008929,45.76002847587765,45.89389325705947,12589900
2014-09-25,45.4429931640625,45.87981146754509,45.393675401994535,45.87981146754509,15639300
2014-09-26,45.63322448730469,45.77413624062901,45.47822962149859,45.59095364892428,14040200
2014-09-29,45.21049118041992,45.3373090461178,45.0836760023384,45.147084935187344,17351800
2014-09-30,45.17527389526367,45.32322719770349,44.985044381245686,45.083682603822325,17807600
2014-10-01,44.63982009887695,44.970955984867025,44.54822880725096,44.914591286138176,21791100
2014-10-02,44.16072463989258,44.442542718288735,43.75208869497978,44.393222270095485,21687600
2014-10-03,44.16072463989258,44.217086643001984,43.98458901279908,44.09731570663426,11116900
2014-10-06,44.442535400390625,44.50594163559211,44.15367043941,44.40026188930704,16614000
2014-10-07,43.68867111206055,44.1677601379122,43.68162687092266,44.14662472688269,15615700
2014-10-08,44.37913513183594,44.44958830976488,43.5759543903171,43.738001537263294,18310300
2014-10-09,43.18844985961914,44.04094554380079,43.13913210517002,43.949356964175884,23813400
2014-10-10,42.540279388427734,43.103912883841105,42.526188215090336,42.98413925428148,26414400
2014-10-13,42.48391342163086,43.11800276472451,42.46982224871584,43.01232031167009,16363600
2014-10-14,42.589595794677734,42.94186705404212,42.51209568759894,42.793913770137024,22292200
2014-10-15,42.33597183227539,42.38528960729321,41.54688474437313,42.307789478660304,37303900
2014-10-16,41.94142150878906,42.335966345414654,41.29324358535076,41.342561353976855,49006500
2014-10-17,42.72345733642578,42.8361840304157,42.469821603044366,42.596639469735074,22794100
2014-10-20,42.991188049316406,43.06164123144249,42.660052180567234,42.67414335451578,22996200
2014-10-21,43.50550079345703,43.540727382082295,43.181411877918336,43.21663846654359,16849600
2014-10-22,43.18844985961914,43.59708575375873,43.15322327610063,43.47731214465656,13982300
2014-10-23,43.60413360595703,43.82958698428288,43.50549808889151,43.55481584742427,17097000
2014-10-24,43.843685150146484,43.85777632449165,43.5900493871669,43.723914199637626,12251100
2014-10-27,43.59708786010742,43.79435888743484,43.39276990316621,43.45617883160948,17838400
2014-10-28,44.259368896484375,44.26641582802414,43.99868886946835,44.05505088370189,14653100
2014-10-29,43.92118453979492,44.47072689209616,43.780275486287344,44.38618253503827,21781800
2014-10-30,44.23822784423828,44.37208996266303,43.73800327328538,43.78027410667395,14596000
2014-10-31,45.05549621582031,45.0766316320981,44.7595869498487,44.88640482274846,22786800
2014-11-03,44.66799545288086,44.815948732448284,44.52708641574297,44.752539800117056,14384800
2014-11-04,44.414371490478516,44.435506910982994,44.14664451774791,44.34391560943517,12741800
2014-11-05,44.4989013671875,44.562310295666215,44.30163033974979,44.51299253880679,13033500
2014-11-06,44.259368896484375,44.51300467957754,44.1466421804004,44.400277963493565,13624500
2014-11-07,44.280494689941406,44.2945858623408,43.949361545212724,44.11140599638129,10950900
2014-11-10,44.47776794433594,44.52708570340277,44.31572349488546,44.44958559983595,10235200
2014-11-11,44.7454948425293,44.79481529217558,44.4989060323802,44.59049731369977,12372800
2014-11-12,44.36504364013672,44.442543747871895,44.24527001337787,44.25231694369003,9970700
2014-11-13,44.576412200927734,44.668003494699484,44.38618536968649,44.41436771971115,18654700
2014-11-14,44.63982009887695,44.66095551709189,44.294593038204674,44.30163996935416,13368600
2014-11-17,44.46368408203125,44.50595491811436,44.25232183876544,44.27345725680699,11203700
2014-11-18,44.94981002807617,45.027310131483745,44.76663016443524,44.79481250887732,19695400
2014-11-19,44.81595230102539,44.970952522980966,44.625725488884434,44.830043474622855,13908800
2014-11-20,44.54822540283203,44.66799903466923,44.35095434759024,44.36504552119559,16494400
2014-11-21,44.93572235107422,45.132993402280455,44.78776906266955,45.10481105564628,22414400
2014-11-24,45.1964111328125,45.203458064231455,45.04141089299789,45.13299950050937,16662600
2014-11-25,45.27390670776367,45.323224472277985,45.104812622086165,45.20345352634797,18289600
2014-11-26,45.45004653930664,45.47118195815667,45.25981701918903,45.33027020710035,9788000
2014-11-28,45.08367919921875,45.203452830922714,45.04844992143628,45.161176622537134,8429300
2014-12-01,45.04140090942383,45.14708335634836,44.90049187606321,45.111854082296,14827800
2014-12-02,45.16822052001953,45.18230900504659,45.03435572371513,45.13299124460277,19349300
2014-12-03,45.111854553222656,45.15412538234072,44.992083620566405,45.0554925518598,10722400
2014-12-04,44.963905334472656,45.15412945790598,44.815952043972715,44.992087681505936,18286400
2014-12-05,45.06254196166992,45.2034537002767,44.95686218913975,45.0766331355306,13947000
2014-12-08,44.66799545288086,44.886401907209056,44.63276617788413,44.801857559972866,14590200
2014-12-09,44.42845916748047,44.46368576141915,44.11845869053964,44.252323510170214,18136300
2014-12-10,43.86482238769531,44.31573192259761,43.79436920066326,44.31573192259761,27669700
2014-12-11,43.80844497680664,44.16071616337626,43.75912722569617,43.93526281898097,19542600
2014-12-12,42.96300506591797,43.766183155788006,42.93482271843776,43.68868304402571,31169600
2014-12-15,42.25142288208008,43.16028084296691,42.11755806071817,43.089827654178336,38599900
2014-12-16,42.55436706542969,43.08981817017474,42.216184308350805,42.286640169249026,38250500
2014-12-17,43.06303787231445,43.368954274104055,42.678866121563665,42.700208242743855,28795300
2014-12-18,43.831390380859375,43.89541946352999,43.48278699434122,43.55393192725395,33053700
2014-12-19,43.89542770385742,44.023485893238544,43.632198187419434,43.731798398293144,29690700
2014-12-22,44.10884475708008,44.13730272761454,43.93098651209185,44.08750263612995,24782500
2014-12-23,43.96656036376953,44.073276402986856,43.902531283019464,44.016360458363856,21929200
2014-12-24,44.16576385498047,44.26536404506876,43.95233177461798,44.023476706039354,12379400
2014-12-26,44.27960205078125,44.35785742043235,44.244028220873616,44.30094417760408,17681100
2014-12-29,43.95945358276367,44.1159670253005,43.89542449275706,43.90253762991246,22005600
2014-12-30,43.55393600463867,43.75313640763947,43.53970701672405,43.710449443895605,20271600
2014-12-31,43.28359603881836,43.724683863356404,43.262253911246255,43.71757072546646,22495000
2015-01-02,43.09861373901367,43.489901358002705,43.01323982243666,43.43298541361803,24674800
2015-01-05,42.081275939941406,42.529476913374815,41.97455987165591,42.4939057952471,28468200
2015-01-06,41.60460662841797,42.19509739367451,41.46943531880711,42.04569438274456,21711600
2015-01-07,42.067039489746094,42.138181713385165,41.66863598122243,41.93898131607427,19048900
2015-01-08,42.63618087768555,42.785581159750144,42.301806491625335,42.32315132756427,16680000
2015-01-09,42.42987823486328,42.68599463690913,42.216448804459226,42.68599463690913,17938200
2015-01-12,42.33026885986328,42.51524026916771,42.12395261240313,42.479669157444,18561200
2015-01-13,42.543701171875,42.9634468324653,42.24490055615073,42.85673348995037,15396200
2015-01-14,42.42276382446289,42.50813505128411,42.131076311746575,42.33738988373931,16051900
2015-01-15,42.69309616088867,42.9776704666127,42.586382831668445,42.934983506583585,21885100
2015-01-16,43.24802017211914,43.28359128546704,42.6788742168468,42.74290330643381,29675500
2015-01-20,43.397422790527344,43.61796804728725,43.2266776378903,43.58951006953072,19318000
2015-01-21,43.7389030456543,43.753132032145956,43.319157442806095,43.38318652506774,26882500
2015-01-22,43.902530670166016,44.016359843921414,43.51835619102845,43.61084324279896,15610400
2015-01-23,43.65353775024414,43.94522522805651,43.639308761826214,43.82428018345516,19495700
2015-01-26,44.251136779785156,44.35073697374706,43.89542025054878,44.00924943134835,18463300
2015-01-27,44.31516647338867,44.40765081825347,44.059050134589995,44.158650329922416,20064300
2015-01-28,43.65353775024414,44.37919987614609,43.63219562456827,44.32939977363437,20033100
2015-01-29,44.251136779785156,44.286707889928444,43.874075413341416,44.030591554653974,31207900
2015-01-30,43.55393600463867,43.97368164946317,43.53970701672405,43.817165496304284,39271000
2015-02-02,44.08039474487305,44.17999494582416,43.7246781906751,43.845623230331405,24878700
2015-02-03,44.78470230102539,44.86296035547844,44.336498807095026,44.350727790986596,27679400
2015-02-04,44.414772033691406,44.7847175995426,44.379200918761924,44.54994335598426,17454200
2015-02-05,45.0265998840332,45.03371302065313,44.649538509533855,44.706454458100474,23933500
2015-02-06,44.46456527709961,44.74913958043373,44.33650711198943,44.59973657853739,18530100
2015-02-09,44.251136779785156,44.37919494742239,44.1017364888423,44.1017364888423,15940500
2015-02-10,44.65665817260742,44.69222928654754,44.32939958211514,44.52859999130139,14302500
2015-02-11,44.414772033691406,44.50725910362973,44.19422677888527,44.364971930009716,16405400
2015-02-12,45.1048583984375,45.11197153512714,44.7206838835529,44.7206838835529,16664700
2015-02-13,45.403663635253906,45.4178926239909,45.282721301842585,45.28983443926003,17919100
2015-02-17,45.5103759765625,45.602860324945745,45.20445952845943,45.31828871515579,13660300
2015-02-18,45.78071975708008,45.9158937855096,45.560177228845724,45.64555115645446,16777800
2015-02-19,45.83763122558594,46.00837363629973,45.75225730632735,45.78071527941355,17091000
2015-02-20,46.264503479003906,46.4352459395874,45.62421246705959,45.70247055895306,34658700
2015-02-23,46.10086441040039,46.17912248114197,45.97991666519755,46.015490489281355,13630900
2015-02-24,46.38542938232422,46.449461174717534,46.00126033917647,46.08662882529684,16373400
2015-02-25,46.4210205078125,46.47793647164472,46.257388468746136,46.31430443257835,10224800
2015-02-26,46.29295349121094,46.41389582047919,46.19335328736602,46.314295616634276,12791000
2015-02-27,46.31429672241211,46.49215500892506,46.264496619300644,46.335638848345,22960900
2015-03-02,46.38542938232422,46.39966108187964,46.221802832058145,46.300060896203846,21297800
2015-03-03,46.10086441040039,46.27872267521242,45.97991666519755,46.21469087742228,12564400
2015-03-04,45.915889739990234,45.95145813584045,45.58863118802976,45.84474752048638,15625100
2015-03-05,46.02260971069336,46.16489416184355,45.93723578332091,46.05817810957896,15540900
2015-03-06,45.396549224853516,45.75937892881534,45.353862259839524,45.65977872435138,24040500
2015-03-09,45.467681884765625,45.524597826140656,45.32539474522952,45.37519483698194,11909000
2015-03-10,44.47879409790039,44.806052645783865,44.45745197509546,44.72068144066245,20980000
2015-03-11,44.592628479003906,44.69222868225031,44.38631222147808,44.557057365544765,20000400
2015-03-12,45.14753723144531,45.16176621701982,44.91276575421966,45.104852988623286,16362200
2015-03-13,44.884307861328125,44.91987896837567,44.59973357714478,44.78470767603441,16277200
2015-03-16,45.389427185058594,45.460572117048244,45.17599781689298,45.19733993953904,15828700
2015-03-17,45.275596618652344,45.33962569852768,45.03370928511234,45.161767444863024,16273300
2015-03-18,46.2431526184082,46.31429484456804,45.254261019715784,45.26849000772815,28290700
2015-03-19,45.70246124267578,45.82340899591409,45.581518917241326,45.70246124267578,20155100
2015-03-20,46.71269989013672,46.883442314127926,46.32140951452792,46.4708098139957,28789300
2015-03-23,46.947471618652344,47.04707182451562,46.75538705814578,46.86921353864489,13958700
2015-03-24,46.84786605834961,47.10398239495518,46.84786605834961,47.032840174298855,18037300
2015-03-25,46.627323150634766,47.0897557226853,46.59886517705282,47.018608074828705,17853700
2015-03-26,46.2218132019043,46.32852926129951,45.91589672646696,46.22892905327844,24344500
2015-03-27,46.342742919921875,46.39254301037486,46.11508458816498,46.22891646794482,16596700
2015-03-30,46.37119674682617,46.477912767634514,46.314280812021416,46.33562293062263,27480200
2015-03-31,45.65266418457031,45.91589640553137,45.581521954738854,45.631322058401295,27717200
2015-04-01,45.97991943359375,46.00126698601144,45.65266085797218,46.00126698601144,30907000
2015-04-02,46.378334045410156,46.41390245026165,46.19335988564609,46.25027584677423,15597200
2015-04-06,46.84786605834961,47.06129814812209,46.53483920190109,46.662891942400364,16304600
2015-04-07,46.78384780883789,47.12533269838457,46.76250568171678,46.91901642320641,13742900
2015-04-08,46.98304748535156,47.26050598912336,46.77673121345379,47.239163862341584,16148300
2015-04-09,47.04707336425781,47.054189215710686,46.81941496800471,47.0257312377035,17741100
2015-04-10,47.139556884765625,47.14666730746919,46.90478266826174,46.947466915697504,12665800
2015-04-13,46.84075164794922,47.039957470835944,46.75538315165859,46.92612557204353,15048700
2015-04-14,47.189353942871094,47.217811915262935,47.0470640809119,47.12532214803865,13929800
2015-04-15,47.40278625488281,47.48104433135503,47.11110150168954,47.317417755315944,13210600
2015-04-16,47.53083801269531,47.66601202249193,47.246269148833406,47.45257994679234,17461200
2015-04-17,46.9332389831543,46.98303907933653,46.73403859842538,46.91189686019097,18805200
2015-04-20,46.98304748535156,47.11822152537529,46.92613152873058,46.96170535856979,12557400
2015-04-21,47.40278625488281,47.51661815804382,47.30318605351888,47.39567583178817,10696800
2015-04-22,47.49528503417969,47.50951131086895,47.182252668966754,47.417026942876454,8776100
2015-04-23,47.67313766479492,47.74427989537347,47.20358917292885,47.23204715072112,12240700
2015-04-24,47.95058822631836,48.028846295342085,47.65889807308386,47.85809845685212,11090300
2015-04-27,48.185359954833984,48.420128722025765,48.13555986145354,48.213812498648736,18320600
2015-04-28,48.242279052734375,48.256510754976716,47.915020462613406,48.06442076933358,13769200
2015-04-29,47.82253646850586,48.03596315350768,47.63756233259434,47.879452422294655,19465500
2015-04-30,47.31741714477539,47.60910189420503,47.26050119392928,47.48815956950991,27726500
2015-05-01,47.8438720703125,47.950588112163835,47.41701333071053,47.56641361818106,28710200
2015-05-04,47.7940788269043,47.87945275818641,47.70159447220177,47.81542095277379,18863100
2015-05-05,47.082645416259766,47.60199399662681,47.01150318782973,47.59487814544258,21317400
2015-05-06,47.20357894897461,47.452579415969936,47.00437857537834,47.381437200800285,16573500
2015-05-07,47.04707336425781,47.111105171725036,46.84787294601188,46.99727325969633,17710600
2015-05-08,48.13555145263672,48.20669365535192,47.85097721397376,47.865203483395945,30634400
2015-05-11,47.71581268310547,47.93635518355848,47.69447056084269,47.779844477697026,14535400
2015-05-12,47.687355041503906,47.80829735370046,47.54507060689657,47.63043909653967,12054200
2015-05-13,48.0430793762207,48.30631159367648,47.97193714733659,48.17825341056342,14542800
2015-05-14,48.61932373046875,48.633555428608766,48.37743914011338,48.46992346681352,18271700
2015-05-15,48.676246643066406,48.71893631580169,48.36321980055952,48.455704140513305,14671800
2015-05-18,48.512630462646484,48.555314716708814,48.37034056943135,48.44859865374857,11873600
2015-05-19,48.3276481628418,48.44147463040777,48.26361636474558,48.32053231243033,11406600
2015-05-20,48.420127868652344,48.576643995890436,48.235159198100966,48.306301411990184,13862700
2015-05-21,48.676246643066406,48.74738886055419,48.455704140513305,48.49127796315883,11439500
2015-05-22,48.36322021484375,48.46993082808788,48.320530541742784,48.42724658279023,12172900
2015-05-26,47.49528503417969,47.94348602525782,47.402795238382275,47.92214389632147,20327400
2015-05-27,47.95769500732422,48.007495093848654,47.53083091962637,47.55217303845079,17786100
2015-05-28,47.87234115600586,47.92214126338954,47.49528242470018,47.70870913014255,12744700
2015-05-29,47.4099006652832,47.72293296166094,47.18224229368223,47.63044318620185,23778800
2015-06-01,47.281829833984375,47.55928823047453,47.08974533941514,47.52371984219252,19068900
2015-06-02,47.50238800048828,47.73004638640729,47.32452971687018,47.409903647016336,14239100
2015-06-03,47.76561737060547,48.00750744438368,47.68735929624815,47.68735929624815,21307800
2015-06-04,47.25338363647461,47.80119014492666,47.10398334175231,47.45258402943767,17187400
2015-06-05,46.69135284423828,46.86921112093433,46.41389436681675,46.57752636961081,14624100
2015-06-08,46.627323150634766,46.670007397105955,46.44946488660022,46.62020730028841,14677000
2015-06-09,46.37119674682617,46.499254886235725,46.15065428421061,46.38542301662621,13114600
2015-06-10,47.34587097167969,47.47392913596087,47.00438072432874,47.06129667018779,17291600
2015-06-11,47.47393035888672,47.630441072325794,47.260498270318955,47.53084087840843,20555100
2015-06-12,47.09687042236328,47.28184455354274,46.826527790488655,46.98304394550174,15305800
2015-06-15,46.81229782104492,46.84786621759223,46.4850338348671,46.520607659217944,15121100
2015-06-16,46.79806900024414,46.84075324984921,46.49926839740094,46.577526473546136,11991200
2015-06-17,46.69135284423828,46.8051847466696,46.23603609012069,46.62732646997355,17100700
2015-06-18,47.11109924316406,47.50950002952031,46.79806695228208,46.833640777265444,24587300
2015-06-19,46.99726867675781,47.139558552918295,46.96881070152571,47.06841632873994,15281900
2015-06-22,47.88655090332031,48.178241022890695,47.80118242173113,47.900782602120344,28716900
2015-06-23,48.014610290527344,48.092868352535454,47.95058392768591,47.964810199049715,13661300
2015-06-24,47.60198974609375,47.879448211658605,47.57353177170202,47.758500463542845,21326500
2015-06-25,47.58100891113281,47.798044772583786,47.544839947191804,47.798044772583786,16402800
2015-06-26,47.55929946899414,47.769099299174066,47.443551074089946,47.65335090426987,19240800
2015-06-29,46.09795379638672,46.78522489789053,45.98943585418827,46.6115995020441,33747100
2015-06-30,45.93155288696289,46.575416136912956,45.765158004715516,46.56818565640929,32195400
2015-07-01,46.2281608581543,46.53200659290395,46.047299513262814,46.466899158079116,31824800
2015-07-02,46.28604507446289,46.38009376689118,46.17029389906103,46.35839128391762,20988500
2015-07-06,45.3527946472168,45.7506918558329,45.208107763784106,45.316622926358626,21103800
2015-07-07,45.36725997924805,45.44683941411573,44.441250758369904,45.03447576046061,36633400
2015-07-08,44.311031341552734,44.67998728619922,44.21698266557413,44.65105156720407,32728200
2015-07-09,45.04172134399414,45.374508413708455,44.94767540403607,45.32386744304613,19963400
2015-07-10,46.51754379272461,46.58265123269848,46.19922603431726,46.43072835330879,28190400
2015-07-13,46.69116973876953,46.78521565973034,46.6188262980727,46.669467258505556,14287600
2015-07-14,47.08183670043945,47.13971366785613,46.80692386493596,46.87203683314257,19816200
2015-07-15,46.908203125,47.074598016977625,46.78521871583672,46.9660800891184,14709600
2015-07-16,47.313331604003906,47.429080001168195,47.26992112554808,47.349500563358134,20763400
2015-07-17,47.2337532043457,47.29163016392519,47.17587624476621,47.29163016392519,14773600
2015-07-20,47.35673522949219,47.4652531434002,47.24821731558418,47.378437708383714,8767800
2015-07-21,47.21928405761719,47.291633021188055,47.12523813220645,47.19758157632632,14081800
2015-07-22,46.85755920410156,46.88649768433447,46.72733880277886,46.72733880277886,10181700
2015-07-23,46.73457717895508,46.951613032011856,46.654997734130994,46.937141031434194,10900900
2015-07-24,46.22093200683594,46.640531716542036,46.17029104321286,46.62605971582054,13709400
2015-07-27,45.88090133666992,46.11963961936755,45.80855790782363,46.11240638037288,19026100
2015-07-28,46.45966720581055,46.481369685975935,45.98942656424127,46.20645964507119,14788100
2015-07-29,46.62605667114258,46.77798507154197,46.394554349775454,46.42349282987768,15938900
2015-07-30,46.589881896972656,46.597117895957965,46.242625698528315,46.45242551350198,17496700
2015-07-31,46.86479187011719,47.038417219712386,46.72733547865205,47.00948426098848,20646900
2015-08-03,46.74181365966797,46.93714151386588,46.59712676911034,46.91543903222735,25131600
2015-08-04,46.777984619140625,46.92267149880176,46.66946669966944,46.84309205915294,13359000
2015-08-05,47.02394485473633,47.16140122899714,46.96606790563181,47.03841133228763,13602700
2015-08-06,46.82862854003906,46.99501791022544,46.691172132053865,46.93714094692105,12451300
2015-08-07,46.74181365966797,46.77075214166971,46.52477780438044,46.582654768383925,14351200
2015-08-10,47.313331604003906,47.33503408350655,46.85755745664621,46.86479345629727,13702900
2015-08-11,46.589881896972656,46.72010228145803,46.39454856051958,46.66222532847564,15705800
2015-08-12,46.257110595703125,46.257110595703125,45.68559067001897,45.95326476886289,27756600
2015-08-13,46.2281608581543,46.314970771254075,46.047299513262814,46.17751990236269,12709600
2015-08-14,46.300506591796875,46.3222090711497,46.02559656118501,46.06900427961591,16930100
2015-08-17,46.21369171142578,46.22092495095679,45.83026378287919,45.90984321634594,8885600
2015-08-18,45.86643981933594,46.01112669267705,45.779624383661016,45.91708077695037,10943800
2015-08-19,45.4613151550293,45.671115011554164,45.20087433447781,45.50472287836306,16573300
2015-08-20,44.36167526245117,45.0127772785218,44.34720602212455,44.94043107688873,32339100
2015-08-21,43.348846435546875,44.3472018462722,43.23309528355881,44.23145069428413,47017700
2015-08-24,41.851322174072266,42.770098314453044,40.88190506813493,41.48959941453931,62952900
2015-08-25,42.24921798706055,43.68887297581816,42.17687178176773,43.68163973515165,50627000
2015-08-26,43.24756622314453,43.26927146230685,42.23474429335307,43.17522278520416,49202900
2015-08-27,43.77568435668945,43.91314076278294,43.385025898663145,43.457369342072525,39984000
2015-08-28,43.7105712890625,43.79738672713468,43.457366493998535,43.48630497335593,24230800
2015-08-31,43.38502502441406,43.60205810999425,43.233099380755064,43.435665985725265,35806800
2015-09-01,41.9308967590332,42.37219891603153,41.79344311985558,42.140696597561146,42250400
2015-09-02,42.553062438964844,42.63987512287498,42.104527019082724,42.632641882434754,23372700
2015-09-03,42.65435028076172,42.97990134024409,42.553068342195175,42.69775800860132,23500600
2015-09-04,41.67768859863281,41.91642413791763,41.48235801573154,41.750032032422126,25772900
2015-09-08,42.90031814575195,42.92202338764245,42.582003115189316,42.719456768442946,21504500
2015-09-09,42.7266845703125,43.587583567607375,42.683276854586474,43.57311432903203,29179700
2015-09-10,43.00883102416992,43.182456380546036,42.68328003130811,42.76285946953269,20800900
2015-09-11,43.0015983581543,43.0015983581543,42.618173136684064,42.697752581078,12954100
2015-09-14,42.67604446411133,42.70498018211256,42.480713879046114,42.63263674752179,12187400
2015-09-15,42.96542739868164,43.00159912139576,42.53136120666105,42.596471411436696,18168800
2015-09-16,43.62376022338867,43.638229463602265,43.26927349719453,43.334383698293,28218500
2015-09-17,43.64546585083008,44.14464222386385,43.348850563407716,43.36331980374969,24074700
2015-09-18,42.553062438964844,43.03053634005883,42.531359957918674,42.82073649086097,36952900
2015-09-21,42.5313606262207,42.76286296010236,42.35049925539281,42.68328351538201,17896300
2015-09-22,41.51853561401367,41.648756021061146,41.22192307790011,41.533004854766226,29234800
2015-09-23,41.323204040527344,41.61258332938425,41.16404791540892,41.576411608208495,17145200
2015-09-24,41.20744705200195,41.3014957215449,40.72997322468973,40.975944757530876,22895100
2015-09-25,41.56917953491211,41.91643305850796,41.39555415297703,41.82962036754042,21771400
2015-09-28,40.75168228149414,41.27979711273582,40.68657208258899,41.250858633283464,18785000
2015-09-29,40.69380569458008,40.773385133938866,40.426131656512155,40.60699301515473,20216400
2015-09-30,41.467899322509766,41.504071048603066,41.04830233232108,41.344914901847396,37769800
2015-10-01,41.59811019897461,41.80067402639669,41.22915426192365,41.72109459141654,20445200
2015-10-02,42.30708694458008,42.31432294407472,41.32320075242528,41.4172494277791,20793800
2015-10-05,43.14628601074219,43.16798849103666,42.84244024771812,42.84244024771812,27746500
2015-10-06,43.196929931640625,43.37055806507167,43.095648003691494,43.14628896766606,18133100
2015-10-07,43.73951721191406,43.85526838931663,43.377794437565335,43.67440700214226,20499100
2015-10-08,44.086761474609375,44.086761474609375,43.45013151261352,43.45013151261352,16875500
2015-10-09,44.16633987426758,44.267621785859305,44.02165024639721,44.16633987426758,16867900
2015-10-12,44.079524993896484,44.14463518519113,43.985476326532016,44.079524993896484,9238000
2015-10-13,43.5224723815918,43.8624925810474,43.479064666855436,43.49353390510089,19519200
2015-10-14,43.60928726196289,43.77567937063275,43.47906687087775,43.638225739920735,20762200
2015-10-15,44.354434967041016,44.37613744421619,43.91313286631262,43.95653782066298,21855600
2015-10-16,44.31826400756836,44.36167172508691,44.13740265749553,44.28932828894785,23372400
2015-10-19,44.16633987426758,44.17357587350991,43.99271452860322,44.13016815723127,11784700
2015-10-20,43.985477447509766,44.10122859501407,43.92760325362014,43.9710082091061,12930000
2015-10-21,43.96377944946289,44.27486120752686,43.93484096970686,44.25315596784718,12731700
2015-10-22,44.45572280883789,44.63658416871134,44.19528200906408,44.209751249021,28347500
2015-10-23,44.89702606201172,44.99107198443428,44.708928697715784,44.84638510079175,16648500
2015-10-26,44.73063278198242,44.8463839417401,44.694458302281305,44.83191470180473,14032900
2015-10-27,44.339969635009766,44.477423268769385,44.27485943802358,44.397843832483474,14566400
2015-10-28,44.62934494018555,44.87531648220778,44.21698129028434,44.52082978794715,17326300
2015-10-29,44.303802490234375,44.33997421235521,44.10123587885181,44.10123587885181,12843000
2015-10-30,44.209754943847656,44.50636748844046,44.18805246196116,44.31827011300566,19115300
2015-11-02,44.62934494018555,44.62934494018555,44.39784263707347,44.44848359339642,14749700
2015-11-03,44.6148796081543,44.723397529620634,44.282095363254754,44.339972323963565,14282900
2015-11-04,44.36891555786133,44.67276135495953,44.23869514204048,44.65105887223128,21019300
2015-11-05,44.28932189941406,44.5135881749258,44.180804001135954,44.455713986308986,21648100
2015-11-06,44.086761474609375,44.13016919190576,43.79738497180903,44.01441803884058,17523200
2015-11-09,43.6309928894043,43.86249519568132,43.457364779833945,43.811854238666044,23887600
2015-11-10,43.602054595947266,43.61652383511654,43.35608304952001,43.42842648564118,14471900
2015-11-11,43.82632064819336,44.01441522500245,43.753974457324475,43.9854767486549,14220000
2015-11-12,43.25480651855469,43.61652926363096,43.25480651855469,43.450137132062935,31911300
2015-11-13,42.89308166503906,43.11011474947131,42.82073546374472,43.045004548169096,26248400
2015-11-16,43.43566131591797,43.442894555445314,42.91477975874563,42.929248997525434,16939200
2015-11-17,43.551414489746094,43.78291680152782,43.471835052622644,43.62375792728092,22458600
2015-11-18,43.94930648803711,44.00718344264825,43.60205303954556,43.68886571173717,15481000
2015-11-19,44.173580169677734,44.34720553222828,44.14464168934418,44.209751890231985,19981100
2015-11-20,44.072296142578125,44.38337791146706,44.04336042154053,44.30380122895688,18499800
2015-11-23,43.79738235473633,44.057823123501855,43.71056692533114,43.95653845586248,19432800
2015-11-24,43.80461883544922,43.86972903245863,43.45013213151758,43.47906785040215,21727000
2015-11-25,43.90590286254883,43.99995154269138,43.75397998212841,43.86973114240949,13351700
2015-11-27,43.913143157958984,43.98548660531423,43.876971434281366,43.956548122481884,6400400
2015-11-30,43.8769645690918,43.99994896229814,43.83355685163505,43.97824648343236,23366700
2015-12-01,44.339969635009766,44.36890811360923,44.11570056545175,44.23145172012439,34990700
2015-12-02,43.869728088378906,44.25315326266899,43.81185389213,44.13740211044603,21426000
2015-12-03,43.65992736816406,44.115698728085,43.479066024037905,44.0939962499019,26897100
2015-12-04,44.0144157409668,44.065056695306154,43.48630096019557,43.508003437848146,23382100
2015-12-07,43.732276916503906,43.83355883542822,43.573118038351225,43.81185635558025,29861700
2015-12-08,43.088409423828125,43.17522209992372,42.85690711442305,42.98712474870384,26323000
2015-12-09,42.89308166503906,43.4211965157235,42.67604858060682,43.09564550921244,26646700
2015-12-10,42.90031814575195,43.139056488468135,42.84244394007038,43.088415523599664,20267800
2015-12-11,42.08281326293945,42.38666173473003,42.024939071951906,42.321551545040975,29945000
2015-12-14,42.14793395996094,42.32156209565829,41.70663451952613,42.2636851305173,32246600
2015-12-15,42.35772705078125,42.553057637332316,42.26367837731774,42.40836800732503,37876700
2015-12-16,43.21139144897461,43.29097088091762,42.647104945706076,42.84243552600481,45167400
2015-12-17,42.66157913208008,43.167988740041295,42.65434313212327,43.16075549980987,40456800
2015-12-18,42.213043212890625,42.51689175356998,42.205809972274096,42.45901478973561,41659100
2015-12-21,42.40863037109375,42.737040555601816,42.21158426038891,42.69325160301311,28869600
2015-12-22,42.729736328125,42.78812159185307,42.39402941357642,42.53998978893399,29319500
2015-12-23,43.444950103759766,43.46684597518236,43.10924310422191,43.1311361916812,29782200
2015-12-24,43.3719596862793,43.48872742809546,43.262488710343035,43.262488710343035,10950500
2015-12-28,43.26979064941406,43.29898328247067,43.13112703437652,43.277087415696855,28946900
2015-12-29,43.700374603271484,43.80984280720178,43.5763072980617,43.590903615378316,30796100
2015-12-30,43.43764877319336,43.59820548826525,43.40845613700519,43.53252344882338,18855500
2015-12-31,42.85380935668945,43.20411263405113,42.85380935668945,43.153026913433564,31818900
2016-01-04,42.196983337402344,42.218876419325795,41.70801928136126,42.196983337402344,34260200
2016-01-05,42.131309509277344,42.18239523301854,41.8393914856081,42.11671319049941,23891500
2016-01-06,41.43799591064453,41.54016734883519,41.19716363261839,41.255546118457524,22412600
2016-01-07,40.57683563232422,41.01471683593132,40.525749909497854,40.6644135434235,37579400
2016-01-08,40.08787155151367,40.86145973030191,40.02218951006974,40.81767077468492,31301100
2016-01-11,40.255706787109375,40.56222376952944,39.89810410494628,40.54762745760831,33017900
2016-01-12,40.445465087890625,40.65710749662297,40.102461401422424,40.59872501584733,29930200
2016-01-13,39.817840576171875,40.7957714981808,39.70836959572295,40.72278991656062,33481800
2016-01-14,40.32870101928711,40.50385404550866,39.67188343487282,39.97110098403068,35140200
2016-01-15,38.869102478027344,39.29968409867525,38.69395223665766,39.015062868477344,60554300
2016-01-19,39.22670364379883,39.569710129319674,38.94937919201681,39.547814262098214,35709800
2016-01-20,38.33635330200195,38.57718838823093,37.599257292321745,38.431227982997896,47944200
2016-01-21,38.620967864990234,38.847206593074716,37.89846829949537,38.1830895091729,48974700
2016-01-22,39.759456634521484,39.803245584951384,39.46753865021047,39.5551137671075,44855900
2016-01-25,39.22670364379883,39.61349629583704,39.197511010145405,39.45294237866874,36799400
2016-01-26,39.92731475830078,39.949210628050665,39.39456166043868,39.445647383249906,26789300
2016-01-27,39.6718864440918,40.25572526917788,39.51862927449979,39.847036699636064,32829200
2016-01-28,39.788639068603516,40.08785652659861,39.44563267140352,40.036770822840566,31267000
2016-01-29,40.4892578125,40.518450447591675,39.92001534802695,39.95650474991008,37109700
2016-02-01,40.445465087890625,40.562235617367215,40.01488628827764,40.15354711608711,31082700
2016-02-02,39.504032135009766,39.868931741101584,39.36536850295852,39.868931741101584,29809100
2016-02-03,39.83243179321289,39.83972855845945,38.98586225857138,39.71566127756938,36337300
2016-02-04,39.88351821899414,40.02217903287067,39.50402238821577,39.57700117784292,28236200
2016-02-05,39.27049255371094,39.75945663906825,39.10263908632129,39.70837092220891,31548100
2016-02-08,38.54069519042969,38.650163395610186,38.18309237199578,38.635567078126876,37822400
2016-02-09,38.095516204833984,38.263369675337934,37.679530911854,37.70872076205608,34142700
2016-02-10,38.051734924316406,38.518806029258954,37.98605287618615,38.226887980651554,32088400
2016-02-11,37.4970817565918,37.6941278645835,37.17596834328849,37.533571157931846,41750200
2016-02-12,38.15390396118164,38.16120351271291,37.44600058062535,37.606554522791484,38730500
2016-02-16,38.927486419677734,38.94937950311128,38.51150113066357,38.82531498503746,31605800
2016-02-17,39.598899841308594,39.64998834200582,39.234000273797975,39.25589614094329,25594700
2016-02-18,39.39455032348633,39.766749378528864,39.36535769486294,39.766749378528864,32694100
2016-02-19,39.35076904296875,39.38726122783493,38.971275932818564,39.0953404526825,26685400
2016-02-22,39.79594039916992,39.832432578008664,39.62808695556874,39.642683270311764,19217000
2016-02-23,39.146419525146484,39.56970429886334,39.08073750108567,39.540511669511346,19709000
2016-02-24,39.00776672363281,39.06614921036586,38.30716017905863,38.4969067408947,26718800
2016-02-25,39.474830627441406,39.48212739297974,39.04424907765642,39.22669883970154,25167000
2016-02-26,39.37266159057617,39.70107173893871,39.29968001096083,39.67917587307281,19604500
2016-02-29,39.13913345336914,39.50403306807974,39.11723758339158,39.29239062339644,30315200
2016-03-01,40.160850524902344,40.190043162100025,39.61350110527981,39.70837578419072,24585800
2016-03-02,40.43815994262695,40.46735256894713,40.05136738775195,40.13894248275039,22549400
2016-03-03,40.83226013183594,40.85415321393039,40.511146746650006,40.54763892875759,21109600
2016-03-04,41.1314811706543,41.35042036222166,41.02201018288918,41.116884853354755,22752200
2016-03-07,41.08039093017578,41.21905175331406,40.67900199249124,40.708191839914385,24047500
2016-03-08,40.67901611328125,40.90525212514676,40.627927598640774,40.90525212514676,16893200
2016-03-09,40.83226013183594,40.94902787627738,40.730088703445006,40.86145276393695,15467400
2016-03-10,40.76658248901367,41.42340007819949,40.44546906926853,41.160674712902924,28133500
2016-03-11,41.83209228515625,41.85398537152523,41.46719266453628,41.50368206980564,24374600
2016-03-14,41.744503021240234,41.85397119998296,41.64962837249343,41.77369564915652,15953300
2016-03-15,41.35041427612305,41.35771104171742,41.1971571429791,41.31392488022627,19646300
2016-03-16,41.715309143066406,41.751798534887016,41.03659587614693,41.03659587614693,25413000
2016-03-17,42.03643035888672,42.11670871164668,41.59855197796694,41.73721281566687,17906600
2016-03-18,41.96344757080078,42.10210839532994,41.905062307443714,41.97074433673912,30733400
2016-03-21,41.897769927978516,41.992644598885335,41.76640585563458,41.86128052654139,17625800
2016-03-22,41.82478713989258,41.89046916980613,41.52556962227808,41.56205902023836,15926700
2016-03-23,41.40150833129883,41.72991852848308,41.34312584288997,41.71532221039011,18291400
2016-03-24,41.124183654785156,41.124183654785156,40.8322656462393,40.8833513673339,18326500
2016-03-28,41.372310638427734,41.43799266983667,41.27013920822776,41.408802821181446,18491100
2016-03-29,41.81748962402344,41.83938549103476,41.073094176781545,41.17526560962524,22376800
2016-03-30,42.131309509277344,42.37214459316854,42.06562746675821,42.17509846561114,18999500
2016-03-31,41.715309143066406,42.0291229238555,41.693416064766474,41.93424827795221,37335100
2016-04-01,41.2701416015625,41.321227319625045,40.81766690559588,40.86145585706213,30396100
2016-04-04,41.18257141113281,41.430703264544526,41.131485686956566,41.37961754036828,16977200
2016-04-05,40.37248611450195,40.5038501756264,40.31410363398144,40.44546491114325,20199600
2016-04-06,41.02931213378906,41.05850198613292,40.44547054350343,40.511152583212414,20465500
2016-04-07,40.43087387084961,40.81036697752872,40.33599920219843,40.69359922532835,19855600
2016-04-08,41.20446014404297,41.350420533680726,41.1022887064854,41.24094954546169,18462800
2016-04-11,41.226348876953125,41.649630871285346,41.219049327555005,41.47448066120388,15640400
2016-04-12,41.839378356933594,41.91965390907804,41.31392218166213,41.55475440602003,25164700
2016-04-13,42.50349807739258,42.591073184254896,42.335641845293,42.43051650170527,25583900
2016-04-14,42.64215850830078,42.802715189393446,42.56917971723817,42.72243684884711,26844400
2016-04-15,42.54727554321289,42.69323588079431,42.539978779116666,42.612957555926435,17558000
2016-04-18,42.912193298339844,42.95598225347995,42.45241901323948,42.488911201171106,20200400
2016-04-19,43.656585693359375,43.74416081338052,43.49602898668489,43.56171102269146,24251400
2016-04-20,43.69306564331055,43.904708022879866,43.56900114878098,43.634683170579656,14402600
2016-04-21,43.43034362792969,43.66388190339008,43.35736483082265,43.6273897208739,19135100
2016-04-22,43.45224380493164,43.52522260927858,43.26979401010136,43.38656176743422,17262700
2016-04-25,43.233299255371094,43.26978865302694,43.07274256493024,43.233299255371094,13518400
2016-04-26,43.386558532714844,43.46683688188902,43.24789491724572,43.401154849288574,15657800
2016-04-27,43.415748596191406,43.503323706487734,43.18950987863312,43.255191907346,13054700
2016-04-28,42.824615478515625,43.24789754906151,42.72974080699419,42.89759428186264,25204500
2016-04-29,42.64215850830078,42.91948292547109,42.488901376691835,42.85380089992976,27642900
2016-05-02,43.043548583984375,43.10923061129108,42.85380205174416,42.98516610635758,25207300
2016-05-03,42.33564758300781,42.627568357395916,42.27726509850789,42.62027159081949,25287100
2016-05-04,41.846675872802734,42.04372194206464,41.72260859187679,41.97803991897734,20213100
2016-05-05,41.75910949707031,41.92696297249191,41.62774542344248,41.81749198314774,21552600
2016-05-06,41.875877380371094,41.89777046472126,41.540167644545406,41.57665983041289,21498200
2016-05-09,41.78830337524414,42.058331099258744,41.76641028885064,41.97805273719836,17842700
2016-05-10,42.386741638183594,42.386741638183594,42.0656281874935,42.10211759308196,21333600
2016-05-11,42.021827697753906,42.27725623381313,42.021827697753906,42.10940279812246,20180500
2016-05-12,42.00723648071289,42.39402910623816,41.824786708829265,42.379432790411954,17642000
2016-05-13,41.576656341552734,41.861277550072835,41.45988859487878,41.67882777189711,19052400
2016-05-16,42.07291793823242,42.094811019692926,41.693422083795824,41.715315165256335,24500500
2016-05-17,41.76640701293945,42.13860615621483,41.722618059623834,41.99994252936351,25116900
2016-05-18,41.781002044677734,42.21888042850405,41.6277448887348,41.81019467932292,34940400
2016-05-19,41.48178482055664,41.605849342814686,41.357717514335704,41.532870539599706,26976000
2016-05-20,41.82478713989258,41.93425533377343,41.73720924403276,41.83208390589959,23377800
2016-05-23,41.686126708984375,41.80289446173929,41.60584835697234,41.671530391894656,18828700
2016-05-24,42.2918586730957,42.37213702004471,41.96344851919642,41.97074528529967,28901600
2016-05-25,42.737030029296875,42.824605128941286,42.58377012496638,42.60566598784915,35575000
2016-05-26,42.85380935668945,42.94868124700036,42.75163791545433,42.8975955263828,21115400
2016-05-27,42.81002426147461,42.875706305897495,42.70785281103084,42.78083162307261,16066600
2016-05-31,42.605674743652344,43.05085266627254,42.50350330907646,42.9851706320505,25438500
2016-06-01,42.569190979003906,42.60568038418856,42.35024897996966,42.40133470402081,19567300
2016-06-02,42.569190979003906,42.58378451390724,42.27727016960036,42.328355893651505,32992100
2016-06-03,42.84650802612305,42.861104343402225,42.49620476331132,42.72244350519431,27770200
2016-06-06,43.087345123291016,43.18951656511506,42.948681494561534,42.985173681466975,22191900
2016-06-07,43.40115737915039,43.517925134583955,43.36466519360755,43.415753696574946,15311700
2016-06-08,43.48872756958008,43.59819854587249,43.452238172136795,43.53251651688956,14673400
2016-06-09,42.95597457885742,43.06544277120521,42.82461052087,42.95597457885742,18489100
2016-06-10,41.7080192565918,42.11670496672072,41.59125151313174,42.051022937026765,29812900
2016-06-13,41.10228729248047,41.496379495755946,40.9855195415799,41.16796932635972,25323100
2016-06-14,40.445465087890625,40.76657847602595,40.226525913047325,40.67170381280754,69490000
2016-06-15,40.71550369262695,40.94173969432088,40.62792577200666,40.795782061213856,34010400
2016-06-16,40.80307388305664,40.83226651972461,39.83973914471792,40.13895671065702,27677700
2016-06-17,41.20446014404297,41.306631581600534,40.74468867503393,40.94173199948759,51689600
2016-06-20,42.22617721557617,42.525394741199314,42.21158089920886,42.474309025895074,38890400
2016-06-21,42.569190979003906,42.89759840962895,42.39403793656914,42.57648774645557,37705500
2016-06-22,42.543113708496094,42.95275447389169,42.543113708496094,42.74421070413301,45176500
2016-06-23,43.71990966796875,43.79438878549321,43.14641137120251,43.451780298966746,33064500
2016-06-24,39.96609878540039,41.031166501060554,39.943755621400584,40.137403005522515,85314600
2016-06-27,39.19894790649414,39.42983481327436,38.677585700830164,39.40749165228155,58864400
2016-06-28,40.226783752441406,40.24912976055327,39.7501105835993,40.1150650766669,45213500
2016-06-29,40.9641227722168,41.10563417350879,40.755579056377016,40.82261137092481,33914900
2016-06-30,41.57487106323242,41.57487106323242,40.93434052426535,41.04606202429757,48143600
2016-07-01,41.57487106323242,41.708935726792774,41.5152883467588,41.58976745264977,22693400
2016-07-05,40.770477294921875,41.11308565542828,40.65130904599812,41.06839649663368,33647400
2016-07-06,40.696006774902344,40.71834993996716,40.04802941725896,40.30126237237876,28451400
2016-07-07,40.53215026855469,40.91944790550723,40.40553520863352,40.770489679999045,24824900
2016-07-08,41.15034103393555,41.217373377321934,40.89710805238656,40.99393317976607,26189500
2016-07-11,41.75362777709961,41.92493200542977,41.671699050246936,41.701491831138085,25474900
2016-07-12,42.319671630859375,42.52076861738015,42.267535690783134,42.34946440838741,29839000
2016-07-13,42.274986267089844,42.528219216464485,42.23774671242802,42.423947326933025,27351600
2016-07-14,42.63993835449219,42.77400301678887,42.58035279738444,42.66973113304606,28145500
2016-07-15,42.423946380615234,42.55056427307614,42.334570883181314,42.52821826782078,29705400
2016-07-18,42.52821731567383,42.65483520529994,42.34201670949103,42.42394543080278,17614300
2016-07-19,42.193058013916016,42.26009034502138,42.081336515008495,42.193058013916016,19896900
2016-07-20,42.572906494140625,42.62504243658858,42.37925911379047,42.46118499392599,20885200
2016-07-21,42.401611328125,42.595258749809865,42.3271322062146,42.4388508890802,19635000
2016-07-22,42.483524322509766,42.51331709671125,42.36435606689917,42.49097109546247,16069300
2016-07-25,42.431392669677734,42.52821493380914,42.31222440204279,42.51332138640093,13277400
2016-07-26,42.61014938354492,42.736767283115476,42.43139837864013,42.59525299293686,15025700
2016-07-27,42.76655578613281,42.88572690699305,42.45374011746239,42.811244956455404,17126900
2016-07-28,42.72187042236328,42.79634953338799,42.51332663853734,42.73676681280742,14445300
2016-07-29,43.22833251953125,43.31026123914911,42.98254636067766,43.07937146942565,21590400
2016-08-01,42.945308685302734,43.1836452394095,42.893172741666625,43.094269741918424,21623700
2016-08-02,42.729312896728516,42.87827394498251,42.565458300725226,42.84848116709258,20476100
2016-08-03,42.58034896850586,42.59524535644329,42.342012443897886,42.37180521977275,19684400
2016-08-04,42.826141357421875,42.84848452199088,42.63249396836668,42.714419852185024,16761800
2016-08-05,43.01978302001953,43.034679408147944,42.81868888327472,42.826135656741165,15143500
2016-08-08,43.10916519165039,43.138955129367254,43.042132859694846,43.09426880219407,10326800
2016-08-09,43.45177459716797,43.58583926407683,43.280470376383505,43.3028135404697,27514400
2016-08-10,43.600730895996094,43.76458548340753,43.58583450783223,43.73479554827533,17539500
2016-08-11,43.91355895996094,44.025280482231146,43.77204749412216,43.80928705448012,19675800
2016-08-12,43.80182647705078,43.988027061365614,43.749690540738264,43.9358911250531,11331600
2016-08-15,43.97313690185547,44.077408789249155,43.93589734795713,43.94334412225846,9048700
2016-08-16,43.90610885620117,44.025277145031254,43.83162689993479,43.89121246494789,14286200
2016-08-17,43.891204833984375,44.01037310209576,43.600732358037604,43.78693295453637,12103600
2016-08-18,44.114646911621094,44.114646911621094,43.794381644335516,43.86141397565565,17723900
2016-08-19,43.78693389892578,43.80927706180493,43.53370096857795,43.66031601315402,12142800
2016-08-22,43.83162307739258,43.86141585730091,43.57094335618436,43.65287208033433,10095600
2016-08-23,44.017822265625,44.20402287223288,44.00292871734866,44.12209699192987,12534100
2016-08-24,43.91355895996094,44.09231282735401,43.86142300722053,44.0401768746136,12206600
2016-08-25,43.734798431396484,43.86141347734284,43.697556037933936,43.76458836849251,10953500
2016-08-26,43.47411346435547,44.18912589759753,43.280466098624544,43.80182832494012,19518100
2016-08-29,43.608177185058594,43.63052318765392,43.36239388607396,43.37729027407235,10482100
2016-08-30,43.54859924316406,43.712453846698644,43.466670520798864,43.6454215139631,10046300
2016-08-31,43.45922088623047,43.59328555164246,43.30281305698175,43.4964632808861,20437200
2016-09-01,43.757137298583984,43.77948045951136,43.50390439035713,43.660312199239634,18389800
2016-09-02,44.263607025146484,44.31574296604618,44.02527048354912,44.166781917248905,19151600
2016-09-06,44.5615348815918,44.58387804738039,44.34554147498191,44.36043786590632,14730600
2016-09-07,44.583885192871094,44.76263623022047,44.50195645025408,44.680710328799975,17917500
2016-09-08,44.45725631713867,44.673249705150496,44.405120373990414,44.54663465498924,15572700
2016-09-09,43.59328842163086,44.12954711858371,43.57839203102706,44.12954711858371,23547000
2016-09-12,43.95078659057617,43.97313259368255,43.23577699747457,43.27301654772444,26966800
2016-09-13,43.064476013183594,43.46667000482255,42.87827540681694,43.384741283429896,24865900
2016-09-14,43.00489807128906,43.2432346466046,42.92296934080008,43.00489807128906,16841500
2016-09-15,43.37728500366211,43.45921086590586,42.92295516909738,43.04212341740983,20280700
2016-09-16,42.818695068359375,42.930413733666775,42.69952678731392,42.90807056884449,47897900
2016-09-19,43.04213333129883,43.302813046651174,43.0048937778479,43.24323032936884,24184400
2016-09-20,43.302818298339844,43.4890189293724,43.25068234894642,43.45177937140512,23968200
2016-09-21,44.062503814697266,44.10719297538593,43.563487639052624,43.719895439670026,28804000
2016-09-22,44.5093879699707,44.80731005169723,44.457252031847894,44.710484948956775,27047600
2016-09-23,44.13699722290039,44.27851152371407,44.12210367236904,44.151893614627944,19380000
2016-09-26,43.72734832763672,43.8167266615133,43.66031599782713,43.75714110559558,23824900
2016-09-27,43.93589782714844,43.94334460153099,43.503911041867845,43.54860021175076,19862100
2016-09-28,44.24870681762695,44.263603205340736,43.794376936540516,43.93589119922377,21673400
2016-09-29,43.69756317138672,44.2487182949751,43.54860493800257,44.2487182949751,16703800
2016-09-30,44.04016876220703,44.15933703811894,43.742246651829355,43.80183221038321,29074600
2016-10-03,43.920997619628906,44.010373110430464,43.824172513896436,43.920997619628906,17903600
2016-10-04,43.91355895996094,44.20403150842788,43.74225470935726,44.12210561211891,28707500
2016-10-05,44.09230422973633,44.159336561788464,43.973135955109846,44.077407840258545,14774300
2016-10-06,43.85396957397461,43.90610551880005,43.742248068665305,43.868865964095576,11592200
2016-10-07,43.63052749633789,43.705006602489426,43.28791622093181,43.66776704941366,16684900
2016-10-10,43.757137298583984,43.868858785611735,43.63052226506828,43.63052226506828,7860700
2016-10-11,43.13894271850586,43.57837613685919,43.012327706347335,43.556032979700625,18434600
2016-10-12,43.04213333129883,43.15385199165163,42.922965055538356,43.07937288474976,13537300
2016-10-13,42.8782844543457,42.97510958562176,42.44630043384612,42.565468733418044,13090900
2016-10-14,42.952754974365234,43.25067708423103,42.93786142594817,43.168748361958144,19288400
2016-10-17,42.826141357421875,42.94530963711643,42.75910902251894,42.85593413764449,12641000
2016-10-18,43.25068283081055,43.377300738745355,43.18365048924416,43.340058339167,13028000
2016-10-19,43.36984634399414,43.474118232454344,43.287917619862306,43.31771039976404,12500100
2016-10-20,43.43687057495117,43.51879928379906,43.265566384267096,43.31025554578286,9959000
2016-10-21,43.34005355834961,43.354949948298504,43.09427022718254,43.13895655583335,12584900
2016-10-24,43.33260726928711,43.47411871359269,43.23578215413282,43.46667193913277,12723000
2016-10-25,43.302818298339844,43.340057856307126,43.13151405873343,43.23578595752028,12430400
2016-10-26,43.10916519165039,43.25067662969175,43.02723647023853,43.079372412737754,12169500
2016-10-27,43.05702209472656,43.228326283216376,43.012332933783235,43.20598028214706,9309300
2016-10-28,43.04213333129883,43.13895560203209,42.93786144515789,42.98254777282069,15377800
2016-10-31,43.064476013183594,43.1240615709949,42.885725022141244,43.012340070696595,19266200
2016-11-01,42.8782844543457,43.18365339957353,42.73677298647791,43.16875700697749,19495200
2016-11-02,42.587806701660156,42.90807200037901,42.52822113855152,42.84848643727037,17538900
2016-11-03,42.543113708496094,42.76655386769408,42.48353099193466,42.73676393001124,12959100
2016-11-04,42.13346481323242,42.386697702446426,42.11856842666746,42.26008267843704,17423800
2016-11-07,42.714420318603516,42.73676632461243,42.5654620982557,42.66228437324259,21383600
2016-11-08,42.833580017089844,42.960197888450345,42.55055718218118,42.58779672980649,17403900
2016-11-09,42.87083435058594,43.04213859034747,42.46119068898646,42.50587986330535,27175100
2016-11-10,42.75165939331055,42.95275354339534,42.40160135205978,42.848481660774866,37382800
2016-11-11,42.4909782409668,42.602699742412355,42.26009130506649,42.56546018899577,18430100
2016-11-14,42.260093688964844,42.26754046358991,42.066443454361476,42.17816496210926,20650900
2016-11-15,42.44628143310547,42.468624591399596,42.103670239156536,42.1483593969399,15311700
2016-11-16,41.999412536621094,42.170716770743695,41.96217297984593,42.02920531851965,22261200
2016-11-17,42.319671630859375,42.371807570935616,42.17071058441484,42.20795013572707,18459300
2016-11-18,41.8578987121582,41.99196338190771,41.78341676163298,41.939827437138,17047300
2016-11-21,42.21539306640625,42.23773622541668,42.014296111726765,42.02174288433185,18504500
2016-11-22,42.319671630859375,42.34201479340758,42.14092064808246,42.312224857075186,17866500
2016-11-23,42.17070770263672,42.17070770263672,41.8504424690851,41.89513163232327,13840300
2016-11-25,42.297332763671875,42.32712554422542,42.2377472025648,42.31967592848906,7842800
2016-11-28,42.073890686035156,42.222848899663425,42.05154468103427,42.17816257205327,13608000
2016-11-29,42.342010498046875,42.4388355945928,42.05898766382856,42.10367398439179,14719800
2016-11-30,42.297332763671875,42.446293825243636,42.23030042802438,42.43884420950729,23874700
2016-12-01,42.13346481323242,42.27497622380678,42.07388210816778,42.25263306455694,22693500
2016-12-02,42.23774337768555,42.33456848511849,42.00685645229364,42.058992392943146,16077700
2016-12-05,42.654842376708984,42.736771111795136,42.44629857190515,42.45374534727833,19686200
2016-12-06,42.945308685302734,43.00489424442735,42.67717935163367,42.699525356903315,19217500
2016-12-07,43.58583450317383,43.66031360278965,43.094265058601,43.109161446763274,25749300
2016-12-08,43.54859924316406,43.62307835011653,43.39963818806333,43.585838796640296,23427000
2016-12-09,43.734798431396484,43.734798431396484,43.51880505057487,43.54859782886662,20886500
2016-12-12,43.5411491394043,43.71245335643031,43.48901319688316,43.57094191832946,16612700
2016-12-13,44.01036834716797,44.129536602404286,43.9060964789856,43.928439638968875,22116800
2016-12-14,43.362396240234375,44.010373526767864,43.29536391120017,43.91354842011943,26473700
2016-12-15,43.26557540893555,43.34005451913524,43.1687502927192,43.198543073277456,25317900
2016-12-16,43.29536437988281,43.41453265043412,43.2134356611546,43.235778824009316,24359100
2016-12-19,43.22833251953125,43.429429510994446,43.22833251953125,43.31770801311632,17705200
2016-12-20,43.37728500366211,43.41452454853566,43.25066714165785,43.28045991403475,17813500
2016-12-21,43.38933181762695,43.41943263277468,43.32913305790323,43.38180804912589,17793900
2016-12-22,43.29151153564453,43.41191194216141,43.27646112600841,43.35923694372104,16310200
2016-12-23,43.404380798339844,43.404380798339844,43.299030819357775,43.32913163351598,14821600
2016-12-27,43.35170364379883,43.43447944331411,43.34417700534935,43.36675405012629,13327700
2016-12-28,43.186161041259766,43.32913849586979,43.12596227398088,43.31408808640705,19569400
2016-12-29,43.29151153564453,43.389337762993286,43.25388694684028,43.26893735647641,16406100
2016-12-30,43.442012786865234,43.63013860156874,43.34418655945922,43.62261483203233,25266000
2017-01-03,43.712913513183594,43.727963922516544,43.53231147176028,43.607563518425025,27938300
2017-01-04,44.20956039428711,44.23213457037358,43.90855798379944,43.9461854380392,25670000
2017-01-05,44.585811614990234,44.630962837373254,44.322436660851885,44.322436660851885,22063100
2017-01-06,44.4353141784668,44.480465404678036,44.3299641878792,44.37511541409044,22073700
2017-01-09,44.367591857910156,44.390168907870816,44.209566861046284,44.269768500178515,13962400
2017-01-10,44.37511444091797,44.495514837602194,44.33748698461449,44.33748698461449,16296600
2017-01-11,44.60839080810547,44.62344121725923,44.23213919097753,44.28481418772968,31352400
2017-01-12,44.676116943359375,44.683643583345145,44.48046736231052,44.66859317394569,25127300
2017-01-13,44.84166717529297,44.84919094447161,44.64601760035635,44.71374013468011,20901900
2017-01-17,44.676116943359375,44.72879194097146,44.600867766934144,44.7062177621583,22524800
2017-01-18,44.54819869995117,44.63849829779731,44.41274786789574,44.540672058963395,14581400
2017-01-19,44.4353141784668,44.533140399971835,44.29986337040505,44.47293876502352,17619300
2017-01-20,44.691165924072266,44.7062163329906,44.533140936287765,44.593339701389105,24974100
2017-01-23,44.80405044555664,44.80405044555664,44.53314877846553,44.63097501837565,43093600
2017-01-24,44.91691207885742,44.9394891253908,44.7137358834873,44.72878629098565,18176000
2017-01-25,45.38347625732422,45.39852666819115,45.14267542459803,45.157722964892606,27237600
2017-01-26,45.20286560058594,45.33831640205525,45.14266683913947,45.29316517804154,20838800
2017-01-27,45.127620697021484,45.18781946415851,45.04484488045752,45.165245285303634,13061000
2017-01-30,44.80405044555664,44.83415126869398,44.59334755416773,44.73632502878386,19146200
2017-01-31,44.87176513671875,44.95454094527446,44.69116311163613,44.88681554468995,29996800
2017-02-01,45.05236053466797,45.172760917826544,44.9319601515094,45.15018674303792,26726400
2017-02-02,45.07494354248047,45.14266894637652,44.94701650375597,45.09751772025517,14796700
2017-02-03,45.25554275512695,45.285643572573974,45.097517769388,45.1577165337101,13963800
2017-02-06,44.93196487426758,44.93196487426758,44.758889484696056,44.78899030129246,16220200
2017-02-07,44.88680648803711,44.9093806601533,44.7965040584299,44.834131506051854,12123000
2017-02-08,44.962059020996094,45.007210239192766,44.78898365709932,44.84165864304306,16749200
2017-02-09,45.15019607543945,45.16524648526659,44.96207025845846,45.02227189776701,14299600
2017-02-10,45.25554275512695,45.285643572573974,45.08246736066449,45.097517769388,13212100
2017-02-13,45.43614196777344,45.503867367537694,45.360889928828826,45.44366573638201,12694400
2017-02-14,45.368412017822266,45.368412017822266,45.0899838075096,45.278109580145546,14256600
2017-02-15,45.54150390625,45.54150390625,45.15772558332112,45.17277599506073,15460100
2017-02-16,45.6468391418457,45.6468391418457,45.49633794373973,45.556539571210756,14416500
2017-02-17,45.52643966674805,45.5414900739164,45.3533642901695,45.390988872804556,14938000
2017-02-21,45.67694854736328,45.67694854736328,45.466245682153314,45.48129609185204,11550300
2017-02-22,45.67694854736328,45.70704936676073,45.4436715028913,45.4436715028913,17129400
2017-02-23,45.77477264404297,45.850021818461165,45.65436937205865,45.81239723125206,12410600
2017-02-24,45.443668365478516,45.47376918279781,45.25554256309083,45.27811674079433,16198700
2017-02-27,45.4737663269043,45.481290095475636,45.28564053633149,45.29316430490283,14039000
2017-02-28,45.40604019165039,45.54149098831351,45.32326438584829,45.39098978417985,20439100
2017-03-01,45.88011932373047,45.992993077207835,45.69951729936618,45.714567707277524,20198000
2017-03-02,45.5791130065918,45.7371379702815,45.57158923856581,45.68446298238493,16452800
2017-03-03,45.850013732910156,45.90268871982818,45.60921297255022,45.67693836581217,19149100
2017-03-06,45.70705032348633,45.714574093207105,45.57912327365553,45.699523683193355,10965800
2017-03-07,45.54901885986328,45.62427090399474,45.43614509952404,45.50387050395637,16308800
2017-03-08,45.38347625732422,45.564075446582684,45.338325024723424,45.51892708455424,11568200
2017-03-09,45.556541442871094,45.57911561881438,45.43614105355407,45.50386645195562,13369300
2017-03-10,45.940311431884766,45.992986416660344,45.78981024513822,45.87258604137739,18987900
2017-03-13,46.18111801147461,46.18864465057621,46.04566721336313,46.05319385246474,19718700
2017-03-14,45.82744216918945,45.880117159108046,45.74466636486834,45.84248970581906,15953500
2017-03-15,46.482112884521484,46.48963665183115,45.91773560744459,45.925259374754255,22841100
2017-03-16,46.707862854003906,46.75301406922072,46.60251288906926,46.73043702632669,24380100
2017-03-17,46.828269958496094,46.91856953134467,46.70034580284158,46.79064537569016,20697400
2017-03-20,46.73044204711914,46.911044056819314,46.670243290933456,46.8433186620032,13484400
2017-03-21,46.519744873046875,47.12927346279662,46.48964405787046,47.09164887911196,23331500
2017-03-22,46.52727508544922,46.57242344110954,46.33162264234799,46.36924722892224,14492800
2017-03-23,46.632625579833984,46.73044893186938,46.4520235435259,46.4520235435259,25394800
2017-03-24,46.76054763793945,46.85837385612892,46.685298467376384,46.7379734608849,25264500
2017-03-27,46.880943298339844,46.941144925167585,46.67024334558587,46.72291833377436,30294500
2017-03-28,47.1067008972168,47.14432835505256,46.926101730122,46.94867590836584,23196000
2017-03-29,47.1067008972168,47.12927794603265,46.86590009404239,46.87342673383834,19090800
2017-03-30,46.9411506652832,49.183609868543634,46.89599943964116,46.97877525136562,16049800
2017-03-31,46.87342834472656,46.92610334282048,46.69282630085304,46.737977529464445,30871700
2017-04-03,46.80569076538086,46.835791576627486,46.474587582810734,46.79816412728353,32855200
2017-04-04,46.7906494140625,46.7906494140625,46.542321979081876,46.60252361322454,16793800
2017-04-05,46.542320251464844,46.87342348581536,46.52727271405964,46.75302309257112,22710400
2017-04-06,46.549842834472656,46.64014240389435,46.467067033097955,46.56489324113819,17795900
2017-04-07,46.519744873046875,46.60252067949617,46.459546113265766,46.467069881774,15848900
2017-04-10,46.46706771850586,46.54231688237196,46.41439272968526,46.45201731161832,11321500
2017-04-11,46.685298919677734,46.70787309695099,46.36924608499275,46.65519810293214,18663100
2017-04-12,46.64767837524414,46.67777632402532,46.4445021504675,46.61757755589083,25045600
2017-04-13,46.346675872802734,46.48965045871835,46.30152464382154,46.429451690648875,16760100
2017-04-17,46.632625579833984,46.670250166814675,46.5347993572266,46.54232312639395,15573500
2017-04-18,46.421913146972656,46.421913146972656,46.166061989495745,46.316563176935944,21171100
2017-04-19,46.23379898071289,46.50470061196216,46.18112398247799,46.474599792807325,13263100
2017-04-20,46.60251998901367,46.73044414576049,46.594993350045215,46.62509416477565,20485300
2017-04-21,46.632625579833984,46.670250166814675,46.5347993572266,46.60252476202064,18989800
2017-04-24,47.814048767089844,47.86672375566052,47.69364838313234,47.716222558070754,32694900
2017-04-25,48.15268325805664,48.220408664011735,47.99465539711339,48.0473303939038,24975200
2017-04-26,48.01722717285156,48.1827759143384,48.01722717285156,48.01722717285156,20489600
2017-04-27,48.0623779296875,48.10000251506385,47.97207835066989,48.10000251506385,13855700
2017-04-28,48.009708404541016,48.09248422414059,47.98713422485829,48.07743381416138,25361200
2017-05-01,48.205352783203125,48.31070277109944,48.09247902641644,48.15268065982684,22211300
2017-05-02,48.453678131103516,48.47625230737553,48.30317979519442,48.34832814773844,23500000
2017-05-03,48.35585403442383,48.4085290252867,48.235450774655305,48.3257532194817,12811000
2017-05-04,48.81488037109375,48.82992790767122,48.48377715495635,48.52140460811498,16359700
2017-05-05,49.3566780090332,49.3566780090332,48.852502285026155,48.867555562809144,18990900
2017-05-08,48.98796081542969,48.995487455509775,48.882610818885404,48.995487455509775,19823800
2017-05-09,48.86756134033203,48.94281051471359,48.76973224660641,48.89766215831345,28186600
2017-05-10,48.94280242919922,48.94280242919922,48.82992581570248,48.897654080257745,18524300
2017-05-11,48.822410583496094,48.83746386408883,48.619237224649204,48.73963476366919,18381600
2017-05-12,49.09330368041992,49.09330368041992,48.86755618110868,48.86755618110868,27683000
2017-05-15,49.34163284301758,49.34163284301758,49.18360786556379,49.19865540292642,20493900
2017-05-16,49.65768814086914,49.66521478093208,49.559864784627706,49.627587321761574,21931200
2017-05-17,49.09330368041992,49.477081892735434,49.07825614358986,49.41688026312841,30198700
2017-05-18,49.17607879638672,49.21370624964941,48.9277513835969,48.97290547574079,19242600
2017-05-19,49.747982025146484,49.755508663912366,49.49965461616135,49.522228791315776,34855500
2017-05-22,49.808189392089844,49.8984861031119,49.74798775731254,49.80066275245671,14692600
2017-05-23,49.815704345703125,49.95115513721575,49.747981820518405,49.921054323419256,12489200
2017-05-24,49.84580612182617,49.85333276070641,49.65015944008658,49.6802545133209,15075500
2017-05-25,49.84580612182617,49.92105528719858,49.778083595334,49.84580612182617,13265300
2017-05-26,49.70283508300781,49.71035598084355,49.55233100914222,49.567384287100474,25971500
2017-05-30,49.65016174316406,49.687783457023734,49.552332656613046,49.567385935071776,14415300
2017-05-31,49.71035385131836,49.95115461804434,49.68777967649141,49.90600626839045,31167900
2017-06-01,50.033931732177734,50.04898500988595,49.853332587682104,49.89848093852019,25610000
2017-06-02,50.58326721191406,50.5983147501646,50.31236559425303,50.38761476779355,22765300
2017-06-05,50.304840087890625,50.34246754608058,50.244638451244334,50.31236672775743,14304500
2017-06-06,50.161861419677734,50.199483131505374,50.08660651373592,50.10165979138159,11387200
2017-06-07,50.17691421508789,50.327412560458306,50.00383595088243,50.24463674816141,15346400
2017-06-08,50.08660888671875,50.094135525898174,49.921057271632556,49.98125890278091,15425200
2017-06-09,49.89848327636719,50.011359899894195,49.710357484203364,49.830760746937116,20807900
2017-06-12,49.71035385131836,49.80818293042597,49.650157965494216,49.755507942115386,17937200
2017-06-13,50.094146728515625,50.12424755082128,49.95116925784995,50.01889754332389,19123700
2017-06-14,50.05650329589844,50.38760649448453,49.89095743774838,50.38007985602312,18739500
2017-06-15,49.53728485107422,49.56738566668512,49.281430788953344,49.29648406733057,22870900
2017-06-16,49.95869445800781,49.97374773929895,49.717893627651556,49.778095270526784,24571500
2017-06-19,50.161861419677734,50.259684759801516,50.116707327883994,50.146808142032064,26706100
2017-06-20,49.75811004638672,50.03339743029098,49.64340599741156,50.025748937935234,23798500
2017-06-21,49.69692611694336,49.74281122991625,49.574579428557534,49.643398346882805,10989000
2017-06-22,49.68928527832031,49.781043839445395,49.62046052338691,49.68163678686336,13521700
2017-06-23,49.8116340637207,49.89574997101205,49.62811109967133,49.69693002340615,15138700
2017-06-26,49.895751953125,50.17868781926189,49.872812310968776,50.13280270085937,21872800
2017-06-27,49.88810348510742,50.04104415637279,49.83457570868707,49.9186916193605,17466000
2017-06-28,50.323970794677734,50.369855910007864,50.05633193062567,50.07927157124589,26317300
2017-06-29,49.82693862915039,50.17869346130692,49.612821665407054,50.17104496836484,35923300
2017-06-30,49.85751724243164,49.97222129170998,49.57458719951408,49.95693014104834,28866100
2017-07-03,49.79633712768555,49.918683811471254,49.7810401459066,49.79633712768555,9564300
2017-07-05,49.79633712768555,49.82692525715426,49.566929073714746,49.65104497123143,26253300
2017-07-06,49.5745849609375,49.681640513005696,49.42164429077577,49.47517206680986,22874100
2017-07-07,49.58223342895508,49.64340970418845,49.36812229972901,49.43694706788923,18885700
2017-07-10,49.704586029052734,49.719877180830984,49.52106303726009,49.55165117490732,10674800
2017-07-11,49.81929016113281,49.826938654078724,49.5057661253484,49.57459089368016,13584000
2017-07-12,50.2169189453125,50.27809521419581,50.109863391811764,50.125160376077645,15995600
2017-07-13,50.362213134765625,50.400449762865804,50.20927829054559,50.278097220217504,22520700
2017-07-14,50.713966369628906,50.72161486182961,50.46926712601788,50.507503752931235,14145100
2017-07-17,50.61455535888672,50.68337428105392,50.561027585837884,50.61455535888672,10326100
2017-07-18,50.660430908203125,50.660430908203125,50.53043573095973,50.56866651798405,11718200
2017-07-19,50.88219451904297,50.88219451904297,50.73690234817271,50.74455083982107,12542300
2017-07-20,51.08865737915039,51.11924551180878,50.92807405826118,51.01218996454931,13792700
2017-07-21,50.88985061645508,50.88985061645508,50.65279401264425,50.82102584951303,18391200
2017-07-24,50.7522087097168,50.767499861749364,50.53044908365424,50.66044429524893,17486100
2017-07-25,50.82102584838867,51.035136973820336,50.80573469689668,51.01219732953703,12297600
2017-07-26,51.13454818725586,51.2186641029074,50.88220044030125,50.966316355952785,19186700
2017-07-27,51.01984786987305,51.264547142199675,50.851616026256465,51.23395900389749,13754400
2017-07-28,51.0733757019043,51.08102419500982,50.83632492245071,50.88985270600767,15080800
2017-07-31,51.180423736572266,51.241600004231174,51.02748890151497,51.14218711076295,20998800
2017-08-01,51.46336364746094,51.64688663078512,51.46336364746094,51.57041920724092,16206800
2017-08-02,51.486305236816406,51.55512417037976,51.35631002846961,51.49394789559633,8948300
2017-08-03,51.51688766479492,51.608646232710164,51.4327717548126,51.47100254674728,11245900
2017-08-04,51.58570098876953,51.62393761064192,51.38688105639403,51.57040984047421,14178000
2017-08-07,51.60865020751953,51.61629870013155,51.47865500356758,51.47865500356758,11865600
2017-08-08,51.3333625793457,51.585710327572606,51.30277444312816,51.51689139665097,13510100
2017-08-09,51.24924087524414,51.2721863503837,50.99689898960686,51.02748712236982,15080100
2017-08-10,50.52281188964844,50.94339159073885,50.47693258919934,50.94339159073885,28825100
2017-08-11,50.431034088134766,50.568677787092305,50.362215155701286,50.4922103619138,27456400
2017-08-14,50.79808044433594,50.928075636595494,50.77514080265366,50.79808044433594,13311500
2017-08-15,50.75984573364258,50.79043386840283,50.57632275917126,50.73690609109494,13212200
2017-08-16,51.05043411254883,51.11160455279094,50.91279041234547,50.928081563883346,14030700
2017-08-17,50.47691345214844,50.951014934624396,50.47691345214844,50.86689902629674,18647700
2017-08-18,50.61455535888672,50.721610904984395,50.46161469725454,50.561027585837884,16347200
2017-08-21,50.59926986694336,50.675737298080605,50.46927465060093,50.59162720769335,11760800
2017-08-22,50.84395980834961,50.866899450068274,50.69102497416518,50.706316123947644,11528800
2017-08-23,50.85161590576172,50.85926439884185,50.6910325556239,50.69868104870403,13007000
2017-08-24,50.73690414428711,50.920427111716535,50.72925565236798,50.86689933646254,13150600
2017-08-25,51.04278564453125,51.165138193256176,50.905141944261025,50.920433095806324,14942000
2017-08-28,51.04278564453125,51.119253070439015,51.012197507350024,51.09631342607575,13422100
2017-08-29,50.83631134033203,50.96630651794041,50.74454694985531,50.759838097890125,11536900
2017-08-30,50.767494201660156,50.81337348673358,50.6833782896321,50.75220305133241,10510300
2017-08-31,51.1574821472168,51.19571293748072,50.94337105265156,50.96631069362786,20277900
2017-09-01,51.22629928588867,51.36394296104204,51.19571115428908,51.34865181228703,15541800
2017-09-05,50.88219451904297,51.226300800052826,50.72161119896572,51.226300800052826,18682300
2017-09-06,51.19571304321289,51.3104170824211,51.096305987413665,51.15748225287001,21335800
2017-09-07,51.61628341674805,51.63922305370129,51.486288251287164,51.61628341674805,14599300
2017-09-08,51.623939514160156,51.7615831902509,51.623939514160156,51.73864354991738,16168800
2017-09-11,52.02922439575195,52.120988795311185,51.96039963756006,51.96804812937913,19127300
2017-09-12,52.18980407714844,52.22039220820014,52.0292207646941,52.0292207646941,11803000
2017-09-13,51.9068717956543,52.1133402358722,51.860992512979145,52.08275210272548,14672800
2017-09-14,51.99863052368164,52.00627901465658,51.799810596957876,51.81510757890774,14862300
2017-09-15,52.04452133178711,52.075109468374414,51.95276275611572,52.04452133178711,16315500
2017-09-18,52.11334991455078,52.25863628136849,52.0215854980678,52.1745261922061,13594900
2017-09-19,52.35803985595703,52.37333100559907,52.228044664685044,52.32745172258305,8877200
2017-09-20,52.24333953857422,52.541566567617714,51.99864028822852,52.37333473911311,15309700
2017-09-21,52.13628005981445,52.21274747590415,52.067455301470815,52.12098891023247,10250100
2017-09-22,52.29685974121094,52.380975643277665,52.24333197026751,52.28921124990774,8442800
2017-09-25,51.99863052368164,52.20509310729111,51.899223477364366,52.082746422138264,13473900
2017-09-26,51.883934020996094,51.95275878157486,51.72335069176574,51.91452215524332,20026600
2017-09-27,51.92217254638672,51.99863996775654,51.78452885428493,51.81511698965091,17751800
2017-09-28,52.059818267822266,52.13628569217285,51.92217457035501,51.92217457035501,11704000
2017-09-29,52.365684509277344,52.4192122802356,52.059809032048946,52.059809032048946,24981400
2017-10-02,52.31979751586914,52.37332528490433,52.18215384776588,52.20509348676821,16475600
2017-10-03,52.495689392089844,52.50333788480858,52.32745755682093,52.35039720088659,12073300
2017-10-04,52.396270751953125,52.449798526942224,52.3503914688453,52.35803996072658,12518600
2017-10-05,52.365684509277344,52.38862414910381,52.26627162457666,52.296859755708454,11871200
2017-10-06,52.327457427978516,52.335105920678416,52.10569781240557,52.12863745641475,16923300
2017-10-09,52.34274673461914,52.41157149831168,52.29686744821767,52.39627451345096,5155600
2017-10-10,52.839786529541016,52.84743502092926,52.602735803311155,52.648615083461564,16626700
2017-10-11,52.96978759765625,52.98508458213225,52.8092042651994,52.816852757437395,16732400
2017-10-12,52.92390441894531,53.015668816779886,52.83214002111073,52.8780251370729,10774000
2017-10-13,53.19920349121094,53.26802826326244,53.1533241992373,53.222143137197754,12928900
2017-10-16,53.16096496582031,53.23743822850843,53.122734168567085,53.19920159716437,8800600
2017-10-17,53.023311614990234,53.06154823937849,52.92390455930645,53.03096010668584,8286800
2017-10-18,53.17625427246094,53.19919391431817,53.038610587227524,53.107429512799236,11793200
2017-10-19,53.09213638305664,53.09213638305664,52.90861342095254,52.93920155365152,10368300
2017-10-20,53.023311614990234,53.053899747682884,52.93920154269767,53.053899747682884,12636300
2017-10-23,52.90861129760742,53.06919461226514,52.870374674745776,53.046254972183974,8422200
2017-10-24,52.99274444580078,53.09980002374451,52.91627117519118,52.977447458042285,10586500
2017-10-25,52.78626251220703,53.00037361358945,52.58744256059909,52.96978547995054,11495500
2017-10-26,52.77861404418945,52.96214284610608,52.77097138634373,52.92390622051763,12355500
2017-10-27,52.900962829589844,52.91625397828753,52.67920325189132,52.748028006254785,18853800
2017-10-30,53.023311614990234,53.038608598381444,52.916256067610846,52.93155305100206,14308400
2017-10-31,53.24507522583008,53.275663360834656,53.069200742166565,53.13037701217571,24418400
2017-11-01,53.29859161376953,53.5279996602347,53.27565197594081,53.47447189393802,23674500
2017-11-02,53.45918655395508,53.45918655395508,53.245069631420144,53.2603666143603,20430900
2017-11-03,53.37507247924805,53.37507247924805,53.19154368221418,53.37507247924805,14078700
2017-11-06,53.451541900634766,53.46683305058331,53.22213381277636,53.22978230479565,11959000
2017-11-07,53.25271987915039,53.420951692502705,53.11507619859756,53.352126935181396,13024200
2017-11-08,53.42859649658203,53.51271239745251,53.306243973828835,53.336832104517136,15924200
2017-11-09,53.12272644042969,53.1456660822626,52.79391129461468,52.98508275534224,22577000
2017-11-10,52.977439880371094,53.038616154471804,52.8627358249549,52.946851743320735,11070800
2017-11-13,52.75567626953125,52.77861591206019,52.44215809815216,52.44980075626836,13605200
2017-11-14,52.717445373535156,52.755676166311865,52.533916565482414,52.65626910418425,13850100
2017-11-15,52.46509552001953,52.51862329501814,52.21274779470187,52.28157255346574,18547300
2017-11-16,52.88566970825195,52.94684013485059,52.74037754764038,52.801553808328336,17372500
2017-11-17,52.694496154785156,52.78625470804593,52.640962553264245,52.74037543141554,24773400
2017-11-20,52.809207916259766,52.96979125981884,52.809207916259766,52.862735697446126,20689600
2017-11-21,53.20683288574219,53.27565179899979,53.138008138395634,53.168596266761995,17104800
2017-11-22,53.35212326049805,53.46682729207334,53.183897292822266,53.4285965042745,17943200
2017-11-24,53.787994384765625,53.82623100698907,53.71917546567076,53.795642876028204,11732300
2017-11-27,53.46683883666992,53.72683508665178,53.46683883666993,53.68094996366048,17066500
2017-11-28,53.77271270751953,53.78800385864853,53.53566194343198,53.63506901099666,19389400
2017-11-29,53.55859375,53.856820743145256,53.48212633736346,53.81094146238125,19328300
2017-11-30,53.61212921142578,53.84153731632725,53.56624992408167,53.78036104380813,24443400
2017-12-01,53.39801025390625,53.53565392982562,53.130371393532364,53.34448248183148,33370400
2017-12-04,53.20683288574219,53.520350991841745,53.19918439512836,53.260360651861085,19355500
2017-12-05,53.09213638305664,53.329187118861505,53.08448789135945,53.12272451575562,15853700
2017-12-06,52.98508071899414,53.09213626615996,52.90096481277959,53.01566885162577,12481600
2017-12-07,53.12272644042969,53.25272163354283,52.969785771393646,53.17625421606981,16966100
2017-12-08,53.40565872192383,53.43624685702169,53.245075388227704,53.36742792861917,19106800
2017-12-11,53.54329299926758,53.55858998117223,53.43623746229181,53.51271070363668,20038600
2017-12-12,53.61212921142578,53.65800849876989,53.45919436421843,53.612129211425774,16514700
2017-12-13,53.81858825683594,53.918001151586004,53.658004927728214,53.69624155403056,25920500
2017-12-14,53.520355224609375,53.803291058808085,53.489767093823886,53.78035141924132,27424600
2017-12-15,53.505069732666016,53.58153715066895,53.344486404632846,53.46683310661953,32906900
2017-12-18,54.139774322509766,54.26212105598866,54.063301050732484,54.07859803872455,38998500
2017-12-19,53.94115447998047,54.08025797343922,53.85614646197987,54.0570691445589,37373700
2017-12-20,53.84841537475586,54.026161015506496,53.809773223646964,53.99524847381228,18729500
2017-12-21,54.041622161865234,54.180725671644716,53.90251865208576,53.91797197718778,22930000
2017-12-22,54.18071365356445,54.18844326238358,53.98751470483429,54.01842724414679,18767000
2017-12-26,54.165252685546875,54.227077762173984,54.033878819687146,54.08025057513939,15995000
2017-12-27,54.26572799682617,54.35073601586709,54.17299036806389,54.24254506362678,19835400
2017-12-28,54.2966423034668,54.45119912712637,54.265729759541905,54.404833259221476,20811200
2017-12-29,54.335269927978516,54.54392809232629,54.296633676185046,54.53619848358201,16214700
2018-01-02,54.73713302612305,54.75258634933787,54.42028388855549,54.50529190614851,26530000
2018-01-03,54.999874114990234,55.0694288009238,54.7525797018249,54.78349224046605,33384900
2018-01-04,55.602657318115234,55.687665330645956,55.494466374160545,55.533108523843325,23974400
2018-01-05,55.91176986694336,55.95041201181538,55.69538800597246,55.75721307938229,17483800
2018-01-08,55.89632797241211,55.911781295941644,55.780407410064086,55.84223249611166,21733700
2018-01-09,55.95815658569336,55.98133952043132,55.734045056617916,55.904055210017994,19138900
2018-01-10,55.849945068359375,55.989048536234236,55.81130881926074,55.96586560758235,18118900
2018-01-11,56.236358642578125,56.244088252942234,55.958157525087216,56.00452339534151,17314400
2018-01-12,56.80050277709961,56.80823238753138,56.38319225326223,56.43728773435419,22694300
2018-01-16,56.74641036987305,57.063253663155955,56.67685566414986,56.96279230596197,24617800
2018-01-17,57.04006576538086,57.24872396843634,56.77731797897327,56.900962261998885,21424400
2018-01-18,56.970516204833984,57.03234129350798,56.792770548887475,56.88550818189847,19094600
2018-01-19,57.28734588623047,57.295075494473636,57.0786936313735,57.25643334922137,19622600
2018-01-22,57.58101272583008,57.6041956548722,57.302805785397304,57.333718322774686,14992500
2018-01-23,57.766483306884766,57.80512545343541,57.58101397456195,57.65056276319659,15575400
2018-01-24,57.86695098876953,58.137434252402194,57.67375202672588,58.083338778868544,24383800
2018-01-25,57.64284133911133,58.121976902936076,57.52692667492878,58.098793970099564,23272500
2018-01-26,58.15288543701172,58.16833875918269,57.90559101052678,57.944233159900506,19192600
2018-01-29,57.619659423828125,57.743309595759285,57.511468471370705,57.68921411953058,26906700
2018-01-30,57.14054489135742,57.472847446536065,57.07099017722101,57.43420528357514,113986300
2018-01-31,57.06324005126953,57.36463584288754,56.96277871803964,57.33372330282507,38465500
2018-02-01,57.22553253173828,57.33372347429841,56.93959595727841,56.97050849743333,30876200
2018-02-02,56.066341400146484,56.66912122112812,56.004516316978,56.66912122112812,36590600
2018-02-05,53.71702575683594,55.618102294330875,53.562463093647686,55.36307832204231,78968000
2018-02-06,54.77577209472656,54.92260520464755,53.52384649128203,53.6474907712432,84302300
2018-02-07,54.1961784362793,54.76032208009682,54.08798747378803,54.28891607382835,44411300
2018-02-08,52.78196334838867,54.250270869991624,52.76650412834963,54.22708793589799,59223600
2018-02-09,53.006072998046875,53.2920096308204,51.69232220134063,53.129723183883655,67466800
2018-02-12,53.8174934387207,53.92568436778251,53.23016704098273,53.40018304264084,37528600
2018-02-13,53.655216217041016,53.709311690819085,53.37700923876393,53.392462561572906,20574300
2018-02-14,54.60575866699219,54.636665313152456,53.307461377572494,53.330644310174975,31475400
2018-02-15,54.9457893371582,55.0307973609704,54.489842569406406,54.9148767925024,31600600
2018-02-16,55.193077087402344,55.42491819614833,55.00760773798414,55.03079066966587,23606400
2018-02-20,54.67530822753906,55.02306401335664,54.543934343649276,54.77576956887278,25286900
2018-02-21,54.41255569458008,55.177621893956854,54.38936686772033,54.82986024262988,30247700
2018-02-22,54.698486328125,54.94578075076162,54.51301698513857,54.644390857422124,20537000
2018-02-23,55.131256103515625,55.20081079969515,54.79122992030215,54.899420873501626,30298500
2018-02-26,55.64903259277344,55.66448591604433,55.16989702787122,55.363095996562734,21007200
2018-02-27,54.822139739990234,55.36309447911358,54.79122719833112,55.301269395795345,22449300
2018-02-28,54.30435562133789,54.93032419804173,54.227077224302434,54.8994116600348,31642500
2018-03-01,53.392459869384766,54.12661942902832,53.12971212312953,53.86386578680894,51282100
2018-03-02,53.647491455078125,53.66295067524839,52.990616101001265,53.20699801566518,35512000
2018-03-05,53.933433532714844,53.972069795124895,53.2379159537126,53.25337517544908,18968500
2018-03-06,54.25027084350586,54.39710395398044,54.1034436289962,54.366191409882376,20996900
2018-03-07,54.23480987548828,54.26572241522948,53.83295865078091,53.9875154535228,14492500
2018-03-08,54.350730895996094,54.47437516006707,54.172985264936635,54.38936714903396,14883300
2018-03-09,54.698486328125,54.7062159370723,54.34300096408262,54.4280089746106,17319800
2018-03-12,54.76031494140625,54.876235499239556,54.644394383572944,54.76031494140625,12801300
2018-03-13,54.39710235595703,54.984428884636536,54.29664101256326,54.94578673165791,19138100
2018-03-14,54.528472900390625,54.85305163600868,54.33527393926853,54.81440948539851,13670800
2018-03-15,54.497562408447266,54.75258646174992,54.40483067703874,54.52847495090497,21712300
2018-03-16,54.458919525146484,54.60575260996109,54.373911517723705,54.39709444775467,16119900
2018-03-19,54.0184211730957,54.2657155638387,53.732484638564,54.25798595588829,24159700
2018-03-20,54.010704040527344,54.12662460270541,53.87933015484239,53.95660856430621,20578800
2018-03-21,54.09571075439453,54.31209265405778,53.871599245182004,53.925694720097816,17479200
2018-03-22,53.0910758972168,53.66294910751009,53.075622573462965,53.54702854347956,42084300
2018-03-23,52.503761291503906,53.26109805771583,52.48057835522719,53.18381963813825,44983200
2018-03-26,53.446556091308594,53.48519234064575,52.774221676435445,53.307452622574964,31279000
2018-03-27,53.05242919921875,53.763399871273045,52.851500654172575,53.70930440483334,36493900
2018-03-28,53.36155700683594,53.75567865414854,53.15289882088027,53.38473993950556,35737600
2018-03-29,53.84841537475586,54.08025648948026,53.608850546581245,53.74795403622299,34745000
2018-04-02,53.10652542114258,53.77113024454986,52.74331047161026,53.63975638075077,52362500
2018-04-03,53.446556091308594,53.52383448594649,53.12197740028774,53.392454729502134,30413600
2018-04-04,53.63203048706055,53.65521341804686,52.797409595768386,52.8205925267547,26041500
2018-04-05,53.987525939941406,54.134359058241614,53.85615204249661,53.8870645882422,22625800
2018-04-06,53.63203048706055,54.142072656651884,53.454284856225236,53.948873703813746,24999600
2018-04-09,54.07252502441406,54.4357400069008,53.98751701166337,54.14980342801535,18498700
2018-04-10,54.652130126953125,54.78350402245899,54.49756740050639,54.61348797135015,19233800
2018-04-11,54.44346237182617,54.76031148349841,54.404826118964465,54.53619999142968,21099100
2018-04-12,54.652130126953125,54.72940854219392,54.482114075844294,54.51302662113364,18012500
2018-04-13,54.70621871948242,54.845322207788215,54.52074936706284,54.83759259844778,14515400
2018-04-16,54.791229248046875,54.86850765710338,54.66757907678472,54.84532472398289,15678300
2018-04-17,55.03852081298828,55.14671175919583,54.83759224318951,54.89168771629329,17545600
2018-04-18,55.32444763183594,55.40173192740568,55.21625669319505,55.27035216251549,17035100
2018-04-19,55.11579895019531,55.33991045081184,54.953512531672516,55.26263204617685,20004000
2018-04-20,54.90713882446289,54.98441721805848,54.79894789423637,54.93804546513033,27586500
2018-04-23,54.83758544921875,54.92259345298773,54.690752370715295,54.86076837825326,17696000
2018-04-24,54.61347961425781,55.00760713643016,54.45119319829608,54.93805244618128,22013400
2018-04-25,54.520751953125,54.59030075259457,54.242544963317336,54.41256100108477,18280700
2018-04-26,54.791229248046875,54.876237266798434,54.65212575335929,54.791229248046875,23697700
2018-04-27,54.84532165527344,54.907146737445274,54.62893976363637,54.77576696383904,15395400
2018-04-30,54.66758346557617,54.976703022583436,54.62894720592849,54.78350403644954,21883700
2018-05-01,54.47437286376953,54.652118487336345,54.2270784500878,54.60575262725974,17308000
2018-05-02,54.451202392578125,54.8221470459576,54.41256613232865,54.75259234396415,16409400
2018-05-03,54.62120819091797,54.690756983887965,54.13434895223558,54.54392978896326,19854600
2018-05-04,54.81440353393555,54.86849900133775,54.19616456708427,54.22707710502321,17022600
2018-05-07,54.822139739990234,54.961243229474015,54.721672505607,54.77576797951934,8172600
2018-05-08,54.829856872558594,54.829856872558594,54.52846699751169,54.628934219836495,12400300
2018-05-09,54.96125030517578,55.02306950048814,54.706226225629685,54.75259209610525,15414000
2018-05-10,55.31672286987305,55.31672286987305,55.03078631119458,55.13124763918027,18107500
2018-05-11,55.46355438232422,55.571751223313576,55.39400558736424,55.48674320994185,19083700
2018-05-14,55.56401824951172,55.71857504848447,55.50219317153704,55.66447957924761,17790300
2018-05-15,55.162166595458984,55.27035754463529,54.94578469710636,55.08488818832798,18330100
2018-05-16,55.23945617675781,55.27809243603279,55.04625719248762,55.10807638652061,13758300
2018-05-17,55.32444763183594,55.417185248941244,55.16989083262437,55.26262844972968,16191300
2018-05-18,55.12352752685547,55.21625925229464,55.046249123668076,55.16216378046705,21815600
2018-05-21,55.471282958984375,55.471282958984375,55.3321794756894,55.401734165318985,13441700
2018-05-22,55.4017333984375,55.594932350563774,55.33990831872571,55.54856059279787,12897900
2018-05-23,54.791229248046875,54.8066825714723,54.52847558209714,54.69849161960026,23332600
2018-05-24,54.62120819091797,54.72166952386268,54.257993216170284,54.698486592872676,21542400
2018-05-25,54.26572799682617,54.343006406145726,54.11889489194374,54.227085844184046,17225600
2018-05-29,53.160621643066406,53.616568316594055,52.9596930923093,53.431098982952626,57008900
2018-05-30,53.97206497192383,54.01070712684621,53.46975233372319,53.61657955130512,25531900
2018-05-31,53.63203048706055,53.863865692887835,53.40791899425261,53.80977022193172,47992800
2018-06-01,54.09571075439453,54.111164077528514,53.81750377026619,54.03388566992944,39232600
2018-06-04,54.25800704956055,54.51303114739867,54.23482411265993,54.45120605168658,18561900
2018-06-05,54.17299270629883,54.288913273263915,54.03388920513372,54.265730339063886,16641000
2018-06-06,54.65986251831055,54.65986251831055,54.234822368912816,54.36619627110286,25445400
2018-06-07,54.350730895996094,54.72939919316641,54.250263666976515,54.70621626215086,25977000
2018-06-08,54.41255569458008,54.48210448726701,54.165255375788924,54.30435885712689,23206300
2018-06-11,54.76031494140625,54.89168882216723,54.56711597700557,54.61348184175309,26145100
2018-06-12,54.41255569458008,54.68303304830277,54.36618393682468,54.65212050845387,22706300
2018-06-13,54.48984146118164,54.644398285352224,54.265729938958856,54.59030280729603,20486700
2018-06-14,54.37391662597656,54.6521236044125,54.343004084376524,54.48983718298562,24099000
2018-06-15,54.09571075439453,54.12662329662707,53.88705846428056,54.118893687077794,31433500
2018-06-18,53.709320068359375,53.724773393578744,53.43111304668776,53.50066775008835,30778500
2018-06-19,53.21593475341797,53.25534469524427,52.85338613844491,52.932206022097525,30397600
2018-06-20,53.255332946777344,53.460253775464096,53.12134879510628,53.42084384233187,38687300
2018-06-21,52.87701416015625,53.113461715407176,52.821843865679185,53.113461715407176,23793400
2018-06-22,53.43661117553711,53.69669629427721,53.32627057652939,53.55482895082276,26146100
2018-06-25,52.695743560791016,53.11346236884374,52.55387622851734,53.05829207368793,39388300
2018-06-26,52.79032897949219,52.8927863911139,52.57752495359323,52.86914283559442,23117500
2018-06-27,52.293792724609375,53.04253942563216,52.27014916797608,52.837618579623474,29616800
2018-06-28,52.4908332824707,52.55388677905322,52.16769463543197,52.27803524789518,21384800
2018-06-29,52.782447814941406,53.09770926455705,52.73516070208826,52.90067161018627,32031400
2018-07-02,52.30167770385742,52.356848008926605,52.01794298832665,52.033703355584024,39167900
2018-07-03,52.45930862426758,52.79821366551082,52.43566506538522,52.71939979819876,14919900
2018-07-05,52.9794807434082,53.01888466290022,52.782443106613684,52.940070810804706,18593200
2018-07-06,53.26321792602539,53.37355852676992,52.99524360056598,53.050413900938246,16641600
2018-07-09,53.7755126953125,53.79127305996404,53.554825498412,53.68881565695084,20682100
2018-07-10,53.75186538696289,53.80703568522809,53.649407979645105,53.680934723384006,18981400
2018-07-11,52.8533821105957,53.28686738519849,52.69575438152874,53.14500002379325,30172400
2018-07-12,53.26321792602539,53.31838822639765,53.04253672453632,53.137110946253486,18810600
2018-07-13,53.428733825683594,53.45237738332487,53.17652585565616,53.286866466723644,17206900
2018-07-16,53.405086517333984,53.4839003749738,53.318389469996625,53.41296369391964,15422200
2018-07-17,53.49966049194336,53.562713983006134,53.23169217459437,53.26321892012576,16965000
2018-07-18,53.50754165649414,53.625765444484436,53.37355750289056,53.46025454654268,13712400
2018-07-19,53.39720153808594,53.49965894827275,53.17652033884559,53.23169063865568,26316500
2018-07-20,53.64940643310547,53.73610347261037,53.40508169256149,53.412958868435496,28610200
2018-07-23,53.64940643310547,53.70457672978028,53.5469490287412,53.64940643310547,10192900
2018-07-24,53.96467590332031,54.224767060657456,53.8779788508746,54.09866007051378,17645500
2018-07-25,54.36662673950195,54.453317766591546,53.783391012129556,53.95678509253155,29698900
2018-07-26,54.12230682373047,54.264174189463034,54.06713651556294,54.16171676375553,23009400
2018-07-27,54.224754333496094,54.469079053163384,54.16958404153539,54.35873846924198,28911800
2018-07-30,54.21688461303711,54.45332620312637,54.20111823249709,54.413922278000996,17630300
2018-07-31,54.287818908691406,54.46121302752798,54.18536148079376,54.413925908977184,25087500
2018-08-01,54.011962890625,54.22476693271227,53.94103221867073,54.20111736228194,25402700
2018-08-02,53.657291412353516,53.657291412353516,53.373556730527355,53.42872702904291,24343200
2018-08-03,53.688819885253906,53.712463440648925,53.42084556018299,53.45237230508026,14176200
2018-08-06,53.460262298583984,53.539076164302095,53.263224627732455,53.35779886134918,12077900
2018-08-07,53.877967834472656,54.01983516282063,53.83068072939368,53.99619161028113,17495500
2018-08-08,53.83069610595703,53.933153533931794,53.69670591477435,53.81492972435307,13812800
2018-08-09,53.673065185546875,53.90162962595406,53.641538433789364,53.84645931365667,11964700
2018-08-10,52.601165771484375,52.79820340804099,52.49870836519506,52.69574600175168,28624600
2018-08-13,52.412010192871094,52.63269137895379,52.29378641086641,52.53023397487577,24817700
2018-08-14,52.40412902832031,52.530236004159946,52.30955480955216,52.4829428816643,22596700
2018-08-15,51.64751052856445,51.773617517383954,51.348015449786416,51.710564022974204,41602700
2018-08-16,52.01005554199219,52.20709318870254,51.96276843097747,51.98641198648483,23297100
2018-08-17,52.317440032958984,52.4514302186763,51.947014263953754,51.99430138061134,25722900
2018-08-20,52.601165771484375,52.66421925832924,52.50659155432853,52.52235191948402,16229300
2018-08-21,52.924312591552734,53.08982349159773,52.79820561259747,52.94007295736628,15670100
2018-08-22,53.129234313964844,53.22380853665057,53.06618082343314,53.16075504611887,13217500
2018-08-23,52.750919342041016,52.97948373520325,52.703632230735664,52.86125994382805,22030700
2018-08-24,53.05830001831055,53.16864062514389,52.91643266479453,52.98736934810858,21816600
2018-08-27,53.767635345458984,53.80703926792264,53.49178383576568,53.52331058160376,24820300
2018-08-28,53.72035217285156,53.94891057399316,53.68882542470146,53.90162345832419,19866800
2018-08-29,54.011962890625,54.01984608076844,53.65729750462919,53.72035099955225,18107700
2018-08-30,53.49966049194336,53.633650663729725,53.365676333268866,53.554830793345324,20743000
2018-08-31,53.074058532714844,53.34991605328235,52.86914370609745,53.168638769461865,30945900
2018-09-04,52.624813079833984,52.632696269529816,52.34896157159877,52.41201506294165,25303400
2018-09-05,52.144046783447266,52.348961610797204,51.98641305497204,52.28590811940711,26850800
2018-09-06,51.986419677734375,52.191340544301916,51.74209488386212,52.06523354545646,25557900
2018-09-07,51.56869125366211,51.72631896002726,51.418940723437125,51.48987740047953,22989400
2018-09-10,51.88395690917969,52.010057881929484,51.82090341624877,51.97853113546402,15646700
2018-09-11,51.93124008178711,51.94700646037951,51.5450479898355,51.62386184346275,17652700
2018-09-12,52.15192794799805,52.27803494042139,51.94701310497865,51.98641703027668,19372500
2018-09-13,52.538124084472656,52.70363499583676,52.40413390689132,52.65634186893835,26009600
2018-09-14,52.6169319152832,52.75879925349625,52.49082494215541,52.695745766932355,21047500
2018-09-17,52.66421890258789,52.97159713249099,52.65633571350766,52.877016902862565,13679100
2018-09-18,53.21593475341797,53.294754637070575,53.04254664347572,53.05042382135068,20734400
2018-09-19,53.405086517333984,53.4839003749738,53.271096344923215,53.271096344923215,15330300
2018-09-20,54.06712341308594,54.13017689660079,53.82279868085483,53.96466601220767,24625300
2018-09-21,54.09078598022461,54.177483047255656,54.004088913193556,54.05138204900984,19003300
2018-09-24,53.84646224975586,54.114436647750104,53.84646224975586,54.09867026445512,20382700
2018-09-25,54.11442565917969,54.29569693846903,54.09865927908625,54.26417019139433,19623000
2018-09-26,54.1380615234375,54.48484366575877,54.08289122717425,54.0907684029895,26899900
2018-09-27,54.027732849121094,54.272057641739075,53.97256254068759,54.03561002667399,21555300
2018-09-28,53.58636474609375,53.80704598138261,53.476024128449325,53.53907762799262,37330500
2018-10-01,53.64940643310547,53.84644406595999,53.6336460682461,53.759747026455095,27922300
2018-10-02,53.373565673828125,53.42085279101875,53.17652800138376,53.23958149971297,18689200
2018-10-03,53.27898025512695,53.499661464747525,53.23169314252596,53.46813471864287,19372300
2018-10-04,52.65633773803711,52.963715979758284,52.412012985159166,52.940072424719986,38671500
2018-10-05,52.34108352661133,52.5775250955564,52.144045879267864,52.53023798438975,28116900
2018-10-08,52.08887481689453,52.104641197614136,51.65539555690369,51.77361935985115,24471300
2018-10-09,51.954891204833984,52.02582789260997,51.482002001073155,51.545055498404594,23011200
2018-10-10,50.85147476196289,51.76573235676514,50.741134157502195,51.76573235676514,64586200
2018-10-11,50.14213943481445,50.867239537275985,49.80323444234155,50.70172863580481,119275100
2018-10-12,50.32341384887695,50.55197824100534,49.79535439798299,50.528334685459605,66647600
2018-10-15,50.20519256591797,50.473163883479515,50.05544203146672,50.19730937644376,32702300
2018-10-16,51.064273834228516,51.16673123895811,50.780539160857394,50.85935301165796,35959100
2018-10-17,50.77266311645508,50.96970077773885,50.53622153078189,50.90664728298111,26566600
2018-10-18,49.95298767089844,50.63867787578545,49.795356943903855,50.57562438236519,48286500
2018-10-19,50.236724853515625,50.520456568219075,50.20519810525206,50.220961479383845,31924100
2018-10-22,50.01603317260742,50.3234114060043,49.86628565049389,50.2840044798224,28641300
2018-10-23,49.543148040771484,49.75594906718221,48.90474496153931,49.19635984666986,54694300
2018-10-24,48.14024353027344,49.290942766905665,48.10871678244775,49.25941601907998,62942300
2018-10-25,48.74711608886719,48.99932405421621,48.34516058364096,48.53431806093079,47758100
2018-10-26,48.41609573364258,48.731357203190775,47.74616886904789,48.148124386493464,72008800
2018-10-29,48.28211212158203,49.04661928742042,47.895919949755935,48.94415885126891,60675300
2018-10-30,48.865333557128906,48.87321373965683,48.313627576946956,48.38456124592114,50851500
2018-10-31,49.22789001464844,49.49586136210113,49.18060289875197,49.26729694674756,49348900
2018-11-01,49.858402252197266,49.86628544133403,49.46432697891967,49.653484432977436,42760200
2018-11-02,49.929344177246094,50.378589822538885,49.63772926863904,50.30765914791435,39087900
2018-11-05,49.929344177246094,50.05544816528344,49.77959663100058,49.96087092589449,23002700
2018-11-06,50.134254455566406,50.17366137978155,49.89780990371992,49.945097010155855,18973700
2018-11-07,50.8041877746582,50.83571452074063,50.42587584133709,50.591389754991816,34148400
2018-11-08,50.307647705078125,50.71748331806225,50.19730410990719,50.61502591809399,31336600
2018-11-09,49.976627349853516,50.06332439330132,49.740182780985926,49.976627349853516,27581700
2018-11-12,49.15695571899414,49.64561129188701,49.09390522973594,49.62984791793342,31068900
2018-11-13,49.369754791259766,49.71654299131476,49.15695376119585,49.28305774124602,37193900
2018-11-14,49.4091682434082,49.75595648923996,49.13331669018425,49.716549554001745,51506100
2018-11-15,49.56679153442383,49.669251955874884,48.84169441413876,49.086019179794995,54666300
2018-11-16,49.6219596862793,49.6771299862337,49.16483391429198,49.243647769496604,30723600
2018-11-19,49.1884765625,49.61407858849081,49.06237259256447,49.59043202712079,30409700
2018-11-20,48.33728790283203,48.73136328567635,48.2190640853561,48.526442402925625,41209700
2018-11-21,49.015079498291016,49.21211712725327,48.8574518003657,48.936265649328355,32720600
2018-11-23,48.69194412231445,48.84957484691608,48.59736689017588,48.59736689017588,13336500
2018-11-26,49.424922943115234,49.47221306103399,49.25941204023347,49.30670215815223,31007400
2018-11-27,49.23577117919922,49.26729491964775,48.9914433997476,49.13331075471227,38111400
2018-11-28,49.937225341796875,49.97663227273056,49.08602120215992,49.30670542718956,40600800
2018-11-29,49.68501663208008,49.85052754345723,49.519505720702924,49.64560970173638,31259700
2018-11-30,49.47221374511719,49.52738404684065,49.25153253822334,49.40128007053617,32068600
2018-12-03,50.12637710571289,50.24460089868512,49.937222644824466,50.24460089868512,43673900
2018-12-04,48.825931549072266,49.921460430693,48.778641429474554,49.87417031109529,50079600
2018-12-06,48.36880111694336,48.40820804533625,47.470309920739446,47.9983723821831,78905500
2018-12-07,47.880157470703125,48.628901275259985,47.76981684811597,48.439743774713094,54090300
2018-12-10,47.50971984863281,47.76192781413742,47.02106729128715,47.675233768822046,61630500
2018-12-11,47.659461975097656,48.014127296921984,47.37572731239373,47.99836693259895,71163600
2018-12-12,48.36091613769531,48.691937911233616,48.36091613769531,48.40820324445472,45925600
2018-12-13,48.274227142333984,48.57372523011397,48.22693702114047,48.455501430408255,44498200
2018-12-14,47.651588439941406,47.95896671795611,47.61218150803935,47.7540488681317,50416200
2018-12-17,47.27327346801758,47.69887552116078,47.076235814513055,47.64370521870399,58508500
2018-12-18,47.31150817871094,47.654056809191616,47.160150682939474,47.4947313700806,48896500
2018-12-19,46.85743713378906,47.87711517940979,46.66624901967532,47.51066876162488,68491500
2018-12-20,46.6662483215332,47.05659248802259,46.483022076501584,46.921167829124705,97602600
2018-12-21,45.85368728637695,46.61047779972678,45.78995589555004,46.33962546647233,93622500
2018-12-24,45.319950103759766,46.03691309697016,45.280119501665894,45.8536898962342,47120300
2018-12-26,46.37150573730469,46.443202055080455,45.22436769177329,45.60674704028376,69827600
2018-12-27,46.50692367553711,46.50692367553711,45.49521053274015,45.84572410203284,76591200
2018-12-28,46.753875732421875,46.9928654364504,46.618451069760674,46.96896464271936,68541800
2018-12-31,46.825565338134766,47.048622160730986,46.6662429434116,47.0167564662344,62878800
2019-01-02,46.729976654052734,46.73794155915061,46.18827194098982,46.204204790065816,38723200
2019-01-03,46.307762145996094,46.64234282640041,46.228097908604646,46.61844507462294,35012600
2019-01-04,47.72574996948242,47.89304030206277,46.99285725215149,47.064553543097325,47001700
2019-01-07,47.908973693847656,48.13202747315901,47.65405422066902,47.78948190016507,30335900
2019-01-08,48.219669342041016,48.40289257182984,48.076276720661824,48.37899481456019,26444600
2019-01-09,48.76136016845703,48.86492215178435,48.522373547523024,48.657801224009475,34615300
2019-01-10,48.95254898071289,48.9605138841873,48.530336163458536,48.57016979746942,33699300
2019-01-11,48.617977142333984,48.721539146012894,48.47458453381868,48.578146537497595,40655600
2019-01-14,48.39492416381836,48.554249624808655,48.23559870282806,48.25949949724887,28319800
2019-01-15,48.64984130859375,48.72153761059195,48.36305610060095,48.52238155380587,35202700
2019-01-16,48.78527069091797,48.84103414563195,48.673740742609645,48.69764153668733,38473900
2019-01-17,48.96052551269531,49.04815466612448,48.48255217983847,48.498485029451075,28896000
2019-01-18,49.45442581176758,49.510189255911015,49.26323468979022,49.44645786895863,39380800
2019-01-22,48.68967056274414,49.00035351649903,48.59407650902268,48.93662516031145,36637900
2019-01-23,48.9127197265625,49.14373840020925,48.713563706566525,49.103907803986,21725600
2019-01-24,48.9684944152832,49.1118870257226,48.80120101051698,48.93662871543436,21843800
2019-01-25,49.526126861572266,49.61375601298895,49.40663505054245,49.43850074903584,31128800
2019-01-28,49.255271911621094,49.303067415018354,49.0561158771194,49.12780913221529,28738200
2019-01-29,49.36680221557617,49.661552316117195,49.36680221557617,49.55799032013463,23933700
2019-01-30,49.90850067138672,50.10765669475398,49.4783229315823,49.60578266498216,30465700
2019-01-31,49.93239974975586,50.05189458250621,49.717310874133126,49.836805706883474,33012500
2019-02-01,49.916473388671875,50.05190108597767,49.789013635320664,49.940371142775156,22056000
2019-02-04,50.099693298339844,50.12359105087099,49.74917975940286,49.84477380840748,20260600
2019-02-05,50.49004364013672,50.52987424314424,50.34665103820546,50.418347339171085,29367100
2019-02-06,50.23512649536133,50.42631461433567,50.15546224672172,50.36258625430435,19675600
2019-02-07,49.565956115722656,49.924434555953866,49.46239412422831,49.844773355653594,33930700
2019-02-08,49.406639099121094,49.414604004956985,49.080023260000296,49.24731363247864,21440400
2019-02-11,49.35883331298828,49.462395306958975,49.24730641434911,49.35883331298828,22453000
2019-02-12,49.93239974975586,49.956297500754,49.78900716600737,49.820872859924776,28176300
2019-02-13,49.940372467041016,50.22715767940596,49.940372467041016,50.10766586684077,22923500
2019-02-14,49.956302642822266,50.123592994788304,49.81291004431419,49.94833773796299,23166900
2019-02-15,50.68123245239258,50.68123245239258,49.95630452764185,50.458178641355516,29544700
2019-02-19,50.87241744995117,50.96004659050973,50.51393598352065,50.51393598352065,19126800
2019-02-20,51.01581954956055,51.22294356384546,50.92819039266158,50.936155298343095,27833100
2019-02-21,50.91225814819336,51.01582015656805,50.78479838360933,50.97598954992563,19709600
2019-02-22,51.07954788208008,51.19903665452718,50.999880596767944,51.06361199391343,19653800
2019-02-25,51.230899810791016,51.445991746043056,51.207002057487514,51.39819016167579,21208900
2019-02-26,51.47786331176758,51.59735209190742,51.294637052618256,51.31853480864623,23246200
2019-02-27,51.27073287963867,51.44599117225668,51.22293737356473,51.38225977898465,19933400
2019-02-28,51.199031829833984,51.35039236435105,51.14326838202664,51.23089752540389,27730700
2019-03-01,51.47786331176758,51.581422280475756,51.294637052618256,51.49379312319925,26191800
2019-03-04,51.28666305541992,51.54955049622476,51.07954514244663,51.52565274301709,22255100
2019-03-05,51.33446502685547,51.469889681227386,51.19903429472329,51.27073363264742,22315100
2019-03-06,51.20699691772461,51.438018639404056,51.18309916681978,51.422088831387384,14060100
2019-03-07,50.553768157958984,51.039709378835425,50.54580325351445,50.9839459310837,29445800
2019-03-08,50.561729431152344,50.561729431152344,50.23511369217386,50.24307859556767,21427600
2019-03-11,50.9998779296875,51.01581381702077,50.59360093021259,50.59360093021259,16204800
2019-03-12,50.968013763427734,51.071575755868565,50.904285410381085,50.97598170685858,31559400
2019-03-13,51.40616226196289,51.45395777243455,51.159210687511674,51.159210687511674,17856300
2019-03-14,51.398193359375,51.501758400480405,51.294634396030226,51.37429560458472,20861400
2019-03-15,51.95583724975586,51.97176706136663,51.72481547595319,51.756681176935736,44272000
2019-03-18,52.13905334472656,52.162957176909806,51.9558331756454,52.043462327035705,27734300
2019-03-19,52.242618560791016,52.481602183586325,52.13109165460109,52.44973648499484,32094800
2019-03-20,52.26651382446289,52.5134653795774,51.86820172769226,52.04346002271298,33136000
2019-03-21,52.23465347290039,52.282448984520805,51.90804068055941,51.91600254732222,34686500
2019-03-22,51.230899810791016,51.74870675082119,51.207002057487514,51.66107760353484,36194200
2019-03-25,51.30260467529297,51.34243224250268,51.06361496099105,51.191077762688316,26707900
2019-03-26,51.557518005371094,51.73277629776396,51.46988885917466,51.67701284816261,36734400
2019-03-27,51.5814208984375,51.75667920829476,51.23090427872297,51.6929478087538,21772300
2019-03-28,51.45395278930664,51.549549878752465,51.27073263173566,51.485818485788585,16531200
2019-03-29,51.66904830932617,51.70091400802106,51.43802655210868,51.67701625344004,23423900
2019-04-01,52.33024597167969,52.346175781565236,52.09125627907397,52.162955617959824,33228100
2019-04-02,52.34617233276367,52.370070084897684,52.12311854249964,52.25854318976567,18209100
2019-04-03,52.7524528503418,52.87990955551311,52.64888781977009,52.71261921123575,25471600
2019-04-04,52.640933990478516,52.68076155790474,52.54533688868588,52.5692346446938,23580500
2019-04-05,52.77635192871094,52.77635192871094,52.601093636656984,52.601093636656984,27828800
2019-04-08,52.8082160949707,52.8082160949707,52.640925751337896,52.76838245601814,21464100
2019-04-09,52.473636627197266,52.62499108766254,52.44973279661421,52.61702922189499,17074900
2019-04-10,52.67279052734375,52.68872033599067,52.48159635702143,52.54532774712887,25289300
2019-04-11,52.5612678527832,52.680756621626514,52.45770281610517,52.61703130416354,16309400
2019-04-12,52.927711486816406,52.95160923933353,52.80821664647075,52.91177559996496,31507700
2019-04-15,52.95161056518555,52.98347626192628,52.8400836654731,52.96754037467581,11608000
2019-04-16,52.9914436340332,53.16670194543788,52.95161606728904,53.158740078745545,19958100
2019-04-17,53.14280319213867,53.270265989953025,53.05517403808148,53.25433010134587,23540000
2019-04-18,53.11093521118164,53.174666607351085,52.983478496603205,53.14280090926636,21794000
2019-04-22,53.02330780029297,53.11093695346048,52.911780892218076,52.94364659134814,21336700
2019-04-23,53.12687301635742,53.150770771343275,52.895851255226354,52.927716954461054,17741400
2019-04-24,52.76042175292969,52.89584640393632,52.66482466399318,52.848044820588,26417500
2019-04-25,52.7205924987793,52.736522309380476,52.545334193363175,52.59312970292734,16020300
2019-04-26,52.935672760009766,52.94364070334631,52.736516720916036,52.81618399876152,17705700
2019-04-29,53.15076446533203,53.166694274179065,52.91974273161028,52.959576370367806,16992700
2019-04-30,53.1826286315918,53.27025777213074,52.95957484758715,53.134827050905244,36645900
2019-05-01,52.87991714477539,53.357896571606894,52.84008957771335,53.26229947068842,25870800
2019-05-02,52.80024719238281,52.951607724340754,52.664822546820375,52.92770997250737,21120700
2019-05-03,53.36585235595703,53.36585235595703,53.01534184806069,53.047201466974755,22117400
2019-05-06,52.76042175292969,52.83211501131198,52.17888343131282,52.19481324058884,24641100
2019-05-07,51.836341857910156,52.33025110142328,51.66905148779143,52.2824495115601,30661400
2019-05-08,51.90007400512695,52.09126213404455,51.7566813889985,51.85227241457678,31028300
2019-05-09,51.66107940673828,51.716842858979604,51.16717628053242,51.33446663725639,28991500
2019-05-10,52.043460845947266,52.05939065585555,51.358363542443946,51.653110608950016,34968000
2019-05-13,50.83258819580078,51.15920397632581,50.75292395733128,51.087504642263276,42253200
2019-05-14,51.34242630004883,51.47785703061743,51.15123819739226,51.19903370361635,32214000
2019-05-15,51.52565002441406,51.61327916672551,50.94411476229624,50.968012514243014,39054900
2019-05-16,51.939903259277344,52.1071997149922,51.70888755478988,51.71684942200584,27414300
2019-05-17,51.59735107421875,51.86820648530232,51.557523507544666,51.62125490753619,35566300
2019-05-20,51.39023208618164,51.56549039368102,51.26276928881457,51.39023208618164,27914500
2019-05-21,51.7327766418457,51.80446990134135,51.54158246100354,51.66904524823165,20838900
2019-05-22,51.52565002441406,51.645144861907845,51.46988657728495,51.477854520520516,22818000
2019-05-23,51.055641174316406,51.11141070199811,50.84055531826497,50.983947914885995,29106800
2019-05-24,51.605316162109375,51.613284106107464,51.4141280504786,51.59734821811128,23320000
2019-05-28,51.10343933105469,51.653105849771116,51.08750344485433,51.56548278670834,32637000
2019-05-29,50.776832580566406,50.78479748620195,50.53784286717405,50.72903403011185,32910400
2019-05-30,50.968013763427734,50.97598170685858,50.77682566540776,50.84055401845441,28874300
2019-05-31,50.5059814453125,50.561744902771196,50.24309396968107,50.29089252130874,34278600
2019-06-03,50.800716400146484,50.88037759017012,50.51393125385404,50.65732382700026,36735900
2019-06-04,51.382259368896484,51.43005487458896,51.0158129771472,51.1512376284493,34241600
2019-06-05,51.366329193115234,51.62124868458994,51.28666191384931,51.61328074111133,19015300
2019-06-06,51.573448181152344,51.6849750811473,51.43005558433593,51.565486315267144,28586900
2019-06-07,52.226680755615234,52.362111489098154,52.04346059264005,52.06735834626635,31020100
2019-06-10,52.37006759643555,52.513460180185994,52.314304151519245,52.36210573127583,21435800
2019-06-11,52.63296890258789,52.86399068613829,52.5612756306729,52.84805479609411,22255000
2019-06-12,52.242618560791016,52.49753807176234,52.21872080628754,52.425838730491364,17110500
2019-06-13,52.29041290283203,52.39397186262281,52.15498824516091,52.370074108652666,24194500
2019-06-14,51.90803146362305,51.97972471832361,51.85226193962064,51.97972471832361,37202100
2019-06-17,51.945465087890625,52.051258094239245,51.88849556328521,51.92104869036343,22615800
2019-06-18,52.63720703125,52.66162032669038,52.352374902987634,52.36864836365631,34024300
2019-06-19,52.96272659301758,53.06037976458012,52.71858124636305,52.75927420709683,25092700
2019-06-20,53.426605224609375,53.59750450751689,53.255705941701855,53.57309121122652,32817400
2019-06-21,53.198734283447266,53.353353881042025,53.15804132104771,53.198734283447266,25032400
2019-06-24,53.31267166137695,53.418464680188656,53.29639199148293,53.35335841836228,23238800
2019-06-25,52.99528503417969,53.38591017734979,52.99528503417969,53.36963671674883,24373000
2019-06-26,53.06039047241211,53.23129597488425,53.06039047241211,53.198742841502664,13170700
2019-06-27,53.19060134887695,53.28012091066864,53.16618805182016,53.198741184187604,14439800
2019-06-28,53.4917106628418,53.54867708959962,53.38591143538095,53.418464566224685,27667900
2019-07-01,53.74399185180664,54.02882399718122,53.61377932313535,54.02882399718122,25538600
2019-07-02,53.89861297607422,53.9474395656295,53.817227048316,53.84978017764438,26045900
2019-07-03,54.26483154296875,54.297384676332896,54.15903851619177,54.19158544068058,14359300
2019-07-05,53.84978485107422,53.882337983227764,53.51612611203182,53.79281842202429,21696200
2019-07-08,53.5405387878418,53.64633180945726,53.507985656065884,53.548678623004534,15839500
2019-07-09,53.31267166137695,53.33708495734312,53.14177238073888,53.166185676705055,11661800
2019-07-10,53.499839782714844,53.65446558898007,53.40218660728362,53.56494603891855,15051500
2019-07-11,53.483558654785156,53.630044605803604,53.34521253684369,53.605631315446104,14023800
2019-07-12,53.54867935180664,53.54867935180664,53.37777385543828,53.45915979042326,14459500
2019-07-15,53.597511291503906,53.64633789026476,53.51613155727724,53.6056511275893,12363200
2019-07-16,53.377769470214844,53.548674952542555,53.32894288033527,53.442875729304006,23641400
2019-07-17,53.30453872680664,53.51613100069595,53.28012542768012,53.51613100069595,13318800
2019-07-18,53.46728515625,53.46728515625,53.044106920533686,53.101073340896924,18639700
2019-07-19,53.31267166137695,53.5079842379812,53.28825836541078,53.44287797615483,16908600
2019-07-22,53.3696403503418,53.43474661492771,53.28012078875494,53.38591381205071,15203900
2019-07-23,53.70329666137695,53.752129462044856,53.58122397301948,53.695163035328015,22078400
2019-07-24,53.74399185180664,53.74399185180664,53.5486792676748,53.55681289406043,11192500
2019-07-25,53.198734283447266,53.59749923769067,53.1417678614125,53.581219569181116,24288100
2019-07-26,53.30453872680664,53.38591846018694,53.28012542768012,53.34523169793463,16616500
2019-07-29,53.4184684753418,53.491714577319,53.32894891118927,53.48357474179369,11655500
2019-07-30,52.79996871948242,52.84880152131521,52.67790223708794,52.81624838971835,24945300
2019-07-31,52.45002365112305,52.93017452007056,52.08381183272389,52.77554871685241,32619000
2019-08-01,52.30354309082031,52.95459328960566,52.09195705375869,52.51513533675678,38568600
2019-08-02,51.83967590332031,52.10009164142859,51.63622348855409,52.10009164142859,37778000
2019-08-05,50.545719146728516,51.090970135998155,50.31785343233971,51.090970135998155,54766700
2019-08-06,50.88751983642578,51.017729264987366,50.52130795289721,50.94448626739412,33907400
2019-08-07,51.08283233642578,51.18048862562948,50.52944152354239,50.67592750956666,41814700
2019-08-08,51.57925796508789,51.70946738864367,51.22117972198135,51.286285985978004,29156400
2019-08-09,51.22117233276367,51.46531768309295,51.099102762036125,51.424624721746675,23227400
2019-08-12,50.81427764892578,51.16421607584591,50.724761187718194,51.0177300783241,21906000
2019-08-13,51.29441833496094,51.43276758191666,50.66778456749188,50.71661426131812,30781900
2019-08-14,49.88653564453125,50.40737337310454,49.88653564453125,50.34227020925175,39692900
2019-08-15,50.05743408203125,50.21205991434555,49.85398165377575,50.11440361802546,40936100
2019-08-16,50.659645080566406,50.70847477173539,50.342259849060746,50.342259849060746,22856400
2019-08-19,50.96889877319336,51.14793478350546,50.960758938284336,51.12352148765322,22998600
2019-08-20,50.79800033569336,50.96890273324962,50.73289717355003,50.952626166604375,21710200
2019-08-21,51.15607833862305,51.351390928519436,51.15607833862305,51.351390928519436,25971800
2019-08-22,51.05842208862305,51.24559794762088,50.87124312518756,51.180491681306336,20505100
2019-08-23,50.423641204833984,51.27814064926924,50.41550447492614,50.936342113270015,34410500
2019-08-26,50.838687896728516,50.95262074668835,50.667785517351426,50.93634418177447,27774800
2019-08-27,50.79800033569336,51.12352545972298,50.79800033569336,51.08283559532869,24511400
2019-08-28,50.79800033569336,50.96890273324962,50.529444747140936,50.675930742510495,25028400
2019-08-29,51.23745346069336,51.34324958163132,51.10724404432255,51.28628315599643,19046700
2019-08-30,51.4409065246582,51.611805803745135,51.21304081920897,51.595532342873675,33527300
2019-09-03,51.3432502746582,51.351387005099866,51.090968168843126,51.14793459524695,33998200
2019-09-04,52.067535400390625,52.067535400390625,51.807116588924785,51.872222844009805,25619300
2019-09-05,52.34423065185547,52.54768304185939,52.33609081777053,52.43375020016713,22265900
2019-09-06,52.515132904052734,52.645345421327804,52.45816647996354,52.49885944383063,21338300
2019-09-09,52.66975784301758,52.67789767743098,52.54768516231439,52.67789767743098,15965600
2019-09-10,52.75927734375,52.808103932434115,52.466305393896384,52.572098405670125,19028800
2019-09-11,53.05225372314453,53.06852718443982,52.865074769436355,52.913901362197194,18413200
2019-09-12,53.36150360107422,53.43474970518816,53.01970500554382,53.09294490078227,30292200
2019-09-13,53.6626091003418,53.77654195206813,53.548676248615465,53.6219161352075,22132200
2019-09-16,53.182464599609375,53.361503733581934,53.14991146535295,53.328950599325516,31083600
2019-09-17,53.36150360107422,53.402196571012574,53.052258139719406,53.10108473654503,23554300
2019-09-18,53.29639434814453,53.36964044815671,52.98714890410734,53.23129429231442,17807600
2019-09-19,53.47542953491211,53.66260847994122,53.45915607437138,53.573088924780514,18972500
2019-09-20,53.353355407714844,53.630053900425814,53.28825535843683,53.54053434768472,35368700
2019-09-23,53.21501159667969,53.25570456202604,53.003419352853236,53.06038577901327,15457000
2019-09-24,53.011558532714844,53.394050050295526,52.97900540261492,53.345223459582996,32233100
2019-09-25,52.856937408447266,52.93832334535809,52.53955212289587,52.72673108536541,21342600
2019-09-26,53.05225372314453,53.182460040131765,52.962734163833005,53.14177328245606,25098000
2019-09-27,52.87321090698242,53.1417695661361,52.75927805925805,53.05225001308487,20607400
2019-09-30,53.06852340698242,53.092936701625085,52.85693117195512,52.87321084096658,25423400
2019-10-01,52.547691345214844,52.95459618952002,52.458171782757695,52.91390322153943,42550500
2019-10-02,51.47345733642578,51.90477543214903,51.35138465432733,51.86408557292864,43464100
2019-10-03,51.81525421142578,51.831530775477496,51.253726721608786,51.48159240945849,39571700
2019-10-04,52.22216033935547,52.246573633840875,51.82339537538672,51.85594850432542,18837500
2019-10-07,52.15705108642578,52.41747610298082,52.148917461314035,52.18147058838341,19228000
2019-10-08,51.66877746582031,51.92919631262924,51.62808449865092,51.888503345459846,27797800
2019-10-09,52.043128967285156,52.14892509352581,51.89664297847118,52.01871256619115,22989500
2019-10-10,52.40935134887695,52.43376464898496,51.98616988852308,52.01871992052111,25532400
2019-10-11,53.34522247314453,53.56494833616253,53.19873649484101,53.19873649484101,37665600
2019-10-14,53.12549591064453,53.23129514470349,53.060389644896745,53.09294277777064,12662000
2019-10-15,53.74399185180664,53.91489113903139,53.3126737161144,53.35336047466786,24932600
2019-10-16,53.82536315917969,53.94743583349736,53.68701702576093,53.72770377795073,28518700
2019-10-17,53.9555778503418,54.142750577510334,53.81722550245165,54.10206382367449,26853900
2019-10-18,53.93116760253906,54.02068716876455,53.719581544983775,53.882341006007145,21446100
2019-10-21,54.22414016723633,54.32179957019816,54.19158703291571,54.28924643587755,29016200
2019-10-22,54.09392166137695,54.45199984941873,54.08578182741034,54.26482092143123,21293000
2019-10-23,54.38689422607422,54.38689422607422,54.134609041176645,54.19971529591629,14206200
2019-10-24,54.484554290771484,54.59035352032394,54.37876127009401,54.58221368523337,23429100
2019-10-25,54.54151916503906,54.58221213045779,54.32179329485244,54.329933129711144,17184200
2019-10-28,54.78566360473633,54.80193706530119,54.614764328869185,54.62290416358896,16490600
2019-10-29,54.769386291503906,54.79379958507123,54.54965423164951,54.57406752521683,15251900
2019-10-30,54.997249603271484,54.997249603271484,54.46013233247226,54.72055113407595,22592900
2019-10-31,54.86703872680664,54.86703872680664,54.61475975150976,54.82635197436717,22047900
2019-11-01,55.3553352355957,55.3553352355957,55.18443593695046,55.21698907129367,32338600
2019-11-04,55.64016342163086,55.77036972628852,55.526230576727514,55.72968297246554,20429900
2019-11-05,55.53437805175781,55.623897624917575,55.428585014785334,55.575071024603496,15727300
2019-11-06,55.50995635986328,55.64830251242259,55.428576635350446,55.59133608437611,16600200
2019-11-07,55.68084716796875,55.859886259967695,55.656433875218724,55.81919329946828,21271500
2019-11-08,55.648292541503906,55.648292541503906,55.36346045230699,55.48553312164106,10298800
2019-11-11,55.57505798339844,55.591331443392434,55.355325915795405,55.355325915795405,8544000
2019-11-12,55.59947967529297,55.71341253908221,55.485546811503724,55.56692654151384,18570100
2019-11-13,55.40415954589844,55.43671267524997,55.19256730955075,55.208840769789234,21006500
2019-11-14,55.24953842163086,55.282091553744536,55.06236567307111,55.11933210205127,17870900
2019-11-15,55.59947967529297,55.59947967529297,55.37975378337811,55.37975378337811,23494600
2019-11-18,55.66457748413086,55.71340407294222,55.4448454167308,55.53436496880127,20587500
2019-11-19,55.59134292602539,55.8517618018413,55.518103027612675,55.82734850237039,18664800
2019-11-20,55.241397857666016,55.42043697749187,55.07863840811979,55.29023065962989,20655200
2019-11-21,55.168155670166016,55.257675226350266,55.02980952292662,55.2332619308227,14293400
2019-11-22,55.322776794433594,55.4285698023711,55.19256428416507,55.38787684069363,14969300
2019-11-25,55.762237548828125,55.762237548828125,55.56692496058558,55.56692496058558,19329100
2019-11-26,55.72969055175781,55.7785171465356,55.632031153327006,55.672724121558645,24276000
2019-11-27,55.87617111206055,55.900584407075705,55.77851172312528,55.80292501814044,16942100
2019-11-29,55.48554229736328,55.615748613011185,55.452989166232584,55.518095428493986,11587200
2019-12-02,55.20071792602539,55.45299696668223,54.956572512639184,55.420443830972346,38855400
2019-12-03,54.997249603271484,55.02980272958119,54.54151204380954,54.712417509154015,28161500
2019-12-04,55.50181579589844,55.509955630905324,55.290229756718624,55.339056349010136,21762200
2019-12-05,55.39601516723633,55.53436129897596,55.30649562108149,55.53436129897596,21039700
2019-12-06,55.90058898925781,55.916862450976986,55.78665613059822,55.843622559928015,23179600
2019-12-09,55.60761260986328,55.89244473398776,55.60761260986328,55.80292517942369,21946200
2019-12-10,55.63201904296875,55.74595187856539,55.45297995592434,55.55063933309598,23419000
2019-12-11,55.92499542236328,55.981961844701345,55.64016331067293,55.65643677039479,16546800
2019-12-12,56.29934310913086,56.35630952744624,55.82733209516113,55.859885221180484,30690900
2019-12-13,56.68997573852539,56.950394543897744,56.4783835188872,56.60858981713634,46988400
2019-12-16,57.29570007324219,57.369765039919095,57.205172039201194,57.2792370058781,34004700
2019-12-17,56.966495513916016,57.114631694159726,56.966495513916016,57.0323352115397,28111100
2019-12-18,56.892425537109375,56.95826523618279,56.793672267318534,56.900657069198374,18590900
2019-12-19,56.892425537109375,56.90888860128737,56.72783256824512,56.777209203140536,25939200
2019-12-20,56.93357467651367,57.048791005944935,56.91711789180308,57.02410268946952,38587700
2019-12-23,57.02410888671875,57.05702873853662,56.93358086392452,56.98295750224147,21313800
2019-12-24,56.966495513916016,57.0158721477242,56.917118880107836,57.0158721477242,5947000
2019-12-26,57.21338653564453,57.22984959991291,57.00764218402512,57.073481883459976,8372000
2019-12-27,57.31214904785156,57.48497355868862,57.270997663872414,57.47674202612886,16281600
2019-12-30,56.884212493896484,57.41914289693646,56.86774942618473,57.410917641901214,24069000
2019-12-31,57.147560119628906,57.18047997338133,56.76075968656304,56.94181574279133,20142100
2020-01-02,57.7236442565918,57.74010732356065,57.476748482621836,57.57550804797389,24749300
2020-01-03,57.007652282714844,57.36153288134161,56.94181885043718,56.94181885043718,29921500
2020-01-06,57.2298583984375,57.25454671981632,56.90889766287223,56.91712919627194,22636400
2020-01-07,57.073486328125,57.22985405675526,57.032341221888494,57.213390991204804,15107500
2020-01-08,57.23808670043945,57.39444815328464,56.99942247588423,57.007647729999285,14249500
2020-01-09,57.36975860595703,57.40267845817279,57.22985394315494,57.34507028650017,13749100
2020-01-10,57.15578079223633,57.42736485480806,57.0899473688289,57.32861158028713,33832300
2020-01-13,57.45205307006836,57.48497292112263,57.089947266110485,57.20516360539066,16443000
2020-01-14,57.50967025756836,57.608429826217275,57.33684572154817,57.34507725530739,28826600
2020-01-15,57.50967025756836,57.60019829245806,57.43560529019709,57.46029361265418,12217900
2020-01-16,57.74832534790039,57.77301366644224,57.534355734658,57.60018915782974,12883400
2020-01-17,57.921146392822266,57.954066241849304,57.78124174357173,57.90468960771834,18473700
2020-01-21,57.46027755737305,57.72363005469821,57.452046025913845,57.65779036066222,20026600
2020-01-22,57.57549285888672,57.74009209105028,57.53434775995985,57.72362902842457,14047000
2020-01-23,57.435604095458984,57.49321227293405,57.08172349702059,57.36153285080793,18720200
2020-01-24,57.188697814941406,57.674257746326575,57.08994454530457,57.674257746326575,24107500
2020-01-27,56.00361633300781,56.30811396208646,56.00361633300781,56.08591281981773,32766700
2020-01-28,56.53032302856445,56.57146813375726,56.176442474044116,56.258738963249385,18001700
2020-01-29,56.538551330566406,56.72783891688158,56.45625483692415,56.63731089022911,14916600
2020-01-30,56.489173889160156,56.51386220902077,55.94601201576703,56.08591668085709,26285300
2020-01-31,55.534515380859375,55.98714916454602,55.35345935585712,55.96246084819462,40101600
2020-02-03,55.66619873046875,55.95423960556621,55.63327887634045,55.69088705135994,35288000
2020-02-04,56.596160888671875,56.678463663147724,56.44802468496354,56.505639138624694,32540000
2020-02-05,57.139320373535156,57.18047175451579,56.95003281137109,57.139320373535156,28162100
2020-02-06,57.29570007324219,57.34507671769346,57.19694050551915,57.31215686178578,23422500
2020-02-07,56.75252914428711,56.99119337904406,56.73607235653362,56.95827352471687,22188200
2020-02-10,56.86774444580078,56.89243276638561,56.66200006916704,56.66200006916704,13957600
2020-02-11,57.254547119140625,57.3697634722589,57.13933076602234,57.26277865259774,16040600
2020-02-12,57.45205307006836,57.4932044535911,57.34506826325665,57.44382781641948,13218100
2020-02-13,57.048797607421875,57.20516533495247,56.86774156055903,56.93358126465821,20113100
2020-02-14,56.95003890991211,57.057030000391315,56.80190271286539,57.04056693470842,15005100
2020-02-18,56.58793258666992,56.703148930146824,56.47271624319301,56.53854966887995,29201900
2020-02-19,56.77721405029297,56.875973607334345,56.73606894397393,56.78544558308471,16232700
2020-02-20,56.43979263305664,56.67845683688797,56.118831943481254,56.55500896886219,24607700
2020-02-21,56.17644500732422,56.30811814022652,56.01184574267141,56.258741500240646,24361900
2020-02-24,53.92971420288086,54.34120295007674,53.905025882660304,53.91325741567382,51653500
2020-02-25,53.0408935546875,54.225983078810465,52.958597066361094,54.176606441578535,55520000
2020-02-26,53.10673522949219,53.84741620958116,53.06559012321047,53.49353564569531,64966000
2020-02-27,51.534854888916016,52.835157825463895,51.51016656626703,52.26730442866524,80201400
2020-02-28,51.22212219238281,51.31264708241867,49.93004459857706,50.41560146063346,122342000
2020-03-02,51.88050842285156,51.98749324999228,50.78594671288425,51.21389543967828,78735900
2020-03-03,51.46078872680664,52.89276800396257,51.06575985243913,52.3166861909748,77691700
2020-03-04,52.999755859375,53.05736403713915,51.92988252510312,52.36606276455912,41681700
2020-03-05,51.59245300292969,52.15207789613893,51.36202033139989,51.814657281651854,46294000
2020-03-06,50.81885528564453,51.1068961246171,50.33329848608385,50.6624907072608,64277200
2020-03-09,46.87678909301758,48.39929907385391,46.71219299516913,47.428185549898465,68431000
2020-03-10,48.60505294799805,48.86017396728088,47.06608274147811,48.720269297275465,110061600
2020-03-11,46.12788772583008,47.477570308271815,45.83161532687263,47.35412556831287,77459000
2020-03-12,41.05834197998047,42.761904946673596,40.498717096878316,42.630228688261894,91385100
2020-03-13,43.543739318847656,43.86470004094812,40.95959047593512,43.71656384006945,73588700
2020-03-16,39.05027770996094,40.38350020021957,37.66767544620769,38.34251665358611,54122400
2020-03-17,40.951358795166016,41.06657828164162,38.97621468959145,39.60167620483756,55045400
2020-03-18,38.60586929321289,39.60167118304461,37.634755720504565,38.416584869977825,74919600
2020-03-19,39.20664596557617,40.07900320944876,38.235532304849485,38.56472454690967,65863000
2020-03-20,38.72108840942383,40.64685576873658,38.67994016479006,40.21890711784376,62803000
2020-03-23,38.26845169067383,39.19841709466474,38.01332754921512,38.95975287904949,61708000
2020-03-24,41.51097869873047,41.81548259543965,40.67977291061774,41.17355809215268,51118500
2020-03-25,42.860660552978516,43.54373009959916,41.37929885783138,41.97184353589024,60405600
2020-03-26,44.778202056884766,44.85227015151871,43.107558870531065,43.107558870531065,60511800
2020-03-27,43.50259017944336,44.226811242282174,42.82774889568785,43.15693800468008,53372400
2020-03-30,44.3831787109375,44.41609856579389,43.37091671967979,43.65895760114778,45987700
2020-03-31,43.996376037597656,44.39140485764561,43.45321101760546,43.69187524411672,64906600
2020-04-01,42.045921325683594,43.01703504358383,42.01300147165747,42.572626432461334,40960200
2020-04-02,42.86888885498047,43.04171333924876,41.98007183975613,42.11174808578092,38008700
2020-04-03,41.88955307006836,42.3586499610404,41.634428932760315,42.18582231220086,33029800
2020-04-06,44.11158752441406,44.27618363281905,43.2803817291129,43.41205798795495,42257500
2020-04-07,44.358482360839844,45.66701653014667,44.27618273859469,45.60940522487027,36678000
2020-04-08,44.72059631347656,44.918112289684366,44.11159159796162,44.48193209122004,35282900
2020-04-09,45.732852935791016,45.897449040322,45.263756078493934,45.411892258630864,42218200
2020-04-13,45.29667663574219,45.6670170918768,44.95102449688002,45.592949000649874,33424700
2020-04-14,46.10319900512695,46.44061964780552,45.93037448704012,46.02089937312611,36915600
2020-04-15,44.662994384765625,45.016875001193114,44.53954648995218,44.81113060277762,30158700
2020-04-16,44.68767547607422,44.90165137386803,44.259726819896464,44.83581167011305,37284200
2020-04-17,45.87276077270508,45.93036893844136,45.362512534170044,45.75754130182294,36205100
2020-04-20,45.18968963623047,45.89745071393492,45.181461243438186,45.313137503982524,25077400
2020-04-21,44.30910110473633,44.868725959637764,44.169193321306224,44.52307383659418,35535300
2020-04-22,45.05801773071289,45.1567741508139,44.86050175110088,45.06624612430048,28732700
2020-04-23,44.91811752319336,45.79870327675683,44.811129559473315,45.1485502394424,34733400
2020-04-24,45.43658447265625,45.477732717465926,44.909879404508764,45.255531567611705,30445100
2020-04-27,46.037357330322266,46.144345277642074,45.66701999009414,45.74108808602173,30786900
2020-04-28,46.38300704956055,46.99200857121024,46.350087199901196,46.97555178579022,35115400
2020-04-29,47.54340744018555,47.70800355729533,47.247135057269894,47.35412300430273,34921800
2020-04-30,46.55583190917969,46.98378053981327,46.30070778147226,46.901484054441674,52183100
2020-05-01,45.54357147216797,45.930371872024814,45.35428703845775,45.86453217017268,32088300
2020-05-04,45.52711486816406,45.535346401201004,45.016869699223875,45.19792261370652,23432000
2020-05-05,45.60940933227539,46.0373579882608,45.535344374699136,45.864533475096465,23459100
2020-05-06,45.313140869140625,45.99621054037669,45.313140869140625,45.963290687943406,22596000
2020-05-07,45.9962043762207,46.218408641251905,45.7740001111895,45.97974445220993,30628700
2020-05-08,46.77803421020508,46.78626260263064,46.48999338416699,46.5640614736353,20445800
2020-05-11,46.73688888549805,46.86856514839016,46.42415658385062,46.49822467794054,30772300
2020-05-12,46.14434814453125,46.92617739691655,46.14434814453125,46.876797616760314,59246700
2020-05-13,45.79045867919922,46.43237999956257,45.5682544207482,46.42415160750561,31920300
2020-05-14,45.35429000854492,45.42012657529868,44.44901288525344,44.728825357629354,41217500
2020-05-15,45.39544677734375,45.576502863873955,45.09917432280725,45.29669033896844,34086000
2020-05-18,47.23067092895508,47.33765886646795,46.52290988594761,46.54760134193337,39999500
2020-05-19,46.58052444458008,47.099001139714105,46.57229605106175,46.885028374727824,31462400
2020-05-20,47.5516357421875,47.78207156146356,47.36235130666739,47.469339253495214,32827600
2020-05-21,47.000247955322266,47.526953080226065,46.860340140601465,47.395276799000115,27554400
2020-05-22,46.868560791015625,46.90148063853053,46.5640600500264,46.76980438788037,27513100
2020-05-26,48.210025787353516,48.481606742988326,48.17710593230379,48.300550679625005,46679700
2020-05-27,48.794334411621094,48.8354826567853,48.28408612547333,48.81079433756875,33723400
2020-05-28,49.25519561767578,49.80659210238606,49.23050730054578,49.42802325581459,40630200
2020-05-29,49.082374572753906,49.21405083906232,48.56389790067276,49.181130987632756,47437100
2020-06-01,50.17692947387695,50.19338939742231,49.44448014286039,49.48562838201907,30195300
2020-06-02,50.646034240722656,50.74479065805564,50.407370021042205,50.48143811889442,31663000
2020-06-03,51.855804443359375,52.003940626085644,51.27149124450001,51.287951169181774,29773100
2020-06-04,51.63360595703125,51.94633512379619,51.49369815976501,51.526618010817046,26190300
2020-06-05,52.52241897583008,52.93390768804398,52.42366256393346,52.654095238162135,31208000
2020-06-08,53.20549774169922,53.213729274940704,52.49773657461551,52.8104657707701,29644000
2020-06-09,52.51418685913086,52.69523974486785,52.21791450504004,52.29198259356275,30176500
2020-06-10,52.39897155761719,52.85161165647801,52.20145873212315,52.70347546765261,27492200
2020-06-11,49.59261703491211,51.17273528471686,49.48563223265658,51.008139175864954,54699700
2020-06-12,50.44852066040039,51.03283393817657,49.74075950054302,50.90938919550543,57668900
2020-06-15,50.65550994873047,50.780710211680216,49.35344249713287,49.51202673742426,30698700
2020-06-16,51.28150939941406,51.765613729097076,50.71394034308408,51.66545542032568,37029400
2020-06-17,51.47347640991211,51.765609296109915,51.32324055160819,51.68214139263556,26238300
2020-06-18,51.19804000854492,51.37331782892059,50.95598786575474,51.056146165401564,20035700
2020-06-19,50.94765090942383,51.79900455408566,50.872531376542625,51.78231097078146,32270800
2020-06-22,51.55694580078125,51.6237169415121,51.089535079765156,51.289854869907785,20743000
2020-06-23,51.84072494506836,52.25805487934329,51.78229900898784,52.15789658663023,20897800
2020-06-24,50.51362228393555,51.35662746132219,50.363383233078494,51.239775573761186,34030900
2020-06-25,51.2314338684082,51.28151143279193,50.3299995017969,50.56370647683058,26357100
2020-06-26,50.488582611083984,51.15630994532729,50.41346308698317,51.106229201268384,32279300
2020-06-29,50.8975715637207,50.99772988233376,50.446854353998674,50.73898729391875,23749700
2020-06-30,50.805747985839844,50.997719383651,50.455192350873794,50.53865706853956,32612900
2020-07-01,50.99772262573242,51.15631005694409,50.705592911355794,50.74732527284173,25243100
2020-07-02,51.55694580078125,51.96592739569217,51.481826277474646,51.70718484739446,20854100
2020-07-06,52.39995574951172,52.491768862396675,52.12451959483218,52.3331846026706,21537100
2020-07-07,51.63206481933594,52.14955309484747,51.61537123832266,51.92419452713075,17394200
2020-07-08,52.06608963012695,52.09112841026356,51.548598158153176,51.64041126395417,17363400
2020-07-09,51.47347640991211,51.99931305788819,51.1229207672447,51.99096785952823,26098200
2020-07-10,52.024356842041016,52.04939562197233,51.52355895558923,51.68214320177934,22008800
2020-07-13,51.69049072265625,52.608615389882196,51.61537120013958,52.316485682303494,20515500
2020-07-14,52.45003128051758,52.50845722218279,51.73222321551639,51.7906491571816,35121300
2020-07-15,53.04263687133789,53.40988927105788,52.900746214336905,53.24295665154651,28888600
2020-07-16,52.700435638427734,52.925794236531445,52.608622522462284,52.70878402204757,24677200
2020-07-17,53.00925064086914,53.0175990231774,52.692082160604116,52.82562762176174,19641800
2020-07-20,53.26799774169922,53.284691322772275,52.85901614932184,53.009252011029325,17996600
2020-07-21,53.37651062011719,53.68533394586489,53.34312345409706,53.543443266242434,21179700
2020-07-22,53.51839828491211,53.59351462379391,53.28469133381586,53.376504437749205,18023400
2020-07-23,53.092716217041016,53.60185926038107,52.95917076173664,53.39319428746956,16080700
2020-07-24,52.80058288574219,52.96751549941572,52.650347035808274,52.76719891018731,16017900
2020-07-27,53.493350982666016,53.5851640829012,53.25965040893309,53.30972796617054,16368200
2020-07-28,53.151145935058594,53.45997240939445,53.12610715540029,53.20957187691132,20470300
2020-07-29,53.71036148071289,53.80217457605364,53.28468634701228,53.39319302186723,20055900
2020-07-30,52.917442321777344,53.01760062467731,52.007662845167175,52.44168640303373,24664100
2020-07-31,51.790645599365234,52.600266712501075,51.46512875131365,52.59191833056525,36002300
2020-08-03,52.80058288574219,52.808931267611996,52.199629934082196,52.32482700635625,23609700
2020-08-04,53.092716217041016,53.092716217041016,52.53349243397126,52.558534395823514,16236800
2020-08-05,53.26799774169922,53.63525015735648,53.19287821885796,53.49335312624796,17901300
2020-08-06,53.3264274597168,53.40989537099278,52.91744583837786,53.05933651158415,17210500
2020-08-07,53.10941696166992,53.11776216076328,52.750512905126236,52.80893885070542,14988900
2020-08-10,53.28468322753906,53.29302842482024,52.975859984542744,53.151137783218395,10049000
2020-08-11,53.476661682128906,54.2278568958338,53.434926138275884,54.19446973434137,31465500
2020-08-12,54.6618766784668,54.887238424158404,54.469908461862694,54.545024798459984,28638500
2020-08-13,54.419830322265625,54.737005202821294,54.26124924993833,54.59511452886246,17783100
2020-08-14,54.085968017578125,54.20281990267692,53.93572896988679,54.03588408971425,10874100
2020-08-17,54.49495315551758,54.51999193710101,54.336365714888444,54.34471409806644,11429900
2020-08-18,54.461551666259766,54.77037808311241,54.30296426734234,54.69525539017036,23832500
2020-08-19,54.219512939453125,54.770391597122,54.186125775235276,54.7036172686863,15591900
2020-08-20,54.04423141479492,54.13604451814023,53.66028860441911,53.71036616335291,19825800
2020-08-21,53.768795013427734,53.77714339635165,53.401545764154854,53.42658772895143,15926400
2020-08-24,54.47825622558594,54.5867661027224,54.25290082406115,54.57841771956947,14627700
2020-08-25,54.511634826660156,54.78707411588143,54.21950514170556,54.77872573404001,18507500
2020-08-26,54.828819274902344,54.89558723749722,54.46991520815847,54.53668317075334,19549800
2020-08-27,54.269596099853516,54.8872491496706,54.06927946183368,54.86221036591201,24413900
2020-08-28,54.653533935546875,54.67857271407885,54.302971932249996,54.59510799632236,15197300
2020-08-31,54.236202239990234,54.686912975015325,54.211157094311446,54.51163516296122,24929800
2020-09-01,54.294639587402344,54.40314310301425,54.05258740523649,54.269594436460295,23945500
2020-09-02,55.02078628540039,55.06252183304609,54.47825600575886,54.68692100808633,20748400
2020-09-03,53.77714157104492,54.895582862774,53.55178618335105,54.84550530283095,43834300
2020-09-04,53.852256774902344,54.12769608467879,52.875706168913126,53.994153804997794,33992800
2020-09-08,53.19287109375,53.64358498645004,53.00089971308664,53.19287109375,26869600
2020-09-09,54.186126708984375,54.3864496977435,53.94407454019668,54.044236034576244,23374000
2020-09-10,53.55178451538086,54.56172227312689,53.55178451538086,54.47825118522148,30361000
2020-09-11,54.085968017578125,54.369749347689456,53.86060626206606,54.21116191736245,29958900
2020-09-14,54.37810516357422,54.628499365320806,54.336369612640944,54.54503463140527,14663300
2020-09-15,54.72865295410156,54.95400833988663,54.611801069924105,54.928969560127186,17678700
2020-09-16,54.72865295410156,55.10424738639337,54.628491467113705,54.887240383178145,18052600
2020-09-17,54.803775787353516,54.82046618458149,54.35305864679685,54.40313620643089,18149700
2020-09-18,54.361392974853516,54.670219407479614,54.177773159508774,54.645180631203026,27897500
2020-09-21,52.984214782714844,53.05098910896215,52.41664574551324,53.009253563070025,39928700
2020-09-22,52.96752166748047,53.042641193182476,52.49176573269278,52.98421524918926,15810800
2020-09-23,52.525146484375,53.31807400688701,52.46672054751383,53.28468684754498,18325800
2020-09-24,52.475067138671875,52.81727757107709,52.12451150819695,52.39160242207542,25234900
2020-09-25,52.65035629272461,52.667046691449144,51.86577382570722,52.024361269368356,24180700
2020-09-28,53.44327163696289,53.459968400783154,53.23460666485671,53.3264197620194,18102700
2020-09-29,53.384849548339844,53.61021130051403,53.18453294370172,53.443275490023886,16168300
2020-09-30,53.1261100769043,53.52674330936881,52.94248385871206,53.184536021969976,37083000
2020-10-01,53.43492126464844,53.4766568046949,53.11775281132314,53.418230869399466,33266700
2020-10-02,53.3264274597168,53.45997611775837,52.75051319980114,52.783900364311535,25285500
2020-10-05,54.136043548583984,54.15273394527966,53.74375236276165,53.76044912740723,14564100
2020-10-06,53.56013488769531,54.21116872006958,53.45163137161658,54.177787921238384,22901400
2020-10-07,54.01919174194336,54.09430807910176,53.827217155955374,53.93572702245072,17055500
2020-10-08,54.39479446411133,54.41149123132768,54.2028262167795,54.26125216613496,13385000
2020-10-09,54.82046127319336,54.85384843260825,54.603447920971334,54.67857062164222,22181600
2020-10-12,55.137630462646484,55.179366004452724,54.89557832965945,54.94566225341686,9676100
2020-10-13,54.51999282836914,54.68692228695461,54.41148931708366,54.68692228695461,16260500
2020-10-14,54.42817687988281,54.78708092829713,54.37809931850651,54.69526782047368,13144000
2020-10-15,53.78548812866211,53.83556568690595,53.35146139738238,53.368154978121986,20631800
2020-10-16,54.035884857177734,54.26958863069459,53.91903297041931,53.96076851624028,15792600
2020-10-19,53.83556365966797,54.39478426549923,53.76878933922402,54.328009945055285,14736400
2020-10-20,54.102657318115234,54.40313540740653,54.09430893564881,54.22785758331161,23268000
2020-10-21,53.84391403198242,54.28628277736321,53.827217267279416,54.01919185366444,21699100
2020-10-22,53.88564682006836,53.97745992823982,53.5017039895106,53.78549169693611,20533700
2020-10-23,54.236202239990234,54.236202239990234,53.90233701171831,54.211157094311446,19334200
2020-10-26,53.25965118408203,53.61855202408187,52.93413113742645,53.55178406944346,17745700
2020-10-27,52.84232711791992,53.19288279871159,52.767207588610944,53.1678440169337,19616900
2020-10-28,51.26481246948242,51.78230392961995,51.22308010888424,51.67379724488466,36132600
2020-10-29,51.50686264038086,51.67379526033751,51.031106743088074,51.298197661428766,30898400
2020-10-30,51.239776611328125,51.356628501255294,50.88922094154662,51.28150897430566,35889900
2020-11-02,51.907501220703125,51.9492367654446,51.55694556949494,51.81569130060696,24388600
2020-11-03,53.26799774169922,53.4599723320519,52.85901614932184,52.925787289639054,26474500
2020-11-04,53.852256774902344,54.31132229119642,53.28469094234558,53.50170112679596,26490200
2020-11-05,55.1459846496582,55.24614613976712,54.81211938391209,55.09590708857888,28528300
2020-11-06,55.26283264160156,55.49653640076329,55.17101954079519,55.35464574240793,21980100
2020-11-09,56.87373352050781,57.90871016714308,56.857043121927674,57.89201976856294,43606500
2020-11-10,57.38286590576172,57.691692349279975,57.215936479397456,57.36617551030506,37172600
2020-11-11,57.86697769165039,57.90870686969989,57.63327391713233,57.79185498244086,16643200
2020-11-12,57.023963928222656,57.566494135051926,56.89042165598987,57.382867938775895,24076600
2020-11-13,57.900367736816406,57.93375490168799,57.35783745156663,57.38287623323268,21594600
2020-11-16,58.50130844116211,58.543043982704745,58.18413997646665,58.484618045314804,20294600
2020-11-17,58.44289779663086,58.60983363853423,58.14242601710729,58.29265872289346,18574500
2020-11-18,58.134071350097656,58.71833081373661,58.134071350097656,58.534704591464205,15018000
2020-11-19,58.54305648803711,58.58479203849484,58.025564954935575,58.12572645526356,24048000
2020-11-20,58.71832275390625,58.793445456320036,58.46792860440955,58.52635454275375,18571900
2020-11-23,58.643211364746094,59.00211540711198,58.43454637192757,58.92699269836319,14340300
2020-11-24,59.51960754394531,59.57803349411745,59.11897427646524,59.18574861036224,23399300
2020-11-25,59.44448471069336,59.59472376159963,59.06054188458851,59.16904538937348,19214900
2020-11-27,59.853458404541016,59.90353595890599,59.56967710587357,59.578019119634774,11839100
2020-11-30,58.551395416259766,59.703223828243765,58.50131149020835,59.6447978878087,46146500
2020-12-01,59.9286003112793,59.97867788169424,59.51127024328418,59.54465104492649,29860500
2020-12-02,59.93692398071289,59.99534991762967,59.594716741043065,59.63644591429817,20864700
2020-12-03,60.037086486816406,60.32086779442849,59.936925006979976,60.14558998067697,16572700
2020-12-04,60.54624557495117,60.56293597537153,60.35427094638477,60.37930973099097,18956100
2020-12-07,60.05378723144531,60.279149007924815,59.911896553188285,60.112213179430604,19537700
2020-12-08,60.262447357177734,60.29583452017074,59.9118916976765,59.9118916976765,12428100
2020-12-09,60.345916748046875,60.629698073564946,59.96196756842237,60.629698073564946,18355000
2020-12-10,60.42938232421875,60.562924606366735,60.020400727205995,60.020400727205995,20871300
2020-12-11,60.245758056640625,60.25410643952844,59.88685400786849,60.06213184081065,21812000
2020-12-14,60.2828369140625,60.73792970980851,60.24070262153896,60.64522526457665,26176400
2020-12-15,60.8980598449707,60.940194139643346,60.43453759516897,60.52724204512931,24075700
2020-12-16,61.134037017822266,61.20145961003985,60.805359917976894,60.99076883168911,15642300
2020-12-17,61.563838958740234,61.75767084566542,61.50484580666239,61.66496640243291,18633100
2020-12-18,61.24357986450195,61.53854560060196,61.15087542890326,61.52169317129802,27367900
2020-12-21,60.459815979003906,60.60309057600778,59.55805982381821,59.74346871307028,31488000
2020-12-22,60.30811309814453,60.40081753464923,60.12270422513513,60.33339495723292,20355000
2020-12-23,60.9570426940918,61.04974712837673,60.771633825521924,60.82219754248799,13577300
2020-12-24,60.98233413696289,61.04975672336138,60.83906596319491,60.93177041204989,7252900
2020-12-28,61.479549407958984,61.64810584150289,61.395274406072275,61.622823983913925,11142200
2020-12-29,61.87565231323242,62.24647005717704,61.79137730681887,62.19590633928308,17541500
2020-12-30,61.95993423461914,62.36446331223039,61.91779994159543,62.20433628133425,15147100
2020-12-31,61.48798370361328,61.90093574638103,61.34471554608971,61.89251274636506,34218500
2021-01-04,61.80823516845703,62.718420749168665,61.56383955730931,62.69313888799969,26703400
2021-01-05,62.44874572753906,62.60044334589634,61.95994157619092,62.01051173549156,19748500
2021-01-06,63.16508102416992,63.47690563282413,62.54986766653437,62.61729024620627,25426900
2021-01-07,63.23249435424805,63.32519878029341,63.02180364592134,63.08079678706201,18783700
2021-01-08,63.822444915771484,63.822444915771484,63.16508437376778,63.69602917962572,25272200
2021-01-11,62.988101959228516,63.173510839572096,62.642572488400944,62.65942491853621,23190200
2021-01-12,63.27465057373047,63.316784867859035,62.76056460505122,62.937544071843334,20914000
2021-01-13,63.19036865234375,63.34206624013187,63.05552349441163,63.17350979271672,15580700
2021-01-14,63.69603729248047,63.83930547780016,63.37578319615145,63.384212627573866,22607500
2021-01-15,62.701568603515625,63.004963798466186,62.33918025564532,62.87854806227488,27355900
2021-01-19,63.15664291381836,63.22405904758986,62.89538208753916,63.18192476770387,20162300
2021-01-20,63.58646011352539,63.594889543110455,63.131373792265364,63.24936008737291,14419000
2021-01-21,63.637027740478516,63.687591456444295,63.24092815269169,63.62859831122736,20536300
2021-01-22,63.3336296081543,63.4431864641873,63.06394575272895,63.08922760952347,18854700
2021-01-25,63.25777053833008,63.266199966242944,62.4824303443553,62.85324801528653,21748100
2021-01-26,63.350486755371094,63.434761760887625,63.12294359749938,63.350486755371094,14175200
2021-01-27,61.90094757080078,62.55830819456389,61.67340436125479,62.18749037035479,31245200
2021-01-28,62.29703140258789,62.65099027390734,62.00206567648835,62.06105882170826,26658600
2021-01-29,61.007606506347656,61.740812552354456,60.678929486013416,61.55540368349498,42149500
2021-02-01,61.73238754272461,61.79981012345902,61.46270364955816,61.757669403057214,23243900
2021-02-02,62.35602951049805,62.406599660261655,61.917795601097076,62.069493190845705,20388500
2021-02-03,62.507720947265625,62.54143223386595,62.204325797633246,62.38130522995706,11345800
2021-02-04,62.57516098022461,62.57516098022461,62.21277258537046,62.27176574593871,10500300
2021-02-05,62.962825775146484,62.99653706822717,62.634148704824426,62.87855075733062,10955600
2021-02-08,63.40105056762695,63.56960056181894,63.232494143664844,63.4179029951381,16405600
2021-02-09,63.746578216552734,63.78871892881697,63.42633066456242,63.49374680250726,16337600
2021-02-10,63.52748107910156,63.991003362692624,63.26622657186238,63.9404396334908,15402800
2021-02-11,63.957279205322266,63.96570863508491,63.62860217206019,63.87300419700883,12314100
2021-02-12,64.31122589111328,64.34493717399408,63.771858224560134,63.78028765272278,11946800
2021-02-16,64.77476501464844,65.0360194884133,64.6567787084468,64.8843218904724,20225600
2021-02-17,64.39552307128906,64.49665051490835,64.05841658975831,64.30281862812382,19198800
2021-02-18,64.07527923583984,64.11741996391386,63.62018637768442,63.923581616454705,19191700
2021-02-19,64.26068115234375,64.54721749676544,64.16797670449634,64.3365267388889,14962300
2021-02-22,64.1005630493164,64.48823332624683,64.02471745220446,64.0668517517869,19515800
2021-02-23,64.15953826904297,64.36180599765173,63.460049937692645,64.02469954640789,25014500
2021-02-24,64.36180877685547,64.42922492619873,63.60332083624729,63.763447854200976,21877600
2021-02-25,63.26621627807617,64.62306518225114,63.156659406040326,64.47136758955544,36921800
2021-02-26,62.37288284301758,63.08923000843868,62.33074212691082,63.08923000843868,48798100
2021-03-01,63.54432678222656,63.594890500956836,63.08923402434122,63.12294531341839,24268100
2021-03-02,63.47690200805664,63.696022164592186,63.299922568852416,63.49375443712674,22204900
2021-03-03,63.08922576904297,63.55274789598793,62.996521343653974,63.283057618659875,20856100
2021-03-04,62.490867614746094,63.40947604967524,62.12847932624873,63.148221619515645,34648600
2021-03-05,62.89540481567383,62.99653869753155,61.99364859920104,62.878552383583475,29694200
2021-03-08,62.6762809753418,63.12294429631802,62.48244267371414,62.634140257231614,25080900
2021-03-09,63.51904296875,63.64545226168681,63.25778209388216,63.35891595800236,19060200
2021-03-10,63.78873062133789,63.87300563154407,63.48533544077874,63.79715362151872,19467400
2021-03-11,64.12582397460938,64.23538726324529,63.83928768383643,63.99098525829577,15485300
2021-03-12,64.28595733642578,64.31123919637446,63.75501898819019,63.780300848138864,16342500
2021-03-15,64.33651733398438,64.3702286218892,63.81400844588634,64.1932491827169,17320100
2021-03-16,64.44608306884766,64.53878750665564,64.33651977156316,64.48821735799703,16662600
2021-03-17,64.82533264160156,64.90118466002608,64.1426966246402,64.22697164417822,16305000
2021-03-18,64.23538970947266,64.94330746406169,64.22696028007877,64.50507358214048,23176300
2021-03-19,64.4123764038086,64.479798987013,63.85614973702939,64.22696751488219,31465200
2021-03-22,64.47135925292969,64.63148625500597,64.25223910742062,64.30280925162756,27978200
2021-03-23,63.57803726196289,64.12582802062344,63.49375582545739,64.03313001405496,22514200
2021-03-24,63.25777053833008,63.70443377116838,63.24934754018678,63.401045093770506,20717000
2021-03-25,63.729732513427734,63.7634438008419,63.06394905398193,63.20721720316415,25183000
2021-03-26,64.5556411743164,64.57250003411622,63.94042781681593,63.94885081694474,27419100
2021-03-29,64.30281829833984,64.41237517162264,63.98256424913098,64.16797313451058,18381600
2021-03-30,64.21853637695312,64.27752952824548,63.88985932978554,63.957281911197164,15377400
2021-03-31,63.9404296875,64.24382487506216,63.89828896653865,63.94885268787525,32191600
2021-04-01,64.77476501464844,64.83375816774927,64.22696777598567,64.2691084981026,26312600
2021-04-05,65.7186508178711,65.77764396102927,65.19613552863416,65.30569238599351,20340500
2021-04-06,65.01915740966797,65.12028484010864,64.85903040510958,64.93488240771057,18995900
2021-04-07,65.15400695800781,65.24671140450323,64.98545692607338,65.0360206496994,14349400
2021-04-08,65.52482604980469,65.62595992884374,65.33098772242276,65.44898046285417,15502500
2021-04-09,65.72708892822266,65.77765908382068,65.47426386931993,65.47426386931993,16330500
2021-04-12,65.36469268798828,65.51639027697635,65.26356524851029,65.45739712735717,13729500
2021-04-13,65.74394226074219,65.76079469134295,65.41526521097111,65.45739950235868,12712500
2021-04-14,65.79450988769531,66.03048250874058,65.735516732434,65.77765745609423,13079200
2021-04-15,66.3423080444336,66.36758990706328,66.14846971465306,66.20746287071292,20480100
2021-04-16,66.82268524169922,66.83953767416344,66.49400815558471,66.59513560991408,17058700
2021-04-19,66.70468139648438,66.93222453870372,66.52770196814258,66.8900902537292,15206800
2021-04-20,65.50796508789062,66.01362155769709,65.3562675039716,65.93776955085215,29570100
2021-04-21,66.18218231201172,66.2074641751395,65.3647011120964,65.38155997402953,15615600
2021-04-22,65.96304321289062,66.39285405221199,65.85348636080757,66.33386091189494,22677800
2021-04-23,66.63726806640625,66.77211322847455,66.18217528908256,66.19903414922672,18607900
2021-04-26,66.68783569335938,66.77211713947423,66.5782788150903,66.66255383143356,14052100
2021-04-27,66.46871948242188,66.51928320440642,66.27488116519554,66.35915617842689,13612200
2021-04-28,66.63726806640625,66.79739508891956,66.3591547419688,66.41814789293088,14288600
2021-04-29,66.66255950927734,66.8985321470456,66.24960739318291,66.86482085168268,16411000
2021-04-30,65.82821655273438,66.36758434285332,65.59224394827874,66.25802747071927,28951400
2021-05-03,66.55298614501953,66.62883171847973,66.21587970462066,66.36757728131163,21382200
2021-05-04,65.56697082519531,65.99677537068455,65.23829373522256,65.82822532497568,29144900
2021-05-05,66.46028900146484,66.60355716467029,66.13161195421883,66.28330954754554,17680000
2021-05-06,67.00808715820312,67.03336901914838,66.3338741940635,66.54456494163571,21533100
2021-05-07,67.7665786743164,67.8002835374893,67.05865438202352,67.12607696791268,23316000
2021-05-10,67.40418243408203,67.9856844875372,67.35361228569002,67.9856844875372,16927500
2021-05-11,66.519287109375,66.67098471400529,66.08947615796056,66.18218060688862,34624600
2021-05-12,65.45738983154297,66.35914583508237,65.32255111734428,66.06418011986301,32608200
2021-05-13,65.9461898803711,66.08945801492168,65.44896290877674,65.47424476431272,36208800
2021-05-14,67.05020904541016,67.11763161530506,66.54455263073872,66.58669334436557,18601700
2021-05-17,66.92381286621094,66.9322358667692,66.60355881139687,66.66255196416186,16699500
2021-05-18,67.06709289550781,67.48004503790406,67.06709289550781,67.45476317221465,16526900
2021-05-19,66.47714233398438,66.73840323311907,65.92092210408637,66.232740295321,30391700
2021-05-20,67.35362243652344,67.46318574974258,66.8816771788776,66.90695904199835,21650300
2021-05-21,67.4463119506836,67.59800952558403,67.21876880321818,67.57272766806237,26751600
2021-05-24,67.8592758178711,67.94355726403185,67.58116890676402,67.6317326306432,12267900
2021-05-25,67.8761215209961,68.1289465211526,67.76656466390531,68.06995337813905,14338900
2021-05-26,67.83399200439453,67.95197830989929,67.71600569888977,67.8002807128544,12732000
2021-05-27,67.96041107177734,68.08682681380714,67.75814974239272,67.94355864006684,16211200
2021-05-28,68.12052917480469,68.3902130552129,68.08681788603229,68.12895217466962,21449500
2021-06-01,68.36492919921875,68.70202921755455,68.2806477648641,68.68517678854604,27524200
2021-06-02,68.59249114990234,68.69362504097765,68.39865922922358,68.49135725882704,13561200
2021-06-03,68.25537109375,68.3396461047387,68.05310978142289,68.2300892334305,16987600
2021-06-04,68.83688354492188,68.88744726845844,68.60091092872248,68.7104678063089,13335200
2021-06-07,69.0644302368164,69.0981415308094,68.91273262873388,68.9970140786023,16738700
2021-06-08,69.03072357177734,69.19927360757342,68.91273083099402,69.13185102134631,13218700
2021-06-09,68.84530639648438,69.05599713078159,68.77788381836424,69.00542698230602,20203600
2021-06-10,69.03496551513672,69.15456523458371,68.83848305505775,68.91536579568972,16555200
2021-06-11,69.19727325439453,69.24852840817982,68.93244626957716,69.1203905237166,12864700
2021-06-14,69.3168716430664,69.33396103913392,69.0947551180531,69.13747209052697,17044400
2021-06-15,69.40229797363281,69.42792554963421,69.25707069782837,69.37667039763141,17729200
2021-06-16,68.97514343261719,69.53897608637646,68.74448876733899,69.4620868528212,21706700
2021-06-17,68.49674987792969,68.67614941283826,68.17212307919431,68.53092214901146,27756300
2021-06-18,67.0786361694336,67.42889709218669,67.00175344065065,67.25804223865022,36755100
2021-06-21,67.95855712890625,68.00126758316793,67.27512468377095,67.37764150584971,20228000
2021-06-22,67.96708679199219,68.1294034438528,67.61683243308048,67.76205969122206,14010200
2021-06-23,67.53141784667969,67.94147212611897,67.42890101797224,67.89021697061287,17074600
2021-06-24,68.1806640625,68.21483633498704,67.99271982266855,68.03543679270099,19833300
2021-06-25,68.32589721679688,68.38569706367137,68.19775282558166,68.33443539656861,12418800
2021-06-28,67.89021301269531,68.13795711269036,67.7962408879491,68.08669544247749,26952900
2021-06-29,67.90730285644531,68.06961954632811,67.82187542092115,68.02690256971826,9357500
2021-06-30,67.38618469238281,67.53995667807764,67.1042748166884,67.28367438038315,33578500
2021-07-01,67.54850006103516,67.59121703533326,67.23241139723672,67.39472807833526,28075400
2021-07-02,67.7791519165039,67.7962413125802,67.38618053678336,67.55704190907159,13712600
2021-07-06,67.33492279052734,67.83041097453703,67.09572339623155,67.81332157911895,21289800
2021-07-07,67.7022705078125,67.78769793677546,67.34347139555102,67.62538777705434,21686400
2021-07-08,66.83089447021484,66.9504941638618,66.42083372221497,66.61732265760322,24175500
2021-07-09,67.96708679199219,68.00980375859572,67.46306047807938,67.53140501756742,35200100
2021-07-12,68.25756072998047,68.29173300618471,67.92438918410808,67.9841890380417,11995800
2021-07-13,67.89876556396484,68.16359257286459,67.79624872937673,68.00982057983023,15689500
2021-07-14,68.05253601074219,68.19776330150384,67.96710205834547,68.18921860272506,14023600
2021-07-15,67.40328216552734,67.57413705112822,67.14699331942994,67.40328216552734,21637900
2021-07-16,66.90777587890625,67.40326403867097,66.78817618761053,67.36054706991064,23034100
2021-07-19,65.6947021484375,65.97661855376137,65.33590300585925,65.85701232187303,44844800
2021-07-20,66.17310333251953,66.30124775014592,65.45550502212507,65.54093246131072,30309900
2021-07-21,67.18115997314453,67.22387694981492,66.60878898485642,66.64296126265363,22928600
2021-07-22,67.20677947998047,67.4630682738293,67.044469327058,67.42889600013648,15874000
2021-07-23,67.67664337158203,67.80478777470843,67.51432669310891,67.65101579449576,16550600
2021-07-26,67.77061462402344,67.79624220077869,67.54849809598625,67.54849809598625,14870900
2021-07-27,67.49723815917969,67.54849330905792,67.17260482943213,67.46306588669603,20952500
2021-07-28,67.78768920898438,67.91583359477752,67.3947178721945,67.50577286377832,19700600
2021-07-29,68.25756072998047,68.44550499025623,68.24047133303071,68.35153286011835,23670000
2021-07-30,67.90730285644531,68.20630213962768,67.77062026314574,67.99273029196948,23997100
2021-08-02,68.2490005493164,68.58217201960932,68.12085617204364,68.46257233887307,25364000
2021-08-03,68.73596954345703,68.75305894288854,68.25757064251374,68.53948707386797,19028100
2021-08-04,68.53093719482422,68.89828104248488,68.50530961530998,68.778681326288,12852000
2021-08-05,68.86410522460938,68.94953265783148,68.78721597232271,68.88118810417565,11868900
2021-08-06,68.6078109741211,68.7872105249893,68.49675597149646,68.71032779648644,10892500
2021-08-09,68.5736312866211,68.6676034008731,68.49674856642989,68.62489295110937,7897000
2021-08-10,68.72740936279297,68.72740936279297,68.53092693746187,68.57363739102767,10438200
2021-08-11,69.19727325439453,69.23999022767896,68.99224612155834,69.13747340241335,14996100
2021-08-12,69.13746643066406,69.16309400497245,68.91534992383409,69.05203901040466,12443200
2021-08-13,69.55606842041016,69.58169599584896,69.29978614832741,69.3595859969162,14590400
2021-08-16,69.19727325439453,69.20581795259042,68.79575716922301,69.01787369845098,19192300
2021-08-17,68.54801177978516,68.70178375595722,68.24901252547694,68.54801177978516,23555000
2021-08-18,68.28318786621094,68.79575897057009,68.27464316779131,68.53093197881849,16384700
2021-08-19,67.60829162597656,67.78769116418368,67.36054754434927,67.39471981605935,30515300
2021-08-20,67.87312316894531,67.89021256480181,67.33492451797254,67.41181376393712,15774200
2021-08-23,68.50530242919922,68.58218515967702,68.21484135055022,68.24046892737614,22524800
2021-08-24,68.65052032470703,68.7615753150025,68.41132095010502,68.47966549076106,13722900
2021-08-25,68.67615509033203,68.74449963814564,68.471127964586,68.58218296651201,12891400
2021-08-26,68.3173599243164,68.54801463934909,68.21484309669344,68.45404251011851,16927900
2021-08-27,68.94098663330078,69.0007864871757,68.30881581838085,68.33444339608506,24935800
2021-08-30,68.92390441894531,69.02642124844637,68.82138758944426,68.9153597203964,8142000
2021-08-31,68.88973236083984,69.05204904530727,68.7615879529811,69.04350434673127,18738400
2021-09-01,69.51336669921875,69.7013044486095,69.37667758944858,69.41939456567563,30472100
2021-09-02,69.79527282714844,69.94904480851916,69.71839009531064,69.80381752547324,13827400
2021-09-03,70.11136627197266,70.20533840687186,69.78673940812718,69.88071154302637,16303200
2021-09-07,70.16260528564453,70.29929436593511,70.11989483632428,70.22240512884814,13967800
2021-09-08,69.60733032226562,69.98321229278565,69.49626880473235,69.86361259520727,22764200
2021-09-09,69.48772430419922,69.84652991564734,69.42792445524032,69.5816964265196,18963300
2021-09-10,69.3339614868164,70.03447682312469,69.31687209063855,69.98321515228606,26709900
2021-09-13,69.88070678710938,70.01738937185416,69.64150085783947,70.00884467352789,22335000
2021-09-14,69.59024047851562,70.09427335880176,69.52189593242689,70.085728661117,19177500
2021-09-15,69.79527282714844,69.80381752547324,69.38521855528992,69.52190114001105,26233800
2021-09-16,69.68421173095703,69.70129460841886,69.3083232498512,69.49626749040411,25765500
2021-09-17,68.77013397216797,69.37667722880525,68.53947924774918,69.25707751722581,37070600
2021-09-20,67.49723815917969,67.65954830635893,66.91632256234644,67.26657694933857,45028000
2021-09-21,68.16357421875,68.52237326665265,68.06960210843827,68.41131828069055,37472300
2021-09-22,68.50530242919922,69.02641821697668,68.44550257737369,68.49675773102557,28718400
2021-09-23,69.24853515625,69.38522426992411,69.00079102598743,69.04350800343451,31257800
2021-09-24,68.5992660522461,68.77012088836932,68.4882045428412,68.53092151071911,20066300
2021-09-27,68.55656433105469,68.6249088877812,68.31736490020755,68.40279233726787,15526500
2021-09-28,67.06155395507812,67.55704216001212,66.83943742912582,67.52286988542754,48064900
2021-09-29,66.90777587890625,67.28366434737526,66.83943133596746,67.24094737861493,31733200
2021-09-30,66.64295959472656,67.0786414609217,66.48064290867617,66.97613114779126,39506300
2021-10-01,66.80525970458984,66.95903166882832,66.20726124238159,66.6771218324698,44524800
2021-10-04,66.104736328125,66.6856518421108,65.86553697254736,66.60022443193216,32751400
2021-10-05,66.55752563476562,66.79672503220857,66.1730924451368,66.24998169014047,25903300
2021-10-06,66.11329650878906,66.1474687844027,65.29318144714718,65.48112570417462,36917200
2021-10-07,66.62586975097656,66.89924144698496,66.46355958370914,66.47209776461587,19908700
2021-10-08,66.61731719970703,66.84797187064468,66.49771099816483,66.79671672547943,23628700
2021-10-11,66.40375518798828,66.98467081699323,66.39521048997051,66.77109899041339,23542500
2021-10-12,66.43793487548828,66.66859614646908,66.31833514894129,66.52336883819007,18697400
2021-10-13,67.0957260131836,67.18115344052194,66.63441008432258,66.78818206060959,23073600
2021-10-14,67.7620620727539,67.83040661464396,67.58266253856321,67.7364344989687,19304400
2021-10-15,68.32589721679688,68.34298009403481,68.06106373690024,68.13795297870716,24447200
2021-10-18,68.03543853759766,68.06961081096111,67.69372232165784,67.81332201958257,19044700
2021-10-19,68.44551086425781,68.55656588318095,68.25756658785265,68.30027704850194,14649000
2021-10-20,68.68470001220703,68.77012743840521,68.4455006117742,68.51383864211583,11235500
2021-10-21,68.36006164550781,68.47112315733118,68.20628968257068,68.24046195407831,16278800
2021-10-22,68.77013397216797,68.90682308122759,68.47113469321937,68.65907895932862,22173500
2021-10-25,68.6334457397461,68.74450727169946,68.394246313532,68.59073528089102,13658000
2021-10-26,68.77013397216797,69.05205037133183,68.67616183911335,69.05205037133183,10552900
2021-10-27,68.49674987792969,68.88117652163459,68.47966700123594,68.77866622608356,18449000
2021-10-28,69.16310119628906,69.21435635023515,68.81284678149903,68.82992966024938,15260200
2021-10-29,68.76158905029297,68.81285072487171,68.50530674818101,68.57364478479361,25406900
2021-11-01,69.42793273925781,69.45356683560856,69.0178784453826,69.1545610374425,20337400
2021-11-02,69.28270721435547,69.37667935028368,69.18019689712153,69.22290735673712,10184500
2021-11-03,69.84652709960938,69.87215467417356,69.14601181817898,69.25706681385527,14911000
2021-11-04,69.80381774902344,69.80381774902344,69.49627378529706,69.65004576716025,14083300
2021-11-05,69.90634155273438,69.90634155273438,69.60734225752039,69.79528001615789,15593600
2021-11-08,69.89779663085938,70.05156862757897,69.82091389134747,69.94051360905208,9065900
2021-11-09,69.74401092529297,69.98321031368525,69.53043911170064,69.94049986158349,16011200
2021-11-10,68.89826965332031,69.5731573789815,68.80429753217162,69.45355768255493,21546800
2021-11-11,69.1460189819336,69.33396323846854,69.1033020081047,69.24852929081075,9264600
2021-11-12,69.52189636230469,69.57315803103553,69.2826969672097,69.37666908923912,14817900
2021-11-15,69.39376831054688,69.70985047695186,69.3510513335051,69.6927675967525,14064500
2021-11-16,69.23998260498047,69.4620925920611,69.21434851321487,69.38520986984726,12167900
2021-11-17,69.154541015625,69.22288555071539,69.02640315944751,69.0947411768443,10415400
2021-11-18,69.222900390625,69.2656173636375,68.89827355589297,69.1460176604365,13236800
2021-11-19,68.6334457397461,68.91536214251082,68.59073528089102,68.84701758710806,20761900
2021-11-22,68.23194122314453,68.74451239144788,68.21485182417334,68.53948522766575,17802300
2021-11-23,68.16357421875,68.3344290460292,67.80477517084735,68.08668498408865,26736800
2021-11-24,67.71080780029297,67.71934597986889,67.16406449349483,67.1982367648815,20238700
2021-11-26,65.89116668701172,66.48062691649629,65.66051202025774,66.40374420014291,37776000
2021-11-29,66.22434997558594,66.47209407974981,65.9253507180416,66.41229422824095,31913600
2021-11-30,65.64341735839844,66.2841326806937,65.07104656806105,66.07910560251334,52770800
2021-12-01,65.2675552368164,66.84798554030043,65.25901053831025,66.54044157103166,43883900
2021-12-02,66.07913208007812,66.28415924041181,65.60927789940945,65.67761594105673,42264500
2021-12-03,65.80574798583984,66.37811889789079,65.41277662005734,66.2926914736241,46147500
2021-12-06,66.43793487548828,66.5660793018447,66.01933583257382,66.24999710355463,30884300
2021-12-07,67.83895874023438,67.85604161873034,67.29220886293858,67.29220886293858,28244900
2021-12-08,67.96708679199219,68.06960360122426,67.72788742147804,67.89020407333865,21619400
2021-12-09,67.40328216552734,67.59976463219873,67.3520204856902,67.52288188898717,32026500
2021-12-10,67.54850006103516,67.60829991443538,67.3007559490356,67.52287248353437,23412200
2021-12-13,66.9157485961914,67.35032289449569,66.83752840541386,67.26340936105035,27594700
2021-12-14,66.55940246582031,66.88967655202302,66.26388848883668,66.63762265817977,30040400
2021-12-15,67.46331787109375,67.48069792571637,66.4290288974889,66.74192292931764,31109400
2021-12-16,67.47201538085938,67.8631362987778,67.3068816267451,67.79360280700402,44621100
2021-12-17,66.62025451660156,67.14174245215005,66.57679442568966,66.97660206397947,44476200
2021-12-20,66.47248840332031,66.5159418550383,66.05529415414628,66.22912122317351,26303400
2021-12-21,67.21126556396484,67.24603230510864,66.74192450514028,66.79407130131706,22744100
2021-12-22,67.83705139160156,67.88050484328117,67.08088971673804,67.1156564567283,21609700
2021-12-23,68.23686981201172,68.3933168513213,67.89790233202073,67.90658904509223,28320000
2021-12-27,68.76705169677734,68.76705169677734,68.26294382878203,68.27163717301056,15219700
2021-12-28,68.79312133789062,69.0017151704218,68.7583545939557,68.8365747945005,15631300
2021-12-29,68.76705169677734,68.8539652458265,68.60191131182884,68.70621154933507,15046900
2021-12-30,68.5867691040039,68.91772508978592,68.53451464434583,68.83063210876628,20617500
2021-12-31,68.52579498291016,68.87417350920543,68.48224517533535,68.57804943618575,23252200
2022-01-03,68.9699935913086,68.9961208239398,68.6129036926308,68.92644377374376,24096900
2022-01-04,69.36190032958984,69.570924790083,69.17900309606236,69.39673884713334,24314300
2022-01-05,68.75224304199219,69.71027901994556,68.75224304199219,69.62318604827121,24704100
2022-01-06,68.40385437011719,68.73481027132483,68.22095716328401,68.52578584133931,32472900
2022-01-07,68.60417938232422,68.70869493778616,68.10774212222395,68.36902768849481,22833900
2022-01-10,67.96839141845703,68.01193458089237,67.37614992224171,67.83774864161572,45587600
2022-01-11,68.70870208740234,68.73482931779455,67.82034303022385,68.01194493468961,30847000
2022-01-12,69.37931823730469,69.43157268771613,69.06577824530133,69.13544863092747,30780700
2022-01-13,68.87416076660156,69.623172133891,68.78706781233299,69.57962233437347,24991200
2022-01-14,68.80449676513672,68.94385083414956,68.37773655712843,68.61288824262793,26136500
2022-01-18,67.79419708251953,68.15999817717595,67.63743372808212,67.99451688780204,37504600
2022-01-19,67.73323059082031,68.26450632420003,67.68097613991982,68.13387019694879,34437700
2022-01-20,67.40228271484375,68.3254802298309,67.31518973801315,67.97710832250849,38225400
2022-01-21,66.48778533935547,67.27163536723435,66.37456514162709,67.19325368683033,60761300
2022-01-24,65.82586669921875,65.85199392334279,64.05785365597656,65.24233654455827,85455900
2022-01-25,65.42523956298828,65.86941570204024,64.53687399534904,65.04202252245625,54516800
2022-01-26,65.17266845703125,66.33972892644232,64.85041714417382,66.22650872478494,55217000
2022-01-27,64.86783599853516,65.59071362106971,64.61526173725726,65.2945961977031,46252100
2022-01-28,65.0855712890625,65.09427593455894,64.04043573471317,64.432364059382,44588300
2022-01-31,66.03489685058594,66.06973536735471,65.05073366974653,65.0681496057471,38299200
2022-02-01,66.66197967529297,66.67069096604459,65.97393389080875,66.44424391987775,53240700
2022-02-02,67.15840148925781,67.24549444244391,66.82744560924407,67.20195128823406,35225900
2022-02-03,66.09585571289062,66.75777417305376,66.07843977870313,66.53132716001457,46207200
2022-02-04,66.25263977050781,66.5574685192813,65.77361841902923,65.97393825094801,32188300
2022-02-07,66.36585235595703,66.70551958625761,66.2439208704526,66.30488661320481,17045500
2022-02-08,66.70552062988281,66.80132489067341,66.19166745361301,66.3571487485727,27066900
2022-02-09,67.7854995727539,67.80291551015779,67.51550270723223,67.63744084813219,26858900
2022-02-10,66.92324829101562,67.84645227027615,66.783900884284,66.81873939715864,27349500
2022-02-11,65.9129638671875,67.15841257312087,65.72135535169505,66.89712702567346,51519400
2022-02-14,65.4862060546875,65.71264644961917,65.0333119752887,65.64297605989974,45356000
2022-02-15,66.6881103515625,66.72294887160277,66.19167306933323,66.26135010941375,30223600
2022-02-16,66.94068908691406,67.08003653156737,66.39199731054447,66.42682918813126,22557600
2022-02-17,65.86070251464844,66.47907115772865,65.83456864682803,66.44423264540158,34691300
2022-02-18,65.58201599121094,66.06974198529211,65.39040745217382,65.89555602876835,34752000
2022-02-22,64.8155746459961,65.36427297324646,64.38881444850948,64.98976722796748,32967600
2022-02-23,64.28430938720703,65.47750385050028,64.15367323537488,65.46879255878859,39771800
2022-02-24,63.422061920166016,63.45690043365229,61.81953016839958,61.932750353654704,72044600
2022-02-25,65.00718688964844,65.04202540803946,63.92721939859818,63.97947385380076,47641800
2022-02-28,63.77043533325195,64.58912372308289,63.47431131457772,63.674631089983805,50821600
2022-03-01,62.3769416809082,63.683356215021405,62.037274433620205,63.50045897761771,49003900
2022-03-02,63.1607780456543,63.33497061764797,62.59467045978467,62.82111083622565,43906000
2022-03-03,61.91533279418945,62.9430457686697,61.732435567133756,62.89950260685695,44389700
2022-03-04,60.12120056152344,60.338936334465224,59.59863603541684,60.19087760360924,54455500
2022-03-07,58.21383285522461,59.833787531676926,57.9525539154936,59.737983260345025,55499400
2022-03-08,58.71897506713867,59.86861955355332,57.961258914927384,58.77994081093461,56682500
2022-03-09,61.17503356933594,61.58437783654261,60.22570890263764,60.56537613611388,55565000
2022-03-10,60.443443298339844,60.8440762661827,60.08635349202942,60.31280052420755,33804200
2022-03-11,59.79023742675781,61.018263583975404,59.70314445695271,60.931170614170306,32380700
2022-03-14,60.33893966674805,61.11407852964721,60.21700815874832,60.696029543582114,32048200
2022-03-15,60.91375732421875,61.05310475300665,60.36505896555249,60.661183049474715,36961200
2022-03-16,63.09980773925781,63.14335754029573,61.64533475341845,62.18532172036183,44821400
2022-03-17,63.6310920715332,63.761734847649045,62.7775716711426,62.82982612368189,35025600
2022-03-18,64.24946594238281,64.30172704388012,62.986601176461726,63.099821380964286,36684100
2022-03-21,63.84883117675781,64.20592100728128,63.517875218646864,64.06656693348637,29985700
2022-03-22,64.44978332519531,64.571714816121,64.18849776191574,64.2407588614324,21840800
2022-03-23,63.613670349121094,64.03171922094367,63.60495905956775,63.73560182379993,22375800
2022-03-24,64.20592498779297,64.20592498779297,63.718198988809675,63.82270790586702,22098200
2022-03-25,64.24076080322266,64.32785377869243,63.796577990128334,64.1536678277529,18372100
2022-03-28,64.03173065185547,64.07528046262969,63.54400466607153,63.83141746973772,24829900
2022-03-29,65.45136260986328,65.65167576297338,64.8765370857722,65.47748983463701,25591200
2022-03-30,65.18136596679688,65.44265150480646,64.93750300853046,65.21620448151597,22487000
2022-03-31,64.10140228271484,64.9549293305897,64.03172524926227,64.71106635827336,31677200
2022-04-01,64.70235443115234,64.71977036696028,64.22333313683961,64.5020346231395,23182800
2022-04-04,64.96363830566406,64.98977217852618,64.4933349104352,64.56300530376326,20875700
2022-04-05,64.08397674560547,64.78072704144036,63.918495477140105,64.54557539472816,27759400
2022-04-06,63.31753921508789,63.65720637718565,62.96045612060119,63.28270735031,30692700
2022-04-07,63.4569091796875,63.665933644647204,62.916922113376344,63.378520852347656,27838500
2022-04-08,63.4830322265625,63.744317774131225,63.13465371139336,63.221746678993775,21937200
2022-04-11,62.812400817871094,63.36109242198675,62.76885101740638,63.21303373203331,22149900
2022-04-12,62.342098236083984,63.06498248257882,62.185328238588326,62.90821248508316,28916200
2022-04-13,63.012718200683594,63.04755671445074,62.333383794141874,62.333383794141874,20164900
2022-04-14,62.72531509399414,63.24788623611541,62.69048321963628,63.134659387764025,19861900
2022-04-18,62.35952377319336,62.82112254668038,62.24630356386755,62.44661675304155,18508900
2022-04-19,62.655635833740234,62.734017507105314,61.99371735355523,61.99371735355523,24863500
2022-04-20,63.07369613647461,63.28272725950226,62.882087596083444,63.143373177483824,30249800
2022-04-21,62.39435958862305,63.770451202768896,62.28113938420654,63.65722435358425,32960800
2022-04-22,61.3753547668457,62.307263518550954,61.314389022146024,62.298552227945905,34878400
2022-04-25,61.0792236328125,61.131484725637314,60.23441459522131,60.713429206874,37193600
2022-04-26,59.3721809387207,60.6263409475194,59.33734242239101,60.59150243118971,41284200
2022-04-27,59.64217758178711,60.05151519657989,59.28508777416469,59.59862777532717,43593100
2022-04-28,60.48699188232422,60.63505725015705,59.4854126953127,60.0166884849149,32154000
2022-04-29,59.78152084350586,61.07051927470817,59.72055510556321,60.70471820228518,54305300
2022-05-02,59.63347244262695,59.86862414537052,58.92801068962803,59.563795403011,45813900
2022-05-03,60.0776481628418,60.30408854767531,59.83377855301215,60.0340983570375,39643500
2022-05-04,61.13148498535156,61.23599388191111,59.39830381004558,60.09506079602223,47419100
2022-05-05,59.16315841674805,60.28667568717678,58.718975625004646,60.251837169709866,38827000
2022-05-06,58.58833312988281,58.95413424267585,58.2225386618576,58.73639849102734,48268900
2022-05-09,56.8203239440918,57.61288532613438,56.70710373727212,57.51708105699147,50145000
2022-05-10,57.24708557128906,57.86545429589762,56.820318722590805,57.83061577897729,57682400
2022-05-11,56.907413482666016,58.15286226148368,56.837743091401386,57.40385738082176,49751100
2022-05-12,56.76806640625,57.30805347168779,56.28904508652551,56.55033065087849,39410900
2022-05-13,58.3444709777832,58.37059820518833,57.586754803963,57.60417074064378,34682200
2022-05-16,58.396724700927734,58.6580035867432,57.891576219010595,58.08318472213551,21254300
2022-05-17,59.48542022705078,59.52896339799991,59.03252606475097,59.3634887167629,31487000
2022-05-18,58.065773010253906,59.058647580662814,57.97868003201543,58.971554602424334,23553000
2022-05-19,58.62317657470703,58.962843844245796,57.97868055619353,57.996096494091354,35999600
2022-05-20,59.023799896240234,59.35476246483606,58.27479508386694,59.29379672505797,36357000
2022-05-23,60.02538299560547,60.15602575938986,59.546368388085334,59.65087728329926,23838500
2022-05-24,59.92958450317383,60.12990431285886,59.52024023821091,59.83378024351154,19504600
2022-05-25,59.94700622558594,60.21699641998619,59.52023938601244,59.52023938601244,18826400
2022-05-26,60.60892105102539,60.756986413175525,60.02539082738853,60.034102118048615,20930500
2022-05-27,61.340511322021484,61.35792725706483,60.96600559330052,61.00084410815448,13697600
2022-05-31,60.9747200012207,61.37535297537716,60.82665464432806,61.131490003696506,25025200
2022-06-01,60.330223083496094,61.366647455362006,60.14732583753768,61.33180893545065,28336400
2022-06-02,61.58437728881836,61.60179986947984,60.600214114007876,60.81794985890319,21642000
2022-06-03,60.7047233581543,60.9660089113959,60.53053741917165,60.80052761802504,21327200
2022-06-06,60.94858932495117,61.49728098017406,60.817946556155086,61.41018801589908,15192300
2022-06-07,61.13148498535156,61.15761220949145,60.33021245804829,60.33892374768394,19039600
2022-06-08,60.27796173095703,60.72214450305742,60.20828469910452,60.460858955994254,21219400
2022-06-09,59.012088775634766,60.09814729650064,58.985383531969376,59.95571027459055,25675700
2022-06-10,57.58774948120117,57.97943768727458,57.40970321319447,57.9171231914149,34102000
2022-06-13,55.68269348144531,56.41266617878665,55.58476973494351,56.10999432409254,54218000
2022-06-14,55.157474517822266,55.84293741736022,54.67675974735894,55.664894532460586,38601700
2022-06-15,56.19011688232422,56.50169276715603,55.06845252623186,55.762816013532586,37790700
2022-06-16,54.95272445678711,55.35332008475623,54.60554271117569,54.82809546050459,38025300
2022-06-17,54.730167388916016,55.19307747849998,54.40969091182826,54.90821025350757,43097500
2022-06-21,55.55806350708008,55.878539982346865,55.5313582661029,55.70049711876696,31891400
2022-06-22,55.184181213378906,55.700501825920306,54.854800699360894,54.934919824948324,30368200
2022-06-23,55.12186050415039,55.193079010317675,54.54322542302501,55.05954600919666,26482500
2022-06-24,56.76875305175781,56.78655767837782,55.85183685408202,55.89634672268938,31235000
2022-06-27,56.52839279174805,56.920084369676154,56.46607829971141,56.670826401529645,20987600
2022-06-28,56.14561080932617,57.1693548780522,56.127806180769944,56.99130859248996,19187400
2022-06-29,55.93196105957031,56.34145732139353,55.896351803093786,56.172315051072836,18226800
2022-06-30,55.62929153442383,55.71831128351109,54.72127583101357,54.934924587177306,37316200
2022-07-01,55.7628173828125,55.77172139464986,54.74797737002686,54.934920867985156,26046600
2022-07-05,54.56992721557617,54.587731840992575,53.77764006191403,54.000192785791484,30911300
2022-07-06,54.61444854736328,54.73908095144443,54.17824701867951,54.48091892253358,18030000
2022-07-07,55.44233703613281,55.45124104735375,55.059546054879284,55.06845006610022,17215100
2022-07-08,55.50465774536133,55.691604647193216,55.05955221926898,55.29990961086513,13135200
2022-07-11,54.60554504394531,54.97053143260166,54.561035171355144,54.81029317456857,15757900
2022-07-12,54.59664535522461,55.041750880458586,54.47201295561514,54.51652622484706,16350500
2022-07-13,54.56992721557617,54.792479939453635,53.86665979311098,53.92897768001093,17907500
2022-07-14,53.80434799194336,53.84886125565226,53.00316018346167,53.40375578564513,25329100
2022-07-15,54.65895462036133,54.694560478095646,53.95568714285722,54.19604451096186,28570100
2022-07-18,54.88151168823242,55.566971197079475,54.79248854716517,55.42453756725747,23785600
2022-07-19,56.3770637512207,56.394864982680836,55.86964036158558,55.92305424362229,25474500
2022-07-20,56.00316619873047,56.36815252287237,55.718298989443376,56.19901367857222,18738200
2022-07-21,56.58181381225586,56.644128312159616,55.80732777764823,55.87854628947284,19165500
2022-07-22,56.43937683105469,57.14264431205193,56.21682408865445,56.82216781965393,18771500
2022-07-25,56.875579833984375,56.94679834349266,56.57290796034506,56.86667921823856,17451300
2022-07-26,56.08329391479492,56.51059479425852,56.08329391479492,56.4571809108685,11610000
2022-07-27,57.40970230102539,57.472016795894966,56.466080866780175,56.653024351388915,20945500
2022-07-28,57.70347595214844,57.81030371571199,56.9824072254643,57.320684955759276,19385400
2022-07-29,58.504661560058594,58.54027081114733,57.65005990923961,57.8102981432538,23958000
2022-08-01,58.58477783203125,58.82513858119766,58.299910612413086,58.48685408855905,19450500
2022-08-02,57.65007019042969,58.27321521618737,57.632262165824386,58.11297695359662,17857700
2022-08-03,57.988338470458984,58.095166225316,57.55213702372417,57.908222748143935,16011100
2022-08-04,58.2821159362793,58.38893691079148,58.023953928256496,58.09517243911196,15153600
2022-08-05,57.872615814208984,57.97053956214033,57.4809208224836,57.56104333977768,15130400
2022-08-08,58.00614929199219,58.54027450851783,57.89932153197881,58.33552299976818,12069100
2022-08-09,57.69457244873047,58.077363448491134,57.59664869587744,57.979439695638106,10867800
2022-08-10,58.99428176879883,59.1901292814152,58.70051729164541,58.90526202445624,16870800
2022-08-11,58.97647476196289,59.41267622077073,58.8785510152429,59.22573273842451,11539400
2022-08-12,59.43048095703125,59.43937817586261,58.86964374923095,59.01208075177392,13680300
2022-08-15,59.07440948486328,59.11892275683231,58.807343436592554,58.923075227003345,15733100
2022-08-16,59.05659866333008,59.16342643593495,58.70941689207851,58.70941689207851,13497100
2022-08-17,58.58477783203125,58.905254303072965,58.28210938258644,58.48685408855905,14822100
2022-08-18,58.38894271850586,58.54028376706976,58.184197969145025,58.51357852078545,14303900
2022-08-19,57.58774948120117,57.89932196049957,57.45421647813881,57.83700746463989,20257600
2022-08-22,56.608516693115234,56.98240707281521,56.46608307129748,56.96460244560231,20062200
2022-08-23,56.635223388671875,57.05362025330775,56.394866008960804,56.46608451963912,19101400
2022-08-24,56.706443786621094,56.893387289545174,56.33255338488731,56.394867885862006,12086600
2022-08-25,57.32958221435547,57.347383443633795,56.724238542341794,56.848867522600194,13980500
2022-08-26,55.825130462646484,57.4186089524638,55.789521207973536,57.35629445472886,19338300
2022-08-29,55.700504302978516,55.93196107425107,55.522461416434766,55.57587530116358,16199700
2022-08-30,55.29991149902344,56.136712090015564,55.1841865033258,56.07439758590583,24907400
2022-08-31,54.92601776123047,55.50465285665443,54.908213134248676,55.29990474019191,32178200
2022-09-01,54.1871452331543,54.24055911824976,53.61741070901183,54.12483073181907,33526300
2022-09-02,53.8310546875,55.05064268047752,53.661912441632204,54.65004709274473,28234000
2022-09-06,53.69752502441406,54.20494500172813,53.51058153716895,54.08921662567315,21862300
2022-09-07,54.169334411621094,54.17823842272849,53.26132224001038,53.27022285523254,21289000
2022-09-08,54.20494842529297,54.276166936866574,53.466075045087315,53.56399540467271,17589900
2022-09-09,55.58477783203125,55.63819171859997,55.21089081370741,55.24650007141989,22655100
2022-09-12,56.3592643737793,56.60852238806494,56.21683073763239,56.2791452412038,22338600
2022-09-13,54.400794982910156,55.62038310720882,54.35628511189942,55.30881061424819,26513900
2022-09-14,54.578834533691406,54.810287886360555,54.25835804854545,54.56993052250109,19052800
2022-09-15,54.098121643066406,54.65895551111693,54.009098507566506,54.178240767073625,23181900
2022-09-16,53.76874542236328,53.96458953193737,53.4660735484192,53.62631179908875,31914300
2022-09-19,53.9556884765625,53.99129773106235,53.145596614060494,53.15449722974275,19597500
2022-09-20,53.03877258300781,53.3236398290435,52.72719669798504,53.2079114491273,23429600
2022-09-21,52.34440994262695,53.44827315741254,52.299900068554265,52.99426361256824,22678800
2022-09-22,52.19307327270508,52.655983412555976,51.94381187685579,52.54915564466962,25400900
2022-09-23,50.52836990356445,51.053594477819075,50.12777770961383,51.00018399643106,33958900
2022-09-26,49.78059768676758,50.46606056698361,49.51353506488892,50.01205444937843,41892400
2022-09-27,49.442317962646484,50.28801906116551,49.15745072464423,50.02095305413872,38742700
2022-09-28,50.63520050048828,50.76873010733905,49.27317541859024,49.4245130480835,35116000
2022-09-29,50.03875732421875,50.07436657768647,49.35329447644907,49.860714452765464,30971600
2022-09-30,49.8607177734375,50.474965551065324,49.753893401805264,49.816207901581194,38527600
2022-10-03,50.848846435546875,51.0624985490069,50.17228763537954,50.37703573800761,37451600
2022-10-04,52.88743591308594,52.96755503973777,52.175267785006056,52.193072412693745,32480200
2022-10-05,52.32659912109375,52.620370367800675,51.71235478145925,52.00612263228086,28550700
2022-10-06,51.40968322753906,51.970517086323746,51.356269347121604,51.712355091467344,28668800
2022-10-07,50.590694427490234,51.23164405941376,50.421552158548614,51.16932955903072,22200000
2022-10-10,50.30582046508789,50.617396342395196,50.01205261058796,50.56398246162914,26510200
2022-10-11,49.75388717651367,50.55507835322288,49.59364894117183,49.97643990383455,26577200
2022-10-12,49.59365463256836,49.88742589637013,49.45122100657264,49.62036327211385,24455800
2022-10-13,50.617393493652344,50.84884683884171,48.6144189221047,48.730147292641966,48010100
2022-10-14,49.8607177734375,51.098113944710185,49.80730728556416,50.937875689319064,28145900
2022-10-17,51.08920669555664,51.3206634479601,50.93787246165735,50.94677307711041,32731000
2022-10-18,51.45419692993164,51.89930244558137,51.08030992681095,51.84589195707018,26876700
2022-10-19,50.822147369384766,51.18713375248007,50.48386623025955,50.97348161306268,22958200
2022-10-20,50.70641326904297,51.454190578870765,50.59068829429575,50.86665150656929,25989700
2022-10-21,51.62333297729492,51.641134207396085,50.04765923429815,50.24350332837754,37761800
2022-10-24,51.632232666015625,51.85478539302431,51.17822659710735,51.43638517956474,20327600
2022-10-25,52.771705627441406,52.816218892997654,51.99722302833505,52.006123643915075,21583300
2022-10-26,53.270225524902344,53.63521189323667,52.736100291788595,52.75390152312503,27095500
2022-10-27,52.771705627441406,53.483877125716845,52.74500038481596,53.08328150690826,20349600
2022-10-28,53.29693603515625,53.29693603515625,52.59367186775911,52.69159223332867,19235500
2022-10-31,52.79841232299805,52.914137300706614,52.62036945498107,52.70048857579445,27032700
2022-11-01,53.2168083190918,53.87556590160971,52.97645096043871,53.85776127550002,42687000
2022-11-02,52.44233322143555,53.99130195449219,52.44233322143555,53.29693502097026,30497700
2022-11-03,51.99722671508789,52.246484719626174,51.685654209415034,51.730164082241785,23604200
2022-11-04,54.08031463623047,54.14262913039563,53.225712948349404,53.56399066070738,33756400
2022-11-07,54.24945831298828,54.48981569579134,54.04471018598246,54.27616695277898,19904600
2022-11-08,54.86370849609375,55.20198625334704,54.49872209787838,54.62335110274914,19882900
2022-11-09,54.098121643066406,54.87260424454592,54.089217631573725,54.480912636002515,22418600
2022-11-10,57.13374710083008,57.13374710083008,56.01207924393398,56.323655157909904,29640900
2022-11-11,58.27321243286133,58.36223217632177,57.427514682330525,57.65006743686716,24071300
2022-11-14,57.658966064453125,58.175290097606876,57.658966064453125,57.80140309088364,21599900
2022-11-15,58.04175567626953,58.69161270800576,57.507630423645416,58.593688952651384,34956600
2022-11-16,57.90822982788086,58.22870633986239,57.73908755995418,58.13078258388075,22730400
2022-11-17,57.88151550292969,57.9171247574939,57.15154276379041,57.16935078695794,21271100
2022-11-18,57.99724578857422,58.157484034112116,57.80139828938672,58.148580022757045,18431100
2022-11-21,57.5610466003418,57.6678675737574,57.30288459496917,57.50762932186305,21877400
2022-11-22,58.36223220825195,58.38004023201643,57.837010967308245,57.92603071081739,14698700
2022-11-23,59.003177642822266,59.092197374886915,58.46905245866419,58.46905245866419,13400800
2022-11-25,59.30586242675781,59.43049143006037,59.074405652722504,59.074405652722504,10934400
2022-11-28,58.54027557373047,59.26134428957229,58.50466631974473,59.01208630344281,18618500
2022-11-29,58.709407806396484,59.0387882937924,58.566977590070124,58.68270256532094,17666900
2022-11-30,59.75096893310547,59.95571367399619,58.60259584798552,59.172330384387,41966500
2022-12-01,60.329586029052734,60.587747989336684,60.018013591389256,60.418612547044944,24209700
2022-12-02,60.285091400146484,60.47203489945509,59.76876737818686,59.76876737818686,36230700
2022-12-05,59.49280548095703,60.249483507209874,59.32366320985452,60.08034123610737,26304900
2022-12-06,59.22573471069336,59.74205870299818,58.97647672593122,59.61742971061711,25663000
2022-12-07,59.22573471069336,59.47499269545549,59.003181968331354,59.252439953093486,23274300
2022-12-08,59.52840805053711,59.59072254471622,59.03878931643659,59.21682878787106,20080400
2022-12-09,59.564022064208984,60.01802479018706,59.5284128087217,59.67084303889981,25772900
2022-12-12,59.7420654296875,59.7420654296875,59.359274398053465,59.555121920066895,18725400
2022-12-13,60.589359283447266,61.474199753246374,60.36591423821505,61.358010784566204,29377300
2022-12-14,60.53573226928711,61.07199899291274,60.14246682309435,60.678733546719975,23707700
2022-12-15,58.98949432373047,59.892214252247484,58.7839218734536,59.784958171363655,25617500
2022-12-16,58.47110366821289,58.774992506109115,58.211906571449205,58.506855697318464,23998700
2022-12-19,58.328102111816406,58.739240216201594,58.176154284041786,58.65879644632065,21180700
2022-12-20,58.56047821044922,58.85542732563559,58.37278517869482,58.45322894601931,21440600
2022-12-21,59.16824722290039,59.33806764502018,58.8375529090905,58.91798985493554,17112200
2022-12-22,58.68560791015625,58.95373786370075,58.19402610015592,58.944798152882186,21251200
2022-12-23,58.89118194580078,58.9805586097607,58.46217123119223,58.58729992453659,12536600
2022-12-27,58.980552673339844,59.20399772025097,58.82861167800068,58.93586775535862,16247400
2022-12-28,58.35491180419922,59.28444405800336,58.35491180419922,59.105683921309115,14526900
2022-12-29,59.275508880615234,59.43638960644542,58.98949945902853,59.02525148910218,17455400
2022-12-30,58.6677360534668,59.15037821488316,58.60517170767221,58.94480575355679,25629000
2023-01-03,59.186126708984375,59.73133318363388,58.90011731400446,59.40063205046885,25179300
2023-01-04,59.972660064697266,60.16929283255248,59.6240862740459,60.044164129190605,26751400
2023-01-05,59.37382125854492,59.60620602886661,59.2576322828851,59.409573286209955,17376900
2023-01-06,60.893245697021484,60.928997725136966,59.38276171840429,59.73133546877765,17951400
2023-01-09,61.15243911743164,61.724457894953815,61.116687091461294,61.358011562010724,23392800
2023-01-10,61.331199645996094,61.340132538295464,60.92899446546621,61.072002570277306,18811500
2023-01-11,61.795963287353516,61.80490299879045,61.43844983889666,61.62614286506109,17732700
2023-01-12,62.70762634277344,62.81487560985999,61.670837967588554,62.30542113419217,19767100
2023-01-13,63.0383186340332,63.05619805730359,62.39479577633965,62.39479577633965,18092100
2023-01-17,63.234962463378906,63.51203220163212,63.06514200754464,63.26177478398364,25184100
2023-01-18,63.011512756347656,64.06617380999415,63.011512756347656,63.94998482287306,35935300
2023-01-19,62.91319274902344,63.04726115351408,62.5824915938135,62.81487637366379,23519000
2023-01-20,63.46735382080078,63.48522643004657,62.725514385528,62.88639514475578,28289500
2023-01-23,63.72654724121094,63.73548013580802,63.16346120743334,63.19027352923161,24252900
2023-01-24,63.64609146118164,63.780159863908075,63.16344930276784,63.37796147473101,12996500
2023-01-25,64.06616973876953,64.11979437264807,63.39583453927864,63.440526280178936,14250500
2023-01-26,64.11978912353516,64.19129317552111,63.60140179414127,64.11978912353516,13272300
2023-01-27,63.99467468261719,64.1376828184123,63.64610087537065,63.726544656506206,13986800
2023-01-30,63.58352279663086,64.05722521095099,63.58352279663086,63.762276108788804,14111500
2023-01-31,63.949981689453125,63.98572689989071,63.279646480209394,63.404775173748035,23544400
2023-02-01,64.52200317382812,64.74544825275785,63.4047777791795,63.8963528614233,27861400
2023-02-02,64.43262481689453,64.73651369431462,64.03042637040083,64.69182194736946,15588000
2023-02-03,63.83378219604492,64.35217636442997,63.69078090556055,63.80696988026673,18589800
2023-02-06,63.18132019042969,63.3511337798716,62.859558794959014,63.20813250355203,18409500
2023-02-07,63.717594146728516,63.79803109523131,62.7612495624057,62.88637825052255,19440100
2023-02-08,63.32432174682617,63.71758719169665,63.20813278311504,63.61927083047903,18281400
2023-02-09,63.44051742553711,64.28960583211406,63.32432164301513,64.23598120572012,10875300
2023-02-10,63.16344451904297,63.252821174424184,62.886374841660704,63.20813625623443,16681200
2023-02-13,63.798030853271484,63.798030853271484,63.18132712674937,63.25282436325779,11806300
2023-02-14,63.91423797607422,64.20024742980495,63.333279355339016,63.503099812524006,14082900
2023-02-15,63.62821578979492,63.62821578979492,63.074069600767096,63.12769423167234,14031200
2023-02-16,63.31538391113281,63.699709656637495,63.00256221572238,63.07406626581663,13151000
2023-02-17,63.47628402709961,63.547788099061734,62.913204803156056,63.02046091109924,13768200
2023-02-21,62.779117584228516,63.25281998594995,62.734432666878355,63.02937494219444,14419700
2023-02-22,62.43055725097656,62.77913104847369,62.296488832169274,62.67188176863029,12991700
2023-02-23,62.75231170654297,62.82381576443931,62.18029288137683,62.69868707262186,25783700
2023-02-24,61.70659637451172,61.912162037010475,61.45633896677257,61.68871694881439,25120200
2023-02-27,62.43949890136719,62.60037964512721,62.24286612354902,62.42161947483649,19736300
2023-02-28,61.9836540222168,62.403731797199775,61.956841707899,62.26073051450437,28408000
2023-03-01,62.314353942871094,62.61823592462162,62.081969191590325,62.47523464468063,20961000
2023-03-02,62.43949890136719,62.49312354295278,61.858540281178044,61.87641970770874,20540100
2023-03-03,63.35114288330078,63.386894912268495,62.618243336968376,62.78806376981444,23663300
2023-03-06,63.19026565551758,63.45840247809652,63.11876841263217,63.20814508049093,22289600
2023-03-07,62.13560485839844,63.15452069688359,62.064107615226256,63.10088924075109,26319800
2023-03-08,62.47524642944336,62.662939480458945,62.180297283989105,62.33223830352514,21016200
2023-03-09,62.01940155029297,62.805925595586814,61.9121454817979,62.591420277597784,25914100
2023-03-10,61.35801696777344,62.180293180530505,61.295452621563705,62.03729188305212,31703800
2023-03-13,60.93793869018555,61.43845345609189,60.60723753756756,60.71449362411989,27005100
2023-03-14,61.75127410888672,61.76021382069422,61.27757166812124,61.57252078674953,18054000
2023-03-15,59.83858108520508,59.927964559544314,59.05205697163241,59.46319504138642,37928500
2023-03-16,60.76811981201172,60.76811981201172,59.48108083547965,59.53470547062611,33179100
2023-03-17,60.044158935546875,60.35698066689341,59.802841262508785,60.22291226231566,23846200
2023-03-20,60.98262023925781,61.18818584704172,60.607227408563446,60.71448347719057,24003200
2023-03-21,61.90321731567383,61.96578165565481,61.54570387906753,61.87640500125364,16669400
2023-03-22,61.6887092590332,62.76124964007909,61.652964050100216,62.00153779871456,16277900
2023-03-23,61.697654724121094,62.60037476140525,61.420585005539934,62.23392155515029,23067200
2023-03-24,61.50996017456055,61.545712204957866,60.902189295811226,61.259702780781865,27879000
2023-03-27,62.09091567993164,62.144540313387616,61.742341924463375,61.885343220013375,23269300
2023-03-28,62.11772155761719,62.26072965734537,61.96578056590712,62.05515721873648,20324500
2023-03-29,62.86850357055664,62.922135025940456,62.609313282045676,62.725502267205854,29119300
2023-03-30,63.60139846801758,63.69077511882509,63.44945066074332,63.59245875723642,21615800
2023-03-31,63.923152923583984,64.0661610198007,63.77121193560473,63.77121193560473,28532600
2023-04-03,64.43262481689453,64.45050424327388,63.98573462345566,64.075118117346,20737100
2023-04-04,64.4415512084961,64.63818394400109,64.25385818433273,64.4415512084961,15364600
2023-04-05,63.99467468261719,64.28068413520418,63.780169297927756,64.10193078446352,16313900
2023-04-06,64.29855346679688,64.46836707763876,63.92316057877307,64.00360434727894,13659900
2023-04-10,64.25386810302734,64.26280781574897,63.79803822026435,63.896354603193686,12854000
2023-04-11,64.46836853027344,64.5756246176973,64.34323983778009,64.39687129099318,11264100
2023-04-12,64.87950134277344,65.19232986748253,64.68287542704437,65.04932176258674,13241500
2023-04-13,65.71073150634766,65.76436296686076,65.3442850910249,65.4157891590402,12233000
2023-04-14,65.44258880615234,65.86266660063573,65.19233143556698,65.68390646521625,14209900
2023-04-17,65.32640075683594,65.35321989457931,65.01357900652395,65.26383640677354,17323800
2023-04-18,65.68390655517578,65.73753800537604,65.5051532385134,65.65709423957662,13753400
2023-04-19,65.47834777832031,65.54984502106967,65.3353396548163,65.35321907975562,8840800
2023-04-20,65.47834777832031,65.639228507761,65.30852733640995,65.32639994234664,12478600
2023-04-21,65.80904388427734,65.85373562881391,65.27277704485272,65.55878648047937,14053000
2023-04-24,65.9788589477539,66.0056712646872,65.79116591021857,65.80903851517334,12864900
2023-04-25,65.05826568603516,65.71072145461004,65.04932597414994,65.67497624507357,12582200
2023-04-26,65.01358032226562,65.46941020708972,64.93314336441584,65.46047049432767,16928600
2023-04-27,65.82693481445312,65.83587452872342,65.21916380514926,65.35323224318765,14505700
2023-04-28,65.80010223388672,65.80903512640297,65.25489575431035,65.27276835834479,16936800
2023-05-01,65.7017822265625,66.04141623642813,65.68390280451605,65.86266292997286,24499500
2023-05-02,65.04039001464844,65.10295436345011,64.64713131603902,65.09402147005173,12907200
2023-05-03,65.21021270751953,65.73754665334921,65.20127299480978,65.28171677119184,13977300
2023-05-04,65.07613372802734,65.30851848773415,64.85268867957896,65.02250909848028,17411200
2023-05-05,66.03247833251953,66.13079469946102,65.3532102941987,65.39789521253464,11096900
2023-05-08,66.05036163330078,66.18443003418409,65.93416583700092,66.16655061059852,7533200
2023-05-09,65.7822265625,65.87160322577331,65.46940483154224,65.50515686065202,14835400
2023-05-10,65.64816284179688,65.8626750317601,65.23702470620488,65.85373531909427,14009800
2023-05-11,65.4872817993164,65.4872817993164,64.9957067090636,65.27277642936977,14971700
2023-05-12,65.37108612060547,65.61241060372372,65.12976845648929,65.56771886418268,15823200
2023-05-15,65.8716049194336,65.88054463169148,65.49621883263252,65.56772289269058,10580600
2023-05-16,65.24596405029297,65.63922957733452,65.21915173144973,65.5319734829588,13335700
2023-05-17,65.54984283447266,65.5945345763275,65.08508008659335,65.32639776320325,21491300
2023-05-18,65.4515380859375,65.47835040541959,65.09402458183608,65.39790662797039,10657000
2023-05-19,65.83585357666016,65.99672746830376,65.66603315458944,65.73753720798783,15971200
2023-05-22,65.85372924804688,65.97885793782176,65.73754027011367,65.74647316295318,12122700
2023-05-23,64.88843536376953,65.38001715748794,64.86162305120328,65.28170079874427,19215100
2023-05-24,63.941036224365234,64.27173735267877,63.905284198142006,64.25385793006627,21758100
2023-05-25,63.85165786743164,63.96784683531077,63.592460798469034,63.914222206905265,17393700
2023-05-26,64.47730255126953,64.53092718074717,64.11978911041463,64.12872882166147,11189800
2023-05-30,63.824851989746094,64.2985544391036,63.64609184536441,64.28067501516429,13979800
2023-05-31,63.16344451904297,63.27964030814008,62.68080239718238,63.18132394152024,32754700
2023-06-01,64.10191345214844,64.1555380790706,63.45839065307701,63.503082388179735,29681600
2023-06-02,64.93313598632812,65.03145235853071,64.7722552699059,64.93313598632812,18693500
2023-06-05,64.55775451660156,64.89738857811355,64.51306277369093,64.83482422944023,18029700
2023-06-06,65.09400939941406,65.12976142338576,64.66499193075512,64.69180424398355,17811900
2023-06-07,64.52152252197266,65.07672309268902,64.46691490649233,64.84918210285444,29259200
2023-06-08,65.20415496826172,65.21325855349819,64.72176911074234,64.83099130157728,15781000
2023-06-09,65.09491729736328,65.24054685051141,64.98570207650148,65.14042826872189,15419000
2023-06-12,65.3770751953125,65.40437900151973,65.15863085765565,65.3133639994958,15814700
2023-06-13,65.99600219726562,66.15983201640658,65.87767641766312,65.97779502624932,17620600
2023-06-14,66.24174499511719,66.60581203990073,65.87767795033365,66.41467840378967,17305800
2023-06-15,66.94256591796875,66.97896636775987,66.18712812079676,66.23263215503583,14597200
2023-06-16,66.79693603515625,67.27022520826503,66.7696322259385,67.24291445504697,20036200
2023-06-20,65.91407775878906,66.18712974693338,65.7775517647169,66.06880397820393,16873000
2023-06-21,66.01419830322266,66.2417393187137,65.70474585527518,65.80486445761129,11322700
2023-06-22,65.60462188720703,65.71383712154967,65.47719948447384,65.54091068584044,11313300
2023-06-23,64.5852279663086,64.75816132525311,64.44870199577342,64.46690916197774,15929700
2023-06-26,64.66715240478516,64.79457480419558,64.56703381324841,64.66715240478516,12950900
2023-06-27,65.2314453125,65.27695628528542,64.66714813635807,64.85828172285771,11034100
2023-06-28,65.2769546508789,65.40437703868827,65.09491770829459,65.21324345697423,9256500
2023-06-29,65.18595123291016,65.18595123291016,64.94020305276008,64.9766104477453,6736000
2023-06-30,65.98689270019531,66.03240367965772,65.72294429611446,65.79575908565411,28381100
2023-07-03,65.91407775878906,66.05970733753284,65.81395915940284,65.95958873814662,13375500
2023-07-05,65.17684936523438,65.46810158878853,65.11313815833192,65.44079777783044,15971500
2023-07-06,64.0482406616211,64.2211670929019,63.656869879248816,64.20296686897758,17415300
2023-07-07,64.53062438964844,64.82187657113064,64.08464600575375,64.11194981276776,16721300
2023-07-10,64.71266174316406,64.7399655532767,64.39410571851569,64.42140952862833,9486000
2023-07-11,65.29515838623047,65.31336555346817,64.82187619804579,64.99480956680544,12811300
2023-07-12,66.54208374023438,66.61489851929292,66.05059439758847,66.15981656617629,16111100
2023-07-13,67.60697937011719,67.69799437938012,67.38854195908614,67.41584576746502,12707500
2023-07-14,67.2247085571289,67.61607932555627,67.19740475021533,67.5614717117291,12549100
2023-07-17,67.14279174804688,67.22471011468535,66.81513911349266,66.92435434367744,15876600
2023-07-18,67.57968139648438,67.66159282869312,67.19741415817555,67.26112536456034,11519400
2023-07-19,67.54327392578125,67.76171135542918,67.37034053264293,67.62519230189966,11138700
2023-07-20,67.1974105834961,67.57967780146957,67.08818840236067,67.39764777691087,14843900
2023-07-21,67.33393096923828,67.40673880660127,67.14279043216119,67.3521311925791,10318400
2023-07-24,67.17009735107422,67.31571996149206,67.00626757435455,67.04267496295886,9421100
2023-07-25,67.24290466308594,67.40673443853576,67.0426744433133,67.0608746654747,9151000
2023-07-26,67.4249496459961,67.64338705798093,66.89705286836596,66.93346026103012,12325300
2023-07-27,67.27022552490234,67.98015234390681,67.21561096220945,67.98015234390681,12775700
2023-07-28,67.75260925292969,68.02565428197903,67.6251868505733,67.77080947726627,15891100
2023-07-31,67.77081298828125,67.99835399627736,67.6797979738829,67.81632396748067,13797600
2023-08-01,66.92435455322266,67.29752510818876,66.78782857106432,67.10639151076707,16707800
2023-08-02,65.67743682861328,66.19623002497232,65.60462204287863,66.09611143058723,16805400
2023-08-03,65.49539184570312,65.67742878775303,65.10402110029497,65.15862871091029,12745700
2023-08-04,65.67743682861328,66.3600598208752,65.62282226731222,65.83216304029928,14079600
2023-08-07,66.23263549804688,66.25084266786176,65.80486422340678,66.10521308534545,12940600
2023-08-08,65.83216094970703,65.88676856527378,65.34067157760636,65.50450136830658,14144400
2023-08-09,65.81394958496094,66.09610511672962,65.70473436079197,65.92317175312941,12188700
2023-08-10,66.09610748291016,66.9061528298266,66.03239628519762,66.52387869955162,16788900
2023-08-11,65.6501235961914,65.86856794514415,65.50450097422282,65.6319233724453,14863700
2023-08-14,65.3588638305664,65.42257502229099,64.81276690949869,64.98570026303645,9959400
2023-08-15,64.548828125,64.99481347715985,64.4305093068352,64.97660630882672,13863600
2023-08-16,64.02093505859375,64.59434284632502,64.0027348332057,64.33949802688913,10940100
2023-08-17,63.565853118896484,64.29398712733308,63.483941688547645,64.22117233768932,14730500
2023-08-18,63.565853118896484,63.675075303362135,63.08346728950746,63.09257087421307,13617500
2023-08-21,63.802494049072266,63.87530883453429,63.44753064994505,63.72967926361024,15838400
2023-08-22,63.684165954589844,64.12104071572745,63.62955834544743,64.10284049401301,10563000
2023-08-23,64.37590789794922,64.46692291639151,63.92992250278061,63.939026087825084,12670000
2023-08-24,63.493045806884766,64.25758027256829,63.46574199653901,64.0573430713653,14879000
2023-08-25,63.92081832885742,64.13925573617689,63.34741058664385,63.89350757694251,11617700
2023-08-28,64.5943374633789,64.63984149505724,64.33949266518042,64.35769288905176,12320400
2023-08-29,65.39527893066406,65.4407899061203,64.40320355051728,64.46691474975606,12224400
2023-08-30,65.3588638305664,65.66832315037088,65.2678488343883,65.4498857707436,12235800
2023-08-31,65.1040267944336,65.44078995868047,64.90378961266518,65.38617539928913,13375200
2023-09-01,65.067626953125,65.6956423789993,64.89470050298627,65.66833856813531,17069800
2023-09-05,64.5033187866211,64.9219933518443,64.49421520320332,64.90378618500877,12085000
2023-09-06,64.3667984008789,64.62164320671042,64.13925740367219,64.48511721958636,11294600
2023-09-07,64.15745544433594,64.29398142681302,63.966321846468,64.16655902823439,13543000
2023-09-08,64.06644439697266,64.27578517557579,63.984532968823835,64.06644439697266,11813900
2023-09-11,64.73086547851562,64.7854730958439,64.43050969520976,64.6034430754162,11650900
2023-09-12,64.46692657470703,64.69446760572548,64.36680796553881,64.40321536378191,7947100
2023-09-13,64.26667785644531,64.5124190706116,64.13925545739613,64.3303890559699,10047900
2023-09-14,65.11312866210938,65.17683985972006,64.73995811610412,64.7581652834213,13519800
2023-09-15,64.96749877929688,65.4680917180557,64.94019497245543,65.24965431932443,13678500
2023-09-18,64.73995208740234,64.81276686189098,64.46690709906859,64.69444806134626,9121300
2023-09-19,64.79457092285156,64.96749734369274,64.63074114142339,64.84917853532777,10339900
2023-09-20,64.63985443115234,65.42259615026582,64.603453976125,65.10404008876647,14523400
2023-09-21,63.565853118896484,64.15746113275115,63.565853118896484,64.03003872287483,17619900
2023-09-22,63.62046813964844,64.1301577828111,63.565853575023446,63.9117203563129,14714800
2023-09-25,63.33831024169922,63.37471763544762,62.946946382904734,63.09256901389797,16853100
2023-09-26,62.5191650390625,63.0288546378809,62.464550479189114,62.837721038324,17756900
2023-09-27,62.400840759277344,62.80131513584685,61.96396593392893,62.75580415887299,16390400
2023-09-28,62.91053009033203,63.101663672474615,62.37352978850343,62.45544814884988,19507400
2023-09-29,62.72849655151367,63.49303786557377,62.57377034957285,63.48393428193027,20292800
2023-10-02,61.80924606323242,62.37354334919511,61.59990526927793,62.318935726424755,23671400
2023-10-03,61.03559875488281,61.42696957275757,60.8262649127641,61.254043125790076,19913200
2023-10-04,61.14481735229492,61.22672877857805,60.6351277380883,61.19032832956346,19586200
2023-10-05,61.68180465698242,61.77282660249093,61.29043390089417,61.49977465396442,18327200
2023-10-06,62.36442184448242,62.51005138869316,61.19031662827795,61.56348018331995,17758900
2023-10-09,62.273414611816406,62.3462293929959,61.71821405732231,61.78192525485443,11015700
2023-10-10,63.12897872924805,63.38382355085853,62.892334133180924,62.974252508127485,23682800
2023-10-11,63.39292526245117,63.58405887301128,63.03796185083949,63.49304385998271,15393600
2023-10-12,62.86503219604492,63.49304762801261,62.62838759292653,63.474840457926156,16764600
2023-10-13,62.28252029418945,62.82861728343794,62.12779408696904,62.68299466017166,19900300
2023-10-16,62.73760223388672,62.80131343352304,62.30982406032852,62.391742427860926,20119600
2023-10-17,62.77401351928711,63.065265727689756,62.2097093275068,62.218812912019494,12155100
2023-10-18,61.68180465698242,62.28251616614093,61.60899682217492,62.21880497068468,16945900
2023-10-19,61.13570785522461,61.80923414485693,61.02649263074333,61.48157458341405,27204100
2023-10-20,60.58961486816406,61.06289707457184,60.56231106025592,60.91727445106175,28251800
2023-10-23,60.6351318359375,61.01739907242689,60.1345388281533,60.362079841873275,18574700
2023-10-24,60.980987548828125,61.03559516634403,60.66243153998503,60.74434296625889,22138700
2023-10-25,60.544105529785156,61.053802085855615,60.47129768806094,60.81715750425148,17400900
2023-10-26,60.10723114013672,60.51680216081171,59.91609753422171,60.389379756868365,22914700
2023-10-27,59.925193786621094,60.55320916199127,59.7795711590571,60.52590535332303,24116300
2023-10-30,60.689735412597656,60.71703922138433,60.31656484184583,60.58051323345074,23954500
2023-10-31,60.908180236816406,60.953691219664414,60.553216791405276,60.762557590904656,18291300
2023-11-01,61.4815788269043,61.49977905090752,60.88086727479775,61.05380065082843,21115000
2023-11-02,62.73760223388672,62.74670581783475,62.328031228224596,62.51006124318555,19669400
2023-11-03,63.40202331542969,63.71147572152865,63.17448233070994,63.26549733579789,20752900
2023-11-06,63.08346939086914,63.37472161514552,62.95604697674827,63.31101040808508,15938000
2023-11-07,62.70119857788086,62.81951740025501,62.47365757362262,62.591976395996774,15747100
2023-11-08,62.61928939819336,62.89233444670836,62.4372524218494,62.67389701909623,10916500
2023-11-09,62.61018371582031,63.32921412428871,62.5828799062836,63.17448790758043,14557600
2023-11-10,62.8923225402832,62.93783351175346,62.12778821637784,62.564662988895385,12518800
2023-11-13,63.05617141723633,63.147186443748225,62.53737812771698,62.637496740080486,11354700
2023-11-14,64.66715240478516,64.74906382840615,64.12104847131198,64.13015205526986,21166800
2023-11-15,64.56702423095703,64.88558018220668,64.53061684452865,64.69444661145688,12980000
2023-11-16,64.52152252197266,64.72175970406707,64.29398153213808,64.45781132257898,13769700
2023-11-17,65.39527893066406,65.4043825145553,64.99481151144882,65.12223390992638,14314300
2023-11-20,65.64102172851562,65.71382956170139,65.29515500888604,65.29515500888604,10334700
2023-11-21,65.38617706298828,65.66833261902296,65.304265637817,65.60462141811192,12300200
2023-11-22,65.54090881347656,65.56821262128221,65.19504206393846,65.48629425386531,12162900
2023-11-24,66.04149627685547,66.05970344512588,65.74114744039466,65.75024408052975,8083500
2023-11-27,65.81394958496094,65.92317175312941,65.67743055474972,65.84125339100318,10365000
2023-11-28,65.83216094970703,66.0323981321184,65.55000539994558,65.63192376729565,11129900
2023-11-29,65.96869659423828,66.22354142954038,65.80486677954394,66.02330421780275,10462200
2023-11-30,65.91407775878906,66.08701114754716,65.6865367500023,65.97778896348933,19444200
2023-12-01,66.60579681396484,66.66040442779874,65.8503590839306,65.87766289084755,21091900
2023-12-04,66.08700561523438,66.2326282377872,65.83216081776699,65.95047963259115,14778700
2023-12-05,65.85035705566406,66.27813520151943,65.74114183136022,65.87766086174003,17529500
2023-12-06,66.05059814453125,66.64220610594373,66.0323979207339,66.50568012346395,16547400
2023-12-07,66.36915588378906,66.56028948667984,65.92317747704394,66.18712586503598,14513200
2023-12-08,66.56938934326172,66.6695079311698,66.18712215888524,66.20532238214139,13323600
2023-12-11,66.73322296142578,66.76963035402886,66.46017098890272,66.46927457305351,12372000
2023-12-12,66.85154724121094,66.85154724121094,66.40556879738658,66.62400622685146,13210000
2023-12-13,67.82542419433594,67.8891354021835,66.58760743386897,66.90616347310682,16760700
2023-12-14,68.32601165771484,68.56265624361244,68.00745564439134,68.16218185886271,21959600
2023-12-15,67.66157531738281,68.12576081176648,67.61607129259941,67.99833843197472,22420700
2023-12-18,67.82542419433594,67.99835759163685,67.62519392967275,67.94374996891061,14409900
2023-12-19,68.39881896972656,68.4443229986568,68.19858179923483,68.19858179923483,15551800
2023-12-20,67.70855712890625,68.58405626560992,67.6624752665092,68.41817140452758,23019200
2023-12-21,68.80524444580078,68.80524444580078,68.28915427756516,68.43661062023402,15837400
2023-12-22,68.8697509765625,69.09092844705944,68.68543055856087,68.95268989133447,12184500
2023-12-26,69.1830825805664,69.29367482727521,68.94346956158306,68.94346956158306,8915400
2023-12-27,69.55172729492188,69.6070199114076,69.2199575337958,69.22917531357871,13103800
2023-12-28,69.36740112304688,69.72682419382298,69.3581903751309,69.53328598990305,16832000
2023-12-29,69.44112396240234,69.66230142419693,69.25681058275765,69.46877026623858,21346400
2024-01-02,68.66699981689453,68.99876952748849,68.5748431264195,68.69464612092656,18177600
2024-01-03,68.15090942382812,68.34444761349398,67.809928967313,67.99424234753172,18637700
2024-01-04,68.3075942993164,68.64857480958409,68.14170941852736,68.14170941852736,11977100
2024-01-05,68.3536605834961,68.95268963534369,68.16012941864165,68.22463980692646,20636700
2024-01-08,69.08171081542969,69.1001463728216,68.44581767640427,68.50111731747498,16250100
2024-01-09,68.4642562866211,68.63014115501997,68.36288180976037,68.4642562866211,10218300
2024-01-10,68.90660858154297,69.00798305448042,68.68543110927266,68.75915927706444,12191300
2024-01-11,68.89739990234375,69.18308777223258,68.28915304645818,69.09093107527863,16434300
2024-01-12,69.1830825805664,69.57936267572532,69.05406180829185,69.35818521341248,11329300
2024-01-16,68.02188873291016,68.43660438555607,67.88365721313296,68.34444769533634,19802700
2024-01-17,67.37678527832031,67.40443158244318,66.88834848920337,67.1187437317004,16381400
2024-01-18,67.97581481933594,67.9942433451863,67.51502433092334,67.66247363104084,16391400
2024-01-19,68.13249206542969,68.14170984528289,67.55189849458485,67.79150452192061,15792200
2024-01-22,68.34444427490234,68.5471861707972,68.23385203351063,68.29836241654635,15424800
2024-01-23,68.15090942382812,68.19699128443519,67.8467930495777,67.99424234753172,13575400
2024-01-24,68.66699981689453,69.11857252199556,68.65778203851559,69.05406213555256,16314600
2024-01-25,68.86053466796875,68.86975244684187,68.50111863407378,68.83288836245454,15268800
2024-01-26,69.16465759277344,69.33975320347089,69.10935795103808,69.21995020340367,16478600
2024-01-29,69.57014465332031,69.64387281753419,69.05406156603264,69.13700047744472,13341500
2024-01-30,69.47798156738281,69.56092750226351,69.21072227004026,69.46876378992849,11708400
2024-01-31,69.12779998779297,70.01251699632425,69.0264255047326,69.79133950196787,23907300
2024-02-01,69.80976104736328,69.82818957375557,69.14622159956005,69.29367793511857,17189400
2024-02-02,69.2568130493164,69.30288788031615,68.94347185543519,69.23837749203251,15579800
2024-02-05,68.88818359375,69.04485068502633,68.50112123961831,68.84210172873675,15617900
2024-02-06,69.3121109008789,69.33054645955703,68.82367406249128,68.86053814874202,13886600
2024-02-07,69.27523803710938,69.385830281849,69.11857096372337,69.27523803710938,10485100
2024-02-08,69.15543365478516,69.21072626049087,68.95268472572486,69.16465143277094,9578500
2024-02-09,69.39505004882812,69.44112487879497,69.00798069669865,69.16465480567943,11001100
2024-02-12,69.51485443115234,69.7268211527648,69.34896957153106,69.36739809766455,6911500
2024-02-13,68.4458236694336,68.86053937380323,68.21542839959677,68.76838267208964,14942500
2024-02-14,69.21072387695312,69.22915943228979,68.84209011236649,68.89738974727226,13248000
2024-02-15,69.99407958984375,70.01251514869864,69.53328905394983,69.54250683337727,14128600
2024-02-16,70.10467529296875,70.39958096918144,69.85585148505109,70.02173636736484,13381600
2024-02-20,70.3903579711914,70.6207532333752,70.20604457388654,70.5470320931165,15285800
2024-02-21,70.4456558227539,70.47330212853562,70.12309683901991,70.24290687221432,11433700
2024-02-22,71.23821258544922,71.25664111136798,70.89722509156047,71.02624586630651,15476000
2024-02-23,71.33036041259766,71.45016339394321,71.21055040014807,71.3119248578651,11400000
2024-02-26,71.22900390625,71.38567100544043,71.0999831150219,71.38567100544043,15015200
2024-02-27,71.42252349853516,71.47781610548377,71.22899234311039,71.27506717186601,11110900
2024-02-28,71.00782012939453,71.09997682481782,70.88801009734959,70.9433097394877,12196600
2024-02-29,71.192138671875,71.46861580925659,70.83272261194234,71.34880576854192,17221700
2024-03-01,71.88331604003906,71.91096234430844,71.19213030888484,71.48703593959978,18930500
2024-03-04,71.69900512695312,71.84645443183659,71.5884128749617,71.66214104295598,13961000
2024-03-05,71.56998443603516,72.00312160354477,71.3672354893555,71.74508004635433,12874400
2024-03-06,72.41783905029297,72.62979874984845,72.21509009864494,72.35332865941453,24098100
2024-03-07,73.27490997314453,73.36706667031227,72.8970583743199,72.96156876544785,18279100
2024-03-08,73.03529357910156,73.59745854642594,72.92470132891964,73.523730379638,14926900
2024-03-11,72.62059020996094,72.64823651673439,72.26117415969516,72.54686203782809,10496000
2024-03-12,73.20117950439453,73.21039728315345,72.44548336158003,72.72196047550695,15296000
2024-03-13,73.21040344238281,73.37628831847393,73.09981118128684,73.12745748878442,14166600
2024-03-14,72.6758804321289,73.2380454217094,72.40862109027053,73.1919635578663,25572000
2024-03-15,72.70352172851562,72.90627066568685,72.46390870903102,72.84176027941461,17529100
2024-03-18,72.68509674072266,72.91549199306678,72.6297970990086,72.8878386566572,13472200
2024-03-19,72.8141098022461,73.00764094997089,72.53763271629388,72.63900717906941,13222100
2024-03-20,73.58824157714844,73.63432343967398,72.71274243800372,72.76803504815032,18834900
2024-03-21,73.55137634277344,73.75412528494607,73.53294781671454,73.63432228780086,13021000
2024-03-22,73.39470672607422,73.56980935755493,73.3117678150179,73.52372749734273,12832800
2024-03-25,73.238037109375,73.5052964209001,73.16430894803611,73.16430894803611,9418000
2024-03-26,73.32098388671875,73.61588953262053,73.32098388671875,73.58824322692743,12343100
2024-03-27,73.76335144042969,73.78177996858142,73.39471759744343,73.48687430041356,12337200
2024-03-28,73.59745788574219,73.69883235638933,73.46843711057399,73.47765488911598,17180400
2024-04-01,73.28411865234375,73.60667762998324,73.10902304199942,73.46843907258133,15419500
2024-04-02,72.76803588867188,72.76803588867188,72.51921210903303,72.70352549905402,17414900
2024-04-03,73.17353820800781,73.28412343626417,72.6298017216937,72.63901950108358,15898300
2024-04-04,72.54685974121094,73.68040046967064,72.48234935041327,73.6527541637724,19950400
2024-04-05,72.77725982666016,72.92470914493458,72.30725150189308,72.44549007166054,21091800
2024-04-08,73.13666534423828,73.29333241953647,73.00764457268627,73.19195795173066,12350900
2024-04-09,73.12744903564453,73.54216469348627,72.80489710028198,73.47765430641375,12469100
2024-04-10,72.15979766845703,72.4731318446254,71.88332054622175,72.07685171934433,21567300
2024-04-11,72.35332489013672,72.44548158214708,71.56076468285877,72.40861749912196,11967000
2024-04-12,71.18292236328125,71.96626489390877,71.09076565928493,71.75430517782779,17934600
2024-04-15,70.97095489501953,72.1044955894584,70.86036264364047,72.01233889552837,21610100
2024-04-16,70.27056121826172,70.61154876783047,70.0401659355789,70.39958201407562,24161800
2024-04-17,70.31663513183594,70.7036974754866,70.0032939266626,70.66683339069532,15748000
2024-04-18,70.12310028076172,70.60232637485005,70.01251505220716,70.28898515469913,12884200
2024-04-19,70.15074920654297,70.41800854391524,69.93878247997009,70.20604181734235,16925000
2024-04-22,70.97095489501953,71.21056089301658,70.47330031047134,70.53781069933287,17314200
2024-04-23,71.74507904052734,71.83723573378836,71.15526776633085,71.21056037606647,13466000
2024-04-24,71.60684204101562,71.85567285244267,71.32115417636733,71.85567285244267,8530000
2024-04-25,71.27507019042969,71.37644466153186,70.42721736948873,70.60232000704794,11479600
2024-04-26,71.8464584350586,71.93861513463379,71.56077055704384,71.58841686380585,12676400
2024-04-29,72.12293243408203,72.2519532141077,71.9201834851545,72.03077573850729,10560000
2024-04-30,71.21056365966797,72.08606986378072,71.15527104738275,71.88332091059449,18994300
2024-05-01,71.05389404296875,71.90174687967026,70.87879843325967,71.19213259986913,17900300
2024-05-02,72.01234436035156,72.14136514786564,71.42253303711416,71.81881317908044,14993300
2024-05-03,72.73116302490234,73.00764010766477,72.28880812980762,72.78646266011741,15055600
2024-05-06,73.22882080078125,73.28411340734264,73.03528964671179,73.09058225327318,9411400
2024-05-07,73.42236328125,73.58824815762877,73.31177805106795,73.4684451478963,9065800
2024-05-08,73.33941650390625,73.35784502992766,73.08137495297699,73.0998034789984,6667500
2024-05-09,73.9015884399414,73.91079918826867,73.33020564389999,73.33020564389999,13256000
2024-05-10,74.03981018066406,74.20569503298128,73.94765349184442,74.15040242591043,8022000
2024-05-13,74.03981018066406,74.23334836762136,73.93844274473572,74.10432759705294,6990500
2024-05-14,74.59276580810547,74.60197655539103,74.25177831871011,74.3255064836234,15228300
2024-05-15,75.38533020019531,75.38533020019531,74.79551891026121,74.94296821719213,10823700
2024-05-16,74.9798355102539,75.30238747462914,74.95218920346538,75.23787708175409,13042100
2024-05-17,75.23787689208984,75.27474097808344,74.88767862180889,74.9982638486842,10219600
2024-05-20,75.29315948486328,75.50512619333973,75.25630243488041,75.31159504095925,5836800
2024-05-21,75.1733627319336,75.22865534260016,74.97983156349547,75.01669564764155,6222000
2024-05-22,74.4637451171875,74.74021518926006,74.26099617900475,74.66648702426545,10721200
2024-05-23,74.08589935302734,75.11807265055663,73.94766079060118,75.10885487143346,8805800
2024-05-24,74.69414520263672,74.80473042619417,74.42688586053077,74.46374994541834,9289500
2024-05-28,74.66649627685547,74.98905528090181,74.44531878556839,74.97061972181625,13036500
2024-05-29,73.48686981201172,73.8278573263908,73.45922350591982,73.7080543229575,13662100
2024-05-30,74.10433197021484,74.28864535873112,73.9200115505935,73.94765785576043,7456100
2024-05-31,74.81395721435547,74.85082130368225,74.2425743764496,74.61120823861125,19932400
2024-06-03,75.02591705322266,75.24709453768583,74.72179361764488,75.05356335989237,17127700
2024-06-04,74.93375396728516,75.05356400535824,74.62041978085975,74.86003282590039,12565500
2024-06-05,75.45904541015625,75.48669874469451,74.89688046999048,75.3023783366293,8661500
2024-06-06,75.71710205078125,75.71710205078125,75.440624924771,75.4867067894745,13195600
2024-06-07,74.89689636230469,75.30239431498582,74.82317521454041,75.05357050018084,21589700
2024-06-10,74.84159851074219,74.92454446394831,74.27943349059791,74.39002575117085,8995400
2024-06-11,73.99114227294922,74.14116494016899,73.57856741891753,73.97238496841199,17004600
2024-06-12,74.8631591796875,75.37887771553014,74.73188667125758,75.18196895288527,15188900
2024-06-13,73.79422760009766,74.24430991704696,73.49417510673669,74.24430991704696,12784200
2024-06-14,72.97846221923828,73.05347712952658,72.53775856356404,72.81906090023735,17500000
2024-06-17,73.26913452148438,73.28789182557183,72.54713569805723,72.79092342067057,13582700
2024-06-18,73.55979919433594,73.58793514696497,73.25037525356215,73.26912540150029,16057100
2024-06-20,73.60669708251953,73.71921944961169,73.33477339407527,73.40978830547003,10942900
2024-06-21,73.09097290039062,73.18474510934642,72.82842788447076,73.03471529806927,14237600
2024-06-24,73.67233276367188,74.0380215115834,73.62544665596398,73.69108291446565,12193700
2024-06-25,73.8504867553711,73.96300196070636,73.57856308611886,73.66294949012031,8751700
2024-06-26,73.306640625,73.45666328585789,73.08160305680552,73.19411826399511,10509700
2024-06-27,73.3628921508789,73.62543715099126,73.21286950244958,73.43790705200092,14156000
2024-06-28,73.44729614257812,73.67233372411535,73.1378649968296,73.3535310797556,17425000
2024-07-01,73.57856750488281,74.10365757148891,73.39103022836947,73.85049119046543,19845700
2024-07-02,73.75672149658203,73.7848502978384,73.27851041377816,73.34414666798143,10331700
2024-07-03,74.6006088256836,74.6568735779962,74.30993502835803,74.30993502835803,8107900
2024-07-05,75.09757995605469,75.22885962627255,74.5631112381839,75.21948097401079,8408800
2024-07-08,74.7225112915039,75.21947249814477,74.68500384049887,75.14445759613469,6031700
2024-07-09,74.42245483398438,74.61936357580771,74.23491758904709,74.56309882541932,8069800
2024-07-10,75.47264099121094,75.51952709475103,74.98505842194302,75.02256587401209,8189200
2024-07-11,75.68831634521484,76.11964136624502,75.64143023591805,75.98836884479306,8930000
2024-07-12,76.49469757080078,76.7666212264837,76.25090271504803,76.28841016622651,9289700
2024-07-15,75.81958770751953,76.32592763415718,75.75395144779701,76.31654898167803,7418700
2024-07-16,76.18527221679688,76.21340101885109,75.52890965614755,75.62267471426668,10902900
2024-07-17,75.78206634521484,76.08211878514538,75.6976799498349,75.81019514367482,11634200
2024-07-18,75.03194427490234,75.98836650612076,74.86316430197061,75.91335159508095,16481500
2024-07-19,74.5724868774414,74.84441055152097,74.4974719700094,74.80690309780495,15570300
2024-07-22,75.36012268066406,75.38825148010197,75.04131292813345,75.23822167801352,13762800
2024-07-23,74.93817901611328,75.0882088377987,74.88192140988907,74.96630781922539,12043000
2024-07-24,73.99114227294922,74.80690617492837,73.95363481769037,74.70376246142045,10698000
2024-07-25,73.52230834960938,74.17867091903643,73.11911215587118,73.3628998794781,17719800
2024-07-26,74.45996856689453,74.59124107252194,74.0192649463675,74.09427269685814,10574700
2024-07-29,74.13177490234375,74.319312149835,73.90673735916877,74.29118335116495,9305600
2024-07-30,74.3005599975586,74.49746875571023,74.00050753459206,74.42246100532985,8551600
2024-07-31,75.35075378417969,75.6789350764648,75.12571620572928,75.38826123955737,20969400
2024-08-01,73.35352325439453,74.5818619001066,72.99720603833883,74.3943246406523,18129800
2024-08-02,72.20018768310547,72.53774757444852,71.61883294716698,72.35958897795788,25136200
2024-08-05,70.62491607666016,71.10312715228592,69.30281236074958,69.60286482600564,28088800
2024-08-06,70.7468032836914,71.16875671799923,69.9591683190865,70.05293336432788,22307500
2024-08-07,71.0843734741211,72.2845833963498,71.04686601982452,72.05954582438578,24592600
2024-08-08,72.27520751953125,72.35022242357982,71.45943653408682,71.77824629938573,14824700
2024-08-09,72.55650329589844,72.565881947438,71.93764821677345,72.07829937460666,11022700
2024-08-12,72.4908676147461,72.69715502735383,72.25645140111277,72.50962491797323,7988700
2024-08-13,73.73796081542969,73.79421841536539,72.99720474974517,73.03471220097393,11927500
2024-08-14,74.00988006591797,74.07551631320747,73.73795642605732,73.87860757133896,7127600
2024-08-15,74.91004943847656,75.06007925861077,74.60061829981144,74.67563320987854,10364200
2024-08-16,75.32261657714844,75.38825282828223,74.97567801897556,74.99443532147941,10287800
2024-08-19,76.24152374267578,76.32591729592563,75.76331983824758,75.77269133564161,6741000
2024-08-20,76.00711059570312,76.28841291276181,75.86646659098886,76.11025430170363,5177900
2024-08-21,76.71035766601562,76.86038747306326,76.32591880463225,76.49469876065335,10653500
2024-08-22,76.26028442382812,77.0197906676529,76.21339831952149,76.99166186659495,7290700
2024-08-23,77.65739440917969,77.704280508266,76.78536590440046,76.87913094875874,10779000
2024-08-26,77.31046295166016,77.56363646379485,77.22607655015858,77.41360665603874,6719900
2024-08-27,77.66678619384766,77.79805870891137,77.3948625115541,77.49800622393495,9597100
2024-08-28,77.39485931396484,77.74179789162253,77.07604953782787,77.58238942664643,7883900
2024-08-29,77.68553161621094,78.08872778902858,77.55425910913684,77.76054652134331,9112100
2024-08-30,77.80742645263672,78.06059279510461,77.44173060758271,77.9386989492963,15627600
2024-09-03,76.57908630371094,77.50737965257728,76.39155619591989,77.4136074448667,9886700
2024-09-04,76.24152374267578,76.59784095046322,75.93209979093248,76.01648619036753,10324400
2024-09-05,76.26028442382812,76.4759433344824,75.92272450350265,76.33529932919271,12147400
2024-09-06,74.82566833496094,76.26029461108163,74.70376730900554,76.06338582355684,12344400
2024-09-09,75.5757827758789,75.8570850823427,75.38825267411292,75.39763132534567,10635000
2024-09-10,75.20072174072266,75.31324410353099,74.6193740840848,75.30386545150978,9742900
2024-09-11,75.65080261230469,75.67893141402276,74.43183540987627,75.26635657865032,12999100
2024-09-12,76.2696533203125,76.29778927422593,75.37887459938902,75.58516200519823,11685600
2024-09-13,76.44781494140625,76.7291172611171,76.31654243322524,76.37280003564133,7340500
2024-09-16,77.06666564941406,77.10417309668314,76.59783328927175,76.77598472153225,9869500
2024-09-17,76.6353530883789,77.0197919656749,76.38217956696049,76.97290586057808,7307300
2024-09-18,76.39156341552734,77.31984969830904,76.22278344103833,76.71036605966451,8454200
2024-09-19,77.90119934082031,78.05122200046836,77.32922319616817,77.78867698072284,9974100
2024-09-20,77.13230895996094,77.46049021136322,76.86038530770911,77.44173290910324,7892400
2024-09-23,77.42298889160156,77.50738245082493,77.21670147329478,77.25420892697014,6997700
2024-09-24,77.8824462890625,77.93871104909053,77.46049993483837,77.65740871039733,6855800
2024-09-25,77.46048736572266,78.04184209957448,77.44173006415176,78.02308479800358,11869000
2024-09-26,79.16704559326172,79.26081064989309,78.62319824945843,78.94200802658338,12875000
2024-09-27,78.68882751464844,79.2889324083609,78.57631231821149,79.0170087606139,10690700
2024-09-30,78.41690826416016,78.73571803084302,77.99496194623154,78.72633937934249,13424400
2024-10-01,77.83556365966797,78.4731760639568,77.42298882341775,78.44504726217889,18430900
2024-10-02,77.67615509033203,77.85431370644321,77.310466360073,77.694912394036,8335200
2024-10-03,76.95414733886719,77.15105608198438,76.67284504652008,77.00103343886319,9890500
2024-10-04,77.40422821044922,77.42297835782819,76.93539583401721,77.01040357734743,8536100
2024-10-07,76.97290802001953,77.27296765495282,76.69161284299274,77.16982394389836,7365100
2024-10-08,76.85101318359375,76.86039183552028,76.5978468121003,76.79475557966528,6339100
2024-10-09,76.86975860595703,76.93539485166686,76.38216893455751,76.43842652979043,5370800
2024-10-10,76.7760009765625,76.80413693333183,76.35405462462549,76.67285726318846,5794400
2024-10-11,77.1698226928711,77.24483044657299,76.72911905347654,76.73849055155469,6914900
2024-10-14,77.39485931396484,77.43236676726421,76.89789807692495,76.99166313326573,6646200
2024-10-15,76.11026000976562,77.1323184948364,76.0446237513714,77.11356119025768,17667300
2024-10-16,76.30716705322266,76.38218196220384,76.15714438907577,76.30716705322266,5931800
2024-10-17,76.31654357910156,76.61659605285128,76.24152867221032,76.58846725122088,8904600
2024-10-18,76.83226013183594,76.86038893273783,76.53220766585726,76.71035912284096,5863100
2024-10-21,75.92272186279297,76.46656917704763,75.79144935987838,76.41030442307361,8009100
2024-10-22,75.49140930175781,75.60392452055616,75.36013677728236,75.42577303952008,5844200
2024-10-23,74.73188018798828,74.98505368500736,74.40369894538445,74.81627373826616,7556000
2024-10-24,75.15383911132812,75.34136921968498,74.8256578447961,75.32261907037532,6522400
2024-10-25,74.90067291259766,75.44452029529991,74.77877904563988,75.33199792700489,9288100
2024-10-28,75.50076293945312,75.60390663482812,75.18196035652265,75.2382179526129,6985000
2024-10-29,75.2288589477539,75.40701041622695,75.0600789776425,75.24760909829271,8778400
2024-10-30,74.74126434326172,75.0694456100348,74.55373423476713,74.6099918365525,8828100
2024-10-31,74.28179931640625,74.37556435644854,73.57855078536804,74.37556435644854,19247600
2024-11-01,74.43183898925781,74.88192129983696,74.36620273082082,74.68501252452597,9951300
2024-11-04,74.48809814453125,75.04131697347232,74.44121204039739,74.84440821297727,10280100
2024-11-05,75.2288589477539,75.29449520536303,74.62874682327903,74.68501158252653,9596400
2024-11-06,74.14115905761719,74.22555261370749,73.53167547719627,74.12240890838326,11746200
2024-11-07,75.26634979248047,75.33198604184317,74.86315364530549,74.9944332978455,11634100
2024-11-08,74.22554779052734,74.43182803395666,73.86923059390077,74.43182803395666,11540300
2024-11-11,74.24430847167969,74.49747485178679,74.16929356134588,74.45997455043548,5839600
2024-11-12,72.86593627929688,73.53167747936183,72.50024755185015,73.53167747936183,16613700
2024-11-13,72.43461608886719,72.63152486637904,72.01266973045833,72.57526725960872,14828900
2024-11-14,72.58464050292969,73.1097305371644,72.50962559694896,72.95970072520295,19039000
2024-11-15,72.32208251953125,72.50961976941085,72.16268122249454,72.49086246751558,15433500
2024-11-18,72.71591186523438,72.84718437172374,72.21894348630741,72.26582959026007,7772600
2024-11-19,72.62213897705078,72.76279013377616,72.00328390280009,72.10642760747771,13402300
2024-11-20,72.42523193359375,72.42523193359375,71.91889204968543,72.32208822647455,12442000
2024-11-21,72.44398498535156,72.55650018373997,72.05953898068518,72.31271248468859,9161200
2024-11-22,72.72528076171875,72.85655326351274,72.35022055877297,72.35959205617625,16809800
2024-11-25,73.10035705566406,73.39103089462901,72.87531947562074,73.2878943338799,24934100
2024-11-26,72.67840576171875,72.99720838230549,72.45336104314732,72.97845823266546,9360800
2024-11-27,73.07221984863281,73.21287100266503,72.84718229447019,72.98782629468754,7477900
2024-11-29,74.04739379882812,74.0849012510072,73.33476651505578,73.36289531573632,11643900
2024-12-02,74.25367736816406,74.38494986709328,73.6723226201813,74.15053366846044,15721100
2024-12-03,74.67562103271484,74.89128707553576,74.4505834930254,74.74125727986653,13289900
2024-12-04,74.73188018798828,74.90066013472948,74.61936499270385,74.76938763768794,10434400
2024-12-05,75.09757995605469,75.21948097401079,74.95693594120628,75.10695860831645,11910800
2024-12-06,75.08820343017578,75.3788772464883,74.91942346984253,75.3788772464883,7072500
2024-12-09,75.04132080078125,75.60391831000611,75.01319199839233,75.5101532507712,7801100
2024-12-10,74.36619567871094,74.87253554741565,74.34744552971371,74.85378539841842,10662800
2024-12-11,74.83503723144531,74.89130199293571,74.5349847341546,74.7600294724845,11858900
2024-12-12,74.17866516113281,74.7412626275168,74.12240756063889,74.44121016852435,8623800
2024-12-13,73.97238159179688,74.27243406635554,73.77547282603793,74.27243406635554,10116600
2024-12-16,73.72858428955078,73.98175780418943,73.60669043490462,73.68170533952458,25547700
2024-12-17,73.61167907714844,73.85879585656367,73.53564928072926,73.59267344086663,13934900
2024-12-18,71.80584716796875,73.69722343134924,71.6727859585626,73.54514933414676,16470400
2024-12-19,71.5777359008789,72.10998798889365,71.5302181840527,72.04345738430332,17486600
2024-12-20,71.37814331054688,71.97692599663748,70.68432519183779,70.69382438432444,20878200
2024-12-23,71.84386444091797,71.89138941308575,71.22608331049292,71.51121138962156,10491200
2024-12-24,72.10047912597656,72.15750328477162,71.6917890682644,71.8723752395045,5585200
2024-12-26,72.44264221191406,72.56619697925944,72.16701334510464,72.22403750675757,10784900
2024-12-27,72.33809661865234,72.4996699187646,72.07197418286921,72.30958453643166,15819700
2024-12-30,71.86287689208984,72.11949288687008,71.54922948079754,71.89138897469958,16427600
2024-12-31,71.86287689208984,72.21454283062602,71.70130358977295,72.10048724889445,21393500
2025-01-02,71.61576080322266,72.10999441101771,71.41616897167597,71.94841385580045,12756600
2025-01-03,71.92940521240234,71.98642937580671,71.51120867732395,71.78683755259904,12548800
2025-01-06,72.61372375488281,73.07943800631763,72.47115609591108,72.54719314753498,16201800
2025-01-07,72.55668640136719,73.24100530738251,72.45214452805708,73.24100530738251,9393200
2025-01-08,72.44264221191406,72.54719134247253,71.92940300316123,72.13850126427818,7894800
2025-01-10,71.34012603759766,71.91989584629664,71.188059190933,71.90089020969809,12021900
2025-01-13,71.14053344726562,71.17855197134051,70.5607636448845,70.57027008872623,12019700
2025-01-14,71.39715576171875,71.5302169686385,71.05499630069885,71.30210582709726,9963200
2025-01-15,72.30957794189453,72.48065767090894,72.00543700712356,72.42362626037622,12144700
2025-01-16,72.68025207519531,72.88935033493517,72.31907971699297,72.47115381545545,17925700
2025-01-17,72.97489166259766,73.36457612859647,72.87984897008097,73.05092871712806,10667100
2025-01-21,74.44807434082031,74.46707997767432,73.83028599932823,73.94434157432886,13169100
2025-01-22,74.2770004272461,74.60965348296253,74.24848834408365,74.60014703814413,8666700
2025-01-23,74.8852767944336,74.8852767944336,74.3150134197832,74.45757382497663,10977200
2025-01-24,75.303466796875,75.52206423343115,75.16089915273878,75.22742975316348,7578400
2025-01-27,75.303466796875,75.34147806743917,74.91378238632211,74.9327880216042,13559100
2025-01-28,75.20842742919922,75.25595240101644,74.76172605006333,75.1894217912479,9458300
2025-01-29,75.19892120361328,75.42702509416098,74.94229798186666,75.21792683978728,7875400
2025-01-30,76.02580261230469,76.33945000247203,75.6931495854418,75.9212534822489,13792100
2025-01-31,75.3129653930664,76.1968760781684,75.24643479316805,75.90224160023158,14935000
2025-02-03,74.42906188964844,74.89478338516614,73.80177435169263,74.04889113999873,14997600
2025-02-04,75.2939682006836,75.37000525231966,74.80924106061909,74.88527811225516,10608300
2025-02-05,76.02580261230469,76.11134610566494,75.6076133433737,75.75968019081438,7857000
2025-02-06,76.38697814941406,76.54855144757123,76.21589840686752,76.27292257061889,7806500
2025-02-07,75.66463470458984,76.49152127044121,75.54107994241099,76.43448985988093,13110800
2025-02-10,76.17787170410156,76.20638378291692,75.95926701436437,76.01629842328676,7287300
2025-02-11,76.5390396118164,76.61507665899052,76.0638189439161,76.0923310237834,7583700
2025-02-12,76.82417297363281,76.97623981285015,75.9307558201213,76.04481138800311,17271400
2025-02-13,77.75559997558594,77.79361849751749,77.09980041331866,77.17583020589014,17212300
2025-02-14,77.86965942382812,78.26884304707457,77.85065378756057,78.1928059994204,8051800
2025-02-18,78.430419921875,78.53496905435803,78.24033454533802,78.3829022033869,9485900
2025-02-19,77.62254333496094,77.7461053513209,77.34691447323213,77.60353769852435,11042200
2025-02-20,77.98371124267578,78.03122895670407,77.53700267331843,77.85065004132997,9177400
2025-02-21,77.49898529052734,78.06924862629087,77.34691120030148,78.0502429906585,11630000
2025-02-24,77.45146179199219,77.92668245601449,77.30889414252712,77.81263413747592,11135700
2025-02-25,78.15480041503906,78.42092284990525,77.82214012016382,78.42092284990525,10091400
2025-02-26,78.25933074951172,78.87711902573048,78.09775747380122,78.38289275553034,11254600
2025-02-27,77.37543487548828,78.04074092935551,77.32790990680114,78.04074092935551,19003200
2025-02-28,77.53700256347656,77.60353316405522,76.80515870581971,77.29939223979683,20717700
2025-03-03,78.39240264892578,79.25730047266612,77.9646997075074,79.04820222370047,16234700
2025-03-04,78.3733901977539,79.20027675472733,77.18533855047176,77.83163893664492,18408500
2025-03-05,80.24576568603516,80.37882689860545,79.4378919664892,79.4378919664892,17092500
2025-03-06,79.41886901855469,80.30277967654841,79.36184486361681,79.6564793325176,18421000
2025-03-07,80.24576568603516,80.35031481752499,79.39987344128451,79.56144673493526,13184300
2025-03-10,78.35438537597656,79.2097767698728,77.82213330158626,78.924648722338,19368400
2025-03-11,78.08826446533203,78.55397869449448,77.56551882453296,78.43992312251322,18088800
2025-03-12,78.64901733398438,78.82009705751177,78.1072660846962,78.61099881194588,15886300
2025-03-13,78.12628173828125,78.41141706448732,77.8791721902814,78.192812347557,18561400
2025-03-14,79.56144714355469,79.5804600319008,78.74406697568652,78.88663463311325,13971300
2025-03-17,80.45486450195312,80.57841927124832,79.71352138359731,79.77054554615013,12966800
2025-03-18,80.44535827636719,80.56891304599814,79.97964402790495,80.38833411365941,10513400
2025-03-19,80.68296813964844,80.9681034540648,80.10319831794948,80.16022248031585,16362400
2025-03-20,80.00814819335938,80.0746787937001,79.50441546916649,79.52342110442459,11820500
2025-03-21,79.51393127441406,79.66599812825797,79.23830239732375,79.40938213995592,18771200
2025-03-24,79.5044174194336,79.67549714611947,79.21928212452653,79.44738600967712,12201700
2025-03-25,79.94161987304688,80.14121167976165,79.75153450987808,80.04616899817725,10478200
2025-03-26,78.90563201904297,79.62796942352293,78.77257081970343,79.40937198944721,17010400
2025-03-27,79.07671356201172,79.25729973011593,78.7440605559974,78.78207907829784,10331900
2025-03-28,78.3733901977539,78.78208025447064,78.21181691403356,78.68703757294642,14242300
2025-03-31,77.67957305908203,77.82213345748909,76.90971065122453,77.24236366632745,25560500
2025-04-01,77.79362487792969,78.04074166510676,77.3184041917465,77.72709427191573,15154000
2025-04-02,77.97421264648438,78.05974889111843,77.16633891378478,77.22336307687415,14451600
2025-04-03,76.33944702148438,77.40394391717007,76.24440433913377,77.21385130117699,18718400
2025-04-04,71.30210876464844,73.67821220223898,71.25459104667196,73.42159622154779,40904300
2025-04-07,69.58180236816406,72.47114461032406,68.57433697333865,69.08757611352081,63057500
2025-04-08,69.34420776367188,72.15751360344174,68.64088311655263,72.07197735301729,36425000
2025-04-09,74.69518280029297,74.95180602752431,69.15411519742175,69.53429319065465,60645100
2025-04-10,73.22200775146484,73.64970348927324,71.55873526908826,73.37407460775286,36697600
2025-04-11,75.05635070800781,75.22743043225734,73.39307843108428,73.50712674638952,28909900
2025-04-14,75.86422729492188,76.26341091649716,75.246438975079,75.51256138946253,15749900
2025-04-15,76.54855346679688,76.90021940555572,76.37747371973754,76.46300996762089,13679800
2025-04-16,76.25391387939453,77.04277470110259,75.97828501348029,76.55805482604264,16542600
2025-04-17,77.08079528808594,77.54650953888054,76.80516641479744,76.94773407357319,14072500
2025-04-21,76.66260528564453,77.51799672766205,76.1208467371381,77.43246048397721,15883900
2025-04-22,78.24983978271484,78.60149844901392,77.69858204745033,77.71758768429399,14923200
2025-04-23,78.56348419189453,79.48540619529197,78.3448794943869,79.00068633561787,15223500
2025-04-24,79.60897064208984,79.63748272278988,78.78208404532808,78.915145256123,11194200
2025-04-25,79.95112609863281,79.97963817790122,79.34284423660078,79.45689255367444,10485300
2025-04-28,80.48336791992188,80.5689041545439,79.97963520148147,80.05567224422873,10085400
2025-04-29,80.64494323730469,80.81602296216792,80.36931438884217,80.39782646777076,8303800
2025-04-30,80.54989624023438,80.79701299652467,79.70400410465852,80.10318769084888,24147900
2025-05-01,80.29328918457031,80.77800905664357,80.18874005499559,80.76850986398557,10070900
2025-05-02,81.83300018310547,82.02309280712899,81.55737131674047,81.69993897193508,14798400
2025-05-05,81.97557067871094,82.1941753910895,81.95656504129613,82.08962625707703,8119800
2025-05-06,81.87100982666016,82.1561451061183,81.78547359359754,81.93754042502822,8661700
2025-05-07,81.59538269042969,81.91853649730203,81.34826592650279,81.67141973337513,8536600
2025-05-08,81.31025695800781,81.82348888418898,81.26273199199872,81.82348888418898,12228300
2025-05-09,81.70944213867188,81.93754602705893,81.49083744263588,81.93754602705893,9149000
2025-05-12,82.12763977050781,82.13713896298923,81.40530232086225,81.82349158009539,12602500
2025-05-13,82.23218536376953,82.43178443557262,81.9280444109018,82.02309435034796,13242900
2025-05-14,81.83300018310547,82.52682557103006,81.7759760215445,82.50781268298164,10173300
2025-05-15,82.7264175415039,82.78344170317084,82.21317833262495,82.42227659379328,11283200
2025-05-16,82.91649627685547,82.95451479868731,82.4697877094458,82.63136824005403,8372100
2025-05-19,83.70537567138672,83.71488211596022,82.89750191366042,82.91650755151485,9062900
2025-05-20,84.10455322265625,84.14257174689787,83.83843080425697,83.88595577238202,23335500
2025-05-21,83.6103286743164,84.4847329964478,83.57231014927258,84.20910412834921,15278800
2025-05-22,83.56279754638672,83.78140223645393,83.15410749640239,83.28716869860271,12787300
2025-05-23,83.6768569946289,83.8289238393582,82.83096477656346,82.87848249310112,16959600
2025-05-27,84.89341735839844,85.02647856144314,84.70333199727507,84.87441172280279,12435700
2025-05-28,83.91446685791016,84.16158363690501,83.75289357026782,84.06653370178178,16812400
2025-05-29,84.28514099121094,84.3516715970668,83.8764509120129,84.3421651530039,11454200
2025-05-30,84.40869140625,84.49423489582051,83.80040954085099,84.35166724739754,18590200
2025-06-02,85.3116226196289,85.34013470159768,84.27563771657825,84.56077303885081,25710500
2025-06-03,84.66531372070312,84.75084995806957,84.23761077999569,84.45621547208506,11787400
2025-06-04,85.04550170898438,85.30211770259056,84.80789135326685,84.86491551822543,11593300
2025-06-05,84.98846435546875,85.40666087273016,84.80788542861757,85.31161818734131,14543100
2025-06-06,85.29261016845703,85.39715930374061,85.06450626024397,85.17856183999675,10301000
2025-06-09,85.2831039428711,85.53971991203878,85.12152340538873,85.17855481620859,9641600
2025-06-10,85.39715576171875,85.62525966047073,85.20707038797414,85.58724838675558,10254100
2025-06-11,85.25458526611328,85.69179466348933,85.19756110614769,85.5492270122834,12329600
2025-06-12,85.91039276123047,86.02444833331701,85.6822888683494,85.72980658491645,13288000
2025-06-13,84.8078842163086,85.2735984439611,84.60828515316554,84.79837777251798,22177100
2025-06-16,85.1259994506836,85.91885829717704,85.1259994506836,85.48375562145549,17843400
2025-06-17,84.08174133300781,84.84559429220212,83.98505267243667,84.76824041299643,16726300
2025-06-18,84.22677612304688,84.69088463412692,84.02372772734039,84.32346478144923,18504400
2025-06-20,83.47259521484375,84.16876536630002,83.45325305681892,84.1590942872876,16900600
2025-06-23,84.10108184814453,84.13008770806198,82.84410715466166,82.90211887449657,23100600
2025-06-24,85.1259994506836,85.25169397598995,84.6618835366247,84.75857957733811,14900600
2025-06-25,84.66188049316406,84.7779113117257,84.46850317243324,84.67155157226217,14422100
2025-06-26,85.60944366455078,85.67712646180202,85.21301058288525,85.31937031811884,15791500
2025-06-27,86.3829574584961,86.65369601548703,86.01553762502976,86.22825708851552,15987700
2025-06-30,86.43130493164062,86.52799358438112,86.00586600733682,86.17024483155414,28062100
2025-07-01,86.2862777709961,86.43131445452245,86.08322936480806,86.16058324627174,11406100
2025-07-02,86.53767395019531,86.59568567269133,85.89951549525055,86.02521739648812,13133600
2025-07-03,86.5570068359375,86.71171459503402,86.43131231432557,86.47966033326122,5311100
2025-07-07,85.61911010742188,86.15090137792444,85.37738479077402,85.99620101124285,12925000
2025-07-08,86.24759674072266,86.33462169746093,85.66745741099743,85.76414606980633,9061400
2025-07-09,86.89542388916016,86.92442974832888,86.42163693316579,86.6246853242184,8699900
2025-07-10,86.83740997314453,86.90509277419883,86.46999010697432,86.66336743088031,8554400
2025-07-11,86.00587463378906,86.17991717692709,85.87050903100082,86.15091131588277,8468000
2025-07-14,86.00587463378906,86.07355743518318,85.63845476577414,85.71580864647373,7969900
2025-07-15,85.10665893554688,86.02521970196001,85.04864721149615,86.01554862232744,10572000
2025-07-16,85.45474243164062,85.51276153147604,84.81659134842852,85.06798777605617,16776500
2025-07-17,85.67713165283203,85.68680273213148,85.17433880546955,85.23235790439419,9542000
2025-07-18,85.4354019165039,86.08322403569545,85.35804803982893,86.07355295689315,11044700
2025-07-21,85.88984680175781,86.32494944893877,85.67712732913719,85.84149878457251,9324000
2025-07-22,86.3636245727539,86.43130736926825,85.77381418446966,85.9865336526209,12134300
2025-07-23,88.51014709472656,88.53915295382284,87.49489776512739,87.54324578153559,18088200
2025-07-24,87.8526611328125,88.24908686785471,87.8526611328125,88.05570954005933,12025500
2025-07-25,87.74629211425781,87.75596319268696,87.10813372161948,87.20482975216814,9583200
2025-07-28,86.3346176147461,86.88575105845304,86.15090400788662,86.83740304289903,13654000
2025-07-29,86.16057586669922,86.34428947522252,85.9865333367486,86.34428947522252,11888600
2025-07-30,85.54176330566406,86.13157371718232,85.22268409086792,85.88984838055588,14623000
2025-07-31,84.62320709228516,85.22268861461396,84.45883562510333,85.18401167347608,29271500
2025-08-01,84.40081787109375,84.53618346696786,83.8690191895371,84.39114679228226,18658100
2025-08-04,85.52242279052734,85.54176494887724,85.19367986729888,85.30971068678234,14718100
2025-08-05,85.51275634765625,85.70613366372586,85.25168885640335,85.66745672513758,11634100
2025-08-06,86.07355499267578,86.2185916706538,85.83182965500308,85.89951245447655,11499900
2025-08-07,86.84707641601562,87.10813652703906,86.47965656946036,87.04045372959804,11525600
2025-08-08,87.37887573242188,87.53357610904436,87.09847346186744,87.16615625980322,10367200
2025-08-11,87.01144409179688,87.21449247530259,86.90508436088369,87.13714597935137,8516600
2025-08-12,88.07503509521484,88.13305418897305,87.29184740975758,87.3982071419643,12302700
2025-08-13,88.6068344116211,88.6261765686407,88.34577430682823,88.36510908697636,9490500
2025-08-14,88.61650848388672,88.64551434352457,88.18139845870388,88.21041169521347,11790600
2025-08-15,89.13863372802734,89.22565130463707,88.99359705680627,89.16763958689725,11864300
2025-08-18,89.04193878173828,89.0902867983587,88.76154389132901,88.90657318744704,11577800
2025-08-19,89.0516128540039,89.42870379033035,88.97425897555954,89.2740034103135,10721600
2025-08-20,89.37068939208984,89.3996952514194,89.06128126445515,89.21598163983667,15871100
2025-08-21,88.80988311767578,89.02260258442564,88.65518274532138,88.87756591374423,11258900
2025-08-22,90.14421844482422,90.28924774958904,89.1289690502381,89.15797491119106,15827500
2025-08-25,88.95492553710938,89.8734788826677,88.93559075564238,89.71877850031572,11700800
2025-08-26,88.85823059082031,88.90657122950454,88.63584004688421,88.7035228425393,11788900
2025-08-27,88.6455078125,88.68418474812482,88.02669159624533,88.2007341181214,13054200
2025-08-28,88.97425842285156,89.09028923979733,88.79055218377721,88.95492364179651,11136400
2025-08-29,88.45214080810547,88.61651227099229,88.30710412684624,88.50048145061051,18544500
2025-09-02,87.58192443847656,87.73662481565057,87.05979683387974,87.11780855321103,15496100
2025-09-03,87.71729278564453,87.79464666509323,87.37887878414645,87.45622528672318,14418600
2025-09-04,88.35543823242188,88.37478038949051,87.93000667624142,87.98801839370432,10348000
2025-09-05,88.75187683105469,89.33201617240867,88.471474551078,89.07095605070457,15510600
2025-09-08,89.64141845703125,89.67042431567333,89.18697366664811,89.39969313251865,12010700
2025-09-09,89.34168243408203,89.43837108961542,89.09995710681281,89.27399963752151,10893200
2025-09-10,89.32234191894531,89.699432846268,89.21598218284183,89.5834094082436,11838300
2025-09-11,90.26990509033203,90.29891094875374,89.68009471285251,89.70910057127422,11013000
2025-09-12,89.91215515136719,90.04752075124179,89.69943567245798,89.91215515136719,10010500
2025-09-15,90.51163482666016,90.57931762523506,90.23123255345789,90.35692707170507,18108000
2025-09-16,90.26023864746094,90.44395226272879,89.99917853138666,90.42461010487332,25226900
2025-09-17,89.92182159423828,90.6663323551628,89.54473067447668,90.15387584250583,17013600
2025-09-18,90.26990509033203,90.3859359008903,89.74777750812697,90.01850868922484,15791600
2025-09-19,89.92182159423828,90.06685826573234,89.68976734597074,89.96049853176146,21889300
2025-09-22,90.21189880371094,90.25056836601995,89.6607653299092,89.8831485091094,13692200
2025-09-23,90.03785705566406,90.56964837610442,89.9411610184277,90.41494799489571,14688400
2025-09-24,89.51573181152344,89.8444747408556,89.39970098988567,89.6220915538067,14910700
2025-09-25,88.8775634765625,88.97425212874157,88.50047256925426,88.9065693345291,22434600
2025-09-26,89.56407165527344,89.57374273454164,89.17731700700989,89.25466351053936,18138000
2025-09-29,89.91215515136719,89.97983795130449,89.69943567245798,89.84447235142989,13807100
2025-09-30,90.27957916259766,90.36659674074845,89.7864574224615,89.8154632818451,24295000
2025-10-01,91.02409362792969,91.14978814931496,90.75336242687099,90.7726972082872,17167900
2025-10-02,91.16912841796875,91.46886547337519,90.76303162479775,91.41085375345699,15300500
2025-10-03,91.93297576904297,92.11668199656233,91.71058522810307,91.8266160377506,13985500
2025-10-06,92.14569854736328,92.36808171943396,92.00066187430278,92.09735053071924,12812500
2025-10-07,91.34317016601562,91.86529777138723,91.3044932274468,91.81694975395826,9075000
2025-10-08,91.61389923095703,91.78794176203793,91.42052191947673,91.6525761686274,11159400
2025-10-09,90.85972595214844,91.65258480693963,90.63733538380123,91.65258480693963,10567900
2025-10-10,89.18697357177734,90.66633137592143,89.07095013733246,90.588984878582,26137200
2025-10-13,89.9024887084961,89.99917736590587,89.46737868484455,89.5834094998593,11132900
2025-10-14,90.30859375,90.57932496624105,89.28367323253724,89.39003297847086,15119000
2025-10-15,90.74369049072266,91.01442168922452,90.23123395400532,90.75336156977541,15005400
2025-10-16,91.21746826171875,91.60423027049406,90.88872534922636,91.29482213884816,24970300
2025-10-17,91.38184356689453,91.43985528406608,90.81136796617892,90.92739877739349,16789400
2025-10-20,92.13602447509766,92.22304204998372,91.78793942181063,91.80727420171708,12951100
2025-10-21,91.45919799804688,91.85563110476606,91.42052843449233,91.7202655017088,16644300
2025-10-22,91.3238296508789,91.62357408596073,90.93707501197777,91.46886632890276,15028600
2025-10-23,91.749267578125,91.85562731569291,91.48820746210399,91.48820746210399,10584400
2025-10-24,91.89430236816406,92.05867382216877,91.79761371150667,91.93297930620135,8967800
2025-10-27,92.53245544433594,92.5614686811575,92.31974334574714,92.39708984665589,10612600
2025-10-28,92.49378204345703,92.77417692924834,92.31006843557103,92.46476880783963,9187600
2025-10-29,91.97166442871094,92.5808096590442,91.5172195874218,92.49379207337043,17914300
2025-10-30,91.5655517578125,91.93297897942485,91.3721744451851,91.43985724229185,13967800
2025-10-31,91.36250305175781,91.47853386505751,91.01441798873032,91.45919170773844,19459200
2025-11-03,91.40118408203125,91.5075438214337,91.1401239615074,91.43018994243702,10681400
2025-11-04,90.46328735351562,90.91773216534177,90.35692761556177,90.4342814935049,10349000
2025-11-05,91.0434341430664,91.19813452221993,90.56964717289263,90.57931825186218,12451300
2025-11-06,90.84037780761719,91.2368108973281,90.60832355188522,91.14978594088375,16176000
2025-11-07,91.17880249023438,91.19813727188459,90.25057067983929,90.47296124161296,13976900
2025-11-10,92.13602447509766,92.19403619168837,91.45918914843006,91.72025662683102,15682400
2025-11-11,92.81285858154297,92.95789525951199,92.50345044441593,92.50345044441593,12959400
2025-11-12,93.3639907836914,93.489692678758,93.12226544932861,93.12226544932861,9532200
2025-11-13,92.36808013916016,93.26729864450506,92.2713914843979,93.16093891120512,15864800
2025-11-14,92.10702514648438,92.3680852665211,91.64290925024228,91.73959791037176,17396400
2025-11-17,90.90806579589844,91.73960158468553,90.57932286291722,91.46887037473108,18850900
2025-11-18,89.72844696044922,90.06686095278387,89.24499629229351,89.73811066246466,22482300
2025-11-19,89.45770263671875,89.98950128823897,89.09028280822287,89.64141623940233,15425200
2025-11-20,88.22007751464844,90.16355130262048,88.19107165431438,90.04752048441239,26720600
2025-11-21,89.58341217041016,89.82513750957648,88.72287055312783,89.0516134734955,27211400
2025-11-24,89.6607666015625,89.80579590445791,89.28366828341855,89.3900280234565,18550900
2025-11-25,90.73401641845703,90.77269335652024,89.81546311428895,90.04751736579648,19903700
2025-11-26,91.72993469238281,91.86530029265299,91.11111841204144,91.1401242725462,13481200
2025-11-28,92.03934478759766,92.06835064871854,91.60423474016807,91.70092340286172,8136000
2025-12-01,91.58489227294922,92.00066012682727,91.55588641426239,91.77826958210909,21791500
2025-12-02,91.89430236816406,91.9813199460942,91.61390010004749,91.93297930620135,14267600
2025-12-03,92.3874282836914,92.4260978466052,91.9523182437553,91.97166040208418,14439800
2025-12-04,92.6388168334961,92.99657299195484,92.48411645204904,92.89988433144143,13862900
2025-12-05,92.6388168334961,93.0449210106475,92.47444537293612,92.91921911279533,15829800
2025-12-08,92.34874725341797,92.64848430239131,92.20371057986351,92.64848430239131,13589200
2025-12-09,92.22305297851562,92.65816303512112,92.203718196318,92.4357724670509,15966700
2025-12-10,93.24796295166016,93.40266332239139,92.33907337667311,92.39708509358839,21171700
2025-12-11,93.7990951538086,93.93446074273692,93.43166794654199,93.51869289763668,19221400
2025-12-12,93.30597686767578,93.96347005674049,92.96756288290827,93.8474392433038,20514900
2025-12-15,93.87644958496094,94.19552880449388,93.66373748214427,94.08916906464957,22751500
2025-12-16,93.44133758544922,93.7465135229002,93.12632283525832,93.65791163443247,29380500
2025-12-17,92.68333435058594,93.4708674574171,92.66364170435239,93.2543009226557,34926000
2025-12-18,93.3428955078125,93.82526019399788,93.10663632628922,93.47086766644095,29971400
2025-12-19,93.9729232788086,94.23872142488305,93.72681777865127,93.77604188290026,31094700
2025-12-22,94.20918273925781,94.26825316664298,93.9138606445074,93.98276988433688,15861200
2025-12-23,94.79000091552734,94.93766572641321,94.6718675647098,94.78015459198981,16485700
2025-12-24,94.90813446044922,94.957351057149,94.69156040544624,94.82937889307645,5609700
2025-12-26,95.06563568115234,95.09516714053443,94.83921530831617,95.02625789846152,9304200
2025-12-29,94.7801513671875,94.96719395531528,94.56357731999618,94.76046623132648,16705400
2025-12-30,94.93766021728516,95.29205273862854,94.91796757135283,95.12469529037917,15877000
2025-12-31,94.53404235839844,94.88843487511855,94.42575533881487,94.82937195917977,27618000
2026-01-02,95.52831268310547,95.59722192333426,95.00657021986694,95.51846636006024,42922400
2026-01-05,96.62102508544922,96.62102508544922,95.71535860783032,95.74489006745247,25187000
2026-01-06,96.76869201660156,96.94588828876523,96.6013345574983,96.77853082966197,14557900
2026-01-07,96.40444946289062,96.68008642893044,96.31584757492409,96.61117718742048,15468900
2026-01-08,96.41429901123047,96.42413782424384,96.0106823613538,96.04021382148248,14090500
2026-01-09,97.27073669433594,97.34949225790095,96.79821833403366,96.88681271013637,16001700
2026-01-12,97.86139678955078,97.89092824851694,97.57591350197123,97.60544496093739,15313500
2026-01-13,97.3002700805664,97.70388671892488,97.1132350015742,97.68420158291562,17697700
2026-01-14,97.75311279296875,97.82202203620471,97.43809803666947,97.64482576637735,19947400
2026-01-15,97.71372985839844,98.06812237937051,97.6743520771189,98.06812237937051,24662400
2026-01-16,97.97952270507812,97.98936902825618,97.51684315278142,97.87123568175149,18699200
2026-01-20,96.4930419921875,97.15261044605757,96.3355383762717,96.47335685665199,26893300
2026-01-21,97.48731231689453,97.73341782411099,96.36507180483103,96.73914947200419,26150500
2026-01-22,97.8712387084961,98.11734422175054,97.63497951872422,97.84170724859264,16592800
2026-01-23,98.41267395019531,98.44220541013128,97.45778335602996,97.62513330269657,16753500
2026-01-26,98.9048843383789,99.25927687640976,98.89503801494911,98.97379358129912,14959300
2026-01-27,100.49964141845703,100.72606178995319,99.84992678426394,99.88930456672172,19754300
2026-01-28,99.43647003173828,99.78101623555044,98.99347561779926,99.61366629520509,21938700
2026-01-29,100.10588073730469,100.50948987260163,98.99347901328487,100.4307343060164,29236200
2026-01-30,99.17066955566406,99.95821015494703,98.80643822469432,99.77116757274497,27813400
2026-02-02,99.82039642333984,99.96806123154516,99.24942983723614,99.30849275630061,21725500
2026-02-03,99.86961364746094,100.07634888657573,99.07223419289659,99.5644452163154,23625500
2026-02-04,100.19447326660156,101.07060827468688,99.79086413875771,100.87372687240365,25576700
2026-02-05,98.7670669555664,99.57429274330858,98.7079965248721,99.0525502538653,22760200
2026-02-06,101.01154327392578,101.05092105567954,100.05665272039303,100.1058768252212,17343700
2026-02-09,102.37004089355469,102.54723715262026,101.51359856685754,101.62188558687227,20137400
2026-02-10,102.61614990234375,103.03945167400762,102.61614990234375,102.95085729671575,16861700
2026-02-11,103.30525207519531,103.5316649402313,102.53740407977908,103.20680386200313,20493500
2026-02-12,102.52755737304688,103.60057379582364,102.192849972642,103.4529089871316,29385300
2026-02-13,102.61614990234375,102.80319249068528,101.83845560042437,102.26175737208823,22651300
2026-02-17,102.59646606445312,102.71459190233674,101.4151551118081,101.74986251041463,19647200
2026-02-18,102.71459197998047,103.2757197525283,102.49802544018209,102.74413095001782,16099000
2026-02-19,102.42911529541016,102.46848556735817,101.75970801413293,101.92705795681623,15994100
2026-02-20,103.265869140625,103.41353394250285,102.24206936096073,102.24206936096073,25737500
2026-02-23,102.84256744384766,103.47259692240478,102.5669304857969,103.17726731846821,14151800
2026-02-24,103.02960968017578,103.28555399147906,102.45864312011072,102.54723749466713,17358000
2026-02-25,104.0140380859375,104.15185657299214,103.51198073421314,103.6202677612624,14783800
2026-02-26,103.92543029785156,104.07309510004313,103.2363379016827,103.99433953746845,28482700
2026-02-27,103.73838806152344,104.28966949084717,103.62026222780996,103.87620654121841,25575500
2026-03-02,101.6907958984375,102.11409766008398,101.11982933425502,101.1592071156342,38046600
2026-03-03,98.53079986572266,98.99347943319322,96.22725586241509,97.11323721389655,52567300
2026-03-04,99.80070495605469,99.9089919826487,98.83597555072791,99.21989955027243,30766400
2026-03-05,97.61529541015625,98.70799699081103,96.6899362672017,98.22563228270558,34508300
2026-03-06,96.74899291992188,97.15260954482275,95.54799687871143,95.75472459736415,27734400
2026-03-09,97.44793701171875,97.86139998236659,94.48483203709866,95.27236517388492,37484700
2026-03-10,97.67435455322266,99.30849120975901,97.52668974731694,98.18625070174595,44802900
2026-03-11,97.4676284790039,97.8318598277868,96.75884340709406,97.10338961967686,21345300
2026-03-12,95.9417724609375,96.60133343444501,95.49878554095048,96.5127390546653,34724600
2026-03-13,94.79984283447266,96.58164427422177,94.64233170736753,96.14849618522662,27628100
2026-03-16,96.5718002319336,96.78837428154613,95.9319244064086,96.11896699662744,17384000
2026-03-17,96.83760070800781,97.42825244166724,96.70962103350968,97.20183206331659,16411500
2026-03-18,95.18376922607422,96.48320601538215,95.10501366052972,96.28631710152088,26644800
2026-03-19,95.01641082763672,95.59722372957675,93.32321124851697,93.46102973157853,34858300
2026-03-20,92.1320571899414,94.63249012902386,91.6300073458456,94.63249012902386,45493400
2026-03-23,94.34700012207031,95.5086183732226,93.47086514990518,94.04183170787951,40781200
2026-03-24,93.78588104248047,94.31746982605333,92.88021460107953,93.01803308083429,22695800
2026-03-25,95.15423583984375,95.63660052558421,94.65217850784386,95.41018015686458,20476300
2026-03-26,93.18539428710938,94.73093659571799,93.14601650408534,93.98277373934964,19676500
2026-03-27,92.33879089355469,93.3625832118335,92.0631464118936,92.82115559300931,22341100
2026-03-30,92.60457611083984,93.50040372498181,92.21080581353067,93.24445190514929,16136400
2026-03-31,95.61690521240234,95.64644418096758,93.57915199293807,94.0812093109347,39448000
2026-04-01,97.07386016845703,97.77279893145503,96.68993616498692,96.98525827736314,27123200
2026-04-02,96.47335815429688,96.88681360099902,94.8589066390889,95.03610290346752,17276100
2026-04-06,96.95572662353516,97.19199332561742,96.50289337702725,96.60133408095605,11810900
2026-04-07,96.81790161132812,96.96556641254227,95.28220570400603,96.14849435496193,19809700
2026-04-08,100.59809112548828,101.0410780412721,99.93852264769474,100.8934132324961,22300800
2026-04-09,100.36182403564453,100.87372770266478,99.3380317226923,99.51522047987916,14958400
2026-04-10,100.58824157714844,101.09029890667277,100.22400272858468,101.03122847872972,8670300
2026-04-13,101.20842742919922,101.24780521202567,99.6038222093778,99.69241658782923,19346900
2026-04-14,102.02549743652344,102.20269370034472,101.60219566798061,101.73016782664,16581000
2026-04-15,101.70063781738281,101.8384563011478,101.33640647195136,101.77939338254683,8786300
2026-04-16,101.40531158447266,101.96643181996457,101.05091906621,101.94673917420344,13227600
2026-04-17,102.69490814208984,103.49228760066387,102.58662111554963,102.8327266284966,17321500
2026-04-20,102.29129791259766,102.31098304878347,101.5234424115562,102.10425532138375,12896100
2026-04-21,100.04680633544922,101.66125783363515,99.92868050080493,101.5234393528542,18105400
2026-04-22,100.38151550292969,100.78512462935332,100.06650075405854,100.73590803422772,9990800
2026-04-23,99.66288757324219,100.52918379558764,98.58987112943885,100.16494492841564,15773900
2026-04-24,100.18462371826172,100.37166630179051,99.57428688450472,99.83023870766878,14219400
2026-04-27,99.80070495605469,100.47011225202488,99.7613271726983,100.24369938590591,10091700
2026-04-28,99.38724517822266,99.55459511730774,98.99347487231242,99.35771371962457,11008800
2026-04-29,98.373291015625,98.91472612124714,97.95983557708293,98.83597055851232,10986800
2026-04-30,100.72605895996094,100.98201078347321,99.5152165926724,99.74163695780709,16585800
2026-05-01,100.50949096679688,101.26750015997942,100.47995950664198,100.69653356183699,14447200
2026-05-04,99.13129425048828,100.1354089151794,98.69815366955419,99.85977195170935,21026300
2026-05-05,100.45042419433594,100.56855754096956,99.6136669763437,100.08618534179023,12347300
2026-05-06,103.1772689819336,103.28555600441993,102.68505797446623,102.8721005606779,14755500
2026-05-07,101.28718566894531,103.22649833871952,101.21827642481577,103.18712055485345,19257500
2026-05-08,102.34051513671875,102.41927070303387,101.7793948701758,102.15347254435638,12280100
2026-05-11,102.12393951416016,102.37989134547618,101.95658957122217,102.19284875599016,10717500
2026-05-12,101.53328704833984,101.67110553098368,100.75559274739592,101.395468565696,15770900
2026-05-13,102.21253967285156,102.26175626730065,101.32655835678449,101.40531392055577,9578900
2026-05-14,101.84830474853516,102.3109843153431,101.79908815218926,102.17316582870383,8943600
2026-05-15,100.13540649414062,100.5488619293493,99.96805655758622,100.42088977384483,17916800
2026-05-18,101.0607681274414,101.21827174507933,100.1944719435289,100.88357186350875,15944000
2026-05-19,100.33229064941406,100.87372576556817,100.10587779032706,100.48980177794762,13211800
2026-05-20,102.00581359863281,102.29129688900737,100.38151574469539,100.56855833403763,16511800
2026-05-21,102.56693267822266,102.93116401891375,101.00169776077118,101.21827180688155,14357600
2026-05-22,102.3602066040039,102.85241762198508,102.17316401379695,102.59646578968253,12012200
2026-05-26,103.4922866821289,103.81714775886624,103.12805533294838,103.70886073328712,12884900
2026-05-27,103.13789367675781,103.45290842867972,102.89178816711431,103.42337696920957,12599500
2026-05-28,103.05914306640625,103.37415781051759,102.35035801451974,102.49802281875341,13606000
2026-05-29,103.16743469238281,103.87621226535272,103.09852544873806,103.49228826353992,16926000
2026-06-01,102.81304168701172,103.28556006686092,101.98612325645925,102.37004725654081,17412600
2026-06-02,103.38399505615234,103.52182104574707,102.90163037947418,102.96069329605491,8400600
2026-06-03,102.4980239868164,103.00992013537692,102.44879988132959,102.95085721722793,11807100
2026-06-04,103.3150863647461,103.38399560463714,102.8031902270618,102.91147724839684,10158700
2026-06-05,100.66699981689453,102.56693465269579,100.3224536053335,102.51771054652531,16937500
2026-06-08,101.27733612060547,101.88768048527935,101.11983250070053,101.66126011289488,13550300
2026-06-09,101.29702758789062,102.61614949259577,99.76132412606745,102.27160328692979,21878000
2026-06-10,99.98774719238281,101.29703031976752,99.90899162595122,100.63746934962727,22737700
2026-06-11,103.09852600097656,103.21665184183215,100.62762451897511,100.88357635840272,20415000
2026-06-12,103.38399505615234,103.7187024413787,102.56693050479166,103.01976372317945,14219900
2026-06-15,104.08000183105469,104.73999786376953,103.98999786376953,104.69000244140625,14053600
2026-06-16,104.30999755859375,104.80000305175781,104.2300033569336,104.72000122070312,12047000
2026-06-17,103.77999877929688,105.41999816894531,103.58999633789062,105.04000091552734,20717600
2026-06-18,104.41000366210938,104.66000366210938,104.18000030517578,104.58000183105469,15466300
2026-06-22,104.58000183105469,104.83999633789062,104.43000030517578,104.58999633789062,9596200
2026-06-23,102.45999908447266,103.0199966430664,102.31999969482422,102.37999725341797,17425700
2026-06-24,102.26000213623047,102.6500015258789,101.91999816894531,102.23999786376953,12504200
2026-06-25,103.1500015258789,103.7300033569336,102.7300033569336,103.4800033569336,13135400
2026-06-26,102.54000091552734,103.06999969482422,102.30000305175781,102.45999908447266,21219200
2026-06-29,103.44999694824219,103.47000122070312,102.22000122070312,102.87000274658203,10788600
2026-06-30,103.87999725341797,103.88999938964844,103.19000244140625,103.31999969482422,16945900
2026-07-01,103.0199966430664,103.43000030517578,102.87000274658203,103.06999969482422,13487100
2026-07-02,104.37000274658203,105.2699966430664,103.75,104.58999633789062,12686000
2026-07-06,105.45999908447266,105.5199966430664,104.87999725341797,105.0,9803200
2026-07-07,104.16000366210938,105.16000366210938,103.8499984741211,105.0199966430664,10714800
2026-07-08,103.36000061035156,103.41000366210938,102.26000213623047,102.80999755859375,8642800
2026-07-09,103.91999816894531,104.19000244140625,103.55000305175781,103.61000061035156,7586400
2026-07-10,104.33000183105469,104.5999984741211,103.61000061035156,104.18000030517578,8286800
2026-07-13,103.23999786376953,103.9800033569336,103.08999633789062,103.8499984741211,10953700
2026-07-14,103.95999908447266,105.08999633789062,103.91000366210938,104.37999725341797,9932200
2026-07-15,104.6500015258789,104.80999755859375,103.80000305175781,104.27999877929688,7415800
2026-07-16,103.80999755859375,104.22000122070312,103.47000122070312,103.66999816894531,9966800
2026-07-17,103.33000183105469,103.51000213623047,102.51000213623047,102.51000213623047,10969800
2026-07-20,102.56999969482422,103.48999786376953,102.47000122070312,103.33999633789062,14834400
2026-07-21,104.05999755859375,104.19000244140625,103.08999633789062,103.51000213623047,9826900
2026-07-22,104.25,104.63999938964844,104.22000122070312,104.44000244140625,14694400
2026-07-23,102.9000015258789,103.29000091552734,102.54000091552734,102.76000213623047,12596100
2026-07-24,103.41000366210938,104.02999877929688,103.26000213623047,103.5,9032100
2026-07-27,103.91000366210938,104.45999908447266,103.44999694824219,104.36000061035156,9299900
2026-07-28,103.88999938964844,104.18000030517578,103.12000274658203,103.19000244140625,9580400
2026-07-29,103.37000274658203,104.8499984741211,102.9800033569336,103.72000122070312,11646400
2026-07-30,106.23999786376953,106.31999969482422,104.80999755859375,105.01000213623047,13263500
2026-07-31,105.58000183105469,105.83000183105469,104.5999984741211,105.75,14260700
2026-08-03,106.0199966430664,106.08000183105469,105.54000091552734,105.72000122070312,9956800
2026-08-04,107.31999969482422,107.47000122070312,106.61000061035156,106.72000122070312,10410000
2026-08-05,107.43000030517578,108.0,107.4000015258789,107.98999786376953,9007600
2026-08-06,107.36000061035156,107.91000366210938,107.26000213623047,107.66000366210938,8510700
2026-08-07,108.55000305175781,108.76000213623047,108.19000244140625,108.75,9430900
2026-08-10,108.01000213623047,108.30999755859375,107.97000122070312,108.20999908447266,7015400
2026-08-11,108.08999633789062,108.62999725341797,107.87999725341797,108.44000244140625,6368300
2026-08-12,108.5,108.81999969482422,108.31999969482422,108.75,9901400
2026-08-13,108.69000244140625,108.88999938964844,108.51000213623047,108.66999816894531,7237900
2026-08-14,108.63999938964844,108.88999938964844,108.45999908447266,108.76000213623047,5660100
2026-08-17,108.44999694824219,108.87000274658203,108.3499984741211,108.66000366210938,9375500
2026-08-18,107.2699966430664,108.02999877929688,107.18000030517578,107.75,14561300
2026-08-19,107.66000366210938,108.06999969482422,107.41000366210938,107.87000274658203,10829600
2026-08-20,107.3499984741211,107.86000061035156,107.16000366210938,107.29000091552734,10578400
2026-08-21,108.23999786376953,108.37000274658203,108.05000305175781,108.12999725341797,9935600
2026-08-24,108.02999877929688,108.19000244140625,107.77999877929688,107.98999786376953,6095400
2026-08-25,108.80999755859375,108.83000183105469,108.23999786376953,108.51000213623047,6438700
2026-08-26,108.2699966430664,108.81999969482422,108.1500015258789,108.68000030517578,5219100
2026-08-27,108.0199966430664,108.13999938964844,107.61000061035156,108.04000091552734,5371900
2026-08-28,107.72000122070312,108.73999786376953,107.52999877929688,108.5199966430664,13244900
