Date,Close,High,Low,Open,Volume
2002-07-30,35.69187545776367,35.858252880594925,35.69187545776367,35.79257775791814,6100
2002-07-31,36.134098052978516,36.252313986580035,35.85826644186958,35.88015593078992,29400
2002-08-01,36.33988571166992,36.34864084087053,36.13848433628186,36.13848433628186,25000
2002-08-02,36.712066650390625,36.8215242154427,36.287370763527804,36.40996604230515,52800
2002-08-05,36.87404251098633,36.97036564381812,36.712044211189415,36.795232978703744,61100
2002-08-06,36.55878829956055,36.7339208876337,36.436196490022226,36.72078652809406,64900
2002-08-07,36.6463623046875,36.83900853492203,36.497501737962374,36.60257998155524,40300
2002-08-08,36.6463623046875,36.6770102649178,36.497501737962374,36.59382485307964,40900
2002-08-09,37.16300964355469,37.16300964355469,36.77772044146583,36.77772044146583,35900
2002-08-12,37.39068603515625,37.95986308218471,37.27684928959931,37.34690369928916,32100
2002-08-13,37.850399017333984,37.85915748721746,37.377545195329596,37.557053743410535,75400
2002-08-14,37.99488830566406,38.48525912678665,37.98175393962668,38.29261285056386,130000
2002-08-15,37.662132263183594,37.87229211695129,37.58770197054031,37.81975131841498,87100
2002-08-16,37.24180221557617,37.88103333125306,37.13672399748066,37.8460094854721,85000
2002-08-19,37.35563278198242,37.36438790689959,37.088556376935735,37.237420223533846,47300
2002-08-20,37.77154541015625,37.78030386981844,37.478200478571935,37.486958938234125,40800
2002-08-21,37.5702018737793,37.69717301059239,37.491392317839406,37.513285160192225,40000
2002-08-22,37.24180221557617,37.456341225507266,37.24180221557617,37.456341225507266,34400
2002-08-23,37.60960388183594,37.63149338122577,37.30312082697292,37.30312082697292,20100
2002-08-26,37.644622802734375,37.74532182659351,37.50889323873025,37.52202760354861,23900
2002-08-27,37.40818786621094,37.51326610730224,37.303106284742576,37.390674269299545,301800
2002-08-28,37.596458435058594,37.73218464856571,37.583320730842125,37.6708887237317,18100
2002-08-29,37.898555755615234,38.02990606412468,37.80661187580946,37.9861237414139,135700
2002-08-30,38.126216888427734,38.14810637253856,37.85038199754798,37.98173226371701,78100
2002-09-03,38.71238327026367,38.71238327026367,38.255080752946014,38.29025864383544,102100
2002-09-04,38.70355224609375,38.826674753266474,38.62440374028394,38.7079503171791,66300
2002-09-05,38.91465759277344,38.98061531049063,38.42217710253382,38.94543741374161,648400
2002-09-06,38.457340240478516,38.778332554315284,38.3430137972938,38.68159505275495,140000
2002-09-09,38.400150299072266,38.62000687467019,38.36937051267836,38.47490072963673,83800
2002-09-10,38.58487319946289,38.694801613136576,38.25508795844184,38.329838474600194,336000
2002-09-11,38.382572174072266,38.38697024615079,38.145126603022824,38.255054921763524,177700
2002-09-12,38.68161392211914,38.7563644444263,38.46175707668684,38.46615515292527,43400
2002-09-13,39.03777313232422,39.108128919074055,38.77394564150946,38.839903352900286,155100
2002-09-16,39.10370635986328,39.231223627444045,39.09051549679397,39.222427482233535,73000
2002-09-17,39.17844009399414,39.275177521530985,38.85305330979797,38.9761724522103,75400
2002-09-18,39.18727111816406,39.38074279071235,39.14329708123453,39.204860061986274,196600
2002-09-19,39.45109939575195,39.47308305993108,39.24883156966438,39.44230324628184,109900
2002-09-20,39.26639938354492,39.36313349242437,39.16086577518253,39.332353695338576,113500
2002-09-23,39.61819839477539,39.67975803615355,39.47309208806309,39.57422770161226,163200
2002-09-24,39.87324905395508,39.98757558568852,39.666583023235084,39.70615901122943,251900
2002-09-25,39.3895149230957,39.73249073163671,39.24880681305976,39.61816434387438,127200
2002-09-26,39.29719161987305,39.36754402630458,38.96300846376809,39.15648345226264,429000
2002-09-27,39.591796875,39.591796875,39.34555843247555,39.367542090702564,298200
2002-09-30,39.75011444091797,39.969971264866906,39.6094062077806,39.86444092870111,297800
2002-10-01,39.25705337524414,39.41595333912712,39.19525931901448,39.35415928289746,257500
2002-10-02,39.4821662902832,39.49541076270519,39.21291926561298,39.389475188474066,91000
2002-10-03,39.38504409790039,39.50863217203565,39.195247164757696,39.415941116434205,29900
2002-10-04,39.50864791870117,39.601339011245805,39.01870688130539,39.01870688130539,131000
2002-10-07,39.5748405456543,39.707254894522656,39.486560945552974,39.68077269825346,433800
2002-10-08,39.58811950683594,39.954469253194446,39.44246055299878,39.50425464840988,530900
2002-10-09,39.791114807128906,39.892632125428996,39.702835217822305,39.857323657228356,402900
2002-10-10,39.477725982666016,39.799937191450184,39.40710231812492,39.799937191450184,97100
2002-10-11,39.0098762512207,39.38064397958314,38.86863220411208,39.32767619909602,421800
2002-10-14,38.952491760253906,39.08490950984764,38.87304178400231,39.0628387624076,18300
2002-10-15,38.03000259399414,38.533184788780275,38.025587769822565,38.40076700382638,297100
2002-10-16,38.04765319824219,38.22420911325627,37.910823963680166,38.22420911325627,125200
2002-10-17,37.584190368652344,37.765157704739394,37.54887851904203,37.57977554557022,233400
2002-10-18,37.68130111694336,37.69012739671929,37.20018636482302,37.52681259691261,459100
2002-10-21,37.314945220947266,37.78281546467704,37.29728929528455,37.738677334281995,134900
2002-10-22,37.2089958190918,37.45175710770848,37.17368398410401,37.45175710770848,205000
2002-10-23,37.22224426269531,37.60624959954069,37.156035400904614,37.40762638169119,127800
2002-10-24,37.548885345458984,37.628335337764604,37.11191207154003,37.147223927570074,339600
2002-10-25,37.685699462890625,37.765149423329824,37.58418212692656,37.67245836407119,146100
2002-10-28,37.632747650146484,37.800473903809696,37.60626207612955,37.76516205013626,97800
2002-10-29,38.122703552246094,38.35222395564296,37.857867913870834,37.87993867291045,125000
2002-10-30,38.10942077636719,38.259494378457646,37.99024755288735,38.122665238995296,31900
2002-10-31,38.28159713745117,38.33897638675018,37.9682085760177,37.98145304972467,512700
2002-11-01,38.12153625488281,38.54274283420917,37.797869723701105,38.26341668627976,125100
2002-11-04,37.95305252075195,38.01955971574444,37.79787132090045,37.89984947091513,342500
2002-11-05,37.80672836303711,37.95304348063016,37.72692042459505,37.95304348063016,73800
2002-11-06,37.957489013671875,38.188043466721986,37.64712659943199,37.709199082279966,118500
2002-11-07,38.8974494934082,38.8974494934082,38.50727573103086,38.595953123706,147900
2002-11-08,39.21224594116211,39.30535466482159,38.99498886992673,39.19451046293698,294700
2002-11-11,39.42506408691406,39.42506408691406,39.19450964022006,39.261016836494115,70000
2002-11-12,39.19895935058594,39.52705735963346,39.18122386594853,39.52705735963346,494300
2002-11-13,39.28316879272461,39.32307444847821,38.99940801976993,39.216661621598774,104700
2002-11-14,38.46734619140625,38.861951006860146,38.46734619140625,38.861951006860146,118000
2002-11-15,38.622589111328125,38.67579559440692,38.24571915861074,38.36986423642826,110700
2002-11-18,38.79548263549805,38.853120420499636,38.55605867959526,38.58266021379636,32200
2002-11-19,38.93735885620117,39.11914500718484,38.79991310095799,38.994996634887634,51800
2002-11-20,38.556053161621094,39.11470897877522,38.48954595293894,39.105839546845786,307400
2002-11-21,38.18360900878906,38.352090965200766,38.0683301003514,38.352090965200766,323200
2002-11-22,38.14814758300781,38.303328816184546,38.077205657728626,38.27672728555345,184800
2002-11-25,38.077205657958984,38.298894100412,38.04173807801636,38.130412101918694,288200
2002-11-26,38.556053161621094,38.5826546920151,38.196918970513444,38.219085784942735,377800
2002-11-27,37.68702697753906,38.276718917387704,37.66929150009665,38.241247962502875,325600
2002-11-29,37.930877685546875,37.96634525036845,37.74909161654243,37.75796104476963,31700
2002-12-02,37.96605682373047,38.03732275850159,37.480570386152756,37.57410437692974,284900
2002-12-03,38.0195198059082,38.17095487397217,37.91262426385434,38.17095487397217,113800
2002-12-04,38.215492248535156,38.30457128761945,38.10414175060603,38.260031768077305,129000
2002-12-05,38.313499450683594,38.429304985354534,37.9749961926446,37.98390274231955,206400
2002-12-06,38.380287170410156,38.79005616972177,38.19767412864737,38.749971623291174,440500
2002-12-09,38.594085693359375,38.6831647380558,38.380291228681116,38.39365274557081,400300
2002-12-10,38.696529388427734,38.71880085047916,38.52727783054015,38.57627232853488,151600
2002-12-11,38.95487594604492,39.03950345132625,38.73217484637752,38.81680235165884,163800
2002-12-12,38.919219970703125,39.01720894039302,38.776691487012485,38.776691487012485,135800
2002-12-13,38.5406494140625,38.82125495734414,38.5406494140625,38.81234501093738,425800
2002-12-16,38.25111770629883,38.70542959189077,38.233301220771,38.70542959189077,115700
2002-12-17,38.25111770629883,38.460457163566964,38.1620386768068,38.43818910526753,290600
2002-12-18,38.54955291748047,38.611908939310304,38.415930928903215,38.518374906565555,191000
2002-12-19,38.892494201660156,38.96821170994126,38.59407574091922,38.66088670628655,134400
2002-12-20,38.919219970703125,38.9993924551633,38.816779428316124,38.852412398775556,41900
2002-12-23,38.92812728881836,38.92812728881836,38.41591441696281,38.91031080478939,74200
2002-12-24,39.14641571044922,39.2310432517957,39.12414423173155,39.195410245107645,46600
2002-12-26,39.22209930419922,39.22209930419922,39.07511922577357,39.150836750742485,13500
2002-12-27,39.65413284301758,39.65413284301758,39.32008139923413,39.4403418219585,140200
2002-12-30,39.74769592285156,39.74769592285156,39.47600027792314,39.59626078864201,274900
2002-12-31,39.647430419921875,39.987637396539384,39.53552054480465,39.81753220062145,109400
2003-01-02,38.622310638427734,39.34748739084803,38.59097603021788,39.257957499379756,192100
2003-01-03,38.71185302734375,38.73871029584656,38.42088676276675,38.56413122014381,311200
2003-01-06,38.608882904052734,38.62678888276172,38.41192055347011,38.57307094663476,35600
2003-01-07,38.74766540527344,38.832717984218014,38.57308631233701,38.58204101286675,69800
2003-01-08,38.940120697021484,39.00726723876079,38.84611690467244,38.89088012742699,160100
2003-01-09,38.19255828857422,38.57305074502272,38.05826522619736,38.57305074502272,237500
2003-01-10,38.29106140136719,38.46116308487485,38.1030537382456,38.46116308487485,145200
2003-01-13,38.35371017456055,38.438762678577795,38.228371799302224,38.291040986931385,53300
2003-01-14,38.48801803588867,38.622307740189676,38.479063339805734,38.49696931675572,98900
2003-01-15,38.6760368347168,38.810326577779975,38.58650692412446,38.6223188883614,129600
2003-01-16,38.729736328125,38.7655482784571,38.32686384014329,38.667067122651595,57900
2003-01-17,38.9222297668457,39.052045553653265,38.913278484921456,38.98937633453462,97700
2003-01-21,39.14606857299805,39.14606857299805,38.8551056624005,38.890914222868304,107500
2003-01-22,39.33855438232422,39.34750908401605,39.1774039040516,39.249027856714115,107100
2003-01-23,39.14606857299805,39.25797843560264,39.07892538760967,39.08787667392213,110700
2003-01-24,39.37886428833008,39.58925549020108,39.27590565637752,39.27590565637752,285300
2003-01-27,39.235595703125,39.41017480307166,39.16844910732604,39.34750555771736,150500
2003-01-28,39.235595703125,39.29378759803465,38.98939265693472,39.235595703125,454700
2003-01-29,39.020694732666016,39.33851804478752,38.93564563646286,39.31613814166664,221400
2003-01-30,39.31168746948242,39.34749943703352,38.989386591956965,39.03414984378724,108600
2003-01-31,39.419097900390625,39.48624444817351,39.18632707198729,39.3474774205801,182300
2003-02-03,39.47663116455078,39.49011036306586,39.22058122804936,39.38229733817713,55200
2003-02-04,39.651832580566406,39.71023217322508,39.57996064056376,39.696756398674964,56900
2003-02-05,39.31037902832031,39.84493674698078,39.274441395764626,39.63381086691897,223300
2003-02-06,39.629337310791016,39.64730613591274,39.43617672473613,39.458635185736064,120900
2003-02-07,39.71918487548828,39.764105232456544,39.364308229192936,39.42719741438922,247200
2003-02-10,39.44068908691406,39.71021474121823,39.39127565045109,39.58443633102326,76600
2003-02-11,39.431663513183594,39.490063021789446,39.274440657708624,39.350805555053434,259100
2003-02-12,39.57094955444336,39.58891838491524,39.38228197529459,39.440681531129194,121300
2003-02-13,39.78657531738281,40.06059400667971,39.60689042530554,39.651810791523786,440200
2003-02-14,39.44514465332031,39.69670468362401,39.35530398855579,39.66526010823626,829700
2003-02-18,39.494590759277344,39.52154572279402,39.234047817578016,39.33287468699532,213200
2003-02-19,39.76411437988281,39.844972411907875,39.64282904544739,39.705718245110845,62100
2003-02-20,39.898868560791016,39.934806216193415,39.683246055580085,39.683246055580085,486700
2003-02-21,39.665287017822266,39.853954598143986,39.62485629220818,39.782079275809615,250400
2003-02-24,39.85395431518555,39.93481233863563,39.809033952647496,39.925826209805635,168200
2003-02-25,40.038124084472656,40.271715425511864,39.979727962814636,40.15941281887474,358500
2003-02-26,40.316627502441406,40.316627502441406,40.04710198730855,40.150418444961424,334000
2003-02-27,40.38401794433594,40.42444523757968,40.11898201110279,40.18636426037925,695700
2003-02-28,40.640079498291016,40.671524100083076,40.24028237813285,40.28520274823514,213100
2003-03-03,40.689674377441406,40.784364033569865,40.54087831217259,40.58145811902786,204100
2003-03-04,40.71670150756836,40.78433446996827,40.59044528411774,40.6400450832979,83100
2003-03-05,40.85199737548828,40.86552397674373,40.59949164503304,40.8610174030803,126000
2003-03-06,40.694183349609375,40.88807267104108,40.60851028382035,40.82945624926228,166000
2003-03-07,40.8339729309082,40.93768263833137,40.604013760761624,40.906119412617116,263800
2003-03-10,41.0458869934082,41.0458869934082,40.888070910696065,40.94668732995126,147200
2003-03-11,40.973751068115234,41.10451397075848,40.910624624098936,41.02785748291024,82800
2003-03-12,41.12246322631836,41.19460955231992,40.97817401444141,40.9962105959418,454800
2003-03-13,40.3650016784668,40.75729014632807,40.3650016784668,40.64907394282985,830200
2003-03-14,40.56343078613281,40.63557726834217,40.410124671638364,40.53637757537111,590900
2003-03-17,40.076438903808594,40.81592289764953,40.067422316624786,40.81592289764953,724400
2003-03-18,39.69768142700195,40.220729501563916,39.684154825782706,40.1125132516774,415200
2003-03-19,39.40456008911133,39.711175412066545,39.37750690889255,39.69764882195715,398400
2003-03-20,39.3414306640625,39.65706254262211,39.12048834907078,39.598446176640884,206700
2003-03-21,38.80037307739258,39.25127803615306,38.80037307739258,39.19265818982983,843400
2003-03-24,39.413604736328125,39.49927434059367,39.16109561603357,39.2738218575536,373800
2003-03-25,39.3685417175293,39.59850439004848,39.183672328349395,39.52185131258693,606400
2003-03-26,39.44966506958008,39.52181149813469,39.341448866879226,39.341448866879226,309500
2003-03-27,39.476707458496094,39.62099682341954,39.377507875086884,39.566887021524565,191600
2003-03-28,39.56694030761719,39.71573988312426,39.55341369895917,39.64359338343557,253400
2003-03-31,40.08546829223633,40.09899489623712,39.81492589182062,39.81492589182062,643800
2003-04-01,39.97135543823242,40.206829284322886,39.80381032775378,40.030225627166686,289800
2003-04-02,39.554725646972656,39.71321555953769,39.523027664459654,39.69057611764039,312200
2003-04-03,39.5320930480957,39.65888500009546,39.45963852991208,39.509450147457926,245600
2003-04-04,39.41889190673828,39.53209951881413,39.34190810486187,39.42341772374937,184900
2003-04-07,39.32835006713867,39.33287934200341,38.90721733015426,39.04306793750064,485400
2003-04-08,39.645267486572266,39.66337764615119,39.39168033982438,39.41885248883015,194700
2003-04-09,39.763004302978516,39.785647186676144,39.4731933567077,39.57734578497018,102400
2003-04-10,39.57734680175781,39.78111894099559,39.55470391747846,39.735836627255985,53300
2003-04-11,39.51397705078125,39.541145766061305,39.21057809259467,39.314730592537174,450000
2003-04-14,39.4052848815918,39.44604139857826,39.264908616592734,39.44151212895299,207100
2003-04-15,39.618141174316406,39.63625480967084,39.41436882251877,39.54569008772137,128500
2003-04-16,39.78114700317383,39.803789903425795,39.60907270765207,39.63624142409721,97700
2003-04-17,39.84456253051758,40.03022473019112,39.75852706794835,39.95777017768734,106200
2003-04-21,39.75852584838867,39.77211021286064,39.51399692342393,39.61362020264917,148000
2003-04-22,39.73585891723633,39.96680333812229,39.67699222183525,39.916991728620985,299900
2003-04-23,39.817378997802734,39.85360626058639,39.66794412993659,39.749453743788855,42700
2003-04-24,40.17512130737305,40.29738401858281,40.03021568991364,40.03021568991364,199000
2003-04-25,40.265655517578125,40.34716508157402,40.15697725052353,40.188675222365276,529700
2003-04-28,40.202301025390625,40.34267740902523,40.202301025390625,40.34267740902523,80500
2003-04-29,40.13434600830078,40.19774197038161,39.99396972866764,40.089063671788885,177500
2003-04-30,40.50565719604492,40.53735516965154,40.179622376728275,40.206791081299656,293400
2003-05-01,40.5252571105957,40.78929580094021,40.425107737571004,40.60720003266165,231200
2003-05-02,40.20659255981445,40.54802082661763,40.18382928608573,40.5434674772343,231500
2003-05-05,40.420562744140625,40.45698259996278,40.15197064893803,40.202047082396334,77700
2003-05-06,40.62083053588867,40.69822005233322,40.29760895885954,40.44328477289032,260600
2003-05-07,41.094322204589844,41.1216388393615,40.88946654634421,40.971409504280345,306900
2003-05-08,41.19445037841797,41.38109946574762,41.09885089704937,41.24452679339971,437400
2003-05-09,41.23542404174805,41.25363396314885,41.0624315250341,41.10795806512979,110000
2003-05-12,41.494930267333984,41.513140197917096,41.303731205995014,41.49037691639092,364700
2003-05-13,41.585960388183594,41.59506708655306,41.34923832839424,41.381104826311805,227800
2003-05-14,42.223297119140625,42.32800331944474,41.708879763077235,41.80447926430027,1426500
2003-05-15,42.35530471801758,42.596580078898945,42.15499907206908,42.15499907206908,810300
2003-05-16,42.664859771728516,42.6830696888165,42.314324945861266,42.555603742387156,703900
2003-05-19,42.51920700073242,42.901605047703896,42.39629086192842,42.84242538991691,817800
2003-05-20,43.14741897583008,43.14741897583008,42.39172636932829,42.40538294155615,606600
2003-05-21,43.14286422729492,43.548028871634074,42.846962576794574,42.90614221225722,1799600
2003-05-22,43.52523422241211,43.56620390822785,43.202016188188765,43.29306224990238,576200
2003-05-23,43.634525299072266,43.79841112056561,43.538925815399054,43.59810545580988,690600
2003-05-27,42.846946716308594,43.570772538457746,42.846946716308594,43.52980283826931,846400
2003-05-28,42.77412796020508,42.85607087380114,42.478222801486666,42.74681481340224,730500
2003-05-29,43.14741897583008,43.156525672773476,42.82420069808423,42.92890687380987,508300
2003-05-30,43.06547546386719,43.12920844882606,42.77867703155223,42.997189130500615,722200
2003-06-02,42.74911880493164,42.9182661138885,42.55710856686286,42.9182661138885,478600
2003-06-03,43.091976165771484,43.238267476082406,42.84053634124023,42.86339577541942,389400
2003-06-04,43.22001647949219,43.2977330395953,42.996008487722044,43.18344274960972,394100
2003-06-05,42.88169860839844,43.604010260363125,42.88169860839844,43.52172114965053,820900
2003-06-06,43.037132263183594,43.0417048493601,42.6896889588569,42.8359803257532,276800
2003-06-09,43.325138092041016,43.37542607138578,43.09655763605969,43.29313696771807,282200
2003-06-10,43.84176254272461,43.85547682153148,43.462317885705424,43.46689047459551,534800
2003-06-11,43.786888122558594,44.1617600723958,43.750314398705626,44.00175439036692,633600
2003-06-12,44.129730224609375,44.221164474753465,43.89200814995475,43.937723531096786,315400
2003-06-13,44.42690658569336,44.47262198860073,44.23489980076539,44.31261633449409,478400
2003-06-16,44.00629425048828,44.64631999048119,44.00629425048828,44.57317259717471,789300
2003-06-17,43.6588249206543,43.90111941189495,43.61310957118848,43.87369089978698,691600
2003-06-18,43.101139068603516,43.4577240950683,43.06456535105285,43.4577240950683,657600
2003-06-19,43.01884460449219,43.192567997348085,42.744548732657016,42.954842350659355,817700
2003-06-20,42.85887908935547,42.99602889758721,42.529722339890895,42.92745399347134,561700
2003-06-23,43.11486053466797,43.16972112014775,42.75827544870503,42.89085258105114,819900
2003-06-24,43.512577056884766,43.512577056884766,42.97769961078879,43.0417018613715,292900
2003-06-25,42.81769943237305,43.654301382254985,42.721692556422184,43.62230025289186,1002800
2003-06-26,42.241676330566406,42.6302624759383,42.11367181094852,42.6302624759383,1423800
2003-06-27,42.09079360961914,42.310232322506984,41.85307153452899,42.310232322506984,735900
2003-06-30,42.287418365478516,42.296560056410996,41.91254625569909,42.02226398620767,541900
2003-07-01,42.07767105102539,42.4447988002698,41.99506669473136,42.28877029461612,449000
2003-07-02,42.18324279785156,42.25208038392906,41.811524734748176,41.85282518565963,338800
2003-07-03,41.57744598388672,42.086838822697366,41.57744598388672,42.08224872020455,559100
2003-07-07,41.31130599975586,41.5728860118727,41.31130599975586,41.43062424249026,465400
2003-07-08,41.3480339050293,41.52242297322801,41.13234437408419,41.49947593755153,389600
2003-07-09,41.48112106323242,41.61879628165631,41.35262606002412,41.54536856483657,270400
2003-07-10,41.4672966003418,41.64627203477369,41.35715867943479,41.618738429852286,718000
2003-07-11,41.66461944580078,41.66461944580078,41.39844965479874,41.43975355399175,389500
2003-07-14,41.187374114990234,41.701357091405725,41.13230338498131,41.61416264419725,465900
2003-07-15,40.223670959472656,41.237866902964086,40.10894286403847,41.09101508085727,3171100
2003-07-16,40.45314025878906,40.714720261092545,39.99422772834614,40.11354596660423,1205400
2003-07-17,40.32923126220703,40.402658946477445,40.007993896585695,40.076831475283036,1030600
2003-07-18,40.24658966064453,40.36590778666379,40.127275035846736,40.22364615643947,550800
2003-07-21,39.393028259277344,40.20071484882478,39.305837307296954,40.15482432127361,1267600
2003-07-22,39.585777282714844,39.63166781398236,39.209469324364214,39.45269229118286,1576900
2003-07-23,39.71885681152344,39.94831293752595,39.65001927347816,39.83358487452469,1374700
2003-07-24,39.37010955810547,39.503194622733275,39.25997152232644,39.42059022059274,701100
2003-07-25,39.26453399658203,39.75098339966688,39.19110985159479,39.45727981727216,1273500
2003-07-28,38.73678207397461,39.140623566125264,38.73219197144382,39.11767655469366,1268500
2003-07-29,38.20903778076172,39.16816277460275,38.20903778076172,38.63123624213032,2139300
2003-07-30,38.64037322998047,38.87900933327423,38.35126004840997,38.42927421627862,1963400
2003-07-31,38.06674575805664,38.415519828699665,37.73633208721738,38.40634313001819,4706400
2003-08-01,38.03821563720703,38.16729882311538,37.79387910427294,37.84919845980336,3061200
2003-08-04,38.365509033203125,38.365509033203125,37.96442638788587,38.02436033925264,1858700
2003-08-05,37.81689453125,38.39777187617327,37.71086351454373,38.36088999329721,2413000
2003-08-06,38.563720703125,38.61903998705264,37.973624892907054,38.03355528957815,2549700
2003-08-07,38.72509002685547,38.74814208258093,38.32861858567672,38.63288883845338,1796400
2003-08-08,38.56834411621094,39.08928747041182,38.56373300199689,38.8818295377746,2399100
2003-08-11,38.374725341796875,38.526860492613906,38.22259370823029,38.517641779193376,1355000
2003-08-12,38.19493103027344,38.563742882399694,38.171882487797106,38.457708331806984,1534200
2003-08-13,37.45731735229492,37.96443109915269,37.429657689616654,37.89527842520593,2258100
2003-08-14,37.82615280151367,37.849201362334526,37.30059778015343,37.5449343318249,1612300
2003-08-15,37.803077697753906,38.03358426908167,37.75697708693858,37.89527891938455,515100
2003-08-18,37.97825622558594,38.07967966584295,37.807683637199744,37.94137785233393,655300
2003-08-19,38.563720703125,38.563720703125,38.03355528957815,38.05660733604698,1086500
2003-08-20,38.35625457763672,38.665135754466604,38.1441891613304,38.646694824712,503600
2003-08-21,38.264095306396484,38.471549837904035,37.9967068083078,38.29175497266374,783600
2003-08-22,38.43466567993164,38.655950011321636,38.21798894739279,38.241037493401606,413200
2003-08-25,38.13499069213867,38.513021159597756,37.91831404909818,38.411597750749046,648200
2003-08-26,38.43466567993164,38.43466567993164,37.9506004894831,38.01053092980726,837200
2003-08-27,38.259456634521484,38.38853967380307,38.084273012246335,38.38853967380307,409100
2003-08-28,38.655948638916016,38.715882594363364,38.37012276124739,38.37012276124739,557200
2003-08-29,38.563720703125,38.720463363917936,38.439245279790875,38.697414834697575,651100
2003-09-02,37.999698638916016,38.735985177900794,37.99043875062792,38.72672175665266,868700
2003-09-03,38.059932708740234,38.19422416758661,37.91637782075242,38.19422416758661,639900
2003-09-04,38.272945404052734,38.30072862537205,38.04604085303126,38.198852103250516,562900
2003-09-05,38.930503845214844,38.939763740452314,38.513737900274734,38.62024612680048,838000
2003-09-08,38.527591705322266,39.10643174616521,38.527591705322266,38.72671282069061,621100
2003-09-09,38.805458068847656,38.870287904728585,38.397952205640586,38.67579486412472,599900
2003-09-10,39.199092864990234,39.22224437318535,38.81474179272619,38.85178844539427,1285900
2003-09-11,38.94438552856445,39.074045226618075,38.80546593763348,39.01847880343041,859500
2003-09-12,39.212974548339844,39.53712384470751,39.10646633212626,39.370417482872035,1375300
2003-09-15,39.15279769897461,39.31024071914428,38.94904458302394,39.12964265108411,367100
2003-09-16,39.09258270263672,39.129629353486074,38.8517865380421,39.06943119557818,655200
2003-09-17,39.57880783081055,39.62048266071551,39.12036703704166,39.23150344975108,1223900
2003-09-18,39.60659408569336,39.66216406278768,39.28244471838431,39.66216406278768,615000
2003-09-19,39.652915954589844,39.838145750177056,39.58808605607899,39.66217938749968,869300
2003-09-22,39.33803176879883,39.44454006411397,39.004622330473765,39.36118682129146,1126400
2003-09-23,39.60659408569336,39.61122580035867,39.19445980455909,39.3055962257846,632100
2003-09-24,39.949241638183594,40.05111809892959,39.51858430236883,39.61120087257469,1005300
2003-09-25,40.14836883544922,40.15763226033176,39.89368117856231,39.96314273333563,846800
2003-09-26,40.50959396362305,40.51422214604479,40.20396434153141,40.259534327265435,1869700
2003-09-29,40.185420989990234,40.49567863991329,40.12985456490666,40.29655737311931,743000
2003-09-30,40.85223388671875,40.86612548874997,40.2687618706815,40.28728518437674,1623900
2003-10-01,40.697383880615234,40.88803832610584,40.618333594898424,40.688085307827166,931900
2003-10-02,40.51137161254883,40.664821076644095,40.176566331398426,40.38116679943158,1194100
2003-10-03,39.66043472290039,40.08358911223297,39.5720822859946,40.01384092280284,1451200
2003-10-06,39.83250427246094,39.8929539097573,39.56279934103633,39.58140004814032,507200
2003-10-07,39.372127532958984,39.79063439044182,39.3535268339908,39.734832293537245,594200
2003-10-08,39.36286163330078,39.51631486638277,39.2233580490947,39.269858061255555,811800
2003-10-09,39.083805084228516,39.12100291494874,38.89780173975251,39.02335195733555,1385600
2003-10-10,39.31632995605469,39.400031329621164,39.20007824541907,39.2930781948393,256600
2003-10-13,39.16285705566406,39.2930583381436,39.16285705566406,39.22330663746703,116300
2003-10-14,38.89318084716797,39.107083617522854,38.851331924753985,38.94433189526604,337100
2003-10-15,38.70253372192383,38.73508406963726,38.52582879343218,38.66998337421039,465600
2003-10-16,38.54905700683594,38.95361057439722,38.47930529072272,38.81876175035656,564900
2003-10-17,38.8466796875,38.91643143713603,38.600226580144515,38.63277692361182,354500
2003-10-20,38.97686767578125,39.1303207627368,38.79086425653696,38.80481389212926,281600
2003-10-21,39.12102508544922,39.237276798163556,38.990823734844476,39.074525109907626,429700
2003-10-22,39.502342224121094,39.525593992617225,39.246590509272515,39.339590487813496,798000
2003-10-23,39.21403121948242,39.52558497904065,39.069876673579195,39.52558497904065,1055600
2003-10-24,39.651123046875,39.8045761220946,39.367472200177986,39.52557278842615,1412200
2003-10-27,39.57209396362305,39.6790471318454,39.43259399587597,39.59534573210845,346900
2003-10-28,39.78135299682617,39.84645369747226,39.32564454458142,39.455845945873605,2200300
2003-10-29,39.423274993896484,39.688328721651196,39.34422469123918,39.65577838833817,926600
2003-10-30,39.246578216552734,39.31632995247188,38.96757482059681,39.060574770008564,936300
2003-10-31,39.61394500732422,39.62789464882318,38.9396827705274,39.40004222632298,887400
2003-11-03,39.42621994018555,39.49158761626539,39.23945362469834,39.48224734124188,957700
2003-11-04,39.65034103393555,39.67368816179335,39.496258539525805,39.52427580540949,246500
2003-11-05,39.37954330444336,39.60366369573335,39.34219287445567,39.60366369573335,275100
2003-11-06,39.01070022583008,39.183456276990015,38.9873530805129,39.11341840331269,861600
2003-11-07,38.98731994628906,39.029340497418836,38.77721006609778,38.809893904400234,725700
2003-11-10,38.954647064208984,39.14608001031604,38.84725524399853,39.03402161351503,553900
2003-11-11,38.9593505859375,38.98736431857366,38.92199656757244,38.96401716652669,99900
2003-11-12,39.2441291809082,39.2908198756591,39.12273052473852,39.15541436729132,321400
2003-11-13,39.85110855102539,39.86044882574803,39.47290935699292,39.50092305661872,920400
2003-11-14,40.1172981262207,40.13597513608722,39.78111907317424,39.82781337897822,484800
2003-11-17,40.177955627441406,40.43008608089776,40.13126137239173,40.21997618226029,695000
2003-11-18,40.4254264831543,40.43943333717836,40.05189375190949,40.14060857709136,632200
2003-11-19,39.97718811035156,40.4441022288745,39.94917084089521,40.350717267806694,553900
2003-11-20,40.36473083496094,40.3834078302809,40.06123945726121,40.27134942063373,373300
2003-11-21,40.38808822631836,40.588861524154005,40.38808822631836,40.42544222644441,516900
2003-11-24,40.05656433105469,40.29935811544258,40.037887338059896,40.238660559913654,573800
2003-11-25,40.27603530883789,40.39743048247689,40.13128942907753,40.13128942907753,298700
2003-11-26,40.112579345703125,40.341366184858494,39.84176839846654,40.201290574282126,613800
2003-11-28,39.74842071533203,39.874489595432735,39.74842071533203,39.85114245103658,311300
2003-12-01,39.526939392089844,39.68178225422372,39.320485822428715,39.602016020948945,1106600
2003-12-02,39.69582748413086,39.69582748413086,39.414297503645834,39.60198535058516,589100
2003-12-03,39.53632736206055,39.78031925603423,39.39086728271678,39.653631914516346,1446100
2003-12-04,39.62547302246094,39.72870159263156,39.50347887575979,39.53632400446403,561500
2003-12-05,40.25890350341797,40.46066737494218,39.93983513867849,40.024294516987446,1163800
2003-12-08,39.97739028930664,40.24953771183145,39.9257759995226,40.24953771183145,436200
2003-12-09,39.69582748413086,40.211966378328064,39.58321620790643,40.094661921471975,939200
2003-12-10,39.76152420043945,39.93044293234311,39.67237523293645,39.91636696799256,555700
2003-12-11,40.047767639160156,40.06184361062141,39.58793586545774,39.653626118843796,510500
2003-12-12,40.12282943725586,40.2964377942745,40.08059795862362,40.08059795862362,553100
2003-12-15,40.099388122558594,40.29645891319428,39.96800759546814,40.11815728069307,690000
2003-12-16,40.23075866699219,40.28706612742377,40.01022558844765,40.071226232211025,462800
2003-12-17,40.50290298461914,40.65774580430414,40.44659552841104,40.46067507735035,533100
2003-12-18,40.868900299072266,40.868900299072266,40.49352792560439,40.49352792560439,708100
2003-12-19,40.854827880859375,40.854827880859375,40.6389879418752,40.80790677757598,477600
2003-12-22,40.742210388183594,40.981509052886565,40.657750983038376,40.878284073131454,483700
2003-12-23,40.2823486328125,40.68118305891008,40.2823486328125,40.60141688966013,446600
2003-12-24,40.662418365478516,40.662418365478516,40.432499054118836,40.52634476687214,138900
2003-12-26,40.81262969970703,40.84078166621967,40.77509135778797,40.77509135778797,80500
2003-12-29,40.44660186767578,40.71405606184582,40.432525896380035,40.681210935538985,187800
2003-12-30,40.2823486328125,40.41842222851126,40.16504417926333,40.25888989001136,393900
2003-12-31,40.2823486328125,40.33891964097345,40.2116393683682,40.24463822397738,171400
2004-01-02,39.80622863769531,40.1126450861614,39.636519184935544,40.1126450861614,867100
2004-01-05,39.7025146484375,39.77793906948336,39.551662209739945,39.60351807272403,626400
2004-01-06,40.140933990478516,40.25407243128642,39.834513933209514,39.85337093944519,690500
2004-01-07,40.3012580871582,40.400254782828796,40.01840987144076,40.11740656711135,252000
2004-01-08,40.2870979309082,40.37195271677173,40.155102396589065,40.211673452700936,513300
2004-01-09,40.989463806152344,41.04603480569581,40.54633689784595,40.9564649555699,1623000
2004-01-12,40.95649719238281,41.19220448109806,40.82450168615952,40.82450168615952,863200
2004-01-13,41.234642028808594,41.234642028808594,40.80565294994365,40.86222400549101,465700
2004-01-14,41.43732833862305,41.44675504453919,41.0837675227587,41.244046699579364,1180300
2004-01-15,41.5928955078125,41.63060592767298,41.29590212389269,41.46089645017783,1537200
2004-01-16,41.30067443847656,41.861659520899956,41.30067443847656,41.805088417900535,751800
2004-01-20,41.291229248046875,41.451512183831674,41.24880363353958,41.24880363353958,629600
2004-01-21,41.390235900878906,41.39494746103009,41.22052622355546,41.366663713679785,570500
2004-01-22,41.69190979003906,41.71076680627207,41.3477755378508,41.460914038640766,443600
2004-01-23,41.19218063354492,41.90873239050349,41.135613218831054,41.74844965673418,1021300
2004-01-26,40.94237518310547,41.182797741223936,40.857520374158334,41.154514003778075,639500
2004-01-27,41.196929931640625,41.201645085643726,40.88579810300103,40.88579810300103,576100
2004-01-28,40.833946228027344,41.41378434631943,40.47567001722169,41.13093622057141,1823800
2004-01-29,40.74908447265625,40.81508223750791,40.551087581492844,40.64537267171552,814500
2004-01-30,41.031944274902344,41.116799082045624,40.824520613749996,40.96594649119196,526200
2004-02-02,40.94578552246094,41.125661661623674,40.88898082045338,40.922115993758695,335600
2004-02-03,41.154083251953125,41.177749179217635,40.99313833381745,41.144613991875666,350900
2004-02-04,41.073604583740234,41.116209026592124,40.9363328305148,41.083073842802506,645700
2004-02-05,40.912628173828125,41.220313822871354,40.82268834726413,41.10670448043439,971400
2004-02-06,41.36228942871094,41.39542455949886,41.1966137747713,41.2486837819321,798200
2004-02-09,41.48539352416992,41.48539352416992,41.36705317212438,41.44752374476472,272400
2004-02-10,41.253448486328125,41.44279377667098,41.20137844119731,41.40965862172056,203200
2004-02-11,41.56117248535156,41.7505143389626,41.139880721577576,41.19194720329556,1335100
2004-02-12,41.38602066040039,41.655836731132126,41.30555002437565,41.58483174168403,256700
2004-02-13,41.56117248535156,41.70317887555984,41.45229766920728,41.56117248535156,513600
2004-02-17,41.53276443481445,41.60376942901179,41.433358887523795,41.58956915246513,644100
2004-02-18,41.58954620361328,41.741021755634456,41.50907560660935,41.703151964763656,990900
2004-02-19,41.632144927978516,41.632144927978516,41.40493341703922,41.43333395304117,668900
2004-02-20,41.34339904785156,41.5753488244596,41.277128714952774,41.53747903095679,1009800
2004-02-23,41.599021911621094,41.599021911621094,41.33394053430585,41.36707570647026,504000
2004-02-24,41.67475509643555,41.84043093175406,41.58954986520569,41.679489723576744,940900
2004-02-25,41.74102783203125,41.826233068163184,41.67002286667754,41.75996273022307,572300
2004-02-26,41.608463287353516,41.636863812617946,41.43805291284598,41.58479377532617,399100
2004-02-27,41.96824645996094,42.0250475477582,41.63689113147121,41.7599661741367,836000
2004-03-01,41.95207595825195,42.12792714120983,41.84276590275474,42.04237840707111,771900
2004-03-02,41.6859245300293,41.91880577711836,41.53859201415973,41.88078693903772,676000
2004-03-03,41.6098747253418,41.652647269200585,41.400754841531686,41.53382981267593,718000
2004-03-04,41.79523468017578,41.799984768271344,41.510069849498386,41.538588508179,421600
2004-03-05,42.60319519042969,42.774292651115886,42.54616149486038,42.66497897444681,2789800
2004-03-08,42.85512161254883,42.92641288197487,42.77432653267745,42.80284159003803,1309400
2004-03-09,43.14028549194336,43.17830798791357,42.86463146122128,42.89314652018654,829000
2004-03-10,43.1117057800293,43.21626567413058,43.002395800573844,43.02140339402921,878900
2004-03-11,43.17352294921875,43.27333283523978,42.84558913094311,43.27333283523978,1337100
2004-03-12,42.90735626220703,43.15924867192471,42.878841234999975,43.06419616388735,442100
2004-03-15,42.97866439819336,43.07847065878188,42.883611852686826,42.97391068311138,756200
2004-03-16,43.335105895996094,43.335105895996094,42.798052260602844,42.912116011496195,1374200
2004-03-17,43.2638053894043,43.477678955616454,43.20202162637616,43.47292524276183,1936500
2004-03-18,43.03566360473633,43.27804848929463,42.96437243974065,43.11170485498425,1842100
2004-03-19,42.97866439819336,43.05945942447614,42.87410442252286,42.9976756324991,366700
2004-03-22,43.24004364013672,43.24004364013672,43.05468510088478,43.05468510088478,947200
2004-03-23,43.31611251831055,43.31611251831055,43.1307574869608,43.19729500457237,562200
2004-03-24,43.29232406616211,43.35886517367804,43.211529070920975,43.32559643293047,327400
2004-03-25,43.125980377197266,43.22103651223774,43.08320783594465,43.11647657670361,514000
2004-03-26,42.66975402832031,43.05947541122498,42.584205255193744,43.002445313156294,1378600
2004-03-29,42.38456726074219,42.408332204711904,42.251492276963056,42.32278348285084,2454000
2004-03-30,42.35602951049805,42.503361931226486,42.33226457927501,42.441578186473784,1021000
2004-03-31,42.56041717529297,42.598436008104095,42.39882353826599,42.41783476768217,1647300
2004-04-01,42.421112060546875,42.49267777451696,42.249347066681544,42.45451060712244,1309200
2004-04-02,41.37141418457031,41.57180535499658,41.22827919433723,41.57180535499658,2603700
2004-04-05,41.046993255615234,41.218758254276075,40.98974068284073,41.18535970676806,1422700
2004-04-06,41.27127456665039,41.27127456665039,41.12813574214253,41.22356283853828,1695400
2004-04-07,41.175785064697266,41.4143469627774,41.15192741882298,41.175785064697266,659600
2004-04-08,41.05651092529297,41.23304442944609,41.02311239962889,41.113763460622074,893700
2004-04-12,40.908634185791016,40.97066267104703,40.841837078722484,40.942032739325285,311700
2004-04-13,40.46489715576172,40.60803585385457,40.44581175333812,40.522153363032515,1449500
2004-04-14,40.43149948120117,40.44104400270242,40.0688877478583,40.0688877478583,2529200
2004-04-15,40.19295120239258,40.46014329361627,40.16432490839954,40.39811480307184,1184800
2004-04-16,40.34560012817383,40.493511028284345,40.27403444766359,40.40285631274889,986900
2004-04-19,40.25973129272461,40.51261013003073,40.22156413026143,40.483980207973225,682100
2004-04-20,39.892330169677734,40.28357162795029,39.892330169677734,40.20723005552319,1618700
2004-04-21,40.08799743652344,40.23113623740803,39.944862275809754,39.944862275809754,763600
2004-04-22,40.32652282714844,40.35992136481217,40.14521699985496,40.197700936207625,1024300
2004-04-23,40.097537994384766,40.24067314092581,39.9591714712757,40.1309365592614,963200
2004-04-26,40.16428756713867,40.21677148411069,40.10703139221477,40.121344525904185,515800
2004-04-27,40.316986083984375,40.340843744834984,40.116594837443934,40.269274402451124,1033400
2004-04-28,39.94008255004883,40.283612695856135,39.89237083872453,40.221587835151574,1215700
2004-04-29,39.744449615478516,40.16431762530918,39.606083152653085,39.95915406183271,2504900
2004-04-30,39.906681060791016,39.98302270544612,39.73014373765358,39.80648538230868,831500
2004-05-03,39.95695114135742,40.02879966416048,39.803675998082475,39.803675998082475,668800
2004-05-04,39.68390655517578,40.186842267378864,39.60727085537625,40.05751427081668,3950900
2004-05-05,39.57376480102539,39.88031508517913,39.5162852523587,39.88031508517913,2236600
2004-05-06,39.46845245361328,39.58819896976237,39.45408345637518,39.54508832367439,3163200
2004-05-07,38.95106887817383,39.03728634388098,38.84569156960215,39.01333562670874,1756400
2004-05-10,38.860084533691406,39.089999135668165,38.850506433528,39.027732348684424,958700
2004-05-11,39.03731155395508,39.04688965438964,38.850507533347,38.850507533347,766000
2004-05-12,38.778621673583984,39.00853606082548,38.769043582366315,38.989376224024916,1945700
2004-05-13,38.63017654418945,38.75950100532597,38.56311887480475,38.745132026796234,1187000
2004-05-14,38.946285247802734,38.98460494065916,38.668476610511235,38.81696085237109,4086400
2004-05-17,39.29117965698242,39.310339515349085,39.1235354642358,39.214543877885106,1735600
2004-05-18,39.13789749145508,39.233696766269354,39.07083982626942,39.13310661412219,674200
2004-05-19,39.008544921875,39.01333214138868,38.86963881429142,38.98938508072216,319200
2004-05-20,39.31031799316406,39.32468696547979,39.09477609969346,39.15225198895639,1745900
2004-05-21,39.15224838256836,39.45879861162476,39.08039987324049,39.45401139087202,1461900
2004-05-24,39.27679443359375,39.31511413447968,39.12351928441785,39.24326560891051,314800
2004-05-25,39.39175033569336,39.43007003702075,39.28158576233694,39.29116386048486,645300
2004-05-26,39.60250473022461,39.626455456959675,39.43006972996205,39.468389430991024,505500
2004-05-27,39.91386413574219,39.94739297586416,39.674371376479655,39.77016701843687,1122800
2004-05-28,39.803680419921875,39.99527528389198,39.636036284336065,39.765360716254236,612700
2004-06-01,39.439208984375,39.621933839309406,39.28533754624229,39.607508965200786,662000
2004-06-02,39.33820343017578,39.492074759698475,39.314163213158345,39.4391811462455,906600
2004-06-03,39.41995620727539,39.45361545088971,39.232421943044315,39.333403342469666,1173600
2004-06-04,39.18916702270508,39.49210036734363,39.160317276144525,39.4488257475028,568200
2004-06-07,39.198768615722656,39.232427864417176,39.05451626499596,39.15068449881376,377200
2004-06-08,39.27090072631836,39.275710239086386,38.98720183892198,39.04490131780486,1294200
2004-06-09,39.10258102416992,39.19874921037965,38.94870972508567,39.16508997834813,589400
2004-06-10,39.17952346801758,39.23722291961554,39.020842638959955,39.121820347838,336200
2004-06-14,38.86698532104492,39.07375032377551,38.83332607262752,39.04489691900136,892200
2004-06-15,39.68923568725586,39.72770444777103,39.33821466757502,39.33821466757502,1567400
2004-06-16,39.53537368774414,39.59307317361471,39.42477689218589,39.45363030370497,494700
2004-06-17,39.795013427734375,39.7998192702123,39.41514276280154,39.47284222119303,552800
2004-06-18,39.708473205566406,39.83830069683638,39.60749545267127,39.795026089274124,394500
2004-06-21,39.73731994628906,39.79021357504161,39.66519193720986,39.732510434061666,731900
2004-06-22,39.61711883544922,39.71328709523723,39.60269396333941,39.63635322112361,362700
2004-06-23,39.69402313232422,39.75653208197351,39.51610796528731,39.56900156444475,302900
2004-06-24,39.93449020385742,40.07393311317361,39.86236215755209,40.03546800125095,1087900
2004-06-25,39.97294998168945,39.98256900982515,39.847931964600086,39.87197219777065,253200
2004-06-28,39.56421661376953,39.84791915522517,39.51613249430101,39.80464087969529,573100
2004-06-29,39.814273834228516,39.83350455387749,39.511336805282774,39.6219336204788,401500
2004-06-30,40.22298049926758,40.271064618827154,39.8671536122269,39.92485308826513,1730800
2004-07-01,40.298274993896484,40.34172410279455,40.03756929037866,40.24033916532259,1099300
2004-07-02,40.723148345947266,40.887298105857596,40.67969921394003,40.872815061855185,1293300
2004-07-06,40.65557098388672,40.83902907055074,40.62177597625441,40.82937493267561,351600
2004-07-07,40.67005920410156,40.75696118954669,40.6169522305862,40.65074724251597,303500
2004-07-08,40.69417953491211,40.8148764713604,40.66521344884554,40.69900844371593,715200
2004-07-09,40.73762130737305,40.75693325572269,40.597612444371265,40.67486023776985,2152900
2004-07-12,40.7955436706543,40.872791438524686,40.766577599391056,40.84865059022111,1297800
2004-07-13,40.67482376098633,40.68447788481466,40.52998611994173,40.65068292635416,307100
2004-07-14,40.6893424987793,40.73279530257803,40.62658143037829,40.70865444675902,241400
2004-07-15,40.73279571533203,40.73762093984277,40.63623597445496,40.694171818981204,562700
2004-07-16,41.273536682128906,41.278365592491795,40.96455271973265,40.96455271973265,2970600
2004-07-19,41.30247497558594,41.31212910557289,41.210744165515315,41.234885015547555,978300
2004-07-20,40.930763244628906,41.22043528809426,40.84386126325131,41.1866402777463,1091500
2004-07-21,40.819671630859375,40.82449685229557,40.64586789140281,40.75208169700128,662800
2004-07-22,40.87762451171875,40.964526425573624,40.834175396479814,40.834175396479814,154700
2004-07-23,41.01283645629883,41.02249427836288,40.93076338565384,40.93076338565384,209200
2004-07-26,40.819671630859375,40.95967672001176,40.776218854307665,40.95967672001176,712000
2004-07-27,40.269317626953125,40.78107133150544,40.269317626953125,40.747276345042124,961200
2004-07-28,40.2741584777832,40.32726543188526,40.09070043485345,40.17760238853148,495200
2004-07-29,40.36587905883789,40.385191008444785,40.20172932886817,40.20172932886817,519600
2004-07-30,40.838993072509766,40.858305014616846,40.55415021402712,40.587945191870425,578400
2004-08-02,40.89230728149414,41.00862903179257,40.86807188868949,40.95531412586376,714800
2004-08-03,41.05708312988281,41.11524583553128,40.906834095875006,40.950453351760906,509500
2004-08-04,41.076507568359375,41.25583996505897,40.955337929514656,41.042580217395006,481300
2004-08-05,41.19280242919922,41.24126951345888,41.12979558944181,41.139487527173145,623100
2004-08-06,41.88593673706055,42.099196570610474,41.74053533057184,41.88109261197471,1240900
2004-08-09,41.740535736083984,41.847161956089415,41.716300319197714,41.755075507093565,322100
2004-08-10,41.59025573730469,41.89560552098264,41.59025573730469,41.80836325390366,860100
2004-08-11,41.76958465576172,41.81320393681207,41.55148085490448,41.59510013595484,898400
2004-08-12,41.85686492919922,41.85686492919922,41.62906528269051,41.68238025092898,697500
2004-08-13,41.992549896240234,42.1185673564861,41.934387138172,42.00708966130631,637500
2004-08-16,41.84714889526367,41.93923901332292,41.692051889892696,41.9101594803797,729400
2004-08-17,42.08464050292969,42.094332447153676,41.85684098672428,41.876228572976224,182000
2004-08-18,41.88105392456055,42.19609186317407,41.87620610614745,42.18155210573676,365300
2004-08-19,41.98286056518555,42.045867450328124,41.84714745457942,41.92469780349721,372900
2004-08-20,41.94409942626953,42.04588151992983,41.87624469716266,41.96348701998655,875400
2004-08-23,41.70173263549805,41.76473950030164,41.66780529324951,41.73565997774659,1007200
2004-08-24,41.72599792480469,41.750233344976984,41.57090084999744,41.65814318568939,1044200
2004-08-25,41.871341705322266,41.992511233048695,41.80348706561951,41.837414385470886,588200
2004-08-26,42.10888671875,42.10888671875,41.89563059212057,41.95378967310803,478000
2004-08-27,42.07979965209961,42.18158172342874,41.99255734841684,42.0846474739166,304400
2004-08-30,42.27849578857422,42.27849578857422,42.128242979558856,42.167018136582335,259100
2004-08-31,42.540245056152344,42.65172277680765,42.28336595380443,42.31244918838677,1721100
2004-09-01,42.584041595458984,42.67649670664768,42.408858409636,42.67649670664768,1388900
2004-09-02,42.16553497314453,42.51590122955132,42.16553497314453,42.51590122955132,867000
2004-09-03,42.1704216003418,42.1704216003418,41.84925114669812,42.0779627644244,958100
2004-09-07,42.12662124633789,42.13148847755102,41.94170729894481,41.96603602979121,475500
2004-09-08,42.48188018798828,42.491610943603554,41.936865058237295,41.975795505922044,584800
2004-09-09,42.32123947143555,42.61807724935965,42.267711104097955,42.44289417672881,284800
2004-09-10,42.3845100402832,42.593756338461525,42.365044836661035,42.5207627530304,711700
2004-09-13,42.5694694519043,42.59379819588416,42.3942861597581,42.433212892648214,152900
2004-09-14,42.61319351196289,42.666721858561964,42.42341254224092,42.51100404462072,695700
2004-09-15,42.51589584350586,42.579154965773384,42.423437061831436,42.579154965773384,642500
2004-09-16,42.997642517089844,43.05603811648959,42.579150002909806,42.60834594630605,1103400
2004-09-17,42.78354263305664,43.01225416265541,42.76894465671773,42.88573218003746,765400
2004-09-20,43.0657844543457,43.09984763817813,42.9149337420319,42.94899692586433,727200
2004-09-21,43.192325592041016,43.27018274134401,42.8711551055643,42.99767714986818,1018500
2004-09-22,43.640010833740234,43.70326999440272,43.138793642233814,43.21178726614279,2541200
2004-09-23,43.46482849121094,43.73733406580718,43.46482849121094,43.63514447533359,2391000
2004-09-24,43.51832962036133,43.54752556716207,43.35774448774192,43.47939921622189,1984300
2004-09-27,43.70810317993164,43.74216634954126,43.586448472381996,43.601046443270825,1420800
2004-09-28,43.53294372558594,43.77138604223513,43.41615618249783,43.640000520337146,1161100
2004-09-29,43.10956573486328,43.24582214281735,43.09496776216294,43.16309410983622,1970700
2004-09-30,42.94413375854492,43.00252938461417,42.80301378000093,42.89060536280034,1945700
2004-10-01,42.729637145996094,42.81758852386614,42.65146021447772,42.75406953401628,1999300
2004-10-04,42.79317092895508,42.80294164997421,42.509771557220546,42.509771557220546,1106200
2004-10-05,42.79317092895508,42.85180271078982,42.71499024936211,42.768738534617285,501700
2004-10-06,42.597713470458984,42.73941312476687,42.519532808278434,42.729638678064724,531300
2004-10-07,42.41202926635742,42.597702700302904,42.38270966152314,42.50975134151647,2128600
2004-10-08,42.97391128540039,43.10095288999485,42.87618926823911,42.98368572383012,1534500
2004-10-11,43.01793670654297,43.04725259876575,42.86646629291174,42.97395914034865,60800
2004-10-12,43.11563491821289,43.188928335977415,43.07654832621548,43.16449595410321,757900
2004-10-13,43.27195739746094,43.27195739746094,42.97390047389233,42.99833283596388,648000
2004-10-14,43.47716522216797,43.49182314343958,43.19865353444587,43.2426272982607,717100
2004-10-15,43.325714111328125,43.48207156683692,43.08629257304872,43.39412026512224,746400
2004-10-18,43.345298767089844,43.38438909856057,43.179170450128055,43.3159828824164,613600
2004-10-19,43.457664489746094,43.48209314087547,43.130287759465254,43.1596073598212,505400
2004-10-20,43.75571060180664,43.78502646692309,43.584691447676136,43.61401104064929,1127100
2004-10-21,43.7850341796875,43.92673376580533,43.70197006198796,43.70197006198796,1649200
2004-10-22,43.88764572143555,43.88764572143555,43.66776922725517,43.73128819209766,491500
2004-10-25,43.921852111816406,44.019574177042266,43.87787830082212,44.00980346166281,246800
2004-10-26,43.78993606567383,43.980496742029175,43.78993606567383,43.951177134072395,503700
2004-10-27,43.35995101928711,44.00004299757839,43.35018030163124,43.91209162724074,2351800
2004-10-28,43.501651763916016,43.565174477801904,43.25245558697178,43.3599521232167,839200
2004-10-29,43.70197677612305,43.726405429157396,43.44789343513186,43.54073200909301,1169300
2004-11-01,43.430179595947266,43.6656815479225,43.371306915335865,43.54302513908002,923500
2004-11-02,43.493934631347656,43.53318555464589,43.32712007891719,43.410529226719454,709300
2004-11-03,43.513572692871094,43.543009022281375,43.17503993195224,43.18975809665738,1066600
2004-11-04,43.55770492553711,43.71470484077777,43.54298676835412,43.59695584014059,2285100
2004-11-05,43.081825256347656,43.1407016656663,42.93954340787598,43.04748162003902,1838000
2004-11-08,42.92972946166992,42.978791260991045,42.8806676623488,42.92972946166992,454100
2004-11-09,42.90519714355469,43.04257542355022,42.88066811522275,42.88066811522275,373000
2004-11-10,42.743282318115234,42.915000443903,42.64025144264258,42.83649859030036,1303400
2004-11-11,42.65009307861328,42.90521680056762,42.65009307861328,42.90521680056762,309700
2004-11-12,43.11126708984375,43.22901617010496,42.84632885187419,42.85123241213557,1125900
2004-11-15,43.1505012512207,43.17503401781887,43.04747036922277,43.1505012512207,763200
2004-11-16,43.1505012512207,43.1505012512207,43.027844904579176,43.08181399655542,520900
2004-11-17,43.518470764160156,43.54791083303287,43.12106539453797,43.12106539453797,1249400
2004-11-18,43.650970458984375,43.69512497660583,43.37622125642293,43.444908557063286,891500
2004-11-19,43.30258560180664,43.68036539721183,43.21917646451644,43.61658546227094,1244500
2004-11-22,43.52829360961914,43.601888180972956,43.32223180436876,43.346760832703104,511500
2004-11-23,43.58219528198242,43.76372403486159,43.41047737662256,43.42028822414186,746300
2004-11-24,43.58219528198242,43.62144615839885,43.53313355804669,43.62144615839885,309700
2004-11-26,43.29770278930664,43.34185729004448,43.2878919257568,43.31732825958203,697100
2004-11-29,42.83652114868164,42.97880302588347,42.767833862194735,42.9150230436246,1546400
2004-11-30,42.65498352050781,42.76292173283887,42.502887065325126,42.65498352050781,1754500
2004-12-01,42.5884895324707,42.7362822135641,42.45547912630585,42.7116488472072,2489800
2004-12-02,42.41605758666992,42.514587271141245,42.371722047550186,42.4505420366041,2881500
2004-12-03,43.07614517211914,43.1845258246403,42.824899455685454,42.93328010820661,2233700
2004-12-06,43.223968505859375,43.2781588755109,43.08110332755282,43.10080925820082,1314100
2004-12-07,43.27814865112305,43.29785457711556,43.10572649683991,43.223958294273906,784300
2004-12-08,43.953094482421875,43.953094482421875,43.52942616181495,43.55405952684803,2639700
2004-12-09,43.66239547729492,43.9776827087292,43.63283847388554,43.83974501479174,1428900
2004-12-10,43.770816802978516,43.86934650334811,43.68214195190777,43.82007977390143,1445000
2004-12-13,43.8643798828125,43.987539079330325,43.74614810654109,43.75599918851354,677400
2004-12-14,44.03680419921875,44.06143754315719,43.696883597175336,43.716589520621966,1568200
2004-12-15,44.43586349487305,44.460496852494025,44.258513843865494,44.312704223813505,2511500
2004-12-16,43.780670166015625,44.28315846600896,43.77081531705134,44.28315846600896,1998200
2004-12-17,43.72153091430664,43.7855723670851,43.563887234871984,43.588520586683124,1319800
2004-12-20,43.800392150878906,43.89399069918593,43.75605283134399,43.780686204255055,230500
2004-12-21,43.93336868286133,43.962925700721286,43.7954309214854,43.874250888619315,245200
2004-12-22,43.78557586669922,43.94814698119415,43.696901055022174,43.94814698119415,511600
2004-12-23,43.64270782470703,43.74123747485072,43.632856738953585,43.71660412268434,738600
2004-12-27,43.30279541015625,43.53433541413042,43.20426574967669,43.5146294820345,1322600
2004-12-28,43.2682991027832,43.30771095616678,43.056465088998,43.283077608171745,1253500
2004-12-29,43.223968505859375,43.35205517581042,43.14022111949683,43.288013720095876,567500
2004-12-30,43.51461410522461,43.57372812210092,43.22395640767276,43.253517174631824,626400
2004-12-31,43.78908920288086,43.83853970488571,43.665461061453,43.70007679013954,1056400
2005-01-03,43.88304901123047,43.932499518854335,43.596234557879285,43.6061231502713,1168000
2005-01-04,43.42314910888672,43.88799214852653,43.42314910888672,43.87315737455192,1935400
2005-01-05,43.655582427978516,43.78910297550133,43.487449913714414,43.51217328607714,1094100
2005-01-06,43.685218811035156,43.784123543879495,43.62587974415834,43.66049545744641,1057400
2005-01-07,43.78411865234375,43.94730861368308,43.69016010984607,43.8929119599033,738700
2005-01-10,43.85335922241211,43.87314017089891,43.74951207247903,43.83357827392531,379400
2005-01-11,44.110496520996094,44.15005841125556,43.88302131124843,43.96214509176736,844100
2005-01-12,44.169898986816406,44.22924190231998,43.912753898636815,43.94736965613858,722000
2005-01-13,44.595149993896484,44.595149993896484,44.37262081519006,44.38250940793682,1876700
2005-01-14,44.59019470214844,44.70393424607746,44.412169886417686,44.456677976766,1043800
2005-01-18,44.73855972290039,44.74844831578215,44.372621420961956,44.407237155296244,1251600
2005-01-19,44.867130279541016,44.92152319504681,44.63965116131209,44.901746010952934,655800
2005-01-20,44.956138610839844,45.01053152139898,44.67920901189755,44.71382474016141,1064200
2005-01-21,45.00559616088867,45.02537711911341,44.76328225225973,44.802844168709186,606300
2005-01-24,45.19845199584961,45.24790250084703,45.0006462030282,45.04515052567638,561400
2005-01-25,44.773162841796875,45.19844389969348,44.758328070238086,45.17866294667143,1942200
2005-01-26,44.85722351074219,44.96107067163201,44.817661609594474,44.9264549513354,709800
2005-01-27,44.773162841796875,44.85228288105407,44.674258076686606,44.76327047887034,463900
2005-01-28,45.223175048828125,45.297352692226546,45.0847121266613,45.10943926540466,1128000
2005-01-31,45.35177230834961,45.37155327477891,45.14407782009226,45.163858786521565,1313900
2005-02-01,45.27976608276367,45.418751821202186,45.195382425437046,45.38897024498746,948200
2005-02-02,45.38400650024414,45.3988972887169,45.21523539437218,45.26983747682392,760300
2005-02-03,45.35920715332031,45.38899253123717,45.200365690387486,45.200365690387486,505800
2005-02-04,45.989585876464844,46.13353646242542,45.89527250947207,45.900237367491975,3483900
2005-02-07,46.33211135864258,46.37182267094971,46.014428434343834,46.03428409049741,1064600
2005-02-08,46.595184326171875,46.7192793058321,46.32713871565639,46.34699436685141,1383800
2005-02-09,46.71927261352539,46.778835771500106,46.351948799652114,46.38173416571716,2125800
2005-02-10,46.088863372802734,46.500859513021496,46.03922615054106,46.4065461397702,1240000
2005-02-11,46.05910110473633,46.15341451752359,45.86551320581007,45.89529479423599,1275200
2005-02-14,46.20304870605469,46.26757673907112,46.029316473257644,46.113700159604974,295000
2005-02-15,45.96971893310547,46.09381384356368,45.94986329298302,45.96475407630582,900200
2005-02-16,45.7960090637207,45.949885615578225,45.56767477200123,45.92010403446463,1189700
2005-02-17,45.50810623168945,45.73644051542614,45.468394933541035,45.54781752983788,1146400
2005-02-18,45.10105895996094,45.14573131428759,44.90250632644177,44.94718246784491,2655800
2005-02-22,44.90253448486328,45.046485139759355,44.872752896636115,44.98691817622616,914600
2005-02-23,45.051429748535156,45.2549434884016,44.887623512762566,45.240052700981764,1115000
2005-02-24,44.95217514038086,45.33438989134869,44.95217514038086,45.25000619357938,798500
2005-02-25,45.17060852050781,45.240101461419016,44.98198536476043,45.11600638306597,588800
2005-02-28,44.68409729003906,45.220188255290005,44.61956929475154,45.220188255290005,2797300
2005-03-01,44.670169830322266,44.7448615447822,44.54070444519028,44.5855209934576,1648500
2005-03-02,44.61043167114258,44.67516628637516,44.525782803970486,44.540720392415004,1139300
2005-03-03,44.58549118041992,44.71495647898218,44.54067466212012,44.62532724135844,1600600
2005-03-04,45.06847381591797,45.14814210495642,44.74979306181568,44.80954332885095,1567000
2005-03-07,45.247772216796875,45.30752253665512,45.18801809796102,45.2378112975021,889800
2005-03-08,44.81956100463867,44.949022613164885,44.78470537173099,44.87931134734952,680400
2005-03-09,44.08755874633789,44.51578697130633,44.037765561825005,44.40623968599211,2549600
2005-03-10,44.356468200683594,44.48095312235212,44.012888601205404,44.18716673174567,1357700
2005-03-11,44.032798767089844,44.25189340570352,44.01786118699848,44.14234608639668,1017900
2005-03-14,44.296749114990234,44.31666717409231,43.96811063725939,44.00296629094268,805000
2005-03-15,44.01787185668945,44.466018362946755,44.01787185668945,44.46103790204985,963900
2005-03-16,44.28679275512695,44.495926680863775,44.08761595962367,44.08761595962367,2097800
2005-03-17,44.43115997314453,44.605438103918836,44.37638630361857,44.49091030427953,1025300
2005-03-18,44.152305603027344,44.30666946996352,44.152305603027344,44.26683338823949,722700
2005-03-21,44.02783966064453,44.152324620417204,44.007921611203365,44.152324620417204,893100
2005-03-22,43.654380798339844,44.341540144936076,43.589649992796645,44.28676646371524,2544900
2005-03-23,43.86351776123047,43.89837719631895,43.584672672357904,43.584672672357904,1951700
2005-03-24,43.953147888183594,44.04775767320505,43.9083351262131,43.97804639970907,746800
2005-03-28,43.684268951416016,43.81871105241202,43.679288488718406,43.81373058971441,382200
2005-03-29,43.94318389892578,43.95812148391599,43.81371849737916,43.85853505132867,1135000
2005-03-30,44.16228103637695,44.19215620799919,43.89837355643626,43.918287804865024,1095600
2005-03-31,44.4809455871582,44.51082074762465,44.246913366230544,44.416211007510654,2410900
2005-04-01,44.63087844848633,44.8108016616207,44.23104823861806,44.74582706000561,2805300
2005-04-04,44.62087631225586,44.810797359588605,44.565899568350396,44.62087631225586,754800
2005-04-05,44.50593948364258,44.660871904866994,44.44596379813759,44.600896219362,733300
2005-04-06,44.66089630126953,44.700880113447695,44.5809286769132,44.68588713714744,402800
2005-04-07,44.3010139465332,44.77081382867734,44.2860209823053,44.63087441179946,973000
2005-04-08,44.45591735839844,44.48090815786869,44.15104790755246,44.26100132432454,438600
2005-04-11,44.69586181640625,44.7908223759153,44.450967745796376,44.465960715600005,1460200
2005-04-12,45.11072540283203,45.180695199791074,44.540969162983856,44.595945976747096,1931500
2005-04-13,45.000732421875,45.20064758681714,44.88078484813556,45.15566486349947,1001700
2005-04-14,44.9307746887207,45.04072824946464,44.81082708293898,45.02073634632341,1461800
2005-04-15,45.52552795410156,45.54052474466697,45.090716354367466,45.2506478027999,2807300
2005-04-18,45.49050521850586,45.675427350949526,45.45052524946299,45.665433311954644,3510800
2005-04-19,45.93033981323242,46.000309556795344,45.64046298243458,45.650457025915685,1733600
2005-04-20,45.81536102294922,45.865338837775376,45.57046706115704,45.59045894970007,1617900
2005-04-21,45.3355827331543,45.690430297474066,45.330583806033125,45.63045842427669,1288500
2005-04-22,45.71543502807617,45.770411803942196,45.52551387033342,45.615475520562796,876300
2005-04-25,45.850379943847656,45.89036375064377,45.73543126564093,45.81039995011723,818300
2005-04-26,45.7804069519043,46.005312989432774,45.65046149553665,45.975323229923056,549300
2005-04-27,45.94033432006836,46.08027380860563,45.88036243244672,46.00530894907858,684900
2005-04-28,46.28016662597656,46.3051574424484,45.95530507715891,46.00528671010258,1062000
2005-04-29,46.2002067565918,46.45009969004275,46.09025325578321,46.265177546586166,1445100
2005-05-02,46.19019317626953,46.275464117508264,45.99959542146643,46.22029037829989,1358200
2005-05-03,46.315574645996094,46.41589224738713,46.10491342316273,46.1801506675247,1884900
2005-05-04,45.909297943115234,46.00459870580258,45.668543358160534,45.86917090338107,2211500
2005-05-05,46.014625549316406,46.064782432348146,45.74879062519579,45.79393449863177,1757900
2005-05-06,45.673545837402344,45.74376622738425,45.54815173718832,45.60834228291178,850600
2005-05-09,45.71873092651367,45.76387100646447,45.643493633201324,45.6485104732162,327800
2005-05-10,46.044715881347656,46.044715881347656,45.81398736566793,45.824021036814514,495500
2005-05-11,46.185157775878906,46.40584879900263,46.1400139080807,46.21525113659477,1058700
2005-05-12,46.36572265625,46.38076933565469,46.0045870436407,46.14502782038339,657000
2005-05-13,46.54631805419922,46.65666171081768,46.43095373250417,46.50117416250066,1698100
2005-05-16,46.49112319946289,46.68172087622183,46.48610636339104,46.66667419473095,824800
2005-05-17,46.621543884277344,46.74192502466884,46.59646735007346,46.62656072180844,856300
2005-05-18,46.932559967041016,47.04792436136733,46.8171955727147,46.997763599738335,1092300
2005-05-19,46.8121452331543,46.99772612698833,46.787064872337154,46.99772612698833,948800
2005-05-20,46.86735153198242,46.90246176548777,46.751987149477166,46.77205068672714,806800
2005-05-23,47.233482360839844,47.26357956848042,46.932537071522894,46.94758376197969,905600
2005-05-24,47.3638801574707,47.47422762562918,47.238486003058966,47.41403705389022,1695400
2005-05-25,47.032833099365234,47.474222928326135,47.01277340416295,47.44412573207165,1923300
2005-05-26,47.01779556274414,47.183316780809555,46.94255829755747,46.94255829755747,978300
2005-05-27,47.067955017089844,47.138179274672545,46.91748430528073,47.017798113153475,650600
2005-05-31,47.649742126464844,47.67482246879954,47.2585132770706,47.2585132770706,1979000
2005-06-01,48.233238220214844,48.2483403839244,47.92111659465707,47.926148088670175,3823200
2005-06-02,48.34905242919922,48.42456712692979,48.19299153716991,48.19299153716991,1703400
2005-06-03,47.95136260986328,48.832358773299084,47.92618975457258,48.78201690355616,5558100
2005-06-06,48.20301818847656,48.26846215684166,48.00164710933965,48.077161744120225,1088700
2005-06-07,48.58563995361328,48.62087961680168,48.354064475398786,48.56550245452917,1503100
2005-06-08,48.354087829589844,48.55545523601754,48.354087829589844,48.48497587560043,1272400
2005-06-09,48.31381607055664,48.33395358072503,48.041965444539436,48.162786664712414,612700
2005-06-10,47.77009201049805,48.102355008380094,47.75498984529168,48.102355008380094,1464800
2005-06-13,47.48312759399414,47.588846565102074,47.40761294582146,47.56367757626755,1616700
2005-06-14,47.171016693115234,47.40259604301382,47.105572693000425,47.347218873364476,1984500
2005-06-15,47.25663375854492,47.25663375854492,46.984783063459226,47.014987415967084,1996800
2005-06-16,47.493194580078125,47.53346957134943,47.10555835138695,47.221347991083285,1370300
2005-06-17,47.48817825317383,47.558657589990425,47.33211357236355,47.37742391222324,555900
2005-06-20,47.40760803222656,47.42271019212892,47.120655471579425,47.231409765308875,453000
2005-06-21,47.754966735839844,47.754966735839844,47.48311637117184,47.51332068696818,503100
2005-06-22,48.33393859863281,48.37420976564937,47.95636904189498,48.07215488842634,952200
2005-06-23,48.28361129760742,48.3188509798803,48.097342210829446,48.22823410534471,996300
2005-06-24,48.525238037109375,48.55544237190387,48.33896901059244,48.44972335928704,928000
2005-06-27,48.656150817871094,48.736697025580675,48.50512139726378,48.5756007693238,1203600
2005-06-28,48.323890686035156,48.515195143018815,48.28361950005151,48.490022291045825,982400
2005-06-29,48.24838638305664,48.570582826322216,48.1275651173563,48.56554748667339,1682400
2005-06-30,48.681297302246094,48.69136797407359,48.23324842682076,48.25842126555357,2159400
2005-07-01,48.09127426147461,48.62674696996477,47.98519102733833,48.51561105208816,2222700
2005-07-05,47.63658905029297,47.8588568272363,47.621431013034766,47.66184473759351,1076100
2005-07-06,47.89931106567383,47.90436374903353,47.702298809395444,47.803329352180405,854100
2005-07-07,48.000335693359375,48.268073921475555,47.970027305072435,48.20745329083398,1678000
2005-07-08,47.80329895019531,48.116499600148124,47.646700552251765,48.116499600148124,1259300
2005-07-11,47.80329895019531,47.81340431048789,47.459789927496196,47.54061739357397,982000
2005-07-12,47.53558349609375,47.75280257942509,47.51537662158999,47.661873571191805,743700
2005-07-13,47.4648551940918,47.53557731863067,47.41433994143071,47.51032161933349,886600
2005-07-14,47.3436393737793,47.555805844001256,47.28301873054367,47.53559896292271,874300
2005-07-15,47.46994400024414,47.500252404092166,47.23251789258215,47.23251789258215,1064700
2005-07-18,47.116310119628906,47.469924721882066,47.03043377422227,47.409304084735446,1204500
2005-07-19,47.283016204833984,47.343636844831444,47.04054135298069,47.0961093094613,1226900
2005-07-20,47.540645599365234,47.60631506396574,47.07084627273767,47.23755012987893,1884500
2005-07-21,46.894046783447266,47.25271025028701,46.81827194305724,47.22240185575839,3824200
2005-07-22,47.257747650146484,47.293108717016366,46.99506213562693,47.030423202496806,1614900
2005-07-25,47.08601379394531,47.338594065678144,47.050652710065485,47.1819955305059,305100
2005-07-26,47.16176986694336,47.187029425686184,47.06578816860171,47.1163034320198,340500
2005-07-27,47.08601379394531,47.11632219325115,46.98498322687982,47.01529162618565,593300
2005-07-28,47.505271911621094,47.570941358784665,47.17186428586687,47.17186428586687,578900
2005-07-29,47.03550338745117,47.384065431886434,46.90416055339202,47.384065431886434,1699500
2005-08-01,46.860557556152344,46.951824758358896,46.65774112142647,46.901121616777864,1760300
2005-08-02,46.70843505859375,46.880826465400496,46.62730696004895,46.7844878154787,1071400
2005-08-03,46.936622619628906,46.98225816311664,46.774370216432665,46.774370216432665,591100
2005-08-04,46.84028244018555,47.0481703802775,46.74901522450654,46.94676021374399,1046800
2005-08-05,46.475223541259766,46.581701328783154,46.41944890945188,46.49550170882372,1041600
2005-08-08,46.388999938964844,46.57153429989567,46.36365030841384,46.48533859290078,836600
2005-08-09,46.56143569946289,46.57157478681753,46.28256244215812,46.49551809224312,1474800
2005-08-10,46.51070022583008,46.69830222463921,46.41436155504604,46.65267056062666,909300
2005-08-11,46.83518600463867,46.87574617788371,46.495466991361994,46.66279076184754,881600
2005-08-12,47.311805725097656,47.37772326791055,46.936597965118175,46.96195146133858,1765100
2005-08-15,47.19017028808594,47.3067910855085,47.18003119928624,47.28650903950437,954300
2005-08-16,47.519718170166016,47.61098538806067,47.408168918472285,47.49943613636694,1311000
2005-08-17,47.20535659790039,47.52479382280914,47.14451435955795,47.41324456131102,1278200
2005-08-18,47.55518341064453,47.56532248751134,47.2915209913055,47.38278815670744,833900
2005-08-19,47.55012893676758,47.58055004664345,47.32703048194036,47.33717343083336,439200
2005-08-22,47.4994010925293,47.560247149035874,47.25602073490253,47.42841596080473,599300
2005-08-23,47.717437744140625,47.778283813123906,47.48420028230523,47.52476432829408,491800
2005-08-24,47.7630615234375,47.82897905440656,47.58559868698178,47.79855409072865,998200
2005-08-25,47.91518020629883,47.97095479960886,47.69208183305871,47.80363101967877,812400
2005-08-26,47.89997482299805,48.10785880088315,47.7630721270537,47.9912419974941,874600
2005-08-29,47.96082305908203,48.107864851396876,47.9151914002952,48.08251521931566,550100
2005-08-30,48.2650260925293,48.346150291453824,48.02671723026489,48.08249180945014,1392700
2005-08-31,48.670684814453125,48.67575628888565,48.32083044663982,48.325898052670794,1310800
2005-09-01,48.377586364746094,48.713398464642616,48.301264197799306,48.49461032307872,1899000
2005-09-02,48.418304443359375,48.4844482679765,48.23513274851908,48.27583455033319,621400
2005-09-06,48.07740783691406,48.423398446928644,48.07232253696546,48.34199094675905,965300
2005-09-07,47.62458419799805,47.919694737403596,47.50247096448563,47.919694737403596,1090200
2005-09-08,47.67546844482422,47.817938424938404,47.62458825002417,47.77214353228134,373100
2005-09-09,47.828125,47.99094399365973,47.76706642166097,47.80777214055365,426300
2005-09-12,47.49736404418945,47.680535767012124,47.415956546217295,47.655097622230684,917300
2005-09-13,47.746734619140625,47.889204698096165,47.64497415894225,47.706032764208906,450400
2005-09-14,47.563541412353516,47.76706222511472,47.51265732725255,47.73653487958268,346400
2005-09-15,47.17176055908203,47.497398551365336,47.0140307483573,47.497398551365336,2225800
2005-09-16,46.86138916015625,47.054739398932206,46.74945036547782,46.963153465278154,2145500
2005-09-19,46.963130950927734,47.03436398940795,46.861366694592114,46.90207239712636,886100
2005-09-20,47.08523178100586,47.217523338460495,46.74941564636912,46.9580294055056,1848800
2005-09-21,47.52285385131836,47.52794303815472,47.38547298012172,47.4617952550185,993000
2005-09-22,47.47698974609375,47.54822273034739,47.38540392606672,47.507520940707096,761700
2005-09-23,47.120853424072266,47.3701690202781,47.120853424072266,47.34473087155195,656800
2005-09-26,46.90713882446289,47.003809968697055,46.86134396085085,46.8664331416761,680900
2005-09-27,46.97330856323242,47.09542179705639,46.779962286185324,46.94786652697714,827800
2005-09-28,47.28878402709961,47.329485860824136,46.94279320802154,47.00893708449577,712800
2005-09-29,47.07503128051758,47.120826132755475,46.993623817070876,47.115736953194244,657100
2005-09-30,46.912254333496094,47.161573889688995,46.81049394290598,47.105604510291414,1391800
2005-10-03,46.545494079589844,47.097171671821364,46.53527559059367,46.887739413939876,1370900
2005-10-04,46.69877243041992,46.76007172013664,46.59150159632669,46.673233982615635,783200
2005-10-05,46.903038024902344,46.98477030406791,46.775334261613324,46.83152422923726,1215800
2005-10-06,46.72428512573242,46.86220356855813,46.70896128733092,46.841770484952065,340000
2005-10-07,46.91325759887695,46.96944757247485,46.46374170730381,46.5301462682786,1337800
2005-10-10,46.88261413574219,46.979670261954595,46.800885737782,46.9183710405767,159700
2005-10-11,46.78557205200195,46.9541420384789,46.714058220868374,46.91327587862786,679100
2005-10-12,46.330970764160156,46.70897709296595,46.30543232391989,46.70897709296595,1105700
2005-10-13,46.16238784790039,46.22879244510141,46.01425091825616,46.10108859856798,1376600
2005-10-14,46.09084701538086,46.33092683261772,45.88141095904742,46.27984610335903,1042600
2005-10-17,46.08061599731445,46.28494275598237,46.03464452264878,46.18788666874314,1058200
2005-10-18,46.1317024230957,46.21854393689517,46.090840184071006,46.20832545423205,878200
2005-10-19,46.15217971801758,46.41780596087389,46.15217971801758,46.31053517337103,904800
2005-10-20,46.27476119995117,46.27987044472725,46.039786604006025,46.11640968679968,810300
2005-10-21,46.703834533691406,46.72426760963748,46.35648003702964,46.39734618892179,1252800
2005-10-24,46.34116744995117,46.69363127543429,46.223678209052906,46.64765586909612,939100
2005-10-25,45.94268035888672,46.50968504929435,45.93757112011344,46.39219594075274,632900
2005-10-26,45.60557174682617,45.82011315463601,45.54427642871476,45.69240937895731,2895800
2005-10-27,45.769046783447266,45.86610293052078,45.61580454288036,45.76904678344726,1197400
2005-10-28,45.77416229248047,45.912080717588914,45.523863870581295,45.83035229087584,750400
2005-10-31,45.860992431640625,45.99380548759965,45.75883094072511,45.85588318793153,547700
2005-11-01,45.80813217163086,45.997974633000005,45.71064497328999,45.885095543241036,647100
2005-11-02,45.5926513671875,45.864585301506004,45.577259471210354,45.70553049038103,781100
2005-11-03,45.28478240966797,45.64907147915814,45.27451854037575,45.60802383102762,962900
2005-11-04,45.21296310424805,45.47976505958737,45.07956016931828,45.36688595422527,1888700
2005-11-07,45.36686325073242,45.44382659446544,45.33094754559278,45.4079108893258,1121600
2005-11-08,45.80813217163086,45.828655998361555,45.60802975415621,45.60802975415621,1396800
2005-11-09,45.33608627319336,45.62854389159244,45.33608627319337,45.55158053632556,1140300
2005-11-10,45.890254974365234,45.91077881339308,45.47465408446485,45.52083370090802,1695200
2005-11-11,45.9158935546875,46.02364074252302,45.89024169921479,45.972333117056706,193700
2005-11-14,45.572147369384766,45.8953890691564,45.46953207519386,45.85947332473733,1230100
2005-11-15,45.8697395324707,45.99801061398515,45.536233937628595,45.536233937628595,839800
2005-11-16,46.35197067260742,46.403282164362416,46.04925322674251,46.07490897262001,1822300
2005-11-17,46.46492004394531,46.639370768110886,46.203249829481685,46.26481744957988,1003100
2005-11-18,46.249385833740234,46.40844060178992,46.20833817923715,46.36739686180663,734200
2005-11-21,46.38793182373047,46.516202838952125,46.34688415937456,46.3520121815285,503300
2005-11-22,46.449462890625,46.52129428951896,46.35710767568739,46.367371540968044,1026900
2005-11-23,46.26991271972656,46.531586641332254,46.105726005380255,46.48027511255149,768300
2005-11-25,46.439231872558594,46.45462376555142,46.3520046213991,46.387924257742476,421500
2005-11-28,46.670101165771484,46.76245640474441,46.444343045055746,46.444343045055746,883400
2005-11-29,46.228878021240234,46.747094073934186,46.19296228973795,46.73170217679337,889200
2005-11-30,46.17756271362305,46.331489488476656,46.08520743161498,46.331489488476656,1642800
2005-12-01,46.10538864135742,46.383660148425605,45.95594631728999,46.37850588027027,1214800
2005-12-02,46.12087631225586,46.14664373756712,45.9405161297484,46.00235166000404,746200
2005-12-05,45.91474151611328,46.04357075938608,45.785912272840484,46.04357075938608,431100
2005-12-06,46.38371658325195,46.44040180726527,46.02814634745194,46.07452695417167,968800
2005-12-07,46.2084846496582,46.332163587688406,46.13118629627872,46.275478390647294,386600
2005-12-08,46.507362365722656,46.56404755404477,46.27547127280998,46.36822849628645,976200
2005-12-09,46.1414794921875,46.383679084153506,46.10540746348339,46.36822020493121,817400
2005-12-12,46.053897857666016,46.24971697098449,45.935373176211364,46.24971697098449,440500
2005-12-13,46.22393798828125,46.28577744987712,46.059036688916,46.23424653099244,598700
2005-12-14,46.69806671142578,46.80112862433714,46.45071261625457,46.481630403815984,635000
2005-12-15,46.584651947021484,46.60526509631297,46.37337011545092,46.60526509631297,724300
2005-12-16,46.739261627197266,46.857786295737085,46.66711754428004,46.80625536959016,684500
2005-12-19,46.785648345947266,46.94539541741126,46.66712366187005,46.68773682134253,469800
2005-12-20,46.72895050048828,46.79078996217865,46.584662354767865,46.677419581524866,236000
2005-12-21,46.646522521972656,46.67744423492817,46.52800173891395,46.65167679605844,193100
2005-12-22,47.01750946044922,47.05358148358254,46.84745788370964,46.85260822161751,692700
2005-12-23,47.30611038208008,47.42978538270665,46.945386060546305,46.99176664300463,2295800
2005-12-27,47.692588806152344,47.713198025899985,47.30610106519991,47.39370400957554,519500
2005-12-28,47.55959701538086,47.73553095262918,47.47680178757428,47.62168948834203,1295700
2005-12-29,47.66307067871094,47.67341810467441,47.44573920244646,47.62167307907226,740600
2005-12-30,47.55446243286133,47.91150630469892,47.450968308642544,47.8856357345671,1099500
2006-01-03,47.492332458496094,47.73553854398764,47.33709730351244,47.39401409681371,1392700
2006-01-04,47.60620880126953,47.64243075874591,47.30608175480966,47.36817823101086,387600
2006-01-05,47.54924774169922,47.678612329950205,47.45092939130242,47.544072052758885,453400
2006-01-06,47.46126174926758,47.554404373397496,47.342244638698986,47.4871322878139,1193700
2006-01-09,47.492332458496094,47.492332458496094,47.36814354493029,47.45093483800937,413600
2006-01-10,47.10940933227539,47.440582365185726,47.104233643290996,47.414707868157684,698900
2006-01-11,47.03178024291992,47.23876433345026,46.95933640341828,47.21806552960791,394600
2006-01-12,47.34745407104492,47.357801504259804,47.0887248138261,47.155992999460736,626600
2006-01-13,47.62173843383789,47.76145453738788,47.38888352511833,47.39405527125143,491000
2006-01-17,47.83385467529297,47.86490091526321,47.56994979186331,47.60617172112666,454300
2006-01-18,47.81828308105469,48.00456427993375,47.668219826830004,47.999392543777525,622100
2006-01-19,47.678627014160156,47.83386614702992,47.585484324017315,47.64240507620989,490600
2006-01-20,47.80280303955078,47.85455203512605,47.63204477699227,47.77175680052088,842600
2006-01-23,47.78725051879883,47.86487001651204,47.466429051825294,47.50265095770591,720400
2006-01-24,47.55446243286133,47.70452595205569,47.482018519856766,47.606207521022135,300500
2006-01-25,47.036964416503906,47.383660560648984,46.98004368264202,47.35261432323118,1204500
2006-01-26,46.83514404296875,46.88171338722866,46.597113738334755,46.85584284527078,764100
2006-01-27,46.83514404296875,46.98520739873879,46.654034457692106,46.98520739873879,1091400
2006-01-30,46.788604736328125,46.83000237100189,46.695462032260025,46.72651223221322,308500
2006-01-31,46.91793441772461,46.94898459453736,46.6747284301375,46.75234795033018,676100
2006-02-01,46.757469177246094,46.975572811622825,46.65880154944377,46.81459212366651,622300
2006-02-02,46.845767974853516,46.949629721145136,46.664014871243836,46.75748846194603,658500
2006-02-03,47.178123474121094,47.256018802993744,46.643248290807755,46.73672189307073,1524600
2006-02-06,47.27155303955078,47.365026554736495,47.19885185684159,47.245590595393104,755100
2006-02-07,47.04829025268555,47.31832681289992,46.9963613640044,47.31832681289992,280500
2006-02-08,46.939266204833984,47.193720683455346,46.88733728539,47.193720683455346,261700
2006-02-09,47.152137756347656,47.20406662935105,46.76785537990064,46.809400063070974,1119200
2006-02-10,46.89250564575195,47.453343214823796,46.861345141638765,47.359869626325086,938000
2006-02-13,46.89768600463867,46.92365242567739,46.81979466536173,46.86133539233624,218700
2006-02-14,46.73155212402344,46.84060405640472,46.5913436286541,46.68481727954135,836100
2006-02-15,46.845767974853516,46.980786264072364,46.67439906491274,46.80941735413158,720300
2006-02-16,46.85614013671875,46.892490745032894,46.736700159732784,46.840557908653416,427800
2006-02-17,47.22999954223633,47.29231652801217,47.15210826241224,47.15210826241224,731400
2006-02-21,47.152137756347656,47.255995502354445,47.141749604595546,47.20406662935105,433300
2006-02-22,47.47415542602539,47.48973371020233,47.30278637623159,47.31836862233227,559000
2006-02-23,47.35467529296875,47.416988371804415,47.21965701895803,47.416988371804415,288300
2006-02-24,47.281986236572266,47.48451171878611,47.23005337494116,47.48451171878611,485700
2006-02-27,47.204078674316406,47.43776064341933,47.11579917149264,47.43776064341933,446200
2006-02-28,47.43779373168945,47.484532535262794,47.21449579931706,47.25604052206607,744200
2006-03-01,47.151153564453125,47.35439096972613,47.09903814702054,47.30227555229355,713600
2006-03-02,46.822837829589844,46.9531184045057,46.58833438508035,46.93227303541745,1640000
2006-03-03,46.551841735839844,46.66648924281329,46.49973031699185,46.63001085203505,1253300
2006-03-06,46.14537811279297,46.374669205601634,46.11932040922848,46.36946084556662,872700
2006-03-07,46.17667770385742,46.2496345557929,46.020339320652674,46.06724242595419,1692900
2006-03-08,46.16104507446289,46.317379483218666,46.0932965857368,46.155832734749275,1184700
2006-03-09,46.17667770385742,46.207943790158275,45.999493937835354,46.15061998137322,282100
2006-03-10,46.004669189453125,46.1036836840493,45.86396793867959,46.02551455546532,1086900
2006-03-13,45.96821594238281,45.99948202058345,45.863993031147885,45.93173752586567,1740100
2006-03-14,46.275657653808594,46.37466817829618,46.09326168459233,46.09326168459233,904400
2006-03-15,46.0255126953125,46.140160215822505,45.936922875226365,46.08804879082165,971000
2006-03-16,46.442447662353516,46.55188293153205,46.08287179515983,46.12456255747068,1048000
2006-03-17,46.30173873901367,46.37990791831559,46.2496272780956,46.30173873901367,703500
2006-03-20,46.37469482421875,46.50497546231701,46.3694864613065,46.49976709940476,576000
2006-03-21,46.13496780395508,46.45806513984497,46.04637794561141,46.45806513984497,817200
2006-03-22,46.23400115966797,46.369494159020974,46.18709805472453,46.24963420269904,205500
2006-03-23,46.088077545166016,46.31216039073713,46.03596211180347,46.286102674055854,613400
2006-03-24,46.42679214477539,46.53101900902091,46.11933184090986,46.134964876584604,954800
2006-03-27,46.25484848022461,46.40597452894029,46.17146694609856,46.40597452894029,467100
2006-03-28,45.822288513183594,46.08284968885828,45.77538543412118,46.06721665445348,1094900
2006-03-29,45.60343933105469,45.86920899148114,45.53048248593568,45.77019840216241,1071700
2006-03-30,45.285545349121094,45.48878280292936,45.123994673026736,45.410613633961006,1152000
2006-03-31,45.26991271972656,45.41061404446223,45.23343430399145,45.327236512431604,1167700
2006-04-03,45.28453826904297,45.34731138893602,45.0282216802496,45.08053061803574,1549700
2006-04-04,45.237483978271484,45.457184021068066,45.174710827078975,45.352562102413884,749100
2006-04-05,45.30023956298828,45.39439726610083,45.247930614796175,45.35254851118038,638600
2006-04-06,44.955020904541016,45.13810431475384,44.86086315201455,45.13810431475384,2022100
2006-04-07,44.51559066772461,44.792831668154804,44.410972777684925,44.68821377811512,1956500
2006-04-10,44.599266052246094,44.620190418059344,44.44233530410403,44.541725043988315,1527100
2006-04-11,44.7562370300293,44.82947038727517,44.635926796376204,44.76670121873222,1237300
2006-04-12,44.484222412109375,44.84516104966776,44.46329802824473,44.77715580437812,1902000
2006-04-13,44.170345306396484,44.27496318901927,44.08141571615907,44.20172987300004,3219400
2006-04-17,44.33252716064453,44.4476092856262,44.123287296215906,44.22267712977616,1465400
2006-04-18,44.4109992980957,44.60454290933703,44.327301743349885,44.43715179076446,2680300
2006-04-19,44.138973236083984,44.24882325114505,43.97158216681218,44.175589907771005,1830300
2006-04-20,44.10234451293945,44.206966396968916,44.002958711757465,44.159885551426456,1378200
2006-04-21,44.35867691040039,44.3900614884817,44.07097164159553,44.21743832719878,1303000
2006-04-24,44.53653335571289,44.667307767490506,44.38483455914065,44.43191542265812,991500
2006-04-25,44.0081787109375,44.51558378004674,43.97156205599746,44.48419921607415,2067400
2006-04-26,43.93492889404297,43.98200971322895,43.79892650731585,43.861695611677725,1544900
2006-04-27,43.99248504638672,44.097106907867484,43.75709284215789,43.8094017774403,1864200
2006-04-28,44.02390670776367,44.050059199614466,43.81466681836257,43.924516862341385,809400
2006-05-01,43.69304275512695,43.94511977395366,43.651033257512736,43.93986708426627,1795500
2006-05-02,43.808589935302734,43.87161020899629,43.72456691034073,43.72456691034073,1097900
2006-05-03,43.71403884887695,43.81381989546717,43.55649425632259,43.80856720706049,1114000
2006-05-04,43.640567779541016,43.79811656118609,43.640567779541016,43.78761117220605,977800
2006-05-05,43.903072357177734,44.155149181289964,43.84530483512337,44.11313570950039,1685900
2006-05-08,43.92936325073242,43.99237949693791,43.866342997898876,43.97662543538654,666400
2006-05-09,43.903072357177734,43.94508582896731,43.76128189816943,43.87681694227815,341300
2006-05-10,43.98188018798828,44.123670755230144,43.77181667531701,44.00813962955778,1320200
2006-05-11,43.766571044921875,43.82959131087647,43.63528182915483,43.82959131087647,1189800
2006-05-12,43.40422439575195,43.59328122558655,43.35695818497845,43.488247427550824,1804700
2006-05-15,43.577518463134766,43.708807679512866,43.40421573592474,43.40421573592474,1433500
2006-05-16,43.903072357177734,43.92407909307252,43.629992803795915,43.629992803795915,1677600
2006-05-17,43.63001251220703,43.63001251220703,43.44095581037906,43.54073684929577,1440800
2006-05-18,44.22348403930664,44.23398942623826,43.86637700962363,43.87688239655525,2177700
2006-05-19,44.33897018432617,44.564787673862185,44.15516618275655,44.17617292673976,2619500
2006-05-22,44.43346405029297,44.717048864075295,44.365195190291594,44.554247726189516,2652000
2006-05-23,44.40727996826172,44.40727996826172,44.128947365913135,44.1394527508869,1394900
2006-05-24,44.428279876708984,44.6383434708389,44.39151904823349,44.53856236213549,1226300
2006-05-25,44.25495147705078,44.49652707468058,44.212941987861996,44.49127438604667,678000
2006-05-26,44.22348403930664,44.37578009676584,44.22348403930664,44.23923811307291,398400
2006-05-30,44.20244598388672,44.27071893072256,44.11842298106428,44.21295136338223,482200
2006-05-31,43.939884185791016,44.339004618176965,43.892621980094845,44.291738405850936,880700
2006-06-01,44.13599395751953,44.20453484933772,43.946184078927296,43.97254812640522,1561100
2006-06-02,44.70542907714844,44.758153155982896,44.55252643271597,44.66852181970538,2041900
2006-06-05,44.647464752197266,44.72127932225077,44.5578333489312,44.71600570364913,1102900
2006-06-06,44.858333587646484,44.91105766867421,44.599978752208415,44.63689003377631,2188000
2006-06-07,44.86891174316406,44.86891174316406,44.631651182442525,44.673832089155184,1324100
2006-06-08,44.9584846496582,45.2273825518006,44.87412696859804,44.942667835871134,3496700
2006-06-09,45.195796966552734,45.24852107608355,45.00071333643783,45.00071333643783,657200
2006-06-12,45.232666015625,45.232666015625,45.09558022863402,45.17466833738221,528700
2006-06-13,45.26431655883789,45.311771050849025,45.106144304843646,45.26431655883788,1448300
2006-06-14,44.81088638305664,45.111418118615525,44.7687095249322,45.07978446937465,1439100
2006-06-15,44.5524787902832,44.731741271142916,44.505028376850355,44.65265724875484,1734600
2006-06-16,44.45230484008789,44.68956899907022,44.38376400620524,44.65793136432129,1184600
2006-06-19,44.389068603515625,44.441792668122915,44.278346861063845,44.39961180740177,1233700
2006-06-20,44.31525802612305,44.389072527616285,44.22562268351958,44.357434867984445,611400
2006-06-21,44.3258056640625,44.420710607272405,44.3258056640625,44.420710607272405,476000
2006-06-22,44.07271957397461,44.23616941624349,44.05690275562988,44.204531756965444,745500
2006-06-23,43.98310852050781,44.14655843808747,43.946201253168624,44.08856072904153,675500
2006-06-26,43.89872360229492,44.00944533577406,43.824909113308834,43.98308129431276,526100
2006-06-27,44.11491012573242,44.15181738417127,43.96200747717449,43.96200747717449,429100
2006-06-28,43.88292694091797,44.0938232791166,43.86183650258015,44.0938232791166,381300
2006-06-29,44.030548095703125,44.19399393529185,43.95145997175761,44.067455350532484,1609300
2006-06-30,44.45762634277344,44.4998072194888,44.025282412915466,44.025282412915466,1219000
2006-07-03,44.41366195678711,44.440124591649706,44.3183875871376,44.40836781451566,716800
2006-07-05,44.05905532836914,44.15432975903218,43.90555741017592,44.14374550595848,1289200
2006-07-06,44.329010009765625,44.350182558838,44.10670430188192,44.10670430188192,451400
2006-07-07,44.61481857299805,44.70479884803492,44.50366575590848,44.567179343817095,1356900
2006-07-10,44.657203674316406,44.67308208552216,44.48782722436645,44.55663501900911,480400
2006-07-11,44.800079345703125,44.91652632366538,44.768322547440704,44.77361265498442,423800
2006-07-12,44.81063461303711,44.89532069207551,44.604203461715585,44.635964274821156,641000
2006-07-13,44.98533630371094,45.01709714180328,44.82125412019303,44.83183837405699,1347400
2006-07-14,45.01177978515625,45.07529739033748,44.89533286144806,44.89533286144806,1343900
2006-07-17,45.08060836791992,45.09119665947663,44.911232047262864,44.97474968185302,514100
2006-07-18,44.6942253112793,44.858307503713505,44.67305276415062,44.83184081024004,621000
2006-07-19,45.11767578125,45.1494366292638,44.58837408120353,44.63601333409849,1267400
2006-07-20,45.24998092651367,45.32408280824971,44.97474594267262,44.97474594267262,1320200
2006-07-21,45.16530227661133,45.34526286543417,45.09649049056112,45.30821191842651,652100
2006-07-24,45.138877868652344,45.26061911615018,45.10182688693633,45.20768971916361,393900
2006-07-25,45.00648880004883,45.19174344701703,44.93768108496019,45.11235148277954,948200
2006-07-26,45.17057418823242,45.186456620480854,44.92180595182259,44.9429784899051,717100
2006-07-27,45.10176086425781,45.24467446899555,45.054125688177386,45.24467446899555,295500
2006-07-28,45.36113357543945,45.46170214523174,45.30820423700917,45.33467092534915,769800
2006-07-31,45.419376373291016,45.419376373291016,45.2817608425027,45.318811798984385,375100
2006-08-01,45.41511154174805,45.43636880900651,45.19191631714797,45.34071313354802,577800
2006-08-02,45.58517074584961,45.58517074584961,45.27694641759379,45.36729082719265,477400
2006-08-03,45.59577560424805,45.72331509553843,45.44697480093406,45.50543124577701,500500
2006-08-04,45.872169494628906,45.95719863195504,45.85622754498336,45.91468406329197,1246000
2006-08-07,45.898677825927734,45.9093044260032,45.79770688038043,45.87742057137005,1127600
2006-08-08,45.7977180480957,46.00497126256309,45.749888200075986,45.90400029239415,844400
2006-08-09,45.648963928222656,45.7127317126086,45.54799286372954,45.569250143328695,372400
2006-08-10,45.579856872558594,45.62237141321073,45.409802764359796,45.62237141321073,539000
2006-08-11,45.383209228515625,45.45229227822976,45.36195196989415,45.42040841750132,450800
2006-08-14,45.303497314453125,45.36726909284029,45.27161345246338,45.35663843590525,662300
2006-08-15,45.68611526489258,45.749882982436034,45.58514430623908,45.58514430623908,1093800
2006-08-16,45.99437713623047,46.04220296361196,45.94654725443838,46.005003746400604,838900
2006-08-17,45.97840118408203,46.11125602391104,45.92526005903202,46.11125602391104,922300
2006-08-18,46.11125946044922,46.18566190635377,46.04749172739996,46.08469092314811,1050700
2006-08-21,46.2759895324707,46.2759895324707,46.164391975849846,46.17501857697258,676400
2006-08-22,46.29192352294922,46.3556952819711,46.21752516462692,46.23346709078078,749300
2006-08-23,46.31320571899414,46.3610315232134,46.15909359249549,46.265375860366255,801700
2006-08-24,46.39822006225586,46.46730716946662,46.36102087160687,46.451365238389585,1206700
2006-08-25,46.46732711791992,46.547036807524535,46.339783505733664,46.36104077443137,569000
2006-08-28,46.50980758666992,46.50980758666992,46.361010856218584,46.45135520348418,582300
2006-08-29,46.57359313964844,46.57359313964844,46.222858464665386,46.36633991024754,1345600
2006-08-30,46.695831298828125,46.695831298828125,46.584233694242585,46.674574033039136,1180500
2006-08-31,46.80741500854492,46.871182732573445,46.62673033017952,46.62673033017952,1272400
2006-09-01,46.823421478271484,46.89811667276378,46.66869455522808,46.74872628377919,893400
2006-09-05,46.52997589111328,46.759398022096455,46.50330136042127,46.69003935759756,2271300
2006-09-06,46.4659423828125,46.4659423828125,46.26853541852174,46.35923613565979,1853400
2006-09-07,46.55667495727539,46.58868603641012,46.279232036158305,46.38060588086472,1716100
2006-09-08,46.59401321411133,46.73806711186732,46.59401321411133,46.67937743151903,540300
2006-09-11,46.551334381103516,46.67938275711596,46.39127085814959,46.67938275711596,557600
2006-09-12,46.786094665527344,46.796763667801834,46.41795099299582,46.497982757100665,820800
2006-09-13,46.80743408203125,46.96749353056506,46.770086470314915,46.96749353056506,797000
2006-09-14,46.70075988769531,46.882165621255126,46.642070156595445,46.7647861590554,672800
2006-09-15,46.663352966308594,46.92478611871157,46.65801643282786,46.82341640607177,1047200
2006-09-18,46.58868408203125,46.62069515982312,46.40194601060422,46.40194601060422,871400
2006-09-19,47.11155319213867,47.11155319213867,46.866121368581524,46.87679444121507,1229600
2006-09-20,47.1808967590332,47.20757536148124,47.02616982011765,47.15421815658516,827400
2006-09-21,47.61308288574219,47.634424962749144,47.13823286644613,47.13823286644613,1698600
2006-09-22,47.84784698486328,47.8585159892611,47.65577234101914,47.65577234101914,1428600
2006-09-25,48.18395233154297,48.18395233154297,47.917182573852074,47.933188108020175,2607600
2006-09-26,47.981231689453125,48.07193247343253,47.92254198909342,48.01857931053791,2200000
2006-09-27,47.842498779296875,48.16795828695885,47.82115670512083,48.151952748972924,1165400
2006-09-28,47.7624626159668,47.79981022468601,47.629077717600445,47.71444600643526,1796800
2006-09-29,47.70378494262695,47.874517478119174,47.533048336549996,47.853175402359554,1398000
2006-10-02,47.83448028564453,47.91482608451522,47.65771135459911,47.72734574254202,1211900
2006-10-03,47.77019500732422,47.90946785670241,47.754125849081454,47.88804095012388,854900
2006-10-04,48.118377685546875,48.12908909603223,47.850547469000496,47.850547469000496,1155500
2006-10-05,47.780914306640625,47.96304099924798,47.64699918348663,47.96304099924798,1241600
2006-10-06,47.28273010253906,47.72732910621938,47.25594954117205,47.72197135924056,2472400
2006-10-09,47.41132736206055,47.459534861033966,47.14349702527507,47.19170452424848,834900
2006-10-10,47.03632736206055,47.197027078999746,46.93990834924974,47.11131947349522,1398700
2006-10-11,46.89704132080078,47.1541558688711,46.82740289534511,47.111302081938696,1521600
2006-10-12,46.9238395690918,47.01490083559383,46.859562951214414,46.939908723561146,586400
2006-10-13,46.68816375732422,46.79529420567407,46.661379101854436,46.75779814007516,1414100
2006-10-16,46.89704132080078,46.90239497909579,46.8006223435839,46.81669149199304,897600
2006-10-17,46.9345817565918,47.16491597076664,46.87565876551689,47.07385056570892,730800
2006-10-18,47.030982971191406,47.07383269562542,46.89706787626975,46.97206000248473,499600
2006-10-19,46.94524002075195,47.00952068917592,46.795255881190656,46.91845538721831,797300
2006-10-20,46.89704132080078,46.97738706284647,46.89704132080078,46.929179617619056,280700
2006-10-23,46.70956802368164,46.714925770000335,46.538156922350744,46.68278746561423,1200600
2006-10-24,46.70956802368164,46.73635266851207,46.68278746561423,46.69349887148859,243400
2006-10-25,47.07920455932617,47.12205838337328,46.725670727851536,46.74709355310949,558400
2006-10-26,47.38450622558594,47.41664453350058,47.218452852342345,47.218452852342345,1558300
2006-10-27,47.60417556762695,47.700594672667926,47.51311012797841,47.6845214161882,1601500
2006-10-30,47.73806381225586,47.73806381225586,47.588075443831315,47.614860102741275,901200
2006-10-31,48.107643127441406,48.139785519691806,47.74875176029009,47.807674711525465,964600
2006-11-01,48.37385940551758,48.45989758619807,48.09961783275633,48.18565601343682,1440100
2006-11-02,48.17489242553711,48.2716833139495,48.115746312781575,48.19640196768716,853300
2006-11-03,47.60492706298828,47.771620967540905,47.48125226365172,47.68020844585254,1534100
2006-11-06,47.74471664428711,47.74471664428711,47.50811576951381,47.50811576951381,528000
2006-11-07,47.965171813964844,48.131869713222684,47.922156839099124,48.008190891355575,525900
2006-11-08,48.137229919433594,48.137229919433594,47.906007574350134,47.986667295197634,706300
2006-11-09,48.11033630371094,48.174860785257025,48.06193884002838,48.11033630371094,729600
2006-11-10,48.320064544677734,48.41685540050991,48.207142563294255,48.207142563294255,738100
2006-11-13,48.309349060058594,48.309349060058594,48.110392871330546,48.309349060058594,462400
2006-11-14,48.497528076171875,48.60507167690329,48.45988740566334,48.57818372545774,916400
2006-11-15,48.31468963623047,48.42223731857269,48.2555394365734,48.42223731857269,1803200
2006-11-16,48.09421157836914,48.422224744920676,48.00817345483663,48.39533680568588,1494400
2006-11-17,48.36845397949219,48.51364230267032,48.13185731981415,48.15874115936731,1752000
2006-11-20,48.44377136230469,48.45990660107857,48.32009658272738,48.39537795356409,857200
2006-11-21,48.56206130981445,48.60508039883673,48.373857923499635,48.4706488225367,605100
2006-11-22,48.64276123046875,48.66964920893511,48.540591835332016,48.588989376065555,770300
2006-11-24,48.728736877441406,48.87929951735345,48.728736877441406,48.79863978810793,533400
2006-11-27,48.906158447265625,48.906158447265625,48.45984916415698,48.51899932863924,784500
2006-11-28,49.008323669433594,49.06747382910056,48.803989364916156,49.06209542298851,1466300
2006-11-29,48.8953857421875,49.126607899014346,48.88463303600693,49.094345677952155,1206400
2006-11-30,49.21803283691406,49.271804586598016,49.00832014138155,49.07822300571854,1428600
2006-12-01,49.34329605102539,49.54840099314977,49.19756727659478,49.26773237274113,1156000
2006-12-04,49.429630279541016,49.45122047855638,49.23532260631216,49.27850300434289,460700
2006-12-05,49.197547912597656,49.39725007607037,49.116585684041965,49.31089338541163,1833700
2006-12-06,49.10041046142578,49.2137559720971,49.05723004271917,49.13279371650005,936100
2006-12-07,49.062625885009766,49.16517422632272,48.98166363393344,49.11120076490888,739200
2006-12-08,48.70638656616211,49.100400601391584,48.6794018983229,49.0356299863385,2090300
2006-12-11,48.91687774658203,48.97624977098551,48.85211126025815,48.91687774658204,727700
2006-12-12,49.01945114135742,49.10041340180289,48.81974478131347,48.970876255837105,802800
2006-12-13,48.582252502441406,48.76576308510207,48.47970004865401,48.74417287809889,1217900
2006-12-14,48.40412521362305,48.52286926578436,48.36094480958076,48.47968886174207,687600
2006-12-15,48.43109893798828,48.93305965466362,48.36092977375825,48.889879264046485,1162100
2006-12-18,48.44733810424805,48.490514419332435,48.35557865465097,48.42574788774948,441400
2006-12-19,48.38254165649414,48.474296939253264,48.312376578721384,48.312376578721384,930700
2006-12-20,48.377174377441406,48.40416318061466,48.33399805744269,48.38797154587599,336800
2006-12-21,48.62004852294922,48.67942058005549,48.36097008122072,48.420342138327,770700
2006-12-22,48.247596740722656,48.4958778737384,48.1504428958113,48.4850848322637,1433200
2006-12-26,48.393367767333984,48.40955940128212,48.23144319202668,48.28001809387107,496200
2006-12-27,48.037559509277344,48.37875339981265,48.037559509277344,48.35167307673369,840700
2006-12-28,47.92919921875,48.178322244288225,47.69090583263817,48.14582919413592,1080200
2006-12-29,47.89129638671875,47.95628662853654,47.772149675989674,47.84796955884023,775500
2007-01-03,48.23246383666992,48.4490937452759,48.015838059935774,48.31911745286105,1870400
2007-01-04,48.524940490722656,48.55202079376087,48.3191442360043,48.3191442360043,1697000
2007-01-05,48.31370544433594,48.416605590978854,48.064582470454596,48.09166276121502,1298400
2007-01-08,48.40036392211914,48.40036392211914,48.22706078674409,48.26497071848636,414200
2007-01-09,48.40036392211914,48.459937262267374,48.31912717356494,48.459937262267374,481500
2007-01-10,48.183738708496094,48.270388218768716,48.134995001820876,48.237895168900614,519600
2007-01-11,47.902164459228516,48.09171845030609,47.79926832530653,48.08630155950692,1293500
2007-01-12,47.68009567260742,48.1133516685101,47.604275770027584,47.7396690434737,846300
2007-01-16,47.78298568725586,47.78839844208894,47.67466861248551,47.78298568725586,702800
2007-01-17,47.63674545288086,47.80463170735391,47.56092558751414,47.772138659874685,724200
2007-01-18,47.78298568725586,47.81006185704301,47.53927536792802,47.6259290277443,918300
2007-01-19,47.65303421020508,47.73968792277888,47.588048057651164,47.73968792277888,882500
2007-01-22,47.766746520996094,47.837153669507,47.72342381253736,47.73967034469375,432000
2007-01-23,47.45264434814453,47.68552098488825,47.42556403592121,47.66927031842894,1096800
2007-01-24,47.44723892211914,47.49597853764549,47.38766552633591,47.4743192408848,463700
2007-01-25,47.10601806640625,47.371387660938325,47.05185746469156,47.36055388784587,1397000
2007-01-26,47.06806182861328,47.160128149974604,46.927251840027324,46.99765476838544,1576800
2007-01-29,46.96519088745117,47.170987050876754,46.90020066811412,47.149323644431064,1015300
2007-01-30,47.01935958862305,47.06810329879419,46.98686653642453,47.05726952681244,1295100
2007-01-31,47.414695739746094,47.44718878242673,46.954355598452274,46.954355598452274,2078000
2007-02-01,47.35761642456055,47.721950779070156,47.30867840379288,47.66213487677886,986200
2007-02-02,47.417415618896484,47.520734713484444,47.352164947531264,47.352164947531264,814700
2007-02-05,47.482662200927734,47.55879073677571,47.39565993797036,47.52616540675346,395500
2007-02-06,47.74370193481445,47.760014608246976,47.39568440593321,47.41743187137912,770500
2007-02-07,47.88507843017578,47.91770792384712,47.765446633671424,47.79807612734277,836200
2007-02-08,47.923133850097656,48.02101401561261,47.803506224419536,47.847005293441036,980200
2007-02-09,47.65126037597656,47.80895647968752,47.60776129288458,47.79264380494095,878300
2007-02-12,47.542449951171875,47.66208162208537,47.48807305039981,47.57507526189679,467600
2007-02-13,47.43921661376953,47.575161185569755,47.41746498443761,47.575161185569755,1310600
2007-02-14,47.89058303833008,47.95583796645462,47.59150313696963,47.59150313696963,2262500
2007-02-15,48.031917572021484,48.16786208854003,48.031917572021484,48.14067152575736,893800
2007-02-16,48.20049285888672,48.243996104746394,48.11349051586524,48.17330229304996,1476700
2007-02-20,48.30923843383789,48.3146773758001,48.124355894093966,48.124355894093966,847400
2007-02-21,48.22767639160156,48.23311118501805,48.11348349939626,48.14066991257051,379800
2007-02-22,47.9666862487793,48.09719188704357,47.90143135529743,48.07544440458239,485200
2007-02-23,48.30923843383789,48.36361955606577,48.11891695213175,48.14066857128347,735700
2007-02-26,48.63006591796875,48.63550485951575,48.456057126736184,48.47780874422736,763400
2007-02-27,49.2445068359375,49.6251537124606,48.72248074547498,48.798609291040684,3243200
2007-02-28,49.02155685424805,49.19556553941334,48.88017350108427,49.02699579247973,1701900
2007-03-01,48.990478515625,49.361660023606426,48.935893857151186,49.27978095362445,2423900
2007-03-02,49.236080169677734,49.38892294631623,48.94677791612814,49.105076239956,1619800
2007-03-05,49.31795883178711,49.399837848975146,49.15966050910087,49.388922590135316,1505200
2007-03-06,49.17060852050781,49.32344722036539,49.12147941581517,49.159689090779565,837400
2007-03-07,49.36165237426758,49.39986204573233,49.11601936692875,49.170604016943834,915400
2007-03-08,49.31795883178711,49.35616848453622,49.18695490301015,49.28520889072782,574700
2007-03-09,48.799434661865234,49.07236214413009,48.684805619059134,48.788515230430626,1534700
2007-03-12,48.990478515625,49.11602697820302,48.952268838239085,48.97956324974724,594400
2007-03-13,49.285221099853516,49.31251133598343,49.11600747640919,49.25247115068128,553800
2007-03-14,49.06144714355469,49.42171345166141,49.0396124432564,49.20883032943225,1698100
2007-03-15,49.05599594116211,49.10512089778119,48.94682242999146,48.995951551154164,394900
2007-03-16,49.0450325012207,49.08324215471021,48.935863252547776,48.94677851159911,623800
2007-03-19,48.94131851196289,48.96314902807956,48.864895047396516,48.897649150650544,693900
2007-03-20,48.9686393737793,49.09964337513194,48.95772410889246,49.07781284535826,768400
2007-03-21,48.990478515625,49.176067187344465,48.411873639626094,48.78851069827515,1513400
2007-03-22,48.602874755859375,48.843052017001014,48.48824583518862,48.843052017001014,1484300
2007-03-23,48.46644973754883,48.69024804712508,48.46099002330304,48.68479249742105,1679700
2007-03-26,48.526466369628906,48.72842987134943,48.30812373453106,48.373627774422225,763600
2007-03-27,48.444602966308594,48.477352914534194,48.340889244206565,48.38455861820118,619800
2007-03-28,48.346336364746094,48.6410983156246,48.25900180404485,48.53192907361314,816900
2007-03-29,48.280853271484375,48.40094198853125,48.20989364983914,48.32998236688602,823000
2007-03-30,48.18806457519531,48.53741133938781,48.155314617471625,48.390032365089255,2015100
2007-04-02,48.26805114746094,48.333798012502704,48.218744133662696,48.27353109787545,579600
2007-04-03,48.20777893066406,48.306397127391385,48.202303160829246,48.22421460012245,617000
2007-04-04,48.257080078125,48.39952530377702,48.15846190191724,48.30638707624083,576900
2007-04-05,48.07626724243164,48.27898349229046,48.054351633259735,48.26802359771698,436400
2007-04-09,47.75853729248047,47.83523989901823,47.73662166490132,47.8188042233285,1283900
2007-04-10,47.900997161865234,47.96674405885,47.83525026488048,47.87908152953698,674400
2007-04-11,47.868125915527344,47.98317985053567,47.818814697678356,47.922912906486616,476200
2007-04-12,47.879066467285156,47.97768469174831,47.81879954233667,47.93933339223365,495100
2007-04-13,47.731143951416016,47.92290045996027,47.670877023019486,47.89002910991793,557800
2007-04-16,47.99414825439453,48.03797953073178,47.88457424353199,47.88457424353199,833600
2007-04-17,48.26255798339844,48.30091344582132,48.12558852037827,48.15298408497282,1254200
2007-04-18,48.503631591796875,48.52006726060161,48.41049334858556,48.41597329817941,450800
2007-04-19,48.42144775390625,48.602248465805914,48.32282956377705,48.574857078533554,1305900
2007-04-20,48.295448303222656,48.4598092012505,48.24613710783,48.4598092012505,664500
2007-04-23,48.47071838378906,48.5364610022176,48.235130914482674,48.28991782316419,419000
2007-04-24,48.65159606933594,48.66255179645053,48.45983531500219,48.45983531500219,881300
2007-04-25,48.48172378540039,48.64608885988588,48.273531647032584,48.52555502926018,569000
2007-04-26,48.131099700927734,48.44887006452583,48.131099700927734,48.44887006452583,2048400
2007-04-27,48.12009811401367,48.24063187360303,48.092702557752446,48.218716264589055,428700
2007-04-30,48.62416458129883,48.62416458129883,48.35022562591123,48.39405686196766,485700
2007-05-01,48.65937805175781,48.7418617350247,48.45042302340353,48.70886993983571,487200
2007-05-02,48.631893157958984,48.6538890896239,48.54940946303929,48.631893157958984,443900
2007-05-03,48.52190017700195,48.59338798410832,48.39542884877259,48.59338798410832,427000
2007-05-04,48.71986389160156,48.741859819294504,48.66487617001632,48.67587203621567,262000
2007-05-07,48.85181427001953,48.857314298402876,48.75833476396492,48.774830653822505,210200
2007-05-08,48.74189758300781,48.945356925330856,48.74189758300781,48.945356925330856,488400
2007-05-09,48.549373626708984,48.75283269795655,48.53287773896036,48.74733267027637,634900
2007-05-10,48.66487503051758,48.71436272019726,48.56039542524607,48.60988731021989,519500
2007-05-11,48.4943733215332,48.77481173089673,48.461377359326875,48.74181996398121,1238400
2007-05-14,48.36790466308594,48.54386777009564,48.36790466308594,48.51637602557964,315200
2007-05-15,48.35142517089844,48.50539241732319,48.20295795335823,48.494396554846915,382400
2007-05-16,48.31840515136719,48.389888703920725,48.29640924397602,48.31290512569681,599500
2007-05-17,48.12046432495117,48.23593973582944,48.065476633384186,48.16995198877388,397000
2007-05-18,47.80155563354492,48.11499025942311,47.774059675279,48.03250657991954,856500
2007-05-21,47.94453430175781,47.97202606887914,47.74657511918693,47.80156284872443,821100
2007-05-22,47.69706344604492,47.95001025325691,47.664071661063005,47.9390143900273,920200
2007-05-23,47.55958938598633,47.75204844629455,47.4606098413574,47.75204844629455,914500
2007-05-24,47.603599548339844,47.614595415178236,47.26816897329324,47.543111792492454,1598200
2007-05-25,47.493595123291016,47.625566421309486,47.47159920773929,47.510091011131834,754900
2007-05-29,47.488128662109375,47.60360415390977,47.19668991680911,47.5706123549082,1055700
2007-05-30,47.587100982666016,47.724572384558876,47.50461730247145,47.724572384558876,612000
2007-05-31,47.499149322509766,47.60912903541114,47.31219010352305,47.59812896647246,1725900
2007-06-01,47.249576568603516,47.939633505603375,47.22197681818749,47.42071355298532,1694300
2007-06-04,47.46489334106445,47.486971463727144,47.29375630211883,47.38208563986814,877700
2007-06-05,47.16676330566406,47.4427860231143,47.13363771556479,47.41518206666031,1145400
2007-06-06,47.14470291137695,47.22198897126947,47.067416851484445,47.12262057829704,1129200
2007-06-07,46.300071716308594,46.76378805602646,46.22278565968895,46.719623391736896,5010400
2007-06-08,46.26144027709961,46.43809476673796,46.01853877443115,46.15655022607909,5307600
2007-06-11,46.12890625,46.311082219026034,45.96329517869855,46.09026324551917,2043800
2007-06-12,45.46095657348633,46.051645226326244,45.37814888702255,45.77010498883284,9043900
2007-06-13,46.00196838378906,46.23934819909041,45.62657714591194,45.65417690336247,8751200
2007-06-14,45.886043548583984,46.211748514409045,45.84740051515093,45.897082610232815,3384700
2007-06-15,46.20069122314453,46.222773549503835,45.93018588407291,46.05163657316252,5827200
2007-06-18,46.10684585571289,46.178614477997954,45.400228173904814,46.16757120759705,17704600
2007-06-19,46.53742980957031,46.62023325176259,46.21724246051936,46.27244615923829,4620100
2007-06-20,46.16206359863281,46.41600411878674,46.14549868950961,46.38287851231483,3031700
2007-06-21,45.94123077392578,46.20621027603956,45.935709139197876,46.11788517925938,850400
2007-06-22,46.23933410644531,46.24485152918922,45.792174369576784,45.847382291200546,2118900
2007-06-25,46.493282318115234,46.565046731747834,46.34974927907623,46.45463929357863,1323500
2007-06-26,46.504337310791016,46.54850198590016,46.35528679701671,46.53194128567804,2187800
2007-06-27,46.54851150512695,46.78036977920239,46.482264478915646,46.708605326305545,6109300
2007-06-28,46.53742980957031,46.69200185069222,46.47118284404424,46.548468864605205,3612500
2007-06-29,47.01774978637695,47.08951845119435,46.72516612396293,46.84109526123399,1962200
2007-07-02,47.264888763427734,47.3092231239047,46.99888682852321,46.99888682852321,2811700
2007-07-03,46.976715087890625,47.29258997669932,46.943466434739264,47.24271699697227,1387500
2007-07-05,46.45023727416992,46.782736338695514,46.394821468074824,46.72177768360441,4586800
2007-07-06,46.2618408203125,46.300632322579006,46.15100493672487,46.295089471410456,1437800
2007-07-09,46.428096771240234,46.511222642102155,46.372680933318094,46.477973984940355,795400
2007-07-10,47.21501159667969,47.21501159667969,46.78830500355774,46.81601503587204,2258000
2007-07-11,46.727352142333984,47.15405878867174,46.727352142333984,47.076475762064874,1191300
2007-07-12,46.566612243652344,46.87140552243484,46.47794779852337,46.85478120322035,1941200
2007-07-13,46.694091796875,46.85480066261795,46.51675860501327,46.79938060494626,725900
2007-07-16,47.1429328918457,47.165100053983736,46.83813969739003,46.83813969739003,952000
2007-07-17,47.0432243347168,47.154056015363075,46.82709959788624,47.02660000541562,734200
2007-07-18,47.22055435180664,47.403430417608085,46.998886777619184,47.06538831826261,1836800
2007-07-19,47.209503173828125,47.248294707109785,46.99337831297884,47.048794185101215,1021000
2007-07-20,47.63618087768555,47.70268242029705,47.28151443967242,47.31476309699946,1459900
2007-07-23,47.55859375,47.641719614093724,47.48655358936256,47.48655358936256,777900
2007-07-24,47.73591232299805,47.74699802305663,47.50316335723706,47.66387218444034,1351600
2007-07-25,47.830135345458984,47.87446970434519,47.65834498972139,47.69713649675753,881100
2007-07-26,48.229183197021484,48.467475323690245,48.018601128694264,48.06847416015546,2866400
2007-07-27,48.36767578125,48.522841802853904,48.129383897227726,48.240219789771224,5367800
2007-07-30,48.229183197021484,48.412059434968484,48.16268582173989,48.31785200134535,1803900
2007-07-31,48.5782356262207,48.628108579961385,48.18477370514452,48.28452384058058,2467600
2007-08-01,48.47309875488281,48.701196409304714,48.45084501461236,48.54542447187852,2154700
2007-08-02,48.59547805786133,48.651110270109285,48.39519869819609,48.51759211182104,2079400
2007-08-03,48.91818618774414,48.91818618774413,48.55657018006865,48.55657018006865,1577600
2007-08-06,48.562095642089844,48.80131795537957,48.495334446125725,48.79018896715286,1298400
2007-08-07,48.52313995361328,48.7957406711998,48.35623912968278,48.63996883257894,1890800
2007-08-08,47.9334716796875,48.339590853840626,47.76657071434345,48.339590853840626,6453000
2007-08-09,48.00021743774414,48.322890298184596,47.68867356943853,48.261693574843584,2637500
2007-08-10,47.88896560668945,48.23388805338712,47.83333336475124,48.11705907197649,1496400
2007-08-13,48.028038024902344,48.066981010347064,47.78881561589421,47.79994036410681,1312600
2007-08-14,48.155975341796875,48.278368752819944,47.84999605870483,47.85555630868542,1314700
2007-08-15,47.98355484008789,48.26172037539275,47.98355484008789,48.20608811722562,1101700
2007-08-16,48.478675842285156,48.73458755516207,48.26727162150895,48.32846836203039,2410200
2007-08-17,48.283935546875,48.35069675001238,47.87225207202576,48.06696694226082,2114400
2007-08-20,48.3117561340332,48.55097850571988,48.30619588302791,48.378517346294515,1048700
2007-08-21,48.54540252685547,48.62885295402903,48.42857362659851,48.456387606013,1517200
2007-08-22,48.4675407409668,48.57324070654803,48.29507530702462,48.42859775481221,1137800
2007-08-23,48.63447189331055,48.77911919200145,48.41750306750928,48.450881580872505,1618800
2007-08-24,48.87364196777344,49.00159987230851,48.71230558573599,48.829134501459876,1614600
2007-08-27,49.12958526611328,49.22416475423669,49.04057452045804,49.1128960165822,1585400
2007-08-28,49.21303176879883,49.368803744419175,49.11289203526175,49.196342520620654,1298900
2007-08-29,49.07952880859375,49.38550835748247,49.04615030185263,49.22973633339813,2686700
2007-08-30,49.40773391723633,49.491184380940204,49.21858349434333,49.29646946194243,1806800
2007-08-31,49.446678161621094,49.62470384131002,49.25752773390592,49.285341726205026,2763200
2007-09-04,49.470130920410156,49.788536072904556,49.269032480747974,49.62095688106891,931000
2007-09-05,49.86674499511719,49.91143448832169,49.55951431844166,49.58185906504391,1271500
2007-09-06,49.73826217651367,49.989633088015964,49.687985437118726,49.88908387105022,1768400
2007-09-07,50.4421272277832,50.55384673129881,50.10137720168694,50.13489220037645,2852200
2007-09-10,50.8331413269043,50.98396305783599,50.55383835258065,50.55383835258065,2495200
2007-09-11,50.79399108886719,50.98391488628393,50.66550996686911,50.766059113095956,3925400
2007-09-12,50.6041374206543,50.79965301482995,50.509175382346214,50.77730825372909,4458300
2007-09-13,50.15168762207031,50.45892288179393,50.0399680340776,50.44216536977793,2020600
2007-09-14,50.22426223754883,50.60411018635324,50.06226600312188,50.59852719545326,1357200
2007-09-17,50.46441650390625,50.49234848235061,50.14042856778817,50.17394353246414,1285400
2007-09-18,50.08464431762695,50.408632741784366,49.715962103541244,50.16284886088853,3132800
2007-09-19,49.6209602355957,49.72150946222422,49.36400204795049,49.55392599723517,3854700
2007-09-20,48.68252944946289,49.31934015384882,48.65459743572632,49.25789313308992,5903200
2007-09-21,49.09586715698242,49.22993136587325,48.92270070958909,48.92270070958909,2217600
2007-09-24,49.23553466796875,49.31373917046776,49.107057668931425,49.174087664315856,1943600
2007-09-25,49.06233596801758,49.50363494928368,49.06233596801758,49.43660073606326,2513500
2007-09-26,49.107017517089844,49.22990716209045,48.83888496931064,48.94502139098899,2646400
2007-09-27,49.447792053222656,49.5930307795362,49.24111059920988,49.29138308418874,1802900
2007-09-28,49.55955123901367,49.90030142035489,49.28024809114893,49.805339372919555,1254700
2007-10-01,49.84271240234375,49.8987944861651,49.59036013899683,49.73616585570022,1399400
2007-10-02,49.99976348876953,50.117528227724485,49.73058388654062,49.76983879952561,887800
2007-10-03,49.85396194458008,50.15117835088181,49.75862918755216,50.09510051018686,1164600
2007-10-04,50.04464340209961,50.08950740033456,49.859586896696584,49.91566475525709,1128700
2007-10-05,49.50627517700195,49.59600314976188,49.18662676135888,49.523098102278134,2184700
2007-10-08,49.46699142456055,49.62962007154384,49.22024392176343,49.22024392176343,280100
2007-10-09,49.405296325683594,49.551102032928306,49.22584479309858,49.43894642948593,901000
2007-10-10,49.433349609375,49.59036920446959,49.2314660504068,49.33801689499087,855500
2007-10-11,49.38288497924805,49.39970789894606,49.040804683842424,49.08005958929239,1533400
2007-10-12,49.141754150390625,49.450188654539744,49.0576395387722,49.0800672495608,1133900
2007-10-15,49.1529541015625,49.19220899861806,49.012757429440796,49.057621391350835,553300
2007-10-16,49.169795989990234,49.33803377283654,49.09128616558584,49.15297306739851,855500
2007-10-17,49.708126068115234,49.88196855265372,49.22024016440937,49.22024016440937,2377000
2007-10-18,49.98291015625,50.100674833637434,49.921223285457195,49.97169630631603,1374100
2007-10-19,50.72877502441406,50.8072848366284,50.2521070849802,50.26332093881202,2561800
2007-10-22,50.734375,50.83531678025514,50.510059457381566,50.79606188118165,1866500
2007-10-23,50.66706085205078,50.76239353291581,50.526864223086356,50.616592119285144,1046600
2007-10-24,51.042762756347656,51.25025520975923,50.78480159393463,50.8689203873966,2829300
2007-10-25,50.86894226074219,51.13251259697558,50.86333319784364,51.06521667757725,3062200
2007-10-26,50.75117111206055,51.03156432262441,50.66144323101889,50.678270417559844,1366500
2007-10-29,50.94746780395508,51.02597759500058,50.73997947553315,50.75119332634134,881000
2007-10-30,50.91946029663086,51.03722505086814,50.70635850265992,50.88020537855177,1439600
2007-10-31,50.45960998535156,50.86337298217284,50.330627108565565,50.75121730724439,2498500
2007-11-01,51.11522674560547,51.261673777536735,50.67025621198105,50.67025621198105,2563400
2007-11-02,51.2785530090332,51.56017950559164,50.81105199339917,50.946231508509015,1927700
2007-11-05,51.25602340698242,51.47569173494428,51.14337452499971,51.3461459503921,1021500
2007-11-06,51.008174896240234,51.34049630043733,50.96311793578343,51.03070552510767,575800
2007-11-07,51.09828186035156,51.12081248236198,50.872979937524136,50.99689620994305,1456100
2007-11-08,51.008174896240234,51.22221372184184,50.93495357537962,51.058869885511484,2179600
2007-11-09,51.44189453125,51.58833720869678,51.21659248488997,51.27855065507096,887200
2007-11-12,51.627742767333984,51.81361288600456,51.45313151419682,51.81361288600456,460600
2007-11-13,51.436279296875,51.53203130439854,51.351790461944546,51.49260375440174,1116600
2007-11-14,51.49260330200195,51.543298321427095,51.21097671956184,51.22787362694335,684400
2007-11-15,51.97699737548828,52.13470756197692,51.53202689373519,51.599618815350446,1312900
2007-11-16,52.05025863647461,52.213598371869985,51.93760535672219,51.9713991920063,1333800
2007-11-19,52.38816833496094,52.61909985506855,52.05021735828064,52.12343870908943,1343900
2007-11-20,52.33186340332031,52.545898099000944,52.26990519980829,52.43324486657844,1367800
2007-11-21,52.63604736328125,52.70927308176861,52.51776462259084,52.60788726156484,1297800
2007-11-23,52.79371643066406,52.83314397687581,52.557146856113334,52.63037251142104,437400
2007-11-26,53.835693359375,54.27502977178831,53.01334494432088,53.06966935409337,4427000
2007-11-27,53.323150634765625,53.64983834580347,52.940138493581614,53.48649449028455,3100300
2007-11-28,52.962703704833984,53.33445292161799,52.85568420958743,53.261227247067666,2088100
2007-11-29,53.41891860961914,53.745606418591166,53.31753718333112,53.407655439124866,1594500
2007-11-30,53.1597900390625,53.16542376948661,52.79930864290939,52.87816367973805,1952100
2007-12-03,53.58167266845703,53.779598828613395,53.3158842614756,53.58732893430913,1272700
2007-12-04,53.57603073120117,53.75699245666511,53.24238430262961,53.666513751167074,1721200
2007-12-05,52.937034606933594,53.42337027379963,52.90875757174402,53.281993726791356,1866000
2007-12-06,52.473331451416016,52.78435733577508,52.33195487276077,52.7730491078498,2270200
2007-12-07,51.88517379760742,52.22447652358096,51.67593503126409,52.128341542207636,2171000
2007-12-10,51.57413101196289,51.85123198067638,51.319655109109554,51.82295496281838,2242500
2007-12-11,52.58637237548828,52.72209684613702,51.78901160414028,51.87383831967925,2892400
2007-12-12,52.043548583984375,52.39416407341112,51.61376255089209,51.71555386624366,2225400
2007-12-13,51.4780158996582,51.924766204344685,51.404501665141,51.80601044960051,1222100
2007-12-14,51.24047088623047,51.415776269399295,51.1782649152094,51.34226208294986,1354900
2007-12-17,51.69856643676758,51.76642872172739,51.421469656836024,51.5006401653879,2046200
2007-12-18,52.032222747802734,52.196220051176816,51.77209043314819,51.79470688270982,1417100
2007-12-19,52.722110748291016,52.90872439432524,51.958674421597735,52.25273987107872,2252400
2007-12-20,52.609012603759766,53.08403979801947,52.603356336771505,52.739080857684314,1659400
2007-12-21,51.8399658203125,52.54684875442106,51.83431386325878,52.535540525842585,1767600
2007-12-24,51.596736907958984,51.72680511240337,51.50625824290431,51.585428692751876,550300
2007-12-26,51.144351959228516,51.81730100668806,51.05386894962235,51.47234208288245,674700
2007-12-27,51.701934814453125,51.758716158442134,51.389659081555415,51.59973445980463,468600
2007-12-28,52.50815963745117,52.56493662330818,51.951734779717334,52.03690242440601,1967800
2007-12-31,52.82614517211914,52.96241088436906,52.576321089820205,52.67852145695987,1647600
2008-01-02,53.58694076538086,53.78566673362022,52.91696186840334,52.94535253009662,2959600
2008-01-03,53.51313018798828,53.58693984259026,53.18381757796705,53.37118554557982,1256700
2008-01-04,53.524505615234375,53.81975301729662,53.48476127247313,53.655096645340464,2420200
2008-01-07,53.75727462768555,53.81405161773994,53.388217694621964,53.47338534560689,1315500
2008-01-08,53.69485855102539,53.774347262547664,53.331480346406494,53.62104884227183,1604800
2008-01-09,53.7970085144043,54.10928839681446,53.72319887483727,53.81972017238011,2203500
2008-01-10,53.070274353027344,53.91058438058739,52.97942768420594,53.865165377984276,2681800
2008-01-11,53.484806060791016,53.530229442501096,53.03058523912655,53.098715979879564,1872900
2008-01-14,53.68342971801758,53.68342971801758,53.37114998009338,53.48470388562736,906100
2008-01-15,54.285301208496094,54.296654872182835,53.978700307281464,54.029802623386935,1435300
2008-01-16,53.89353942871094,54.444285320433515,53.78566444883389,54.32505234363892,3505100
2008-01-17,54.59189987182617,54.67138850979303,53.899209456567,53.91624211730192,2940500
2008-01-18,54.21717071533203,54.37614801093194,54.06387241794824,54.25124037282231,2676800
2008-01-22,54.796302795410156,54.85875877529912,54.10929134843764,54.739525813276394,5423500
2008-01-23,54.671424865722656,55.7331728529113,54.4386334627259,55.63097248873374,7636600
2008-01-24,53.57564926147461,54.364862056003766,53.56429125089634,54.25130794109193,5676700
2008-01-25,54.47836685180664,54.50675752073852,53.44500974708163,53.479079416161454,4371100
2008-01-28,54.27400588989258,54.50679741646137,54.143419113563176,54.32510826501227,1633500
2008-01-29,53.904884338378906,54.1206385775579,53.700483761554366,54.097926921043445,3100200
2008-01-30,53.552921295166016,53.808420141966806,53.138440671273294,53.763001108893896,3468000
2008-01-31,53.93330001831055,54.18312404415363,53.7288993302222,54.109314369158135,11441000
2008-02-01,54.257511138916016,54.35436798255776,53.8757738104996,54.12646620285697,4163700
2008-02-04,53.6990966796875,53.93269695863325,53.63072491214865,53.77886156838595,1729600
2008-02-05,54.109344482421875,54.47398539005491,53.995391481997494,54.36003673649302,2594600
2008-02-06,53.94412612915039,54.040982937745156,53.76180564073418,53.915636786922136,1339800
2008-02-07,52.78178024291992,53.85861026343937,52.44562893402699,53.85861026343937,5419700
2008-02-08,53.3857421875,53.40283839294873,53.03819324001781,53.12935561496587,2832800
2008-02-11,53.60801696777344,53.955566381556444,53.40291004267462,53.716271346551885,2960200
2008-02-12,53.288917541503906,53.35728936392265,52.96415899202669,53.16927011241903,2897700
2008-02-13,52.72482681274414,53.226206781656245,52.64506191648224,52.94702964473957,3697500
2008-02-14,51.95000076293945,52.47417169317248,51.65373156011414,52.30324865776461,7505000
2008-02-15,52.348812103271484,52.45706637407763,52.10951730693846,52.19498097616105,3687800
2008-02-19,51.81895065307617,52.24626471897904,51.64232889683262,51.92720494076787,2911600
2008-02-20,52.17788314819336,52.17788314819336,51.596733741390466,51.63092181328977,2550100
2008-02-21,52.73052215576172,52.901445059531994,52.44564630261738,52.46273815830835,4197200
2008-02-22,52.42861557006836,52.90151112006073,52.34315618489647,52.69639990191624,1959700
2008-02-25,51.8929557800293,52.49689084073644,51.64796251725713,52.388636689531204,3460900
2008-02-26,51.910091400146484,52.04113189140118,51.69358726202128,51.82462775327597,2618900
2008-02-27,51.955657958984375,52.17216203613498,51.62520093581208,52.09239714735,2494400
2008-02-28,52.8786735534668,52.89576541532619,52.52543015007372,52.610889459370675,3410900
2008-02-29,53.68771743774414,53.818757925827676,53.28318980880399,53.35726032950137,3822000
2008-03-03,53.5493049621582,53.869547168893156,53.326278516328806,53.56646017138002,2036900
2008-03-04,53.028907775878906,53.823797744322796,52.91453245054405,53.72086213300771,3401100
2008-03-05,52.394161224365234,53.21764210278734,52.32553599992405,53.21764210278734,3871200
2008-03-06,52.67439651489258,52.863112693205814,52.42277494380827,52.50855542149395,1342600
2008-03-07,52.743019104003906,53.38350399733738,52.462802600194394,53.34919355318769,3601300
2008-03-10,53.520713806152344,53.829520682804585,52.96028990491071,53.01747539400043,3579000
2008-03-11,53.06324768066406,53.200493784364674,52.731565597327176,53.18333856677397,3309200
2008-03-12,54.086875915527344,54.14406141940576,53.16617490526985,53.25767083888044,4752900
2008-03-13,53.663692474365234,54.43571203110861,53.332014813565515,54.34421173642304,5763500
2008-03-14,54.32706832885742,54.79027667319353,54.10976162621304,54.10976162621304,6174800
2008-03-17,54.74452590942383,55.07620361219914,54.504339786964465,54.66446095995421,3329300
2008-03-18,54.53293991088867,54.990432759785534,54.29847362601086,54.498629474262714,4022300
2008-03-19,55.43648910522461,55.73957628094479,54.39569695840556,54.39569695840556,5206400
2008-03-20,55.5737190246582,55.899681185440535,55.39644265950572,55.47078337583357,3905900
2008-03-24,54.49862289428711,55.17342236530069,54.441433022848535,55.17342236530069,5596200
2008-03-25,54.72734832763672,54.79597353476207,54.48716664715798,54.54435213827578,2038200
2008-03-26,54.49862289428711,55.013296833437174,54.45859260206489,54.77311508010386,1652000
2008-03-27,54.1154670715332,54.532929544013854,54.06400142637804,54.12118693087522,2405700
2008-03-28,54.6416130065918,54.647328505883046,54.18412001065161,54.378551697991426,1745500
2008-03-31,54.836021423339844,55.0819230407843,54.71021068469738,54.961832161982315,2546300
2008-04-01,53.94356918334961,54.471919920215534,53.85742399371299,54.44894757754401,3821800
2008-04-02,54.05841827392578,54.47765579609678,53.97801727759584,53.97801727759584,3794200
2008-04-03,54.178993225097656,54.36851164425198,54.05265199385165,54.2708825367568,2839100
2008-04-04,54.67294692993164,54.87969372505176,54.55234536303296,54.65571876059302,1745200
2008-04-07,54.385780334472656,54.43172502454983,53.92634657828138,54.33984002592229,2231800
2008-04-08,54.1963005065918,54.695935087900196,54.13312761307677,54.66147873926639,1305200
2008-04-09,54.759071350097656,54.925617559631846,54.2996376100454,54.30537740995832,2883600
2008-04-10,54.575286865234375,54.845206383032696,54.31111152781124,54.73608886353316,1846500
2008-04-11,54.942867279052734,55.086441200686004,54.82800989435747,54.90266675625656,1987700
2008-04-14,54.62122344970703,54.96005555568564,54.552306439996464,54.75330890807913,3195300
2008-04-15,53.94356918334961,54.31686208409071,53.92634102172755,54.224972713404625,2821600
2008-04-16,53.41520309448242,54.018210485576375,53.082110793768564,53.86889687341507,4691100
2008-04-17,53.32334899902344,53.51286761072864,52.973028310063384,53.39801023598318,2020000
2008-04-18,53.27739715576172,53.34057001786309,52.73181812655257,52.83519150257958,2199700
2008-04-21,53.4898681640625,53.57026916196262,53.00746217666179,53.070635015229854,2805800
2008-04-22,53.67365646362305,53.794257991849825,53.35779657013203,53.35779657013203,1799700
2008-04-23,53.4955940246582,53.771253242622535,53.13952945480298,53.461133336269455,1221100
2008-04-24,53.041961669921875,53.099390374949266,52.726097219977206,52.98453296489448,3213600
2008-04-25,52.73179244995117,52.97873959568529,52.54801813555777,52.91556676434457,1742000
2008-04-28,52.89262771606445,53.0362016264672,52.496366702791946,52.565279375607325,1883900
2008-04-29,53.09361267089844,53.32907590884611,52.92132666458396,53.05341216460573,1269100
2008-04-30,53.47268295288086,53.52436747238897,52.7490690090623,53.076417443868195,2827500
2008-05-01,53.476112365722656,53.97756057920431,53.24556131133814,53.85652226506645,3226500
2008-05-02,52.80170822143555,53.26280992904105,52.76136215182445,52.899690905149384,2730800
2008-05-05,52.80170822143555,52.9515669360161,52.530811298021696,52.94580195538829,1309300
2008-05-06,52.42134094238281,53.07264795960219,52.32912316490288,53.0323018574431,4037500
2008-05-07,52.64613723754883,52.69801332035586,52.23115056207352,52.29455222028424,3876200
2008-05-08,53.118736267089844,53.14178740352786,52.69221548729803,52.70374545291048,2829500
2008-05-09,53.314735412597656,53.52799593731069,53.14758598469764,53.44730371658603,2064300
2008-05-12,53.23405838012695,53.69516068502215,53.22829339203146,53.464609532574556,1947400
2008-05-13,52.651878356933594,53.055343671511196,52.62882281918108,52.9285404125695,2123300
2008-05-14,52.67494583129883,53.0323001513511,52.28877538057158,53.02653516625803,2600900
2008-05-15,53.153297424316406,53.216699019214246,52.50199093080079,52.54810198116136,2164300
2008-05-16,52.934288024902344,53.53948364973975,52.89970692544642,52.957343557004,1902600
2008-05-19,53.00347137451172,53.176385721232236,52.623065968078876,53.176385721232236,1348200
2008-05-20,53.280120849609375,53.31470195181762,52.96887773755479,53.28012084960937,1466000
2008-05-21,53.291629791259766,53.412668008619,52.94580568489168,53.055318337575216,1762100
2008-05-22,52.663448333740234,52.98621731269954,52.357965524485145,52.98621731269954,2855900
2008-05-23,52.89396667480469,53.19944931994189,52.853620574110366,52.92855218782495,1802000
2008-05-27,52.53657913208008,52.77289058195369,52.43859644304448,52.66914291197717,1985800
2008-05-28,52.069740295410156,52.25418460513071,51.95446699922918,52.1850179889855,3250700
2008-05-29,51.69511413574219,51.93142577727929,51.37810588775824,51.879554098915875,3302400
2008-05-30,52.035133361816406,52.1273554709083,51.90833016051114,51.9486762338908,2514600
2008-06-02,52.23591232299805,52.43259026647514,51.842552022662126,52.05080185303889,3076400
2008-06-03,52.611900329589844,52.87800069454857,51.95244418581329,52.09706183863061,2447700
2008-06-04,52.14331817626953,52.866406130137676,52.00448652487286,52.866406130137676,2813000
2008-06-05,51.830989837646484,52.079732491969054,51.744218323183716,51.9582541370742,2632200
2008-06-06,52.501991271972656,52.6928832099142,52.18383068643627,52.316880862218845,3864800
2008-06-09,52.501991271972656,52.86642614991228,52.172263216680534,52.340020215110606,1812000
2008-06-10,52.160709381103516,52.47308413315328,51.888827407279734,52.438377298497244,1935300
2008-06-11,52.03921127319336,52.478850136442325,51.89459363256753,52.09127591877633,2265400
2008-06-12,51.518611907958984,51.85412605638856,51.379780141271056,51.80784732969849,4413100
2008-06-13,51.4087028503418,51.79627723667102,51.2987919833539,51.4665490490894,1983600
2008-06-16,51.42024612426758,51.58800311104978,51.26406101981794,51.5475103496458,1756800
2008-06-17,51.524391174316406,51.64008356266497,51.246723263545455,51.57066989500852,1712200
2008-06-18,51.958213806152344,52.04498525326152,51.535928450689916,51.65162518462852,2590000
2008-06-19,51.651611328125,51.91770712472996,51.501207821042904,51.7846570197385,1700500
2008-06-20,51.95244216918945,52.10284575802784,51.88302852309508,52.027646170298816,4580900
2008-06-23,52.06234359741211,52.31108608224604,51.96400467427254,52.10862229537646,1594100
2008-06-24,52.40941619873047,52.530894450439526,52.14332035021841,52.28215200740322,3118400
2008-06-25,52.432579040527344,52.501997106917585,51.952447344768224,52.43836498273839,3251600
2008-06-26,52.78541564941406,52.89532642030756,52.519319837115546,52.64079807229238,4052300
2008-06-27,53.40441131591797,53.47382938414469,52.901140251381236,53.06311574391026,4144800
2008-06-30,53.41597366333008,53.693641496220756,53.265574483337254,53.456470842613314,3743000
2008-07-01,53.2894287109375,53.858373170451955,53.225566965376736,53.811931888567884,3805100
2008-07-02,53.56809616088867,53.63195790888313,53.33587645469826,53.38812455979901,2413700
2008-07-03,53.45197677612305,53.585507069747415,53.1442817339133,53.242975534375645,1405100
2008-07-07,53.69581985473633,54.07899034411498,53.16751426310735,53.45198650475372,3528400
2008-07-08,54.04415512084961,54.073184799569404,53.65518223012422,53.70162794435304,2176600
2008-07-09,54.282161712646484,54.36343946140122,53.94543707963106,53.95705071762752,1582000
2008-07-10,54.27638244628906,54.43313563367897,53.95707810817798,54.1834954416902,2723600
2008-07-11,53.50417709350586,54.421454504673044,53.33000808556298,54.293731156088505,5466000
2008-07-14,53.97445297241211,54.142815245958055,53.579673538067404,53.63192160780374,4135400
2008-07-15,53.957069396972656,54.24154161609541,53.81773226860888,54.03254035285639,4541400
2008-07-16,52.98170471191406,53.550648860939,52.9526750509354,53.45776191855518,3435900
2008-07-17,52.7088623046875,53.18491969612413,52.57533201337813,52.98172527831083,5899900
2008-07-18,52.5114631652832,52.94688161418043,52.42438301894816,52.69143913608847,3475200
2008-07-21,52.71468734741211,52.772742282669185,52.39537855953675,52.511488430050896,3657200
2008-07-22,52.45341110229492,52.69144199333284,52.267632731196976,52.62177344318145,2675200
2008-07-23,52.34891128540039,52.46502553741314,52.10507800013233,52.37794095573003,2871900
2008-07-24,52.859779357910156,52.975889123994705,52.453386318006906,52.453386318006906,2613300
2008-07-25,52.331504821777344,52.73789370485041,52.25022704516274,52.56953575993916,3765300
2008-07-28,52.859779357910156,53.10361252426991,52.6565806233067,52.80172004556422,1275900
2008-07-29,52.64501953125,52.8249911619501,52.43021139544417,52.63341031575323,1349100
2008-07-30,52.69721984863281,52.99911232942531,52.26760839598591,52.30244044019132,1667500
2008-07-31,53.219757080078125,53.44037198087973,52.9875329668006,53.248786755227776,3898700
2008-08-01,53.337486267089844,53.349137683566525,52.92379207833129,53.00536532989445,1804800
2008-08-04,53.21507263183594,53.39569829991349,53.02861903870302,53.075229102933015,2029900
2008-08-05,52.81886291503906,53.37239581889218,52.801383583713864,53.226728797309285,2191200
2008-08-06,52.60325622558594,52.67900589609581,52.335229530512485,52.67900589609581,3139500
2008-08-07,53.45979309082031,53.54719418658918,52.69067144978218,52.80720328053774,2765600
2008-08-08,53.60546112060547,53.65207563195525,53.337434348450984,53.54136727885065,1035400
2008-08-11,53.09275436401367,53.47731325547471,52.78976426004287,53.47731325547471,3939400
2008-08-12,53.58802795410156,53.62298664502714,53.43070495411984,53.49479885108894,1315000
2008-08-13,53.40156555175781,53.809431697914185,53.29085712119784,53.78030094199307,1940300
2008-08-14,53.74533462524414,53.955095615234754,53.6462820592506,53.756990483247684,2605300
2008-08-15,54.21147918701172,54.30470383783046,53.93762427360571,53.995890236043415,1964900
2008-08-18,54.42704391479492,54.50278918771211,54.16484053240893,54.23476232345973,1262200
2008-08-19,54.21728515625,54.49696344083094,54.12405609778556,54.44452542949933,1944700
2008-08-20,54.36878204345703,54.60185027137016,54.275557419535794,54.409568649936325,2500000
2008-08-21,54.269718170166016,54.55522435596175,54.04247791784205,54.55522435596175,2267000
2008-08-22,54.23475646972656,54.28719447330036,53.97838104228441,54.252235804251164,1990000
2008-08-25,54.776668548583984,54.96312229627812,54.683439452032914,54.84076244111085,2028300
2008-08-26,54.823265075683594,54.88735895233902,54.60185269431467,54.74751978754849,1270900
2008-08-27,54.91648864746094,54.93979591349219,54.44452873519585,54.47365948368007,1555300
2008-08-28,54.92231369018555,55.00971482185984,54.59019294614821,54.718380679883005,1886500
2008-08-29,54.67754364013672,54.864001601751845,54.48526664667546,54.78242402084399,1739100
2008-09-02,55.18634033203125,55.20973234298427,54.29161264396523,54.373486913085756,2916000
2008-09-03,55.42024230957031,55.49041833076864,55.12200425800797,55.12784891359763,2105000
2008-09-04,55.864707946777344,55.88225084498308,55.44366054355451,55.55477151428588,3049800
2008-09-05,55.83543014526367,56.32079966388973,55.794495259076704,56.1512110035243,4167800
2008-09-08,56.069374084472656,56.06937408447265,55.29745544867137,55.49628534205914,5426200
2008-09-09,56.62491989135742,56.654156561115975,55.87054421109086,56.04013295734337,3890200
2008-09-10,56.2740364074707,56.52549491297372,56.0342716750186,56.12783970570311,2407900
2008-09-11,56.244834899902344,56.64249038727124,56.13957302202316,56.60155546040558,3592000
2008-09-12,55.519676208496094,56.33252973765959,55.40856525679573,56.26235369528508,4138200
2008-09-15,57.32083511352539,57.408554079309404,56.18050194304905,56.303306710517894,5889900
2008-09-16,57.30913543701172,58.981626889344106,57.256506739899386,58.89390793258541,6684400
2008-09-17,57.59565353393555,58.11611345477449,57.15121875626439,57.847112048846334,4371300
2008-09-18,56.75356674194336,57.59565678935917,56.67754159447847,57.27987134848961,4188300
2008-09-19,54.95246124267578,55.566485207801506,54.79456617909141,54.888134285152205,7169200
2008-09-22,54.94662857055664,54.94662857055663,54.15131727723132,54.34429820757662,4726300
2008-09-23,54.73603439331055,55.02842774419529,54.461183929627936,54.741883509567415,2236000
2008-09-24,54.975826263427734,55.40856738745142,54.73606145560621,54.95243424840339,1014900
2008-09-25,54.86472702026367,55.31501113629196,54.472920723495065,55.31501113629196,1881200
2008-09-26,55.26237869262695,55.43196748008812,55.01092007143574,55.01092007143574,1992800
2008-09-29,56.870540618896484,57.26819599140405,55.64833782581315,55.6541824839826,4799800
2008-09-30,55.48459243774414,56.8939313377913,55.32085278131415,56.74773457861152,1358100
2008-10-01,56.18263244628906,56.839603666293435,55.69576996562288,56.33514450142853,1767800
2008-10-02,56.634315490722656,56.810286851249565,56.35275504852764,56.64604512465722,931900
2008-10-03,57.132904052734375,57.36166993939085,56.01253388581326,57.12116994430265,1903100
2008-10-06,58.171142578125,58.57588424535704,57.8485262352558,57.918912977208755,2906200
2008-10-07,57.99513626098633,58.46439733349831,57.47308068860858,57.672515637495394,1972000
2008-10-08,57.1622200012207,58.6228074436204,56.71055536407822,58.47029538843905,3386300
2008-10-09,56.68121337890625,57.30885368462457,56.440717950205475,57.11528572136522,1785400
2008-10-10,56.2823600769043,56.845480923851945,56.02426787024199,56.66950509977442,2200000
2008-10-13,55.56084060668945,56.28233127058283,55.29101442972333,55.78960637575309,1532100
2008-10-14,55.20304489135742,55.87761279536868,55.07986362675107,55.285165734428325,2100000
2008-10-15,55.73097610473633,55.74857279155429,54.79831142612546,55.20892017796551,1449500
2008-10-16,55.44353103637695,55.88346596818097,55.244096015412254,55.71922430968073,1063200
2008-10-17,55.062259674072266,55.66643628630409,54.56366315306569,55.543255037958254,1691800
2008-10-20,55.5021858215332,55.689891190476544,54.76309397339733,54.81002143444542,1146800
2008-10-21,55.795467376708984,56.30578889455267,55.5725642077673,55.77786622501753,1243700
2008-10-22,56.92757797241211,57.18567007113049,56.2236794457502,56.38205851623005,1069800
2008-10-23,57.34993362426758,58.00690493838117,56.79268432698216,57.45551821983492,1802000
2008-10-24,56.73992156982422,58.10078785906235,56.57567530582303,57.965872403874656,1495400
2008-10-27,56.78092575073242,57.60800093170738,56.48176880324211,57.34990439071584,1534100
2008-10-28,55.953895568847656,56.83963309248732,55.81311754712598,56.41729455206966,1505500
2008-10-29,55.67229461669922,56.31753154395937,55.39073432512713,56.176749160548816,1745800
2008-10-30,55.167808532714844,55.60774319573411,55.02116364504175,55.43176754042767,1326000
2008-10-31,54.45222854614258,55.67817873473074,54.34664395535861,55.51393703245584,2282500
2008-11-03,54.59945297241211,54.83502480626812,54.3874387712576,54.605343503877236,1111600
2008-11-04,55.62417984008789,55.77730219108612,54.528774739020875,54.74667945031995,1608800
2008-11-05,56.283748626708984,56.342640423281736,55.594705171179974,55.88327811959574,1931700
2008-11-06,55.8774528503418,55.97757396391694,55.247300455441014,55.712553830092816,919700
2008-11-07,55.51231384277344,55.66543177544667,55.09417580848436,55.66543177544667,1277100
2008-11-10,55.78317642211914,56.00696710575674,55.17069169025296,55.24136456079196,1352100
2008-11-11,55.948123931884766,56.425153866545045,55.924566287892,56.071798192975905,696000
2008-11-12,56.30735778808594,56.57826389483466,56.04234221433353,56.28969068225713,1199400
2008-11-13,54.95868682861328,56.09531651890642,54.917462103811275,55.89508342505609,1631900
2008-11-14,56.04819869995117,56.21898812150595,55.82440798885756,56.01286450692528,1059300
2008-11-17,56.2955436706543,56.55467305243419,56.118868222933266,56.34854945018088,490300
2008-11-18,57.01996612548828,57.12597326591435,56.513488064914945,56.7608365615222,924800
2008-11-19,58.48048400878906,58.52170874099429,57.249623587531886,57.402745947076546,2090400
2008-11-20,61.50171661376953,61.50760714854096,59.54058639890436,59.964615039216994,5459800
2008-11-21,60.612342834472656,61.23660827368495,59.74661975303525,60.80668974931671,3249300
2008-11-24,59.66423034667969,60.2413811455906,59.481664300005484,60.15893167334036,1587300
2008-11-25,61.41921615600586,61.525223228157415,60.471043036527426,61.21897857831611,2632700
2008-11-26,61.50171661376953,62.20254197723966,61.30147886999455,61.67250617684887,2577600
2008-11-28,62.26140213012695,62.408633972283646,61.80203950150356,61.9846055479669,986400
2008-12-01,64.64566802978516,65.24248943652603,63.30429745778393,63.67066392189788,4031600
2008-12-02,64.8938980102539,65.2189011248531,63.930713928900424,64.14934828936099,3289300
2008-12-03,65.0770492553711,65.47886905431074,64.1493188456818,65.15977646324443,2951000
2008-12-04,66.35936737060547,66.47163749692936,65.21890792451345,65.66799744640352,2825400
2008-12-05,65.28392028808594,66.77301564447077,65.24846252387097,66.15255661613656,4557600
2008-12-08,65.14208984375,65.73891178837675,64.81709118707808,65.28391186571709,2119500
2008-12-09,66.43026733398438,66.49526795728606,65.14799050757259,65.34299237747764,2055500
2008-12-10,66.27068328857422,66.27068328857422,65.66204555373967,65.80977333436142,2414900
2008-12-11,66.40069580078125,66.4361490315332,65.51432896562335,66.28842122567356,2416900
2008-12-12,66.40069580078125,66.51296586759408,65.20114223023322,66.50114962677505,2547100
2008-12-15,67.1570816040039,67.3284464512351,66.2116242643631,66.38889497962913,1707700
2008-12-16,68.81757354736328,69.07757612859747,67.34620473000268,68.81757354736328,4015100
2008-12-17,70.68488311767578,71.57715684091042,70.47215447296156,71.3644281961962,6407500
2008-12-18,72.1680679321289,72.77080058816327,71.17533577068993,71.34670076080558,4442000
2008-12-19,72.24488067626953,72.67624378201758,71.6657851066071,71.76033316218441,2668500
2008-12-22,71.6893539428711,72.3216288112685,71.34071846316095,72.3216288112685,2221400
2008-12-23,71.59481811523438,71.79572580123124,70.85026858534329,70.99208604065257,1746400
2008-12-24,71.44124603271484,71.68942793628983,71.27579143033151,71.34079209673922,717200
2008-12-26,71.67757415771484,72.07348382162161,71.6184793949727,71.84893454311529,454400
2008-12-29,71.5915298461914,72.33857316331114,71.50852553577761,71.99469557822793,1416000
2008-12-30,72.27340698242188,72.28526281100703,71.18841546922395,71.43742858010249,2590500
2008-12-31,70.7615737915039,72.33273659769144,70.46512814971008,71.98293291160746,2738000
2009-01-02,68.98284912109375,71.41370068831503,68.98284912109375,71.17654796831154,3464200
2009-01-05,67.20421600341797,68.8702433361612,66.75954760746671,68.5382211912717,5395200
2009-01-06,66.52830505371094,67.15084247376817,65.81090741657249,66.17850150083673,4109300
2009-01-07,66.78919219970703,66.80697821132777,66.04807822617146,66.38009583882716,2565600
2009-01-08,66.73579406738281,66.94923513985661,66.39784645653235,66.78322642202106,2603600
2009-01-09,66.83660125732422,67.20419076495284,65.97097645769756,66.08362718985428,2727900
2009-01-12,67.53031921386719,67.61925381254557,66.14888141481441,66.14888141481441,2462800
2009-01-13,67.6014175415039,67.63699407094857,66.97295464323011,67.29311626784087,1767400
2009-01-14,68.71603393554688,68.7990382727633,67.97492055083087,67.97492055083087,2494800
2009-01-15,68.82870483398438,69.32080538393231,68.52633372118156,68.89392319715333,2827200
2009-01-16,67.76750183105469,68.82877366007338,67.21018236064008,67.24575440397606,2994800
2009-01-20,67.75553894042969,67.96304975155773,66.54011589045325,66.57568787996193,3268300
2009-01-21,65.61528015136719,67.02043418361987,65.45520148806328,66.3623244680561,2838100
2009-01-22,64.3524169921875,65.67456195016548,63.96110659489454,65.57377152300867,4016600
2009-01-23,63.84843826293945,64.22195799391508,63.25554721627355,63.984800670568774,2676200
2009-01-26,63.29110336303711,63.92549644297658,63.02430426829007,63.69426935462285,2240900
2009-01-27,64.77928924560547,64.9749398901301,63.81287376225407,63.91366869698559,3420800
2009-01-28,63.160682678222656,65.10536459372071,62.680442376385564,64.808919069446,4348100
2009-01-29,61.70809555053711,63.03023992996977,61.45908241944207,62.58557168584322,3724400
2009-01-30,61.51245880126953,62.17649853916289,61.32866398631539,61.98677354596488,2630000
2009-02-02,62.65690994262695,62.82932251832397,61.467861450255846,61.84241009244313,2700200
2009-02-03,61.16463088989258,62.32395547590474,61.0873443985018,62.0088584641121,2846400
2009-02-04,60.95062255859375,61.158709669470845,60.41555437593822,61.08736512838213,2305400
2009-02-05,61.0041389465332,61.75918281374314,60.7663283187348,61.37868762360988,2279500
2009-02-06,60.8138427734375,61.15272117319989,60.58197884390833,60.79006127606825,1667500
2009-02-09,61.010040283203125,61.03976375475566,60.08257997513622,60.45713291072641,2257300
2009-02-10,62.335845947265625,62.40124395585665,61.50351136726404,61.895899418810224,3782800
2009-02-11,63.14443588256836,63.3168485026065,62.740159109755766,62.8471736830256,2774200
2009-02-12,62.54991149902344,63.12660089201745,62.270484305646036,63.00769782651529,1818400
2009-02-13,60.88524627685547,61.800809865743325,60.77823170290138,61.800809865743325,2466800
2009-02-17,62.781768798828125,62.81744334327363,62.03861338090672,62.157520969290566,2813900
2009-02-18,62.24669647216797,63.35251210545624,62.00889036528249,63.055249935988655,2768600
2009-02-19,61.188438415527344,61.866195738576835,60.77821974264603,61.051700369853684,3219400
2009-02-20,61.78292465209961,62.52013757841045,61.414322724801735,61.991007116841566,4272000
2009-02-23,62.35374069213867,62.35374069213867,61.337104133316416,61.59274990208666,2688700
2009-02-24,62.28827667236328,63.42381967477465,62.28827667236329,62.84118416659107,4197100
2009-02-25,61.568904876708984,62.716336394695986,61.25380787790075,62.56770539255186,3908100
2009-02-26,60.92094421386719,61.39061925173594,60.62962839296343,61.15875499119942,2611100
2009-02-27,60.57011032104492,61.241925419793134,60.17178028470843,60.980333378803834,3267700
2009-03-02,61.57289505004883,61.57289505004883,60.863446015385435,60.94095160310832,3302000
2009-03-03,61.161521911621094,61.74577475232832,60.69650666516491,60.946903338867514,3084900
2009-03-04,60.88132095336914,60.95882197467284,60.30899417306384,60.50572823459612,3178400
2009-03-05,62.574440002441406,62.86060560382673,61.66825727020906,62.01403483013776,4562400
2009-03-06,62.157169342041016,63.17662743230099,62.055816196251406,62.15716934204102,3125900
2009-03-09,61.79349899291992,62.330057049497846,61.47752717861606,62.306209519377575,2070500
2009-03-10,60.607093811035156,61.25692174655041,60.51766673821153,61.066146113803285,2602600
2009-03-11,61.26290512084961,61.26290512084961,60.17190447647188,60.38652770318394,3101500
2009-03-12,61.55500030517578,61.98424655563687,60.99459497280166,61.20325962954469,3558900
2009-03-13,61.244998931884766,61.93059586228831,61.00652825900755,61.25692041872623,2504000
2009-03-16,60.2791748046875,60.48187185306003,59.915508172303134,60.1062837377795,3265600
2009-03-17,59.951316833496094,61.006548431658345,59.849968242257155,60.64288155867037,3076200
2009-03-18,62.222713470458984,64.42855656611404,60.15398791698549,60.285146991036676,8578800
2009-03-19,62.300235748291016,62.99180035707853,62.13330761470797,62.96795283107374,3650900
2009-03-20,61.95439147949219,62.598260392297135,61.87092749617814,62.371715944508416,3479700
2009-03-23,61.41790771484375,62.252553097477424,61.388101712738056,62.1750520338609,2097000
2009-03-24,62.00217056274414,62.69373541766254,60.76808908059684,60.92309578057029,5477100
2009-03-25,61.16749954223633,61.835216584221854,60.99460840060301,61.57886138089663,2549600
2009-03-26,61.876930236816406,62.03789529414204,60.905167779486504,61.07209585329053,2385300
2009-03-27,62.336029052734375,62.5566153428938,61.739854315662456,62.091599775730074,1853900
2009-03-30,62.574440002441406,63.11696067749244,61.96634435361348,62.86060560382673,2300100
2009-03-31,63.0215950012207,63.07525306217874,62.598311724894906,62.62215924660406,1094600
2009-04-01,63.59675979614258,63.71035436331402,63.094536150792926,63.44728917906537,2383400
2009-04-02,62.81953048706055,63.41741314309481,62.682015469120294,63.30979408254934,1766300
2009-04-03,61.5340461730957,62.873305830077854,61.37860005695672,62.72383525276574,3316800
2009-04-06,61.27101516723633,61.934660703379286,61.11556440308085,61.9047693081649,1418100
2009-04-07,61.42643737792969,61.76723016834793,61.27099123597103,61.3068627208106,1312600
2009-04-08,61.97053146362305,62.096086260343384,61.55201091307307,61.62375846611991,1007800
2009-04-09,61.19324493408203,61.68948827654098,60.972031429753606,61.264992443352526,1088800
2009-04-13,61.75529098510742,61.88682587988113,61.540052895747166,61.55798864294686,946600
2009-04-14,62.07814407348633,62.30533779234606,61.54004888515361,61.731371111951724,1336000
2009-04-15,61.97053146362305,62.35915606003296,61.51015931416629,62.25751255284606,1152500
2009-04-16,61.480224609375,61.85090863526881,61.450328676296294,61.49218024571911,1055600
2009-04-17,60.8046875,61.40855049027207,60.60738961493743,61.26505987527627,2582800
2009-04-20,61.725399017333984,61.8210624238847,61.25307121082503,61.360690262453424,1714400
2009-04-21,61.11555480957031,62.305339803326525,61.115554809570305,62.20370086488363,909100
2009-04-22,60.7448616027832,61.31882826027232,60.45190045251389,61.25306081979613,2278100
2009-04-23,60.73887252807617,60.83453590426691,60.35025260637364,60.595382025270915,1688300
2009-04-24,60.1290283203125,60.374162275619405,59.84802288334327,60.26056316838153,2830000
2009-04-27,60.38612365722656,60.4997227752655,59.824112729851784,60.42797524363867,2294600
2009-04-28,59.3996467590332,60.73292721910102,59.24419597608521,60.68509550719654,2332500
2009-04-29,58.87345504760742,59.83604565779444,58.682132945292665,59.590911790918085,3752600
2009-04-30,58.640316009521484,58.80772237772825,58.2277756296681,58.58052867251642,2778100
2009-05-01,58.2366943359375,58.344640198227815,57.91285674906655,58.24269259921316,2772200
2009-05-04,58.428611755371094,58.66249375117552,58.0448051686492,58.38663305292762,2246700
2009-05-05,58.356666564941406,58.66851238450456,58.02683509561297,58.44662226578989,1369000
2009-05-06,58.21868133544922,58.770402382181736,58.170704398690084,58.24266980382879,2045900
2009-05-07,56.79743576049805,57.99083431317006,56.56955201222641,57.535066816626795,5755200
2009-05-08,56.93539047241211,57.20525303087765,56.75547904987672,56.983362886462345,2193400
2009-05-11,57.7449836730957,57.84093307811216,57.44513434749567,57.60105727790222,2167400
2009-05-12,57.95484924316406,58.18273297323178,57.45110481606636,57.67898854613408,2304800
2009-05-13,58.584537506103516,58.72846383940281,58.31467048391474,58.3866359382322,1917500
2009-05-14,58.81240463256836,58.920350495879525,58.350639013330465,58.53054573529284,1704600
2009-05-15,58.794456481933594,58.80045474955739,58.44663016515532,58.770467986776026,2306600
2009-05-18,57.882877349853516,58.836400016917956,57.79292626598083,58.77643110255787,2234700
2009-05-19,57.57704544067383,57.852906159349466,57.39713408811609,57.68499133714131,1624300
2009-05-20,58.182769775390625,58.26673180835054,57.469131385606836,57.52910034457395,2825700
2009-05-21,56.71947479248047,58.554550400744226,56.58154214971013,58.50057974183558,4771700
2009-05-22,56.08978271484375,56.665492548664886,55.98183683504384,56.263695775373314,4483400
2009-05-26,55.24423599243164,56.43163664348332,55.24423599243164,56.401654459058335,3633100
2009-05-27,54.2667236328125,55.520096053650576,54.200756422487494,55.31619615573589,7490200
2009-05-28,55.05231475830078,55.160260652938064,54.11078845659502,55.0343199630815,9824300
2009-05-29,56.47358703613281,56.5095720448656,54.95635109005579,54.9923315234537,4746700
2009-06-01,54.80403518676758,55.58016053980061,54.49118069703962,55.556094103636404,6987000
2009-06-02,55.09882354736328,55.213133335664665,54.61750419701568,55.11687221971606,5063600
2009-06-03,55.616241455078125,55.718520327441595,54.948413022255146,55.3274489205324,6727200
2009-06-04,54.467071533203125,55.18303252927886,54.292593450537616,55.00855444661335,5438600
2009-06-05,54.05195617675781,54.689705022525665,53.87748261228156,54.09407586704021,8439600
2009-06-08,53.913578033447266,54.587424200886645,53.83536559043257,54.39489738021846,4084000
2009-06-09,53.90757751464844,54.33474639113668,53.69700195443633,54.26255167917993,6046300
2009-06-10,53.059268951416016,53.805310207018,52.68022827115225,53.46838923807593,12142000
2009-06-11,53.648868560791016,53.85944411894034,52.758433460558756,52.80054857218862,10692800
2009-06-12,54.130149841308594,54.53926974696478,53.79924234768975,53.79924234768975,6606800
2009-06-15,54.617530822753906,54.84014193409661,54.437039421036154,54.47313678333895,4518700
2009-06-16,55.568092346191406,55.6102074336805,54.62952491632009,54.725786006209326,5376000
2009-06-17,55.255252838134766,56.151710084845504,55.255252838134766,55.62225783922802,7197200
2009-06-18,54.419002532958984,55.09886699569874,54.214444631387636,54.90032226285234,6794000
2009-06-19,55.165042877197266,55.17105604530131,54.27460284589929,54.346802174989826,4750700
2009-06-22,55.700435638427734,55.898980090660174,55.38757687911626,55.61620549327433,3952300
2009-06-23,56.356285095214844,56.44051532549576,55.700491932284365,55.814801764692305,5356900
2009-06-24,55.790748596191406,56.59695366575569,55.74863347450079,56.34426293561202,6550400
2009-06-25,56.81356430053711,56.85567943502892,55.75466358876477,56.08557149563281,7140000
2009-06-26,56.909793853759766,57.09630756583337,56.681169620814856,56.92784712153683,4050400
2009-06-29,56.99399948120117,57.379053039619755,56.903751549340456,57.19855717589833,4334900
2009-06-30,56.89775848388672,57.222648425431615,56.44050546354177,56.66913426881548,3743700
2009-07-01,56.7849006652832,56.79093315961602,56.27789023891875,56.386535001357025,3379900
2009-07-02,56.91766357421875,57.10477212329466,56.73658751675757,56.93577025897378,2645100
2009-07-06,56.80900573730469,56.91161333051682,56.36838988857855,56.76675528098474,1886700
2009-07-07,57.18927764892578,57.26774149081832,56.501195943234904,56.50723304028996,2592400
2009-07-08,58.24556350708008,58.432672133879166,57.27379777861718,57.412623427665025,7912900
2009-07-09,57.55143737792969,57.78080106504529,57.008213651809555,57.55143737792969,5241400
2009-07-10,58.08259582519531,58.14295299814446,57.599729231687874,57.71441108376124,3981900
2009-07-13,57.756629943847656,58.30588590341421,57.67816151751343,58.13688406970142,2604300
2009-07-14,56.796966552734375,57.41865419530294,56.555533251408285,57.195332190666,3629100
2009-07-15,55.33625793457031,56.13298397452674,55.33022084045487,55.92776882413736,4664200
2009-07-16,55.93381881713867,56.24164624400732,55.83121120983412,56.01831974138418,4225200
2009-07-17,55.07071304321289,55.74672522327369,55.07071304321289,55.46907859707628,3845700
2009-07-20,55.360416412353516,55.82517147372445,54.805123335014144,54.835299603700435,4436500
2009-07-21,56.46499252319336,56.5555259701974,55.10089846053414,55.197469005657325,3895300
2009-07-22,55.95799255371094,56.45292877709727,55.746740130001676,56.37446490685025,1986700
2009-07-23,54.9318962097168,56.01230651846354,54.666319153612896,55.9881627310944,3818800
2009-07-24,55.19745635986328,55.19745635986329,54.787021275968456,54.92584687116393,1765300
2009-07-27,54.56370162963867,54.72063391663964,54.28605503260971,54.46109400561931,2755900
2009-07-28,55.046607971191406,55.42083000270674,54.58185243645093,54.756891550952,3324800
2009-07-29,55.348358154296875,55.704473224967884,54.88964005659186,55.632041870351046,2910200
2009-07-30,56.132999420166016,56.223537436995954,55.0646637154462,55.251772239927874,4040700
2009-07-31,57.225528717041016,57.255709617241315,56.30205027240145,56.646091351874205,5697000
2009-08-03,56.358253479003906,56.84880236038775,56.08572991636526,56.81246249703702,4029300
2009-08-04,55.910091400146484,56.75794899905224,55.5164427341775,56.70344152446469,3832200
2009-08-05,55.07437515258789,56.17053176014339,55.03198248324747,55.29844871033537,4458300
2009-08-06,55.26210403442383,55.64969540815227,54.75944488333883,55.05014072386197,3228500
2009-08-07,54.80183792114258,55.06830872507777,54.63832468628923,54.75944525873959,3543200
2009-08-10,55.486183166503906,55.49829337570098,54.75339306805724,54.81395335495006,3150100
2009-08-11,56.12812042236328,56.24318818106718,55.71024666324104,55.9524923876663,3677800
2009-08-12,55.52857971191406,56.36432281855877,55.16520872424292,56.29164769693374,4729200
2009-08-13,56.315879821777344,56.41277999613369,55.4135188952433,55.59520441193414,3922300
2009-08-14,56.53389358520508,57.04866299140781,56.4491082533813,56.503615749813186,4410400
2009-08-17,57.369625091552734,57.38173529819431,56.84879841736298,56.89724386438201,3569700
2009-08-18,57.036582946777344,57.39389208837165,56.933629935177954,57.32727896709759,2557900
2009-08-19,57.508934020996094,57.75723724108817,57.17585008290124,57.636112028681886,3518200
2009-08-20,57.981258392333984,58.059990864349935,57.39987175962885,57.76323782751328,3282700
2009-08-21,56.788265228271484,57.97526944178303,56.77615501486866,57.920761930331985,6258300
2009-08-24,57.81782913208008,57.81782913208008,56.60054664981603,56.618714286491226,4460200
2009-08-25,58.14482498168945,58.193270443116276,57.47865252741595,57.75723356755018,3359700
2009-08-26,58.41127014160156,58.47183503235418,58.084243757890206,58.247756949745884,3225800
2009-08-27,58.18113327026367,58.51422165326589,57.97522744837283,58.247750946864116,2514000
2009-08-28,58.44762420654297,58.44762420654297,57.72088692494143,57.79961945387574,2072500
2009-08-31,58.50212478637695,58.659585217626905,57.99341286758182,58.35677918392883,2899800
2009-09-01,58.360565185546875,58.676490065944755,57.801626871223405,58.214756198154696,3304200
2009-09-02,59.2111701965332,59.33268163915356,58.469966619705545,58.61578035084998,4345000
2009-09-03,58.84661102294922,59.004573489183755,58.6582741900597,58.83445756813931,2703800
2009-09-04,57.84420394897461,58.688688866072845,57.753071516047065,58.59148433675473,3643000
2009-09-08,57.437103271484375,57.94136496414509,57.32774536988548,57.40065218267949,2468900
2009-09-09,57.37031936645508,57.37031936645508,56.81745268689205,57.04224539756954,3182400
2009-09-10,58.42741012573242,58.75548390716642,57.66190927090506,57.67405809161655,4417300
2009-09-11,58.749412536621094,59.344806779855475,58.68865915715287,58.82231937309441,4826200
2009-09-14,58.16611862182617,58.73113334165269,58.11144202080175,58.33622978303304,2119500
2009-09-15,57.868492126464844,58.184412563683495,57.7591341606609,57.83204101625918,2187900
2009-09-16,57.9717903137207,58.29378757519126,57.473604909425276,57.92318572910936,3732300
2009-09-17,58.700809478759766,58.76763958316093,57.81986930037426,58.13579427303164,2832000
2009-09-18,58.17831039428711,58.64611639578601,58.1236291220584,58.44562612292167,2813300
2009-09-21,58.31200408935547,58.62184781438194,57.935325599778274,58.38490631397947,3050200
2009-09-22,58.4334831237793,58.548917771503994,58.02643044574014,58.11148609084728,2068000
2009-09-23,58.60966491699219,58.676495007505196,57.83808283022727,58.28766791825743,5712000
2009-09-24,58.77979278564453,58.98635520723719,58.42741668802501,58.627907016172585,4658400
2009-09-25,59.527034759521484,59.57563465194482,58.7919040262306,59.15035662334774,3854500
2009-09-28,60.049537658691406,60.10421892966642,59.60603393999756,59.73361739202666,4263300
2009-09-29,59.994834899902344,60.25000169285561,59.63031024780018,59.73359138277902,3123200
2009-09-30,59.94021987915039,60.22576131599556,59.757955048222904,59.8794618453831,2744800
2009-10-01,60.7611198425293,60.980518447328755,60.212627980185296,60.3101358880658,5754400
2009-10-02,60.34058380126953,61.13285206742356,60.261353719897265,61.114569633153856,4827700
2009-10-05,60.3466796875,60.73672513170616,60.19431985682602,60.62093017250497,2910100
2009-10-06,59.749427795410156,60.21260295186681,59.71286292636057,60.18822482261618,3936200
2009-10-07,60.450321197509766,60.535642377703326,60.09074938127494,60.13340997137173,3591000
2009-10-08,59.81650924682617,60.797707564699834,59.53007183544421,60.76723371893986,5871600
2009-10-09,58.44519805908203,59.548281105122655,58.20142154154341,59.49343382974289,8135900
2009-10-12,58.5366096496582,58.70725180192601,58.262359348099274,58.52441826755339,1939700
2009-10-13,58.841400146484375,59.0242292519369,58.66466208978806,58.88406073605552,2886500
2009-10-14,57.969886779785156,58.5671348845972,57.83580934615059,58.20756781226302,5421000
2009-10-15,57.70170974731445,58.15269350112976,57.5127850632133,57.634671056249026,3736900
2009-10-16,58.171024322509766,58.219780620141194,57.732231592796275,58.01257332969231,3716800
2009-10-19,58.62806701660156,58.634162712358645,58.12832690655132,58.256308619529044,3163800
2009-10-20,58.9449462890625,59.26794824506574,58.83524707290564,59.127775216223256,2912400
2009-10-21,58.591495513916016,58.63415608008313,58.20755041841196,58.60368690405118,3355200
2009-10-22,58.305049896240234,58.4025624046694,58.097842790306714,58.128311961951596,2572200
2009-10-23,57.866241455078125,58.15267857983353,57.81748986016448,57.82358090349656,2996200
2009-10-26,57.11665725708008,57.59811490685855,57.013053682352044,57.55545433787328,4127400
2009-10-27,57.89677429199219,57.96381303419751,57.238578268334166,57.26905211466609,4476300
2009-10-28,58.171024322509766,58.384331962233155,57.87240013641606,57.982099481258544,4585400
2009-10-29,57.53721237182617,57.933344512613516,57.25686597884256,57.787080266020396,4645300
2009-10-30,58.37213897705078,58.51231216651858,57.817551217944676,57.957719757756145,5118000
2009-11-02,58.114070892333984,58.4381149285676,57.96121957979723,58.395316747643385,3463800
2009-11-03,57.53323745727539,58.30360943682817,57.47209786056694,58.25469589360051,4470700
2009-11-04,57.007503509521484,57.514971692499046,56.73848799724554,57.233725446003355,5349500
2009-11-05,57.007503509521484,57.007503509521484,56.73848799724554,56.78128623769797,2852000
2009-11-06,57.06242752075195,57.13579313248473,56.530503512440475,57.09299497075735,3381100
2009-11-09,57.12971115112305,57.28867316619502,56.940172341380126,57.03188406678449,1697800
2009-11-10,57.02579879760742,57.53326656991262,56.80569707101287,57.50269908841693,2549900
2009-11-11,57.264244079589844,57.56994684406003,57.154190897794415,57.24589799541227,1771100
2009-11-12,57.16032409667969,57.2214637407116,56.52446153650496,57.007472654271986,3431300
2009-11-13,57.4232063293457,57.50880273047961,57.135844983544445,57.36818207061135,1594200
2009-11-16,58.09576416015625,58.3586687823499,57.79006132805456,57.86954704978022,5175700
2009-11-17,58.40758514404297,58.57266729346759,57.96737229845099,58.077425509848986,3174400
2009-11-18,58.06515121459961,58.407536625798954,57.924525969484804,58.35251239813537,2413600
2009-11-19,58.169124603271484,58.584880570643676,58.02850393668259,58.23026422633858,2969800
2009-11-20,58.15688705444336,58.30973841423932,57.83283825336713,58.0835167224661,4136300
2009-11-23,58.08351516723633,58.144654776587,57.679985349146214,57.80226923250073,3219300
2009-11-24,58.450321197509766,58.51146076890026,58.07736374798243,58.150734032441186,2895200
2009-11-25,58.71940994262695,58.83557853009757,58.06520596386886,58.38313490766242,2789300
2009-11-27,58.939456939697266,59.03727933732645,58.74991817269203,58.939456939697266,2249100
2009-11-30,59.0800895690918,59.14123382782197,58.694905928212634,58.81718511636893,3115800
2009-12-01,58.4219970703125,58.83907818145991,58.385197309762475,58.73480907355354,3979100
2009-12-02,58.471038818359375,58.85745015951664,58.26249602188741,58.44650409644975,2193900
2009-12-03,57.86381530761719,58.17049231394423,57.80248084225573,57.919019602106324,3947300
2009-12-04,57.25046920776367,57.44061216004024,56.9867314382092,57.21980431060451,6108100
2009-12-07,57.324092864990234,57.49583132191008,57.09715008719073,57.207554049428055,2774200
2009-12-08,57.40997314453125,57.88225867149501,57.26890424755873,57.685985443016314,2378600
2009-12-09,57.14618682861328,57.6859413035689,56.84564470111619,57.46513350554512,3494300
2009-12-10,56.48992919921875,56.91928001013042,56.397925119771834,56.851810663837476,4446300
2009-12-11,56.48381805419922,56.58809188375127,56.00540225569435,56.33047941726694,3053400
2009-12-14,56.551246643066406,56.735254746484806,56.45924727087766,56.6432506947756,2380400
2009-12-15,56.29976272583008,56.4285665008658,56.115754658910745,56.16482410069184,2993900
2009-12-16,56.232295989990234,56.58190758954157,56.03602289339159,56.38563449294293,3301600
2009-12-17,57.158504486083984,57.18303922639644,56.54515001684226,56.73528840485976,4428900
2009-12-18,56.91313552856445,57.34861643944983,56.82726631681359,57.164608311685946,3789500
2009-12-21,55.90108108520508,56.55123480332985,55.901081085205085,56.46536562091788,3524000
2009-12-22,55.58830261230469,55.735511024386106,55.45949876137515,55.6925764074096,3078800
2009-12-23,55.600521087646484,56.05440157453853,55.50851708475158,55.79065926198275,2336000
2009-12-24,55.023990631103516,55.42267169492212,54.9994559078433,55.404271822356954,1698900
2009-12-28,54.87062454223633,54.974893554046375,54.77249037803793,54.87062454223632,3170900
2009-12-29,55.23259353637695,55.33107782827227,54.906352285426806,54.943288004074304,2617000
2009-12-30,55.59577941894531,55.694268439482435,55.31263052922356,55.349561563817495,1919100
2009-12-31,55.331092834472656,55.46651288174238,54.81403959531338,55.25107403209268,3242400
2010-01-04,55.28184509277344,55.46035289952942,55.14027301252124,55.300310607918114,2829100
2010-01-05,55.63887023925781,55.78659908194106,55.39880910881683,55.42958810347449,2841600
2010-01-06,54.894046783447266,55.558833404183396,54.85711575881094,55.5034321710152,4099600
2010-01-07,54.98636245727539,55.17717895529746,54.85709921382055,54.91865246838776,2793200
2010-01-08,54.961753845214844,55.12794814337919,54.63551728851979,55.09717385657055,2910700
2010-01-11,54.66017150878906,55.00487377844322,54.64170129044369,54.777121381012456,2181300
2010-01-12,55.59577941894531,55.63886719137656,55.30031705354893,55.497295094623176,4321200
2010-01-13,54.949459075927734,55.57115811410851,54.91868477864486,55.35571924826816,4755000
2010-01-14,55.7188606262207,55.7188606262207,55.11563208686985,55.20796432752518,4188800
2010-01-15,56.063568115234375,56.21745361970336,56.002014852689356,56.03278913585541,4142800
2010-01-19,55.903541564941406,56.08820610061535,55.65732374944756,55.8419882851215,2496000
2010-01-20,56.46982192993164,56.488287438591506,56.18051643769293,56.211295416267895,2800500
2010-01-21,56.7283821105957,56.86995421342977,56.297499671561376,56.3529009220468,4363100
2010-01-22,56.62990188598633,56.82071853085654,56.48832506493636,56.68529844886507,3666900
2010-01-25,56.37131118774414,56.58059311592408,56.315909991560254,56.346688955685806,2419500
2010-01-26,56.38983917236328,56.697610369812615,56.205174575407376,56.64220911223953,3138100
2010-01-27,56.35904312133789,56.685279740528856,56.24209329511988,56.475997643770256,3325700
2010-01-28,56.328277587890625,56.44522743229477,56.05128073319482,56.09436850665216,3058200
2010-01-29,56.8206672668457,56.851446238153265,56.16819440178801,56.26668335300288,4930600
2010-02-01,56.304901123046875,56.66317808631658,56.24313037040191,56.650821108103784,3598500
2010-02-02,56.465518951416016,56.49022348664838,56.236961941655565,56.3234419533904,3047500
2010-02-03,55.810733795166016,56.1937200577687,55.76131530073851,56.09488306891368,5343700
2010-02-04,56.69404983520508,56.71875907391203,56.150460722068416,56.206052974555,6095000
2010-02-05,56.81758499145508,57.08937713882285,56.341940486153646,56.440777421781554,6875800
2010-02-08,56.891700744628906,56.92258846128531,56.61373014593683,56.74962855873878,3386000
2010-02-09,56.323455810546875,56.96588227920864,56.298746556428156,56.66937594259232,4790000
2010-02-10,55.78596878051758,56.582823533544854,55.71801959680811,56.409863688757966,5068000
2010-02-11,55.48332595825195,55.7674751369539,55.21152904262163,55.71805665905649,5087500
2010-02-12,55.71188735961914,55.853959603980975,55.56363191401659,55.786010369614594,2833800
2010-02-16,55.81692886352539,55.86634737263084,55.427768708138906,55.427768708138906,2440900
2010-02-17,55.18064498901367,55.65010638177875,55.02621578309757,55.54509565282909,4368200
2010-02-18,54.95827865600586,55.28566789058264,54.67412942009382,55.26095864665901,5121800
2010-02-19,55.25474548339844,55.29181168242687,54.91500419646132,55.12502556880753,3502500
2010-02-22,55.02622604370117,55.17447678943907,54.92738907133841,55.050935286791855,3382600
2010-02-23,55.884857177734375,55.92809717878393,55.16212942613182,55.18683395861157,5474500
2010-02-24,56.02078628540039,56.13814937364069,55.705749126841226,55.9343062360405,4423200
2010-02-25,56.33576965332031,56.39136661536559,56.15045744304798,56.32341739109087,3707700
2010-02-26,56.62615966796875,56.86706910562295,56.465556518072816,56.49643956406343,4349100
2010-03-01,56.60132598876953,56.71906619630046,56.365850301470594,56.59513261935636,2415200
2010-03-02,56.52699661254883,56.56417575907377,56.204761583448224,56.316303750788386,2260600
2010-03-03,56.384422302246094,56.44019570393231,56.20471536221942,56.396818492737005,2156100
2010-03-04,56.68193435668945,56.812066139374394,56.28534090628767,56.36589732573068,2374700
2010-03-05,55.93825149536133,56.31006154925909,55.845303709648114,56.285273897148485,3823200
2010-03-08,55.64700698852539,55.752350963735324,55.585035494626645,55.70897375466293,2850400
2010-03-09,55.65938949584961,55.77093154805613,55.39912628328785,55.75854008792672,2573700
2010-03-10,55.51692199707031,55.58508692121526,55.269054703196616,55.45495517360189,3216200
2010-03-11,55.72137451171875,55.85770425661934,55.38055487722926,55.39294634141932,2621000
2010-03-12,56.06843185424805,56.17377591257281,55.6036736498877,55.62845659368711,3099100
2010-03-15,55.994041442871094,56.062206324380185,55.80194299194325,55.987843346071365,1936800
2010-03-16,56.44026565551758,56.44645903067761,56.10563901395119,56.11803049203856,3932600
2010-03-17,56.68193435668945,56.68193435668945,56.43406226824663,56.58278363020558,3481200
2010-03-18,56.4959602355957,56.68806335202836,56.39681435774496,56.65087951104338,2750300
2010-03-19,56.55173110961914,56.75002758423291,56.31005742892614,56.55173110961915,2976300
2010-03-22,56.613739013671875,56.694295389857636,56.52698453846742,56.60754091465318,2452300
2010-03-23,56.347251892089844,56.58892563862596,56.33486042744586,56.434006327884234,2910000
2010-03-24,55.31855392456055,55.925839357353176,55.188422344910585,55.67176956297029,8049300
2010-03-25,54.965370178222656,55.299996460519594,54.76088027884305,55.23183158480565,8268400
2010-03-26,55.12027359008789,55.22562228528623,54.83522270467778,54.866208449340974,4110700
2010-03-29,54.909645080566406,55.05836641482785,54.72373986691511,55.01498916201135,3245100
2010-03-30,55.083133697509766,55.1203128353682,54.698931937837145,54.853851315932914,3254600
2010-03-31,55.461097717285156,55.47348917845972,55.12027343797404,55.28758889427617,4263900
2010-04-01,55.32551574707031,55.37527564269332,55.002085916250486,55.213558354600984,2912400
2010-04-05,54.40498352050781,54.82171198548481,54.36766597002181,54.72219693573382,5652000
2010-04-06,54.49204635620117,54.64132126348126,54.33032910518556,54.61022489486994,3584600
2010-04-07,55.18866729736328,55.306841083812486,54.29922958642345,54.392523432208755,6389900
2010-04-08,55.21357345581055,55.43748830199113,55.0332020892331,55.288213319659455,3797600
2010-04-09,55.34420394897461,55.39395912142225,54.98967283893789,55.11406788810739,2311300
2010-04-12,55.636478424072266,55.70489705787055,55.41256375807102,55.462323627262926,2939600
2010-04-13,55.816925048828125,55.94754131178065,55.68008760801073,55.91022373532802,3090900
2010-04-14,55.425048828125,55.89775845916006,55.425048828125,55.82933977261422,3570100
2010-04-15,55.48721694946289,55.66759295978178,55.15756604091452,55.26330222943693,3698000
2010-04-16,55.89152908325195,55.972385362139136,55.50589697433904,55.605416774845054,8303900
2010-04-19,55.75468063354492,55.997254167293036,55.680040798020755,55.89773913195848,3211500
2010-04-20,55.95374298095703,55.97240176267782,55.754708066990815,55.88532428440302,2285000
2010-04-21,56.41401672363281,56.49487778074314,56.140346651766045,56.146563082799766,4162200
2010-04-22,56.24606704711914,56.65657441172861,56.183869536768114,56.53840056567142,2841400
2010-04-23,56.047000885009766,56.202496946782546,55.8977259944096,56.10919836064624,4776000
2010-04-26,56.10920333862305,56.38287795013962,55.941269664969276,56.29580052745047,4753900
2010-04-27,56.899169921875,57.172839998992465,56.41401780600639,56.5073164723414,13199200
2010-04-28,56.41401672363281,56.81830777308284,56.27718406038303,56.68147036446586,8379500
2010-04-29,56.650367736816406,56.737445215374485,56.302053077217394,56.51353034326322,4067200
2010-04-30,57.30342483520508,57.328304782286324,56.66900279340968,56.774739009481465,6924800
2010-05-03,57.22853469848633,57.43450137006621,56.972629930477105,57.06001088494248,4211800
2010-05-04,58.25838088989258,58.3395237469484,57.771542795176664,57.92758089024739,11054800
2010-05-05,58.60165023803711,59.20083578434466,58.26460747538221,58.70775497019603,12219100
2010-05-06,60.41172790527344,62.415257086315414,58.5330273336416,58.77020835818957,19578200
2010-05-07,59.65650177001953,61.22312123927284,59.46301124175372,59.84374467755626,18740600
2010-05-10,58.42068862915039,58.632903011941586,58.102369435917076,58.14606469400059,10240100
2010-05-11,58.27086639404297,58.682804487353785,58.03992829988533,58.65784258270867,7729100
2010-05-12,57.827728271484375,58.20846166554694,57.802761600835375,58.13356165359995,5530800
2010-05-13,58.208431243896484,58.38943594007355,57.54682672223822,58.208431243896484,6849700
2010-05-14,59.219566345214844,59.60654247135619,58.726485474808655,58.745214043123596,9796500
2010-05-17,59.001094818115234,59.7375944562209,58.963647217468264,59.11968523603385,6302200
2010-05-18,59.90617752075195,60.02476329422884,59.150948572356704,59.23209147000141,9904100
2010-05-19,60.10586166381836,60.51155680386336,59.87492362439442,59.881166480028476,14121200
2010-05-20,61.3729248046875,61.522720091701935,60.873600832097615,61.11078186193565,17666900
2010-05-21,61.435333251953125,62.2592143948219,61.07956650303038,62.171833422237775,18670600
2010-05-24,61.22312927246094,61.709972324510424,61.10454351069965,61.62882943488218,7721100
2010-05-25,61.522708892822266,62.34658996429141,61.416604115580554,62.19679470454396,12952700
2010-05-26,61.34796905517578,61.41662623268153,60.79247353674352,61.3042785569364,12644800
2010-05-27,59.95613098144531,60.536593416663386,59.84378325972862,60.436731420642495,7653200
2010-05-28,60.230709075927734,60.40547099320696,59.931113816373994,60.22446621833773,5805500
2010-06-01,60.654083251953125,60.929642829987074,60.27832323157368,60.8920682613635,5536200
2010-06-02,60.077903747558594,60.86700295345204,60.00901386889863,60.74174645677629,5656400
2010-06-03,59.63950729370117,60.06536975018189,59.55808939090375,59.6269792572496,8499500
2010-06-04,61.24276351928711,61.342963939614776,60.56012874498954,60.710436542551314,7479600
2010-06-07,61.7125129699707,61.74382353545039,60.95472848143408,61.07371627513779,5288200
2010-06-08,61.40560531616211,61.693688144798166,61.22398694588223,61.330451404238396,5510800
2010-06-09,61.336692810058594,61.449421247357634,60.87951504266641,61.12375919380668,5598000
2010-06-10,60.240726470947266,60.92962038420351,60.17809584224987,60.87325377398508,6075100
2010-06-11,61.004798889160156,61.255302392851256,60.50378232568185,60.80438844133039,6266700
2010-06-14,60.69163513183594,60.77304825302509,60.259508676037676,60.32213452141746,5310400
2010-06-15,60.441123962402344,60.90456092878924,60.153041265564795,60.81688379401457,4920100
2010-06-16,60.78561782836914,60.88582307976788,60.366019088748004,60.86703578964296,4011100
2010-06-17,61.28032684326172,61.51831175674074,60.791838535872536,60.84194112587296,5650900
2010-06-18,61.18013381958008,61.443165281734714,61.104979925515956,61.30538553164042,4171700
2010-06-21,61.004798889160156,61.092476071061654,60.3785305738363,60.409841122773656,5740900
2010-06-22,61.73124313354492,61.75003041105551,61.0110339013468,61.17386493651548,5658900
2010-06-23,62.15083694458008,62.35750653783669,61.73123851806208,61.75628981221856,9137800
2010-06-24,61.7813720703125,62.37006105487196,61.59348965899782,62.21975799264914,6184600
2010-06-25,62.031837463378906,62.207191711053305,61.47445941410888,61.57465979361787,5148300
2010-06-28,62.614288330078125,62.62681159005567,62.263574936102174,62.376303388086136,5436000
2010-06-29,63.29692840576172,63.334502969750005,62.727026813734426,62.82722724371895,7334200
2010-06-30,63.72276306152344,63.74781435255432,63.127810428186756,63.50983425482869,7205700
2010-07-01,63.823280334472656,64.48915641011259,63.685079549101204,63.804435644221556,12893400
2010-07-02,63.314449310302734,63.72276847180737,62.91869646969514,63.51546731083079,6297600
2010-07-06,63.835872650146484,63.91753460536954,63.283069283561105,63.339608169984395,6620400
2010-07-07,63.088340759277344,63.76677870940358,63.03180186710848,63.73536768123755,5727800
2010-07-08,62.68626022338867,62.918689206681734,62.535497938557654,62.705104909911725,6260600
2010-07-09,62.328243255615234,62.59207864887134,62.30311539064081,62.44131625167502,4286000
2010-07-12,62.303077697753906,62.717675237377996,62.21513261987464,62.39730593623806,4062100
2010-07-13,61.769134521484375,62.120914892524254,61.67490626705638,62.09578703850025,5842500
2010-07-14,62.3910026550293,62.497792387637105,61.80679351600708,62.014094615289814,5417300
2010-07-15,63.01293182373047,63.18882200835793,62.62974043894288,62.65486829283939,6996100
2010-07-16,63.320770263671875,63.528066755725916,62.9878296582456,63.01295752239004,7512400
2010-07-19,62.93128204345703,63.289345643480935,62.805647542365804,63.169989512589964,4305800
2010-07-20,63.025455474853516,63.383518763313496,62.93122728470197,63.23903489939516,5076600
2010-07-21,64.09339141845703,64.25043687612948,63.07573992003365,63.100862975731864,7894200
2010-07-22,63.35218811035156,63.77306912844603,63.33334340695194,63.766790755746776,5759700
2010-07-23,62.680030822753906,63.427569313624005,62.62349671469687,63.32077946997134,6259100
2010-07-26,62.573238372802734,62.698872913908154,62.19004679198553,62.585799909853066,4856400
2010-07-27,61.970191955566406,62.30312784589812,61.91993621557075,62.051853938570986,5328000
2010-07-28,62.1711540222168,62.30935478617261,61.73142388302583,61.869624646981656,5507200
2010-07-29,62.152313232421875,62.20256413757325,61.51156506710882,61.62463799083188,6305500
2010-07-30,63.119728088378906,63.201390021239625,62.72397036973894,62.94383310640103,7683200
2010-08-02,62.233619689941406,62.59914488865864,62.233619689941406,62.5424231400955,5769200
2010-08-03,62.592838287353516,62.807113492817976,62.347055274834005,62.517210895751354,4363500
2010-08-04,62.113914489746094,62.712620907784654,62.1139144897461,62.70631741904761,3820400
2010-08-05,62.40381622314453,62.70001770563029,62.29037745981282,62.605484601494965,3704200
2010-08-06,63.08445739746094,63.15378136272765,62.70002624758338,62.88909248161151,6042400
2010-08-09,62.851253509521484,63.008807032518405,62.775626087548254,62.85755218857196,2578500
2010-08-10,62.983585357666016,63.657914109570434,62.687384024073715,63.059207956437845,11251000
2010-08-11,63.82810974121094,63.89743370560414,63.21680104146396,63.21680104146396,6778300
2010-08-12,63.67056655883789,64.24406402926441,63.56973474479052,64.01718643746435,7590100
2010-08-13,64.46463012695312,64.56546192848239,63.954158012854684,64.0423876422506,7843600
2010-08-16,66.07795715332031,66.10316629801059,65.5863908522417,65.67462045458132,7976200
2010-08-17,65.69982147216797,66.08425246687311,65.54226794345773,66.0779489794421,6756800
2010-08-18,65.87632751464844,66.58216955628976,65.85111835514458,66.1725291286243,7721600
2010-08-19,66.90353393554688,67.18712836903462,65.94560577129735,66.040138851844,13128500
2010-08-20,66.8279037475586,67.32577346358586,66.70185804265498,67.06108469551627,7040300
2010-08-23,66.84050750732422,66.92243841950264,66.33003561271391,66.5821222203784,6360100
2010-08-24,67.91183471679688,68.14501072595,67.22489923239199,67.45808004969444,9812100
2010-08-25,67.69132995605469,68.90763911325439,67.47705456315676,68.5673275737384,13299800
2010-08-26,68.32781219482422,68.37192698990282,67.61567198622639,67.78582767920037,7039900
2010-08-27,66.39305877685547,68.27109903217375,66.29852569409759,67.9181758437545,13514000
2010-08-30,67.66609954833984,67.68500520480167,66.6892656271559,66.93504877746493,5535300
2010-08-31,68.41605377197266,68.47277555167008,67.8236556782894,68.20178324637833,8397000
2010-09-01,67.0014419555664,67.66513741335432,66.42623858248929,67.64617069023892,12480700
2010-09-02,66.29350280761719,66.55898389362618,65.99010274140277,66.4957711259125,8167600
2010-09-03,65.47180938720703,65.69936191591484,64.91556772927305,64.92821221556711,9210700
2010-09-07,66.81182098388672,66.86238927309326,66.24926202822208,66.42624621798747,6018400
2010-09-08,66.28084564208984,66.50207580328724,65.96480117682047,66.42622339553849,6698400
2010-09-09,64.97238159179688,65.63607166518729,64.877567346326,65.5475796554019,8588900
2010-09-10,64.67536926269531,64.91556143193806,64.37828655556518,64.63112320987538,6910300
2010-09-13,64.99140930175781,65.13679193505499,64.32771373370265,64.3466804599692,7054800
2010-09-14,65.61720275878906,65.62352500343303,65.0862499477277,65.12417377067216,5978100
2010-09-15,64.64376831054688,65.26954016765981,64.56159844052831,64.94717328573422,7919100
2010-09-16,64.00533294677734,64.35930124058554,63.746174144198974,64.17599485344734,17116200
2010-09-17,64.26451110839844,64.57423830448131,64.04328084152363,64.36564770037444,9203600
2010-09-20,64.63737487792969,64.7574684201976,64.27708460622037,64.56784475334958,5277800
2010-09-21,65.53495025634766,65.74985807873787,64.63738554674097,64.89653938094409,12664000
2010-09-22,66.122802734375,66.41356297281409,65.64241394708445,66.08487895358644,8229400
2010-09-23,66.31240844726562,66.660054237169,65.88890547699935,66.62845270487924,7412200
2010-09-24,65.42123413085938,65.80680894003596,65.42123413085938,65.71199459274601,8942500
2010-09-27,66.55899047851562,66.65379999455175,66.04067756020198,66.07227912472817,7061600
2010-09-28,67.01409149169922,67.20372017114515,66.5842706644184,66.6095548098417,8262900
2010-09-29,66.7359390258789,67.17207703406223,66.5905564748478,67.1088691163137,5507100
2010-09-30,66.69172668457031,66.74229015083374,65.756232633064,66.62219649319347,10618400
2010-10-01,66.36939239501953,66.70564798001907,65.96969318198134,66.12830467229725,9368400
2010-10-04,66.54069519042969,66.57241942682118,66.24250963436836,66.3757427144227,4422700
2010-10-05,66.14105987548828,66.49634843235233,65.93803715150261,66.44559638168857,8491800
2010-10-06,66.9721450805664,67.31474663887225,66.52803463856296,66.55341306959755,6476100
2010-10-07,66.41381072998047,66.85792101558029,66.40746491434645,66.72468792990034,5780700
2010-10-08,66.12202453613281,66.90873695421551,66.12202453613281,66.53441578866862,6128700
2010-10-11,66.13470458984375,66.25525097886204,65.94437353609383,66.05222828392974,1474200
2010-10-12,65.48115539550781,66.46454839614717,65.4621227945366,66.24249331742018,6122400
2010-10-13,65.37969207763672,65.42410312428984,64.73889996983506,64.93557677066445,8168400
2010-10-14,64.40263366699219,65.76034811718156,64.37725523871086,65.53194710308986,10945000
2010-10-15,63.615936279296875,64.11080852078494,63.37484839788607,63.82530474602932,12694700
2010-10-18,64.12981414794922,64.36455611145394,63.93947837821701,64.20594458349034,5592200
2010-10-19,64.51686096191406,64.77063566921595,63.793592397130666,63.812625016134085,8017500
2010-10-20,64.65643310546875,64.89117516889857,64.21231773385566,64.31383147837582,5515800
2010-10-21,63.888755798339844,64.65644026506675,63.882414818936496,64.5168612711164,6836100
2010-10-22,64.32017517089844,64.37727786471078,63.704766220435936,63.72379883822606,4770700
2010-10-25,64.50416564941406,64.89752416804178,64.42803517773528,64.7896694395355,5632300
2010-10-26,63.508060455322266,64.11712819581284,63.476341051183034,63.99024089837568,8432000
2010-10-27,62.94976043701172,63.55248246454642,62.94976043701172,63.241605143850485,9245200
2010-10-28,63.121070861816406,63.33678515443999,62.91170722894648,63.17817355473866,8052600
2010-10-29,63.71107482910156,63.73645325340812,63.203520864288926,63.33040814538221,6753800
2010-11-01,63.436798095703125,64.16237161269838,63.32223360060556,64.15601042554212,5921000
2010-11-02,64.27054595947266,64.3405529777219,63.914120548741344,63.93957985349829,6537400
2010-11-03,62.959415435791016,65.09158233374461,62.64754746532232,64.74789387576355,25541800
2010-11-04,63.449466705322266,63.564031085806775,63.06122101900607,63.11850078131672,13246500
2010-11-05,62.36111831665039,62.88302172792366,62.36111831665039,62.59660829918752,12435000
2010-11-08,62.64116668701172,62.95940062245379,62.25928693565412,62.749365059654544,6795200
2010-11-09,61.260066986083984,62.704847728031346,61.22188044625588,62.685754458117295,15061700
2010-11-10,61.34281921386719,61.571948213524784,60.4644946190919,61.32372593987377,18540400
2010-11-11,61.31096267700195,61.50190016059138,61.1900322049562,61.387335728091564,3368100
2010-11-12,60.98000717163086,61.57192269949167,60.98000717163086,61.234595383073426,11739500
2010-11-15,59.70705795288086,60.92271409094385,59.70705795288086,60.67449197426825,14978700
2010-11-16,61.190086364746094,61.26009829412324,59.82167800310602,60.40723276297576,19901300
2010-11-17,60.8526611328125,61.584599765903036,60.68081217986209,60.97359151778783,9915600
2010-11-18,61.10093688964844,61.10093688964844,60.3371771208743,60.89726729425092,12424800
2010-11-19,61.47641372680664,61.47641372680664,60.96724247274931,61.15817987207208,8359500
2010-11-22,61.73736572265625,62.13197743724167,61.25364892023913,61.97286051527607,10413500
2010-11-23,62.042869567871094,62.34200528883042,61.89011383341111,62.16379512115665,9566900
2010-11-24,60.935462951660156,61.7310481865581,60.83363056664402,61.61648371849812,11467600
2010-11-26,61.78196334838867,61.81378869834975,61.45100204578009,61.5592004662611,4848900
2010-11-29,62.310203552246094,62.34202403126124,61.794661291211675,62.09380195796717,8950000
2010-11-30,62.63478469848633,63.182142418229944,62.44384245830253,63.14395591253834,11947600
2010-12-01,61.24256134033203,62.02174582327882,61.24256134033203,61.72795583134402,15441200
2010-12-02,61.08283615112305,61.657644244931674,61.01258155784086,61.28721182084386,9318700
2010-12-03,60.60384750366211,61.52354071606828,60.57829992857286,61.49160502903129,10194800
2010-12-06,61.45965576171875,61.472427109077984,60.87207145648888,61.00619253091193,7001800
2010-12-07,60.14394760131836,60.622953246195436,59.49889017455936,60.49522035664051,18533100
2010-12-08,59.56277847290039,59.90766324847368,58.828301906736854,59.85656812482597,19275900
2010-12-09,59.85659408569336,60.207862249549464,59.22430749259133,59.77995136698048,17477100
2010-12-10,59.49253845214844,59.94599682189678,59.4861503419547,59.58195250405936,7078500
2010-12-13,59.7160530090332,60.05454964217989,59.11569754786063,59.42865149443285,12399900
2010-12-14,58.84743118286133,59.40946263667788,58.40036126195005,59.01348781321266,23516400
2010-12-15,58.0810661315918,58.91134013720003,57.780888308315674,58.809154741252954,26084000
2010-12-16,58.48343276977539,58.48982088011435,57.84475817149339,58.13854790197905,17939000
2010-12-17,59.55001449584961,59.888511232368465,58.66864535891181,58.681416706099235,16849700
2010-12-20,59.48615646362305,60.18231436537091,59.16681913887837,59.87574838962763,13703500
2010-12-21,59.90131759643555,59.90131759643555,59.07103830312563,59.47978983662209,8985100
2010-12-22,59.473365783691406,59.747995988615415,59.35201608046706,59.69690086381576,6440900
2010-12-23,59.3520393371582,59.543643693886104,59.09656848575473,59.511708010197715,7091800
2010-12-27,59.88212203979492,59.95875986069814,58.949657861441445,59.2434475445364,5285900
2010-12-28,58.709346771240234,59.64500436282324,58.51708628569572,59.55528410673906,13972100
2010-12-29,59.70270538330078,59.9334112016484,58.61964705472566,58.805497618701736,13115400
2010-12-30,59.65781021118164,59.77957549246849,59.22202897160027,59.52322984788977,7029900
2010-12-31,60.31793212890625,60.689628366369085,59.88214578107045,59.92700592469815,8516000
2011-01-03,59.86288070678711,60.439652199666675,59.56808008632934,59.72829547643715,13799400
2011-01-04,59.933387756347656,60.09360319130189,59.54246659329543,59.862897463203886,10466900
2011-01-05,58.613224029541016,59.40148625388731,58.440193481917035,59.27331095065855,17568000
2011-01-06,58.86956787109375,59.036193315288706,58.4209665475547,58.66449228184908,9317500
2011-01-07,59.18359375,59.36303429443104,58.33765626240499,58.64527211670687,12694600
2011-01-10,59.50400161743164,59.5937218548574,59.07462549698173,59.33097112793516,8295200
2011-01-11,59.1707649230957,59.34379543950509,58.76061380553041,59.27330025779352,9495400
2011-01-12,58.709346771240234,59.06822779557694,58.606806541779896,58.79265704063633,9522900
2011-01-13,59.234840393066406,59.45273099939209,58.6067938471293,58.71574403967834,14502400
2011-01-14,58.85675811767578,59.53607509764792,58.80549287850258,59.45916990480525,8960700
2011-01-18,58.58119201660156,58.77344766409641,58.14540570380261,58.504286823970496,10663600
2011-01-19,59.00414276123047,59.00414276123047,58.54913149285395,58.581176536996395,8886900
2011-01-20,58.19024658203125,58.70934301464421,57.92749092789233,58.63884783374777,14203400
2011-01-21,58.65165710449219,58.65165710449219,58.004390346786835,58.11974564142314,9085600
2011-01-24,58.67732238769531,58.89521800732679,58.561967033628996,58.87599292988057,7700200
2011-01-25,59.234840393066406,59.536046140128775,58.523483595778806,58.920819564790946,13438100
2011-01-26,58.337642669677734,59.125904751206136,58.24792241836712,59.10026969520496,13322900
2011-01-27,58.60040283203125,58.73498321934413,58.10693652249664,58.36328221283005,10868700
2011-01-28,58.90802001953125,59.138730676451154,58.17102791489201,58.19666297559288,11993200
2011-01-31,58.45939636230469,58.946452550898684,58.3504510629597,58.74137703297269,8647600
2011-02-01,58.169979095458984,58.42079454165599,57.97061422966069,58.234294774256085,11508400
2011-02-02,58.1828727722168,58.52372444823295,57.81629579336548,58.459413644444965,13624600
2011-02-03,57.70056915283203,58.247218674327,57.69413659659719,57.85491615624881,12785800
2011-02-04,57.11528015136719,57.655501559301555,57.08955485512283,57.559032925034856,17172200
2011-02-07,57.41114807128906,57.43044573497508,56.96096738397855,57.044570966878645,8554800
2011-02-08,56.883766174316406,57.58476711205989,56.82588792877943,57.436847862466536,10454200
2011-02-09,57.37897872924805,57.66195216996582,56.68441023290447,57.038127033801686,13078600
2011-02-10,56.71657943725586,57.32753959020434,56.71014688324346,57.17319264011439,10486800
2011-02-11,57.53331756591797,57.578335615471445,57.07027196673965,57.25677671677533,11333400
2011-02-14,57.57188034057617,57.8355608886025,57.436826245220296,57.436826245220296,8033500
2011-02-15,57.82908248901367,57.86124030333404,57.4753710644575,57.59755996436903,7298000
2011-02-16,57.64262771606445,58.08638042243464,57.45612302652623,57.79697947012232,8446300
2011-02-17,57.73271560668945,57.996396409935755,57.66197712249887,57.89349514819996,6732500
2011-02-18,57.55261993408203,57.59121034486313,57.28894414451235,57.50760187700427,6080700
2011-02-22,58.414424896240234,58.485168287877215,57.69413077530111,57.822757354005745,11905700
2011-02-23,58.62662887573242,58.87744445888476,58.356515634445216,58.58803846606278,14522600
2011-02-24,58.99964904785156,59.19258642717524,58.806716575129265,58.92890566920631,12110900
2011-02-25,59.3469352722168,59.346935272216804,58.93534009607723,58.99965092236125,6841700
2011-02-28,59.424072265625,59.50124324395312,59.21827481241947,59.35976148148546,9682500
2011-03-01,59.59635543823242,59.61571040045533,59.01568195943667,59.047938589000935,8048700
2011-03-02,58.68022155761719,59.35122195553912,58.67377318053999,59.25444215270346,8526400
2011-03-03,58.10593795776367,58.57047656973145,58.054326384982744,58.40917871404374,10607600
2011-03-04,58.58988571166992,58.61569398313912,58.06728175108597,58.13179996854673,9316200
2011-03-07,58.215660095214844,58.62212916981763,57.9704840532189,58.08016548125764,7522300
2011-03-08,57.86082458496094,58.28664878819168,57.84146961059929,58.13825736980249,8498700
2011-03-09,58.422122955322266,58.59632258588146,57.97048571483973,58.12533037782825,8904800
2011-03-10,59.4028205871582,59.42217555740163,58.48019593363912,58.62859224287837,13385800
2011-03-11,59.06732177734375,59.409272704648785,58.92537876847969,59.383464437362264,8407600
2011-03-14,59.04148864746094,59.30601466151349,58.91890066007813,59.02213368575241,6765200
2011-03-15,59.925384521484375,60.03507081710947,59.58988710861716,59.87377294271898,14893800
2011-03-16,60.60284423828125,61.2544891008751,60.05443238943024,60.241538535023366,24294200
2011-03-17,60.138309478759766,60.396387107678976,59.84797522273901,60.15766443950498,10528500
2011-03-18,60.29962158203125,60.31252817384844,59.80282609036456,59.84153602097112,7260900
2011-03-21,59.94472885131836,60.11892834460697,59.725361239393564,60.08666680912946,10542900
2011-03-22,60.14479064941406,60.18995388622585,59.8350963666878,59.88025960349959,6904700
2011-03-23,60.067378997802734,60.57062801028121,59.957697530452236,60.55127303632815,8358000
2011-03-24,59.615684509277344,59.92537361518883,59.60923121719848,59.84795379992076,9477600
2011-03-25,59.467323303222656,59.977025384016834,59.370543554794466,59.91250719253886,6447200
2011-03-28,59.55118179321289,59.78989951539843,59.357622360027065,59.43504711778557,3996800
2011-03-29,59.09311294555664,59.68023982988923,59.08021127578371,59.34474226914393,6487200
2011-03-30,59.56414031982422,59.56414031982422,59.07379289742994,59.177026006323715,5048300
2011-03-31,59.441497802734375,59.82216339017076,59.10600035089749,59.78990184257713,9654300
2011-04-01,59.73044204711914,59.782270758474304,59.23155177318196,59.28338542766649,7860400
2011-04-04,59.79526138305664,59.9831547666655,59.69159402252824,59.73694725697646,4469100
2011-04-05,59.55553436279297,59.85357060983262,59.393557819197596,59.71103540369943,9951600
2011-04-06,58.66145706176758,59.47134021380799,58.66145706176757,59.45837931522004,9090900
2011-04-07,58.5447998046875,58.80396325196472,58.39577921598533,58.654942663262545,9265100
2011-04-08,58.23381805419922,58.51889841578413,58.21438165556987,58.26621534733675,7605700
2011-04-11,58.28564453125,58.45410153707394,58.08479517943104,58.20141849990418,5734000
2011-04-12,58.914127349853516,59.114976745914674,58.674400209649285,58.70679750591294,7686500
2011-04-13,59.28343200683594,59.28343200683594,58.5966528462643,58.661442493710695,7959300
2011-04-14,59.23806381225586,59.45834954661736,59.10200410400928,59.309333889403874,7609600
2011-04-15,60.041481018066406,60.067397865566086,59.65273819183764,59.77584198167782,10222900
2011-04-18,60.177513122558594,60.32005324677628,59.25100725827454,59.600877124136794,12036700
2011-04-19,60.43669509887695,60.436695098876946,60.09978601889507,60.16457565622245,5295100
2011-04-20,60.04792022705078,60.42370684302007,60.00256701085654,60.30060313772293,6754100
2011-04-21,59.99612045288086,60.404304572297285,59.970203608542306,60.1840138669859,3365600
2011-04-25,60.2228889465332,60.235849840760466,59.93133308714615,60.01555912709217,3626900
2011-04-26,60.80598068237305,60.81894157128728,60.371884823230886,60.430193993952614,7506300
2011-04-27,60.18403625488281,60.62461288626334,60.09332973752222,60.540386818181204,8869300
2011-04-28,60.64402389526367,60.64402389526368,60.23584473807284,60.39782130026272,8110200
2011-04-29,60.83192825317383,60.851364653234896,60.48205822267483,60.55980876605236,5900000
2011-05-02,60.92951965332031,60.955547382759235,60.62370003776528,60.721302782090774,5285100
2011-05-03,61.27435302734375,61.27435302734375,60.89045534659948,61.13771122753919,6486600
2011-05-04,61.54767608642578,61.63226746740454,61.33945916785818,61.365486903214496,7406300
2011-05-05,62.1332893371582,62.22438393113298,61.69082775315943,61.76240278618005,9600000
2011-05-06,61.859954833984375,62.133238391833466,61.39146589808367,61.495576756852266,9451500
2011-05-09,61.7949104309082,61.9445636392907,61.71031908642343,61.749363154755166,3731200
2011-05-10,61.35249710083008,61.7429033399497,61.35249710083008,61.61927279458603,5458300
2011-05-11,61.703834533691406,61.87300734524586,61.28089257624071,61.371987156087656,6078700
2011-05-12,61.31338119506836,61.88597596453951,61.10516446396263,61.78186511684742,8015800
2011-05-13,61.866493225097656,62.133268743522024,61.50861817860976,61.586701360829316,8380000
2011-05-16,62.211368560791016,62.32849088329766,61.6582928572863,61.83397385890488,6053600
2011-05-17,62.84907150268555,62.85557968157531,62.452161947557364,62.48469291343425,9826900
2011-05-18,62.016204833984375,62.71893924266579,61.996685261124235,62.640855986939165,7707600
2011-05-19,61.990142822265625,62.02267873524176,61.46309478917883,61.46309478917883,8052400
2011-05-20,62.022666931152344,62.08123057050695,61.63226087115701,61.82746141901348,5602300
2011-05-23,62.321964263916016,62.58874473900178,62.19833380333663,62.2894333287981,6300000
2011-05-24,62.556209564208984,62.556209564208984,62.11374813437376,62.230870423573705,5549100
2011-05-25,62.263427734375,62.64732566948366,62.165824965764706,62.562739250972356,5664500
2011-05-26,62.796939849853516,62.822967567506694,62.39351767264853,62.44557310795489,8307900
2011-05-27,62.770957946777344,62.79698568342736,62.38705503654352,62.54972466739376,5390600
2011-05-31,62.91411590576172,62.959663209540174,62.52370477133629,62.58226842721362,7003900
2011-06-01,63.764400482177734,63.816646168644006,63.27460838200794,63.294199268827064,12746400
2011-06-02,62.549678802490234,63.28763498714249,62.549678802490234,63.013347786096716,15738700
2011-06-03,62.90884017944336,63.08516297965922,62.41251658331171,63.072104061369195,10644100
2011-06-06,62.43212127685547,62.68681259046487,62.17742996324606,62.34722583312546,8776900
2011-06-07,62.71950912475586,62.732568054632075,62.1186987019959,62.19053527237185,7399200
2011-06-08,63.20925521850586,63.24190501065407,62.80435893299925,62.86313653073655,7401800
2011-06-09,62.95454406738281,63.561885812902915,62.647607219954075,63.41168087264848,9963000
2011-06-10,63.437843322753906,63.60110728127086,63.215806730732744,63.287643271073854,7710800
2011-06-13,63.117897033691406,63.535852697837356,63.11136507513223,63.17666971345044,5540000
2011-06-14,62.16434097290039,62.62800967807532,62.12515426347109,62.52351842948646,8672400
2011-06-15,63.29415512084961,63.30721902456549,62.28192180932338,62.2884487787619,12979100
2011-06-16,63.581520080566406,63.69253838299754,63.21581038671282,63.41172415881114,10961200
2011-06-17,63.281105041503906,63.44436898382852,63.11130914640867,63.254982212841554,9622900
2011-06-20,63.359466552734375,63.581508098172215,63.078652381469425,63.56191722289651,6613800
2011-06-21,63.07870101928711,63.366047364680156,62.869723217844104,63.150537605635364,7894900
2011-06-22,63.117897033691406,63.385647545523405,62.96116490524281,63.3203429072052,5503700
2011-06-23,63.6010856628418,63.82965413058948,63.44435371101752,63.50312632454453,8586800
2011-06-24,63.333343505859375,63.797012451510504,63.333343505859375,63.5815028763373,7960900
2011-06-27,62.464820861816406,63.26155015075217,62.399516244223285,63.24848623777978,9331300
2011-06-28,61.961978912353516,62.484425936571256,61.85749249696441,62.35381667172886,12634300
2011-06-29,61.550498962402344,62.170899876747875,61.40029396099874,62.00763595377068,11084900
2011-06-30,61.452552795410156,61.58969392224123,60.82561979457354,61.5374532423203,11555600
2011-07-01,61.35426712036133,61.74744169932994,61.17734255936341,61.68190926988687,6637200
2011-07-05,61.491859436035156,61.70810439554882,61.39357081754812,61.62291925971969,4615600
2011-07-06,61.80640411376953,61.89158925800646,61.491865505302684,61.7212189695326,5652700
2011-07-07,61.6229133605957,61.68844076645453,61.30182557229305,61.48530430846599,6823700
2011-07-08,62.49446487426758,62.65173170487781,62.140610755827744,62.14715999917897,12129300
2011-07-11,63.43153381347656,63.431533813476555,62.74348317316596,62.93351625477007,9760800
2011-07-12,63.64773941040039,63.76569074203411,63.2742276934637,63.75914150096938,9083900
2011-07-13,63.82469940185547,63.8443571332831,62.97938195450641,63.37255158132798,13112200
2011-07-14,62.91386795043945,64.15235528906103,62.91386795043945,63.313591906229924,11471500
2011-07-15,63.01869583129883,63.0383535622317,62.40928117526514,62.44204739310188,7086200
2011-07-18,62.409305572509766,63.018720466777864,62.38309358787809,62.94663875889697,8206500
2011-07-19,63.70674133300781,63.73950254881053,62.363406499533234,62.46170014578644,15249400
2011-07-20,62.95317840576172,63.45774524449159,62.82212351242048,63.379114308256334,9673300
2011-07-21,62.46826171875,62.81556164343069,62.18648923278627,62.40928352430856,11099200
2011-07-22,62.94005584716797,62.966262818357286,62.599305228640446,62.70415311108651,4974500
2011-07-25,62.25200271606445,62.94005316690554,62.14060559527593,62.23234498879848,10869400
2011-07-26,62.67795181274414,62.822115175943296,62.40928281779606,62.44860328011959,7682800
2011-07-27,62.68447494506836,62.80242127523116,62.317512475575334,62.474779248546305,11224200
2011-07-28,62.92036437988281,63.11039733044945,62.717227949706725,62.97934253667518,7081600
2011-07-29,64.16543579101562,64.5651596035964,63.418412108355035,63.49049377943828,19582400
2011-08-01,64.81304168701172,65.04973000241723,64.0043557733644,64.03065503241731,14348200
2011-08-02,66.75914001464844,66.77886320441888,65.01685302124613,65.23381814086237,20850600
2011-08-03,66.8906478881836,67.9951919340369,66.64081239564807,66.77887977437075,21179700
2011-08-04,69.27064514160156,69.3955653353985,67.23907180196625,67.31139349142032,34076600
2011-08-05,67.27195739746094,69.36270061180556,67.2456581412721,68.00832152253741,41677700
2011-08-08,69.39561462402344,69.55340523305424,67.68619713124323,67.83741668461613,38259500
2011-08-09,69.60600280761719,71.90713630630812,67.71907153290437,69.0405810323673,39881400
2011-08-10,71.67695617675781,71.70983149009399,70.30943042156612,70.76307864598019,46221000
2011-08-11,68.06088256835938,70.88141249492615,67.85049363522951,70.57240265212683,37790100
2011-08-12,69.40869903564453,69.46787359560824,68.42249984217639,68.66576411568319,15590800
2011-08-15,68.70519256591797,69.34951141140475,68.68546938976166,68.99447919238965,10051700
2011-08-16,69.84257507324219,70.11213336929536,68.79062606758359,68.81035424969299,15993200
2011-08-17,71.06549072265625,71.07206678652503,69.5401699494581,69.90177822123512,15906600
2011-08-18,72.52505493164062,73.72821861815731,71.84786592156608,72.38041164481572,27274600
2011-08-19,73.11027526855469,73.24834765237158,72.47253695546542,72.74867169095621,15708400
2011-08-22,72.9261245727539,73.14966561208662,72.57766840938883,72.62369082688862,13157700
2011-08-23,71.9202651977539,73.09055484921197,71.893965933937,72.16352962600652,16017800
2011-08-24,69.8755111694336,71.93338371047047,69.79004236403715,71.85448595590266,14621600
2011-08-25,70.63159942626953,70.94060936628868,69.92811073953057,70.14507580585075,10565900
2011-08-26,71.3284912109375,71.84131393348451,70.56583319219442,71.45998743214696,11504800
2011-08-29,70.34233856201172,70.61190223139776,70.08592703146324,70.15167267743723,6764300
2011-08-30,71.47317504882812,71.76246188335476,71.17074109276427,71.28908525088237,9508700
2011-08-31,70.36858367919922,71.63749323282534,70.36858367919922,71.53887233171159,12186000
2011-09-01,71.86033630371094,71.86693221878137,69.95452437628848,70.8711603539259,10686600
2011-09-02,74.1947250366211,74.24088633794115,72.97474347498726,73.45613918429575,16557100
2011-09-06,74.96630859375,75.79062144993075,74.77506740737131,75.45430039587121,14016200
2011-09-07,73.53527069091797,74.10239809173441,73.40337767258612,74.04304497568404,11524300
2011-09-08,74.1947250366211,74.27385582105289,73.42316466997949,74.05624113266093,11480900
2011-09-09,74.98612976074219,75.29607235864134,73.99695382593671,74.21457373908407,11492700
2011-09-12,75.06523132324219,75.3421992508542,74.58383037469179,74.89377283086999,7602200
2011-09-13,73.9969253540039,74.90696505263207,73.93098132329874,74.78167290365437,9282400
2011-09-14,74.62342834472656,74.74872053084528,73.73976197146507,73.83868056244928,11948500
2011-09-15,73.48252868652344,74.18154421908817,73.48252868652344,73.84522827297037,8884000
2011-09-16,74.01673126220703,74.24753795762987,73.36387660052281,73.40344202510713,10053500
2011-09-19,75.42792510986328,75.9620832854647,75.25647165067892,75.30922385208592,13033500
2011-09-20,75.74443817138672,75.75103408106166,75.2102852054294,75.42130903418334,6360600
2011-09-21,78.25041198730469,78.33613875557734,75.30925783210981,75.59282179634569,18687100
2011-09-22,81.19152069091797,81.68610840339167,79.94516005798073,80.06386131022268,25041400
2011-09-23,79.6813735961914,81.34978189608476,79.6813735961914,81.19151524744194,15173800
2011-09-26,78.40203094482422,79.50990744065987,78.19760300045161,79.21315687423474,15110100
2011-09-27,77.20182800292969,77.35350374947765,76.66767499734023,76.99080415851857,13589600
2011-09-28,77.17546844482422,77.22822567675185,76.33796877060101,77.08974171634674,12642600
2011-09-29,77.70960998535156,78.35587340200408,77.21502233005415,77.55793925520227,12341800
2011-09-30,79.66156768798828,79.73410759565274,78.46795968173053,79.14719242512996,13546400
2011-10-03,81.85387420654297,81.85387420654297,80.06883895157598,80.57790291736106,15882000
2011-10-04,80.81591796875,82.66045730990147,80.77625208312848,82.22411743611461,17301400
2011-10-05,80.23411560058594,80.51178683880048,79.77133020356172,80.43245508158634,14275000
2011-10-06,78.75320434570312,80.00273007366076,78.75320434570312,79.75811203102994,9681600
2011-10-07,78.17143249511719,78.70694727029905,77.25246898514362,77.84748259979882,11564600
2011-10-10,77.0673599243164,77.29214510224435,76.55829576898427,77.23264121479868,3567600
2011-10-11,76.80950927734375,77.58963704588903,76.62439506853366,77.54335849368651,7520200
2011-10-12,75.69221496582031,76.10872702721542,75.02448221403277,75.83105063829052,14033400
2011-10-13,76.44584655761719,77.05408510957241,76.00289422315656,76.04917274998108,11263300
2011-10-14,75.33517456054688,75.77151938219873,75.11039453289517,75.28889602285491,8411000
2011-10-17,76.63760375976562,76.67066202518942,75.51369335112055,75.56658455820536,9664000
2011-10-18,76.16160583496094,77.23263026122171,75.56659730880004,76.78306501311047,12495600
2011-10-19,76.13514709472656,76.5185957092911,75.47402218439646,75.7252478344881,6629300
2011-10-20,75.59302520751953,76.47232261141184,75.41452368837525,75.67236201824095,7832100
2011-10-21,74.79312133789062,75.50052537704414,74.79312133789062,75.27574514216683,9906300
2011-10-24,74.91865539550781,75.42111161062816,74.74015393491558,75.32194189075182,6344500
2011-10-25,76.82274627685547,76.92191606572275,74.938540464317,74.95837341329346,11791200
2011-10-26,75.48062133789062,76.82931660900742,75.41450986306751,76.28719444508636,12747000
2011-10-27,72.92206573486328,74.60793090864681,72.6047236190082,74.3897585192453,19471400
2011-10-28,73.68903350830078,74.01959619497573,73.22624776455038,73.31880491330047,10127900
2011-10-31,76.61116790771484,76.61116790771484,75.0112465196259,75.11041628453702,15242100
2011-11-01,79.1756591796875,79.20217319338012,77.66439579842569,78.68516256895171,24400600
2011-11-02,78.18807983398438,78.45321506187412,77.16731249368087,77.30650735049036,13181100
2011-11-03,77.1142578125,77.78372289395183,76.88226646458068,77.1142578125,8386700
2011-11-04,77.20702362060547,77.58483937123844,76.57732733153067,76.70326760075157,7583700
2011-11-07,77.69756317138672,78.4465653217589,77.10101032474701,77.31311744165973,9279700
2011-11-08,76.70331573486328,77.90967599892177,76.55749113310353,77.38603540943582,7539400
2011-11-09,78.29405975341797,78.96351935746564,77.59808108965201,78.38685623431624,13004500
2011-11-10,77.12751770019531,77.95606184439899,76.3652560761215,77.40590731896003,11644600
2011-11-11,76.65689849853516,77.00157060714902,76.55747219855927,76.7762090470999,2483900
2011-11-14,77.88975524902344,77.94940798159239,77.02806758258113,77.14737810474959,9252600
2011-11-15,77.78377532958984,78.51952342685406,77.36619062183266,78.01576683389939,7587500
2011-11-16,78.49293518066406,78.49956494795799,77.67102103229392,78.18803162654338,7470000
2011-11-17,79.12263488769531,79.64627527105792,78.24106291100773,78.24106291100773,9907900
2011-11-18,79.10272979736328,79.2419296034001,78.4266402940399,78.99667882256135,6792600
2011-11-21,79.57343292236328,80.02416142961506,79.48063632296162,79.79216487407552,7345600
2011-11-22,80.46159362792969,80.47485316866342,79.44082644385499,79.7722441637351,7866300
2011-11-23,81.25032806396484,81.56186137121038,80.22293163245685,80.30910343226634,10129300
2011-11-25,80.07051849365234,80.77975217070711,80.03074493079514,80.73335389490101,4311900
2011-11-28,80.03074645996094,80.30251140704131,78.59902459556463,78.63216333204058,7661900
2011-11-29,79.37451934814453,80.1500353589858,78.93042095462326,79.5601124047187,8952800
2011-11-30,78.13504028320312,78.58576858720264,77.72408554460833,78.43994398046264,11806800
2011-12-01,77.74295806884766,77.90242938388738,76.94559642414733,77.27118517095809,9647200
2011-12-02,78.83267974853516,78.85925914317136,77.45058164446009,77.49045327116497,7764900
2011-12-05,78.67323303222656,78.95895527696511,77.66323599847516,77.7429742072985,7862800
2011-12-06,77.9223861694336,78.6001483344236,77.59015120567469,78.28120053863361,8506300
2011-12-07,78.2015151977539,78.56697083959612,77.64335748128578,77.96230547205418,6588300
2011-12-08,79.17823028564453,79.29118894421471,78.01540804041547,78.22139207304376,8800500
2011-12-09,77.55027770996094,79.15829357433836,77.49711890382382,79.1184270044869,9855100
2011-12-12,78.41413879394531,78.7330816879239,78.14834966929256,78.3476927801586,5734600
2011-12-13,79.14507293701172,79.49059532834413,77.84935763263144,77.9290908393582,8901800
2011-12-14,80.6401138305664,80.66004712790583,79.39755257818138,79.59689569058742,11247700
2011-12-15,80.34105682373047,80.61348684245662,79.98224247483269,80.17493935125019,5438700
2011-12-16,81.27798461914062,81.47732768231346,80.59358120882106,80.6533810860701,9321900
2011-12-19,82.30789184570312,82.40755827934815,81.23809485555178,81.27796142900978,7845100
2011-12-20,80.25469207763672,81.51054007048465,80.14173338546618,81.50389902000698,13945400
2011-12-21,79.13835144042969,80.28788641446987,79.11841815773283,80.15498941398712,11600100
2011-12-22,79.47058868408203,80.01545372839513,79.30447123069996,79.73637762339382,5247400
2011-12-23,78.58680725097656,78.87917545960269,78.23463921940422,78.77950401852559,5409700
2011-12-27,78.96013641357422,78.96013641357422,78.40685268985916,78.62016818337212,4270300
2011-12-28,80.42002868652344,80.69334190299587,78.9601475521361,79.15346554006564,8302300
2011-12-29,80.56671142578125,80.72002930858966,80.03341989272465,80.31340074479411,4305000
2011-12-30,80.8266830444336,81.1666564961209,80.58670238275369,80.73335779665192,5948800
2012-01-03,79.61346435546875,80.12675331251434,79.28015838480796,79.6067968120188,9076900
2012-01-04,78.6668472290039,79.51344184041761,78.44686414995184,79.50011184434337,8417100
2012-01-05,78.52689361572266,79.39348614193842,78.37357062189177,78.77353679444103,6465800
2012-01-06,79.14678955078125,79.30010735529936,78.4668429390502,78.49350801067126,7348500
2012-01-09,79.00682830810547,79.68677519226335,78.86017798419645,78.97350076960797,5582400
2012-01-10,78.87348175048828,79.24012015293438,78.4468507471925,78.48018336044859,8932500
2012-01-11,79.90007781982422,80.0333981239032,79.31346136169569,79.35345643575067,8634500
2012-01-12,79.78677368164062,80.12007960550298,79.48679529865764,79.96008910024081,7205400
2012-01-13,80.58002471923828,81.08665106202133,80.53336210120852,80.72668011471579,9819000
2012-01-17,80.95333099365234,81.07998376534742,80.54669742708974,80.62668758061422,5449900
2012-01-18,79.97341918945312,81.06666214456088,79.9334241085584,81.0133319794716,5804000
2012-01-19,78.87348175048828,79.70007868364353,78.60683610196773,79.54676086868805,8625700
2012-01-20,77.98023223876953,78.63350880086126,77.97356469830318,78.46685589010517,6548200
2012-01-23,77.48693084716797,77.7535765039484,77.0269723022107,77.41360316440728,7274800
2012-01-24,77.626953125,77.8002736417067,77.18032437603,77.8002736417067,5776500
2012-01-25,77.4402847290039,79.0134888445834,77.25363425526464,77.36695703062863,12867600
2012-01-26,78.46688079833984,78.46688079833984,77.72027369024873,77.7602738599011,7638500
2012-01-27,78.71347045898438,78.88012329866591,78.00019650858104,78.54681761930283,5165300
2012-01-30,79.64012145996094,80.25340316389591,79.55345866133545,79.88676459858424,8388400
2012-01-31,80.56005859375,80.60005877183275,79.45348532648151,79.50014796270645,7998300
2012-02-01,79.63725280761719,80.1183647314979,79.39001331950162,80.01813223101664,7925200
2012-02-02,79.60385131835938,79.83772888460751,79.27642986286443,79.49025684780526,5596900
2012-02-03,77.89321899414062,78.04690949682501,77.49229411927386,77.81971550564414,12467400
2012-02-06,78.6683349609375,78.71510943883249,77.73951873181873,77.97339621932939,6180600
2012-02-07,77.69274139404297,78.10034972842473,77.3586365362242,77.92661887294456,8794800
2012-02-08,77.75289916992188,78.04022961162,77.49898126020311,77.64598314601716,7613400
2012-02-09,77.17149353027344,77.53901069830063,76.5901546801628,77.41873281585833,11477700
2012-02-10,78.17388153076172,78.4010755673792,77.85982203492907,78.04692510545297,7193100
2012-02-13,78.27410888671875,78.4277994100134,77.79968045973351,77.91327492153906,6422900
2012-02-14,78.6883773803711,79.035844188658,78.3342270474915,78.4745504757248,8271200
2012-02-15,78.54804992675781,79.02915661402989,78.50795387929202,78.62155339940395,6846100
2012-02-16,77.91996765136719,78.5814941166453,77.59922461175611,78.36098359554005,9036200
2012-02-17,77.89989471435547,77.91994019138482,77.35196291739787,77.41878287350765,6338000
2012-02-21,77.03788757324219,77.45885779784844,76.81069365184251,77.35862533540843,8338300
2012-02-22,78.00675964355469,78.02012668571899,77.38532473176946,77.43878270436092,7736800
2012-02-23,78.00675964355469,78.32750238107053,77.46551169065664,77.60583504518455,5163900
2012-02-24,78.51465606689453,78.56811407753267,78.14713861630298,78.33424165353645,5676900
2012-02-27,79.20958709716797,79.41673049541072,78.92894021605792,79.18285809448568,8180700
2012-02-28,78.9489517211914,79.61047768430113,78.80862834101866,79.4300633663744,6615700
2012-02-29,78.46784973144531,79.12937577595555,78.15379041897077,79.0959683563944,14235000
2012-03-01,77.72916412353516,78.14440017609311,77.38090541887517,77.80283511849954,12265600
2012-03-02,78.45917510986328,78.68018809417447,78.05733657180471,78.09082013601129,6669600
2012-03-05,77.83631896972656,78.65339351077543,77.83631896972656,78.331919633608,6921900
2012-03-06,78.78063201904297,79.10210586681518,78.65338631879547,78.66007996483508,6299700
2012-03-07,78.29841613769531,78.7672267666556,78.23143881099872,78.66676588626336,5567500
2012-03-08,77.51483917236328,78.07071838123193,77.44786694338414,77.90328525395729,7982100
2012-03-09,77.66889953613281,77.68229194145347,76.95228577458911,77.3474256022339,6975600
2012-03-12,77.65546417236328,78.03721140862615,77.6018894675378,77.90326698208395,5280000
2012-03-13,76.28923034667969,77.29382908112854,76.27583283548113,77.20006183169886,14413600
2012-03-14,74.36712646484375,75.51236887407686,74.30684785927598,75.47888019213305,24515300
2012-03-15,74.48100280761719,74.83596046334794,74.25998970171261,74.27338722248946,14154000
2012-03-16,74.62826538085938,74.63496413411198,73.80449245894253,74.00541417930809,13427200
2012-03-19,73.7375717163086,74.66180614342497,73.46298395713784,74.58143637725892,14011400
2012-03-20,74.03225708007812,74.25327010876633,73.57013985821285,73.9585860705154,9443800
2012-03-21,74.86937713623047,74.93634934672072,74.21303721026092,74.2465258703321,10242000
2012-03-22,75.11052703857422,75.25786905740003,74.92300269085236,75.20428921243514,8009800
2012-03-23,75.82040405273438,75.94095608858291,75.4520543001686,75.47214545453457,8465300
2012-03-26,75.43194580078125,75.6864473405429,74.87607188476113,75.56589532424839,8118600
2012-03-27,75.97449493408203,76.14862179336784,75.47888895399026,75.53246880745793,6972300
2012-03-28,75.86731719970703,76.30934322129781,75.57933194281891,75.62621302604931,7886000
2012-03-29,76.43657684326172,76.47676427227283,76.06822699329575,76.36290585133771,7692900
2012-03-30,75.14399719238281,76.53034349797014,75.13730354519879,76.49016117624869,9467500
2012-04-02,75.56027221679688,76.07730530189764,75.33868660889655,75.875862908735,8944000
2012-04-03,74.25092315673828,76.17132180053538,74.24420704318833,75.88259039261082,14774300
2012-04-04,75.27153778076172,75.28497000530066,74.8082284920211,75.04995218190297,10095600
2012-04-05,75.81547546386719,75.92290770989659,75.42602268585722,75.87590514171578,6364100
2012-04-09,77.58817291259766,77.73589165211573,77.38001423242295,77.58145679442501,14374600
2012-04-10,78.4677505493164,78.75648199297922,77.74256388296877,77.85671221297879,14421300
2012-04-11,77.52767181396484,77.93055147063717,77.4538099459041,77.69553876448605,8713000
2012-04-12,77.20543670654297,77.72246510587229,77.09799930658524,77.66874640589342,9008500
2012-04-13,78.45427703857422,78.49456858076641,77.97082463829197,77.99096784794229,8607700
2012-04-16,78.34014129638672,78.96460650986562,78.27299554585088,78.36028450925824,7735000
2012-04-17,78.29316711425781,78.44760700702709,78.05815434082128,78.2461645595705,5398600
2012-04-18,78.5214614868164,78.64232591930654,78.38045383606021,78.59532336905447,4074400
2012-04-19,78.59535217285156,78.87736757771758,78.57520382430774,78.7296437591033,5374300
2012-04-20,78.60871887207031,78.64900529240687,78.1118342373165,78.26626893053444,5043300
2012-04-23,79.17945861816406,79.5084814325392,79.09216967390259,79.30703910222346,5170100
2012-04-24,78.62220764160156,79.07209522077733,78.61549664820924,78.9713739680396,4336600
2012-04-25,78.21932220458984,78.77664199035883,77.68215076625563,78.16560864678317,8859500
2012-04-26,78.68934631347656,78.87064044187588,78.28646136522043,78.84378110379915,5133000
2012-04-27,78.75651550292969,78.80351807780899,78.42078136153579,78.57521619775497,3112900
2012-04-30,78.77666473388672,79.06539632240032,78.68937569471632,78.94453181737377,4198400
2012-05-01,78.3680648803711,79.16904562666917,78.12575146359659,79.04115656357096,7214300
2012-05-02,78.91999816894531,78.96711438035132,78.61710897208984,78.89980624052588,3565700
2012-05-03,78.89981079101562,79.00077557421783,78.45556779903885,78.50941636811764,3522900
2012-05-04,79.51905059814453,79.5527072362293,79.02096419323836,79.07481276006118,6367300
2012-05-07,79.53253173828125,79.73445620265987,79.43829415923157,79.64022375889324,3228200
2012-05-08,79.95657348632812,80.44120039153653,79.86907340327546,79.88926533511201,6051600
2012-05-09,80.01039123535156,80.48155324761979,79.72096167487798,80.4007804161106,5828900
2012-05-10,79.77477264404297,79.84208587722675,79.04783799727791,79.43822701923887,6300000
2012-05-11,80.43449401855469,80.50180219151333,80.07102372223672,80.4277616606735,5234300
2012-05-14,81.55848693847656,81.64599211052433,81.17482503067956,81.35656259164027,8789400
2012-05-15,81.88833618164062,81.93545239378786,81.32293650059177,81.5046689945077,6766400
2012-05-16,82.12391662597656,82.23834097814931,81.25562774982431,81.43063302303565,6462300
2012-05-17,83.5777816772461,83.65182216312755,82.13063372858329,82.13736608237652,14863400
2012-05-18,83.59793853759766,83.75948414918552,82.86427147559958,82.97196341471235,10137700
2012-05-21,83.42300415039062,83.76627729080035,83.20761496736988,83.39607986060263,9583500
2012-05-22,82.49411010742188,82.70949922773049,82.15756428598458,82.6219991628582,12475500
2012-05-23,83.06622314453125,83.813349973062,83.03256651596008,83.16045554219389,11744900
2012-05-24,82.74991607666016,83.322043138658,82.62202697816903,82.94511333504218,10256200
2012-05-25,83.05953216552734,83.15376461012922,82.88452685328826,83.07972409861588,4723600
2012-05-29,82.80375671386719,83.33549988894511,82.79029713645906,83.05280254582517,5874100
2012-05-30,84.90376281738281,85.02491949481781,84.33836841287334,84.3518279835747,17170800
2012-05-31,85.88648986816406,86.88266772741306,85.26051445481741,85.50282784935686,31174500
2012-06-01,87.92546844482422,87.93896096568024,86.69116522683548,86.9204866224982,23526000
2012-06-04,87.2306900024414,87.80399307853749,86.96764264005131,87.21719749130664,11681200
2012-06-05,86.0638427734375,86.76530418682717,86.05709651724446,86.69111080636095,12482800
2012-06-06,84.343994140625,86.06392051978239,84.343994140625,86.03694061652351,20806700
2012-06-07,84.47212982177734,84.80937084406506,83.89882111306616,84.07418788550487,18898200
2012-06-08,84.45191192626953,85.6255094617493,84.02024374894614,85.49061508604471,11239600
2012-06-11,84.83633422851562,85.12636165705986,84.15510605525803,84.16859857522117,10693800
2012-06-12,84.0606689453125,84.73515077791967,83.97298815959324,84.2899954442607,10921700
2012-06-13,84.89025115966797,85.17353218521593,83.89201616778834,84.20902333032888,11100000
2012-06-14,84.7823486328125,85.17354925844494,84.43836666678916,84.95096905980368,7688200
2012-06-15,85.25450134277344,85.55801609724361,85.07913463229245,85.37590827373906,6421400
2012-06-18,85.71316528320312,85.88852688074843,85.16009030396222,85.76037881267898,6698400
2012-06-19,84.5935287475586,85.23428971647817,84.53282783934881,85.17358366237924,8227900
2012-06-20,85.01166534423828,85.32867253398415,83.696423076945,84.02017652384555,13720300
2012-06-21,85.46356964111328,85.82779035126947,84.91049489144352,84.9509621439431,9776600
2012-06-22,84.32371520996094,85.13309648473559,84.31697409677322,84.9172625073066,7830400
2012-06-25,85.5512924194336,85.67269938244436,85.16683789421435,85.22754394866432,6113800
2012-06-26,85.21400451660156,85.62543871220348,84.94421598810997,85.05887662730753,5359700
2012-06-27,85.34895324707031,85.51757374776093,85.00496598481244,85.36244062293427,5860700
2012-06-28,85.55804443359375,85.98297140565083,85.51757715849861,85.86156443447588,5257800
2012-06-29,84.44512939453125,84.73515680903085,84.06067492841674,84.33046870984006,8881900
2012-07-02,85.31637573242188,85.98554883417115,84.74183296195163,84.79590375342087,7818500
2012-07-03,84.6607666015625,85.16771729977545,84.63372861215484,85.13391852377357,5773100
2012-07-05,85.09336853027344,85.38402048526473,84.6607709912589,84.72836338979815,5974700
2012-07-06,85.88419342041016,85.98558457663145,85.58002510871471,85.62057950841586,5818300
2012-07-09,86.6412124633789,86.69528841936216,85.91796846921272,86.10046837444743,5647000
2012-07-10,86.81702423095703,87.01980663300269,86.33035059162401,86.42498100405312,4288000
2012-07-11,86.92514038085938,87.51319982178438,86.69531491919719,86.9183744380846,5960900
2012-07-12,87.54025268554688,87.5740514653445,87.12793232547077,87.22932866486362,6421000
2012-07-13,87.31046295166016,87.35778331996698,86.9251856286215,87.35101737367027,4175300
2012-07-16,87.7159652709961,88.28374740227721,87.6078133467706,88.0742094952998,5283500
2012-07-17,87.02650451660156,87.74975886404948,86.95215136232126,87.37122715157321,5590900
2012-07-18,87.07384490966797,87.42532325275826,87.05355739570416,87.3712472813743,4011000
2012-07-19,86.85076904296875,87.26308922244397,86.59391080574107,86.83049184675973,5246300
2012-07-20,87.91204833984375,88.07427634932347,87.47945062850752,87.60112421410305,6365900
2012-07-23,88.40543365478516,88.84479709389639,88.21617289496237,88.75692234328656,6141100
2012-07-24,89.10167694091797,89.25037301906181,88.06073219632856,88.10805255469188,6748800
2012-07-25,89.33146667480469,89.36526544771606,88.87182605387237,88.97322237260647,5328000
2012-07-26,88.5135726928711,89.07459926118261,88.47977392341882,88.90561572785757,6606200
2012-07-27,86.8440170288086,87.87819545706047,85.81659938603313,87.79708665921693,14685100
2012-07-30,87.49297332763672,87.52000617259117,86.68860953049517,86.78323995875047,6025300
2012-07-31,87.66864013671875,87.79031362329482,86.91159733645735,87.74299329131118,7448600
2012-08-01,87.23040771484375,87.88067777116778,86.80366766739073,87.06106773864073,7972000
2012-08-02,87.72489929199219,88.52418955231622,87.46750949264586,87.77908933808996,7972000
2012-08-03,86.30919647216797,86.72238642102646,85.86891150740202,86.5936863874275,9084800
2012-08-06,86.3430404663086,86.79687021809023,86.27530553091263,86.4785103371005,3673600
2012-08-07,85.23220825195312,85.4354131469815,84.96126322406872,85.32026318968076,6613600
2012-08-08,84.77833557128906,85.61148503988505,84.69705055353953,85.45569521567005,7250700
2012-08-09,84.7173843383789,84.87317935585716,83.82326966862735,84.51417434477159,7553500
2012-08-10,85.1441421508789,85.56410717291986,85.07640719063907,85.48282211992432,4670500
2012-08-13,85.00191497802734,85.60476503569903,85.00191497802734,85.42188008798233,3543700
2012-08-14,83.85042572021484,84.27039093440109,83.82333069015296,83.96557572209139,7994000
2012-08-15,82.6717529296875,83.45071244548929,82.57014794176072,83.32878749354603,11191000
2012-08-16,81.96732330322266,82.97658811162432,81.63541322992708,82.78015311962672,13240000
2012-08-17,82.3669662475586,82.71919630426777,82.17730629449032,82.23149632903728,6341100
2012-08-20,82.53630828857422,82.76661335722095,82.29923334132484,82.33310340572315,4427100
2012-08-21,82.90208435058594,82.94272429411215,81.73025452424535,82.2789144332345,9532700
2012-08-22,84.27034759521484,84.33808255161001,83.4575126149351,83.66749253011389,11384400
2012-08-23,84.62254333496094,84.76478824477186,84.43288345521303,84.49384334462736,7139100
2012-08-24,84.54129028320312,85.04931022513635,84.44646030746995,84.98835031267049,5001400
2012-08-27,85.03570556640625,85.21182046955977,84.85281562178923,84.90023057634875,3906100
2012-08-28,85.23898315429688,85.59121326165832,85.06964314787034,85.17802323254982,3412600
2012-08-29,84.8664321899414,85.09673210169476,84.63612711034155,85.083187175999,3762700
2012-08-30,85.30673217773438,85.64541222586851,85.16448717765974,85.53025708193887,3886400
2012-08-31,86.51239776611328,86.51239776611328,85.16445315995368,85.1983180505318,9192600
2012-09-04,86.42552185058594,86.63594991246222,86.04539240232545,86.15399859659617,6009300
2012-09-05,86.0182113647461,86.33725069519652,85.90281570275829,86.08609086127575,3466700
2012-09-06,84.58594512939453,85.21044488267587,84.54521846079449,85.21044488267587,6505100
2012-09-07,84.19223022460938,85.65166282342895,84.11756121870181,85.62450998683765,7335300
2012-09-10,84.39588165283203,84.39588165283203,83.83926139882624,83.96144658526042,4912100
2012-09-11,83.86640930175781,84.23974916470132,83.68991844754633,84.18544348973252,3523300
2012-09-12,82.82105255126953,83.09257576096849,82.59704551485231,82.96360107111472,7040900
2012-09-13,82.49520874023438,83.55414336973402,81.6399125970143,83.07898172287483,12280200
2012-09-14,80.30270385742188,81.35484942100179,80.13300245888875,81.2937594033902,16871600
2012-09-17,81.26660919189453,81.38879440995325,80.64210926798367,80.68962545395785,5573300
2012-09-18,81.67384338378906,82.06755165200734,81.42947309171379,81.93857700372516,5366200
2012-09-19,82.2101058959961,82.3933810384797,81.87070326416682,82.36622820646858,5903300
2012-09-20,82.41378021240234,83.03149053916452,82.12189363326469,82.90930533908654,4604200
2012-09-21,82.50880432128906,82.56989432578284,81.91145221224109,81.96575789104082,4144300
2012-09-24,83.15365600585938,83.2894150053398,82.93643849936637,82.98395466707191,3627400
2012-09-25,83.97504425048828,83.9954075908614,82.90253010724533,83.35733381737431,5893500
2012-09-26,84.8778076171875,84.9117447717782,84.47730983358274,84.55197882410442,7193400
2012-09-27,84.27375030517578,84.71497515911574,84.01580075853633,84.54527369059097,5147700
2012-09-28,84.32125091552734,85.01363050035916,84.04293807275427,84.68101713364719,7173400
2012-10-01,84.63414764404297,84.6681611927281,83.92670838725113,84.32804646483234,4842600
2012-10-02,84.51847076416016,84.70213034873504,84.2191682814225,84.28719534730759,3540100
2012-10-03,84.5456771850586,84.55248092932341,84.0899249243057,84.25317845850716,3800900
2012-10-04,83.49134826660156,84.21239490058441,83.37571052360721,83.98111422485768,6214800
2012-10-05,82.40977478027344,82.77029545287405,82.25331976909001,82.69546982009989,8340700
2012-10-08,83.1036376953125,83.17165960812248,82.77713043792889,82.97439761789533,1568400
2012-10-09,82.95398712158203,83.11044219322166,82.56625650635436,82.62747986125312,4752700
2012-10-10,83.53895568847656,83.64099111777965,82.48460342497806,82.62064720422384,5429800
2012-10-11,84.11713409423828,84.11713409423828,82.91312566528177,82.9607414953134,5194100
2012-10-12,84.32804870605469,84.87903291917311,84.19880344530286,84.39607061549391,4934900
2012-10-15,84.13754272460938,84.44364375712092,83.96068169773743,84.19876085521713,3036100
2012-10-16,82.97437286376953,83.62739237345775,82.94716306881531,83.60018257850352,5398700
2012-10-17,82.20575714111328,82.48465380557246,82.01529365794148,82.42343043470115,6932500
2012-10-18,81.70233154296875,82.66825578408127,81.53907798426705,82.38936450420492,8558600
2012-10-19,82.81108856201172,82.85870439106644,81.81795470620193,81.85876679118137,7616700
2012-10-22,82.28052520751953,82.87912504829698,82.2669229067065,82.60023376886485,6910600
2012-10-23,83.45738983154297,83.48459964435862,83.001631954057,83.05605157968833,5760600
2012-10-24,82.63424682617188,83.18523082630206,82.63424682617188,82.89273205801653,6824500
2012-10-25,82.2125015258789,82.67505758946108,81.85198088024252,82.00843068998736,5292500
2012-10-26,83.42325592041016,83.43005966123418,82.49134063739831,82.60698347247202,5889400
2012-10-31,83.9131088256836,84.14438435714104,83.41653902323222,83.45055257302964,5025600
2012-11-01,83.22608184814453,83.58660266821228,83.04242215877133,83.51177700483149,3659700
2012-11-02,83.16487121582031,83.19887958151288,82.471034127021,82.498243933419,3527800
2012-11-05,83.63418579101562,83.83825664576437,83.52535180762372,83.54575785515111,2935700
2012-11-06,82.84510803222656,83.5729530083806,82.83830428766349,83.36208363455377,4484600
2012-11-07,84.3484115600586,84.70893216620748,84.18515802306852,84.31439802788982,10071000
2012-11-08,85.60009002685547,85.61369752505485,83.96073939614793,84.2056224663371,8579500
2012-11-09,85.69532775878906,85.69532775878906,85.15114199992558,85.45724324569878,5036900
2012-11-12,85.83815002441406,85.96739008196057,85.56605722526913,85.60006558157569,2072200
2012-11-13,86.12382507324219,86.26667259183849,85.70208107328841,86.25307029043101,2863800
2012-11-14,86.20545959472656,86.2462716911215,85.4367971810377,85.5184265635652,4694600
2012-11-15,86.03539276123047,86.40271196764886,85.70888045695777,85.77690234000795,5549600
2012-11-16,85.96060180664062,86.51838977622471,85.89937845438406,85.95379805867009,4591100
2012-11-19,85.47763061523438,85.57966087549687,85.23274761112724,85.34158161865342,3621600
2012-11-20,84.62052154541016,85.48441042787807,84.6069140538666,85.35517039663894,4659300
2012-11-21,84.57291412353516,84.63413227236298,84.36203950151746,84.47768243219993,2422800
2012-11-23,84.49127960205078,84.65453317874436,84.4232577109066,84.5525029368969,987200
2012-11-26,84.89260864257812,85.38236932108369,84.85859510571908,85.13749157669945,2799000
2012-11-27,85.22592163085938,85.29394351653559,84.8245836828164,84.98784243612398,2544400
2012-11-28,85.10350036621094,85.84494791867117,85.08989287200264,85.6884980634449,3569700
2012-11-29,85.11710357666016,85.32797822122569,84.79740011570058,84.93344392080088,2761000
2012-11-30,84.88583374023438,85.3960058280467,84.83141413866375,85.35519372173815,3702300
2012-12-03,84.9642333984375,85.05283532893718,84.25540235459314,84.32355808574282,5427800
2012-12-04,85.4549331665039,85.47538455991165,85.08688608437669,85.20956844508576,2586300
2012-12-05,85.41403198242188,85.74799857442035,85.31179582570282,85.46855862599831,1978200
2012-12-06,85.59805297851562,85.93202477074958,85.54353153483903,85.78207910075832,2301200
2012-12-07,84.80742645263672,85.16865631991124,84.74608268652517,84.85513595963626,4020900
2012-12-10,85.18228149414062,85.25043718259298,84.88239022501548,85.16864723648274,2134300
2012-12-11,84.5347671508789,84.7256051081743,84.39845580993772,84.69152987291118,3777900
2012-12-12,83.55335998535156,84.74610314827122,83.5397309228951,84.39850745618257,7119700
2012-12-13,83.61469268798828,83.95547640367133,83.23982852075821,83.34888180575126,6381500
2012-12-14,84.2417221069336,84.3166949302607,83.88730937843417,83.96228220176125,3832800
2012-12-17,82.98084259033203,84.18721476958221,82.95357926651401,84.17358570764686,6870000
2012-12-18,82.13570404052734,83.00129251084739,81.71994743353851,82.74229872286564,12024200
2012-12-19,82.40833282470703,82.91269134261354,82.2788333295894,82.44922521266098,4880500
2012-12-20,82.42195129394531,82.90586355567915,82.2106670500755,82.66731599002824,4567900
2012-12-21,83.32162475585938,83.44430711073706,83.11715243108083,83.36251714083619,6087700
2012-12-24,83.17166900634766,83.20574945633298,83.06262092629845,83.15122281633509,1071100
2012-12-26,83.47083282470703,83.47766495778423,83.20443695999296,83.30006597751131,2247800
2012-12-27,83.75089263916016,84.21537867023326,83.21810091174495,83.25225115422072,4262700
2012-12-28,84.2290267944336,84.249517979538,83.86700196054937,84.11290660458204,3928200
2012-12-31,82.77413177490234,83.99682340129218,82.58970581636399,83.92851768373694,6423000
2013-01-02,81.66758728027344,81.89983305010371,81.56513127590088,81.80420397176005,7472700
2013-01-03,80.56098937988281,81.61974096691887,80.53366605222233,81.54460311870052,10004300
2013-01-04,80.8752212524414,80.90254458733905,80.16483017928223,80.369752585318,9574600
2013-01-07,80.90935516357422,81.10061846921018,80.60197682802423,80.8547137162133,4193100
2013-01-08,81.44215393066406,81.4831363198688,81.1620937073855,81.31236941632596,4380900
2013-01-09,81.36698150634766,81.65386853167769,81.19621467535738,81.45577838236215,3870300
2013-01-10,81.14159393310547,81.48995983868751,80.84787468161312,81.0323006249261,5602800
2013-01-11,81.86565399169922,81.87248612715393,80.84105255197484,80.95717279774276,4770700
2013-01-14,81.64024353027344,82.15937640534102,81.53778755151694,81.99544162793802,3064600
2013-01-15,82.01589965820312,82.44623022914172,81.94759396285595,82.38475666674643,5357800
2013-01-16,82.18669891357422,82.4326036829119,81.97494961107498,82.39844821607346,4286100
2013-01-17,81.36698150634766,81.66070066410653,81.1142447203816,81.51042501901267,7019200
2013-01-18,81.9953842163086,82.1115043851892,81.59920400453936,81.67434181061246,4660000
2013-01-22,82.15254211425781,82.17303852086398,81.54461233642014,81.66073779495184,3874100
2013-01-23,82.02961730957031,82.36432431522914,81.93398822549472,82.20038427561877,2848800
2013-01-24,81.74263763427734,81.947559846396,81.4625828365294,81.8792541794859,4178900
2013-01-25,80.62248229980469,81.01183069243486,80.44488323310175,80.88887829416252,8750700
2013-01-28,80.32872009277344,80.41069005166483,79.91888072109717,79.93253977521722,6059900
2013-01-29,79.88472747802734,80.65659694761158,79.8300860486456,80.34238658025686,5553900
2013-01-30,79.74818420410156,79.89162785010771,79.34517660980737,79.69353751665304,9586800
2013-01-31,80.13749694824219,80.15115600830762,79.61153714774439,79.93940670324122,6789200
2013-02-01,79.09690856933594,80.67829738913578,79.07637186616444,80.59615057644979,10928600
2013-02-04,80.110107421875,80.28810092436049,79.69935760480388,79.8157357620967,9291900
2013-02-05,79.39815521240234,79.70621631351891,79.31600314805284,79.59668022771957,6676500
2013-02-06,80.04850006103516,80.07588407951353,79.44606732341357,79.76781778885753,5892000
2013-02-07,79.87049865722656,80.50031535106926,79.83627255473746,79.93895608517174,5951700
2013-02-08,80.17853546142578,80.20591946713691,79.56925569750726,79.95946863870188,5603400
2013-02-11,80.11692810058594,80.35653164565096,80.04162338314185,80.13062271628426,3679900
2013-02-12,79.91844940185547,80.1101323612978,79.72676644241315,79.88422328650873,4513700
2013-02-13,79.26808166503906,79.5966794733869,79.10378276086514,79.27492897607864,6586400
2013-02-14,79.98687744140625,80.12379752134947,79.40498146480687,79.61035897323818,7096000
2013-02-15,79.754150390625,79.91844932384821,79.45977863949192,79.86368649475308,5861800
2013-02-19,79.3570327758789,80.02792787374895,79.30226476320274,80.00054386741088,7383600
2013-02-20,79.5966567993164,79.66511944427378,79.11744962241377,79.19960166258274,9603900
2013-02-21,80.06216430664062,80.30861517255397,79.91840217201882,80.02793821152066,8297400
2013-02-22,80.11692810058594,80.32914763721988,80.01423937471077,80.08270200727125,5316900
2013-02-25,81.6915054321289,81.7051948300223,79.61036701350994,79.65144043015763,15948700
2013-02-26,81.21912384033203,81.92424520615701,81.18489251806294,81.28073917582311,9822100
2013-02-27,80.97953796386719,81.83526897808132,80.7810077418134,81.8010376483257,7459600
2013-02-28,81.130126953125,81.23281569347056,80.76729793047484,81.0753589285452,6023400
2013-03-01,81.57195281982422,81.78462822688353,81.32497256392982,81.53078595438511,7786800
2013-03-04,81.13970947265625,81.61995103578394,81.13285269237377,81.49646094631493,4511400
2013-03-05,80.90650177001953,81.09173439804992,80.73498794495244,81.00254909332219,6539300
2013-03-06,80.17239379882812,80.61146861339184,80.16553178273614,80.34390756183534,6514900
2013-03-07,79.55497741699219,79.93230995155002,79.52067779015132,79.8637054636814,8526700
2013-03-08,78.72483825683594,79.14333236913657,78.63565296054693,78.80716676938536,15423600
2013-03-11,78.80030822753906,79.05415056012454,78.71797971135793,78.97868406217172,5815800
2013-03-12,79.36970520019531,79.4383096538557,79.05412052601014,79.06783932306848,9264200
2013-03-13,79.2873764038086,79.40400449799148,78.91690607447678,79.06097699685289,7371500
2013-03-14,79.04727172851562,79.33541362258231,78.88261996536112,78.95808121307701,9352100
2013-03-15,79.41777038574219,79.5000936795254,79.10218554647008,79.12276636991588,9673400
2013-03-18,80.02145385742188,80.18610558994939,79.68528837687448,80.15180598085594,9152200
2013-03-19,80.56346130371094,80.87904606352824,80.06263871114464,80.11752438263957,11986200
2013-03-20,79.66472625732422,80.26159089060543,79.63728342309967,80.06949628521905,8543900
2013-03-21,80.43309783935547,80.43995985587446,79.94599935020673,80.17239878766861,6119400
2013-03-22,80.4948501586914,80.61147827531079,80.11065572426095,80.47426934213331,6323800
2013-03-25,80.41940307617188,80.80359236910176,80.04207056762533,80.11067505076474,5839800
2013-03-26,80.51541900634766,80.89275136777187,80.11750583142478,80.17925350610533,5093200
2013-03-27,81.20148468017578,81.48276455849403,81.07799454881564,81.16032304778413,7742900
2013-03-28,80.78984069824219,81.26321510325072,80.7349550403853,81.03682092441377,5826400
2013-04-01,81.39836120605469,81.4189866937271,80.7795703481514,80.8001958358238,6113800
2013-04-02,81.06832122802734,81.2264534215827,80.95831166247162,81.17832554803827,5438000
2013-04-03,81.79711151123047,82.01712538407676,81.30207898594016,81.34332994786618,9527400
2013-04-04,82.77342224121094,82.78717605879905,82.14088301631416,82.22338493966494,9365700
2013-04-05,84.44414520263672,84.86354741923186,84.31351017747119,84.48539615982841,18626200
2013-04-08,83.7978286743164,84.47850074990154,83.72907534980928,84.34098885534486,8020300
2013-04-09,83.5915756225586,84.04535179831433,83.4540637166153,83.900968231231,7176100
2013-04-10,82.44342803955078,82.95908619267618,82.43655112875624,82.91095306266033,10765200
2013-04-11,82.6015396118164,82.84217897398607,82.42965360376026,82.622165093496,7501800
2013-04-12,83.83226776123047,83.83914467224957,83.12409804710236,83.41974227436953,9253000
2013-04-15,84.56100463867188,84.58850701823289,83.7909589931334,83.96971659196623,12948400
2013-04-16,83.86660766601562,84.23787675786721,83.79784907922325,83.82535146483146,6553500
2013-04-17,84.42353057861328,84.93231168305381,84.08663547862984,84.08663547862984,9020900
2013-04-18,84.62975311279297,84.71913715262734,84.29285816218481,84.43724171244546,7009500
2013-04-19,84.45100402832031,84.55413664476103,84.31349212455179,84.52663426400731,5474300
2013-04-22,84.51290130615234,84.76729445674378,84.34101531818236,84.45789653107137,4519400
2013-04-23,84.2172622680664,85.11107155754765,84.1416320091621,84.74667408039656,8042900
2013-04-24,84.43041229248047,84.44416086557986,84.0866402640022,84.20352149475404,3673600
2013-04-25,84.06600952148438,84.13476812360403,83.94912829075277,84.05226094838737,4297800
2013-04-26,84.83605194091797,84.91855910756394,84.5747871148556,84.70541690511463,4898800
2013-04-29,84.5266342163086,85.06979443341656,84.40287612575814,84.96666181703405,4916000
2013-04-30,84.57478332519531,85.04231342415113,84.34101565294536,84.74666931384755,4477400
2013-05-01,85.44358825683594,85.61583966153104,85.04396373633631,85.06463306382841,10724600
2013-05-02,85.33338165283203,85.41606425517064,85.09912216458628,85.15423864278071,4171800
2013-05-03,83.32145690917969,84.1896055359428,83.25255739267064,84.16893620665971,11283600
2013-05-06,83.11479949951172,83.54198515104628,82.90120930209399,83.47308559607595,5121900
2013-05-07,82.79096984863281,83.02522938342862,82.71517876226969,82.8116391891502,5049200
2013-05-08,82.92190551757812,83.25263084800117,82.79788417575708,82.86678375305748,5732900
2013-05-09,82.70826721191406,83.59019390519614,82.66692854088451,83.03210081950621,7527000
2013-05-10,81.81948852539062,82.53605562412228,81.1993818768055,82.5153862786195,11689000
2013-05-13,81.19242858886719,81.43358478751365,81.04773802369706,81.21998944747524,8050800
2013-05-14,80.31058502197266,81.60592042987655,80.29680720679785,81.54390711983564,9236100
2013-05-15,80.84798431396484,81.10981003208049,80.2140998768324,80.97889717302267,14608600
2013-05-16,81.68852996826172,81.95035554937623,81.25445818540491,81.28201904955894,8458400
2013-05-17,80.65504455566406,81.40606386525555,80.59992806810507,81.2682595046109,7435500
2013-05-20,80.55857849121094,81.0753329798751,80.46900960558727,81.04777210967586,5839800
2013-05-21,81.19242858886719,81.21310317534544,80.21404176341424,80.56543613979669,7781800
2013-05-22,79.9866714477539,81.68163014349417,79.78686441500625,81.31645269656056,18361500
2013-05-23,80.36561584472656,80.77901816923752,79.76617905733342,80.71701018607396,9207100
2013-05-24,80.47586822509766,80.9030483967358,80.4138549783363,80.59988946192404,5357600
2013-05-28,78.43644714355469,80.11073207527602,78.42266933533804,79.98671077453004,13567500
2013-05-29,79.31835174560547,79.35969041258667,78.8636053820233,78.97384883623614,11298600
2013-05-30,79.12540435791016,79.49058175896651,78.91181429385682,79.40789919060917,10011800
2013-05-31,78.85673522949219,79.24946844237267,77.97480838349382,79.2150212961157,18158800
2013-06-03,79.27459716796875,79.7649691143862,78.52867705115331,78.58393156410861,15564500
2013-06-04,78.54248809814453,79.07429825928128,78.50104985086011,78.7082463566422,7504300
2013-06-05,79.62682342529297,79.64754254649236,78.82564894318716,78.93615794872979,8056100
2013-06-06,79.57844543457031,80.6627895911681,79.0190083070249,79.34361652577424,8925200
2013-06-07,78.15573120117188,79.3091416268932,78.15573120117188,78.88783513880273,10459300
2013-06-10,77.7827377319336,78.12807042521615,77.61697424521968,77.83798695814617,7892600
2013-06-11,78.70820617675781,78.70820617675781,77.43738472808595,77.5409802934123,12841200
2013-06-12,77.58246612548828,78.61846449895273,77.54102260738476,78.04521080098928,10193200
2013-06-13,78.79801177978516,78.853266275606,77.96921541990754,78.09353540082506,12506300
2013-06-14,78.61153411865234,79.1916957836593,78.61153411865234,78.80491958386841,6679100
2013-06-17,78.19713592529297,78.79110857940383,78.04518869712153,78.74966507303789,5982100
2013-06-18,78.23858642578125,78.51485367763648,77.85181543479965,77.94160005217479,5192700
2013-06-19,77.43050384521484,78.5908220093543,77.09207925090394,78.55628662918903,17138200
2013-06-20,76.15962982177734,76.80885663005229,75.47587292394145,76.49115135156939,27898500
2013-06-21,74.86811065673828,76.25634921981299,74.84739154330332,76.07677478778088,19781000
2013-06-24,75.17896270751953,75.5519228293344,74.4261396006171,74.4744859903323,24588900
2013-06-25,74.50894927978516,75.29630707423125,74.49513829626704,75.21343063440948,11078000
2013-06-26,74.99246215820312,75.31707579021182,74.61950215138631,75.28254040705187,13582200
2013-06-27,75.75912475585938,75.95251031498152,75.24802832748082,75.655523843655,12026000
2013-06-28,76.27711486816406,76.30474212605125,75.08916912581803,75.28946279347969,12017000
2013-07-01,76.43074798583984,76.4930474803858,75.75234578391353,75.96002132855035,5500400
2013-07-02,76.38231658935547,76.70075396127848,76.31309314035897,76.49307833287835,5333900
2013-07-03,76.15386199951172,76.59689830759854,76.15386199951172,76.36153229813463,3839000
2013-07-05,73.5579605102539,74.41634289367434,73.49565570940476,74.26404813761043,14511900
2013-07-08,74.2709732055664,74.4578770481581,74.0356071385654,74.11867844716764,8044200
2013-07-09,74.34712219238281,74.49941695407468,74.11868004984504,74.4094217141236,4700400
2013-07-10,73.76561737060547,74.34018192474612,73.58563749307991,74.34018192474612,10792200
2013-07-11,74.63089752197266,74.67243579427533,74.02864802836564,74.38168901378775,10035500
2013-07-12,74.56861877441406,75.08780243062499,74.30556234183193,74.99780721677983,4730800
2013-07-15,74.96321868896484,74.98398519587981,74.55479135446464,74.62402008606213,4574800
2013-07-16,75.21934509277344,75.28856853728071,74.94936468079756,75.06012641713743,3650200
2013-07-17,75.35779571533203,75.7039182364271,75.21934881945822,75.58623784679331,5932000
2013-07-18,74.41633605957031,75.22626142635464,74.40249348365874,75.18472841720984,9066400
2013-07-19,75.59313201904297,75.60005594601799,74.93550155445425,74.97703455348672,8523800
2013-07-22,75.70391845703125,75.93236058915822,75.54469977304291,75.70391845703125,3972600
2013-07-23,75.38545989990234,75.45468332373412,74.98395664770585,75.22624127182142,5015500
2013-07-24,74.43013000488281,74.68626238388285,73.92479445242634,74.520125174443,8853100
2013-07-25,74.40251159667969,74.48557763519142,73.93870332887312,74.04946508877063,6443400
2013-07-26,74.85938262939453,74.95629651821204,74.51326008892889,74.79015917758358,6795500
2013-07-29,74.31255340576172,74.63790963595015,74.11872551069133,74.52022916843084,6397800
2013-07-30,74.28479766845703,74.59631103869422,74.10481779915668,74.56169668153142,3635400
2013-07-31,74.55473327636719,74.70702791698709,73.27408196060097,73.4194526771727,10483100
2013-08-01,73.11824035644531,73.90244128942652,72.86840540007036,73.90244128942652,13568600
2013-08-02,73.92327117919922,73.98573257509203,73.54852398258126,73.56934268298396,9568400
2013-08-05,73.35416412353516,73.73585774029887,73.24312934981964,73.69422036199079,6611800
2013-08-06,73.56932830810547,73.56932830810547,73.10435447966375,73.23621328269627,4589000
2013-08-07,74.11759948730469,74.21475696290327,73.68038555242573,73.68038555242573,7183400
2013-08-08,74.31883239746094,74.67276614086371,74.11064012668827,74.24249893778978,5510900
2013-08-09,74.43682861328125,74.44376465073793,73.89552118929531,73.97879599625617,3623400
2013-08-12,73.93017578125,74.6935577533024,73.8885384011307,74.67968039149,7562800
2013-08-13,72.86145782470703,73.11823408971938,72.72960432185938,73.09741539425309,11485600
2013-08-14,72.97252655029297,73.1182627704056,72.7782115901428,72.82679033018034,6431600
2013-08-15,71.98704528808594,72.61162736934055,71.95928526085714,72.24381627425565,11846300
2013-08-16,71.73723602294922,72.15362599110037,71.25144331453478,72.1466846581369,10175900
2013-08-19,71.1126480102539,71.48740056781855,70.93221041705189,71.43188049380475,9022000
2013-08-20,71.66088104248047,71.73027847236787,71.37634469685229,71.40410472774415,10050100
2013-08-21,70.87663269042969,71.61919586861865,70.86275533055722,71.32078233188768,13248800
2013-08-22,71.59840393066406,71.64004661520191,70.95299791450248,71.1056754035468,8751200
2013-08-23,72.37569427490234,72.44509171403755,71.30001543690852,71.48739434672729,17441200
2013-08-26,72.73653411865234,72.79205416492285,72.40342443039542,72.56303794506931,5879100
2013-08-27,73.652587890625,73.73586795345818,72.89614717495012,73.0696433348406,11573300
2013-08-28,73.0557861328125,73.26398371509914,72.82677514591853,73.15294888731486,7497900
2013-08-29,73.6386947631836,73.77748954351024,72.72263544685585,72.78509150959839,6672400
2013-08-30,73.55547332763672,74.03432470227393,73.38197706664477,73.57629203180603,8987600
2013-09-03,72.51798248291016,72.8310977240133,72.02395350030022,72.77543114067927,12084300
2013-09-04,72.35787200927734,72.81711291214886,72.33003874468037,72.67794658916397,4579600
2013-09-05,71.3490219116211,72.08658567560695,71.34206226045374,71.99613144506516,12290600
2013-09-06,71.70388793945312,72.2396642749517,71.5368881677205,71.8430491072387,9478400
2013-09-09,71.73869323730469,72.23272240581662,71.72477924056416,72.22576806177614,6874900
2013-09-10,71.23766326904297,71.90564620861049,71.2237492803392,71.48120319493923,8069000
2013-09-11,71.87088012695312,71.88479411982783,71.10548311104988,71.6134261351772,8962400
2013-09-12,71.77346801757812,72.36491093948652,71.71084177645514,72.26053741005369,6254400
2013-09-13,72.05180358886719,72.24663136729745,71.82914251228135,72.0239702907116,6106200
2013-09-16,71.57167053222656,72.65018800341149,71.56471088226878,72.59452142106417,8231600
2013-09-17,72.16313171386719,72.1840053603889,71.64822896791608,71.92655664174275,8795300
2013-09-18,73.05374908447266,73.44340980760538,71.65516219666178,72.10743852761114,19749200
2013-09-19,72.62236022949219,73.1233435827062,72.47623942122253,73.09551559807588,11627800
2013-09-20,73.00508880615234,73.18600263932579,72.67805409918275,72.84505393380144,8421000
2013-09-23,73.54084777832031,73.56868107543298,73.1372729331746,73.20685352162695,10242100
2013-09-24,74.3340835571289,74.3410379004175,73.64522134810963,73.74959489268761,11446600
2013-09-25,74.48717498779297,74.64720984547871,74.02793344766563,74.13230700757273,8130900
2013-09-26,73.96526336669922,74.18792433589422,73.88872316085191,74.09051049366244,5117100
2013-09-27,74.14622497558594,74.32713880186935,73.93052349991035,73.95835680462012,6460000
2013-09-30,74.03488159179688,74.38278986496448,73.88180110221771,74.21579538026853,8438800
2013-10-01,73.81021881103516,73.97067282318633,73.62185327364942,73.87998165642975,7592500
2013-10-02,73.92183685302734,74.28461215808458,73.78231116496768,73.90090853207478,5967200
2013-10-03,73.80325317382812,74.23579140313583,73.74046287676121,73.7753469665278,6648900
2013-10-04,73.7474594116211,73.79629395610681,73.4963088049614,73.71955319726267,5545300
2013-10-07,74.04747009277344,74.20095166337892,73.9358505194218,74.0893267674593,5761100
2013-10-08,74.06835174560547,74.30555183864593,73.83115697512966,73.93580391845443,5904000
2013-10-09,73.47537231445312,73.9079106051206,73.46142187010636,73.85907606605859,8439000
2013-10-10,73.59394836425781,73.62185456741884,72.91026501578679,73.1125809967812,9944100
2013-10-11,73.57301330566406,74.11019835283828,73.53813454682954,74.06136383241913,6500800
2013-10-14,72.98006439208984,73.69863218482745,72.78472619475146,73.52422231969437,4205600
2013-10-15,72.93115234375,73.46135926065817,72.92417446624093,73.35671238826615,8291000
2013-10-16,73.8451156616211,73.85209354463903,72.74284433765568,72.88237538518845,14460200
2013-10-17,74.51485443115234,74.73112624075684,74.1520843249034,74.31253838865298,11303400
2013-10-18,74.67532348632812,74.98228653159862,74.63346682472445,74.72415803238786,9487800
2013-10-21,74.4381103515625,74.59159184746284,74.2706784117464,74.58461928678766,6161600
2013-10-22,75.26827239990234,75.42873171420864,75.03805024907457,75.0659564481958,9708500
2013-10-23,75.5613021850586,75.85431470249186,75.37294193766172,75.39387026264305,9163100
2013-10-24,75.26827239990234,75.81242997635832,75.25432196162335,75.77057333895809,7631400
2013-10-25,75.54737091064453,75.65899044638698,75.4008672760391,75.43574605233589,4429500
2013-10-28,75.28922271728516,75.61013611710186,75.28225015738998,75.35201301429538,6466400
2013-10-29,75.38687133789062,75.39384921845833,75.00317306768062,75.0799137862353,5270500
2013-10-30,74.93343353271484,75.49154173273608,74.79390249078577,75.2962035966004,10199300
2013-10-31,75.0938491821289,75.35197748579255,74.74502973950565,75.28221466178034,11452100
2013-11-01,74.2810287475586,74.84763059850548,74.2460510845047,74.82664613540997,11349500
2013-11-04,74.35099029541016,74.61680243067974,74.30202476162779,74.47690243039952,4733200
2013-11-05,73.46261596679688,74.02922329833714,73.4416314983775,74.0012422281635,8753400
2013-11-06,73.49760437011719,73.54656991585966,73.23179216992146,73.40666988140806,5643000
2013-11-07,74.1201400756836,74.18309880275214,73.42762609898257,73.48358822596747,7893700
2013-11-08,72.33644104003906,72.82609664570154,72.3224478302511,72.72816552456904,16889900
2013-11-11,72.06359100341797,72.45532063011173,72.02162206860346,72.42034295987084,4927200
2013-11-12,72.39936828613281,72.46232169687046,72.17552504210354,72.19650951234944,4839500
2013-11-13,72.6651840209961,72.77710831690118,72.56725293050123,72.65819275513516,5782900
2013-11-14,73.11283874511719,73.53254933544788,72.85402326283402,72.96594217323819,8895500
2013-11-15,73.2597427368164,73.26673399983667,72.96594424786304,73.21077721146452,6344800
2013-11-18,73.70048522949219,73.73546291700318,73.20383302054195,73.20383302054195,5451300
2013-11-19,73.14086151123047,73.54657913357126,73.0359391406638,73.41367034839361,7251100
2013-11-20,71.8957290649414,73.33671980347145,71.8047945696901,73.04292650787993,14190900
2013-11-21,72.01465606689453,72.18254255117549,71.46204706755078,71.70687485273703,8903000
2013-11-22,72.6861572265625,72.84004509301556,72.38536742107745,72.39235868534149,7950700
2013-11-25,72.89598846435547,73.04288502873251,72.63716765844835,72.63716765844835,3755500
2013-11-26,73.16881561279297,73.3996554166224,73.08487774728621,73.0918690115165,6659200
2013-11-27,73.04290771484375,73.23876986151187,72.72113342576853,73.22478199539695,6063000
2013-11-29,73.06391143798828,73.16883914045447,72.71415598766409,72.80509582032894,5084400
2013-12-02,72.49565124511719,72.90257672388005,72.41847553870583,72.8254010174687,7527800
2013-12-03,72.76222229003906,72.9376205711411,72.58682400893703,72.75520486003037,5076900
2013-12-04,72.06761169433594,72.29913859792087,71.82906736414077,72.08865862143854,8502700
2013-12-05,71.86419677734375,72.15886465754764,71.7168628372418,71.8992785809197,7445700
2013-12-06,72.20796966552734,72.25708097460614,71.81507919289704,71.95539568948466,7352000
2013-12-09,72.37635803222656,72.42546934276257,72.14483098852914,72.19394229906513,5678800
2013-12-10,72.89551544189453,72.93059188106089,72.57979537301783,72.85341622107302,7040400
2013-12-11,72.33425903320312,72.80432520024023,72.27813029162905,72.64997919000868,8190900
2013-12-12,72.06063842773438,72.37635858593664,72.004509685912,72.28514804229243,6208600
2013-12-13,72.41140747070312,72.47455361939878,72.11673971740186,72.36229617848625,6471300
2013-12-16,72.14481353759766,72.74818397979574,72.07465530419255,72.6710083172311,6376400
2013-12-17,72.46755981445312,72.5447354920562,71.976441379458,71.9904762405119,6014400
2013-12-18,72.10272216796875,72.76923883973183,71.88523001490715,72.14482139478086,12973200
2013-12-19,72.03253173828125,72.27107607451771,71.8781804653156,72.16583608361128,6708400
2013-12-20,73.14110565185547,73.1691700277668,72.47459412034158,72.769262038312,12425700
2013-12-23,72.72713470458984,73.25332946728963,72.72713470458984,73.00075555297533,6378600
2013-12-24,72.14481353759766,72.50963956294225,72.12376660284913,72.42545182394818,4897000
2013-12-26,71.8667984008789,72.04981036353833,71.80345120432001,72.04276999606726,4645300
2013-12-27,71.66267395019531,72.01461715650446,71.5782110176265,71.84568592113968,4755000
2013-12-30,72.1553726196289,72.20464443660332,71.85270135243609,71.90197316941048,4491700
2013-12-31,71.69786071777344,72.18354399523693,71.21217744030994,72.00053204905517,7218600
2014-01-02,71.9160385131836,72.07089430788442,71.57817620676774,71.59929192964067,8580800
2014-01-03,71.9160385131836,72.11312575363026,71.62744801687941,71.66263909825943,4083800
2014-01-06,72.21874237060547,72.50029799999064,72.0568515086122,72.06388650593229,7796200
2014-01-07,72.40168762207031,72.49319083496012,72.19051975205136,72.37353154805298,4428100
2014-01-08,72.20465087890625,72.28207879394941,71.86678312506108,72.11314223191393,8513000
2014-01-09,72.62696075439453,72.64807647604825,72.1553584033809,72.47914533259433,6991100
2014-01-10,73.49275970458984,73.58426297604476,72.9859607883539,73.04226760220477,13197400
2014-01-13,73.8587646484375,74.00658007692644,73.53497770457254,73.56313379145965,9667400
2014-01-14,73.52091217041016,73.78839236600489,73.47868071646386,73.66169263394042,10343100
2014-01-15,73.4435043334961,73.56316910276308,73.15491370226877,73.23234163581863,7507500
2014-01-16,73.9361801147461,73.95729583380535,73.71093682774142,73.80244006707272,7137700
2014-01-17,74.24595642089844,74.2741071573873,73.76027297792768,73.80954482212557,7588600
2014-01-21,74.30224609375,74.42894585958409,74.18962706313471,74.22481816072766,6436000
2014-01-22,74.11920928955078,74.43595588992864,74.07697247133554,74.16848110228122,4646700
2014-01-23,75.16802215576172,75.37918483355463,74.52748301493551,74.52748301493551,12960600
2014-01-24,75.65374755859375,75.6607825592778,75.3088391968118,75.44961976393593,11122200
2014-01-27,75.12577819824219,75.73815576923133,75.10465710077217,75.47068094042663,9218200
2014-01-28,75.30878448486328,75.30878448486328,74.99907820265136,75.25247766915015,5661500
2014-01-29,75.92819213867188,76.12527937860634,75.30876896147839,75.57624910443904,11709400
2014-01-30,75.70997619628906,75.78740408565618,75.39322964540466,75.64662903420177,5956900
2014-01-31,76.21678924560547,76.30829787938757,75.91411799510122,76.16047706638956,14690900
2014-02-03,77.14546966552734,77.15958099397044,75.9387491855829,76.06577267736381,20780300
2014-02-04,76.32695770263672,76.68685348512439,76.19287571467824,76.58099956747053,9573500
2014-02-05,75.6212387084961,76.05876014515798,75.51538483757896,75.99525105297862,10312200
2014-02-06,75.2966079711914,75.52242701768837,75.16958442103996,75.48714598839398,5708700
2014-02-07,75.36007690429688,75.6635215694257,75.1130883126682,75.12719963906947,7039200
2014-02-10,75.57181549072266,75.59299056644132,75.2048616041839,75.23308965452536,4370500
2014-02-11,75.13428497314453,75.2895365390432,74.91552433971427,75.23308044527106,5904900
2014-02-12,74.74613189697266,74.95078113278245,74.53442968968326,74.922553095021,6723300
2014-02-13,75.16958618164062,75.31778481358069,75.01433995799782,75.21898393097035,6874600
2014-02-14,75.21195220947266,75.25429161116259,74.99318607151909,75.20489384787354,4989100
2014-02-18,75.38127136230469,75.64942972364776,75.24013651611345,75.26836456214156,4855800
2014-02-19,75.0637435913086,75.63534693320867,75.01434583810675,75.63534693320867,5522500
2014-02-20,74.88018035888672,75.24713391835196,74.58379417040187,75.02837345312913,5103200
2014-02-21,75.27538299560547,75.28244134986109,74.76728916813683,74.76728916813683,5250700
2014-02-24,75.08487701416016,75.32480730410073,74.92256711265134,75.29657926105796,3816700
2014-02-25,75.75530242919922,75.76236078845258,75.43068789490296,75.44480461340967,6225400
2014-02-26,76.15751647949219,76.15751647949219,75.67765051094007,75.72704824076386,7203900
2014-02-27,76.5738754272461,76.60915644437456,76.2845420134686,76.41156551981867,5394700
2014-02-28,76.61621856689453,76.73618372213537,76.05872678295586,76.41156927527534,8462600
2014-03-03,77.12767028808594,77.23378115995816,76.85178525943205,77.02155941621372,11089400
2014-03-04,75.967529296875,76.64663125226322,75.94630820405389,76.64663125226322,8068100
2014-03-05,76.1302490234375,76.24343000747841,75.83313747165475,75.93217285657444,4798500
2014-03-06,75.38040161132812,75.67043766069013,75.35210501648619,75.52188458553775,7418200
2014-03-07,74.90644836425781,75.1045191379319,74.70130209237428,74.72959868818826,8270300
2014-03-10,75.01252746582031,75.06204513825776,74.82860236947204,74.9417887047699,3744300
2014-03-11,75.21063232421875,75.22477792404666,74.82863636457762,74.97011934797655,3815700
2014-03-12,75.73406982421875,75.87555274027815,75.53599913875698,75.63503448148786,6430500
2014-03-13,76.75271606445312,76.77393715007204,75.4440302800855,75.47939695711011,11815500
2014-03-14,76.76689910888672,77.09230723720617,76.62542153772266,77.08523173954094,9232800
2014-03-17,76.19388580322266,76.61125369189487,76.16558921780235,76.52636393563397,7381900
2014-03-18,76.46977996826172,76.50515205354974,76.1160807034714,76.17267388112325,4819500
2014-03-19,75.8755874633789,76.38491540023475,75.55725480433206,76.34246780748084,11557600
2014-03-20,75.74115753173828,76.13729896653543,75.68456435618947,75.75530312711435,5224400
2014-03-21,76.56175231933594,76.6254156023214,75.95338909581216,75.9816856872578,8986200
2014-03-24,77.10648345947266,77.17014677267427,76.36371242330054,76.43445663400306,7536400
2014-03-25,76.81642150878906,76.9791255829256,76.51931535291229,76.68909492514793,5032000
2014-03-26,77.41770935058594,77.44600594399758,76.73860729977665,76.78812498899119,7147200
2014-03-27,77.8067626953125,78.08972318632343,77.40354574965423,77.55917428956137,9772200
2014-03-28,77.3681640625,77.73600885158655,77.12057030772597,77.71478776335367,6027000
2014-03-31,77.17717742919922,78.57075337670034,76.63955304299593,76.92251353031463,7488400
2014-04-01,76.517578125,76.85091166219017,76.48211503814291,76.77999089938335,9067300
2014-04-02,76.07786560058594,76.27645132440776,76.00694483324628,76.16297376793814,6887200
2014-04-03,76.41124725341797,76.55309428828555,76.19848481748328,76.2552182205192,4937400
2014-04-04,76.92190551757812,77.08502829685266,76.48928141918971,76.50346883177663,8977500
2014-04-07,77.3828353881836,77.51049494191216,77.02113241746801,77.03531981838677,7562500
2014-04-08,77.56724548339844,77.63816626602005,77.1062522799946,77.32610832939427,4213800
2014-04-09,77.18426513671875,77.55305644512052,77.04951186494274,77.2197228218275,5771500
2014-04-10,77.90055847167969,78.1700649682203,77.23389675229164,77.24807874167955,12706400
2014-04-11,78.53177642822266,78.5743278119026,78.1062409477895,78.39702316535826,10267000
2014-04-14,78.32610321044922,78.5104961489353,78.22681304021565,78.35447260350287,4142600
2014-04-15,78.81546783447266,79.08497438858471,78.26227814474008,78.4466765116206,7752000
2014-04-16,78.91475677490234,78.91475677490234,78.2835526095134,78.31901570636356,5523000
2014-04-17,78.04950714111328,79.04240882753832,77.80127630859864,78.98567545324859,8622500
2014-04-21,77.98570251464844,78.45378954338968,77.90059430644722,78.27648483448654,4316300
2014-04-22,78.248046875,78.36151897560646,77.73740889500698,77.77287197008089,5748700
2014-04-23,78.6949234008789,78.75875591142074,78.38995907718238,78.4396041805325,5748600
2014-04-24,78.8438491821289,78.87221858217326,78.33321080315011,78.33321080315011,6337800
2014-04-25,78.95735931396484,79.42544108027917,78.9502656083036,79.0708315499848,5976500
2014-04-28,78.57431030273438,78.92182581746805,78.40409939503523,78.80125998330229,7606000
2014-04-29,78.46792602539062,78.53175849724423,78.04239605302615,78.13459250025119,5235200
2014-04-30,78.7941665649414,78.90764411108363,78.28352842911589,78.52466550921449,7721400
2014-05-01,79.63948059082031,79.68214067069309,78.80057134053133,78.8290095857663,11556500
2014-05-02,80.13005828857422,80.40732449457974,79.1276355647179,79.29825967055764,12702100
2014-05-05,79.64663696289062,80.20116950134529,79.54710575978562,80.16562574254708,8043000
2014-05-06,79.96658325195312,80.12298559289589,79.65376772197735,79.70353333592394,6522600
2014-05-07,79.68216705322266,80.03052618062043,79.58263587396615,79.84568023741157,8199200
2014-05-08,79.3409423828125,80.16563579659076,79.2414111672247,79.86703672578292,10878800
2014-05-09,79.08497619628906,79.49021184140541,78.90013567328342,79.29114947875775,6000600
2014-05-12,78.7650375366211,79.00675451554491,78.58730254951544,78.92144519312068,4563800
2014-05-13,79.44757843017578,79.44757843017578,79.14898480630274,79.22718867313293,5501000
2014-05-14,80.30779266357422,80.49974952712604,80.02341554011679,80.07318112991865,8851400
2014-05-15,80.94760131835938,81.33862035506158,80.76275546246016,80.89072483592271,12627900
2014-05-16,80.72015380859375,81.04718566125395,80.63483902892625,80.76991940738893,5019200
2014-05-19,80.1229476928711,81.01873374422709,80.06607660672286,80.99740640891619,7403300
2014-05-20,80.30064392089844,80.67744655082348,80.04470517274252,80.05181608909129,6549800
2014-05-21,79.81008911132812,79.9096202315023,79.53282307312305,79.78165087355848,8224600
2014-05-22,79.69642639160156,79.90971070433233,79.47603657941306,79.81017947147008,6495700
2014-05-23,80.1229476928711,80.27224988813255,79.94521266655678,79.9949782569631,3835000
2014-05-27,80.59214782714844,80.62058607414953,79.90964617124529,80.22956695793579,6658300
2014-05-28,81.58747863769531,81.64434971731885,81.1111446995494,81.11825561851806,10361000
2014-05-29,81.1538314819336,81.89321000065073,81.13960963931851,81.66570933520266,10692000
2014-05-30,81.11831665039062,81.33160098758624,80.9121432375138,81.0187854061116,6518900
2014-06-02,80.51526641845703,81.02846658290794,80.22303075917856,80.57228986740833,11728200
2014-06-03,79.52450561523438,80.2158999661673,79.48174074834955,80.12324094189842,12694100
2014-06-04,79.50312042236328,79.70269704497254,79.31066765195071,79.65993217957202,7882000
2014-06-05,79.53876495361328,79.80962363312904,79.13248237239539,79.21088825982828,6915600
2014-06-06,79.53876495361328,80.12324718286067,79.46748835723494,79.92366509972327,7832800
2014-06-09,79.4247055053711,79.57438795529444,79.26076447656676,79.43895864619758,5162800
2014-06-10,79.1324691772461,79.31066335750639,78.99704529812554,79.14672775697761,5986000
2014-06-11,79.27497100830078,79.50305917815716,79.01124185269614,79.30348270928918,5569700
2014-06-12,79.98067474365234,80.08046304896507,79.11821556884681,79.33205075911965,9775900
2014-06-13,79.93788146972656,80.2728872776625,79.49595810465428,79.52446981576082,5412500
2014-06-16,80.13750457763672,80.28005777795485,79.90228690286139,79.98069279445316,5184600
2014-06-17,79.50312042236328,79.89514437733001,79.46035555696277,79.88089123488153,6668800
2014-06-18,80.11609649658203,80.37269652546294,79.51736128317516,79.68843159446529,11256500
2014-06-19,79.08969116210938,80.23013263851699,78.93287943946822,80.19449707122376,14215500
2014-06-20,79.68842315673828,79.68842315673828,79.0469231524606,79.09681729512364,7319100
2014-06-23,79.43898010253906,79.9593096111452,79.41047381318658,79.88803301165207,5821700
2014-06-24,80.2444076538086,80.29430180868299,79.70269580227601,79.93791343442167,9698300
2014-06-25,80.45109558105469,80.80035458710915,80.32279557747597,80.61503115126128,5699300
2014-06-26,80.83599853515625,81.11398098002293,80.69343994929255,80.69343994929255,6628900
2014-06-27,80.71484375,81.1282556013903,80.66494959124984,81.02846728388994,7216500
2014-06-30,80.9144058227539,81.11398785989107,80.60791163471848,80.94291754234493,5593100
2014-07-01,80.23690795898438,80.56562994512012,80.17973749563673,80.39412400715266,8019200
2014-07-02,79.37940979003906,79.80102988643834,79.30080172934123,79.77244464145022,9382500
2014-07-03,79.0936508178711,79.22228183743587,78.85067869110028,78.87926396790179,6173900
2014-07-07,79.67243194580078,79.90110854816032,79.48663595468884,79.51521575941355,5928900
2014-07-08,80.56566619873047,80.65142193234102,80.20835882013675,80.20835882013675,6352100
2014-07-09,80.62995147705078,80.8514802167635,80.30837169622592,80.5084683263745,6395200
2014-07-10,80.65145874023438,81.2231529877266,80.62287348265173,81.13739721497865,7196900
2014-07-11,81.16597747802734,81.23743789154648,80.95159078538991,81.0016136200613,4676500
2014-07-14,80.8157958984375,81.04447789894617,80.70146035026214,80.95157447321978,4743300
2014-07-15,80.65145874023438,81.08737437722911,80.39419687407091,80.63002116006749,7720000
2014-07-16,81.08015441894531,81.16591011524427,80.70855730580091,80.75143242791262,4615800
2014-07-17,82.10209655761719,82.21643754626602,81.4232146567696,81.6304536096368,10901000
2014-07-18,81.83770751953125,82.15213986465187,81.54471820418868,82.09496935606998,6677900
2014-07-21,82.24501037597656,82.6309030018673,82.1878453385719,82.1878453385719,5724100
2014-07-22,82.41653442382812,82.50943239435811,81.93059609321203,82.24502292920212,5753200
2014-07-23,82.30934143066406,82.63091594323123,82.3021937553398,82.54516564765535,3489600
2014-07-24,81.69477844238281,81.8805798504531,81.64475561544995,81.8376992473112,6609000
2014-07-25,82.65950775146484,82.66665542735626,82.29505806219072,82.42368351576094,7041800
2014-07-28,82.54515838623047,82.82385772649276,82.26645904596818,82.60232342755936,5138300
2014-07-29,82.84530639648438,82.94535204731,82.48085126728873,82.80243124672457,6579300
2014-07-30,81.69477844238281,82.45226852224592,81.5875851126469,82.28791014178618,12251200
2014-07-31,81.45182800292969,81.880595954121,81.08737279098094,81.13024795047598,18254000
2014-08-01,82.08232116699219,82.30444010856141,81.00040900994009,81.38015351890893,14951200
2014-08-04,81.86737823486328,82.26145037234122,81.86737823486328,82.06083103450271,5183800
2014-08-05,82.13247680664062,82.25428608539576,81.45180329894276,81.7312381466475,8032000
2014-08-06,82.1826400756836,82.73434875627711,82.11099108853917,82.73434875627711,7289200
2014-08-07,82.94926452636719,82.94926452636719,82.08946607100863,82.28291881020147,9745500
2014-08-08,82.77019500732422,83.41504701536276,82.6698853023481,83.06396304794636,9536700
2014-08-11,82.76300811767578,82.98512161420308,82.60537706860458,82.86331779136341,6668800
2014-08-12,82.22563934326172,82.71286014150044,82.20414519232683,82.69136599056556,8122400
2014-08-13,82.76300811767578,82.77016918974832,82.23996013361835,82.30444804754167,8210500
2014-08-14,83.42936706542969,83.47235537042792,82.67703892915189,83.06395007354035,9028200
2014-08-15,84.33928680419922,84.80501329762079,83.60845858155041,83.62278618861706,17606700
2014-08-18,83.50096893310547,84.04551084376216,83.39349276480328,83.98102295619485,7595300
2014-08-19,83.2430648803711,83.93807154534724,83.09976690400106,83.887916706971,5936900
2014-08-20,83.10692596435547,83.19290802797639,82.80599694138317,83.14275319081433,7275600
2014-08-21,83.5726089477539,83.65859096648877,83.12837671732034,83.16420392507597,6790700
2014-08-22,84.03836822509766,84.13867788633671,83.26454615285367,83.64429065132529,10149900
2014-08-25,84.3536376953125,84.38945945377853,83.98105423529002,84.15301288874123,5760700
2014-08-26,84.08137512207031,84.53993523675828,83.98106543863655,84.50411347351351,5487600
2014-08-27,84.7978744506836,84.84086821885447,84.11720083020029,84.33214780518402,7265800
2014-08-28,85.24209594726562,85.52869734340051,85.02714353354773,85.3567332258394,9463600
2014-08-29,85.2994155883789,85.57168390262372,85.08446317902411,85.2062669933073,8512900
2014-09-02,83.82795715332031,84.2947408330723,83.80640848656994,84.22292838072114,10506000
2014-09-03,84.2947006225586,84.2947006225586,83.52629624317605,83.59093125471695,6553900
2014-09-04,83.26782989501953,83.93569629650172,83.25346959215494,83.74898496455991,12528900
2014-09-05,83.10980987548828,83.73458414909695,82.90154995797269,83.61968533743139,6886000
2014-09-08,83.14567565917969,83.75608935917282,82.90868977646161,83.59810424962976,9326400
2014-09-09,83.08104705810547,83.22467187890018,82.90869069842896,82.93741675837505,5353100
2014-09-10,82.55684661865234,82.67175091489786,82.4347649130953,82.5640295069023,8729400
2014-09-11,82.28397369384766,82.97338317325523,82.2767908041521,82.77230609329546,9274800
2014-09-12,81.42219543457031,81.80998923545249,81.30729661149708,81.64482114998373,11114900
2014-09-15,81.54429626464844,81.917724350771,81.40784875292115,81.75973364854775,5510700
2014-09-16,81.21392059326172,81.7668878570794,81.20674318490707,81.58735402733505,9304700
2014-09-17,81.00568389892578,81.74536256270842,80.9554146347543,81.52991972829417,12917000
2014-09-18,81.26422119140625,81.4940243474668,81.04159544598487,81.27858149162404,7031200
2014-09-19,82.2983169555664,82.35576910335725,81.29292628498034,81.5658212475176,13236900
2014-09-22,82.39885711669922,82.6142999357388,82.18341977659813,82.34141044670201,6617200
2014-09-23,82.90876007080078,82.92312585226198,82.4204276009856,82.5209716343931,6362400
2014-09-24,82.44911193847656,82.9805360046589,82.32703025257152,82.79381929278571,5223300
2014-09-25,83.42583465576172,83.4330175478726,82.80823742881933,82.80823742881933,8947800
2014-09-26,83.30372619628906,83.51198616925254,83.0308366518574,83.31808649696879,7799600
2014-09-29,83.97159576416016,84.14394677372245,83.77770156327004,84.02186503690498,6791800
2014-09-30,83.49761199951172,84.05057940156027,83.39707346803726,83.77768988454946,7277500
2014-10-01,85.11670684814453,85.13830371214449,84.10881108495624,84.15200481295616,17194900
2014-10-02,84.37519073486328,85.09511558923103,84.33199700123026,84.82874690837305,8251800
2014-10-03,84.73518371582031,84.78557825409366,84.10885238193619,84.23123833308681,8561500
2014-10-06,84.78553771972656,85.08791029740077,84.49037142026545,84.67755339833231,4485500
2014-10-07,85.93025207519531,85.98064660762388,85.08074031954801,85.17432859617475,8837700
2014-10-08,85.95185852050781,86.0454468075583,85.31832640047352,85.99505226951685,9391300
2014-10-09,85.57749938964844,86.15343617931075,85.51270327391325,85.86546503818326,10291700
2014-10-10,86.42701721191406,86.44861408778844,85.89426864157852,86.04545226529221,8774400
2014-10-13,86.95252990722656,87.23330018322376,86.42698779783329,86.50617997748289,6450700
2014-10-14,87.52127075195312,87.67245432335999,86.88053802392787,87.33408873814844,11285400
2014-10-15,88.21240997314453,91.92002484696357,87.71565996212533,89.68825843025242,37407500
2014-10-16,87.65087890625,89.36429862745366,87.42770388801974,89.35710333128607,18096600
2014-10-17,87.16130065917969,87.62205212001597,86.7365476375862,87.247693617808,8524300
2014-10-20,87.47811126708984,87.72288319494359,87.06775412899896,87.6724886514094,7742500
2014-10-21,86.7797622680664,87.28370758327674,86.77256147996569,86.99573647775998,9754700
2014-10-22,86.87328338623047,87.00287000890738,86.54931957583204,86.72930069107288,9260200
2014-10-23,86.10302734375,86.5205851544178,85.71426719167222,86.41979609564858,10936300
2014-10-24,86.18936157226562,86.68611123232013,86.0093804481981,86.34054505737177,5704900
2014-10-27,86.34782409667969,86.58539522139094,86.1462459338493,86.31182564220583,3391900
2014-10-28,85.80789184570312,86.13905679981877,85.72869962921963,86.01667082619656,5141300
2014-10-29,86.00218963623047,86.26136292434275,85.25346741419371,85.64222734636213,9105100
2014-10-30,86.07418823242188,86.72212150717795,86.03819529596211,86.62133249694801,7024400
2014-10-31,85.85102844238281,86.18219317600571,85.5486613585432,85.91581903495269,6664200
2014-11-03,85.85102844238281,85.99536770613065,85.30976859178324,85.80772941624842,9726600
2014-11-04,86.11805725097656,86.5366328826367,85.93763728967274,86.18300579417541,3664800
2014-11-05,85.99537658691406,86.14692870001521,85.7500025661928,85.81495661808215,4799600
2014-11-06,85.439697265625,85.82940513777363,85.38196154249596,85.59124940935254,5901900
2014-11-07,86.42121124267578,86.42121124267578,85.649013583753,85.67788145490698,8550500
2014-11-10,85.62735748291016,86.29852029425773,85.56240340130464,86.29852029425773,4787300
2014-11-11,85.68504333496094,85.74277353324275,85.40358315318049,85.50462338862823,2416500
2014-11-12,85.61287689208984,86.2623898451515,85.48297430147751,86.0242341780322,4040800
2014-11-13,85.81497192382812,86.00982310228835,85.47578144097008,85.66341427771503,4475900
2014-11-14,86.23350524902344,86.30567211735703,85.64894645774851,85.76441234588643,5191200
2014-11-17,86.01703643798828,86.4500433140187,85.79331190568732,86.44282497272353,4726200
2014-11-18,86.2551498413086,86.29845436462314,85.9953502313153,86.11081611287022,4471200
2014-11-19,85.70669555664062,86.29847277907803,85.70669555664062,85.79329360979051,5792500
2014-11-20,86.1541519165039,86.56550927477224,85.92321454880907,86.52942858024623,5683600
2014-11-21,86.6737289428711,86.71703346797467,86.25515340473706,86.29123959132686,3640100
2014-11-24,86.74593353271484,86.79645091232132,86.27684593893242,86.36344401483987,4033900
2014-11-25,87.46763610839844,87.51815350104489,86.8253411850437,86.86864574015698,6770000
2014-11-26,87.70578002929688,87.95115412181173,87.66248098602217,87.78516527928855,4339100
2014-11-28,88.39861297607422,88.52851564233524,88.1388076435522,88.1388076435522,4562200
2014-12-01,87.88287353515625,88.8304155085987,87.85394023967824,88.73638643714152,7728600
2014-12-02,87.02934265136719,87.41269907993454,87.00764406385744,87.4054643779444,5757200
2014-12-03,87.36931610107422,87.3765508042399,86.89192502444837,87.01489290441847,4868600
2014-12-04,88.09986114501953,88.09986114501953,87.24634833358806,87.3403773950692,4250500
2014-12-05,87.58629608154297,87.95518863631237,87.17400635037514,87.93349004811314,8030700
2014-12-08,88.65678405761719,88.8520768220801,87.62244263170587,87.82497009661837,6021800
2014-12-09,89.11251831054688,89.66947465412294,88.93892403652559,89.40184577955733,6639700
2014-12-10,89.76351165771484,89.980508658238,89.02573178916944,89.0980622831895,6439200
2014-12-11,90.13236236572266,90.13236236572266,89.17758594140847,89.50307577211042,7863500
2014-12-12,91.35474395751953,91.39090641910849,90.42889554180675,90.73992140745848,9317400
2014-12-15,91.16669464111328,91.64408004528498,90.72547170418166,90.87736731089355,9387400
2014-12-16,92.29507446289062,92.38187432624474,91.39816461540622,92.12148025464276,7426400
2014-12-17,91.4632797241211,91.99853738368715,90.92079287992475,91.7960098448077,11558800
2014-12-18,89.83576202392578,90.48674692639499,89.83576202392578,90.36378464438914,12758200
2014-12-19,91.04373168945312,91.10159274032894,90.00939021603328,90.1106539531407,7894500
2014-12-22,91.16669464111328,91.27519307975315,90.64590655040973,90.73993558738572,4118800
2014-12-23,89.3583984375,90.84842661668841,89.32223045474986,90.73992818689736,7406100
2014-12-24,89.84479522705078,89.92452884992463,89.10545362330029,89.19968175481283,4871400
2014-12-26,90.17822265625,90.3086898141578,89.89552722368433,90.2797007991632,2921300
2014-12-29,90.85234832763672,91.08430474806728,90.46818018405313,90.5406693305104,4070700
2014-12-30,91.09874725341797,91.4829151776903,90.9900191259475,91.3162035083589,4372600
2014-12-31,91.2727279663086,91.45393970648796,91.07702172017798,91.1132607501278,4993300
2015-01-02,92.28753662109375,92.5339875216385,91.4394668039247,91.54094495998878,9432000
2015-01-05,93.73725128173828,93.96195215863953,92.7514530533582,92.78769209761725,9789500
2015-01-06,95.42610168457031,96.03498156119228,94.3678312743154,94.73749925702846,18331300
2015-01-07,95.2376708984375,95.65808359166437,94.35335645066553,94.7375245726971,9762900
2015-01-08,93.97642517089844,94.49831598482618,93.8097134293155,94.49107149529279,8055300
2015-01-09,95.00567626953125,95.03466527527603,93.53422707636896,93.6502052199171,9398800
2015-01-12,95.54934692382812,95.90451491269367,94.89697791886871,94.95496701221768,6658100
2015-01-13,95.54934692382812,96.12197124768015,95.05644516050621,95.2376569296135,8260800
2015-01-14,96.27422332763672,97.21651596580807,96.18723413097001,96.92658147103104,12324500
2015-01-15,97.78909301757812,97.87607110191419,96.17267654843003,96.29591024828667,11454200
2015-01-16,96.54238891601562,97.62240403765645,96.42641072326691,97.36871418384402,9390500
2015-01-20,97.82535552978516,97.93407815516254,97.18024214520865,97.2237311953596,7758700
2015-01-21,96.69462585449219,98.28204321866781,96.3757023316249,97.99935321273873,9803900
2015-01-22,96.3466796875,97.25998309428935,95.88277796432754,97.12951591915781,10200000
2015-01-23,97.68763732910156,97.94132715342653,97.23822464950982,97.3469583401816,7334600
2015-01-26,97.39044189453125,97.992066222698,97.16574109756397,97.73836535240682,5966500
2015-01-27,97.5427017211914,98.673461684495,97.23825613695597,98.38351614243541,8079600
2015-01-28,99.13727569580078,99.6011770919748,97.63683787769126,97.67308242088708,12230300
2015-01-29,98.48494720458984,99.06482695101896,98.1877683740418,98.66615893408105,8881400
2015-01-30,100.23181915283203,100.39128634086775,99.4344832126534,99.81866220949215,14871200
2015-02-02,99.85344696044922,100.17302625788024,99.25787642831419,99.2869240541488,13689900
2015-02-03,97.73991394042969,98.62600531619015,97.59464252155274,98.52432197256825,14008700
2015-02-04,97.90692138671875,98.04492252672543,96.6867106963979,96.9554538415972,11360400
2015-02-05,96.83199310302734,97.49292909127597,96.6794625933393,97.32588031030323,8334600
2015-02-06,95.11788177490234,96.12745562060806,94.84913863659048,95.90955967263704,13685600
2015-02-09,94.96533966064453,95.8587007470452,94.96533966064453,95.8514416133059,8025500
2015-02-10,94.21001434326172,94.76200794193416,94.01390683370465,94.52232344862018,8290700
2015-02-11,94.38433074951172,94.61675612727727,93.66528828768502,94.20275257912687,6506400
2015-02-12,94.07198333740234,94.81281399161254,94.0211361507118,94.17366662813595,12548300
2015-02-13,93.10598754882812,94.07924349683505,93.03335187637786,94.06471414581547,8325200
2015-02-17,91.70418548583984,92.91712560349274,91.45723644137367,92.82270700664186,14968800
2015-02-18,92.24893951416016,92.7791444632406,91.85673015303723,92.11093838487879,14009200
2015-02-19,91.63883209228516,92.56851105651285,91.63883209228516,92.08188308950675,8584800
2015-02-20,91.90754699707031,92.97522128268041,91.51533774178968,92.27796777283353,12502500
2015-02-23,92.96075439453125,93.09149089300512,92.35791910726499,92.379707600123,7500500
2015-02-24,94.18091583251953,94.26806976320306,92.37239973363526,92.71376740567416,11958300
2015-02-25,94.58763885498047,94.70385147191658,93.75238422137309,94.02838641593507,8019800
2015-02-26,93.29483032226562,94.63851276386343,93.25851248388358,94.20272086857543,11020500
2015-02-27,94.07926940917969,94.14463488280003,93.16411953054285,93.70885397601373,9225100
2015-03-02,92.326904296875,93.92791011144786,92.25412701502349,93.87696379330096,11324000
2015-03-03,91.99211120605469,92.69072951139528,91.97027469940754,92.3414175826626,8599000
2015-03-04,92.021240234375,92.45060281344256,91.81020391572245,92.37783109472171,6478900
2015-03-05,91.90483093261719,92.33418807325867,91.62101726795946,92.07948421422324,6045000
2015-03-06,89.8744125366211,90.84229215798685,89.48871756549208,90.72585300708978,20022900
2015-03-09,90.70403289794922,90.87141280934286,90.33289000025025,90.73314268915355,8889100
2015-03-10,91.8974838256836,92.01392296167411,91.51906773796155,91.67188993985643,9277900
2015-03-11,92.56698608398438,92.75619689140323,91.78104417648152,91.88292563767861,6663100
2015-03-12,92.50154876708984,93.29476998431268,92.21773516164988,93.29476998431268,10295900
2015-03-13,92.21774291992188,92.85086306895543,92.0503629464678,92.24685272191941,7247200
2015-03-16,93.10551452636719,93.25833117556293,92.61793258639771,93.10551452636719,6374600
2015-03-17,93.8769302368164,93.95698077653718,93.35296508668951,93.54945479404964,6314000
2015-03-18,95.68901062011719,95.71811487003447,93.59314928994361,94.53919842393886,13981900
2015-03-19,95.201416015625,95.78358973846457,94.80116325298381,95.4779452026982,9543800
2015-03-20,95.70353698730469,95.84180712979075,95.4342810914645,95.49250068326135,5953800
2015-03-23,95.58705139160156,95.87813807118228,95.32506893828089,95.84174946017342,5555500
2015-03-24,96.51131439208984,96.52587206589277,95.68170465334772,95.936413975767,6713000
2015-03-25,95.69629669189453,96.61323059422404,95.66719243808883,96.58412634041834,5635800
2015-03-26,94.20443725585938,95.43430000369212,94.00794748263806,95.36880711403631,9536300
2015-03-27,95.3760757446289,95.42702205915468,94.59012779436317,94.62651643270252,7907900
2015-03-30,94.903076171875,95.33243332104767,94.67019772226942,95.25965602948202,7010600
2015-03-31,95.10674285888672,95.3032324635392,94.53911609366348,94.77926758729552,6844300
2015-04-01,96.35604858398438,96.61128004990562,95.75076822522837,95.77264489009305,9273900
2015-04-02,95.33499145507812,96.23926680854349,95.2474848854645,96.21009053367995,6663400
2015-04-06,94.80268096923828,95.88196991380536,94.59849146965784,95.84550511870319,5923800
2015-04-07,95.59754943847656,95.6923556674727,94.69328495571352,94.9703928806772,4764900
2015-04-08,95.62675476074219,95.79447949356022,94.81728513367078,95.54653664896051,5378900
2015-04-09,94.38703918457031,95.47362818887315,94.168272583534,95.4371633795346,6484200
2015-04-10,94.52561950683594,95.13089986656223,94.47457766456984,95.03610469449663,4843000
2015-04-13,94.6568603515625,94.7881202989828,94.35786452355438,94.45995930293564,4010600
2015-04-14,95.3277359008789,96.15908198203513,95.15271157366462,95.75799152018512,6075500
2015-04-15,95.24754333496094,95.72885201817223,95.03606528612312,95.56841579043514,4425200
2015-04-16,94.77352905273438,95.42985094631153,94.37243850555068,95.40797429169194,7085500
2015-04-17,95.8601303100586,96.04244322853626,94.58393988071491,94.63499283908745,7268800
2015-04-20,95.0141830444336,95.53924506992519,94.7516520316878,95.4882032458475,4949400
2015-04-21,94.58393096923828,95.13086967314,94.48183618960982,94.97043342979579,4563800
2015-04-22,93.14002227783203,94.47455414193976,93.00875675736654,94.43808933368601,9707600
2015-04-23,93.5411148071289,93.96408211094057,93.05980603442971,93.19836563210046,6843400
2015-04-24,94.1244888305664,94.38700866693085,93.77444012709265,93.81090492464124,4773000
2015-04-27,94.1244888305664,94.43806160899766,93.614003919874,94.1244888305664,4334900
2015-04-28,92.826416015625,93.88383393675133,92.80453936273047,93.46815527676769,7464300
2015-04-29,91.68883514404297,92.20660327631467,91.36066848189897,91.74717106206307,11554800
2015-04-30,91.8492202758789,92.00965648922497,90.79910194408617,91.18560433237595,12876000
2015-05-01,90.61280059814453,91.37277959476201,90.38627038070287,91.14624937732034,12378500
2015-05-04,89.7578353881836,91.00010554991991,89.67745261093577,90.83203652488781,9144700
2015-05-05,89.63360595703125,89.90397931060922,88.92477908112598,89.77975341436161,13935500
2015-05-06,88.09907531738281,89.1951985394478,87.96023683370419,89.14404634542494,14355000
2015-05-07,89.28284454345703,89.56783598879221,88.67632200075164,88.73478321394043,11933700
2015-05-08,89.52400207519531,90.28398119931893,89.37784902718958,90.15974971472188,11716400
2015-05-11,87.34635162353516,88.89554017232552,87.32443006449975,88.87361861329013,13738600
2015-05-12,87.5728988647461,88.15019085734156,86.82753783674853,87.06137713721529,15861700
2015-05-13,86.87142181396484,88.216002605304,86.69604364993671,88.16485040849699,15760000
2015-05-14,87.10518646240234,87.56556141369899,86.73250888060647,86.90057785078896,9128400
2015-05-15,88.85166931152344,89.0855140833395,87.90170001426866,87.96746467496726,12630600
2015-05-18,87.3609848022461,88.00404147074808,87.30252358460902,87.92365869028926,10208300
2015-05-19,86.58636474609375,87.57287383879633,86.32329491135077,86.42559922762113,8435300
2015-05-20,86.73255157470703,87.28791648670274,86.35986823429126,86.79100722453813,7789700
2015-05-21,87.94554901123047,88.1355451134722,87.287874484368,87.38287532307217,11760700
2015-05-22,87.98213958740234,88.23790050281131,87.54369150739127,88.16482675200443,5417900
2015-05-26,89.48748016357422,89.55325044201035,88.23059157734434,88.30366532825241,10469700
2015-05-27,89.69212341308594,89.77981529302463,88.86637911722484,89.28290579038266,6490300
2015-05-28,89.47283935546875,89.90397825213502,89.31207380919724,89.51668247711805,6237600
2015-05-29,89.67015838623047,90.29860261667491,89.52401089898866,90.05015077332999,7912000
2015-06-01,88.70641326904297,89.62181836357396,88.38419447505679,89.42409332151855,13108100
2015-06-02,87.46869659423828,88.06920147575093,87.22702856471672,88.00328947352534,10076200
2015-06-03,86.06270599365234,86.85361718080092,85.8283625589996,86.69982982560896,14810900
2015-06-04,87.18317413330078,87.35893032827998,86.51675661375539,86.60463750483935,10859300
2015-06-05,86.12130737304688,86.83166259723328,85.96019518770285,86.29706358106348,11200200
2015-06-08,86.02609252929688,86.53139782641978,85.95286125409353,86.38492968882494,5334000
2015-06-09,85.34507751464844,85.77714618459063,85.03017783137875,85.72588370532307,12393900
2015-06-10,84.59809112548828,85.04480934502368,84.4076908517643,84.89102192985106,12183600
2015-06-11,86.37757873535156,86.39222833827013,85.12530587076446,85.35964923278334,13849300
2015-06-12,86.37757873535156,87.19778329601087,86.08465372321783,86.11394175468202,7863100
2015-06-15,86.5167236328125,87.19046011272236,86.22379302805577,87.06596642153639,8194200
2015-06-16,87.19780731201172,87.20513211548841,86.37028330916313,86.86093898552855,7046400
2015-06-17,86.52408599853516,86.87559840710183,85.86499324848637,86.7803982937794,13626100
2015-06-18,86.09932708740234,86.22382081871369,85.4988216683371,85.95286453141117,10123300
2015-06-19,87.20513153076172,87.28568760690104,86.77305752354286,86.78770713039799,10439200
2015-06-22,85.42557525634766,86.5167361905805,85.38163202758459,86.29703680832729,9769000
2015-06-23,84.91291809082031,85.65256648170016,84.72251798004775,84.75181159413252,8945100
2015-06-24,85.64525604248047,85.80636815336932,85.06672522565087,85.32303740788927,8600400
2015-06-25,85.34507751464844,85.74053332065164,85.0887651183106,85.38169037858745,8287800
2015-06-26,84.38569641113281,84.85438332100726,84.12937854310478,84.70791516967857,11673000
2015-06-29,86.61930084228516,86.90490681801145,85.28647109316582,85.65263317355233,17132900
2015-06-30,86.01876068115234,86.92684071112087,85.92356058990319,85.97482303706623,13469000
2015-07-01,84.85765075683594,85.40076162686587,84.71820117689485,85.00443566241638,12451500
2015-07-02,85.13662719726562,85.62102793631593,85.04855280848629,85.37148663451983,6682100
2015-07-06,86.71453094482422,87.0814989085353,85.91453787220097,86.64113847197936,10605800
2015-07-07,87.52920532226562,88.43194342936624,87.30168136398666,87.82278083006983,16160100
2015-07-08,88.28515625,88.4906574204372,87.70534617655963,88.08699040744489,9951800
2015-07-09,86.5457763671875,87.42650338065772,86.49440104469683,87.11824584622354,11108900
2015-07-10,85.17327117919922,85.66500693303367,84.9604290769081,85.1659302516755,13636600
2015-07-13,84.90909576416016,85.47422427418262,84.68891262548189,84.68891262548189,8006700
2015-07-14,85.18795013427734,85.33473509248066,84.88703929011439,85.1512510949829,4227800
2015-07-15,86.0907211303711,86.2742051859776,85.16595992225734,85.2173352338476,8720400
2015-07-16,86.68515014648438,86.72184917304443,85.77507140254471,85.78974765347756,7306500
2015-07-17,87.13285827636719,87.25762601735143,86.86864094282072,86.8759818686097,7404900
2015-07-20,86.76591491699219,87.08150762133931,86.53105562069808,86.81729021307254,5941000
2015-07-21,87.23564147949219,87.28701678026623,86.35492043779784,86.36959669538136,5627500
2015-07-22,87.77872467041016,87.9989076605147,87.30166525817431,87.34570521588685,6228900
2015-07-23,88.87230682373047,88.95304023102766,87.6686522415562,87.77874376055121,9087700
2015-07-24,89.09248352050781,89.20991595894075,88.7475327319696,89.17321692205874,7307900
2015-07-27,89.5695571899414,89.75304120444075,89.15855478929893,89.67964871853856,8172000
2015-07-28,88.91633605957031,89.22458779596315,88.73285208321936,88.9236769864806,9128200
2015-07-29,88.58604431152344,88.93099501588452,88.38054319390037,88.82090353159059,6706400
2015-07-30,89.26863861083984,89.49616259109904,88.91635244703146,88.96038681763561,6146600
2015-07-31,89.92919921875,90.20075762110332,89.58424831831134,89.86314765031979,9178400
2015-08-03,90.87586212158203,91.02296770348622,89.97114651888832,89.97114651888832,11753700
2015-08-04,90.15499877929688,90.70665293000931,90.07408905492176,90.5889696292831,6448800
2015-08-05,89.47830200195312,89.66954367375725,89.13995480520188,89.56656307223498,7574400
2015-08-06,90.2726821899414,90.37565717619447,89.73573638015108,89.73573638015108,6118100
2015-08-07,91.4569091796875,91.57459810380641,90.64781746737876,90.69195361978173,8317000
2015-08-10,90.32420349121094,90.89056612759106,90.1182478299002,90.7728827899886,7461700
2015-08-11,91.75848388671875,92.03798666711755,91.3245186004377,91.4274936043592,11145700
2015-08-12,91.25830078125,92.46458399193536,91.20681328853962,91.8908646126723,8455200
2015-08-13,90.96410369873047,91.5157579300247,90.63311340464075,91.08179262836408,7691400
2015-08-14,91.17742156982422,91.47899527925804,90.61841031070158,90.81700900025987,4324700
2015-08-17,91.5893325805664,92.01594663480604,91.49371451118925,91.72908681495623,7880300
2015-08-18,90.86844635009766,91.4201003427925,90.75075747136643,91.05968797217862,5024300
2015-08-19,91.76585388183594,91.89089417411311,90.4639466146373,90.51543412391129,10736000
2015-08-20,92.69261169433594,92.75145615440834,92.0747616987254,92.21451588846821,9078300
2015-08-21,92.9720687866211,93.22214918639936,92.37627877755413,92.79554111550034,10718300
2015-08-24,92.94268035888672,94.82565783323486,92.54548874569474,94.37697873009479,16663400
2015-08-25,91.44956970214844,91.78791698533732,90.88320150180807,91.61138918795997,15354800
2015-08-26,89.68424224853516,90.84639484932887,89.26498537504824,90.4712685061936,16429900
2015-08-27,89.73574829101562,90.3756691719974,89.47831079121259,89.60335106087169,9127000
2015-08-28,90.00053405761719,90.81698262935305,89.90491602741712,90.58161042202391,9946200
2015-08-31,89.3091049194336,90.81696145374067,89.25026047839293,90.73605175023845,8617600
2015-09-01,89.95266723632812,89.99689357802413,89.17867813715316,89.66518476750613,15298200
2015-09-02,89.1786880493164,89.91582382030997,89.09022973219332,89.50302396430183,9515200
2015-09-03,89.61353302001953,89.68724542098275,88.97959624872367,89.47347552146245,7042500
2015-09-04,90.4317855834961,90.61606946301708,89.79784858803208,90.2622419398218,7951300
2015-09-08,89.09760284423828,89.6062227029976,89.01651745935354,89.47353803899526,7049500
2015-09-09,89.52510833740234,89.71676515089662,88.13192262832399,88.18352189073809,7441900
2015-09-10,88.920654296875,89.33345400556563,88.78796968049187,89.20813669505552,6789700
2015-09-11,89.48090362548828,89.98952906639168,89.43667728241813,89.53987583218125,5890900
2015-09-14,89.62091064453125,90.04107753832878,89.3997678061553,89.89364710477948,4221700
2015-09-15,87.90343475341797,89.23028130114245,87.80760913426535,89.1123368862784,11895000
2015-09-16,87.57172393798828,88.0434903389231,87.38744001187628,87.68966272627243,6949800
2015-09-17,88.64058685302734,88.72904518052012,87.5201428242869,87.63070870377753,19843600
2015-09-18,90.00424194335938,90.07795436736625,89.28921962030815,89.34819180907262,14963300
2015-09-21,88.53732299804688,89.2744583119103,88.29406699473687,89.20074590530317,10085600
2015-09-22,89.76831817626953,90.21797107023119,89.29655212750565,89.51769492331775,9968200
2015-09-23,89.76099395751953,89.98213687333157,89.18602912508578,89.65042812351147,6769900
2015-09-24,90.37283325195312,91.16894113616578,90.29174787723338,90.79300036463776,9605800
2015-09-25,89.5914535522461,89.87893596083498,89.39242380851667,89.67253891096581,8383700
2015-09-28,91.12470245361328,91.23526829153043,90.07796565551286,90.07796565551286,9833400
2015-09-29,91.3826904296875,91.61857356884838,90.85195196060114,91.06572193419969,9006100
2015-09-30,91.06570434570312,91.25736111672262,90.7561088398308,90.96987877214166,9832600
2015-10-01,91.45423126220703,91.978683420738,91.34343587599025,91.65367422854536,9069400
2015-10-02,92.00827026367188,93.22707075583729,91.72757910537696,92.76909563228365,13000400
2015-10-05,90.75990295410156,91.46902171209872,90.69342007664014,91.38776799274306,11362700
2015-10-06,91.15141296386719,91.29914395410476,90.4201349817119,90.52354780199342,5687800
2015-10-07,90.84856414794922,91.0997136135072,90.49400748967221,90.71560399220122,6712800
2015-10-08,90.08769226074219,91.12921388219324,89.86609587264468,91.07011925780448,12882300
2015-10-09,90.32410430908203,90.59002459862519,90.04341317482026,90.09511958469943,9038100
2015-10-12,91.01106262207031,91.17357008918438,90.78946614147688,90.87810247948389,4241000
2015-10-13,91.16618347167969,91.29914361663245,90.70821402229038,91.24743720668282,6147200
2015-10-14,91.96391296386719,92.00084851647588,91.07751605699931,91.37297793557255,9738100
2015-10-15,91.51335144042969,91.93439093232062,91.43209771080375,91.82358987959657,6924300
2015-10-16,91.54289245605469,91.94177283703235,91.49857429224892,91.77926538897754,8048300
2015-10-19,91.29174041748047,91.57243714170602,90.78945288060336,91.43947701854,6238400
2015-10-20,90.73035430908203,90.83376710755556,90.52352871213498,90.70819522877696,6431300
2015-10-21,91.63154602050781,91.75711792423937,91.2031182642256,91.30653108324876,6603800
2015-10-22,91.78662872314453,92.17073252158235,91.23262928359127,91.66843947096444,6934100
2015-10-23,91.00370025634766,91.19575510259467,90.74516813769446,90.92983474181496,7058200
2015-10-26,91.60938262939453,91.74234277515001,91.45426339860914,91.49858720424501,5859800
2015-10-27,91.83838653564453,92.25942612003702,91.71281461157132,91.97134670100937,7156800
2015-10-28,91.46902465820312,91.84574031217662,91.07753252628453,91.79403391051898,8468700
2015-10-29,90.01384735107422,91.018433652768,89.89565807531032,90.98888633382701,12108000
2015-10-30,90.69346618652344,90.71562527841827,90.13207810435051,90.29458562568303,11861400
2015-11-02,90.27665710449219,90.44692307174424,90.07678506697329,90.15081153835592,8751000
2015-11-03,89.53640747070312,90.12122636826088,89.41796621117186,90.05460421874818,8921600
2015-11-04,89.64004516601562,89.9731728552073,89.35133789076512,89.64744950964905,5980800
2015-11-05,89.40315246582031,89.61783323742574,89.0552274027278,89.61043454202695,7268400
2015-11-06,88.0928955078125,88.4852411135593,87.90042205387336,88.45562937850242,10604700
2015-11-09,87.59686279296875,88.01881989841051,87.3525703509083,87.42659682332904,9159500
2015-11-10,87.85594940185547,88.24829474915255,87.63386435915358,87.72269950580578,6712500
2015-11-11,87.67088317871094,87.78192570356165,87.55243631277486,87.6116597457429,2857900
2015-11-12,88.0928955078125,88.41861894557707,87.8708103188165,87.90782639960281,6805700
2015-11-13,88.59622192382812,88.75908352913582,88.25569567993794,88.32972214202589,7906600
2015-11-16,88.51483154296875,88.83315055838402,88.18910818360627,88.67769322264999,5485300
2015-11-17,88.66284942626953,88.92934922424556,87.8411483050104,88.09283942095588,5122900
2015-11-18,88.8479232788086,88.97377449152586,88.35934405435356,88.5222056784578,5233900
2015-11-19,89.44014739990234,89.68443983895483,89.33650921021786,89.48456215323634,6643000
2015-11-20,89.16622161865234,89.60298729599344,89.0403760828201,89.52155650272402,5971000
2015-11-23,89.44014739990234,89.66223246228783,89.07000939449837,89.2254666790251,5436300
2015-11-24,89.43275451660156,89.72146174597748,89.26249417510216,89.49938230299672,3371500
2015-11-25,89.64004516601562,89.8843376751843,89.53640694658516,89.69926861936428,3280900
2015-11-27,89.55120849609375,89.81030402401848,89.5438041530505,89.75848491843354,2570600
2015-11-30,89.90653991699219,89.9657633669542,89.61783265825119,89.6474443832322,5179800
2015-12-01,91.12090301513672,91.1357374378862,89.95620556505736,89.95620556505736,12766600
2015-12-02,91.15058135986328,91.27669376796207,90.64612606763467,90.9947944451824,7345800
2015-12-03,88.67282104492188,90.0600746264044,88.27222366321301,90.03040011740738,16612200
2015-12-04,89.4517822265625,89.71142716611537,88.62833280409826,88.67284174806869,11843800
2015-12-07,90.3196792602539,90.84638882563085,89.61492838006126,89.62234275913137,9016700
2015-12-08,90.3642578125,90.82420436171199,90.09719280454925,90.71292633175989,7257500
2015-12-09,90.26782989501953,90.61649845299517,89.3998713527204,90.0230193339086,8993900
2015-12-10,90.38650512695312,90.52745766438322,90.12686018418867,90.34941622646407,5606900
2015-12-11,91.81085205078125,92.06307694523078,91.15060963903377,91.26930204235262,12300000
2015-12-14,90.62389373779297,91.3583195606265,90.31973421590986,91.30639057638241,10661100
2015-12-15,90.08975219726562,90.20844457745379,89.63722582439053,89.77817267212433,8795500
2015-12-16,89.8968505859375,90.63127614969025,89.3923953484492,89.81524711665021,10988600
2015-12-17,90.91319274902344,91.083814090423,90.23811044567397,90.34196839083026,9923000
2015-12-18,91.41767883300781,91.6328091776742,91.11351927703907,91.30640080863301,10171700
2015-12-21,91.3954086303711,91.82568059196761,91.18769269300306,91.56603567025758,7494900
2015-12-22,90.73516082763672,91.09866935609833,90.49777039059775,90.98739135064751,5445800
2015-12-23,90.05268859863281,90.21589562984552,89.66693115563223,89.93399617764648,7287100
2015-12-24,90.56857299804688,90.59830972778074,90.24891024303435,90.30094810214331,3364600
2015-12-28,90.8362045288086,91.19303396827603,90.58344514345927,90.68752086927908,7586600
2015-12-29,89.3271255493164,90.50169559024089,89.21561419173979,90.46452891885085,7787500
2015-12-30,89.2378921508789,89.60959279845586,88.96283162985932,89.14868195364781,5508900
2015-12-31,89.63935089111328,89.84750239588472,89.39402704404561,89.63191528831341,7897700
2016-01-04,90.2861099243164,91.02951142446459,90.18946977111034,90.642945139937,10591900
2016-01-05,89.92182922363281,90.32326664488102,89.69881221518538,89.86235575269923,6242600
2016-01-06,91.13355255126953,91.1558593520285,90.73212088482688,90.9179711892434,8916900
2016-01-07,91.29710388183594,91.38631407187424,90.538837117465,91.20046376307043,10202200
2016-01-08,91.70601654052734,91.78779116554726,90.86597482279082,91.01465286553407,9577200
2016-01-11,90.70240020751953,91.28225235244588,90.59088887079473,90.72470134052405,10040300
2016-01-12,92.01074981689453,92.41962268242233,90.80644368879479,90.94768603822243,12897700
2016-01-13,92.91769409179688,93.29683020900904,91.6390433997871,91.83232925761877,15577600
2016-01-14,92.04795837402344,92.90287109284967,91.6911232171238,92.53117040394282,12873800
2016-01-15,93.48270416259766,93.63881773944198,92.98462670242273,93.22251486785711,13976300
2016-01-19,93.1927719116211,93.72058606617253,92.88797470693176,93.02178714552937,8926600
2016-01-20,94.1740951538086,95.09591135630177,93.98080919028968,94.39711785569217,17283300
2016-01-21,93.5347671508789,94.62756815408564,93.42325580268792,94.36737878944184,11001600
2016-01-22,93.17792510986328,93.31917318528461,92.56833621256933,92.85826796519794,10164300
2016-01-25,93.68344116210938,93.86929151058116,93.40838627626074,93.63140329140538,5738200
2016-01-26,93.72802734375,94.0105177660347,93.48270357951,93.66111828454764,5692600
2016-01-27,93.70572662353516,93.88414132935144,93.06640111668382,93.48270398748889,7957800
2016-01-28,93.83954620361328,93.97335866107194,93.267124041045,93.3265975047381,10575400
2016-01-29,94.6349868774414,95.05128978662023,94.35249075618285,94.71676147341607,13170700
2016-02-01,94.34527587890625,94.64320162972766,94.0622495409795,94.43465530889098,9948400
2016-02-02,96.09556579589844,96.1104538405031,95.33585501903801,95.41034070173944,10400000
2016-02-03,95.29859924316406,96.78077775436364,95.27625581437013,95.54438832481533,13309000
2016-02-04,95.76039123535156,95.77527927813436,94.97088741851435,95.49970274271661,9953500
2016-02-05,95.87214660644531,96.0806929377365,95.0305058919984,95.25395163693116,9200800
2016-02-08,97.93525695800781,98.03953010141336,96.58713875158726,96.61693757251471,14452200
2016-02-09,98.03949737548828,98.35976072157162,97.54047525827136,98.34486131608136,15232100
2016-02-10,98.90349578857422,98.94073862966908,97.65221815520665,98.09165413133553,12797100
2016-02-11,99.59615325927734,100.7357134710504,99.0673323136903,100.13241822539607,21620200
2016-02-12,97.9427490234375,99.1567958610366,97.51820085387492,98.7918339976368,13888400
2016-02-16,96.90740203857422,97.38408083241146,96.683956367887,97.36173740183462,11766000
2016-02-17,96.31156921386719,96.69887435982804,95.86468915153183,96.55735836236613,13157300
2016-02-18,97.49578857421875,97.57027424556416,96.34878424395687,96.38602707962957,10196700
2016-02-19,97.5777587890625,98.1810657017004,97.36921246059107,97.52562788940591,8188700
2016-02-22,97.52558135986328,97.65219790138903,97.34682257863552,97.64475388068179,5054300
2016-02-23,97.92035675048828,98.12145901289068,96.66162365217568,96.73610933896774,8320700
2016-02-24,97.72669982910156,99.35038307698298,97.53304160931897,98.61301576725795,9091200
2016-02-25,98.0767822265625,98.73222004590092,97.80866097129422,97.92782218532813,6097200
2016-02-26,97.13082885742188,97.42874878390315,96.85524099226417,97.05634319334321,9245000
2016-02-29,97.555419921875,97.69693594387981,97.13832724539118,97.17557009827503,8016100
2016-03-01,95.83753967285156,97.64341171299739,95.7554659665919,97.62102590465854,13729100
2016-03-02,96.23311614990234,96.24057429573926,95.6734477771132,95.75553292724823,7047700
2016-03-03,96.58382415771484,96.9644059108579,96.0913246792354,96.31519428935225,6394800
2016-03-04,95.96444702148438,96.35994497920878,95.33761566541519,96.07637610896151,8687000
2016-03-07,95.93458557128906,96.01667069237703,95.55401531159657,95.85250045020109,5493300
2016-03-08,96.99423217773438,97.74792601470112,96.97184635945608,97.27034291396544,7175400
2016-03-09,96.40473175048828,96.77784394929876,96.1211628357185,96.32264661129075,7194700
2016-03-10,96.00923156738281,96.88977087122446,95.45702142645268,96.63605731450538,10091600
2016-03-11,95.03912353515625,96.17338761439683,94.92718875594655,96.12861598000869,8927000
2016-03-14,95.33767700195312,95.807796551532,95.26305566454677,95.38244866574833,5177000
2016-03-15,95.42717742919922,96.00923726308083,95.22569933945444,95.88983862231316,6413200
2016-03-16,95.7107162475586,95.90474183593489,95.04658282734559,95.33014598697757,9728900
2016-03-17,96.10623168945312,96.51665737062159,95.88237348743421,95.89728977658196,7805500
2016-03-18,96.3077163696289,96.64351506231702,96.03907513818234,96.29278869385955,8198600
2016-03-21,95.56897735595703,95.97939172252468,95.33018005000717,95.70329230069213,5514800
2016-03-22,95.54652404785156,96.27783182809416,95.45698080393434,96.1360474342415,4997900
2016-03-23,96.6285629272461,96.8748182469268,95.73308489696133,95.8226395318755,10628200
2016-03-24,96.66586303710938,97.4867140858473,96.26290704094089,97.44194246254813,6343300
2016-03-28,96.79273223876953,97.12853080376038,96.47184995739532,96.54647692138263,5058700
2016-03-29,97.80764770507812,97.82256399635715,97.02410972661791,97.29275099390478,9396700
2016-03-30,96.77783203125,97.06140091109869,96.24800776413471,97.03154556244131,8478700
2016-03-31,97.46435546875,97.61359805021429,96.85244608232358,96.99423051998234,7832300
2016-04-01,97.71859741210938,98.05510310658491,97.1353376097833,97.94293073840407,9341400
2016-04-04,97.77841186523438,97.93544860296456,97.4120118273072,97.8008440549007,5145100
2016-04-05,98.84773254394531,98.97485209327972,98.54114406080953,98.7131279910777,6482800
2016-04-06,98.12984466552734,98.45886526015796,97.76344470246804,98.35417792641763,6393700
2016-04-07,99.34129333496094,99.44598072521174,98.7131575833863,98.8477621766058,5963300
2016-04-08,98.7131118774414,99.00474171597236,98.43644063346869,98.83275781377833,5584800
2016-04-11,98.5860366821289,98.84027585362561,98.04016754095782,98.19720432927616,4805500
2016-04-12,97.90554809570312,98.3691733846415,97.60644457579983,98.01772047321779,4276000
2016-04-13,98.24948120117188,98.3915592998235,97.59892507583287,97.72604458250471,5207900
2016-04-14,97.77841186523438,98.18968769256014,97.57652215823751,97.89058422363192,6967000
2016-04-15,98.61588287353516,98.82525750048038,98.14478425787769,98.17469002884354,5831100
2016-04-18,98.18968963623047,98.28690340008617,97.70364363708433,98.20464823299277,4486600
2016-04-19,97.88307189941406,98.18966028603394,97.4269318200727,98.01767640990735,5212200
2016-04-20,96.8062973022461,98.44390381617993,96.6642191941275,98.0775038637302,10920700
2016-04-21,96.23054504394531,96.51470135988801,95.93143012977738,96.0436025013656,11154200
2016-04-22,95.9837875366211,96.39506344666623,95.8940587599088,96.35019905831007,5826400
2016-04-25,95.58747100830078,96.10343429875545,95.58747100830078,95.75945496842955,5539500
2016-04-26,95.15374755859375,95.53511191635577,95.0565394970217,95.53511191635577,7840000
2016-04-27,96.1034164428711,96.32774975487513,95.43042221189212,95.65474981886304,8380100
2016-04-28,96.49974060058594,96.5670371759914,95.74448544303448,95.87161641000085,7974600
2016-04-29,96.74646759033203,96.99323301194258,95.86409322729467,96.05103569123638,7416300
2016-05-02,95.77246856689453,96.58168239084914,95.75748556052547,96.40186344832905,11035200
2016-05-03,96.97879791259766,97.42087949058104,96.91886588705161,97.06871881700812,10736700
2016-05-04,97.5107421875,97.53321954455915,96.79893253686676,97.16607032419284,7211200
2016-05-05,98.16263580322266,98.20760196293017,97.18108616091168,97.45082595393971,7870400
2016-05-06,97.74299621582031,98.0502019446938,97.62310938020559,98.0427133048571,7232500
2016-05-09,98.05026245117188,98.07273981759059,97.64565842258986,97.75055661022556,4950800
2016-05-10,98.0577163696289,98.24503531214476,97.89287478557168,98.04273908601711,4331900
2016-05-11,98.61216735839844,98.90438440044181,97.9003577875788,98.02773327431166,9256000
2016-05-12,98.16263580322266,98.28252269635588,97.84794128353052,97.90039608666758,6087400
2016-05-13,99.11420440673828,99.1441818419968,98.32746251030646,98.51478146502633,8707300
2016-05-16,98.25997924804688,98.64960567216397,98.1400924355438,98.63461696234216,5137000
2016-05-17,98.42483520507812,98.77699562285332,98.31244844750621,98.31244844750621,4449100
2016-05-18,97.0237045288086,98.04271983331189,96.58912329554586,98.01274240589312,12681000
2016-05-19,97.44334411621094,97.65314047732511,97.14362686244485,97.16610422734678,6209400
2016-05-20,97.51824951171875,97.70556847845893,97.06869085136778,97.1436115782384,5348900
2016-05-23,97.73550415039062,97.95278902841837,97.34587766481802,97.67556073468425,6979700
2016-05-24,97.30097961425781,97.54824206062469,96.8364321633502,97.38340042971343,5968200
2016-05-25,96.93379974365234,97.59316605967263,96.88884502811288,97.27847161785583,6367400
2016-05-26,97.43582916259766,97.74303501341177,97.25601027083717,97.26349891364636,5419300
2016-05-27,97.29345703125,97.60065138802159,97.18105881317634,97.45829860465923,5267600
2016-05-31,97.52569580078125,97.73549201318137,96.64154482020692,96.67152224085613,8344300
2016-06-01,97.92139434814453,98.55959235480961,97.68864328536121,98.07907070555184,9874900
2016-06-02,98.62718963623047,98.87496028955346,98.25928567404613,98.28180923738977,5835400
2016-06-03,100.03120422363281,100.03120422363281,99.55819797308594,99.75340599263369,11077200
2016-06-06,99.28788757324219,99.77591327073635,99.1827738173262,99.69332307276379,7573700
2016-06-07,99.52816009521484,99.8435014181506,99.51314056844396,99.58822674575624,4680200
2016-06-08,100.061279296875,100.18140118323862,99.64082405323698,99.7609459396006,5313200
2016-06-09,100.7069320678711,101.0147578546357,100.55675973496288,100.84958891020959,6820300
2016-06-10,101.19499969482422,101.60795086828375,100.80457208932201,101.20250373196157,6984600
2016-06-13,101.64546203613281,101.65296607091284,101.1874638706343,101.42771900555361,7283300
2016-06-14,101.57035827636719,102.27612694591056,101.52531116240309,102.25360338892851,9012500
2016-06-15,101.96085357666016,102.2836990793783,101.59294947343847,101.75062593383271,7953200
2016-06-16,102.45635986328125,103.28225061726556,102.24612083615692,102.66658743386223,10372700
2016-06-17,101.81816101074219,102.3137023339033,101.55537082091769,102.26113971332109,8489900
2016-06-20,100.72945404052734,101.02227175462318,100.61682479261952,100.78952068143678,7365900
2016-06-21,100.26397705078125,101.04483221120674,100.2039218444819,100.82708912632974,6005800
2016-06-22,100.42910766601562,100.6018035321861,100.0461957690397,100.23389970106416,5773700
2016-06-23,99.28038787841797,100.09878595454975,99.16777007078339,99.56570159981484,9029100
2016-06-24,101.94580078125,102.56897946793059,101.5854122906367,102.56897946793059,17155000
2016-06-27,104.49105072021484,104.80639203336472,103.91291925116916,103.94295830377874,16577100
2016-06-28,104.70882415771484,105.03917363655027,104.27334942076276,104.69380462704888,14006400
2016-06-29,103.90542602539062,105.21184999280958,103.80781627906798,104.87397362678291,12999800
2016-06-30,104.28826141357422,105.0691158971676,103.68010273217114,104.22069077264823,14698500
2016-07-01,105.7363510131836,105.92440028668422,104.69831535062282,105.91687097006945,15430200
2016-07-05,107.06016540527344,107.49644090003372,106.58627777727989,106.69911417697966,8840800
2016-07-06,107.23318481445312,107.56415327633692,106.78187357538623,107.40618688221477,14352800
2016-07-07,107.22557067871094,107.70697578793542,106.64637639058671,106.87955537632936,9676400
2016-07-08,108.0155029296875,108.03053860707654,107.08277443883257,107.50400295805211,10355300
2016-07-11,107.06773376464844,107.91772017084813,106.99252094030163,107.60179876231072,8099000
2016-07-12,105.30756378173828,105.95445356121635,105.03677244433784,105.62348509576987,15810600
2016-07-13,106.54867553710938,106.63894696077324,106.02214005578963,106.33806134458149,8181700
2016-07-14,104.9991683959961,105.18721763152627,104.62306992493576,104.765989180357,10817000
2016-07-15,104.09654235839844,104.63812511654264,103.93857593826664,104.47264085835329,9958600
2016-07-18,103.99876403808594,104.75096111728475,103.60010050431988,104.60805331343488,5955900
2016-07-19,104.5854263305664,104.78852265759434,104.10402089148575,104.5102135455416,8073900
2016-07-20,104.0138168334961,104.18681895736013,103.73550757193867,103.97620468197334,6942500
2016-07-21,104.22442626953125,104.2695562582162,103.0434828143473,103.08108348650698,10398400
2016-07-22,104.40489196777344,104.73586031323842,103.70534315074798,103.75047311101876,5811400
2016-07-25,104.3296890258789,104.75091737792522,104.24694692261181,104.51022038144666,4243800
2016-07-26,104.49523162841797,104.94655453074829,104.14922735056716,104.94655453074829,5243400
2016-07-27,105.7964859008789,105.7964859008789,104.85623980692294,104.96907622476573,8508100
2016-07-28,105.6009292602539,105.93941559193885,105.08944084395037,105.15713581476444,7336100
2016-07-29,106.48094940185547,106.57120932148017,105.47300870734858,105.64601071249903,8766700
2016-08-01,105.32654571533203,105.87664892788369,105.20597168287416,105.33407728039592,9809300
2016-08-02,104.24140167236328,104.94221667117222,103.61593681937039,103.86461644756558,10051200
2016-08-03,104.3016586303711,104.58047593682825,103.92487351415582,104.44483881430398,4930600
2016-08-04,105.08540344238281,105.62044355429637,104.9497662723213,105.09294650643506,5646000
2016-08-05,103.99266052246094,104.88186760761681,103.85702344109102,104.78391132614934,7778600
2016-08-08,104.18864440917969,104.39964321151021,103.48029785768286,103.69129666001338,5185200
2016-08-09,105.21347045898438,105.28883208042784,104.4599002388259,104.52773029755262,5503200
2016-08-10,105.62045288085938,105.8841956787926,105.10048735256275,105.42451717537122,5843500
2016-08-11,104.67843627929688,105.56011200851754,104.39960749416089,105.5450373853449,7624600
2016-08-12,105.56017303466797,106.14795719395654,105.4019181462864,105.80885271722468,7989600
2016-08-15,104.5654067993164,105.22102075495931,104.55787523608181,105.0024789368884,5108600
2016-08-16,104.2865982055664,104.8593075207076,104.1660241923038,104.73120194358013,6182700
2016-08-17,104.91210174560547,105.07788820048398,104.36952998392577,104.46749784323808,5002000
2016-08-18,105.07780456542969,105.3189409905946,104.58797715731369,104.89694362263157,3805200
2016-08-19,104.5277328491211,104.78394397057264,104.06805454366071,104.47497741310909,5516300
2016-08-22,105.40943908691406,105.60536326602897,105.02511079518703,105.23610960302544,5549700
2016-08-23,105.52250671386719,105.94450447614379,105.25122079546415,105.70336782566143,6841400
2016-08-24,105.27378845214844,105.64304210823016,105.04018345489013,105.57522352810467,6027800
2016-08-25,104.87435150146484,105.3340297314556,104.7161082165477,104.94217005214362,5855500
2016-08-26,104.2640151977539,106.0198358486083,104.15851578733479,105.29640310675337,12962500
2016-08-29,105.65816497802734,105.7636644281378,104.90459419193039,105.03269984573755,7310400
2016-08-30,105.25121307373047,105.695817005041,105.25121307373047,105.62799840505988,5161800
2016-08-31,105.40187072753906,105.6279441098449,105.00247940151236,105.24362740892389,7349700
2016-09-01,105.51810455322266,105.76723646026691,104.61217767637046,104.64991550998016,9149100
2016-09-02,104.65751647949219,104.97459044428723,104.31023841167469,104.90664849172188,8397000
2016-09-06,105.42002868652344,105.75220478361547,104.5669411207637,104.71793863361854,8542600
2016-09-07,105.34454345703125,106.00889573652253,105.34454345703125,105.97114635346155,5421800
2016-09-08,104.0233383178711,105.14065953890689,103.62322042097584,104.83113089580287,14301500
2016-09-09,102.30964660644531,102.76260446768966,102.22660260396037,102.72486661887002,13347700
2016-09-12,102.36251068115234,102.54370078013515,102.03789137990397,102.15868477922585,9096600
2016-09-13,101.19985961914062,102.67199250185058,100.67894840230004,102.57384646984082,15645400
2016-09-14,101.35089111328125,101.84915524209178,101.19990512501843,101.19990512501843,7037700
2016-09-15,100.91303253173828,101.19991399823617,100.42987041523807,100.86773788323724,9874500
2016-09-16,101.72830963134766,101.77360425262967,101.32819178404118,101.59997103121978,7507900
2016-09-19,101.39622497558594,101.818990514035,101.35093031353739,101.55476781225282,7105900
2016-09-20,101.75099182128906,102.35494719088148,101.66794781397648,102.0303164279357,6054800
2016-09-21,102.5738525390625,102.58895458783927,101.29800012539349,101.61508555226564,10698100
2016-09-22,103.38920593261719,103.64588320299197,103.04948466071059,103.17782329589798,12426200
2016-09-23,103.29105377197266,103.68361487632008,103.20800978461307,103.44958496271241,5928800
2016-09-26,103.94783782958984,104.05352911866953,103.44202869474516,103.4797780521636,8661300
2016-09-27,104.7103271484375,104.78582586542643,104.14412132948111,104.62728316754442,9450400
2016-09-28,104.48387908935547,105.05008510650045,104.34799517459632,104.55937783277116,7958700
2016-09-29,104.74807739257812,104.98966407339584,103.76665166085839,103.8496956424536,8319800
2016-09-30,103.81195068359375,104.66503784709386,103.32878882096702,104.59709591004184,11747100
2016-10-03,103.46931457519531,104.19536704536571,103.43149729879464,104.12729133175951,7588800
2016-10-04,102.25932312011719,103.49208421300126,102.22150581390615,103.32569729785001,12048700
2016-10-05,101.78279113769531,102.16094089900038,101.43488827960012,102.11556477407815,8917700
2016-10-06,101.215576171875,101.8659942851078,101.10212430850862,101.321457653554,7839900
2016-10-07,101.28363800048828,101.56346515120174,100.65590796654493,101.29119684178312,9953200
2016-10-10,100.68619537353516,100.7088834441614,100.21728165341514,100.47443235421092,6089100
2016-10-11,100.45929718017578,101.00383392340869,100.2626633996488,100.48198524945894,9670400
2016-10-12,100.5576171875,100.60299332486917,100.0130804586338,100.33828380325825,7582400
2016-10-13,100.9357681274414,101.29121838735797,100.86769238044462,101.07189654099862,7080600
2016-10-14,99.52145385742188,100.55002169506832,99.47607773138404,100.03574354635268,11415100
2016-10-17,100.15680694580078,100.39126964774589,99.89966770650655,99.90723809251216,10595900
2016-10-18,100.48198699951172,100.50467506919004,99.70299916663978,99.72568723631811,7151000
2016-10-19,100.565185546875,100.7920777954099,100.07359529189868,100.11140104980521,6941300
2016-10-20,100.67108917236328,101.1551206901315,100.51226110143264,101.0719272320672,6082300
2016-10-21,100.8222885131836,101.1323740901823,100.48951487349863,100.98111649220232,9222700
2016-10-24,100.3836441040039,100.92818074696346,100.05087042883792,100.89793384022848,6507500
2016-10-25,100.64832305908203,101.01134353088561,100.20210919371797,100.23235609127964,5134700
2016-10-26,99.96769714355469,100.43661084400796,99.82400988235459,100.17947169421593,5842500
2016-10-27,98.87865447998047,99.12823483533944,98.36436453978662,99.12823483533944,10044700
2016-10-28,98.65926361083984,99.02228412539104,98.56851136725557,98.61388748904771,7541000
2016-10-31,99.26434326171875,99.29459017434999,98.85594646999523,98.99207488716358,7047500
2016-11-01,99.27191925048828,99.7189964662604,98.4156774108316,98.62784455359983,12622400
2016-11-02,99.70380401611328,100.10540679529278,99.28704314274641,99.49163694644254,8666200
2016-11-03,98.93846893310547,99.30218218816583,98.83995868314157,99.07485706791464,6085400
2016-11-04,99.8250961303711,99.86297404163861,99.36287230291659,99.46895589140235,7622600
2016-11-07,98.97636413574219,99.26431010925769,98.83997597706933,99.07487440294233,5386700
2016-11-08,98.57478332519531,99.42346334089075,98.28684884976768,99.27949032205667,7576500
2016-11-09,94.39208984375,96.51377355790095,94.12688082476188,96.40011089801375,31233500
2016-11-10,92.99779510498047,94.6875586516458,92.99021605674182,93.93739474737662,22961200
2016-11-11,92.4749755859375,93.2402977933202,92.17945621715911,93.17209790299822,10040200
2016-11-14,91.92180633544922,92.94476406437917,91.4823197658865,91.89907496922777,21174400
2016-11-15,92.37646484375,93.05842901437383,92.27795454003505,92.61136335669282,11963700
2016-11-16,93.20997619628906,93.30848071369614,92.5734690144688,92.67197931299667,9149500
2016-11-17,91.8384780883789,92.52802720956136,91.67935270221113,92.40678551660186,11221600
2016-11-18,91.5732421875,92.42191644532703,91.18679163121658,92.16428081409794,13577700
2016-11-21,91.80058288574219,92.05063951027893,91.60356804994463,91.84604562434109,6488100
2016-11-22,91.77025604248047,92.26279015326647,91.5959726071733,92.1870170087887,9989900
2016-11-23,91.41410827636719,91.61870210861768,90.36084604698831,90.92157420667954,13563500
2016-11-25,91.55049896240234,91.90663905822252,91.23224832486417,91.83086592277814,3126300
2016-11-28,92.22493743896484,92.24009554257259,91.75513450620967,91.99761791495247,8555000
2016-11-29,92.61138153076172,92.74777554787669,91.8460592246654,92.02034271697094,8363000
2016-11-30,91.11103820800781,91.69450369316196,90.53515755447805,90.90645009340781,21163500
2016-12-01,90.1490249633789,90.34643295314062,89.32140943167907,89.98198297755906,21715700
2016-12-02,90.80960845947266,91.27276830305787,90.46034142531198,90.4831188286311,12487500
2016-12-05,90.71089172363281,91.41702009162287,89.93642536244211,90.30088114291328,12100100
2016-12-06,90.64256286621094,91.06776228508744,90.44515485001942,90.61219106537486,11526600
2016-12-07,91.4170150756836,91.58405705786632,90.97663272135236,90.97663272135236,10392200
2016-12-08,90.33882904052734,90.58938618397194,90.18697008241114,90.46790481030591,12041100
2016-12-09,89.21514129638672,90.2477595654564,89.04809925391518,90.08071752298486,14646400
2016-12-12,89.38215637207031,89.44289996788439,88.74436020167887,89.04047799023728,9496300
2016-12-13,89.70106506347656,89.96681109413046,89.16957300216876,89.89847888317475,12189200
2016-12-14,88.69879150390625,90.51346414652467,88.68360850374567,90.41476016341285,16618400
2016-12-15,89.14678955078125,89.81495178150124,88.85826034322031,89.26067656131465,12400500
2016-12-16,88.94175720214844,89.53399266746914,88.68360565791204,89.2986185191563,14924600
2016-12-19,89.89845275878906,90.0351229338133,89.39732685275773,89.57955761467493,10868300
2016-12-20,89.45050811767578,89.51884612610549,89.12401845987233,89.31383789364574,7030600
2016-12-21,89.84534454345703,89.89849375838223,89.38977901655097,89.53403786115942,4624700
2016-12-22,89.68467712402344,89.82931941214352,89.44868670277003,89.47152373605336,5177800
2016-12-23,89.86734771728516,90.12617506442571,89.79121656060447,90.01198413739648,4461600
2016-12-27,89.57807922363281,89.60091625150979,89.24312646811578,89.3877629140009,5276600
2016-12-28,90.23281860351562,90.49926042543515,89.6009667058235,89.72277200041307,7578600
2016-12-29,90.55252838134766,90.79613310762772,90.33176649865194,90.43834320339981,8581400
2016-12-30,90.68952178955078,91.08538294866496,90.37740607562672,90.42308012937352,10613900
2017-01-03,91.07782745361328,91.34426928575681,89.96638023381716,90.14147389950939,13217300
2017-01-04,91.4280014038086,91.53457812783802,90.93317758053153,91.16917387630741,6699600
2017-01-05,92.85913848876953,92.89719826677636,91.48124442587975,91.6943977682955,13265800
2017-01-06,92.00655364990234,92.52421444953954,91.92281397584375,92.2120927902311,8369300
2017-01-09,92.74496459960938,92.87437832302618,92.46329431217808,92.78302438461746,8839100
2017-01-10,92.68408203125,92.80588730882081,92.32628628837989,92.53183124228181,8417900
2017-01-11,92.99616241455078,93.39963205339701,92.42521349739266,92.8286831362389,9402500
2017-01-12,92.79066467285156,93.7422466846808,92.74499059484238,93.48341916530117,9977600
2017-01-13,92.34911346435547,92.68407213391106,91.82384423290972,92.36434202642327,9820000
2017-01-17,93.31592559814453,93.58998164047641,92.86677593676932,93.49101340919307,7853300
2017-01-18,92.1207046508789,92.84390427688778,92.0445792915084,92.69926202848896,9064700
2017-01-19,91.48887634277344,91.79338366549874,91.00928122987709,91.72486675908834,11795600
2017-01-20,91.30619812011719,91.58786267560944,90.81137431744742,91.23006691355599,16953200
2017-01-23,92.21969604492188,92.7754223783161,91.3670766510002,91.61068136240719,13118400
2017-01-24,91.58786010742188,92.21209765094866,91.19961884322524,91.93804157740075,8395000
2017-01-25,90.43832397460938,91.04733275682611,90.25561611275015,90.8037280823407,11115100
2017-01-26,90.74282836914062,90.78850824006582,90.08053122465986,90.52206652630954,7827900
2017-01-27,91.07022857666016,91.22248522649666,90.78094965396681,90.89514068934484,7197800
2017-01-30,90.79618072509766,91.26055338560549,90.74289234477698,90.92560034130318,6569500
2017-01-31,91.4280014038086,91.65638341701212,90.78092677705976,90.8418294216468,13298500
2017-02-01,90.8626937866211,91.19074573085206,90.46598265014462,90.8626937866211,10975500
2017-02-02,90.82455444335938,91.65612461720279,90.78640656616246,91.49591400996367,6978600
2017-02-03,90.7863998413086,91.45013443974753,90.38205798338716,91.12208251002002,10275600
2017-02-06,91.33563995361328,91.64843021125301,90.87789484798122,91.36615707006139,8433800
2017-02-07,92.00704956054688,92.31984581043902,91.14496237469324,91.38146288131061,8418400
2017-02-08,93.25821685791016,93.28110325118594,92.62500530193898,92.63263021933248,15734200
2017-02-09,92.18253326416016,92.76234140655296,92.05283979708929,92.62502302062998,16890600
2017-02-10,92.12911224365234,92.27406134146531,91.63321904659287,91.63321904659287,7978500
2017-02-13,91.83919525146484,91.86208746353894,91.45773987122368,91.74001894799912,11536800
2017-02-14,91.17546081542969,91.77816097633932,90.65668129847879,91.73238237565022,13210500
2017-02-15,90.75587463378906,90.95423308588937,90.51937413125849,90.60329479097216,8481000
2017-02-16,91.25173950195312,91.70948470873083,90.87791492881503,90.95420482652031,10005800
2017-02-17,91.79342651367188,92.083330520034,91.64847160021709,92.01467134242749,7886400
2017-02-21,91.63319396972656,92.0146492752968,91.24410792829202,91.30514217411431,8703800
2017-02-22,91.78578186035156,92.1748679361082,91.23648524058845,92.15961228357992,8101500
2017-02-23,92.0604248046875,92.11382831624381,91.8010379829986,91.98413490539936,5330800
2017-02-24,93.08271789550781,93.18189417167561,92.51053498263742,92.57919413831999,11336000
2017-02-27,92.533447265625,92.99882329731682,92.48767448235931,92.93015830187109,11039800
2017-02-28,92.8767318725586,93.13612449502673,92.55631082763834,92.6936349641107,8410500
2017-03-01,91.32048034667969,91.38163214684609,90.92299947735474,91.29754987955646,10717100
2017-03-02,90.99181365966797,91.12175688540881,90.67077539662904,90.96888318827344,8201200
2017-03-03,91.2287368774414,91.2287368774414,90.61723647674586,91.13701502480268,9515200
2017-03-06,90.79309844970703,91.05299080525732,90.59435792272849,91.05299080525732,4489200
2017-03-07,90.51786804199219,90.71660845258035,90.38792485619668,90.56373480243927,7080100
2017-03-08,90.02865600585938,90.1585991781486,89.60825059579034,89.6693965504377,11336300
2017-03-09,89.31012725830078,89.79933566388506,89.2566209090305,89.69231713358982,10575400
2017-03-10,89.62354278564453,89.67704914508214,89.18784647829371,89.53946053056316,9218500
2017-03-13,89.05793762207031,89.50127370039445,89.04264675247683,89.30253904974357,6993100
2017-03-14,89.48599243164062,89.70001796089956,89.21081508494818,89.25667603214416,9869200
2017-03-15,90.57902526855469,90.83127205500001,89.7611389445477,89.86050623992482,14600500
2017-03-16,90.12039947509766,90.31149446727058,89.91401361776735,90.18919087303686,8018200
2017-03-17,90.68604278564453,90.77012505223344,90.21977051883569,90.28092231849246,7266800
2017-03-20,91.07589721679688,91.13704902920965,90.57904894651925,90.61727028721668,5497800
2017-03-21,91.83262634277344,91.95492996014163,90.97651851646852,90.99945481854314,12540700
2017-03-22,92.19953155517578,92.61993711930037,92.05429746718791,92.2759684003114,11661400
2017-03-23,92.0695571899414,92.5052535023574,91.77144949364393,92.36002528605599,6746500
2017-03-24,92.39825439453125,92.56641893142331,92.03135525200014,92.13072255481966,5819600
2017-03-27,92.81868743896484,93.2314534446399,92.63523782480641,93.12444068373429,6878500
2017-03-28,92.19953155517578,93.11678536031803,92.10015840791777,93.09385488995309,6811200
2017-03-29,92.74986267089844,92.78043856947964,92.3982485848491,92.44411534859908,6291000
2017-03-30,92.00077056884766,92.55876466244177,91.9701946712628,92.54347962952743,7042400
2017-03-31,92.26828002929688,92.34471683886268,91.88609014971314,91.93959649958467,5144800
2017-04-03,93.19894409179688,93.35214714702653,92.22612952850936,92.26442590924252,12996500
2017-04-04,92.69340515136719,93.13767948052062,92.6474413045513,92.96916485586245,6976700
2017-04-05,92.97687530517578,93.08411460397859,92.19555957902625,92.34875690757212,8555200
2017-04-06,92.8389892578125,92.99985403952624,92.31811019331481,92.8696298903245,6497000
2017-04-07,92.46361541748047,93.6432530073726,92.44829802929262,93.32919103056395,10270000
2017-04-10,92.89258575439453,93.16068976103585,92.68576884160723,92.7930081066231,5314500
2017-04-11,93.77351379394531,93.94969598057057,93.237317302657,93.29859857140522,11297400
2017-04-12,94.28669738769531,94.3633018681538,93.67390245273691,93.84242295918341,11532500
2017-04-13,94.57777404785156,94.7845909365626,94.14881703772441,94.56245081514648,8396700
2017-04-17,94.28669738769531,94.63906163432056,94.11052110848405,94.57011877072819,8015000
2017-04-18,95.52000427246094,95.73448874727309,94.63911073121182,94.87656838033764,11529700
2017-04-19,94.99909210205078,95.11399299834277,94.75397291720896,95.06037335928681,7344000
2017-04-20,94.63142395019531,94.92250117960779,94.32502348317529,94.61610071258777,7932900
2017-04-21,94.63142395019531,95.16762038440324,94.59312170027926,94.8459025238785,9798500
2017-04-24,94.16416931152344,94.34035148829679,93.8041491828889,93.8730920674013,8066400
2017-04-25,93.03045654296875,93.80411617412491,92.9768369157065,93.6126166704596,8122300
2017-04-26,93.5436782836914,93.55899567235573,93.01513779120707,93.08407480634799,5766200
2017-04-27,93.51306915283203,93.71988611200149,93.13007002213803,93.26028832398929,4978300
2017-04-28,93.71990966796875,93.78885256775561,93.1071144112975,93.14541082753072,8166300
2017-05-01,92.94078063964844,93.75443276288912,92.65676723044704,93.40901595563268,8795900
2017-05-02,93.4166488647461,93.47805809356761,92.83327875986086,92.85630575659232,6727800
2017-05-03,93.47809600830078,93.946331319445,93.30155172421553,93.81584104750219,8932900
2017-05-04,93.01753234863281,93.04823697352693,92.62605570161828,92.8870420850641,9707200
2017-05-05,93.10194396972656,93.2401118170389,92.79490365833173,93.17102496522931,5605400
2017-05-08,92.59536743164062,92.98684414780082,92.51860878400181,92.96381713914012,8057800
2017-05-09,92.58766174316406,92.5953335057005,92.21921217066054,92.40343402875867,5536700
2017-05-10,92.48023986816406,92.92544240300104,92.23460866206749,92.81030735038539,6517000
2017-05-11,92.48023986816406,92.54932089973346,92.04270909929485,92.11179013086425,7479800
2017-05-12,93.17875671386719,93.25551537223062,92.86404445768405,92.88707146956204,7463900
2017-05-15,92.92543029785156,93.04057119177801,92.68747674503024,92.92543029785156,5173200
2017-05-16,93.2708511352539,93.56253631863179,92.96381070962461,92.96381070962461,6722700
2017-05-17,94.62944793701172,94.82902498809509,93.946286420621,94.13050823745628,11236400
2017-05-18,94.73690032958984,95.13605438616062,94.56035615004551,94.99020895899376,8350500
2017-05-19,94.9595718383789,95.01330347768467,94.42225544532113,94.69091364185002,11277400
2017-05-22,94.69856262207031,94.84440225247155,94.61412637779755,94.72926724328839,4062900
2017-05-23,94.06143951416016,94.89044658244768,94.0153855180242,94.80601035199395,7901300
2017-05-24,94.59110260009766,94.61412960271916,94.06145811457145,94.26103523113765,7355200
2017-05-25,94.621826171875,94.62950379353087,94.23035531206659,94.42992662464403,6464800
2017-05-26,94.78303527832031,94.98260660844383,94.60648510256956,94.83676692201664,2963800
2017-05-30,95.25121307373047,95.2895953082206,94.98255500121984,95.20515907738772,4819400
2017-05-31,95.48918914794922,95.6810886414715,95.20517578926544,95.22053102827958,8000200
2017-06-01,95.49919891357422,95.52996859010841,95.12228064628286,95.15304445410133,9037300
2017-06-02,96.62994384765625,96.74532277997497,96.19148629870078,96.32225300113852,13245000
2017-06-05,96.02999114990234,96.27614864280595,95.98383955434174,96.0761486141806,6775500
2017-06-06,96.55301666259766,96.82224982104694,96.46071351681141,96.68378923365279,12841500
2017-06-07,96.09147644042969,96.55300974242611,95.99147941675668,96.33762792607541,12852400
2017-06-08,95.837646484375,96.06072222110654,95.61457661635875,96.06072222110654,8758600
2017-06-09,95.69148254394531,95.87609469113012,95.3684098191933,95.44533105812745,5130500
2017-06-12,95.66069793701172,96.14530694846702,95.49146771655364,95.5453131622709,4335800
2017-06-13,95.67611694335938,95.78380787656235,95.37611993390601,95.39150770648685,4742600
2017-06-14,97.15303039550781,97.46840930339319,96.71457278395896,96.86072140866484,20212300
2017-06-15,96.99919891357422,97.17612311373247,96.79151090085651,96.99150502607604,5863700
2017-06-16,97.19149017333984,97.2607234128143,96.9299567255192,96.98380219234791,6672500
2017-06-19,97.05306243896484,97.29152604602571,96.94537146882809,97.16844729803071,5641300
2017-06-20,97.9222412109375,97.99916245578326,97.52993523289484,97.52993523289484,8405700
2017-06-21,98.12226867675781,98.1838080410697,97.62227748069499,97.7761200227579,5914800
2017-06-22,98.33759307861328,98.36067472827047,97.92990529870359,98.23759607161897,6608100
2017-06-23,98.29147338867188,98.38378241109257,97.99917028741255,98.05301574997914,4329900
2017-06-26,98.66071319580078,98.89918260927949,98.58379780147455,98.66841295143607,5541600
2017-06-27,97.60687255859375,98.06840597242136,97.39918457642185,98.02225439165333,8354200
2017-06-28,97.28379821777344,97.46841040664269,96.90687995378995,97.43764073037853,7357900
2017-06-29,96.4684066772461,96.7068642936891,96.07610070445702,96.16071583326867,9115800
2017-06-30,96.245361328125,96.45304933882572,96.0376674487077,96.29920680265604,10189800
2017-07-03,95.93547058105469,96.38254392999741,95.59631067760272,96.3517106768798,11021100
2017-07-05,95.95858001708984,96.08191301152327,95.67338275893404,95.7350433753099,11394500
2017-07-06,95.16471099853516,95.30345777602363,94.75618045394269,95.21095796408297,10853100
2017-07-07,94.59423828125,94.83318859605228,94.49402875761763,94.68673214202994,9401800
2017-07-10,94.73301696777344,94.88717737506472,94.56343699124747,94.709893494764,3859200
2017-07-11,94.89488983154297,95.06446981284363,94.58656312743656,94.7021863765818,4425600
2017-07-12,95.5500717163086,95.61173822769265,95.18778831297996,95.49611498905809,7839900
2017-07-13,94.9488296508789,95.31111302260878,94.66362647123499,95.27256998614494,7449300
2017-07-14,95.0644302368164,95.70420685234599,94.9025601077379,95.65795404343763,6566800
2017-07-17,95.32654571533203,95.57320590769237,95.01821900467091,95.06447183381795,4737300
2017-07-18,96.15901947021484,96.17443315831072,95.75819889045476,95.91235929478346,9163000
2017-07-19,96.19754028320312,96.3594104345974,96.03566425096774,96.1821207178278,5140900
2017-07-20,96.47502899169922,96.91439249021654,96.32857253191317,96.72939299969495,12239100
2017-07-21,96.88361358642578,97.14568752374113,96.79111378927936,96.91444685214125,6201500
2017-07-24,96.50587463378906,96.86045411734544,96.4750472603721,96.69857806227573,5378500
2017-07-25,95.24946594238281,95.72737264012979,95.17238573457662,95.68882959580526,9743300
2017-07-26,95.40364074707031,95.65030097775791,94.87178311640118,95.0182337690682,8459500
2017-07-27,94.93345642089844,95.10303056341526,94.67137659911025,94.8949133680094,6390800
2017-07-28,95.4961166381836,95.57319683832368,95.01050608454302,95.01820998796741,5491800
2017-07-31,95.61173248291016,95.61944226658048,95.11841218316295,95.16465912350117,5464600
2017-08-01,96.28302001953125,96.33709400903001,95.13973970052236,95.15518688596936,9676800
2017-08-02,96.33708190917969,96.69242606605819,96.31390818710837,96.38342935332233,5745600
2017-08-03,97.33362579345703,97.34907298213442,96.76198551440861,96.78515924423672,10324500
2017-08-04,96.50702667236328,96.70014887366925,96.12850880801771,96.67697515249203,8485500
2017-08-07,96.61519622802734,96.63836995438412,96.25985200543616,96.43752116992016,4684600
2017-08-08,96.26753997802734,96.54563637014192,95.90446936089882,96.46066214512798,6197400
2017-08-09,96.79289245605469,97.2950056865988,96.71563882647146,97.27955849685684,9221800
2017-08-10,97.61943054199219,97.67350453264135,96.96281022087997,97.04006383062702,10378200
2017-08-11,97.66575622558594,97.68892994589599,96.98596822413019,97.1559108042779,5717800
2017-08-14,97.16365051269531,97.5498949532092,97.12502960481739,97.32587247047644,5111000
2017-08-15,96.75421142578125,96.9782338600695,96.33706681299843,96.35251988770585,7473200
2017-08-16,97.10958099365234,97.349050671827,96.41433979002288,96.42979286878281,5283800
2017-08-17,97.83573913574219,97.85891286420897,96.9551020922617,97.1018710037593,9364700
2017-08-18,97.8125228881836,98.22194096278622,97.53442648022309,98.09061929614408,8382500
2017-08-21,98.05200958251953,98.12153074980881,97.7198391425746,97.92840853806459,7669800
2017-08-22,97.67349243164062,97.95930953525152,97.54216484751488,97.94386235138967,6140700
2017-08-23,98.33780670166016,98.3455273446904,97.92066212682258,98.13695800408192,7446400
2017-08-24,97.97476959228516,98.34556096760632,97.88979534093602,98.01339050150219,5569400
2017-08-25,98.35331726074219,98.45373872743312,98.00569950451447,98.12156816084075,7303300
2017-08-28,98.29151916503906,98.40739371787815,97.89755393646055,98.04432286934046,4448500
2017-08-29,98.60822296142578,99.28029051948705,98.34557363425733,99.23394306500813,7659400
2017-08-30,98.57732391357422,98.67774536406216,98.36874857859165,98.46144938231984,4735200
2017-08-31,98.870849609375,98.90174987165605,98.5464056958576,98.60047968144383,7978400
2017-09-01,98.11457061767578,98.57127465994908,97.8668654290725,98.54805322129214,14128600
2017-09-05,99.67047882080078,99.70144861731686,98.8422198425032,98.8422198425032,15215700
2017-09-06,99.05894470214844,99.85624556288441,98.88090383633255,99.63950426937451,9066400
2017-09-07,100.0730209350586,100.29751065861481,99.33764759511928,99.33764759511928,13618900
2017-09-08,99.85629272460938,99.98014832554429,99.52344408505705,99.9414419738121,9808500
2017-09-11,98.6641845703125,99.12089460282128,98.50937101345856,98.98156003934929,17856700
2017-09-12,98.14556884765625,98.37778922124197,97.94430646594094,98.34683122937156,7557400
2017-09-13,97.75849914550781,98.24616709636267,97.75075669702376,98.23843055363642,6740000
2017-09-14,98.16105651855469,98.17654142161797,97.7895015256776,97.82046542604404,6674500
2017-09-15,98.19975280761719,98.31586594565286,97.9520475358289,98.3081234949146,9769200
2017-09-18,97.63465118408203,97.97524807476879,97.41016740665287,97.921062742683,6863000
2017-09-19,97.39471435546875,97.77401178109564,97.32505001241394,97.7507903334107,5554900
2017-09-20,97.46434020996094,97.57271085363513,97.01537274002094,97.51078308417641,8037000
2017-09-21,97.41017150878906,97.96750975128955,97.39469251572339,97.65788264390797,6147800
2017-09-22,97.68888092041016,98.09914822784079,97.58051020697896,97.92110725248328,5660700
2017-09-25,98.30033111572266,98.51707238023081,97.68880774471378,97.78169938911293,9679000
2017-09-26,98.12237548828125,98.22300375506381,97.86692768903171,98.13011203558364,7251900
2017-09-27,96.64386749267578,96.9922069664743,96.45808998343956,96.65935239680577,12145700
2017-09-28,96.35746765136719,96.48905981575659,95.96268525243806,96.1484627730914,8883700
2017-09-29,96.57415771484375,96.7831565762056,96.19485451696232,96.57415771484375,11285500
2017-10-02,96.39730834960938,96.9557745578966,96.36628179162555,96.80839988690113,7860700
2017-10-03,96.49041748046875,96.57573906154381,96.11810458871277,96.11810458871277,6219800
2017-10-04,96.4981689453125,96.6377796126639,96.08707139316623,96.59124272354677,7447000
2017-10-05,96.13359832763672,96.4128314516606,95.9396867647152,96.38955709323255,8180300
2017-10-06,95.8621597290039,96.25774114897413,95.42779952995511,95.62946930139086,10375000
2017-10-09,96.16462707519531,96.22667427928096,95.90090426641355,96.00949427070269,3590900
2017-10-10,96.31977081298828,96.85496872612504,96.19566454768196,96.28874424666171,6666800
2017-10-11,96.50591278076172,96.69207215651372,96.38181244797214,96.62226091117878,4385900
2017-10-12,96.91702270507812,96.94029706973176,96.36631442919938,96.60676885558402,7141600
2017-10-13,97.61510467529297,97.68491593309396,97.08766485190183,97.40568273731556,7746900
2017-10-16,97.54525756835938,97.65384755158692,97.25050825584724,97.36685635722253,5737300
2017-10-17,97.66938018798828,97.80123863807898,97.25828859787514,97.25828859787514,4969600
2017-10-18,97.025634765625,97.09544604001083,96.707622722375,96.99461410780262,5943800
2017-10-19,97.19624328613281,97.73919928768865,97.16521672166859,97.52977145698314,8966500
2017-10-20,96.16462707519531,96.39731740536715,95.90090426641355,96.18013739678888,12326900
2017-10-23,96.33526611328125,96.5602042457843,96.19564954544182,96.30424546950495,6871100
2017-10-24,95.73799896240234,95.93966860663073,95.52081899986875,95.6914620897766,6842800
2017-10-25,95.2803726196289,95.38896852765127,94.95460264869372,95.03992420075446,9961400
2017-10-26,94.9623794555664,95.45103450813454,94.9623794555664,95.45103450813454,8179400
2017-10-27,95.59065246582031,95.66046371303253,95.21058741943526,95.35796211644069,10480900
2017-10-30,96.50591278076172,96.53693934338706,95.83885647859643,96.07155273943054,9051600
2017-10-31,96.53697204589844,96.69210491157733,96.49043514505163,96.59126706945761,4424300
2017-11-01,96.9667739868164,97.26991613247603,96.61699641266846,96.65585729299451,8940400
2017-11-02,97.39432525634766,97.5653238745789,97.09895160707205,97.16113615747167,7222700
2017-11-03,97.65857696533203,97.70521240167494,97.26993251515792,97.52643927553132,10984100
2017-11-06,98.02391815185547,98.10942041792136,97.72077591043806,97.8840058919517,6246700
2017-11-07,98.43587493896484,98.54469492062454,98.03945590277925,98.1171895441741,6422700
2017-11-08,98.21818542480469,98.56019429761777,98.1015909517783,98.39695847723608,3356200
2017-11-09,97.93840026855469,98.12494794193134,97.58862263969301,97.83735484760976,6280400
2017-11-10,96.46150970458984,97.03670158206812,96.35268977993832,96.93565620353202,11981000
2017-11-13,96.66362762451172,97.01340518340174,96.62476081563842,97.00563656582102,5880800
2017-11-14,97.31654357910156,97.34763583895786,96.98230919844927,96.98230919844927,6195900
2017-11-15,98.37364959716797,98.45915182304459,97.65854546278331,97.98500527236217,9568200
2017-11-16,97.51868438720703,98.194928001738,97.51090983616785,97.94619574068838,5894900
2017-11-17,98.24150085449219,98.28036765467982,97.9072665356983,97.9927687519182,6938800
2017-11-20,98.20267486572266,98.23376713274597,97.86844633826999,97.86844633826999,4232300
2017-11-21,98.51355743408203,98.94106854455643,98.17932309232245,98.78560726336505,5818400
2017-11-22,98.83226776123047,98.87112864137633,98.3348034255192,98.42030566417982,4140700
2017-11-24,98.56021881103516,98.73899190793011,98.47471657156619,98.66126421666088,3141400
2017-11-27,98.42029571533203,98.7545300880621,98.26483441973545,98.60684333980586,6079900
2017-11-28,98.55244445800781,98.85558660572806,98.30371228730806,98.53689536157755,5983000
2017-11-29,97.58084106445312,97.68966102694138,97.23883207935103,97.59638423184722,14547100
2017-11-30,97.25439453125,97.56530536376951,96.72583781362523,97.40207539762358,9630000
2017-12-01,98.56675720214844,99.45467533996246,97.43738347082211,98.03712130043903,24583100
2017-12-04,98.61351013183594,98.66024079942734,97.99040683296771,98.07608368512092,9609200
2017-12-05,99.10419464111328,99.30670409371227,98.48888180070516,98.50446265063368,10958900
2017-12-06,99.44691467285156,99.87529302269091,99.4313397632963,99.59490305421902,11834200
2017-12-07,98.66804504394531,99.77405385145819,98.37207420382457,99.6416403708147,13056800
2017-12-08,98.67581176757812,98.71475200588652,98.32531396868538,98.5979194062556,4786100
2017-12-11,98.47334289550781,98.98739822638123,98.45776798223814,98.80825998318115,3863800
2017-12-12,98.43437957763672,98.4577508570091,97.88137814624234,98.27081627615564,7502400
2017-12-13,99.17431640625,99.2210470806709,98.59794369073876,98.76929742008782,8532900
2017-12-14,99.59489440917969,99.68057126018142,98.75370674971914,98.95621621048261,6885000
2017-12-15,99.96879577636719,100.15571851565564,99.35347673364596,99.54819584354561,7239400
2017-12-18,99.0574951171875,99.6961734909195,98.8472011158663,99.67280815103437,7239700
2017-12-19,97.77233123779297,98.43437483829918,97.41404888860554,98.3876441665129,11045800
2017-12-20,96.68966674804688,97.13362583303167,96.54167840560116,96.82207424268128,10005800
2017-12-21,97.25321960449219,97.45615736662796,96.78490673065072,96.8083214811046,7026900
2017-12-22,97.38594055175781,97.44057697319087,97.19861652897636,97.33130413032475,3974300
2017-12-26,97.6747055053711,97.97910917899246,97.54201794608412,97.54982484807789,3168400
2017-12-27,98.9469223022461,99.11083741268405,98.11176272607844,98.11956962536581,9059700
2017-12-28,98.86111450195312,98.99380207466203,98.63476196060864,98.75964263053407,5297100
2017-12-29,99.01717376708984,99.22011146675155,98.72057709444539,98.7361849383027,7580500
2018-01-02,97.94786834716797,98.74400545684432,97.62004998667548,98.72839165591405,16238200
2018-01-03,98.41622924804688,98.50208733037066,97.94791622486825,98.34598497428551,8605100
2018-01-04,98.40060424804688,98.47085446449027,97.85424014202992,98.0727857844367,9217900
2018-01-05,98.11956787109375,98.48641471708957,97.84638595011364,98.24445443778137,10915400
2018-01-08,98.05716705322266,98.36937765023104,97.69812695088565,98.33815599503802,8850600
2018-01-09,96.74590301513672,97.43276763104289,96.63663018168307,97.41715382345076,16226400
2018-01-10,96.62879180908203,96.73025769944252,95.73899567847317,95.85606941545817,14302600
2018-01-11,97.02684020996094,97.24538576020936,96.24631698483395,96.40242520281113,12511000
2018-01-12,97.19075775146484,97.40150237517243,96.71464402161767,96.862939397831,9987100
2018-01-16,97.59666442871094,97.78398841145584,97.2220105082991,97.69813034542234,9125900
2018-01-17,97.46394348144531,98.06494378295912,97.25319886246514,97.62785265458544,8327000
2018-01-18,96.55858612060547,96.99567748661447,96.42589852091321,96.73030228722993,10843900
2018-01-19,96.05123901367188,96.44150084090757,95.98880164705558,96.31662015275205,11374300
2018-01-22,96.1448974609375,96.55857401690176,95.99659607109278,96.35563621315463,8984700
2018-01-23,96.55858612060547,96.94104106586335,96.19173902916654,96.63663729954662,12325700
2018-01-24,96.03560638427734,96.10585063669429,95.64534465772628,95.8873050226131,9038900
2018-01-25,96.82392883300781,96.90197998096039,95.84827459629842,96.1292634928644,12173300
2018-01-26,96.46487426757812,96.71464744672015,96.08241950812751,96.69122674498533,6462900
2018-01-29,95.79366302490234,95.98098701952307,95.45803764229058,95.98098701952307,12223000
2018-01-30,95.23168182373047,95.51267078349682,94.98971546925698,95.44242056609411,12064400
2018-01-31,95.79366302490234,95.94976536126588,95.1770486728983,95.9029358513413,18045100
2018-02-01,94.40532684326172,95.83666011047437,94.35057668389226,95.79755626367894,18632800
2018-02-02,93.52936553955078,94.06122702254062,93.26343181439465,93.97519016740091,23944400
2018-02-05,94.41313171386719,95.28131690666349,92.7940847805776,93.20862247370547,28606200
2018-02-06,93.82656860351562,94.53832687030447,93.638854563823,94.18635633264387,10935400
2018-02-07,92.93494415283203,94.11599081637068,92.73158374151865,93.95955743562065,16271100
2018-02-08,92.83326721191406,93.21651855309624,92.1762589454213,92.30140565040024,15155100
2018-02-09,92.24661254882812,93.14607871133913,92.12928905931608,92.37957638552551,15661600
2018-02-12,92.65333557128906,93.31034359141059,92.44215804498067,92.73154924890991,10944600
2018-02-13,93.06786346435547,93.08350977859635,92.59857548157683,92.77064913430377,8157600
2018-02-14,92.03543853759766,92.71591007287914,91.87901118037765,92.65333674306267,12043300
2018-02-15,92.3482894897461,92.91926062135308,92.2857161665222,92.44214947458192,8222400
2018-02-16,92.84883117675781,93.23990535708313,92.55943413508244,93.10694156792894,8454100
2018-02-20,92.44216918945312,92.69245656840617,92.12148531502982,92.51255971760156,8268800
2018-02-21,91.30803680419922,92.52036966599762,91.12814594640211,92.481259844396,12054300
2018-02-22,91.58180236816406,92.02763292369987,91.51141183875646,91.69912588449864,9317900
2018-02-23,92.39522552490234,92.53601253224977,92.07454765486281,92.19968834621544,9072900
2018-02-26,92.42648315429688,93.00527731785631,92.32480600155661,92.82538054435665,8771600
2018-02-27,92.29352569580078,92.80974658519243,91.71473745974441,92.70024030205992,12525700
2018-02-28,92.88013458251953,92.94270789481602,92.48906033164577,92.66113395680135,9311600
2018-03-01,93.5141830444336,93.74930322854121,92.59722508925225,92.81666740543021,12287700
2018-03-02,92.75399780273438,93.20856044960244,92.57374411889964,93.14586091637445,10064300
2018-03-05,92.50315856933594,93.1066308056418,92.1896670421053,93.06744212248039,5658200
2018-03-06,92.58938598632812,93.01259872933676,92.57371409778172,92.76180665711179,5452000
2018-03-07,92.48748016357422,93.01257499653954,92.4482914831755,92.92636468314485,4461800
2018-03-08,93.0204849243164,93.25559924809514,92.6834823454783,92.72266507642924,7086700
2018-03-09,92.40911865234375,92.69125445980755,92.15832063796923,92.47181217658361,6570400
2018-03-12,92.94207763671875,92.99694420526251,92.6285919724192,92.72263527996675,5801300
2018-03-13,93.41226959228516,93.55334045971834,92.62854387973466,92.72258713845503,7455300
2018-03-14,94.23522186279297,94.36062090525486,93.55338400231165,93.5768948279344,10175000
2018-03-15,94.23522186279297,94.43115338212309,93.99226869221737,94.18036127655475,6757900
2018-03-16,93.89826965332031,94.05501854027064,93.69450506932286,93.89043669349178,6084300
2018-03-19,93.60037994384766,94.0235926268773,93.42012036466039,93.42795929749997,8491200
2018-03-20,93.22418975830078,93.4357990914427,93.13014648077448,93.19284598536126,5446000
2018-03-21,93.32609558105469,93.59255955686321,92.56588038752862,92.99693208881298,9742400
2018-03-22,94.25091552734375,94.68980029079775,93.7885139549706,94.29009825016274,12136600
2018-03-23,94.18035125732422,94.29007241812813,93.74930554826737,93.79632719451052,7250400
2018-03-26,93.81983184814453,94.39978737130724,93.78848209292568,94.04711308896539,8237900
2018-03-27,94.8230209350586,94.92490915674837,93.89822388061907,93.9139017513509,9168500
2018-03-28,95.07378387451172,95.33241484801192,94.79164208148494,95.18350501853837,7412500
2018-03-29,95.53622436523438,95.84187710293223,95.23057162753652,95.25408245668922,9694300
2018-04-02,95.72467803955078,96.1016731809671,95.15919431562806,95.3084164408238,12036500
2018-04-03,94.98644256591797,95.4105600201336,94.90004793679238,95.31630969959562,9855000
2018-04-04,94.79007720947266,95.39483352541303,94.71938798223314,95.30843890997356,6654300
2018-04-05,94.0832290649414,94.46021835986674,94.06751768223971,94.32670156758638,7603700
2018-04-06,95.11205291748047,95.15132536145033,94.42090224540004,94.76648057750708,8831200
2018-04-09,95.26919555664062,95.26919555664062,94.52306060520161,94.75082773824273,6307500
2018-04-10,95.09636688232422,95.33198361767812,94.86074415483546,95.19061117961184,6046000
2018-04-11,95.43409729003906,95.73254757573638,95.24559669599675,95.70113081006265,5901300
2018-04-12,94.73509216308594,95.08852029601672,94.5701586349092,95.0649592194394,6622800
2018-04-13,94.95499420166016,95.13563309908982,94.6408325631894,94.65653794865226,4964000
2018-04-16,94.98644256591797,95.01000364801826,94.38953585345114,94.42880831837617,4491300
2018-04-17,95.24555969238281,95.48903803372714,94.89213170209976,94.97067058970345,5590400
2018-04-18,94.4837417602539,95.300553519079,94.46803038481455,95.2612870647487,8138400
2018-04-19,93.71406555175781,93.87899907521083,93.3135092850089,93.79260446881135,9875800
2018-04-20,93.03865814208984,93.56487569297703,93.01509705654829,93.37638101650685,7579400
2018-04-23,93.06217956542969,93.16428554877682,92.74016821337032,92.93651849871767,7073200
2018-04-24,92.63806915283203,93.03076975287308,92.48884699946865,92.84227514265136,8190800
2018-04-25,92.01760864257812,92.40245355769164,91.84481941763124,92.213958945084,6603800
2018-04-26,92.66162872314453,92.77943409991438,92.35531676713748,92.46527843901458,6528600
2018-04-27,93.37632751464844,93.42344965873195,93.02289944975341,93.04646052179517,5401800
2018-04-30,93.541259765625,93.90254351376842,93.4155987190306,93.52555438185102,8321100
2018-05-01,93.20438385009766,93.54284513855947,93.0626997269841,93.48774609097897,7979200
2018-05-02,93.10206604003906,93.56647751191069,93.08632602649018,93.38543432669205,4644000
2018-05-03,93.51924896240234,93.91281537467451,93.41692385713644,93.54286198628317,6345300
2018-05-04,93.66094207763672,93.84985829746294,93.26737562768658,93.84985829746294,4283500
2018-05-07,93.51136779785156,93.68453194853821,93.46413575189524,93.64517891647822,3647800
2018-05-08,93.42475891113281,93.66876806589678,93.11777771470575,93.31456084089461,6091200
2018-05-09,92.86592864990234,93.21226299179068,92.86592864990234,92.97612675941407,7832500
2018-05-10,93.61369323730469,93.65305227485764,93.15715482521266,93.31458497007853,7101500
2018-05-11,93.84983825683594,93.95216335004747,93.52711095422501,93.92067732013327,4273400
2018-05-14,93.35391998291016,93.66090119946193,93.34604697585003,93.51135009738852,4996200
2018-05-15,92.29130554199219,92.55106076433151,91.85838017142666,92.53531474794057,12901000
2018-05-16,91.93711853027344,92.51172214307996,91.92924552034066,92.42513704986028,6518000
2018-05-17,91.47268676757812,91.95283817622034,91.37822868534917,91.80328104736093,7330300
2018-05-18,92.25978088378906,92.32275291229398,91.70879064772907,91.70879064772907,9606500
2018-05-21,92.30706024169922,92.39364532959046,92.05517798747378,92.19686213080976,4448500
2018-05-22,92.16535186767578,92.37000802209974,91.9764417280087,92.32278198851924,4700700
2018-05-23,92.83444213867188,92.96825327019593,92.61404592078603,92.68488498852939,9634000
2018-05-24,93.57432556152344,93.71600967615028,93.38541541046945,93.42477444438902,8204100
2018-05-25,94.15682220458984,94.32998636599582,94.03875109040905,94.10959015570972,8482800
2018-05-29,96.21912384033203,96.43952009107748,94.79441521562214,95.077783539537,21668100
2018-05-30,95.57364654541016,95.62087858884755,95.038396094103,95.24305226807665,11616300
2018-05-31,95.41618347167969,96.01440573318095,95.20365437631725,95.68380558543306,10769900
2018-06-01,94.91207885742188,95.23554996965052,94.55704254091836,94.80951000142575,8718800
2018-06-04,94.22570037841797,94.78586248870452,94.17836460043048,94.76219459971078,7156500
2018-06-05,94.44657135009766,94.80160760249663,94.37556771119664,94.64381170610888,5635900
2018-06-06,93.68128204345703,93.96530865050526,93.42881461711396,93.9495320698018,7813300
2018-06-07,94.58856964111328,95.06194521658155,93.63392719178479,93.64181849017676,13238300
2018-06-08,94.30458068847656,94.55704816399756,94.23357703253288,94.32824857379111,6790600
2018-06-11,94.13099670410156,94.19411507011806,93.83908479504795,93.94164762535075,6844200
2018-06-12,94.15470886230469,94.2493864558511,93.79967842028333,93.83123761813214,6048200
2018-06-13,94.10733032226562,94.39135695457014,93.59450412397696,94.24145233771532,8834700
2018-06-14,94.88841247558594,94.91208638066861,94.26513808563163,94.5018229627625,10078800
2018-06-15,94.9752197265625,95.53538188466169,94.91210735695901,95.33025614967383,7992800
2018-06-18,94.88841247558594,95.11721207032213,94.70695467171555,95.05409971466695,4893700
2018-06-19,95.4406967163086,95.64582844135744,95.22767368894633,95.4406967163086,6133300
2018-06-20,94.60437774658203,95.29866170985251,94.5964864460623,95.28287910881305,6879100
2018-06-21,95.1014404296875,95.26712165808122,94.8489729360447,94.95942708830718,7235800
2018-06-22,95.09355926513672,95.16456895304687,94.72274627759609,94.74641416713264,4082500
2018-06-25,95.30656433105469,95.55114050252983,95.1803275849389,95.19611018785305,8363700
2018-06-26,95.4406967163086,95.4880324915891,95.19612051829266,95.28290076654024,5450000
2018-06-27,96.3401107788086,96.39533785538005,95.89829416623698,96.05608409378401,8173400
2018-06-28,96.36376190185547,96.45054815269833,96.11918575091588,96.35587060106097,7109500
2018-06-29,96.03239440917969,96.6477834139522,95.97716734514366,96.38742467522582,11164700
2018-07-02,95.9572982788086,96.27359878324516,95.90985531466873,96.26568961157841,9662000
2018-07-03,96.4712905883789,96.49501207161535,96.0996379298597,96.0996379298597,3808800
2018-07-05,96.74797058105469,96.89030539467883,96.47911928472332,96.51865304616439,3860400
2018-07-06,97.06434631347656,97.19877206617036,96.85084694348818,97.06434631347656,4679900
2018-07-09,96.43965911865234,96.6373461878607,96.39221615258012,96.52664191173847,5952700
2018-07-10,96.43171691894531,96.57405180134306,96.32101268073912,96.3684616634907,5759700
2018-07-11,96.80338287353516,96.90618398964823,96.542434547458,96.82710435173684,6869100
2018-07-12,96.7955093383789,96.8429523092914,96.58200390341024,96.60572538886649,4824700
2018-07-13,97.04059600830078,97.1592094154769,96.84290900731678,96.95361324523354,4079000
2018-07-16,96.6373291015625,96.70059040042737,96.18660290477688,96.6373291015625,5517100
2018-07-17,96.45547485351562,96.77967850112374,96.39221354517683,96.70060488216545,3764300
2018-07-18,96.06802368164062,96.50293772502133,95.98895004637096,96.48711937820839,6330000
2018-07-19,96.67687225341797,96.82711030223791,96.28940130921407,96.31312882180328,6166700
2018-07-20,95.49076843261719,96.14708495057928,95.4433194312129,96.13918181112096,10469500
2018-07-23,94.31253051757812,95.19026145901182,94.24136607888714,95.19026145901182,11571800
2018-07-24,94.63671112060547,94.7474153465533,94.20970652069478,94.32041074664261,9053500
2018-07-25,94.48646545410156,95.09534471922917,94.30459681443948,94.90556087837167,7357900
2018-07-26,94.30460357666016,94.79486345171067,94.22552998709668,94.66043774615993,6821100
2018-07-27,94.46273803710938,94.786947553474,94.41529509634475,94.7711292179342,4542000
2018-07-30,94.13854217529297,94.42321190878285,94.07528089386682,94.09109319775943,7111200
2018-07-31,94.65254211425781,94.77906470199683,94.5418378664507,94.72371257809327,6797400
2018-08-01,93.88146209716797,94.18261605647491,93.57238128338973,93.74673580324789,13312600
2018-08-02,94.01615142822266,94.10332865387761,93.75462579767373,94.00823062328382,4451100
2018-08-03,94.48371887207031,94.53919472695358,94.15878454602927,94.17463824537575,6162400
2018-08-06,94.53921508789062,94.97509517115911,94.52336138512973,94.73734404748976,4200200
2018-08-07,94.0478515625,94.38863360932727,93.96860118923188,94.33315774339799,5346900
2018-08-08,94.14295196533203,94.33315406303808,94.00029888044857,94.03992708874452,5640900
2018-08-09,94.93546295166016,94.96716430740818,94.40447884731542,94.49165606401863,7144100
2018-08-10,95.6249771118164,95.93405784757694,95.32381718210942,95.39514676150938,8457900
2018-08-13,95.42687225341797,95.65669661541867,95.26836539601602,95.30006676749642,7923200
2018-08-14,95.21285247802734,95.54570767949222,95.1256752519652,95.52986002312457,4251200
2018-08-15,95.76764678955078,95.99747719412322,95.55367009366238,95.62499968990402,7649800
2018-08-16,95.75969696044922,95.8389473405968,95.32381080001292,95.74384325656985,5400400
2018-08-17,95.87857055664062,96.20349891223519,95.69628925002701,95.96574173776806,3537600
2018-08-20,96.52051544189453,96.61561952981201,96.32238646021227,96.40163684360184,5603700
2018-08-21,96.195556640625,96.31443520880242,95.94987870042947,96.18763583678428,4695000
2018-08-22,96.57598114013672,96.7265610852042,96.35407767145793,96.68693287447611,5309600
2018-08-23,96.7265853881836,96.78998207629476,96.5126026707535,96.68695716749873,5328700
2018-08-24,96.91679382324219,96.94849519256005,96.2827785297209,96.38580949160843,6092200
2018-08-27,96.3619613647461,96.5838707943773,96.30648551894171,96.51254125182099,6407400
2018-08-28,95.78346252441406,95.96573777708873,95.64080943490455,95.8944142555419,4929300
2018-08-29,95.91026306152344,96.01329398910316,95.59326156673767,95.84686639041584,5613300
2018-08-30,96.1163330078125,96.25898612001501,95.95783223710608,96.14010751877677,5302900
2018-08-31,95.89444732666016,96.62356068163992,95.80727007264976,96.59978616625853,9677500
2018-09-04,95.33999633789062,95.39559719364391,95.11759291487749,95.28439548213734,18343600
2018-09-05,95.08584594726562,95.23676519387267,94.95876083962844,95.12556345217499,9422600
2018-09-06,95.43531799316406,95.63389335059468,95.06994006269639,95.12554092037541,9566000
2018-09-07,94.6251220703125,94.83958683846635,94.51392036091372,94.78398598376695,11212600
2018-09-10,94.97459411621094,94.99842218257352,94.65687242462296,94.65687242462296,6386400
2018-09-11,94.25181579589844,94.6569051843338,94.20415358664069,94.58542096050614,5440000
2018-09-12,94.47418212890625,94.65686800250963,94.44240935522808,94.56155574151202,3347200
2018-09-13,94.61720275878906,94.97463603205088,94.5060010266614,94.7919440092469,4833000
2018-09-14,94.1644058227539,94.4503547278314,93.96583053089658,94.05320414411676,5579500
2018-09-17,94.1644058227539,94.37886447154352,93.82285607835784,93.87051220919176,5433000
2018-09-18,93.17945861816406,93.7831291413625,93.06031830309021,93.77518443367877,10182300
2018-09-19,92.62347412109375,93.02062476699159,92.28986903294869,93.02062476699159,13379600
2018-09-20,93.05243682861328,93.17158328468874,92.51231147977299,92.59968514355896,8657300
2018-09-21,93.01268768310547,93.15566216975226,92.80616763349599,92.83000176463581,6173800
2018-09-24,92.77439880371094,93.14771534254639,92.71085324219237,92.72673660255286,5505500
2018-09-25,92.6791000366211,92.72675618780656,92.45669658436951,92.52024215930983,6650900
2018-09-26,93.33039093017578,93.39393648053716,92.66318083149281,92.87763948891599,9512700
2018-09-27,93.39395141601562,93.44955226646418,93.01268411291255,93.12388581380966,5758500
2018-09-28,93.14767456054688,93.6560327700873,93.10796314701298,93.60837058979672,12807700
2018-10-01,92.46390533447266,93.00523536477125,92.4400241097407,92.86990437558576,22442400
2018-10-02,93.02910614013672,93.24404321213842,92.82212542644756,92.87785030241511,8266900
2018-10-03,91.41307067871094,92.63106148529457,90.94338441639154,92.55941175184854,20829200
2018-10-04,90.76828002929688,91.06282935311857,90.52149923614425,90.85584858303962,16207400
2018-10-05,89.98808288574219,90.52941270995385,89.65373371966996,90.26670719080238,18096500
2018-10-08,89.68560791015625,90.04383841387484,89.66968304526951,89.94830744522356,5855900
2018-10-09,90.59315490722656,90.63295493289746,90.01201865569762,90.0677435504833,11530800
2018-10-10,90.34635925292969,90.41800900987386,89.78911035917469,90.06773480605219,15290100
2018-10-11,91.44491577148438,91.66781525939862,90.5851553979104,90.75233001384608,16086800
2018-10-12,91.12651824951172,91.55639859159959,90.97526236797403,91.06283092322661,6794100
2018-10-15,91.08670043945312,91.4051309563743,90.98321310271544,91.27776239373999,7146300
2018-10-16,91.29366302490234,91.32550667761531,90.87970768674525,91.06280109790013,4762300
2018-10-17,90.75233459472656,91.38123308083252,90.73641580488153,91.2777457629502,5880700
2018-10-18,90.72050476074219,91.06281649333447,90.39411789397658,90.4498427772564,5728800
2018-10-19,90.52149200439453,90.7125478911345,90.28267366435885,90.63294177778928,10892400
2018-10-22,90.4020767211914,90.81603821419078,90.37819549535624,90.71254480416248,3244200
2018-10-23,90.68865203857422,91.56433129125985,90.62496472874642,91.35735664465375,10330700
2018-10-24,91.37329864501953,91.40514230802202,90.94341830482246,91.03894929382993,16008000
2018-10-25,90.99115753173828,91.3414255648439,90.93543265781994,91.1822133746646,12613200
2018-10-26,91.54045867919922,91.80316430178311,91.38124646320962,91.49269622911369,18582500
2018-10-29,91.33349609375,91.56435201540307,90.95934065577273,91.42105857263641,7679900
2018-10-30,90.87973022460938,91.18223589006934,90.76827437569546,90.95933633935597,9939500
2018-10-31,90.41795349121094,90.72045898013883,90.12340435762458,90.54532198576607,8706400
2018-11-01,90.50180053710938,90.62149648334932,90.046931588204,90.05491334738613,6100200
2018-11-02,89.37659454345703,90.38208293679418,89.29679523027413,90.31025929312143,11314800
2018-11-05,89.72772979736328,89.94318857812844,89.65590614490951,89.75965074419851,4760200
2018-11-06,89.67186737060547,89.95914979648192,89.63994642458609,89.85540519984447,3159900
2018-11-07,89.7916030883789,90.49385203532823,89.70382805831086,90.3262715607064,9313100
2018-11-08,89.78357696533203,90.15065866847453,89.70377765391797,90.14267691084396,6905100
2018-11-09,90.45389556884766,90.57359757625541,89.95115444369148,89.97509362751363,6465300
2018-11-12,91.04440307617188,91.21996518028155,90.90076799640508,90.9326828441559,6840000
2018-11-13,90.98857116699219,90.98857116699219,90.55765361751355,90.7411914463104,6525800
2018-11-14,91.04440307617188,91.38754552830551,90.41398437620862,90.55762554427145,8690800
2018-11-15,91.00452423095703,91.40352687696002,90.7172418387711,91.32372756541886,7879600
2018-11-16,91.53124237060547,91.61902347605351,90.90879895982826,91.13223955976883,9236700
2018-11-19,91.78659057617188,91.78659057617188,91.29981281898597,91.29981281898597,7027200
2018-11-20,91.81849670410156,92.13770007247331,91.71475819690734,91.96213791545397,6332600
2018-11-21,91.78659057617188,91.84245071803247,91.40355134292741,91.68285205223042,4951100
2018-11-23,91.88235473632812,92.37712034863426,91.84245202516028,92.30529668619194,3027900
2018-11-26,91.67485046386719,91.81849166734006,91.59505114822616,91.65889303605799,6599000
2018-11-27,91.7785873413086,91.97010690041276,91.57908602482179,91.61898263514095,5967200
2018-11-28,91.33168029785156,91.78654295652949,91.25986276198984,91.65088355214912,7814000
2018-11-29,91.6907958984375,91.97009649225146,91.44341015394829,91.70675332309987,7295600
2018-11-30,92.0339584350586,92.10577599414323,91.75465778034447,92.01799491861912,9127800
2018-12-03,92.68743896484375,92.68743896484375,91.71161842452543,91.72761288152965,9763800
2018-12-04,94.23915100097656,94.91902822692104,93.28731922319952,93.43129372654037,18100500
2018-12-06,94.53512573242188,95.34297712188373,94.48713015010618,94.81507453582086,15319400
2018-12-07,94.71106719970703,94.80704613101433,93.99918887877288,94.23114813347289,8608400
2018-12-10,95.10299682617188,95.40694028388408,94.73506334501776,95.0790020929873,8777700
2018-12-11,95.08698272705078,95.48691116296904,94.87102405672132,95.15897301877636,8071900
2018-12-12,94.66309356689453,94.95904291265951,94.57510879119214,94.84706339857024,6182200
2018-12-13,94.43912506103516,94.84705387995066,94.36714085309872,94.75106883361019,5564200
2018-12-14,94.76705169677734,94.99900483621029,94.55908718641861,94.82304143774806,8169200
2018-12-17,95.3189697265625,95.422955055752,94.84705696383466,94.85505114113737,9726800
2018-12-18,95.88981628417969,96.04215156371511,95.36066160915678,95.46488746958097,10018800
2018-12-19,97.15660095214844,97.5414457655487,96.14638866926096,96.29872396661325,23046300
2018-12-20,96.80379486083984,97.83805845373722,96.74767231472443,97.82202606208942,18543700
2018-12-21,96.78776550292969,97.18062333805145,96.52318515570731,97.12450079017691,9945100
2018-12-24,97.26885223388672,97.34902645765334,96.94013608137324,97.11651692689932,8377500
2018-12-26,96.22655487060547,97.32496053761206,96.18647082304774,97.0042575726488,11700400
2018-12-27,96.24258422851562,97.31693202451484,96.19448092926184,97.22072542600726,12146500
2018-12-28,97.0523910522461,97.0523910522461,96.44305587945436,96.53124936960455,9879100
2018-12-31,97.42118072509766,97.46126477572601,96.57933614219232,96.73167143852204,17409000
2019-01-02,97.93427276611328,97.94229202051854,97.28484773106238,97.54141493683973,19841500
2019-01-03,99.0487289428711,99.30529007934152,97.9984327462109,98.04653604776786,21187000
2019-01-04,97.90222930908203,98.26301633876827,97.5334230227426,98.08662939380146,12970200
2019-01-07,97.61359405517578,98.3351742079165,97.5093681896856,98.31112255564187,8498100
2019-01-08,97.35704803466797,97.76594453759137,97.32497712101699,97.56550591494872,7737100
2019-01-09,97.20466613769531,97.3570013753039,96.85189849040472,97.22070464528484,9349200
2019-01-10,96.5793228149414,97.34099307458426,96.48311009628864,97.23676110015214,8222900
2019-01-11,96.95613861083984,97.22873211105082,96.75570005472026,96.87596441177188,5786900
2019-01-14,96.59534454345703,97.02027327243559,96.40291913958464,96.93207982488545,6730500
2019-01-15,96.24258422851562,96.66751301698993,96.17042316273525,96.65949376148107,8997400
2019-01-16,96.33878326416016,96.523183296382,95.8176418342788,95.88177751854357,6048400
2019-01-17,96.36286926269531,96.63546283946907,96.12234048103528,96.3869209174811,8153400
2019-01-18,95.85774993896484,96.30673654293659,95.7214531649468,96.08224018250053,14106400
2019-01-22,96.50714874267578,96.787761470357,96.26662005214978,96.45903933443137,8881100
2019-01-23,96.4670639038086,96.70759260758736,96.07420606340902,96.1142901027728,5776800
2019-01-24,97.1004638671875,97.22072823569732,96.77976092346128,96.94011545377433,7121900
2019-01-25,96.63545989990234,96.81184685216736,96.46709220462233,96.68356320801068,6460800
2019-01-28,96.53919982910156,96.96412846050748,96.53919982910156,96.64342564459253,6435800
2019-01-29,97.02831268310547,97.04435119622048,96.5232096241918,96.63545474839482,5750100
2019-01-30,96.95613861083984,96.99622876882347,96.4750872995327,96.88397754984916,10571300
2019-01-31,97.78995513916016,97.95832277746727,97.41312970808762,97.45321986254592,11843400
2019-02-01,97.19933319091797,97.68950889380318,97.10290307321678,97.61719090356837,12024600
2019-02-04,96.76543426513672,96.86990178824936,96.4440065791465,96.78150902133397,8966200
2019-02-05,97.2073745727539,97.41630343768927,96.95827108849515,97.01452046012525,6983300
2019-02-06,97.25563049316406,97.56098961768826,97.01456427618254,97.52080884949577,5184000
2019-02-07,97.89847564697266,97.96276241699242,97.41633713327207,97.60115393367411,8781000
2019-02-08,98.3163070678711,98.41273720296785,98.09130955003457,98.24398906459045,5885400
2019-02-11,97.93059539794922,98.17969890825376,97.83416526619149,97.92255802095549,4352800
2019-02-12,97.68148040771484,97.834159908623,97.3921961590057,97.76184191180671,7939600
2019-02-13,97.31183624267578,97.54487110607467,97.15916287961711,97.35201699284589,4757700
2019-02-14,97.86631774902344,98.19577666775142,97.69756960078868,98.14756466274804,5868900
2019-02-15,98.01902770996094,98.05116496946071,97.66545654821529,97.68152517796517,5527200
2019-02-19,98.26802825927734,98.4689196394466,97.9948127942736,98.37248956990673,5872800
2019-02-20,97.98683166503906,98.09933040500982,97.70557868439063,97.99486291023588,4455800
2019-02-21,97.11092376708984,97.3600333290116,96.9903876733497,97.28770922047934,7382500
2019-02-22,97.68951416015625,97.99486701992248,97.56897803921213,97.60915878976742,6374600
2019-02-25,97.40019226074219,97.47251635763205,97.16715748521621,97.36804889887108,6293500
2019-02-26,97.88238525390625,97.89042263155584,97.52078295907215,97.81810462487815,6028900
2019-02-27,96.77347564697266,97.33596952268479,96.65293949339909,97.32793827497707,7737300
2019-02-28,96.44398498535156,96.92612947174639,96.1948814965769,96.87791134467382,9533400
2019-03-01,95.55256652832031,96.25314181694992,95.53645781842495,96.09209158003277,13541100
2019-03-04,96.30147552490234,96.4464232254975,95.87468677972605,96.05990011969308,9808500
2019-03-05,96.5027847290039,96.52694779715247,96.0437847329581,96.05183908900763,5595200
2019-03-06,96.85712432861328,97.0503859113007,96.54307195286813,96.56722888274469,7766700
2019-03-07,97.48516845703125,97.64622479551049,97.12280244687742,97.14695936173152,8187200
2019-03-08,97.89586639404297,97.9925002089299,97.31607579206519,97.53350033964279,7517600
2019-03-11,97.60594940185547,97.77505393257317,97.42074231073771,97.75895137217314,5157800
2019-03-12,98.29045104980469,98.42735050035469,97.64624400020091,97.67845527423195,6422300
2019-03-13,98.10527038574219,98.20995244684615,97.93616575918625,97.96837704191225,4386300
2019-03-14,97.39661407470703,98.048881662004,97.37245715363542,97.99251346494601,8188400
2019-03-15,98.04083251953125,98.20188276435285,97.75899151925692,98.03277816418826,4302000
2019-03-18,97.98446655273438,98.13746858937324,97.85562143900205,97.89588707296168,3893300
2019-03-19,97.76703643798828,97.93614102183066,97.34829601199269,97.5093462412695,5220200
2019-03-20,98.78972625732422,98.92661957760933,98.02472839109761,98.03277660263937,10123700
2019-03-21,99.00714874267578,99.11988514559445,98.83804413829776,99.01520309821944,7182600
2019-03-22,100.54521942138672,100.8834286785288,99.90100604653831,100.02179682228164,13077000
2019-03-25,100.70626831054688,101.41490424188522,100.26337699713437,100.5049524016301,9736300
2019-03-26,100.63377380371094,100.89145786061773,100.35193282641798,100.41634923289028,7502000
2019-03-27,101.55982971191406,101.7369825122982,100.9075621320984,100.99614160412679,14207200
2019-03-28,101.91419982910156,102.01888807073635,101.47130835896012,101.66456997968227,9143200
2019-03-29,101.8175277709961,101.84168469511171,101.17331445743672,101.20552573748203,10841400
2019-04-01,100.37130737304688,101.17027318223435,100.22604030253909,101.11378077465969,16501500
2019-04-02,100.55692291259766,100.6699077280478,100.27446087397226,100.46008230347503,9725000
2019-04-03,99.68529510498047,99.9677632288934,99.56424437439959,99.75793170053808,10407000
2019-04-04,99.96778106689453,99.98391911478193,99.62075454381895,99.7498773985486,7503400
2019-04-05,100.09688568115234,100.20987046740561,99.73372117636816,99.7660034234704,6321800
2019-04-08,99.74182891845703,100.03236310692044,99.68533650165647,99.9355224822404,4446400
2019-04-09,100.05656433105469,100.34709231849276,99.88708094900063,100.25025170841697,7020300
2019-04-10,100.29866790771484,100.49235527714852,100.15340084133699,100.29059580480207,7519900
2019-04-11,99.70955657958984,100.08885930259339,99.59657174172294,100.01622883134118,8679300
2019-04-12,98.99933624267578,99.31408052641719,98.9670539882907,99.17688556318846,7005500
2019-04-15,99.24951171875,99.25757766358868,99.03968016595837,99.08810046382959,3070000
2019-04-16,98.62810516357422,98.96705961808341,98.57161275448935,98.87021900662981,8927300
2019-04-17,98.66847229003906,98.91865211161313,98.5474153528475,98.56355340444097,6118500
2019-04-18,99.18496704101562,99.3463721709865,99.08812026870648,99.11233042248101,27589400
2019-04-22,98.70877838134766,98.91860990580301,98.65228598905686,98.83790736784601,6241200
2019-04-23,98.91862487792969,99.02353757743225,98.77335782473618,98.95090712944045,6239700
2019-04-24,99.72571563720703,99.74185369292496,99.33833457063194,99.35447878356304,7302000
2019-04-25,99.58042907714844,99.76605054635928,99.34638729301822,99.66113165441803,5380900
2019-04-26,99.91935729980469,100.08883451463238,99.78216233883136,100.05655841798836,5950700
2019-04-29,99.28182220458984,99.54814624955809,99.14462720828934,99.45130562026922,10246000
2019-04-30,99.79027557373047,99.8629060569323,99.20920707926426,99.22534513423815,7957400
2019-05-01,100.2018814086914,100.64668024168786,99.95925937605,100.03204845389627,14371900
2019-05-02,99.7247314453125,100.12909740679072,99.50637654097363,100.02396447805495,6612800
2019-05-03,100.00780487060547,100.18572073265324,99.77327184364874,100.00780487060547,6191700
2019-05-06,100.28274536132812,100.59006123070327,100.22613438091338,100.53345025028852,4482500
2019-05-07,101.05104064941406,101.20470167301524,100.59815279475913,100.71137475842286,8984900
2019-05-08,100.61433410644531,101.3341049713978,100.52537310784359,101.21279395783779,6907600
2019-05-09,101.02680969238281,101.33413183087784,100.53348263124342,101.18047076163032,9411900
2019-05-10,100.88928985595703,101.45539963559223,100.7598898091068,101.00251181188408,6037800
2019-05-13,101.68187713623047,101.84362106827389,101.29368306113656,101.41499409523688,10501600
2019-05-14,101.38264465332031,101.61717767521644,101.25324457083877,101.50395568811287,5690400
2019-05-15,102.00533294677734,102.11855489765667,101.7141890244781,102.07003296731797,9566300
2019-05-16,101.66572570800781,101.76277579477154,101.52015366293078,101.74659769524236,7666400
2019-05-17,101.89210510253906,102.14281612509966,101.64948929474475,102.12663803583345,4747100
2019-05-20,101.68187713623047,102.20754800043935,101.6171770953589,101.99728212280999,6043100
2019-05-21,101.52013397216797,101.67379503720562,101.3341290546196,101.57674496926565,4021800
2019-05-22,102.10238647460938,102.16708649736599,101.67375962158094,101.71419250820348,5675300
2019-05-23,103.25077819824219,103.59044404305605,102.6118793929208,102.61996843783544,9743700
2019-05-24,103.33975219726562,103.33975219726562,103.02434727733785,103.16183020753525,4981900
2019-05-28,104.0838623046875,104.2456063242353,103.59053502388623,103.73611327967363,8098600
2019-05-29,104.39920043945312,105.0542713192582,104.32641752842362,104.86826643320398,13260600
2019-05-30,105.29689025878906,105.32115122841701,104.23745345080386,104.59329745903968,13024800
2019-05-31,106.61515045166016,106.6717552797157,105.79024028357017,105.86302320832961,18933600
2019-06-03,107.32826232910156,107.44171665514439,106.6070143209162,106.89875578296838,17822400
2019-06-04,106.10456848144531,106.77719500744647,105.79662807558068,106.47735406613796,14250000
2019-06-05,105.50489044189453,106.12078364165275,105.44815709115085,105.77232116912506,8815200
2019-06-06,105.84526824951172,106.63944871180418,105.61026008001592,106.13700977768403,9621100
2019-06-07,106.76102447509766,107.02845526371931,106.51790445220543,106.801534174248,11378500
2019-06-10,105.75611877441406,105.91819464424411,105.61025420124588,105.90198334758223,8288700
2019-06-11,105.82095336914062,105.96681794475366,105.61025597138968,105.69128772486476,5115100
2019-06-12,105.90196228027344,105.9586956245058,105.59402189853446,105.66695417060998,5278700
2019-06-13,106.26667785644531,106.36392091286025,105.99113525394098,105.99924708570703,5560400
2019-06-14,106.53406524658203,106.73666310868025,106.23421200207402,106.24232383053693,5838800
2019-06-17,106.7204818725586,106.77720285981225,106.2666645121468,106.47736189645353,6046400
2019-06-18,107.25535583496094,107.66865118654394,106.93119170721214,107.57140813101785,10320700
2019-06-19,107.40930938720703,107.55518632183667,106.6313402878352,106.85824897228498,11962500
2019-06-20,107.69296264648438,108.1954015907461,107.44984264050068,107.70917394437588,10721500
2019-06-21,106.50975036621094,107.40118597463997,106.46924068313128,107.38497468205223,14495000
2019-06-24,107.30397033691406,107.4012133860731,107.03653958613044,107.10137240743522,6378800
2019-06-25,107.63621520996094,107.8550120325584,107.55517110601023,107.61189208630043,9604600
2019-06-26,106.94737243652344,107.53895479787863,106.8744401657249,107.52274350472555,12766800
2019-06-27,107.70105743408203,107.85503384336953,106.96361034761574,107.22292927462892,9724200
2019-06-28,107.62809753417969,107.84690671048624,107.33635608763544,107.44171094392998,8149200
2019-07-01,107.37638854980469,107.79049446366984,106.84859338405826,107.64434380813464,14131200
2019-07-02,108.20460510253906,108.31016661826769,107.55503008533017,107.64434850867379,10494300
2019-07-03,108.9760513305664,109.0409989527177,108.40765432297147,108.41578206813195,5380300
2019-07-05,107.53068542480469,107.62813161298385,106.91358405231402,107.62000386988842,12180100
2019-07-08,107.67681121826172,108.17212017129344,107.67681121826172,108.03408487485483,6490000
2019-07-09,107.63622283935547,107.7580274498136,107.31143532449946,107.73365661584236,6215700
2019-07-10,107.04349517822266,107.53880426178439,106.78365521773397,107.46572891909116,9470000
2019-07-11,105.6144027709961,106.70245462747731,105.362678186422,106.6212515498921,14126800
2019-07-12,105.7362060546875,105.92295828484261,105.29772921363465,105.49260918630829,6992000
2019-07-15,106.34518432617188,106.41014431235685,105.92295061089484,105.92295061089484,6055500
2019-07-16,106.0285415649414,106.04478466345847,105.52511701959773,105.69562618953816,6172700
2019-07-17,107.17340850830078,107.19776695435372,106.41014415904026,106.41825951110775,9662200
2019-07-18,107.18152618408203,107.4413661340809,106.56442488761085,106.75117710801581,5724900
2019-07-19,106.9298095703125,107.1246771349317,106.78364650699785,106.848606491821,5804800
2019-07-22,107.1327896118164,107.57938170018622,106.97039586782242,107.56313860883228,5204100
2019-07-23,106.54817962646484,106.9704133417009,106.34518431585047,106.85673646335087,8108900
2019-07-24,107.01103973388672,107.10035819723565,106.75121208859746,106.85677365160659,6389700
2019-07-25,106.49945068359375,106.70244597123867,105.9716555018075,106.57252601358215,8893100
2019-07-26,106.75115966796875,107.00287183475095,106.5725228289913,106.93791185786381,6188400
2019-07-29,106.78367614746094,107.14094996823336,106.69435769226783,107.0354008047169,6231800
2019-07-30,107.04349517822266,107.2627335961536,106.71869522761179,107.18153051103806,5678500
2019-07-31,107.90420532226562,108.26147911260246,106.90547169189868,106.93794549563266,15798700
2019-08-01,110.04725646972656,110.15302817800843,108.420060536872,108.52583224515386,26664800
2019-08-02,111.06421661376953,111.06421661376953,110.16112267786487,110.37266602335687,15143100
2019-08-05,112.98431396484375,113.00058939567715,111.99986765345761,112.39039109184539,18543000
2019-08-06,113.88739013671875,113.88739013671876,112.34969114817174,112.43918738198197,12747400
2019-08-07,113.92806243896484,116.3932619899682,113.7246630541328,115.85628463452841,32582000
2019-08-08,114.17217254638672,114.2535248718212,112.26021288819001,113.20398924774737,14746000
2019-08-09,113.9443130493164,115.16470909251257,113.79785906858739,114.4487394411941,10626000
2019-08-12,116.3200454711914,116.69429340092633,115.1321875576763,115.30304850960829,14094300
2019-08-13,115.92137145996094,117.08482237198238,115.49016576645653,117.00345765397617,15974900
2019-08-14,118.53300476074219,118.56554319368982,117.73568280116152,118.10179914074881,15068900
2019-08-15,119.85108947753906,120.90063758769176,118.44356876493724,118.74459597715109,23588700
2019-08-16,118.89104461669922,119.20020332356357,117.84149655438837,118.8340868145431,17150500
2019-08-19,117.19062805175781,117.69506715718713,116.75942218736233,116.80824848622419,13614700
2019-08-20,118.40283203125,118.4760528198714,117.84144782279634,118.19943267540513,7451500
2019-08-21,117.6136703491211,118.61439194896043,117.3939955149319,117.74384894823429,9372000
2019-08-22,116.8326416015625,117.7275916758285,116.73500142991216,117.15807573501988,13878800
2019-08-23,118.75267791748047,119.0048911165594,116.69426514431238,116.76749834284392,16191800
2019-08-26,118.27267456054688,119.02118283382742,118.20758526532504,118.67947334479807,12174500
2019-08-27,120.09514617919922,120.18464241472086,119.17577688834199,119.29782398106124,11332300
2019-08-28,120.2497787475586,121.14472903829972,120.13587553184539,121.04710125755108,10095900
2019-08-29,119.79414367675781,119.87549600746043,118.8910496286941,119.80227518547294,8884900
2019-08-30,119.82666015625,119.98937720233863,119.07815181263044,119.28155122386994,13550800
2019-09-03,119.9814453125,121.17139081168509,119.45982281221447,119.88363254362925,15660800
2019-09-04,120.160888671875,120.3157476784776,119.38660607533858,119.42736040915135,7962200
2019-09-05,117.98468780517578,118.83233279097003,117.27560997850767,118.71822817016745,19382900
2019-09-06,118.82417297363281,119.01978622246791,118.2455039884273,118.39220459770054,9466400
2019-09-09,116.71321105957031,117.36524267282417,116.70506517262451,117.22668797593387,15862700
2019-09-10,114.66748046875,116.78656778293764,114.64303037009752,116.41980386668106,13851400
2019-09-11,114.46370697021484,115.04237581422404,114.42295266542614,114.43109855179678,10941700
2019-09-12,113.71390533447266,115.57218771271405,113.33898304152488,115.32767425526733,19163300
2019-09-13,111.28507995605469,113.0537201324539,111.28507995605469,112.70324796507863,18922200
2019-09-16,112.7032470703125,112.93961462150838,111.86376046393428,112.37723744245557,10971600
2019-09-17,113.31450653076172,113.77908323528504,112.49132426689238,112.76843365039673,9081200
2019-09-18,113.79533386230469,114.6429783525491,113.72198359962883,114.04799305805288,10984600
2019-09-19,114.13772583007812,114.91202058886041,114.08067973212543,114.72455320701197,13176200
2019-09-20,115.64550018310547,115.71885046540005,114.4637000346471,114.73266350619423,11519800
2019-09-23,115.62104034423828,116.68058993290474,115.49063156239436,115.9307580920011,15246700
2019-09-24,117.0147705078125,117.24297968264317,116.06932539124703,116.0774712773241,12421600
2019-09-25,115.30317687988281,116.99845373693483,115.03421343061117,116.76208626493886,14147100
2019-09-26,116.04488372802734,116.54205641713166,115.65365731149176,115.95522922879647,9636500
2019-09-27,116.33010864257812,116.53386768434368,115.84924028876301,115.99595326579598,10386900
2019-09-30,116.61541748046875,116.62356336789026,115.60476779908178,115.63737622170649,8006900
2019-10-01,116.96649932861328,117.49720781904432,115.23560154165753,115.3335731271114,16613700
2019-10-02,117.25225067138672,117.79111923558686,116.95016335126083,117.12978620599421,12891500
2019-10-03,118.32180786132812,118.93415506680175,117.50534492069663,117.5543307038168,13470500
2019-10-04,119.19541931152344,119.2280723448194,118.55040666525665,118.67288357114471,11516200
2019-10-07,118.20751953125,118.8198668195214,118.1503735959615,118.51777947727683,11013900
2019-10-08,118.52587890625,119.14638602220256,118.07682196657264,119.05658709249818,14529700
2019-10-09,117.85645294189453,118.06872886198065,117.40739574725258,118.06056871598285,8608800
2019-10-10,116.10110473632812,116.90123546098334,115.71736590283913,116.85224964534544,15054200
2019-10-11,114.6640625,115.20293105487568,114.06804801500883,115.10494702602061,26294000
2019-10-14,115.4968490600586,115.5376622390869,115.18658916673725,115.51316934837577,5936900
2019-10-15,114.10070037841797,115.08045345352636,113.93741027560596,114.85184481794228,11832300
2019-10-16,114.23948669433594,114.3537910012274,113.77410932279032,114.01087808055298,7729500
2019-10-17,113.96192932128906,114.61510234067038,113.73332063324148,113.91294352502732,6219300
2019-10-18,113.96192932128906,114.49262539177687,113.85578512389584,114.14971235970549,6456100
2019-10-21,113.10465240478516,113.48023097934868,112.85971093948201,113.13731791122048,8038000
2019-10-22,113.76595306396484,113.92108302951074,113.19443144740382,113.79861856104655,6683300
2019-10-23,113.8802719116211,114.55793779277217,113.7823003243544,114.32932911699089,5995400
2019-10-24,113.6515884399414,114.50071649822314,113.51279129657868,114.04348698933207,6161700
2019-10-25,113.09647369384766,113.93742970203776,112.92501095880691,113.92109695150093,5669800
2019-10-28,112.06769561767578,112.32896973133741,111.84725959978864,112.32896973133741,11402100
2019-10-29,112.14118194580078,112.45960197179157,111.99421214860162,112.36161795424717,5296600
2019-10-30,113.78227996826172,113.85575864556611,112.48410683627233,112.48410683627233,10914100
2019-10-31,115.31720733642578,115.67644049410002,114.65586202083234,114.6966876514097,15834100
2019-11-01,114.9622802734375,115.54298596675964,114.33250332039297,115.10131966930912,11425500
2019-11-04,113.44915008544922,113.8008356254188,113.30192388548394,113.66179628543296,11124300
2019-11-05,112.17324829101562,112.41044261813015,111.82973709171922,112.23050639755049,13493000
2019-11-06,112.85212707519531,113.20382523129103,112.32867951261333,112.88484956784224,9351900
2019-11-07,110.80744934082031,111.52719468734381,109.96502580112983,111.51902030112566,19209800
2019-11-08,110.34119415283203,111.19179157324447,110.23486479529116,110.53747914525023,10222900
2019-11-11,110.41478729248047,110.73376284545995,110.12034736050173,110.72558846511636,4577000
2019-11-12,110.92192840576172,111.19183285050373,110.24308010170931,110.64384957662493,5772900
2019-11-13,111.6416244506836,112.0178581268327,111.3717201247448,111.89516753505833,6672400
2019-11-14,112.79491424560547,113.22839379947115,112.59861667254295,112.70494608461571,10213300
2019-11-15,112.67214965820312,112.99931206532258,112.40224535231822,112.44314221320437,4657600
2019-11-18,112.87664031982422,113.36737777241413,112.81120782748077,113.04022779066874,5943900
2019-11-19,113.81719207763672,113.88262455487222,113.17105416491668,113.17105416491668,7893100
2019-11-20,114.9949951171875,114.9949951171875,114.31614694957705,114.43065070797076,7905500
2019-11-21,114.2752685546875,114.56970862102268,113.78453095080363,114.20983604217128,5980900
2019-11-22,114.42244720458984,114.7332484235897,114.24251097042907,114.58603467562462,4664800
2019-11-25,114.75775146484375,114.93768764791487,114.65142213485582,114.74957708560171,4157300
2019-11-26,115.42843627929688,115.57564999989731,115.2730356986834,115.32210693888355,4281100
2019-11-27,115.0931167602539,115.2485173641752,114.84774804248192,114.99497426513368,4095700
2019-11-29,114.8478012084961,115.06044753968654,114.32435352558508,115.01137626941006,6251100
2019-12-02,113.3165283203125,113.61147460097418,113.02158203965082,113.17724986853224,17702200
2019-12-03,115.69247436523438,116.15127685876786,114.643766878176,114.73388968950795,13062400
2019-12-04,114.5372085571289,115.11071138044778,114.05382849900472,114.97962144899662,8586300
2019-12-05,113.98013305664062,114.24231303560647,113.55410934296535,113.60326496366407,7273800
2019-12-06,113.34925842285156,113.98010540400851,112.94780011549368,113.08707850749299,7931100
2019-12-09,113.59506225585938,113.97194284439276,113.52952976356855,113.87363160452722,4016900
2019-12-10,113.6032943725586,114.16860915979798,113.3984708990042,114.02931819652021,4947600
2019-12-11,114.49627685546875,114.81580084896179,114.0702406970021,114.12759724781183,6256700
2019-12-12,112.61195373535156,114.11126320141099,111.92374980053428,114.03752974441639,14857000
2019-12-13,113.91455841064453,114.38156168858333,112.4316392322234,113.16080991945802,11335100
2019-12-16,112.89051818847656,113.43945618641304,112.59557183946004,113.39028804371469,9156600
2019-12-17,112.73480224609375,113.34107149780839,112.41527824814395,113.2345718327771,6179700
2019-12-18,111.80899810791016,112.61190233203317,111.65333032435578,112.48901329313665,6244700
2019-12-19,111.9878921508789,112.30792739083047,111.40525747228483,111.60220705126672,6591100
2019-12-20,112.13562774658203,112.16845894673152,111.54479135823202,111.7089223161113,5455700
2019-12-23,111.97152709960938,112.398245119309,111.60225742858144,112.26694534071895,5175000
2019-12-24,112.29150390625,112.47203787727528,111.51193222487511,111.53654935533952,4667400
2019-12-26,112.56231689453125,112.60334962350106,112.02071492356377,112.34896423389142,5290200
2019-12-27,112.6854248046875,112.93981021624721,112.6607951480357,112.78389334556688,7300500
2019-12-30,112.27510833740234,112.34074567540789,111.32320415772716,111.51193967771142,7979700
2019-12-31,111.1755142211914,111.97971579178018,111.09346126923943,111.77456462975037,10707400
2020-01-02,112.43103790283203,112.8577558242299,112.15203532867822,112.25050387921883,11034100
2020-01-03,114.1624755859375,114.19530677263373,113.14493418407507,113.46496938650421,12366000
2020-01-06,113.51420593261719,114.646643989308,113.3664906323653,114.63022839562908,11369800
2020-01-07,112.9561767578125,113.6290782933317,112.94797522253589,113.4239272185653,8381200
2020-01-08,112.20946502685547,113.49780759436457,111.86481263577473,113.185973874202,10621700
2020-01-09,112.60337829589844,112.78391233219062,111.52838813888931,111.60223955698137,7411500
2020-01-10,113.6045150756836,113.6291322146231,112.93982728144958,112.97264595955762,8776000
2020-01-13,113.25984191894531,113.31727772550056,112.74285705279034,113.14495778440327,5966900
2020-01-14,113.84247589111328,113.91633982350359,113.35832216848165,113.39114084398513,13920300
2020-01-15,114.5974349975586,114.68770201041502,114.08046257977476,114.4907649070434,6290500
2020-01-16,114.23637390136719,114.49896086687917,113.85068873081262,114.27739411494868,6798600
2020-01-17,113.25984191894531,113.35831045671519,112.71823991834786,112.89877391854702,9693100
2020-01-21,114.44967651367188,114.5973792693734,113.87525603912052,113.90807469991177,6794900
2020-01-22,114.85186004638672,114.9995629087513,114.54822773802131,114.65491037513101,6317000
2020-01-23,115.65596771240234,116.01703559430348,115.52466802417875,115.58211633331186,9747400
2020-01-24,116.59147644042969,116.97716151605167,115.95140600033993,116.04987452299078,8585000
2020-01-27,118.4050521850586,118.4050521850586,117.75677995120445,118.1260495791687,10935200
2020-01-28,117.47771453857422,118.24087052693433,117.19871208184652,118.10957083385263,10612900
2020-01-29,118.62657165527344,118.74145577196064,117.69928466395045,117.70749872177572,9566800
2020-01-30,118.64301300048828,119.53746899750755,118.40503065763546,118.90559995786839,14711800
2020-01-31,119.7261962890625,119.80006021327904,119.06150862113385,119.12715848630886,14538100
2020-02-03,119.62918090820312,119.81001481672047,118.4619882073755,119.14422294546684,15309000
2020-02-04,118.01815795898438,118.47845799717861,117.59073111970314,118.35516782346065,11388300
2020-02-05,116.72761535644531,117.29477501203984,116.63719841798488,116.96599298612752,10782600
2020-02-06,117.25370788574219,117.44276952019973,116.71943380423609,116.86738199582832,6683100
2020-02-07,118.71685028076172,118.97167093500747,118.25655013749157,118.54424399815453,11374800
2020-02-10,119.04557800292969,119.39080291593211,118.92227532828022,119.26751278351381,6699300
2020-02-11,118.44554138183594,118.95515730271671,118.3140235499213,118.84829749650721,7784100
2020-02-12,117.84553527832031,117.9934960241266,117.53319600114695,117.84553527832031,5595500
2020-02-13,118.29761505126953,118.5277650528642,117.76334094947501,117.90307398314074,7883400
2020-02-14,118.81544494628906,119.25108686571953,118.73324315150737,118.98805115620448,7137400
2020-02-18,119.62918090820312,120.04839248805357,119.11956491632652,119.46478986652349,6909200
2020-02-19,119.62095642089844,119.69493050255277,119.16887168484715,119.28394665927551,5707700
2020-02-20,120.55807495117188,120.78000987803392,120.00735775967225,120.07311672104765,9332900
2020-02-21,121.68413543701172,122.37459807909971,121.36356842334935,121.48687114690328,13860300
2020-02-24,123.50065612792969,124.08425875700013,123.29516418761699,123.97739893452307,15929300
2020-02-25,124.15817260742188,124.74176241111873,123.41017929745254,123.46772303309322,20802900
2020-02-26,123.50065612792969,124.70894974034695,122.9499392329596,123.25406329110793,22589500
2020-02-27,124.84051513671875,125.82687431741955,123.9774461502665,125.51452243567327,30687900
2020-02-28,127.65983581542969,128.21055281748184,126.71457772308727,126.95294290161563,44935200
2020-03-02,126.72056579589844,128.82790848731221,126.57238659000825,127.84009317080617,28152400
2020-03-03,128.68798828125,131.46210641000926,125.41995614037847,126.61356701543555,38608000
2020-03-04,127.32147979736328,129.52761272642334,126.92635619840952,128.7538201146057,23463700
2020-03-05,130.49072265625,130.73767959523462,129.0830768965638,129.34650098101451,17786200
2020-03-06,137.2819061279297,139.38924758936196,135.09224153785718,137.71819107608187,76288300
2020-03-09,141.0027618408203,147.92572167460318,140.22074188231207,147.4318202822181,41552800
2020-03-10,133.7752227783203,142.3527726122889,133.380099170206,139.64451096889144,37728300
2020-03-11,128.85260009765625,137.49600590853225,128.1117417667395,136.17891047495473,29519300
2020-03-12,129.65109252929688,136.94448147496237,128.13644151051957,134.5984090620356,24361800
2020-03-13,126.72056579589844,130.22731456575858,125.2799981291074,127.59313620149135,19812900
2020-03-16,134.92774963378906,136.77166906990186,129.9063349677481,132.02191850171002,30496700
2020-03-17,125.93034362792969,136.3436005524314,125.70809359382707,134.59021936330214,18570900
2020-03-18,118.82627868652344,126.88522168180799,114.43047903743098,125.81508300227979,47061000
2020-03-19,122.06132507324219,126.31717098855663,119.56708667955452,120.96649241081408,21175300
2020-03-20,131.2399139404297,131.2399139404297,125.21422760256941,126.19381629462096,20863100
2020-03-23,136.6481170654297,137.21611426054244,128.88552222756041,129.6510749265372,19971800
2020-03-24,134.1045684814453,136.19544501404363,132.04661369863788,132.73808349107898,11948600
2020-03-25,133.7999267578125,137.20789795255234,133.0426012212874,134.66426991779625,10750600
2020-03-26,134.45852661132812,136.38476921523892,133.57772852250073,135.0018296721518,10576200
2020-03-27,138.0475616455078,138.5003140699231,135.487466184638,136.25303165878665,12550000
2020-03-30,136.91156005859375,140.03141257522168,136.5987470532749,138.5414559943141,13473200
2020-03-31,135.80023193359375,137.4054330967241,135.46272455651865,136.40115081809878,11464800
2020-04-01,137.70286560058594,139.2856682922607,137.17526889632688,138.8899613298932,11334700
2020-04-02,138.57676696777344,139.50005844144513,137.88428578361675,139.1785542619414,5771200
2020-04-03,138.906494140625,140.41509436984,138.6097201188302,138.94771520066067,6570800
2020-04-06,138.54380798339844,138.71693145277786,137.28252118003624,137.66997661154278,9434800
2020-04-07,137.09288024902344,137.19180072965585,134.9577626826976,135.98822628562337,13811400
2020-04-08,136.09539794921875,137.00221103132776,135.30400887656225,136.11188889041233,10147100
2020-04-09,136.34266662597656,136.6724098672974,135.0154293244779,135.42761466557812,14259100
2020-04-13,135.09799194335938,136.60659314705686,135.09799194335938,135.81519105142996,8750300
2020-04-14,135.06492614746094,135.80686750980294,134.76815211830447,135.06492614746094,9019100
2020-04-15,138.64266967773438,138.98891646960962,137.45558633848938,137.5050465719288,10027800
2020-04-16,140.21725463867188,140.40686901773032,139.33518424576252,139.5330252271763,8265400
2020-04-17,138.33766174316406,140.83550425738144,137.89250704649865,139.99465509935786,8612100
2020-04-20,139.45059204101562,139.55775171018578,138.46134942303814,138.85704395444867,6462600
2020-04-21,141.2064666748047,141.9154260553043,140.78604210152815,141.73406347571836,7850700
2020-04-22,139.76385498046875,140.46457536792195,139.0796381141504,140.11834105447906,6230200
2020-04-23,140.5056915283203,140.90962496962996,139.82146259396436,140.03579436733492,5968600
2020-04-24,140.83555603027344,140.83555603027344,139.7886137876673,139.82158309702535,6211800
2020-04-27,138.2140350341797,139.9369672825213,138.0326724207856,139.86277691674252,9039500
2020-04-28,139.80502319335938,140.01936762462688,138.86524110389772,138.947683204985,9905400
2020-04-29,139.07962036132812,140.35738519584916,138.46134218504955,139.75559795969716,8619600
2020-04-30,137.45558166503906,139.50825675638248,137.43085154916017,139.10432314442775,11606100
2020-05-01,138.63267517089844,138.7647486220352,137.38626503824128,138.26122961039164,10209400
2020-05-04,137.9805450439453,138.40976474932614,137.41923932851904,138.31071598580965,8300900
2020-05-05,137.0973663330078,137.24595212560683,136.42051188624347,136.6681464770962,7831800
2020-05-06,134.8851776123047,135.0750253196906,133.76257850717627,134.73659183614654,14721500
2020-05-07,137.13865661621094,137.32850436640987,134.82742116147384,135.00901904261016,9164800
2020-05-08,135.35572814941406,136.52785213487743,135.1080934831393,135.77671086064785,8129800
2020-05-11,134.29916381835938,135.5538368768769,133.80390708660246,135.09159222248152,8713500
2020-05-12,135.6776123046875,136.1398568377745,134.65407443720028,134.6788366375286,10057300
2020-05-13,136.62693786621094,137.26251808861983,136.05738181101435,136.27199184251577,13305600
2020-05-14,137.96408081054688,138.79777091625567,137.8897942120143,138.11266660283053,10080000
2020-05-15,137.609130859375,139.0784132964527,137.2954595766673,138.92157765509884,7225600
2020-05-18,134.58804321289062,136.2471736788854,134.06801179427492,136.1398624095915,10073100
2020-05-19,135.09156799316406,135.12458006460477,134.11754185019396,134.1505665168546,8639100
2020-05-20,135.4960174560547,135.9500121308815,134.4477173648954,134.68708950513908,10927300
2020-05-21,135.83445739746094,136.4948121742234,135.6115849838194,136.08209201314932,8920000
2020-05-22,136.651611328125,136.75890997657737,135.8756956174477,135.96649453242517,4956700
2020-05-26,134.8191375732422,135.19883297867565,134.53022849045067,135.1328088522482,8098900
2020-05-27,134.57150268554688,135.29789402663383,134.2083070150034,134.3733925211004,8047400
2020-05-28,134.07626342773438,134.19183716247633,133.44068345797103,133.68831806986745,10272600
2020-05-29,135.03370666503906,135.44642660417927,134.01016927690767,134.30732813689715,14632700
2020-06-01,134.12461853027344,134.25686175374705,133.62045227576226,133.97585436242156,13341400
2020-06-02,133.63697814941406,133.96757357768584,133.2733156114708,133.62044459457832,11517100
2020-06-03,131.8600311279297,132.51297431276421,131.3641378422867,132.38899153279536,12255700
2020-06-04,129.9508056640625,131.42197708005307,129.91775115859065,131.34759498418398,14038600
2020-06-05,129.02505493164062,129.0663824985779,126.58687981917521,127.78530359193928,17778500
2020-06-08,129.52101135253906,129.63672101854087,128.14901630465488,128.1655498602002,10346700
2020-06-09,130.99217224121094,131.9426435223235,130.83513500436126,131.45501086893208,9095300
2020-06-10,132.9344482421875,132.9840362957136,131.455016662561,131.61205390633182,13135500
2020-06-11,135.44705200195312,135.7363199219766,134.41392526313277,134.92635208993633,17086400
2020-06-12,134.14117431640625,135.26521667939627,133.93454897476403,134.23208997118522,9716100
2020-06-15,134.215576171875,135.72807540873532,134.0089507998134,135.4553284042446,7759800
2020-06-16,132.15753173828125,133.25677980525347,131.1657328588152,131.7525542372015,13698900
2020-06-17,132.70306396484375,132.8766348094322,131.69473123882292,132.46338410569942,7113900
2020-06-18,134.1081085205078,134.28993983185705,133.5708876715097,133.92627720915857,7691400
2020-06-19,134.215576171875,134.30649184003857,132.99235750046566,133.06673960766898,8565500
2020-06-22,134.2321014404297,135.0668633518815,133.95109397852445,134.8767715525234,9319700
2020-06-23,133.3146514892578,133.9427878866271,133.16587470929184,133.4634156578158,9088600
2020-06-24,134.74447631835938,134.79406436763637,133.49646416973238,133.5047246408098,11436500
2020-06-25,135.13296508789062,135.83549625064825,135.0503099117747,135.7197865709315,10968000
2020-06-26,136.579345703125,136.63720685009156,135.69498322058735,135.7528443675539,12119300
2020-06-29,136.14956665039062,136.59588445094607,135.86029873879582,136.2487553901863,7274400
2020-06-30,135.48825073242188,136.61229216427867,135.11632794784123,136.56270414118788,14841700
2020-07-01,135.2251739501953,135.34101926919084,134.17428329675474,134.72041664038773,13181000
2020-07-02,135.36595153808594,135.49007973967275,134.24887348102268,134.62950299633502,7599800
2020-07-06,134.8114776611328,134.89422975259856,133.84333879672664,134.32327314959574,7972700
2020-07-07,136.70640563964844,136.8139682178733,135.0431818687355,135.22522638720557,12791900
2020-07-08,136.16026306152344,136.4664230831181,135.5644833362279,135.96994839616974,7253900
2020-07-09,138.3282470703125,138.5599378087596,136.20165437252336,136.25130058416227,13373100
2020-07-10,137.6331787109375,139.18882739226433,137.4925102319535,138.97367696753696,8478000
2020-07-13,138.08834838867188,138.15454757608305,136.7230138224493,136.94643450168644,8054000
2020-07-14,138.2868194580078,139.1308426197683,138.17097413197746,138.95706831762595,11344600
2020-07-15,137.64146423339844,138.14622183253596,137.2194587493458,137.29392807720214,7840300
2020-07-16,138.29510498046875,138.8246854279828,138.22062306310744,138.5185128539712,9107400
2020-07-17,138.00550842285156,138.5185360160486,137.74899462625305,138.41097345288543,8549900
2020-07-20,138.34483337402344,138.70063972736,138.02212029435952,138.60961744200856,6907200
2020-07-21,138.427490234375,138.7833090015001,138.25372855547164,138.4357730174996,8454400
2020-07-22,138.8412322998047,139.39564849675526,138.75849284777516,139.23014434030733,6592100
2020-07-23,140.4630889892578,140.5706641729016,139.41219813129365,139.7762870979077,10471800
2020-07-24,140.45481872558594,140.60375732480028,139.73491095079746,139.8507562922515,7520700
2020-07-27,139.93345642089844,140.91814777075518,139.83416405828785,140.8767717442706,6146400
2020-07-28,140.9016876220703,140.95133383606884,140.1983325872277,140.28935485495794,8520700
2020-07-29,140.6616973876953,140.99268049614915,139.8259442056256,140.71134359134376,6733700
2020-07-30,141.58839416503906,141.7125096162811,141.29050445586782,141.53874798454225,9376100
2020-07-31,141.49742126464844,141.87806315807904,140.62030476705874,140.79406645934625,8886000
2020-08-03,140.7850341796875,140.81817689498877,139.97321461819877,140.19688370563424,9066200
2020-08-04,142.12696838378906,142.13524773855065,141.4228313817308,141.5139548450532,9878900
2020-08-05,140.8843231201172,141.29022621609218,140.56953080876437,140.87603112861993,6954100
2020-08-06,141.67137145996094,142.69028841269787,141.34000761825592,141.9695925973764,9481800
2020-08-07,140.72705078125,142.06904000051736,140.47853098206366,141.88679299046353,8176900
2020-08-10,140.09747314453125,141.0335589610742,140.0560637093066,141.00870824384234,6408500
2020-08-11,138.43238830566406,138.74718085729722,137.4134711520102,138.48208973166075,19234200
2020-08-12,137.1732177734375,137.57085442430662,136.6761909202102,137.26434125923174,11744800
2020-08-13,135.7069854736328,137.16494871557163,135.16852387524062,136.94127966269363,12744700
2020-08-14,135.17684936523438,135.98038971809862,135.16029064473332,135.69873978664475,6398100
2020-08-17,135.51649475097656,136.23720359130078,135.38394914353248,135.83128740859507,6901500
2020-08-18,136.48565673828125,136.5767802272713,135.93063644724722,136.1543054911755,8140600
2020-08-19,135.6324462890625,137.18982531517307,135.27624424896936,136.99100693729426,12497700
2020-08-20,136.85848999023438,137.2229714319205,136.6265288688062,137.00759431089085,10319900
2020-08-21,137.67852783203125,137.78622266479454,136.69274090508952,137.3223259086428,6836000
2020-08-24,137.4548797607422,138.31641327368402,137.39689897750523,137.77796430827576,6490600
2020-08-25,136.40280151367188,136.75900341032238,135.71523578733033,136.14600244580984,10518300
2020-08-26,135.8809814453125,136.1295012856637,135.25968816455656,135.89755280540103,8276600
2020-08-27,133.56979370117188,136.5354355377697,133.5035208922805,136.48572145091683,19860100
2020-08-28,133.47035217285156,134.24076236595243,133.072728037191,134.00881390013018,8415400
2020-08-31,134.35670471191406,135.23479692987786,133.83481446755277,133.86795717780066,11388100
2020-09-01,135.89344787597656,136.06761201803818,133.67084615983373,134.15185707343568,10587000
2020-09-02,137.1872100830078,137.3033153054222,135.58661575582946,135.6031931772314,15167700
2020-09-03,137.57699584960938,138.69659187579336,137.20380139238813,137.4608906261512,16416600
2020-09-04,134.96461486816406,136.59008791075053,134.7241030686514,136.3495887657575,13780300
2020-09-08,135.79400634765625,137.0545742653698,135.79400634765625,136.316473748008,13790400
2020-09-09,135.42904663085938,136.21690442999173,134.98120314620184,135.95981518912419,9558900
2020-09-10,136.11740112304688,136.29985401718642,134.30946225962455,134.73242699354884,8847700
2020-09-11,136.40760803222656,136.48225702856152,136.0758825211358,136.26662405728715,5458200
2020-09-14,136.3992919921875,136.90518152066818,136.2002491327065,136.66466981698096,4274900
2020-09-15,136.0675811767578,136.39930665704347,135.83535815513878,136.15050621957127,6928500
2020-09-16,135.6612548828125,136.74767076924704,135.16365383116107,136.65644433159497,8815200
2020-09-17,136.075927734375,136.80573928668585,135.8437172685527,136.75596905441998,7813900
2020-09-18,135.65292358398438,136.2085707463226,135.46216940317663,136.1505118248986,7246300
2020-09-21,136.34129333496094,137.1706199675447,136.1256729661164,136.74766794055424,11086900
2020-09-22,136.23345947265625,136.73934911329198,135.90172129997532,136.37444345060163,10524100
2020-09-23,136.41592407226562,136.4490915651363,135.57829618668887,136.2583500084633,6224800
2020-09-24,136.93841552734375,136.93841552734375,136.52375219286944,136.80573287774772,8278100
2020-09-25,136.93841552734375,137.18721605893245,136.59840121051056,136.9301268162817,5140300
2020-09-28,136.54864501953125,136.75597670808477,136.3164345407131,136.7310979178201,4470100
2020-09-29,136.70614624023438,137.0378843577611,136.4739358852233,136.67297875573934,10297600
2020-09-30,135.39588928222656,136.00959567198444,134.80707433871595,136.00959567198444,12971000
2020-10-01,135.6191864013672,135.93466113718395,134.57315659450606,134.91352322945067,11523900
2020-10-02,135.11279296875,135.87656268999325,134.63958079309506,135.82675354890011,8828800
2020-10-05,132.47276306152344,133.61841092828814,132.43125123521634,133.61841092828814,14726000
2020-10-06,133.18675231933594,134.0003438325519,131.73392661840936,132.27355519362013,22419400
2020-10-07,132.2153778076172,133.17839631655872,131.88330857511352,132.46443606580954,9429200
2020-10-08,132.9293975830078,133.037325832334,132.5475190613896,132.80487473196598,8431500
2020-10-09,132.90444946289062,133.05388950280744,131.8418125900871,132.43125011635394,8441500
2020-10-12,133.32785034179688,133.39425406116854,132.92105472176976,133.18670760214806,3962000
2020-10-13,134.28260803222656,134.349024443487,133.80939585235907,133.83431309076252,7914300
2020-10-14,134.58973693847656,135.11275812032645,134.46521411786077,134.76408155497046,6954800
2020-10-15,134.3572540283203,135.47800981857094,134.19121941766844,135.35347435986043,9458800
2020-10-16,133.9836883544922,134.75576775063763,133.74294004157903,134.20784207177704,8416300
2020-10-19,133.477294921875,133.64332957697312,132.87126273033235,133.24484387121117,9286600
2020-10-20,132.20712280273438,132.8380596133759,131.95806446486975,132.71353677826022,11189000
2020-10-21,131.75048828125,132.30671126551937,131.47652543807905,131.82520196548833,10453700
2020-10-22,130.38067626953125,131.6923712917346,130.3142598885505,131.4100985056591,12664900
2020-10-23,131.1776885986328,131.34373593691518,130.13165877267417,130.1814679071055,8783800
2020-10-26,132.39797973632812,132.84628699932904,132.00779153867472,132.17383877245308,7227300
2020-10-27,133.2864227294922,133.4109456165283,132.74679399451244,133.02075701363043,6062300
2020-10-28,133.41085815429688,134.04180748200804,132.9957652461207,133.97539109658422,11765800
2020-10-29,132.1158447265625,133.51886157331802,131.5596214364095,133.43583787786463,11932400
2020-10-30,130.81240844726562,132.2901384499933,130.81240844726562,132.02447286101045,13095400
2020-11-02,131.79225158691406,132.29920929267365,131.58448224326233,131.8919768138719,10810500
2020-11-03,131.0276336669922,131.2935717752731,130.51235718261952,131.1855403631113,16228700
2020-11-04,133.86996459960938,134.7758360269028,133.42117565020274,134.3353659684487,21570800
2020-11-05,134.10263061523438,134.41844404011684,133.4543913503315,134.33533123949528,18537500
2020-11-06,132.48202514648438,132.90586997132,132.09141783132458,132.6565442644387,12408400
2020-11-09,129.6978759765625,129.77266986386664,128.50944194085622,129.62308208925833,23245000
2020-11-10,128.9499969482422,129.4901922884702,128.63418341819292,128.78378397288256,12561000
2020-11-11,129.41539001464844,129.5982280801365,128.79208188627626,128.83363829774837,5888200
2020-11-12,131.61770629882812,131.64263760301802,130.23812763579915,130.42927186166608,15999700
2020-11-13,131.44317626953125,131.72573948107384,131.23540696435606,131.60938917742502,7344600
2020-11-16,131.12738037109375,131.54291903691197,130.9860987464636,131.0858239682652,6310400
2020-11-17,131.98341369628906,132.27429588926614,131.80057563462964,131.9501761765492,7444600
2020-11-18,132.36561584472656,132.6149414404821,131.60102665064235,132.50689739003516,10333300
2020-11-19,133.04718017578125,133.5707630046437,132.83941082226247,132.9474549440874,10637200
2020-11-20,134.2272491455078,134.25218044239156,133.2964469119029,133.41279719110352,7246800
2020-11-23,133.6123046875,133.79514271294653,133.2050722342357,133.6538610898712,11300000
2020-11-24,132.2825469970703,132.98896763933706,132.14957161102916,132.96403633960819,10891700
2020-11-25,131.87530517578125,132.89753911628193,131.82544257989923,132.3490251991201,9145800
2020-11-27,133.15513610839844,133.19669248782623,132.6232474229119,132.64817871432325,4708200
2020-11-30,132.98895263671875,133.41279736552596,132.7728644884713,132.99725884194774,13071600
2020-12-01,131.02813720703125,132.05972838097267,130.34595287567566,131.90166066057745,13662800
2020-12-02,129.9882049560547,130.55390753082634,129.34761952766627,130.5123214605689,12114300
2020-12-03,131.0364990234375,131.29440643032572,130.26281488527619,130.56230838582815,9626500
2020-12-04,129.11473083496094,129.60556343714046,128.75700925193144,129.5223785707958,12734500
2020-12-07,130.27944946289062,130.5123874283781,129.93002982049236,130.0714682298363,9316100
2020-12-08,130.89500427246094,131.50231832736378,130.77853534445347,131.08635605674266,7397200
2020-12-09,130.46246337890625,130.87842581126728,129.78859357538195,130.23784011106483,7750100
2020-12-10,131.61878967285156,131.6853324665114,130.47072972271891,130.81182183749186,10025100
2020-12-11,132.084716796875,132.60050616051714,131.71035313958097,131.98487717920798,8135900
2020-12-14,131.71859741210938,132.01809071669234,130.7036485851426,131.01978393280226,7535900
2020-12-15,131.27772521972656,131.76855776489987,130.87007753123666,131.26108317072428,6847500
2020-12-16,130.92832946777344,131.35260654711075,130.1047193434733,130.26278708700045,9954200
2020-12-17,130.5819091796875,131.96434823086508,130.2737672130361,131.68952509123994,9422700
2020-12-18,130.19049072265625,131.06492564216944,130.06556418706364,130.84839139677243,6505000
2020-12-21,130.706787109375,131.03157569291588,130.29039083778898,130.91498524516803,8988200
2020-12-22,131.38131713867188,131.43961870298142,130.81502443773672,131.21476120942054,7370800
2020-12-23,130.47360229492188,130.49026170335856,129.46593046409774,130.4319601275329,9266600
2020-12-24,130.9899444580078,131.1065349154875,130.623526382648,130.66515584735683,3117100
2020-12-28,131.04827880859375,131.12322711269834,129.99896442889954,130.23214540216492,7791100
2020-12-29,130.8816680908203,130.9899224712622,130.21543157101897,130.2404143286136,9030900
2020-12-30,131.16481018066406,131.18979293743948,130.481914275725,130.59851741721587,9097300
2020-12-31,131.35633850097656,131.64782091685277,131.1231576512369,131.13149370777256,7742100
2021-01-04,131.19808959960938,131.73107614807446,130.36529732342004,130.4735643856932,13152900
2021-01-05,130.22378540039062,130.70680667261422,129.63250972238785,130.70680667261422,10458100
2021-01-06,127.55052947998047,128.1251584603898,126.82599120983454,128.10017569666832,22827300
2021-01-07,126.42625427246094,126.72606014450162,125.96821575859215,126.4095948608454,14651900
2021-01-08,126.01825714111328,126.5512442132198,125.46861064904321,126.1514943785793,13622500
2021-01-11,125.80994415283203,125.9265345714404,125.32692307362518,125.75164258982656,8370700
2021-01-12,125.70999908447266,125.88489106421234,124.86054735377016,125.57674926251885,12186300
2021-01-13,127.12571716308594,127.47550105010703,126.2263128197168,126.30126106376426,12533300
2021-01-14,125.93488311767578,127.1174469451449,125.57677573411115,127.06748142823011,14835500
2021-01-15,126.4345703125,126.88427269565189,126.14308783871613,126.74269948785582,11624700
2021-01-19,126.8426284790039,126.88427064707295,126.17639191211572,126.2679995989054,9575600
2021-01-20,126.96756744384766,126.98421414678452,126.40958521029177,126.57615389891511,5368900
2021-01-21,126.07647705078125,126.37628290897692,125.8349727768437,126.11811922419317,8162700
2021-01-22,126.48455810546875,126.59281251437258,126.10146787595544,126.45957534130571,9507200
2021-01-25,127.97520446777344,127.99186387357108,127.11742932654414,127.21736034652321,8712600
2021-01-26,127.7337646484375,127.91698008234711,127.35067436642385,127.50058367935432,7690300
2021-01-27,128.0585174560547,128.66645247602298,127.85864266394996,128.30835776933404,7895200
2021-01-28,127.35064697265625,127.80036210730192,126.71772915091856,127.75038387546917,10667800
2021-01-29,126.58451080322266,126.99258386666388,126.00155836074248,126.10148943447903,14965900
2021-02-01,126.73124694824219,127.03140041042627,126.30603484437329,126.44777221232958,8165500
2021-02-02,125.91413879394531,125.97249523939401,125.49725978708612,125.68068756787518,9177500
2021-02-03,124.79691314697266,125.55563611290493,124.71354496568297,125.42223175627383,9633100
2021-02-04,124.46339416503906,124.63848894410587,124.06319388420603,124.36334727536519,8262600
2021-02-05,123.421142578125,124.70513646964503,123.41280958168261,124.31326936060871,10258900
2021-02-08,123.96310424804688,124.44668530124127,123.42949976213141,123.64628493343531,11574800
2021-02-09,124.05487823486328,124.7885895293685,123.94649831882275,124.41340088000219,5218300
2021-02-10,124.8802719116211,124.8802719116211,124.34666730183379,124.46339291265798,8079800
2021-02-11,124.19661712646484,124.8886251815785,124.02152232074124,124.79691127803557,11962700
2021-02-12,122.65413665771484,123.46288291418043,122.58743449281553,123.14605081144299,14088400
2021-02-16,120.78650665283203,121.44518253868274,120.61142461279114,121.07832701574863,17789100
2021-02-17,121.55349731445312,122.04542389607896,120.87815579173282,121.68690156445774,11199100
2021-02-18,121.06166076660156,121.39517160459772,120.32796236728528,120.56974659296208,10755300
2021-02-19,119.45247650146484,120.32792468410076,119.10229977283721,120.11113952675963,12741700
2021-02-22,118.54369354248047,119.84436656873298,118.16017202825951,119.25239285486661,13203900
2021-02-23,118.20184326171875,118.81048287495081,117.6765717926624,117.99340381807849,12658500
2021-02-24,117.4264907836914,117.70996549169992,116.0257832461393,116.18419932477325,17363100
2021-02-25,115.50880432128906,116.65939419927463,113.89965781391261,116.3258961556931,52621700
2021-02-26,119.32743072509766,119.47751376782568,116.4593014138511,117.36810722526722,45423300
2021-03-01,117.75138092041016,118.04355235620235,116.94166175686891,117.41748162588334,22048000
2021-03-02,117.75978088378906,117.80986452302304,117.10865536140801,117.2004796124858,12482200
2021-03-03,116.48255920410156,116.99176398859738,115.83144655998476,116.34900710751006,19763700
2021-03-04,115.73126983642578,116.8164617336669,115.16363844437379,116.55768784979364,22366600
2021-03-05,115.9566650390625,116.31560619060188,115.18868637157621,115.338937252469,20598000
2021-03-08,115.0550765991211,115.94826398512552,115.0550765991211,115.8898373556373,15236600
2021-03-09,116.64955139160156,116.71633382566618,116.0067816089957,116.25721255237627,14463400
2021-03-10,116.88324737548828,116.99175765200144,116.26551960461629,116.69959892299777,12387600
2021-03-11,116.0401611328125,116.3490314683697,115.58105261803563,116.17372599481311,14150700
2021-03-12,113.57758331298828,113.91149536630478,113.23532823487979,113.86139900522548,20402700
2021-03-15,114.24545288085938,114.43744444841879,113.86981277478264,113.93659521946613,11366500
2021-03-16,113.78630828857422,114.462462888867,113.31884400873952,114.37899440315155,15567900
2021-03-17,112.934814453125,113.13516168635228,111.9831873858198,112.81794841810304,27107500
2021-03-18,111.79120635986328,112.25032751800462,111.18183431584498,111.28200157309628,21615100
2021-03-19,112.48406982421875,112.55085224759848,111.69104924493215,111.92478135803883,18685000
2021-03-22,113.74454498291016,113.8697667926688,113.0016080998065,113.26873777066992,17047500
2021-03-23,114.7713394165039,114.81306729288968,113.65274955804163,114.02004657985489,16768400
2021-03-24,115.38903045654297,115.43077106162535,114.32053720114456,114.41236143734807,13863000
2021-03-25,114.47911071777344,115.7479508677879,114.43737012477442,115.5225618555457,20782000
2021-03-26,114.0784683227539,114.56263134586274,113.71117135781306,113.87812104984661,8433300
2021-03-29,113.11015319824219,114.23708601881204,112.66773073978351,114.22038722676277,13968100
2021-03-30,113.70284271240234,113.95326091340294,112.70111895861336,112.94320686950947,15020800
2021-03-31,113.06834411621094,114.01997088760389,112.6760055340417,113.81128069442615,19271300
2021-04-01,114.94499969482422,115.03694952122511,113.93356435928008,114.14254007793068,14885900
2021-04-05,114.44345092773438,114.49360305299217,113.63262422309596,114.14252542132358,8243000
2021-04-06,115.22085571289062,115.33788161178164,114.52705475701308,114.65244784823896,9282400
2021-04-07,114.41840362548828,115.43820627828265,114.41840362548828,114.89486169006457,11052700
2021-04-08,115.3629379272461,115.41310280806732,114.8196062228926,114.84468228587112,7847900
2021-04-09,114.94499969482422,115.51342028208398,114.59392201807509,114.93664525782982,8717800
2021-04-12,114.89488220214844,114.96175598286192,114.60232376075516,114.90324939653105,7659000
2021-04-13,115.75585174560547,115.78092781692246,114.68589685318646,114.76949226082199,13232800
2021-04-14,115.38803100585938,115.55522179018978,114.9951683763079,115.37967656858928,7293200
2021-04-15,117.3189468383789,117.8455568561585,116.57499395957858,116.60007001971748,23896700
2021-04-16,116.4078369140625,116.80071230977661,116.13198741782493,116.2741021395653,15238400
2021-04-19,116.073486328125,116.44964011171928,115.81435844953488,115.97318205379773,13886800
2021-04-20,116.60842895507812,116.82575906962356,115.71400692606325,115.73072855175542,11476500
2021-04-21,116.84248352050781,116.95115495783976,116.24899972014914,116.6418622719404,11902200
2021-04-22,117.35235595703125,117.35235595703125,116.35762990317575,117.02635447974637,14156400
2021-04-23,117.0765609741211,117.41928423260522,116.60010294209002,117.34405603094763,12302200
2021-04-26,116.90937042236328,117.45270216042094,116.90101598580692,117.1517766311474,9103500
2021-04-27,115.88957977294922,116.87595184643547,115.79762994198751,116.68368499223698,14137300
2021-04-28,115.96480560302734,116.09855312803072,115.32116955432241,115.89793184052566,15263700
2021-04-29,115.6220703125,115.65550080914853,114.62734403526802,114.89482627304604,17178200
2021-04-30,115.88957977294922,115.9648079742271,115.33788078717893,115.78090831230367,15692000
2021-05-03,115.95907592773438,116.9050227120844,115.7581604328854,116.10975296869303,16447700
2021-05-04,116.74600219726562,117.33198987346897,116.49486097215753,116.7711150424191,18639700
2021-05-05,116.93851470947266,117.07245837235571,116.29392200872229,116.38600668025806,11127900
2021-05-06,117.13104248046875,117.35707079894647,116.52830881357478,116.57016780196989,21907600
2021-05-07,116.5534439086914,117.7003190965869,116.2855693242357,117.28175467984737,18346900
2021-05-10,115.37305450439453,116.57014211255056,115.26422371326505,116.31900101109557,15146200
2021-05-11,114.72013854980469,115.0884773086587,114.49412294434057,114.87919508418013,15158600
2021-05-12,113.5146484375,114.51920024852129,113.31373296586801,114.41036943802447,20859400
2021-05-13,113.69043731689453,114.15922730641978,113.53976029464822,113.79088866505874,13073900
2021-05-14,114.75360107421875,114.75360107421875,114.03366989793021,114.29317774515573,17566700
2021-05-17,114.51081848144531,114.82893144506527,114.3266619364522,114.54431077949428,6113800
2021-05-18,114.21783447265625,114.32666528414859,113.9081009612635,114.18434217362656,11423100
2021-05-19,113.94157409667969,114.93775917304951,113.53137648477191,114.3015332628604,14296000
2021-05-20,114.87914276123047,115.09680435063875,114.41035283568563,114.48569133652659,13310500
2021-05-21,115.24752807617188,115.27264091996682,114.73687896305354,115.23916138609776,10171600
2021-05-24,115.67442321777344,116.00928232018092,115.43166154540059,115.51537951439462,6868700
2021-05-25,116.74600219726562,116.77948173294583,116.04280421224829,116.05118367634833,12346900
2021-05-26,116.5450210571289,117.12264171765224,116.26040045655878,116.85475448871603,9793700
2021-05-27,116.07624053955078,116.1013533725927,115.5153659790029,115.9422969142825,10695200
2021-05-28,115.89208221435547,116.61201330133622,115.80836424724929,116.0092797041631,10258000
2021-06-01,115.8661117553711,115.90801820877654,115.0613057370549,115.5391621086709,11778500
2021-06-02,116.13433837890625,116.35230048314077,115.9582955079352,116.15110863060244,7347900
2021-06-03,115.69840240478516,116.11756915723024,115.56427876588786,116.11756915723024,10994000
2021-06-04,117.28289031982422,117.28289031982422,116.12599840575743,116.12599840575743,15773700
2021-06-07,116.92240905761719,117.12361376258738,116.79666411198447,117.02300501412336,7799800
2021-06-08,117.74395751953125,117.92001321290023,117.54276563220236,117.92001321290023,11230900
2021-06-09,118.78347778320312,119.16910403659621,118.41460898990243,118.842154477435,12768300
2021-06-10,119.49604034423828,119.51281059442519,117.9367396676295,118.06249735610207,19698300
2021-06-11,119.30323791503906,119.37868485970243,118.90922014808058,119.30323791503906,8646700
2021-06-14,118.38944244384766,119.12717992100016,118.21338680336268,119.12717992100016,9401300
2021-06-15,118.24697875976562,118.28050648152076,117.7691223790389,118.03739532091171,18207300
2021-06-16,118.14636993408203,118.76674151779274,117.54278139917491,118.54038782222887,19676300
2021-06-17,119.91520690917969,121.4996565631625,118.74154523658237,118.92597961255521,35225800
2021-06-18,122.17034912109375,122.43023048437118,120.82063154462742,120.95476798759488,26616900
2021-06-21,120.12490844726562,121.1309197757565,119.89856741112406,121.04708123439379,16485000
2021-06-22,120.41825103759766,120.45177875682505,119.14398024368805,119.18589948669003,14530200
2021-06-23,120.10808563232422,120.30089882220726,119.63862075680457,119.97394915590189,12040900
2021-06-24,120.30087280273438,120.63620112930467,120.15835762434422,120.23380457902918,8788400
2021-06-25,119.0517578125,120.21704108196722,118.51522478465803,120.09967488187543,15562200
2021-06-28,120.27574157714844,120.55239324379798,119.63022102163285,119.64699127802427,11460700
2021-06-29,120.47693634033203,120.48531507185784,119.91524152919031,119.96555229421469,11217900
2021-06-30,121.0134506225586,121.49967281484781,120.77871825664154,120.92961215246484,15708900
2021-07-01,121.02018737792969,121.13770664395753,120.48295461771107,120.86069420075489,10810000
2021-07-02,121.75042724609375,121.75042724609376,120.96976666381744,121.07049375607676,9650200
2021-07-06,123.17753601074219,123.38739278360512,122.32131679104194,122.32131679104194,20037200
2021-07-07,124.2687759399414,124.70528159620255,123.58045241337612,123.87425700691814,20964400
2021-07-08,124.75565338134766,125.44398976185781,124.37791374238924,124.97391262816367,17487800
2021-07-09,123.001220703125,123.38736270686937,122.96764926345226,123.28662277057556,14483600
2021-07-12,122.84172821044922,123.58881763143174,122.69902717595119,123.47129837898407,10610400
2021-07-13,121.90157318115234,123.781894013378,121.41470405114826,123.24466131969034,23340200
2021-07-14,123.28662872314453,123.3286026312404,122.39683822952115,122.5647210532662,16038600
2021-07-15,124.64651489257812,124.73885237125786,123.42094588543247,124.19321715773616,18462400
2021-07-16,124.41146850585938,124.52058529475812,123.66437906506846,123.68115838112168,12787900
2021-07-19,127.13960266113281,127.55091364056491,126.43447433749317,126.71148674880912,40203900
2021-07-20,125.91403198242188,128.1888844627049,125.71256492014044,128.03778096383436,25674800
2021-07-21,124.31914520263672,124.65491088290585,123.11875791882723,124.38628809177882,19988900
2021-07-22,125.49433898925781,125.75455931503713,124.28556203589865,124.32753594845914,18136900
2021-07-23,124.6548843383789,124.78919570534161,124.14283345939094,124.1848073626464,12639300
2021-07-26,124.2855453491211,125.12497225306885,124.13445465455678,125.07460868821407,10737700
2021-07-27,125.61181640625,125.65379030482507,125.06619415068063,125.35159616717429,13036500
2021-07-28,125.62022399902344,125.6370161225782,124.46182364649108,124.79758926576244,14346700
2021-07-29,124.92352294921875,125.25928860066206,124.68008196457957,124.88993869889129,11532000
2021-07-30,125.51116943359375,125.67905232644924,125.12502725224678,125.18379330950023,14342100
2021-08-02,126.63056945800781,127.10121929275664,125.3782946429291,125.60521967905665,21232700
2021-08-03,126.69778442382812,127.10119666404108,126.39522203760744,126.69778442382812,13361900
2021-08-04,126.95838165283203,127.59713189408416,125.83218167117688,127.32818172424118,18267900
2021-08-05,126.31126403808594,126.84075180608862,126.06753910515407,126.70627668655568,15345400
2021-08-06,124.20166015625,125.02529730141036,124.12602275831841,124.6555101923298,21144300
2021-08-09,123.75626373291016,124.85725119199876,123.73945114195287,124.51266361074602,12942400
2021-08-10,123.18475341796875,124.0252033549431,123.1763407110801,123.95796582107535,13716900
2021-08-11,123.10913848876953,123.73947612230086,122.46200108513878,123.05031364491764,17227600
2021-08-12,122.90741729736328,123.07550473891465,122.2266419990682,122.78134209801246,14709400
2021-08-13,124.84886169433594,124.85726157838863,123.38647394138695,123.40328653374281,18653800
2021-08-16,125.15137481689453,126.08427454838812,125.0673247125546,125.38669971995189,19170900
2021-08-17,125.10099792480469,125.62207286392645,124.94971024374496,125.1262104009396,14126900
2021-08-18,125.52127075195312,125.62212069489162,124.76485770714874,124.98338301585576,13144000
2021-08-19,126.44566345214844,126.45407615724068,125.90777612031349,126.32800099906721,15474300
2021-08-20,126.52971649169922,126.74822881698984,126.15991653794134,126.5633288401109,12388400
2021-08-23,126.44566345214844,126.48768850487293,126.00022610660913,126.23555101277158,10615000
2021-08-24,125.46235656738281,126.12631915155195,125.46235656738281,125.86576891740809,13835900
2021-08-25,124.4201889038086,125.53798873201039,124.03358915826321,125.40352650378631,16743800
2021-08-26,124.76482391357422,124.86568665344842,123.9747987098602,124.36141142683257,16657400
2021-08-27,125.6136703491211,125.63888282472794,124.66395768709606,124.86567031620095,15384700
2021-08-30,125.94143676757812,125.98344900789112,125.16821148753182,125.21864925955593,10596300
2021-08-31,125.0841064453125,126.1430682478695,124.80675655849565,125.7900809803505,15262400
2021-09-01,125.29368591308594,125.71444515288279,124.95708365746964,125.61346704430849,10807100
2021-09-02,125.84070587158203,125.84912927688103,125.17591172136066,125.58826052374914,9765900
2021-09-03,124.6962661743164,124.97396895604919,124.49430985346316,124.77201263519595,12928000
2021-09-07,123.6443099975586,124.1408156832493,123.41710924232517,123.92201265006416,15547800
2021-09-08,124.48583221435547,124.70463525403808,124.03141784984092,124.25863145237517,14533700
2021-09-09,125.99214172363281,126.1351983174071,124.41850635156331,124.68778557497598,20324600
2021-09-10,124.88131713867188,125.52928985903738,124.67936095402357,125.3020763107571,14894600
2021-09-13,125.63875579833984,125.79864642023523,125.34421909057913,125.41995269866932,15036100
2021-09-14,127.16183471679688,127.54893879648138,125.87431270565261,126.00053531829396,19918400
2021-09-15,126.71588134765625,127.27969730891833,126.16888651439193,127.2460422123671,11940300
2021-09-16,126.13520050048828,126.60644878003083,125.80700881719596,125.9500654134462,13328900
2021-09-17,125.52930450439453,125.6891950629293,125.13378980924612,125.53771506621916,13782900
2021-09-20,127.08613586425781,127.38065965439041,126.42132901461204,126.70745508234211,14660400
2021-09-21,126.97673034667969,127.03564280718452,126.39608050709197,126.82526317490223,10035800
2021-09-22,127.73406982421875,127.73406982421875,126.5980277104458,126.89255144043813,22277800
2021-09-23,124.84771728515625,126.60648832078925,124.83088331547154,126.58124378654047,23853300
2021-09-24,123.62754821777344,124.41857806089465,123.48449154154764,124.41015465369564,20203900
2021-09-27,123.173095703125,123.59385507940465,122.76075973232753,122.91222694432076,13464300
2021-09-28,121.25439453125,122.07909188569043,120.87571378389218,121.45636358876554,26613500
2021-09-29,121.46477508544922,122.38202715268578,120.91779320623004,121.85187923852732,23569400
2021-09-30,121.44793701171875,121.60781471554736,120.88410840557347,121.26280194354743,22567600
2021-10-01,122.47004699707031,122.5121660689457,121.5010640636049,122.04875342344,26151800
2021-10-04,122.15821075439453,122.56266160941107,121.41674323390187,121.8970109460623,28027600
2021-10-05,120.97866821289062,121.9223617353473,120.87756186601597,121.83811073190508,22659200
2021-10-06,121.66111755371094,121.93917276342488,121.35778576646439,121.52630056896685,18696500
2021-10-07,120.3887939453125,120.77637663434884,120.14443659814125,120.64999376984849,14856000
2021-10-08,119.54620361328125,119.9422203858707,119.25129312923292,119.8663778126123,17257800
2021-10-11,119.24295806884766,119.56313249957188,119.1839707866663,119.31036659554272,7213400
2021-10-12,121.28195190429688,121.34092629757981,120.05176945989076,120.1781652001054,17968700
2021-10-13,122.46157836914062,122.62167193907925,121.82121694624205,121.84649352498435,23584600
2021-10-14,122.91659545898438,122.98400396168924,122.13298286479058,122.4868678613481,12946400
2021-10-15,122.20037078857422,122.29305585707777,121.72852420595795,122.17509421142371,11811500
2021-10-18,122.77332305908203,123.01766756366546,121.77064275266514,122.17508079953076,12115900
2021-10-19,121.07976531982422,121.94762901589576,121.03763339288832,121.8886546036727,12156300
2021-10-20,120.26244354248047,121.06289865194181,120.0770733667916,120.70059239927761,12782500
2021-10-21,120.11917877197266,120.61630192572949,119.84112356982351,120.48991904150485,13660000
2021-10-22,121.4420394897461,121.6695286686079,120.66686117726084,120.86907378069354,13740000
2021-10-25,121.25670623779297,121.58531467515049,121.02078289081108,121.05448071601214,8137900
2021-10-26,122.25936126708984,122.25936126708984,121.11344259754951,121.85491030829529,13671000
2021-10-27,124.48383331298828,124.854560868588,122.95873973321392,123.35475673226307,22092300
2021-10-28,124.06250762939453,124.980924322824,123.72546513396864,124.52592016821319,17497600
2021-10-29,124.44165802001953,124.70285789500004,123.28731811180685,123.41370100071502,19087300
2021-11-01,123.54574584960938,123.81571073441116,122.92143193905517,123.00580320675775,18035500
2021-11-02,124.09404754638672,124.49901394548402,123.59629082989184,123.59629082989184,9836700
2021-11-03,122.81172180175781,124.84493476076268,122.77796815717844,124.70995880217583,20639400
2021-11-04,124.10254669189453,124.32189393244826,123.04797037015256,123.06483432256323,15922400
2021-11-05,125.95857238769531,126.19479640504048,124.97149069952228,125.3005179289133,21513000
2021-11-08,125.72232818603516,125.9416753459992,125.29205296597306,125.67171060090817,12083800
2021-11-09,127.35903930664062,128.04240249102864,127.08906167302248,127.22405048983155,23430200
2021-11-10,125.03057861328125,127.33376992539175,124.04349662237675,127.2494115351783,28170600
2021-11-11,124.84494018554688,125.41863630913265,124.76901379180944,125.29207944632616,5552500
2021-11-12,124.29659271240234,125.29210664169277,123.81569970119645,124.86184411054559,12712000
2021-11-15,122.7357406616211,123.98436762016541,122.51639353966884,123.92530519892492,15232700
2021-11-16,122.42367553710938,123.49512885065452,122.20432826254226,122.91300057106506,12998700
2021-11-17,123.39382934570312,123.41913814094559,121.87525013818406,121.96805334515402,14239900
2021-11-18,123.85784912109375,123.93377550911416,123.13230026466482,123.16605390816932,11054600
2021-11-19,125.16551208496094,125.36799530369575,124.50745771562491,124.50745771562491,14022100
2021-11-22,123.69755554199219,124.55809325408912,123.28416994486956,124.35561000617115,15266000
2021-11-23,121.90902709960938,123.26732196492243,121.90902709960938,123.11545627513921,15318500
2021-11-24,123.8663101196289,123.86631011962892,122.1536665026491,122.2802233724281,13769700
2021-11-26,126.996337890625,127.12288193974433,125.4271273152944,125.5621162165218,20064800
2021-11-29,125.97542572021484,126.24539045830963,125.00520816187282,125.12332014852198,23234200
2021-11-30,127.8906021118164,128.29556876888364,126.7600991589799,127.2494242146663,31481100
2021-12-01,128.67950439453125,128.73863862061117,126.52555180957164,127.11684251481172,30826500
2021-12-02,128.83993530273438,129.2284964758006,127.34483769718464,129.17780449670914,17754200
2021-12-03,130.37725830078125,131.027657086363,127.8432009024289,128.12193587403112,34427100
2021-12-06,128.58656311035156,130.37730643069574,128.33315469919194,130.12389801953609,30924200
2021-12-07,127.54759216308594,128.8399607744222,127.42933663292726,128.15576714358372,22115900
2021-12-08,125.34298706054688,127.10837815842628,125.31764750518124,127.09993593626733,33633900
2021-12-09,126.04399871826172,126.5676997175703,125.41892667249809,126.14535687583611,17544900
2021-12-10,125.73992919921875,126.90559973225618,125.69769233127577,126.63529408852708,14298700
2021-12-13,127.59828186035156,127.80945338809315,126.96476727712682,127.0323437126706,17860500
2021-12-14,127.29419708251953,127.48847128333156,126.12008387858059,127.01544911323924,14015500
2021-12-15,126.06937408447266,127.37018473557521,125.96801589809397,126.3734615324931,25383900
2021-12-16,126.11852264404297,126.74429976572911,125.77180776972689,125.7887241523182,18677900
2021-12-17,127.54756164550781,127.67440216480794,126.98098582028406,127.13319444344422,18093500
2021-12-20,126.5920181274414,127.70826658784472,126.50746206140101,127.47994069305075,17147300
2021-12-21,126.1099624633789,126.16915039642436,124.83304119584496,125.27277644115912,16598200
2021-12-22,126.69354248046875,126.72736233661544,126.01702922678132,126.61742522315883,12253900
2021-12-23,125.59420776367188,126.50749870396699,125.17984033879026,126.49903406252201,11642500
2021-12-27,125.89862060546875,126.00854479824706,125.42506527327436,125.54345410632295,7821800
2021-12-28,125.39965057373047,126.65965581113839,125.16287297123137,126.50744716813678,9174600
2021-12-29,124.02974700927734,124.57095491392839,123.80988573356152,124.23270481230185,11771200
2021-12-30,125.06983947753906,125.12904032381103,123.84366711078088,124.52018000729203,10355000
2021-12-31,125.31511688232422,126.0254498165929,124.67242364363112,124.99377026297768,13402300
2022-01-03,122.02556610107422,124.25804990714033,122.0086497281022,123.8098627989711,33860400
2022-01-04,121.51820373535156,121.8818348620784,120.70639830946558,121.44209939606499,21996400
2022-01-05,120.8586196899414,121.90721578728112,120.68104287960992,121.89029940896803,20911700
2022-01-06,121.17144775390625,121.2983011796338,120.32580986269676,120.57950381074164,18996400
2022-01-07,120.30046844482422,121.12920305250537,119.70852437034699,121.03618234770089,18756800
2022-01-10,120.5964126586914,120.7655376457012,119.53936536061838,119.78459465627118,13775800
2022-01-11,121.39978790283203,121.45898875582962,120.67253871455885,120.82476026268715,24388700
2022-01-12,120.93470764160156,121.78034579478546,120.92625590529883,121.68732508179866,14440600
2022-01-13,122.00860595703125,122.12699471853914,120.9515588352082,121.25598892242952,15166000
2022-01-14,120.16513061523438,121.31519848265336,119.90297207129973,121.28136574641293,22997500
2022-01-18,118.4738998413086,119.49711468936395,118.40624724668635,119.20114910423135,21171700
2022-01-19,119.2941665649414,119.83537440378919,118.65147338521342,118.8375147895123,17930500
2022-01-20,120.02983093261719,120.07211540313551,119.3110336440319,119.54781119484402,13959000
2022-01-21,121.45896911621094,121.85641993991966,120.64715109875641,121.26446311930862,28916600
2022-01-24,120.46116638183594,122.08479027679591,120.44425000384445,122.02560230894923,25001600
2022-01-25,120.26664733886719,121.52665270830359,119.91148089790273,121.01926470497555,15599000
2022-01-26,118.81214904785156,120.56262604952575,118.80369731236507,120.30046740848923,23655500
2022-01-27,120.9938735961914,121.23910291235768,120.35964516429432,120.42729774543926,21501800
2022-01-28,121.03620910644531,121.315271282554,119.95379315855362,120.15673808414836,12826500
2022-01-31,120.410400390625,120.88395563001737,120.04678222588174,120.23281072414659,13998400
2022-02-01,120.01069641113281,120.55265782654938,119.45179506734654,120.48491103444988,20806100
2022-02-02,120.41718292236328,121.577329150141,120.18853907873098,120.20547900972855,18404600
2022-02-03,119.47723388671875,119.80749152015942,118.70662843489613,118.9268088047787,17234100
2022-02-04,117.71582794189453,118.67273367252612,117.52106397843701,118.4271628421997,23609800
2022-02-07,117.79203033447266,117.9698543370693,117.32627926823261,117.63113333691902,12962400
2022-02-08,117.00450897216797,117.35170646654181,116.70813126735021,117.03838883187203,16269200
2022-02-09,117.22469329833984,118.02070213835776,117.02146579629773,117.47027709181722,14349100
2022-02-10,115.36170196533203,116.71661228644547,115.03144435125073,116.57265516455182,30896200
2022-02-11,117.07228088378906,117.29244833357234,114.62498381110261,115.90367097954584,43210300
2022-02-14,115.61571502685547,116.6403674304433,115.14150043131613,116.12380947714968,23157400
2022-02-15,114.3031997680664,115.03146191562269,114.26933281948946,114.82823438139218,18198500
2022-02-16,114.98062896728516,115.22621274398857,113.90516946403346,115.12458607852649,16473700
2022-02-17,115.8359603881836,116.49648878684322,115.08229462968636,115.54804603581101,24508200
2022-02-18,117.0552978515625,117.17385149954666,116.1492120251218,116.45406610870658,17522600
2022-02-22,117.36017608642578,117.4279228879837,116.4117467073774,116.59804718131636,19534000
2022-02-23,115.7427978515625,116.73358388394915,115.64966050158672,116.58961380161978,17757800
2022-02-24,115.81893920898438,118.02065136941849,115.37859160834684,117.79202052797123,28150400
2022-02-25,115.90364074707031,116.27624165827017,115.31933594735962,115.89517724322664,15025400
2022-02-28,118.44412231445312,118.58807945049878,117.13156815598272,117.22470548985015,25817700
2022-03-01,119.81353759765625,120.68691194163006,118.71121657037504,119.01647450195297,35664400
2022-03-02,115.71796417236328,119.06731275629434,115.66709002219343,118.57550774049935,30397400
2022-03-03,116.89659881591797,117.60886281187408,116.18433481996186,116.58286625689992,20649100
2022-03-04,118.91471099853516,119.40651609991083,118.12612271820196,119.01645931658042,25853100
2022-03-07,118.00743103027344,119.2538998809517,117.6682612898628,117.96503157809805,23710900
2022-03-08,116.82032775878906,117.22733404807565,116.37939673127221,116.59985577578232,28331300
2022-03-09,115.67562866210938,116.45572958564806,115.4297324875642,116.22679578336432,18819200
2022-03-10,114.0136489868164,114.61567719223794,113.38617076033182,114.32738163081085,26868900
2022-03-11,114.39522552490234,114.85310597907393,113.8016719959775,113.90342033279418,15583800
2022-03-14,111.72418212890625,112.6823551449756,111.69027033951555,112.52124503376118,24385000
2022-03-15,111.52912139892578,112.90277481462786,111.24082600475171,112.65687884630015,17518800
2022-03-16,112.62297821044922,112.88583656281757,110.50313609329868,111.78351607420139,25857700
2022-03-17,111.7835464477539,113.06392677655845,111.13911892689408,112.6230088120984,19330600
2022-03-18,113.14873504638672,113.23352099805064,112.41103386828966,112.41103386828966,55891700
2022-03-21,110.52857971191406,111.6478496880664,110.01981239826011,111.3171548157384,26122000
2022-03-22,109.11253356933594,109.6721751285272,108.82423807708321,109.34996784715345,21830900
2022-03-23,111.50370788574219,111.58850675534825,109.26515487614601,109.69759805875869,21266100
2022-03-24,110.63033294677734,111.2323609250847,109.8926319536294,109.93501844958762,17141600
2022-03-25,109.0956039428711,109.82483045699385,108.23918555409949,109.80786809010868,25684500
2022-03-28,110.02830505371094,110.70665726971747,109.41778935315429,109.714572490936,17657800
2022-03-29,110.85929870605469,111.54612567199064,110.01136162445611,110.70666330335055,19319700
2022-03-30,111.72418212890625,111.93616639345308,110.22334285162941,110.29117936890353,16310200
2022-03-31,111.9955062866211,112.49578594783607,111.63937434447703,111.91070742199577,19901000
2022-04-01,112.42189025878906,112.91444880083209,110.15443120101025,110.40919168972577,23489700
2022-04-04,111.64057159423828,112.08216498952393,111.0036445866357,112.03970059735447,13609900
2022-04-05,109.11834716796875,111.06309206427007,108.94848958752193,111.04610371456258,25196900
2022-04-06,108.235107421875,108.95696308390868,107.34341365919786,107.36888969825216,22952000
2022-04-07,107.41985321044922,107.57271594020152,106.5026833110915,107.09714588281929,23458800
2022-04-08,106.25640869140625,106.85936546277918,105.5260652265531,106.5366516420751,26859200
2022-04-11,104.57489013671875,105.46659026929179,104.08233184483737,105.23729298758803,30020700
2022-04-12,104.43052673339844,105.4411194026385,104.17575340327164,105.347702946869,23124200
2022-04-13,104.64283752441406,105.56001375403203,104.36258815217163,104.4984689917395,17189500
2022-04-14,102.54524230957031,104.39657696405634,102.23102267144641,104.33713070594168,34274500
2022-04-18,102.03569793701172,102.82548760838185,101.64505018804398,102.64714884118936,18784300
2022-04-19,101.27137756347656,101.67051945930147,100.77881920355834,101.18645527225233,26012300
2022-04-20,103.3095703125,103.58132559863034,101.84038904491102,102.09516246028944,31423200
2022-04-21,102.54524230957031,102.68112317335022,101.20344793594656,102.61318274146026,23323200
2022-04-22,101.89981842041016,103.13121441841407,101.74695569235298,101.96775885047025,19773400
2022-04-25,102.91891479492188,103.76815081044784,102.86795622816382,103.0802652320453,25418900
2022-04-26,103.95496368408203,104.48148576531193,103.40295908481858,103.9804397229602,26931300
2022-04-27,102.62171173095703,103.87858431006075,102.56226544892124,103.7681859231825,14560500
2022-04-28,102.77452850341797,102.81699289121082,101.91680488657424,102.23951220466988,16892500
2022-04-29,101.44123077392578,102.73207303528535,101.15249366337402,101.32233826026847,26153400
2022-05-02,99.68286895751953,100.6101087751604,99.47019856005855,100.26133269822083,29233900
2022-05-03,100.35492706298828,101.49483749243808,100.28687096535904,101.26515627567274,21256700
2022-05-04,100.9078369140625,101.20557412641305,99.82746782758191,100.35489266816322,25575700
2022-05-05,98.14314270019531,99.07889120193366,96.99471729923125,98.97680706912762,48384500
2022-05-06,96.69695281982422,97.86238866994518,96.39070699775132,97.09677411476295,32790500
2022-05-09,97.54765319824219,97.58168123955885,95.80375988951418,96.00792164722884,26773000
2022-05-10,98.43236541748047,99.49571739868675,98.23671228744236,98.5854883623816,33640800
2022-05-11,100.32939147949219,100.32939147949219,97.3520058350186,97.60720642471924,34173600
2022-05-12,100.14222717285156,101.13752296975422,100.09118835973392,100.39742772862454,26405700
2022-05-13,98.66206359863281,99.65735960150937,98.59400750693541,99.51274527429199,20782700
2022-05-16,98.55995178222656,99.47868929157158,98.55144315060735,98.8576889870557,11050600
2022-05-17,97.3689956665039,98.12610161973667,97.28392882156913,97.58166602393298,15040800
2022-05-18,99.44469451904297,99.52976139313655,97.4966325984233,97.59020810698219,21337300
2022-05-19,99.68286895751953,100.99291938470145,99.40214247522653,100.92486329986941,21937500
2022-05-20,100.81427764892578,101.24812058947761,99.58078544196385,99.60630485138626,22780900
2022-05-23,99.15546417236328,100.59311842802528,99.13845339279338,100.13374949739624,15925200
2022-05-24,101.11202239990234,101.7755530547835,100.26134074181142,100.29536878695737,23388200
2022-05-25,101.5118179321289,101.75851632888953,100.88230899273245,101.75000769722624,14410800
2022-05-26,101.05247497558594,101.3076755789828,100.21030195106012,101.24812812250492,14912900
2022-05-27,101.2991714477539,101.8606179563597,101.00993631468933,101.53736126899187,11190400
2022-05-31,99.15546417236328,99.7254258858505,98.61953699838946,99.68288920164555,28393700
2022-06-01,99.0421142578125,99.99656859613268,98.59045190103848,99.73239019916656,15544800
2022-06-02,99.09323120117188,99.4596753025193,98.39443157787352,99.39149814372635,9832000
2022-06-03,98.88018035888672,98.90574516745889,97.891637584284,98.07911501439041,15330400
2022-06-06,97.0564956665039,98.43705401575309,96.9883185007239,98.13026327147548,20815400
2022-06-07,98.1047134399414,98.6671588891786,97.64452725325641,97.67009206889446,14278700
2022-06-08,97.23545837402344,98.11321827559199,97.21841733300235,97.72973308615822,11476100
2022-06-09,97.55928802490234,97.75528923707493,96.87752941327915,97.0138772345646,15527300
2022-06-10,96.95423126220703,97.67007850935819,96.27247910015102,97.45702973964084,21917100
2022-06-13,93.91187286376953,95.16460037349076,93.09376656189119,95.01120503553038,36968300
2022-06-14,92.72734069824219,94.57660888585946,92.53985674820183,94.19311721484992,21865900
2022-06-15,94.4572982788086,94.58512883943968,92.91482728526202,93.81815197738555,25202800
2022-06-16,95.20723724365234,95.20723724365234,92.13933619587722,92.42055563647159,26067300
2022-06-17,95.5140151977539,96.15316143462047,94.55955447674309,95.45436180904898,21614300
2022-06-21,93.89485168457031,94.6106924119561,93.57953717270811,93.81815074850337,17663800
2022-06-22,96.47699737548828,96.5622155770902,95.76967394890151,96.03385882611909,23703800
2022-06-23,97.26953887939453,98.14729870806362,96.71561081709179,97.06501389546484,20669200
2022-06-24,95.92311096191406,97.29514605915284,95.87198131909904,96.69008811281383,18161300
2022-06-27,95.10498809814453,95.63335149098252,94.73002661130076,94.78115624547632,12053000
2022-06-28,95.5481185913086,95.59924821763104,94.48287469803928,94.84079508576191,13706600
2022-06-29,97.03947448730469,97.06503930427152,95.59073867575812,95.76969889625968,12925400
2022-06-30,97.89164733886719,98.65861767938459,97.78938159265648,97.88312356791657,25802100
2022-07-01,98.89664459228516,100.40801334897752,98.38431653143714,98.96495673762615,21858800
2022-07-05,99.6736831665039,100.54464024101905,99.19550465134988,99.81030094611583,16689700
2022-07-06,98.00010681152344,100.36536535042353,98.00010681152344,100.2372816526977,20205400
2022-07-07,97.13765716552734,98.34162788158439,96.92418657977348,98.28185637815751,13088000
2022-07-08,96.06175994873047,96.91564225938585,95.67751551477755,96.91564225938585,15320000
2022-07-11,97.71829986572266,98.01715739033887,97.08642222555648,97.16327502594662,13639900
2022-07-12,98.29895782470703,99.24676794092584,98.17087414407621,98.6319714855832,18547300
2022-07-13,99.42607116699219,99.60538569361536,96.87295803817183,97.1462001522556,20594800
2022-07-14,98.61488342285156,99.18698962181311,97.74392618059457,98.2647950020543,15665000
2022-07-15,99.16990661621094,99.75054693924928,98.70880931427408,98.91373927693289,16022600
2022-07-18,98.13672637939453,98.46974006849601,97.49631443656753,98.40996854774977,15838300
2022-07-19,97.60731506347656,98.3245798140715,97.05229660141276,98.11964982016168,9276800
2022-07-20,97.86345672607422,98.66610822033358,97.38528469439903,98.60633671637419,9117300
2022-07-21,99.55413818359375,99.66514705634943,98.2050090471154,98.35870812780347,14754900
2022-07-22,101.22776794433594,101.84255784147811,100.73251455547133,101.00575668129211,17715300
2022-07-25,100.23723602294922,100.36531966236912,99.45166592259376,99.6565958369029,24868100
2022-07-26,100.31413269042969,101.81696140551541,100.24582051757832,101.49248835638251,13536000
2022-07-27,99.75053405761719,101.17651599275426,99.65660647965197,100.76665612036533,15725600
2022-07-28,100.54469299316406,101.5437342390169,100.17752315307179,100.80086042191992,16637900
2022-07-29,100.27140808105469,101.87670460918922,100.18602114602939,100.50195345708356,16655900
2022-08-01,102.68628692626953,102.73761087220127,101.00963725259105,101.15505945035946,17974600
2022-08-02,100.51351928710938,103.24235649494098,100.33387888687604,102.78042124015022,17896300
2022-08-03,102.09603118896484,102.21579140877819,99.51262377042238,100.23118508930243,16731200
2022-08-04,102.06182098388672,102.267129827904,101.4031397237162,101.77953274463822,11003000
2022-08-05,99.63243103027344,100.17990844403026,99.13627758454207,100.14569028986476,19492300
2022-08-08,101.24061584472656,101.3945942307273,100.56482217985908,100.63325846840246,17476300
2022-08-09,100.84711456298828,101.24916959050874,100.47927767892101,100.7102485156191,8223200
2022-08-10,100.1884536743164,101.719681642184,99.85483486568856,100.71026904708198,14665300
2022-08-11,97.85308074951172,100.13708763666008,97.5964479756207,99.97455963787549,20663800
2022-08-12,98.84539031982422,98.86249612628707,97.8873019968357,98.46044114676116,12178400
2022-08-15,98.75984191894531,99.87190860824376,98.75984191894531,99.51262793377236,9031800
2022-08-16,99.17047119140625,99.24745712438839,97.72478553637566,98.58877576746885,11066000
2022-08-17,98.13540649414062,98.46046912083192,97.78467536079813,98.42625097174158,14131300
2022-08-18,98.28083038330078,98.92240600501775,98.0241975240361,98.34926668263066,10738200
2022-08-19,96.69827270507812,96.95489902254992,96.441639861162,96.86080727465463,16330900
2022-08-22,96.37320709228516,96.62983340176821,95.91982154528793,96.54429129860719,10457200
2022-08-23,95.84281158447266,97.0746384458178,95.58617881287826,95.97112797026986,17813200
2022-08-24,95.14140319824219,95.69743679448716,94.83344633036639,95.37236758592618,13971600
2022-08-25,96.46727752685547,96.74101611236614,94.94460623704965,95.22690098891954,21429700
2022-08-26,97.1944351196289,97.51094159333731,95.81718555016359,96.06526224869812,18764400
2022-08-29,96.39028930664062,96.67258405176783,95.91979806476196,96.61270394156895,14278300
2022-08-30,96.62979888916016,97.10029007816979,95.98822355493344,96.33895453700278,14346600
2022-08-31,95.70594787597656,96.95488065849185,95.44932160711191,96.39885381273022,13623500
2022-09-01,93.95378112792969,94.51099008728627,93.3880044521423,94.185240276393,22490400
2022-09-02,94.48526000976562,94.7767192914947,93.84232819863793,94.0223483209248,13024400
2022-09-06,92.14497375488281,93.41369524704083,92.08496705499802,93.35368854715604,24648500
2022-09-07,93.60226440429688,93.85086539125304,92.76216429181615,92.85646144342842,17050100
2022-09-08,92.64219665527344,93.88519566339717,92.62505468299034,93.3022705021532,14671400
2022-09-09,92.84791564941406,93.2679691045204,92.26499059725181,92.86506415872944,12529800
2022-09-12,92.08499145507812,93.34513902680406,91.6563701879736,93.1222541366421,14806900
2022-09-13,92.29927825927734,92.35928495957009,91.07342149023414,91.34773876874955,22158900
2022-09-14,92.6164321899414,92.76216176929275,91.82777107084706,92.01635882870524,13077800
2022-09-15,92.55642700195312,92.74502130309355,92.2221031191089,92.453555599448,10260200
2022-09-16,91.78495025634766,92.6250507478353,91.52777490133853,91.75065977299704,18903800
2022-09-19,91.9992446899414,92.42786584607052,91.55348156527266,91.69063693430927,11084400
2022-09-20,91.08199310302734,91.58776291364914,90.35333846625105,90.60193951460808,20133800
2022-09-21,92.60787963867188,92.61645389247755,90.84196268858516,91.46774587137307,23132900
2022-09-22,90.24191284179688,90.8334122448902,89.77900765877897,90.68768259319044,29030600
2022-09-23,90.61051177978516,91.23630155918414,89.63325604556533,90.3019040173747,23042200
2022-09-26,88.87886810302734,90.36189992908936,88.48453749118303,90.31903520465987,25104600
2022-09-27,86.53860473632812,88.27881204216914,86.49574654687478,88.047352966211,34609500
2022-09-28,89.43609619140625,89.53896108793582,87.85019914758774,88.40740144442984,39283100
2022-09-29,88.97319030761719,89.35037905999918,88.12452215499822,88.21024508774671,19127100
2022-09-30,87.82447052001953,89.89042759059897,87.63588270889215,89.38465123554738,26485700
2022-10-03,89.219970703125,89.95036497858867,88.63565397158321,89.23715359705818,27192200
2022-10-04,88.97077178955078,89.92458297476047,88.76454429313769,89.49493853298507,13788700
2022-10-05,88.12008666992188,88.36927470256212,87.28657531843855,88.27475894706161,20522100
2022-10-06,87.63027954101562,88.36926191838238,87.24359562617967,88.15443970653584,13965700
2022-10-07,86.77957153320312,87.32092765708425,86.33274425487326,86.6248992915018,14814800
2022-10-10,85.43048858642578,86.3671167618566,84.8977337407405,86.3585220384527,15652600
2022-10-11,85.80857849121094,86.7022396132369,85.06099488905427,85.70546147702801,33246700
2022-10-12,86.2296142578125,86.39288119831703,85.23284283815583,85.31017566943561,21447600
2022-10-13,85.40470886230469,86.25540289438803,84.50245304692486,84.519642493308,30292500
2022-10-14,84.70011138916016,86.09216184580076,84.42513918788164,86.09216184580076,18728200
2022-10-17,84.28764343261719,85.63673327328252,84.15875534478003,85.31879402629176,18969900
2022-10-18,84.48528289794922,84.60558281736236,83.23931663723275,84.16734365044078,16931500
2022-10-19,82.9471435546875,83.71191003215881,82.76669370048278,83.51427728720493,25431600
2022-10-20,81.52932739257812,82.77530021459592,81.40902747263902,82.43158334797535,25434900
2022-10-21,80.05994415283203,80.71300554360627,79.2779946734906,79.9310495084109,46280300
2022-10-24,79.3982925415039,80.38647604872318,78.92568104279137,79.75919229187325,31332600
2022-10-25,81.70976257324219,81.83006902739261,81.15123014079711,81.27153003909477,31213100
2022-10-26,82.8869857788086,83.08462506095847,82.29407448821136,82.29407448821136,24843900
2022-10-27,83.75487518310547,84.12436960639111,82.68076424981614,83.33382553289485,20270000
2022-10-28,83.17913818359375,83.89234273126878,82.84401615776345,83.23069340115174,22244100
2022-10-31,82.58626556396484,83.02450478562169,81.6582318789932,82.80108781201265,23956700
2022-11-01,83.35809326171875,83.91800738483613,82.87570894493747,83.88355042335269,17585100
2022-11-02,82.99627685546875,84.09887296074757,82.66032981001634,83.47866758052163,25010500
2022-11-03,82.54834747314453,83.022115733255,81.91090377686416,81.97981767462274,29097500
2022-11-04,81.16148376464844,82.4019075945684,81.16148376464844,81.91951689849353,23561400
2022-11-07,80.35176849365234,81.71278846588493,80.3173115431158,81.66110632607577,14522800
2022-11-08,81.23039245605469,81.79891562701832,80.77384285702024,80.79969049514663,20360600
2022-11-09,81.4974365234375,81.85060876141954,80.70494638612007,80.81692654509169,15637500
2022-11-10,84.63294219970703,84.7879951811205,83.24608124706198,83.32361102376416,45380900
2022-11-11,84.32283020019531,84.73630697836062,84.02134013902813,84.04718120541526,15943100
2022-11-14,84.1160888671875,84.40896302720425,83.63369823305705,84.34005571260558,13741100
2022-11-15,85.47711944580078,85.53741746125219,84.51234462658752,84.63294065749034,26608200
2022-11-16,87.34638214111328,87.38944840542626,85.91644809728344,86.15764020781086,28507700
2022-11-17,86.42467498779297,86.63141013177287,85.95090010368098,86.31268824864374,24528900
2022-11-18,85.83030700683594,86.90706216957925,85.75278378967455,86.65725418318377,14941300
2022-11-21,86.19208526611328,86.8467541700381,85.96812494981603,86.73477401188948,15534000
2022-11-22,87.41529846191406,87.53589452050464,86.59696055348687,86.70033142027548,18103100
2022-11-23,88.93997192382812,88.93997192382812,87.9321307199838,87.98381286213224,23234600
2022-11-25,88.63845825195312,88.66429931615998,88.23359738740606,88.38865034463707,9486100
2022-11-28,88.8883056640625,89.42237208699996,88.45760354389085,89.25009386772841,14563200
2022-11-29,87.84600067138672,88.69017308269798,87.78570264200735,87.99243780388059,16576400
2022-11-30,88.4920425415039,88.4920425415039,87.32053248665117,87.53588350302864,21581700
2022-12-01,91.3189926147461,91.36216140742144,89.02219940494197,89.06537478525546,53156800
2022-12-02,92.46733856201172,92.47597495148594,90.3259751068562,90.92176081551209,24479500
2022-12-05,91.17219543457031,91.5175786958298,90.57641606122642,91.38805914940276,20159700
2022-12-06,92.34650421142578,92.72642649723963,91.69028319292356,91.95795211921688,21754500
2022-12-07,94.52241516113281,94.70373991151774,93.42582367707917,93.57261602631904,30546700
2022-12-08,94.26336669921875,94.50513300911051,93.65895092448939,93.85754185576995,13377300
2022-12-09,91.81116485595703,93.39991877492005,91.75935308024242,93.20132782886886,25872200
2022-12-12,92.10472106933594,93.3480980776942,91.75070803023448,93.13223437972297,16897100
2022-12-13,92.99408721923828,94.18565916047903,92.78685989418514,94.15112017503053,23854700
2022-12-14,93.39128112792969,93.52943048041404,92.29468976303292,92.95955369650464,19517500
2022-12-15,93.75567626953125,94.44811374503492,93.61719273657441,93.81626405336984,20246200
2022-12-16,92.70835876464844,93.33155110056072,92.01592136839648,92.2669297594485,20838300
2022-12-19,91.15038299560547,91.60911998962386,90.8647586620666,91.60046930927946,26126800
2022-12-20,89.53182220458984,89.852069074918,89.23753397924808,89.47988510389843,28869000
2022-12-21,89.75687408447266,90.3627586031082,89.11637363089703,90.26754827308797,15894100
2022-12-22,89.73951721191406,90.12035832444914,89.47985161635462,89.73085993110998,11322500
2022-12-23,88.42394256591797,88.98654065627267,88.30276037947613,88.7874693145215,15408900
2022-12-27,86.6755142211914,87.48046983501487,86.56299595819938,86.97845308584067,26475700
2022-12-28,86.16487884521484,87.22949390894752,85.99176614132476,87.11697560409979,17302900
2022-12-29,87.1429214477539,87.41123782454818,86.37258824686401,86.43317602883603,16593000
2022-12-30,86.17351531982422,87.030408204757,86.00906653271026,86.44183831572035,20810200
2023-01-03,87.81804656982422,88.5797225059499,87.28140719899761,88.45854693892021,25313200
2023-01-04,89.02115631103516,89.56645299534846,88.46720894545307,89.34140981446403,21678200
2023-01-05,89.39334869384766,89.40200597950124,88.09503319592328,88.17293555965728,14771100
2023-01-06,91.03787231445312,91.14173991940673,88.83939086973503,88.89132137042516,27473700
2023-01-09,91.52256774902344,91.68702312700147,90.25021774873044,90.37139991389567,21472200
2023-01-10,90.00787353515625,90.72627627944121,89.58375903702498,90.47526785299561,20545200
2023-01-11,91.47065734863281,91.50527988863345,90.62242162755294,90.85612212166366,18794000
2023-01-12,93.27098083496094,93.31425405311833,90.50123733351577,91.59182412611615,32029600
2023-01-13,92.39677429199219,93.30559766416239,92.07652080006378,92.69971321485784,17750800
2023-01-17,91.79954528808594,92.31887669239208,91.44467587228807,91.46198383743082,13911700
2023-01-18,94.02400970458984,94.14518529424059,92.71704347284623,93.87686886052457,35497200
2023-01-19,93.43541717529297,93.79895046008538,92.99399474962888,93.56525001960648,17194700
2023-01-20,91.92071533203125,92.82088134755224,91.84281958820932,92.57853022867596,22754100
2023-01-23,91.48795318603516,91.92072497329846,91.30618982781337,91.37543489863312,12961500
2023-01-24,92.8035659790039,93.00263726638083,91.21961994527463,91.8514695435658,16417200
2023-01-25,93.02864074707031,93.400824806076,92.30158059766585,92.93343041079622,11906500
2023-01-26,92.59586334228516,93.17577600768534,92.17174219573214,92.73434689356289,15549400
2023-01-27,92.36213684082031,92.57852269414533,91.84281211355471,91.91205717147605,11845500
2023-01-30,92.02458190917969,92.75164186133685,91.91206363482426,92.14575746727711,11459700
2023-01-31,92.7602767944336,92.85548708871467,91.63507443117688,92.59582805268843,13705300
2023-02-01,93.87540435791016,94.23118678763532,92.34812656401726,93.32871137637801,25305800
2023-02-02,93.99685668945312,94.89065883052261,93.79726665399623,94.51751742380267,19548400
2023-02-03,92.5910873413086,92.94687633825713,92.05307399839783,92.65183099681666,20619500
2023-02-06,91.90553283691406,92.25263557430223,91.70594280441156,91.76668644551052,15182400
2023-02-07,91.16793060302734,92.18322671864638,91.1158665121713,91.4022322530013,18290300
2023-02-08,91.60182189941406,91.61918101125164,90.58653233544,91.15058430005715,13530700
2023-02-09,90.73406982421875,92.52168132889996,90.58655044691167,92.39151444633849,20469900
2023-02-10,89.71875762939453,90.62991895899036,89.48446259580301,90.59520735761365,16598300
2023-02-13,90.47371673583984,90.61255651567974,89.88363277525858,89.99644051016354,13134300
2023-02-14,90.26547241210938,90.96837092498772,89.50183685774863,90.42167134601983,15440300
2023-02-15,89.42373657226562,90.20472458519605,88.94646023497498,89.85762174414356,15246900
2023-02-16,88.15676879882812,88.70346824560741,87.93115332039196,88.57330139539515,19267300
2023-02-17,88.84232330322266,88.84232330322266,87.61877059023865,87.73157834884898,19560900
2023-02-21,87.11544799804688,87.81833972653806,87.01999274842942,87.65346789402152,22728000
2023-02-22,87.913818359375,88.24357535323863,87.6014204812741,87.63613209223674,15165400
2023-02-23,88.77289581298828,89.02454334972695,88.05264494422214,88.11338859456619,15829100
2023-02-24,87.61875915527344,88.33901001844471,87.26297019133534,88.02661221322732,21403600
2023-02-27,87.86172485351562,88.25221876019589,87.56668618990132,87.8964364528633,14209200
2023-02-28,88.26089477539062,88.2695743300196,87.01998328586173,87.27163740561909,14955700
2023-03-01,87.31273651123047,87.88687278826521,86.95607076709594,87.70419276207795,19000000
2023-03-02,86.53850555419922,86.68638841498576,86.01655511421643,86.17313891883616,23763600
2023-03-03,88.63497161865234,88.64367256149487,87.48669272780704,87.79986030138983,30877300
2023-03-06,87.9477310180664,89.02641549117938,87.852040570618,88.9220307389621,16631900
2023-03-07,88.4870834350586,89.05252522195524,87.75635692850196,88.26090539292507,23096500
2023-03-08,88.57408905029297,89.57448521869277,88.22612429995274,89.07863760644251,20252400
2023-03-09,88.79153442382812,89.18299047986739,88.14780417996703,88.33918505603003,21550400
2023-03-10,91.85363006591797,91.94062622043306,90.47047881587515,90.49657500747978,43921500
2023-03-13,92.06238555908203,94.90698242691035,91.375157290926,94.12406372667735,51502500
2023-03-14,90.54875946044922,91.8710239055275,90.25299379900031,91.46216590786348,38417800
2023-03-15,92.29728698730469,93.69784014960844,91.64485563729517,92.88882501012165,45164100
2023-03-16,91.57525634765625,93.97620544241458,91.37518112793653,93.41076364269122,43089300
2023-03-17,92.9497299194336,93.71525371310044,92.61046610610424,92.77575085916881,38129000
2023-03-20,92.13198852539062,93.04538823136662,91.96670382945874,92.97579397656651,24242800
2023-03-21,91.34037780761719,91.70573772599788,90.94022075840871,91.40997206927278,18934900
2023-03-22,92.55824279785156,92.60173422995231,90.85322335666234,91.04460424115143,26388500
2023-03-23,92.55824279785156,92.68873036790082,91.18378611549672,91.6535373855499,25475100
2023-03-24,92.9497299194336,93.45427848582752,92.43648704583944,93.1585061191265,23652700
2023-03-27,90.7662353515625,92.00151027025532,90.75754104648743,91.38387612934596,22224500
2023-03-28,90.93151092529297,91.06199849391973,90.48785584671137,90.67923672911415,17794300
2023-03-29,90.74885559082031,90.86194130796125,90.12252040107775,90.20950992479194,16804400
2023-03-30,91.16642761230469,91.38390477107747,90.70537046073036,90.87065522519806,14315800
2023-03-31,92.53215026855469,92.69742833606776,91.40996774077446,91.64484006664765,25396700
2023-04-03,92.96734619140625,93.403403168527,92.1824423018486,92.33942307976012,18234800
2023-04-04,93.42957305908203,94.01389451237138,92.2260581004794,92.25222045662481,18052400
2023-04-05,94.40632629394531,94.51098235352954,93.67375383795805,93.98770870930917,23047700
2023-04-06,94.6505126953125,94.94703485677887,94.52841729167943,94.55457964192931,16447300
2023-04-10,93.12432861328125,93.97900323115451,92.93246247536878,93.87434715946547,19134400
2023-04-11,93.31621551513672,93.39470259609162,92.88888143796406,93.35982388480258,13971200
2023-04-12,93.22025299072266,93.4644438148614,92.33941610047853,93.35979440663104,20563000
2023-04-13,92.48770904541016,93.65633882244333,92.33944458185127,93.3598232027315,22079400
2023-04-14,91.64175415039062,92.05164885506821,91.37139424624213,91.91210740083636,19801900
2023-04-17,90.55159759521484,91.21439943999916,90.44694152060072,91.06614165790543,19528800
2023-04-18,90.87428283691406,91.21440678968865,90.52544253416227,90.53415888413947,15922600
2023-04-19,90.78709411621094,90.90918958163387,90.24638752753903,90.62139692953915,16093900
2023-04-20,91.563232421875,91.81614624006025,91.35392695822887,91.42369766401116,16450100
2023-04-21,91.0487060546875,91.9731447972211,90.93532697242824,91.83361001235848,15244700
2023-04-24,91.92955017089844,91.9993142418539,91.43243874798723,91.5370948349742,17034300
2023-04-25,93.28133392333984,93.42959174027588,92.68829600189241,92.73190437332221,21899900
2023-04-26,92.287109375,93.525509740788,92.15629093552612,93.13306107606857,19610400
2023-04-27,91.37135314941406,91.80741001720561,91.23181841164464,91.74636232186279,20247600
2023-04-28,92.84523010253906,93.10686689205112,92.3219631772149,92.62720166251233,26954100
2023-05-01,90.16809844970703,92.17028048694495,89.91454631358586,92.03913191026244,32487300
2023-05-02,92.41509246826172,92.41509246826172,90.83258445904505,90.92875964230625,30057800
2023-05-03,92.93094635009766,93.2019818777879,92.04788629245299,92.6773941881801,23656200
2023-05-04,92.01290130615234,93.07082157031121,91.93421616433996,91.99541794258077,25110500
2023-05-05,91.70690155029297,91.71564656819666,91.0249369046779,91.23477064090694,15096500
2023-05-08,90.42164611816406,90.8150918287717,90.33421596152682,90.5090762748013,20587000
2023-05-09,90.09817504882812,90.61401776358029,90.05445662498695,90.49161418141892,19182500
2023-05-10,90.97245788574219,91.13857316231405,90.61398561481211,90.64021399161332,22886800
2023-05-11,91.9342269897461,92.25771928261346,91.55827125899928,92.06537557870324,19147200
2023-05-12,91.16481018066406,92.02164170351426,91.14732681797018,91.84678139460273,14198500
2023-05-15,90.2205810546875,90.46538822558675,90.15937926196268,90.39544141375978,20085300
2023-05-16,89.94951629638672,89.96700633021021,89.27629674503838,89.52984887153134,29251700
2023-05-17,89.68724822998047,90.19435260965594,89.48615281373155,90.12440579787413,21340900
2023-05-18,89.0227279663086,89.40742859254334,88.96152620036145,89.35496517137993,25536600
2023-05-19,88.39321899414062,89.05770006513718,88.24458708906664,88.53311255455763,29038000
2023-05-22,88.0784912109375,88.92657782801123,88.01728942777208,88.52439372856789,20131100
2023-05-23,88.33203125,88.52438159085905,87.67629509006771,87.80744365615281,21749500
2023-05-24,87.89488983154297,88.62057291506405,87.89488983154297,88.550626111003,18473400
2023-05-25,87.67630767822266,88.13095521652805,87.45772892686271,88.04351837958878,22492800
2023-05-26,88.3844985961914,88.45444539588176,87.4314984647626,87.53641866429814,17030300
2023-05-30,89.267578125,89.38998171598597,88.52441155958651,88.65556017007016,23125200
2023-05-31,90.04570007324219,90.21182205796813,89.066471541369,89.17138507235879,23787000
2023-06-01,90.39898681640625,90.84606774611879,89.96942902997598,90.53924553311333,21040400
2023-06-02,89.40836334228516,90.3551345761688,89.36453542796284,90.29377014554049,19136500
2023-06-05,89.24182891845703,89.8028771927865,88.72460856942715,88.84733746142278,14433200
2023-06-06,89.76779174804688,89.82915618099388,88.88238491133599,89.27686959624931,14332100
2023-06-07,88.43529510498047,89.7940875418149,88.34763258704115,89.56615964459553,25251100
2023-06-08,89.4697494506836,89.53988215645747,88.36518943174838,88.42655387724477,23845100
2023-06-09,89.34701538085938,89.65383759055702,88.8385633258047,89.0664912622469,22147400
2023-06-12,89.61002349853516,89.68015621106818,88.64572210998871,89.62755333255662,19010300
2023-06-13,88.72461700439453,89.70645492192502,88.51422555357502,89.51359330524727,25910800
2023-06-14,89.43465423583984,89.6713503693854,88.94373883029469,89.09276576580363,29094200
2023-06-15,90.29378509521484,90.846065062309,89.94312828147244,90.32008318580661,25732000
2023-06-16,89.94310760498047,90.14473740020316,89.44342393393916,89.8028489246602,16759100
2023-06-20,90.5655517578125,90.87238068659566,90.39022667412775,90.39022667412775,17162900
2023-06-21,90.78469848632812,90.86359944447013,89.71519823926778,90.12721948410797,19720100
2023-06-22,89.68888854980469,90.51293093291143,89.59245777355936,90.11844625788707,23630700
2023-06-23,90.58306121826172,91.12657282824932,90.27623906936206,91.02138048475301,22901900
2023-06-26,90.67950439453125,90.99509484462719,90.43404664183933,90.83729961957921,12894900
2023-06-27,90.44281768798828,91.12659483875724,90.08339928052737,90.81100435559883,18105700
2023-06-28,90.82852935791016,91.03015249822398,90.14475229385113,90.65320430648754,23826800
2023-06-29,89.189208984375,89.71519080492061,88.93498298866325,89.56616384860668,41091600
2023-06-30,90.2411880493164,90.34638041067545,89.30318492727156,89.46974172883083,32024900
2023-07-03,89.72959899902344,90.76683403333882,89.71201499320458,90.39764368080854,16011800
2023-07-05,88.87694549560547,89.65926600561849,88.55170848895246,89.56257410381171,28170300
2023-07-06,87.61997985839844,88.23528602130116,87.43538800952761,88.07706347850701,41375700
2023-07-07,87.09256744384766,87.54965103155345,87.01345282489194,87.18046735998334,28996500
2023-07-10,87.20682525634766,87.48810897498633,86.89038023458754,86.89917223695112,24665200
2023-07-11,87.65512084960938,87.87487395775368,87.27714523534789,87.52326764345628,20485500
2023-07-12,88.6308364868164,88.8857509295256,87.69907862917813,87.98915437843344,31928000
2023-07-13,89.56260681152344,89.6329294396702,88.806655324783,89.05277781696175,32441500
2023-07-14,89.0351791381836,89.6065386186222,88.99122582956011,89.4131547908122,18569000
2023-07-17,89.07914733886719,89.21100059037383,88.70996359971656,88.98246210785294,18822000
2023-07-18,89.4834976196289,89.72082810335057,89.28132174314872,89.4834976196289,15407400
2023-07-19,90.49435424804688,90.52073026221224,89.42196439370107,89.65929487051224,27192500
2023-07-20,89.39557647705078,89.93177468599944,89.02639280390594,89.85266677304,56951200
2023-07-21,89.42195129394531,89.96693479283601,89.33404467227446,89.79992696559547,20657500
2023-07-24,89.09671020507812,89.79113090563698,89.04397159952514,89.65048568238454,17546700
2023-07-25,88.9296875,89.21976321652926,88.60445718722423,88.63082648757548,17160600
2023-07-26,89.01761627197266,89.38680671561804,88.71875516262655,89.37801471053876,19310700
2023-07-27,87.28596496582031,88.71875327179917,86.94315054471902,88.52536940218619,44794400
2023-07-28,87.73426055908203,87.77821387917999,87.15411563053244,87.37386881835208,27434000
2023-07-31,87.94519805908203,88.19132047138046,87.56722243838578,87.59359173879879,28663800
2023-08-01,86.50405883789062,87.19157728824122,86.29251625120219,87.12106085107254,34943400
2023-08-02,85.57855987548828,85.71077653063334,84.97919025849171,85.53449214031887,38121300
2023-08-03,83.60415649414062,84.01843225840247,83.33091363891228,83.90384806342719,59394800
2023-08-04,85.0849380493164,85.2171546731443,83.85092743495076,83.8685599046968,42071800
2023-08-07,84.24755859375,84.7940439877911,84.17704218006233,84.71471806600398,35862900
2023-08-08,85.22596740722656,85.82534358245145,85.0056086181706,85.37580976982865,24010500
2023-08-09,85.66670989990234,85.75485209619593,85.35820212564701,85.39346034912815,20151100
2023-08-10,84.25640106201172,85.81654538228959,84.25640106201172,85.53448634201591,37253200
2023-08-11,84.06248474121094,84.50320237946342,83.91263563334381,84.0007845408483,26753500
2023-08-14,83.87740325927734,84.55610561797101,83.64822815219861,83.92147099825698,19072000
2023-08-15,83.36614990234375,83.91263546882217,83.34851743095044,83.56006673876543,24125000
2023-08-16,82.71389770507812,83.5512654003097,82.6081297571296,83.10173144707248,23076700
2023-08-17,82.36132049560547,82.51116288976584,81.99111254116141,82.41420446417548,32244900
2023-08-18,82.65217590332031,83.02238379888992,82.23790700737337,82.35249116265867,24181700
2023-08-21,81.55040740966797,81.76195676611246,81.29479703906414,81.67381456333676,29254100
2023-08-22,82.17623901367188,82.22030675613442,81.49752987651735,81.65618854398546,21308700
2023-08-23,84.21236419677734,84.22118043637244,83.05768562817732,83.11938585570205,38294700
2023-08-24,83.65702056884766,84.22113857578063,83.63938809842139,83.85093066981698,22300800
2023-08-25,83.9302749633789,84.18589202143194,83.30445667289793,83.43667332014164,23865200
2023-08-28,84.01842498779297,84.31811653114545,83.63940748358812,84.30930029388897,16037300
2023-08-29,84.8910140991211,85.06730515768662,83.68345229082455,83.70989426840531,28478100
2023-08-30,84.80290222167969,84.97037710593062,84.51202691476554,84.75883448491064,17550100
2023-08-31,85.18189239501953,85.54328403458845,84.9967918204171,85.09375022494454,26959700
2023-09-01,83.85491943359375,84.7124774253816,83.65158497378224,84.6947988073505,32469700
2023-09-05,82.67906188964844,83.35980647030826,82.65254059988014,83.35096379205642,29435900
2023-09-06,82.8824234008789,83.2006924463374,82.62603962842685,83.18300708548476,23636300
2023-09-07,83.11229705810547,83.16533965782139,82.82054926968833,83.10345437648955,18091500
2023-09-08,83.43055725097656,83.89911815181512,83.2537373624598,83.4393931866606,17052100
2023-09-11,82.82939147949219,83.08577528497504,82.70562091753354,82.83822741606798,17061500
2023-09-12,83.3067855834961,83.31562151906154,82.73213275725956,83.00619514954617,20034300
2023-09-13,83.28910827636719,83.5720133765649,82.94431789628216,83.03272447540839,23332300
2023-09-14,82.68794250488281,83.2891167470675,82.57301461482925,83.05041828465151,27800600
2023-09-15,82.1839828491211,82.64370770529891,82.1839828491211,82.62602234814497,25642900
2023-09-18,82.65255737304688,82.68792134824362,82.06022596472572,82.08674725987612,17963400
2023-09-19,82.04252624511719,82.59949353496812,82.04252624511719,82.29006726282871,24941800
2023-09-20,82.2989273071289,82.74980957576454,82.25472739529488,82.47574718943153,29451200
2023-09-21,80.18595123291016,80.77828920511652,80.17711530055394,80.70756127634763,59958700
2023-09-22,80.83135986328125,80.99049438580778,80.15945779650383,80.28322834235902,29524500
2023-09-25,78.84217071533203,79.60247924532307,78.81564942277224,79.26653163125249,45587900
2023-09-26,78.56810760498047,79.2311668925082,78.42665171938039,79.06318971460506,38104100
2023-09-27,78.16142272949219,79.23115744305717,77.87851099203328,79.16042950869245,47111200
2023-09-28,78.40013122558594,78.44433787653318,77.00328469350352,77.46300958139825,60238000
2023-09-29,78.40899658203125,79.1162559868234,77.91390757918786,78.92175745838384,49010100
2023-10-02,77.0964126586914,77.98329189932223,76.90129814313636,77.8857346415447,44704300
2023-10-03,75.43794250488281,76.84808394985485,75.28717466497079,76.54654150367948,71362600
2023-10-04,76.50220489501953,76.54654479706832,75.7128829152241,76.06762919702082,56281600
2023-10-05,76.1208267211914,76.44010370471094,75.95231754479227,76.36915176029552,35758800
2023-10-06,75.19847869873047,75.99667123136241,74.55105398716498,74.67521651820212,62787900
2023-10-09,76.96337890625,76.98112028010125,75.34038828279087,75.82817456842665,29424900
2023-10-10,76.8569564819336,77.30926001253052,75.84590794571027,76.13857971234461,54743900
2023-10-11,78.46218872070312,78.46218872070312,77.69060153015299,77.91232128724039,58517700
2023-10-12,76.33367156982422,78.213857394833,76.20950905713349,78.08969488214227,66986700
2023-10-13,77.69947052001953,77.89458498461606,77.30924159082646,77.69059983535155,44183800
2023-10-16,76.448974609375,76.59974919662392,76.1829149430278,76.44011069027542,38309800
2023-10-17,75.60643768310547,75.9434492802937,74.94127840730103,75.28716068941134,52949100
2023-10-18,74.94129180908203,75.13640631415974,74.3648189803573,74.83486387003474,63724600
2023-10-19,73.40697479248047,75.00335976294963,73.380369504031,74.39141106321144,87696900
2023-10-20,73.82381439208984,74.08988082863968,73.40698013245868,73.60209461708183,52188800
2023-10-23,74.710693359375,75.26056083630407,73.09657367083868,73.44245597792856,70890400
2023-10-24,75.69514465332031,75.69514465332031,74.57767487393447,74.88808803279579,46267700
2023-10-25,74.01004028320312,74.61311819595444,73.72623931051714,74.51556097724843,60737200
2023-10-26,75.14527130126953,75.22508717473791,73.9657204401092,74.03667239409269,49704100
2023-10-27,74.82599639892578,75.35812253620702,74.26725820338218,74.66635788110632,32362300
2023-10-30,74.48896026611328,74.94127042003093,73.82380106120176,74.32932178628054,45026900
2023-10-31,74.12535858154297,75.18074013476244,74.09875329052032,74.82599389932605,37269200
2023-11-01,75.73253631591797,75.7503385993232,74.77141669948837,74.7892189828936,72308500
2023-11-02,77.458984375,77.69926086324223,76.72924697977022,77.13861119762291,69739400
2023-11-03,77.98406982421875,79.2477675852524,77.93957767962591,79.03418084870401,77692300
2023-11-06,77.22763061523438,77.60139719632035,77.06744396768558,77.48570948015099,41341900
2023-11-07,78.36669921875,78.75826792119354,77.9484338847,77.9662361654915,37834200
2023-11-08,79.70161437988281,79.7550144522835,78.71379791026092,78.74050134125291,53893400
2023-11-09,77.86837768554688,79.22996080331505,77.19203330399469,79.14987087383867,88975100
2023-11-10,78.30443572998047,78.69600458701663,78.10865130146239,78.51802244631844,36516400
2023-11-13,78.12648010253906,78.25997014815604,77.33444776535359,77.61922336086313,25661500
2023-11-14,79.89741516113281,80.2266896482833,79.46135408648408,80.09319962432582,65666800
2023-11-15,78.7761001586914,79.32785569772909,78.58921686069088,79.21216797694323,56205300
2023-11-16,79.7550277709961,80.0575988102671,79.42575329627377,79.47025223244157,49473900
2023-11-17,80.12879180908203,80.47586177333189,79.7728206999687,80.2355851786913,44091400
2023-11-20,80.61824035644531,80.68054157643353,79.746118330782,79.75501947500655,40477800
2023-11-21,80.5826187133789,80.80509970729814,79.9952656304332,80.53811979876261,27721000
2023-11-22,80.86742401123047,81.26788723250654,80.43135621343325,81.08990508740243,31197500
2023-11-24,79.91521453857422,80.32457895142387,79.90631339341233,80.18218778717126,20199600
2023-11-27,81.25007629394531,81.2856672845359,80.28005545558437,80.36015215836906,39804400
2023-11-28,81.41028594970703,81.45477809532808,80.79623594971191,80.9030293204541,44989300
2023-11-29,82.4336929321289,82.49598736718859,81.67725856652288,81.97093524162608,61647800
2023-11-30,81.4814682006836,82.13111593878354,81.12550390594886,81.84634042924553,60520900
2023-12-01,83.01608276367188,83.07857443581356,81.35558197695677,81.5162758211899,64172200
2023-12-04,82.68576049804688,82.87323548712698,82.21260155103847,82.5696996873684,33766300
2023-12-05,84.46233367919922,84.47126300762488,83.53388104430586,83.58744339269599,73588600
2023-12-06,85.58718872070312,85.74788257329001,84.69444660879414,84.88192163496521,61606100
2023-12-07,85.09618377685547,85.77466973638683,84.86406890444802,84.97120041734736,47970200
2023-12-08,84.39982604980469,84.56051987568398,83.83740106476749,84.29269456219161,44809200
2023-12-11,84.22129821777344,84.31057788911899,83.49817919523652,83.92669846001414,33909700
2023-12-12,84.47126770019531,84.54268189832207,83.82849223947828,84.0516777849449,36996900
2023-12-13,86.45316314697266,86.5781533381826,84.82837239424403,84.96228510468916,70828500
2023-12-14,88.70206451416016,88.70206451416016,87.25115996234176,87.46611334018502,87798600
2023-12-15,88.80058288574219,88.97970386714368,88.29008057241772,88.38859916209678,59941300
2023-12-18,88.09303283691406,88.21841887547565,87.78851900538832,88.21841887547565,34746000
2023-12-19,88.56770324707031,88.8990845157743,88.3617148410586,88.54083578828845,30018400
2023-12-20,89.16777038574219,89.28420515697476,88.29006813428538,88.76474481785255,51229400
2023-12-21,88.60354614257812,89.41855549490292,88.44233452531216,89.32899500376126,65231200
2023-12-22,88.20050811767578,89.00655925767241,87.9855547695186,89.00655925767241,29244200
2023-12-26,88.45127868652344,88.54979726116333,88.2005066176315,88.25424153724366,24019700
2023-12-27,90.01859283447266,90.03650219306377,89.11401648255848,89.36478850098419,45082800
2023-12-28,89.36479949951172,90.0723388288786,89.16776236563412,89.64243900650695,36213000
2023-12-29,88.55874633789062,89.40062983382303,88.4871020578532,88.78265094144489,41616200
2024-01-02,88.04822540283203,88.35273915212328,87.77058593999793,87.97658113802066,47797400
2024-01-03,88.41543579101562,88.53186370501949,87.00931539501492,87.21530376848521,58159500
2024-01-04,87.07203674316406,87.44819489518311,86.9376925937209,87.25115772040343,52604500
2024-01-05,86.23912048339844,87.4840298581621,86.16746935159225,86.4271995796187,45894800
2024-01-08,87.08993530273438,87.21532133785118,86.05997272882367,86.18536559696692,39485800
2024-01-09,86.53463745117188,87.02722338701417,86.50776316403143,86.55254680957388,34374000
2024-01-10,86.13162231445312,86.91977090179246,86.0868454930074,86.80333613337571,48227800
2024-01-11,86.61524963378906,86.7227262954615,85.719631285596,86.13161490580171,78858900
2024-01-12,86.4450912475586,87.1168050964041,86.22118663127677,86.67795396173916,38883900
2024-01-16,84.92251586914062,85.79126660024555,84.64487641887906,85.63901314900691,61716700
2024-01-17,84.7881851196289,85.08374080656732,84.33142469402468,84.72549211025036,55506800
2024-01-18,84.00005340576172,84.70759278572895,83.74928133853817,84.60011611419327,77339100
2024-01-19,84.26873779296875,84.34038890984088,83.52537966275679,83.92840523736601,47030900
2024-01-22,84.77027893066406,85.15539509783133,84.53741624439354,84.9225324115608,35756400
2024-01-23,84.09857940673828,84.1791817927385,83.67763761399856,84.08962130839593,35786700
2024-01-24,83.60598754882812,84.67177577513289,83.38208291863147,84.64490831279362,54574900
2024-01-25,84.15229797363281,84.38516065408236,83.8030073694713,84.18812352701164,57019400
2024-01-26,83.99109649658203,84.25082666503167,83.73136632813238,84.12544062964584,29276900
2024-01-29,84.95835876464844,85.23599827160307,84.29560308690554,84.4657659300265,38243600
2024-01-30,85.72859954833984,85.83606938973071,84.85089045649731,85.51365303253155,40151400
2024-01-31,86.57047271728516,86.7943773040776,85.97936132830074,86.17639845796221,80646700
2024-02-01,88.26866149902344,88.65501687572724,87.32524036173238,87.53189157775255,84291200
2024-02-02,86.31890106201172,86.81307884029108,85.97747350475329,86.49859833319795,63823300
2024-02-05,84.57579803466797,85.2227190970681,84.47696249152291,85.02504801077798,53827400
2024-02-06,85.40243530273438,85.49228393968653,84.64769167131075,84.67464557689523,33411500
2024-02-07,84.98912048339844,85.56416684937314,84.92622575110597,84.97115349774846,40120200
2024-02-08,84.49496459960938,84.72857658475121,84.15353697133509,84.47699075574536,50087700
2024-02-09,84.32423400878906,84.46799731689072,84.15352364918316,84.24337228924077,27951300
2024-02-12,84.42306518554688,84.5847954712572,84.00975597873416,84.36915737531393,27890300
2024-02-13,82.97649383544922,83.61442816819779,82.95852684727873,83.43473086644227,49768500
2024-02-14,83.39878845214844,83.60544651475624,82.8686766235225,82.93157136344443,44191600
2024-02-15,83.8300552368164,84.20742360284439,83.56050248679003,84.06366030816066,49598500
2024-02-16,83.34485626220703,83.42571796631312,82.96748107801376,83.0932773760852,33116800
2024-02-20,83.416748046875,83.73122857362524,83.30893241942866,83.37182715377634,24469300
2024-02-21,82.82373046875,83.47065156707134,82.67098711359385,83.40775684112405,36343100
2024-02-22,83.22805786132812,83.34486725601452,82.90459729221591,82.95851195707557,45190700
2024-02-23,84.3421859741211,84.45898849039995,83.33586364345314,83.33586364345314,38406700
2024-02-26,84.09061431884766,84.48595652471828,83.73121979170477,84.45900262068368,27855000
2024-02-27,83.49758911132812,83.98277984000966,83.42570748003982,83.7761218638082,30242000
2024-02-28,84.02771759033203,84.09959923605354,83.470651973518,83.63238224888585,34574200
2024-02-29,84.6207275390625,84.72855000338139,84.26132617967698,84.29726700111661,51038600
2024-03-01,85.14801025390625,85.18406400982323,83.8320791074152,84.2196483878342,45832800
2024-03-04,84.80549621582031,84.86859544103223,84.435957281245,84.45398071948392,23864200
2024-03-05,86.0132827758789,86.23861360083127,85.59867488315268,85.83302086653744,37721900
2024-03-06,86.5180435180664,86.68028202815124,85.99528109806224,86.06738175411444,40571600
2024-03-07,86.43690490722656,86.88756655233561,86.0583507757072,86.85151279554077,39075000
2024-03-08,86.28369140625,86.57211461684322,86.0583605580818,86.34678376867502,25023200
2024-03-11,86.23860168457031,86.53603998278031,85.9591937007337,86.49097107339695,17787900
2024-03-12,85.51753997802734,85.81497827479147,85.34629325161322,85.66175498611301,29566000
2024-03-13,85.10293579101562,85.39135894299496,84.91365874220578,85.17504329814805,38270100
2024-03-14,83.79602813720703,84.4990592095826,83.69688202427704,84.48103576930035,58365600
2024-03-15,83.76899719238281,83.99432803752991,83.63379730998422,83.87715159706035,34997700
2024-03-18,83.51663970947266,83.81407124149338,83.3724246471755,83.5797320800895,29519500
2024-03-19,83.75094604492188,84.06640777436169,83.5436455698114,83.68785369903391,26953100
2024-03-20,83.72391510009766,84.53510739030926,83.18312253214012,83.91319215505527,43460100
2024-03-21,83.90416717529297,84.21062061641041,83.57969717374183,84.06640561434342,34276600
2024-03-22,84.70635223388672,84.91365270646939,84.52608347886932,84.89562926924259,30262300
2024-03-25,84.2827377319336,84.49905338316033,84.09346067754139,84.46299962853078,24011800
2024-03-26,84.51708221435547,84.60722004495538,84.0754357259301,84.28274310913851,34423000
2024-03-27,85.35527801513672,85.35527801513672,84.67027754511123,84.71533956530996,50157800
2024-03-28,85.28321838378906,85.64374222479361,85.01281862648416,85.16604194656625,34540400
2024-04-01,83.69343566894531,84.37166446075426,83.61204462629222,84.3626194783928,48945400
2024-04-02,83.23223876953125,83.37692399187628,82.59922108628398,82.80721428632381,43086300
2024-04-03,83.21416473388672,83.24129968636454,82.33699445087683,82.52689772241308,45494400
2024-04-04,83.81100463867188,83.88335070914607,83.23224987348036,83.76578661980025,47957400
2024-04-05,82.64444732666016,83.35884922497888,82.63540234333185,82.91574163210299,42495900
2024-04-08,82.6353988647461,82.82530211084168,82.4093225861608,82.49975861703531,37879800
2024-04-09,83.40406799316406,83.52162518028717,83.05138263319301,83.07851758342221,32522000
2024-04-10,81.58638763427734,82.56303856358299,81.43265746002517,82.4726025558594,74368900
2024-04-11,81.21562957763672,81.78534614133244,80.9443422181003,81.73108314998547,65751200
2024-04-12,81.64969635009766,82.24653404106027,81.6406513686181,81.96620170888839,47900100
2024-04-15,80.38371276855469,80.71830827658762,80.04911726052175,80.68213522982974,55993100
2024-04-16,79.85015106201172,80.10335541140374,79.38895348316134,79.62407476444011,45103200
2024-04-17,80.73638153076172,80.82681068700637,79.99485141067184,80.36561992036798,57947000
2024-04-18,80.32942962646484,80.727319208351,80.11239141892597,80.70019115723387,43839500
2024-04-19,80.61878204345703,80.83581328449985,80.4017508024142,80.83581328449985,44826800
2024-04-22,80.48314666748047,80.59166575347668,80.16664129078292,80.19376933745703,24969000
2024-04-23,80.51029205322266,80.97148964390746,80.07622941435564,80.23900462875608,27222700
2024-04-24,79.94056701660156,80.14855331245572,79.12669109971593,80.08525223554794,48986800
2024-04-25,79.37987518310547,79.48839424414194,78.98197885860327,79.09049791963974,49282600
2024-04-26,79.7958755493164,80.13047090101561,79.62406228162222,79.80492053160557,31589800
2024-04-29,80.4650650024414,80.50123113243613,80.0129124852086,80.17568766738441,39228600
2024-04-30,79.77778625488281,80.23898372541946,79.66926717378611,79.95864449074452,41054700
2024-05-01,80.36585235595703,80.95571152601143,80.07546110779582,80.40215212741137,59679500
2024-05-02,80.71068572998047,80.77420859050517,79.88488161968681,80.0482271072464,58925400
2024-05-03,81.52740478515625,81.78150314617983,81.01014523772069,81.6090809892105,50066100
2024-05-06,81.84502410888672,81.89947029467955,81.37313408710808,81.55463291220458,23868200
2024-05-07,82.3441390991211,82.7978758251388,82.22617004280677,82.4893381747138,30525800
2024-05-08,81.84502410888672,82.09003886842666,81.81780101599031,81.95391648047236,31171700
2024-05-09,82.24430847167969,82.37135418873844,81.5092572624866,81.55463370006714,39606700
2024-05-10,81.78147888183594,82.01741690471846,81.63627986147405,81.92667097872747,21913800
2024-05-13,81.9902114868164,82.22615648401158,81.95391172390393,82.1717103013788,23157500
2024-05-14,82.4530258178711,82.50747200116966,82.05373534442306,82.26245725285415,25746400
2024-05-15,83.57829284667969,83.72349190368159,83.15177927107675,83.3695778565796,65142900
2024-05-16,83.49663543701172,83.86869595738348,83.43311257141298,83.84147286119446,37902400
2024-05-17,82.93400573730469,83.30607320959692,82.88862929120488,83.16087412085645,24755000
2024-05-20,82.68896484375,82.87045672394724,82.58914223260008,82.65266508301626,17922800
2024-05-21,83.11548614501953,83.27883163545654,82.97029399989367,83.24253879177958,15334400
2024-05-22,83.2153091430664,83.28790867768781,82.81602554959402,82.82509529881717,38073700
2024-05-23,82.67987823486328,83.30603691618312,82.41671019377915,83.30603691618312,51294700
2024-05-24,82.92491149902344,83.00658770000848,82.4893281720104,82.55285102901114,19164400
2024-05-28,81.73613739013672,82.90677902910859,81.69983761953216,82.87955593202351,45973700
2024-05-29,80.74697875976562,81.12811589111554,80.47473399538885,81.07366278415701,45508400
2024-05-30,81.52740478515625,81.64538075507102,81.16442097349596,81.30961311346559,29548600
2024-05-31,82.08096313476562,82.27153863416392,81.89947123106631,82.10819315144562,41308800
2024-06-03,83.40858459472656,83.47232450263716,82.50711819795421,82.53443430889747,42272100
2024-06-04,84.38288879394531,84.50126785713508,83.76369821160725,83.95491791315058,42581500
2024-06-05,85.00209045410156,85.00209045410156,84.12794015578291,84.68339090999513,43153900
2024-06-06,84.87459564208984,85.07492301931707,84.55589615428646,84.61052836730195,22891900
2024-06-07,83.31752014160156,83.61801122581647,83.22646413196534,83.61801122581647,35240500
2024-06-10,82.76206970214844,82.91686561371152,82.54353388893418,82.86223339719002,20586500
2024-06-11,83.61799621582031,83.65442000256212,82.78937069847973,82.88953437523797,30329200
2024-06-12,84.24628448486328,85.202389748784,84.21896838254442,84.70157138251568,42554600
2024-06-13,85.48468017578125,85.58484386634528,84.63784612191216,84.88370497952496,33093800
2024-06-14,86.20403289794922,86.35882879983781,85.81248582738363,85.97638941383266,28776700
2024-06-17,85.34812927246094,85.42096993414681,84.93836668321745,85.15690256253578,31040200
2024-06-18,86.1312026977539,86.14031038415237,85.34811534571662,85.49380359244593,26881000
2024-06-20,85.55754089355469,85.59396469090842,84.99298245526523,85.05672931098103,30246300
2024-06-21,85.55754089355469,86.0310433120243,85.22062597837935,85.81250052790186,22596400
2024-06-24,85.9035415649414,85.9035415649414,85.35719859418319,85.63948123765837,56939100
2024-06-25,86.04924011230469,86.09477158962804,85.63037692001656,85.65769302755935,22890200
2024-06-26,84.8199691772461,85.11135257828852,84.78354538372476,84.93834129584424,38489100
2024-06-27,85.15689086914062,85.32990217953936,85.06583484418897,85.15689086914062,23140800
2024-06-28,83.57247924804688,85.38451953335414,83.57247924804688,85.34810268741984,55119600
2024-07-01,82.13013458251953,83.19889337645645,82.04791861494077,82.59599951163457,49735400
2024-07-02,82.76952362060547,82.952214846961,82.2853855984621,82.83346624675227,34204700
2024-07-03,83.8565673828125,83.93877635581522,83.20799740607639,83.28107669489519,35563300
2024-07-05,84.5508041381836,84.70609937734659,83.94791739697851,84.28589692928783,34895500
2024-07-08,84.7334976196289,84.81570659231986,84.24022287580954,84.53253306075162,16095700
2024-07-09,84.3589859008789,84.6604327906805,83.92052403319087,84.46860485241378,30289800
2024-07-10,84.62389373779297,84.66043338856264,84.27677750931976,84.45033213894348,23572500
2024-07-11,85.44601440429688,85.99409520139463,85.38207176078922,85.57389969131216,49761800
2024-07-12,85.81138610839844,85.81138610839844,85.2632984558748,85.43686001045555,27796500
2024-07-15,84.8248519897461,85.22678114893297,84.75177269367116,84.9527372732646,37918900
2024-07-16,86.021484375,86.05802401816584,85.30897875632694,85.4368640227952,36383700
2024-07-17,86.03977966308594,86.23160761179754,85.58304446066033,85.7931387510095,29036800
2024-07-18,85.38206481933594,85.99408821018463,85.29984887338134,85.57389273426352,34553100
2024-07-19,84.87964630126953,85.0988841593363,84.78830067835386,84.9892652303029,32164700
2024-07-22,84.63301086425781,85.42772543513901,84.3132977053272,85.31811347734805,36160400
2024-07-23,84.51426696777344,84.9801387604606,84.48686397453744,84.77917418442986,23498000
2024-07-24,83.60079956054688,84.81571674336548,83.55513022666088,84.57821251179202,50757100
2024-07-25,84.2859115600586,84.82486272529002,84.00273796346099,84.0666806133129,44999100
2024-07-26,84.94359588623047,85.08975447023697,84.68782533344397,84.90705624022885,34423800
2024-07-29,85.40032958984375,85.58302781681924,85.15369569495778,85.56475450950931,25801300
2024-07-30,85.72918701171875,85.91188525485347,85.22678252385536,85.63784137476408,28169800
2024-07-31,86.60610961914062,86.63351261075677,86.08543187075955,86.3503390717569,47445300
2024-08-01,87.35306549072266,87.9029802299714,87.1789323495865,87.19725957774848,77254200
2024-08-02,90.07512664794922,90.1576166647657,88.80117088260248,88.90198812956866,91912900
2024-08-05,90.55172729492188,91.59655432588609,89.72686200930335,91.36742546835082,90686300
2024-08-06,88.5262222290039,90.19428702816366,88.5262222290039,89.95599105793256,61316900
2024-08-07,87.90299224853516,88.39790439359585,87.52721759150103,87.93964670987071,51337100
2024-08-08,87.36222076416016,87.43554365178619,86.92229043085942,87.17892053755051,37815800
2024-08-09,88.22377014160156,88.48039332253248,88.06795721678729,88.45289898064092,32141800
2024-08-12,88.5445327758789,88.7370001260551,87.87547361268517,88.012952289227,24261400
2024-08-13,89.15860748291016,89.23193038527883,88.88365708771289,89.17694170473074,30366900
2024-08-14,89.71768951416016,89.96515258122713,89.36941618888734,89.40607764298828,31334100
2024-08-15,88.99365997314453,88.99365997314453,88.17796167959834,88.36126898809452,38723700
2024-08-16,89.30526733398438,89.39691748013195,88.91116541233767,89.30526733398438,28541000
2024-08-19,89.71768951416016,89.96515258122713,89.27776604986369,89.28692616904588,25322100
2024-08-20,90.43254852294922,90.60668863971024,89.92846938396814,90.11176961769658,25239300
2024-08-21,90.4875717163086,90.91832809586619,90.01097977569066,90.43257603549401,29230000
2024-08-22,89.58937072753906,90.09345694038007,89.29608611073797,90.0293011489691,33453800
2024-08-23,90.17593383789062,90.43255698610889,89.78183200528218,89.99263358700797,32005100
2024-08-26,89.94681549072266,90.4600618468603,89.89182680755282,90.4509017279701,23198700
2024-08-27,89.79100799560547,89.89182524129833,89.2777616484105,89.35107756054047,21507700
2024-08-28,89.6810302734375,90.00180926416597,89.57105290087777,89.82767609346055,18501400
2024-08-29,89.38773345947266,89.48855069890209,89.02112595177077,89.24109465186586,24988200
2024-08-30,88.4345703125,89.80934343308849,88.41624308090687,89.52522589241998,42896200
2024-09-03,89.88093566894531,90.16597782364092,89.57749962446796,89.70622879208621,48947900
2024-09-04,91.03951263427734,91.05789951034853,89.93611065922606,90.00047524829633,40885200
2024-09-05,91.55440521240234,91.65555054216638,90.82800103282977,91.34291760965601,47450900
2024-09-06,91.54522705078125,92.66701583634011,91.20501724924247,91.5360371208898,57406400
2024-09-09,91.94061279296875,92.04175814489788,91.17743470370412,91.39811228281596,26961400
2024-09-10,92.58426666259766,92.78655736862409,91.78430078382418,91.83027849527159,31703400
2024-09-11,92.51068878173828,93.0899699614494,92.27161735184576,92.40034650289267,39497100
2024-09-12,92.07853698730469,92.45553456665928,91.66476565821104,92.28082768693753,41618700
2024-09-13,92.32679748535156,92.51069427914297,91.96818681159621,92.3727681761929,25722100
2024-09-16,93.17273712158203,93.20951788463053,92.32680061710634,92.52908429105321,30866300
2024-09-17,92.72217559814453,93.45777680935032,92.63022720054707,93.30146383191334,31699400
2024-09-18,91.57280731201172,92.62104154163227,91.52683661870009,92.17048244676997,48897000
2024-09-19,91.2693862915039,91.31535698884701,90.81882715712901,90.95675327958635,39979800
2024-09-20,90.91996765136719,91.26018446654304,90.77285160643548,91.0211130014137,37067600
2024-09-23,90.72686004638672,91.11304749749415,90.12918498240852,90.57054708025456,35703900
2024-09-24,90.70848846435547,90.92916604287022,89.97288718235461,90.11081329963149,31005400
2024-09-25,89.95447540283203,90.40502738033291,89.91769464739353,90.34985975478106,36738200
2024-09-26,90.16598510742188,90.34069199839413,89.57750686071053,90.17518205305569,33332300
2024-09-27,90.63491821289062,90.8096250789799,90.3038983693599,90.6073343951319,28317600
2024-09-30,90.2027587890625,90.76365317002661,90.00046809229333,90.69928858607402,34175500
2024-10-01,90.85403442382812,91.62891259435504,90.7617888658305,91.14000480287119,45254200
2024-10-02,90.08838653564453,90.15295912757807,89.53489913291742,89.81164283428097,35810800
2024-10-03,89.23971557617188,89.95002117658771,89.23971557617188,89.79319598095857,39677800
2024-10-04,88.14197540283203,88.5201842890341,88.00360355163237,88.04050318114459,56954100
2024-10-07,87.47779846191406,87.88368032151816,87.41322586803035,87.61617031677484,42606600
2024-10-08,87.62537384033203,87.66227346403836,87.02576727140031,87.07189356050414,33709600
2024-10-09,87.12723541259766,87.55157754648302,86.9242980485053,87.33017981457328,35807700
2024-10-10,86.78591918945312,86.79513881578944,86.16786640655047,86.60142109448634,53667400
2024-10-11,86.4354019165039,86.77671821482454,86.1771115449682,86.23246450878642,27406400
2024-10-14,86.4999771118164,86.5092037790445,85.77123227215208,85.82657819975063,28795300
2024-10-15,87.55158233642578,87.63460121202144,87.05344796920089,87.13646684479654,46429100
2024-10-16,87.92056274414062,88.20653306498527,87.76374462367056,87.99436199067367,32281500
2024-10-17,86.52765655517578,87.11803657203426,86.40773099563941,86.97966471604572,43427200
2024-10-18,86.59221649169922,86.97042533570476,86.58298982587941,86.75826128703636,25258600
2024-10-21,85.0793685913086,85.87268591918095,85.0793685913086,85.8081133330326,49504700
2024-10-22,85.16236877441406,85.56825753416871,84.95019773057436,85.46678534423005,32096900
2024-10-23,84.9317626953125,85.20850634779669,84.55355387732644,84.71959162335682,33354200
2024-10-24,85.47604370117188,85.78968001335843,84.83031070414671,85.07938145830438,32507400
2024-10-25,84.99635314941406,85.826577243568,84.88565425756522,85.78045094582642,28667100
2024-10-28,84.76571655273438,85.13470573750449,84.33215478847075,85.11625240743015,33156500
2024-10-29,84.8948745727539,84.92254753417437,83.92628573361607,84.10155016857374,46545200
2024-10-30,85.14393615722656,86.05717897544528,85.01479099254446,85.64206348506686,41951100
2024-10-31,85.28231811523438,85.7343333204877,84.74729105581041,85.05170069789963,52173800
2024-11-01,84.07997131347656,85.63495131303974,84.04295420112143,85.39430477453575,80402000
2024-11-04,85.38504028320312,85.68122659033786,84.81117622366271,85.41280664611598,49747600
2024-11-05,85.83856964111328,85.98666631794289,84.78340553443614,85.18140652636792,46986000
2024-11-06,83.48759460449219,83.96890178143958,82.88597122576613,82.96927031698463,98895700
2024-11-07,84.53350830078125,84.80192825379201,83.90411149480676,83.99666839475972,56221400
2024-11-08,85.60718536376953,85.7090000773385,85.00555489130906,85.15365158800543,56756200
2024-11-11,85.19068908691406,85.4313427258669,84.80194578974123,85.38506073550049,22369200
2024-11-12,83.91338348388672,85.01482278424612,83.77454457967536,84.5705467647378,57908400
2024-11-13,83.11737060546875,84.72788332685808,83.04332225786395,84.70936770913733,49009100
2024-11-14,83.59868621826172,84.2558495362271,83.55240422703075,83.82082424056146,53328300
2024-11-15,83.37654876708984,83.90413098719092,82.84896654698875,83.22845204344861,73722400
2024-11-18,83.52462768554688,83.84858039979235,82.76564972861196,82.9877947854999,36010600
2024-11-19,83.95039367675781,84.29286200401441,83.8763523873732,84.06146620329388,29585100
2024-11-20,83.6819839477539,84.07072721296956,83.4043061516629,83.44133032858434,27755400
2024-11-21,83.61717224121094,84.0892215903062,83.30247738290645,83.71898694516557,28365700
2024-11-22,83.6634521484375,83.95038063703876,83.44131419150872,83.77452465772105,21547500
2024-11-25,85.82933807373047,85.87561299935125,85.1444013828008,85.3387730183436,56858000
2024-11-26,85.49613189697266,85.56092244545687,84.97780044745879,85.30176025152002,31122200
2024-11-27,86.0885009765625,86.43096226326008,85.77379899615838,86.11626734449582,39442200
2024-11-29,86.97705078125,86.9955593373514,86.48649283571335,86.80118772091079,31905700
2024-12-02,87.18602752685547,87.4460891073922,86.37797297063354,86.62874461296634,39406000
2024-12-03,86.43370819091797,87.33464097250652,86.36869278843979,87.24176283841591,32768900
2024-12-04,87.36250305175781,87.48325100270662,85.95073700013921,86.0157524021319,35851100
2024-12-05,87.5389633178711,87.66899410232689,86.99097745282828,87.04670290726754,23695800
2024-12-06,87.66899108886719,88.09623609255709,87.32533426396299,87.97549525004018,31761500
2024-12-09,86.8609619140625,87.34393959719662,86.81452638547337,87.29749698245938,30509600
2024-12-10,86.45230102539062,86.65663720270078,86.2944074651595,86.3965684676661,28706500
2024-12-11,85.63493347167969,86.64732414751377,85.55134528661408,86.4429880247135,38748400
2024-12-12,84.59471130371094,85.217002701784,84.52040594945333,85.11483461121693,45368400
2024-12-13,83.73091125488281,84.38106523558052,83.66589585681304,84.33462971475751,39486000
2024-12-16,83.981689453125,84.16745280933416,83.63803964489612,84.10243740619784,23482300
2024-12-17,84.1860122680664,84.51108923226073,84.01882881703126,84.0745542719942,23839900
2024-12-18,83.1333236694336,84.2615340933631,83.11467156547486,83.88857026481527,61328400
2024-12-19,81.87456512451172,82.41536228895004,81.59484760454541,82.11699266610354,99083300
2024-12-20,82.34078979492188,82.90023920960984,82.32214480082318,82.54592029848148,45542400
2024-12-23,81.58553314208984,82.26619272004348,81.52959105288876,82.20092457807756,32764600
2024-12-24,81.9305191040039,81.94916409427998,81.10067831969849,81.15662040422005,22377600
2024-12-26,81.8839111328125,82.01444743001652,81.30581673541278,81.31514278912583,19981800
2024-12-27,81.21256256103516,81.84659893638617,81.17526546675647,81.56688139983603,27262300
2024-12-30,81.86524963378906,82.08902508192301,81.7440323010427,81.89322067559415,48519600
2024-12-31,81.42701721191406,82.31280006126555,81.36174907684283,82.17293773934342,31917300
2025-01-02,81.65081024169922,82.16363649461614,81.31514344227992,81.86526679665394,27841300
2025-01-03,81.38973236083984,81.93984856580201,81.28716711691567,81.7906672833541,21962200
2025-01-06,81.0261001586914,81.33379591181088,80.8116436027823,81.16596251135432,30231500
2025-01-07,80.11234283447266,80.9048867197003,79.99113258359623,80.74637936539379,41757200
2025-01-08,80.21492004394531,80.37342742187226,79.5715573628703,79.69277474550539,44590800
2025-01-10,79.68343353271484,80.04707138405782,79.40371593905591,79.51560013104155,47115800
2025-01-13,79.65545654296875,79.86991308443561,79.29181871875065,79.74869573390006,33258900
2025-01-14,79.52494049072266,79.59020865235368,79.15197651838992,79.46899838466638,33412900
2025-01-15,80.89555358886719,81.10068406490223,80.55988683057237,80.83960438668882,54120700
2025-01-16,81.1566390991211,81.49230591095994,80.44800837260632,80.78367518444516,34651100
2025-01-17,81.2964859008789,81.5668845094379,81.15662357042514,81.52026136138876,29875600
2025-01-21,82.02375793457031,82.21023629131278,81.70673619167613,81.949163746396,30548600
2025-01-22,81.59486389160156,82.03309591875266,81.41770444734192,81.93053067351754,25278400
2025-01-23,80.96082305908203,81.11000433538771,80.68109838467966,80.78366362438094,31949000
2025-01-24,81.32447052001953,81.3804126160622,80.74637611069758,80.85826741647774,21110400
2025-01-27,82.28484344482422,82.45267683781469,81.91187955887932,82.2009303051762,42864200
2025-01-28,82.22888946533203,82.23820840370512,81.7347154112093,81.90254166624563,25519100
2025-01-29,82.06108093261719,82.62984934802436,81.70676198378911,82.45268987361032,25342800
2025-01-30,82.36876678466797,82.71375966678596,82.2102594254632,82.43404205295909,25094900
2025-01-31,81.82797241210938,82.66713943852028,81.52027665014288,82.40605971965192,48790100
2025-02-03,82.49423217773438,83.37381642282088,82.1573676961006,82.88723835994814,70657200
2025-02-04,82.74685668945312,82.76556820536825,81.85791333244384,81.92341434675953,33414000
2025-02-05,84.11302185058594,84.38438522259693,83.64515544485832,83.70129712904169,48331200
2025-02-06,84.07559204101562,84.35631474128272,83.79487647982336,84.08495136811115,22509900
2025-02-07,83.53286743164062,83.7012996282948,83.22408102033712,83.50479658871076,31171200
2025-02-10,83.28022766113281,83.77616495326727,83.13986629905739,83.52352021279185,22736100
2025-02-11,82.74685668945312,82.98078990330558,82.70006719105258,82.84042854717907,21513000
2025-02-12,81.62397766113281,81.9701942382028,81.27775394498791,81.6801193462631,48536200
2025-02-13,82.98078155517578,83.177284578354,82.40998399967383,82.42869551370653,42718100
2025-02-14,83.42057800292969,83.91651522954834,83.39250716203799,83.63579254248236,27460700
2025-02-18,82.4380874633789,83.13052798179804,82.3819457599895,82.84981232577381,29429200
2025-02-19,82.54100036621094,82.76557426902122,82.24156611610536,82.29770780703902,20584300
2025-02-20,82.84978485107422,83.05564721400346,82.76556518484186,82.76556518484186,27913400
2025-02-21,83.85102844238281,84.15046269446962,83.11179857087069,83.15858807300876,46912300
2025-02-24,84.09432220458984,84.2721066092879,83.523524537914,83.58902555839767,26218000
2025-02-25,85.54470825195312,85.61956860454849,84.96455836702941,85.12363126198746,50125100
2025-02-26,86.05000305175781,86.14357492092874,85.33884399572193,85.54470639134358,32220200
2025-02-27,85.4417724609375,85.89092741329952,85.28269957452679,85.4417724609375,53373600
2025-02-28,86.48979187011719,86.5365813705513,85.5914891465707,85.94706507701343,49388600
2025-03-03,86.89341735839844,87.02483169819261,85.76700668543563,85.80455466274032,42904200
2025-03-04,85.82331848144531,87.09992096561434,85.67312658375774,86.77138514135258,56722000
2025-03-05,85.1380844116211,86.17063585203464,85.05360683642954,85.94534799510213,50215900
2025-03-06,84.85649108886719,85.23196371434673,84.22757855907713,84.93158704627203,42827500
2025-03-07,84.58427429199219,85.56988904657814,84.4716303549826,85.55111147630417,36903600
2025-03-10,85.46662902832031,86.01105678900569,85.33521469006409,85.49478822058317,41440800
2025-03-11,84.85649108886719,85.87964665271566,84.61243280807379,85.39153725267353,40555700
2025-03-12,84.349609375,84.83771880545899,84.27451341291551,84.48102372787531,32734600
2025-03-13,85.09115600585938,85.14747439011019,83.8990310212257,84.08677090463556,38675400
2025-03-14,84.64058685302734,84.86587471153761,84.34959898771521,84.49040210889807,24658000
2025-03-17,85.06300354003906,85.58866093206413,84.83771566213272,85.23196586769639,26700300
2025-03-18,85.1474838256836,85.43847172528419,84.59366722172825,84.61243763137713,23654700
2025-03-19,85.58865356445312,85.62620154087199,84.83770835916431,85.11931460153367,31378700
2025-03-20,85.64497375488281,86.58365170052195,85.56988496200542,86.54610372331106,35645800
2025-03-21,85.1380844116211,85.83271122818006,85.06299562085444,85.7294560841387,29192100
2025-03-24,84.26512908935547,84.72508651032027,84.19942190943843,84.66876095500173,27985600
2025-03-25,84.25572967529297,84.55610631457118,84.02106020205862,84.07737858394079,22333800
2025-03-26,83.70191955566406,84.10555140148448,83.62682359329163,83.90842987141569,25095600
2025-03-27,83.4578628540039,83.57049962850505,83.19502700323036,83.40153730520868,23674500
2025-03-28,84.61244201660156,84.80017476900031,84.30267652975274,84.36838370924684,39869400
2025-03-31,85.44786071777344,85.73884861807859,84.81894815060967,85.63560062244217,38824300
2025-04-01,86.18827819824219,86.58394523767191,85.92450496347678,85.96218788091207,39800100
2025-04-02,86.13178253173828,87.01731338148413,85.40640592461374,87.01731338148413,43488400
2025-04-03,86.52745056152344,87.35646068951937,86.51802803171866,87.1586235000408,57467400
2025-04-04,87.46949768066406,88.63763975983973,87.44123728002592,88.22314190500681,92794200
2025-04-07,84.8317642211914,86.84775442112296,84.59625128019675,86.55571348693607,124987600
2025-04-08,83.23027038574219,84.9730646797275,83.10780624609028,84.1063787976883,73861900
2025-04-09,83.72013854980469,83.75782148090146,80.9128212750119,82.21285005507114,131353500
2025-04-10,81.41209411621094,83.07010687477886,81.34615079448123,82.65560188831611,78592000
2025-04-11,81.85486602783203,82.24111064825588,80.07438901184545,80.89397652209468,94814100
2025-04-14,82.43894958496094,82.6273570576018,81.78893158596652,82.33532331882314,37596400
2025-04-15,82.7309799194336,83.079541635489,81.99618074417242,82.09980700604609,22553900
2025-04-16,83.19258117675781,83.37157329506225,82.40126121910774,82.71213999702051,35607300
2025-04-17,82.45777893066406,83.08895180475656,82.17516775092652,82.9382272796866,31758400
2025-04-21,81.01643371582031,82.02442859200258,80.99759584712812,81.5816632112648,39343200
2025-04-22,81.46862030029297,81.97732180682608,81.3932544521833,81.78891437383477,32552100
2025-04-23,82.25995635986328,83.89912434932928,82.11864716362146,83.72955475129595,44082200
2025-04-24,83.12662506103516,83.2302513044004,82.67444435115301,82.92879510205137,24190800
2025-04-25,83.73898315429688,83.94623569834998,83.46578727234366,83.74840568464968,22513900
2025-04-28,84.26651000976562,84.34187586026722,83.47519014134815,83.52229559473243,20130500
2025-04-29,84.97305297851562,84.982475507125,84.1252122730421,84.14405014297739,22129500
2025-04-30,84.28536987304688,84.83176160424735,84.15348320514114,84.57740361094035,42630600
2025-05-01,83.85799407958984,84.41584623933579,83.48924263514391,84.39693905329774,29932800
2025-05-02,82.9502944946289,83.27176714111198,82.77064377234153,82.93138009558307,32090400
2025-05-05,82.48698425292969,82.64772778747749,82.09932564308968,82.59099180492494,22862800
2025-05-06,82.76118469238281,82.76118469238281,81.9196742972036,82.07096063121442,21095200
2025-05-07,83.11104583740234,83.40415415201576,83.03540265500826,83.1299530261354,23161600
2025-05-08,82.18441009521484,83.26229987111034,82.15604571380634,83.22447829132275,25483700
2025-05-09,82.30734252929688,82.55317200867273,82.18442057587929,82.26006374510092,17007900
2025-05-12,81.54145812988281,82.05203863932493,81.49418656517614,81.67383005302757,32115000
2025-05-13,81.21054077148438,81.5887494157606,80.84178932709078,81.43746307255816,53912200
2025-05-14,80.67159271240234,81.19163048010849,80.5581279593402,81.07816572704634,42119800
2025-05-15,81.38072967529297,81.61710916281429,80.8228775473328,80.96469946886201,59448000
2025-05-16,81.59822845458984,82.15608076356018,81.50367085791598,82.1371735724645,31778200
2025-05-19,81.36182403564453,81.42801000485841,80.2082909604346,80.28393412917319,49361900
2025-05-20,80.7756118774414,80.93634822375476,80.42576758217355,80.7756118774414,35493100
2025-05-21,79.3951416015625,80.42575268092347,79.19658370224697,80.06645846507575,77053100
2025-05-22,79.81118774414062,79.83009493244515,78.76166205683579,78.96966998310862,61747900
2025-05-23,79.94355010986328,80.19883679685796,79.71662059505701,80.15155801117419,47139200
2025-05-27,81.05925750732422,81.34290856576544,80.5108553617832,80.69995606741068,56773400
2025-05-28,80.70941925048828,80.87961278366272,80.34066779756535,80.7566980372651,34806800
2025-05-29,81.45638275146484,81.56039031572473,80.97416651841725,81.09708126993786,38933200
2025-05-30,81.57929229736328,81.75894302666316,81.20108365270929,81.3996415680634,49042100
2025-06-02,80.82005310058594,81.11425246729812,80.46890654891631,80.94342539359167,46213100
2025-06-03,80.67771911621094,81.37051277322145,80.56383195424611,81.08580572918694,33731300
2025-06-04,81.98738861083984,82.23414050727904,81.28510254929678,81.41796728416749,57441500
2025-06-05,82.04431915283203,82.49986050622582,81.82604450228115,82.2626010439671,37664700
2025-06-06,81.00037384033203,81.55081749567377,80.9339414847276,81.4179527844649,38130100
2025-06-09,81.08580017089844,81.27560485391066,80.70618356428943,80.70618356428943,26560800
2025-06-10,81.50336456298828,81.78807880238531,81.1617103719454,81.71215403980159,24857000
2025-06-11,81.75011444091797,81.99686629304624,81.34202790264509,81.43693023328404,36334800
2025-06-12,82.72762298583984,82.75609296124236,82.1866717314407,82.46189356130465,43017800
2025-06-13,81.93045043945312,82.45241698339048,81.40847665493061,82.31006707905267,49374000
2025-06-16,81.10477447509766,82.02534235584305,81.10477447509766,81.69318055366281,36496600
2025-06-17,82.0917739868164,82.24362351822619,81.37999559964747,81.61725506203712,34521600
2025-06-18,82.234130859375,82.65170258829887,81.94941660914968,82.45240550937481,38589000
2025-06-20,82.082275390625,82.36698962025417,81.56979412164266,81.75011361644671,26001900
2025-06-23,82.34801483154297,82.98387572301988,82.34801483154297,82.49986436998059,36851800
2025-06-24,82.94590759277344,83.1262198564473,82.02533974137019,82.06330212334996,32959100
2025-06-25,83.05030059814453,83.05030059814453,82.37648462339382,82.67068402686112,26345300
2025-06-26,83.46788024902344,83.46788024902344,82.75610182538566,83.12622602643053,30467500
2025-06-27,82.9364242553711,83.66718751736093,82.7940671175277,83.10725137266621,74993500
2025-06-30,83.75257110595703,83.9328905731999,83.14518760012928,83.38244700836144,53695200
2025-07-01,83.96025085449219,84.12218742141177,83.50301733994333,83.95072303655702,38960600
2025-07-02,83.42679595947266,83.43631650828614,82.96955525061757,83.0552910631005,39382200
2025-07-03,82.8457260131836,83.15055074205112,82.73141401451022,83.03623874337775,26729100
2025-07-07,82.05509185791016,82.45517298836235,81.84552347502697,82.43612462064364,38314700
2025-07-08,81.95030975341797,81.95983757131769,81.38829204646021,81.51212460877404,31407000
2025-07-09,82.8076171875,82.8076171875,82.09318358951775,82.1027114057506,29821900
2025-07-10,82.86478424072266,82.93146443098556,82.38849509096033,82.71237549194845,24525500
2025-07-11,81.72167205810547,82.17890545379994,81.57878389660327,82.14080872715357,40764800
2025-07-14,81.55021667480469,81.80740957968212,81.27396813691732,81.48353649445909,24609500
2025-07-15,80.97869110107422,81.83601310699359,80.87390689659539,81.81695746930852,40455000
2025-07-16,81.09297943115234,81.59785198119422,80.19756086642549,81.23586761446249,65987700
2025-07-17,81.07392883300781,81.43590592217963,80.95961683598765,81.17871301337763,31875500
2025-07-18,81.19776916503906,81.40733754587394,81.06440878952512,81.37876136077745,27534900
2025-07-21,81.9217300415039,82.40754698714184,81.8836260391406,82.1312984207044,40019500
2025-07-22,82.41706085205078,82.65520539680861,82.02650757779719,82.08365994290875,35190300
2025-07-23,81.95983123779297,82.1122399744328,81.72168668187223,81.96935905495643,31008500
2025-07-24,81.81696319580078,82.15036420266122,81.454985998009,81.49309000844974,25164800
2025-07-25,82.33132934570312,82.34085716207757,81.654999735007,81.73120773081361,27196200
2025-07-28,81.79789733886719,82.11224263951286,81.75979333657173,81.91220207815822,26812500
2025-07-29,83.17913818359375,83.19818655215354,82.11224785435027,82.14083130858366,47828300
2025-07-30,82.7504653930664,82.83619393696718,82.45516122857673,82.65520176527296,40670900
2025-07-31,82.79810333251953,83.26487192790815,82.7218953249954,82.99814390157368,49814100
2025-08-01,83.9752197265625,84.08040448466349,83.68835087803657,83.72660054419856,63434500
2025-08-04,84.20470428466797,84.29076785109778,83.81265800202222,84.10908377392832,36425200
2025-08-05,84.462890625,84.57763232372574,83.93696685458178,84.00390194396432,28586100
2025-08-06,83.9752197265625,84.19515348314943,83.11462047636259,83.99434091195455,42589300
2025-08-07,83.83177185058594,84.38638097787485,83.75527253053713,84.07082675420598,29213100
2025-08-08,83.46842193603516,83.56404245090921,83.33455175613597,83.53535702598477,21596300
2025-08-11,83.56404113769531,83.83178149328616,83.45885638437355,83.70747555544114,20100900
2025-08-12,83.14329528808594,83.16242376641392,82.76081326604942,83.09548868301985,41052300
2025-08-13,83.83177185058594,83.96564201298303,83.60228118581618,83.61184542466646,30817500
2025-08-14,83.21022033691406,83.67877315954541,83.0859144242803,83.67877315954541,33397400
2025-08-15,82.61737823486328,82.9807390711989,82.47394382999661,82.86599738360707,36343600
2025-08-18,82.37833404541016,82.75125916936751,82.22533538154158,82.71300950340037,26777500
2025-08-19,82.85643768310547,82.95205819312872,82.66518936768169,82.66518936768169,28780600
2025-08-20,83.03810119628906,83.16241440529694,82.77036089285072,82.79904631173682,25912500
2025-08-21,82.6269302368164,82.88510629103877,82.34006146956864,82.7703573250645,28643900
2025-08-22,83.23892974853516,83.47798467912213,82.92337548926974,83.02856024235822,49871900
2025-08-25,82.99986267089844,83.23891756649967,82.8564282744624,82.93292759194514,27011900
2025-08-26,82.95205688476562,82.99030654724709,82.44526162379628,82.72256620525401,30259300
2025-08-27,82.85643768310547,82.86600192272098,82.23489342488841,82.34007817452718,38142800
2025-08-28,83.40147399902344,83.43972365815667,82.86599336191142,82.98073504393456,32205900
2025-08-29,82.80862426757812,83.05724343140307,82.65563290971632,82.96162292081726,41686400
2025-09-02,82.19239807128906,82.39396678434767,82.04842564990007,82.19239807128906,48760600
2025-09-03,83.09465026855469,83.32501342698637,82.44194855040428,82.4803436306617,52499500
2025-09-04,83.7281723022461,83.73776558160218,83.10426495774195,83.5265962659441,40501600
2025-09-05,85.00477600097656,85.05277169125677,84.60163856583385,84.67842874103651,69668000
2025-09-08,86.13739776611328,86.15659896975723,85.54229226919429,85.59028063207711,54538700
2025-09-09,85.64788818359375,85.95504157426947,85.41751764825109,85.81106182045893,37126400
2025-09-10,86.13739776611328,86.45415171821672,85.60948183572106,85.81105053530138,40713600
2025-09-11,86.71330261230469,86.84768905797944,86.2909713655874,86.3005719666598,46694400
2025-09-12,86.33895874023438,86.36776054312315,85.8974262964069,86.22378082113069,32968600
2025-09-15,86.54052734375,86.82847943999576,86.45413658869771,86.53092674360813,24820100
2025-09-16,86.72291564941406,86.86689539369492,86.42536288151722,86.47335124753485,26794200
2025-09-17,86.50212860107422,87.38519337579072,86.26216486948091,87.06843949254069,49121800
2025-09-18,85.60948181152344,85.87824007755457,85.33112294367305,85.67667137803122,55717900
2025-09-19,85.4462890625,85.64786505727464,85.22552651296587,85.49428474184873,32509200
2025-09-22,85.1391372680664,85.34071326642396,84.98556427302331,85.25432250668321,24758200
2025-09-23,85.73426055908203,85.77265564334245,85.18714342381979,85.3983127256953,26689000
2025-09-24,85.40792083740234,85.58069507020937,85.13915522394704,85.50390489493644,28098000
2025-09-25,85.40792083740234,85.4559092046123,84.90879202124239,85.28313497180527,29882500
2025-09-26,85.33111572265625,85.87823281023881,85.12954704019035,85.41749916237896,30955100
2025-09-29,86.03179931640625,86.13738395017224,85.67665766020464,85.70545213793856,32286200
2025-09-30,85.78225708007812,86.42535827069375,85.62867674154171,86.06061595134017,38584000
2025-10-01,86.00379943847656,86.34091667739966,85.81115576723147,86.15790702686799,39408900
2025-10-02,86.25422668457031,86.38907357099039,85.90747544846036,86.0230542947609,23208300
2025-10-03,86.0904769897461,86.41796753149441,85.984524815822,86.33127604891828,25884500
2025-10-06,85.40660095214844,85.87857235716963,85.38734026251245,85.44512968002384,28371000
2025-10-07,85.89783477783203,86.09047107248767,85.54144954925515,85.69556446386252,29103300
2025-10-08,85.96525573730469,86.32164095560643,85.84966955468168,86.30237291753423,22506200
2025-10-09,85.89783477783203,86.00378694447372,85.73409319251438,85.88820075851817,21578700
2025-10-10,87.28483581542969,87.38115395856484,86.59133342709136,86.66839088104078,59389400
2025-10-13,87.23667907714844,87.24631309670639,86.55281066060974,86.95735129879819,28035500
2025-10-14,87.51600646972656,87.57379588961196,87.10183181380584,87.31373615152394,29800000
2025-10-15,87.3233871459961,87.93983223995134,87.1403774826451,87.61234165019721,31333900
2025-10-16,87.97834777832031,88.1324627158641,87.1211036468959,87.18852709492015,39631200
2025-10-17,87.843505859375,87.93019735380639,87.55455135801564,87.89166861723746,40240400
2025-10-20,88.18061828613281,88.19024495749142,87.92055118736884,88.0939268036768,28429300
2025-10-21,88.61404418945312,88.79705380618005,88.52736006485824,88.60441017051926,24514300
2025-10-22,88.67183685302734,88.78742303865661,88.4406718303724,88.60441341522784,30496200
2025-10-23,88.06503295898438,88.41178419501242,87.93018607259614,88.2384085769984,28275100
2025-10-24,88.10356140136719,88.22877426728685,87.80497291800269,88.219140247261,28266000
2025-10-27,88.40214538574219,88.41177940527776,87.73753766125972,87.95907601895513,30033600
2025-10-28,88.63330841064453,88.78742332531445,88.43103809659296,88.46956682526043,23564500
2025-10-29,87.73755645751953,88.50811651616115,87.67013300353379,88.49848249456166,39551600
2025-10-30,87.22703552246094,87.62194944652563,87.02476522547767,87.06329395089395,42649200
2025-10-31,86.96698760986328,87.32337285686,86.88029612876505,87.22704735594999,38247300
2025-11-03,86.7494888305664,86.8268246687067,86.44015285315666,86.63349244850741,40752300
2025-11-04,86.94281005859375,87.05880641614765,86.74947050408744,86.7881384149887,26383800
2025-11-05,85.99547576904297,86.56581830944847,85.91813993726751,86.52715039356075,44643400
2025-11-06,86.7688217163086,86.85581899807895,86.54648303764374,86.5754821315672,33027400
2025-11-07,86.58515167236328,86.87515736430394,86.38215063806527,86.38215063806527,28530100
2025-11-10,86.5658187866211,86.68181515977285,86.41114712221757,86.50781322489433,24093500
2025-11-11,86.962158203125,87.06849313617508,86.788156255875,86.95248937962461,18942300
2025-11-12,87.11680603027344,87.31013819644808,86.88479858068459,86.95246557636065,23594900
2025-11-13,86.40148162841797,86.94282509953715,86.40148162841797,86.80749107554514,33825900
2025-11-14,85.90846252441406,86.84613165361932,85.90846252441406,86.79780229910432,38550500
2025-11-17,86.12113952636719,86.32414792517591,86.01481197838982,86.1114780789197,25605800
2025-11-18,86.0921401977539,86.46914315139269,85.8408098120952,86.37247705112773,31967400
2025-11-19,85.91813659667969,86.33380745737254,85.88913750467911,86.25647900375454,25782400
2025-11-20,86.25648498535156,86.44014837247515,86.02447748295691,86.02447748295691,32945000
2025-11-21,86.5174789428711,86.68181204903928,86.2274732700973,86.66248177925799,41938600
2025-11-24,87.01048278808594,87.06848097068178,86.78814412955127,86.95247723033972,30865700
2025-11-25,87.2328109741211,87.57114598583428,87.12647605970407,87.30047797646372,36503300
2025-11-26,87.6194839477539,87.6194839477539,86.83647899893624,87.14581492471669,34099000
2025-11-28,87.20381927490234,87.51315522256536,86.95248151269153,87.44548821448754,40704300
2025-12-01,86.11824798583984,86.33167730202963,86.06004268196564,86.19585999199764,47086600
2025-12-02,86.15704345703125,86.30256410041652,85.81750022345723,85.93391821846292,27605700
2025-12-03,86.39958190917969,86.49660061307569,86.0891413005811,86.2637646055108,23278600
2025-12-04,85.93392944335938,86.27347272128534,85.83691813559314,86.25407342032744,25541500
2025-12-05,85.53616333007812,85.90481661801621,85.41975273513975,85.90481661801621,32808100
2025-12-08,85.25482940673828,85.56527001034658,84.94438880312998,85.55557406130319,32255200
2025-12-09,85.3421401977539,85.71078608187294,85.21601885205173,85.70108273186028,25771800
2025-12-10,85.67198181152344,85.87570775697418,85.23542727148434,85.3712445684515,46833500
2025-12-11,85.55557250976562,86.17645370572265,85.52646986018759,86.04063640670003,26778700
2025-12-12,84.73097229003906,84.88619631601732,84.5854590175456,84.76977829653363,47030100
2025-12-15,84.78917694091797,85.25483417161199,84.77947358984444,85.09961756187673,28611800
2025-12-16,85.25482940673828,85.29363540737529,84.56603954877886,84.58544624984127,41018700
2025-12-17,85.17721557617188,85.36153480736297,84.96378629654184,85.01228824096601,24668300
2025-12-18,85.58468627929688,85.73990289770946,85.43916561101163,85.49737091773027,39048900
2025-12-19,85.26524353027344,85.46976234757273,85.1288976520739,85.32367535513235,37858100
2025-12-22,85.08019256591797,85.17758140949717,84.9730626088931,85.138624386007,25547100
2025-12-23,85.2165298461914,85.2944438853208,84.7587941541709,84.79775117373559,33624100
2025-12-24,85.73271179199219,85.781409932223,85.36263118923415,85.46976115350755,25942000
2025-12-26,85.45027160644531,85.86905031356558,85.3139257418287,85.80087738125728,26522700
2025-12-29,85.77166748046875,85.77166748046875,85.49897573213211,85.65479640391325,29399800
2025-12-30,85.567138671875,85.74244155108009,85.38209467985517,85.45026760897427,25106800
2025-12-31,84.88542175292969,85.61584928436375,84.85619841022614,85.39184823872834,36500000
2026-01-02,84.7588119506836,85.12889999910844,84.74907083617418,85.11915888459902,40731300
2026-01-05,85.17758178710938,85.23601360745744,84.83671711792479,84.90489005176171,30178000
2026-01-06,85.00228881835938,85.06072064552838,84.63220819580008,84.87568404939542,39015200
2026-01-07,85.49897003173828,85.71322994265844,85.19706239196479,85.54766073767044,39930900
2026-01-08,85.07044982910156,85.26523494283543,84.9730609873808,85.05097503287435,28204900
2026-01-09,85.63533020019531,85.70350314412094,84.84647078758543,85.0217737048647,57348800
2026-01-12,85.38211059570312,85.61585276507583,85.12890105765611,85.21654879845083,36103100
2026-01-13,85.5281982421875,85.61585341393993,85.25550647281273,85.58663006982682,30451400
2026-01-14,86.02489471435547,86.12228357464687,85.59637481272082,85.61585704295535,39233500
2026-01-15,86.00540161132812,86.34627372469564,86.00540161132812,86.32679149692405,37988900
2026-01-16,85.50870513916016,86.01513154098052,85.4210499861711,85.83008755267507,46382400
2026-01-20,84.38873291015625,84.75881353520626,84.28160293942982,84.3692506807732,66009500
2026-01-21,85.031494140625,85.1970633474699,84.3595059210026,84.53480881096768,51220100
2026-01-22,85.4015884399414,85.46976137826803,84.8659386171658,84.99254337968866,42419300
2026-01-23,85.63533020019531,85.73271905861856,85.21655142171116,85.53794134177208,35968800
2026-01-26,86.04434967041016,86.18069552943224,85.89826269851734,86.09304780447178,38882400
2026-01-27,85.50870513916016,85.94695861322985,85.39183407860537,85.81061275772853,35180100
2026-01-28,85.31393432617188,85.41132317779845,85.01202665704156,85.22628658879589,38750300
2026-01-29,85.33340454101562,85.45026817439764,84.80749589992041,84.8756688294906,43855000
2026-01-30,84.85618591308594,85.27496459997782,84.85618591308594,85.09966172103955,45832200
2026-02-02,84.6137466430664,85.11233179002436,84.6137466430664,85.07322575637237,38171400
2026-02-03,84.81905364990234,84.83860293873713,84.49643444377504,84.55508976899318,27438200
2026-02-04,84.60397338867188,84.838602146066,84.52576131663594,84.69195637567702,37872900
2026-02-05,85.52295684814453,85.52295684814453,84.80928465794926,84.98525811178408,50268900
2026-02-06,85.58160400390625,85.58160400390625,85.24920641898923,85.4936135560376,33461800
2026-02-09,85.56204223632812,85.62070501770357,85.08300636425716,85.24920141760843,24708900
2026-02-10,86.5494613647461,86.5494613647461,86.24639887642999,86.265948167183,37253700
2026-02-11,86.08995819091797,86.50056780506156,85.97264755148815,86.07040890391735,37014000
2026-02-12,87.2337875366211,87.28266448258283,86.37346975010955,86.38324812278708,48454900
2026-02-13,87.71282958984375,87.80081257403579,87.51729941600566,87.62483914693824,56785200
2026-02-17,87.85948181152344,88.10388895274517,87.75194207268876,87.91813713862817,32356700
2026-02-18,87.5270767211914,87.84969591005189,87.46842139911254,87.68350085835287,35415400
2026-02-19,87.61507415771484,87.71283552188878,87.37066701792301,87.3999946813038,28658600
2026-02-20,87.4097671508789,87.73237888498936,86.94050219234289,87.69327285021856,49610800
2026-02-23,87.73237609863281,87.98656158721336,87.52707501664158,87.54663176276259,33614600
2026-02-24,87.88880157470703,88.03544733800081,87.75193418462307,87.93767852332938,24933900
2026-02-25,87.8985824584961,88.06477751424305,87.70305228228183,87.70305228228183,23625800
2026-02-26,88.25051879882812,88.29940320586539,88.0354468005188,88.0452177149556,29447100
2026-02-27,88.78821563720703,88.82732167029954,88.52425923722404,88.66112662369125,51272000
2026-03-02,87.89659118652344,88.26932261167893,87.65137137124657,88.25951920719857,55465500
2026-03-03,87.72004699707031,87.95545596293432,87.23941817573909,87.27865425063578,51850400
2026-03-04,87.44539642333984,87.72985233570523,87.39634946194333,87.56309715706648,47069500
2026-03-05,87.09228515625,87.23941856689324,86.81764011425787,86.93534085595957,45768900
2026-03-06,86.76859283447266,87.23941825011819,86.33700349375725,86.63127031397522,58136900
2026-03-09,87.52387237548828,87.61214792962328,86.52337119419603,86.61165423184697,52478700
2026-03-10,86.59203338623047,87.24922079692662,86.58222249671553,87.10209487178273,48651500
2026-03-11,85.47382354736328,86.13101089726693,85.41497318274962,86.07216053265327,54679900
2026-03-12,85.30707550048828,85.58172051221949,85.12070603530697,85.24822513612168,48977000
2026-03-13,84.88530731201172,85.48364436681196,84.81664605081413,85.26784969347204,43460000
2026-03-16,85.54248809814453,85.66999972089465,85.29726825811424,85.5130629147034,37341500
2026-03-17,85.77790069580078,85.89560891808499,85.65038906762985,85.68962514172458,19578100
2026-03-18,85.2972640991211,85.80732553228286,85.2678389171147,85.689617320742,37596600
2026-03-19,85.81713104248047,86.05254747133725,85.30707708032168,85.39535262850639,60307400
2026-03-20,84.18888092041016,85.19918550771611,84.12021966156945,85.1501385441802,78948500
2026-03-23,84.73816680908203,85.06185879200576,84.29677409310646,84.53218304272573,69686700
2026-03-24,84.36544036865234,84.64008540680327,83.92404014289605,84.08098444099146,51799400
2026-03-25,85.17955780029297,85.21879387168764,84.82644812477183,85.09128225229153,37861000
2026-03-26,84.46351623535156,84.95395588020506,84.28695766386369,84.68911428121572,39537000
2026-03-27,84.00251007080078,84.45371369062057,83.81614059261938,83.86518755535631,39928900
2026-03-30,85.12071228027344,85.28745998055595,84.83625635910664,84.97357887504705,36473200
2026-03-31,85.03244018554688,85.4934547150318,84.91473195987535,85.26784915337376,47112200
2026-04-01,84.94873046875,85.39188683927286,84.9191877125041,84.96842313510821,31157600
2026-04-02,85.47067260742188,85.52975811996613,84.8404020955592,84.89948760810346,33310600
2026-04-06,85.33280181884766,85.52975853723419,85.07675207421141,85.18508052334916,14660300
2026-04-07,85.32294464111328,85.36233748420166,84.604045916646,85.20476611184816,22747200
2026-04-08,85.59869384765625,86.04185773263815,85.41158721985325,86.03200764272731,22244900
2026-04-09,85.38204193115234,85.80550566101665,85.07675674686097,85.37219935408447,18909100
2026-04-10,85.17523193359375,85.36234607874863,85.0176680587928,85.28356038463949,13247700
2026-04-13,85.43128204345703,85.4805249808375,84.93888272332184,85.12599686926677,12719700
2026-04-14,85.88428497314453,85.91382772898706,85.31309998213224,85.38203558357048,16606900
2026-04-15,85.51006317138672,85.74641272867294,85.41158481530222,85.6971697939222,15119600
2026-04-16,84.96842193603516,85.64793537377025,84.8896362448798,85.5986924384439,20001000
2026-04-17,85.74640655517578,85.88427774645115,85.56914252161938,85.72671389074348,29604100
2026-04-20,85.72671508789062,85.80549326013636,85.39187968053427,85.78580059542905,14623500
2026-04-21,85.25401306152344,85.7661050189707,85.21462021657874,85.64793399755352,19798700
2026-04-22,85.42142486572266,85.83504597051451,85.39188211111254,85.72671752799958,13676800
2026-04-23,85.23431396484375,85.71686313052847,84.92902131791084,85.51005634523501,21106700
2026-04-24,85.39188385009766,85.50021229481867,84.93887740554479,85.14568420544391,22285700
2026-04-27,84.96842193603516,85.30325736673689,84.87979366854816,85.17522874025518,19250100
2026-04-28,85.05706024169922,85.05706024169922,84.63359653094076,84.81086058459354,14553600
2026-04-29,84.39723205566406,84.6828245344934,84.24951828507699,84.6828245344934,29020800
2026-04-30,84.3184585571289,84.59420096206748,84.09195157397677,84.58435087234338,28516200
2026-05-01,84.61992645263672,85.00541552439633,84.35304476224249,84.51119799227774,21281000
2026-05-04,83.9774398803711,84.37281540360001,83.77975588933707,84.36292894170006,27226000
2026-05-05,84.44200897216797,84.50131266364617,84.10593712441536,84.16524835705475,18226500
2026-05-06,85.0844955444336,85.17345108401756,84.92634230806915,85.05484369790561,22530700
2026-05-07,84.65946960449219,85.29206747850932,84.61004483198774,85.28218101577613,21178300
2026-05-08,85.0844955444336,85.28217954872777,84.99553246368825,85.06472261930735,30797600
2026-05-11,84.57050323486328,84.9263404678113,84.50131308074346,84.88680215957694,17713700
2026-05-12,84.00708770751953,84.21465815052709,83.93789755985034,84.20477923026041,27680600
2026-05-13,83.81929016113281,84.0663989086112,83.61171217702973,83.95767045642788,26295100
2026-05-14,83.93790435791016,84.39258358529752,83.92802543684341,84.27397620320758,25247200
2026-05-15,82.6924819946289,82.9988944547087,82.62328429986388,82.9000524554405,50796000
2026-05-18,82.5936279296875,82.94946514048908,82.35640563620669,82.7320082293147,26166200
2026-05-19,82.05987548828125,82.26745348741964,81.81276672290426,82.0005717977623,35346600
2026-05-20,82.93958282470703,83.02853835318558,82.07964167694557,82.09940705844288,44498000
2026-05-21,83.24600219726562,83.28554050471774,82.36629559464892,82.65294266780599,24887000
2026-05-22,83.70068359375,83.70068359375,83.16692774103389,83.63149343920317,27987700
2026-05-26,84.1158218383789,84.39258244773968,83.91813784345293,84.35304414052229,22531200
2026-05-27,84.31351470947266,84.49143332418758,84.16524794035003,84.26408993937807,23589600
2026-05-28,84.7484130859375,84.85714153704606,84.28384743868462,84.3728105083009,25417300
2026-05-29,84.7681884765625,84.96587246188238,84.56061802962844,84.81760570231215,33118600
2026-06-01,84.8138427734375,84.88330507630654,84.14898822157335,84.27798747809494,26322400
2026-06-02,84.9924545288086,85.16114759812162,84.84360458554663,85.14130447207057,20319000
2026-06-03,84.65506744384766,84.7741489219402,84.4466805353031,84.63522431624384,15372000
2026-06-04,84.8436050415039,85.05199193486152,84.76421739522787,84.95276116242779,15866500
2026-06-05,84.406982421875,84.69475696786394,84.26805782323521,84.3375201225551,26461200
2026-06-08,83.97036743164062,84.6749157897616,83.97036743164062,84.575685012853,22922700
2026-06-09,84.4665298461914,84.52606679884806,84.12913611588318,84.31767989372669,22617700
2026-06-10,84.22836303710938,84.6451443990908,84.04974461649526,84.46652597847668,21258300
2026-06-11,85.31993103027344,85.37946798492966,84.38714502960154,84.51614428829781,35190500
2026-06-12,85.11153411865234,85.17107864243278,84.7543048300853,84.98253486363711,23092600
2026-06-15,85.06192016601562,85.44892549119821,85.0123009927059,85.30007554209193,17632700
2026-06-16,85.52831268310547,85.71684888486452,85.27030661075489,85.30007508625248,26472500
2026-06-17,85.66724395751953,85.92524247914956,85.27031325470422,85.66724395751953,34507500
2026-06-18,86.08401489257812,86.51071405885553,85.98478411291846,86.40155792998294,32350900
2026-06-22,85.4290771484375,85.66724010190178,85.31000324252847,85.63747162542452,28595100
2026-06-23,85.5382308959961,85.76646849400962,85.43900012022526,85.45885081787317,19145500
2026-06-24,86.70916748046875,86.7984804733566,86.45116899173159,86.48093746575337,41837000
2026-06-25,86.67940521240234,87.11602971817607,86.61986826009613,86.90764281428126,28380000
2026-06-26,86.6893310546875,86.69925640373603,86.33209419717129,86.34201954621982,21650800
2026-06-29,86.77864074707031,86.86795375124883,86.6297983581452,86.68933531371525,19457200
2026-06-30,85.75653839111328,86.51070587264417,85.71684456884087,86.48093739864547,31079500
2026-07-01,85.1768798828125,85.4458008648752,85.08724462131457,85.13704705466972,28109800
2026-07-02,85.16692352294922,85.43583690006334,85.02748583129237,85.03744023870766,20816300
2026-07-06,85.1071548461914,85.13704086330179,84.83824148246919,85.08723843356839,17940900
2026-07-07,84.21077728271484,84.8282848976807,84.20081527637477,84.77849006354909,24816400
2026-07-08,84.02153778076172,84.11117304213558,83.72273837861331,83.9717353474755,25806600
2026-07-09,84.15100860595703,84.34024872296722,83.92193566316114,83.94185207605399,18625300
2026-07-10,84.13109588623047,84.29044999272065,83.94185576091307,84.1709363125491,14454100
2026-07-13,83.63310241699219,83.94185622418513,83.59326199045368,83.85222096356179,18742500
2026-07-14,83.74266052246094,84.16097359710518,83.70282009647802,83.8422577880261,23793500
2026-07-15,83.90201568603516,84.07133939829467,83.7426615788775,83.7426615788775,17837800
2026-07-16,83.87213134765625,83.88209335327078,83.4538182972521,83.50361312775706,20817800
2026-07-17,84.1808853149414,84.4796846937536,84.15100689681695,84.2804901737347,22065600
2026-07-20,83.55342102050781,84.00161251827844,83.48370217421495,83.97173409826497,24289000
2026-07-21,83.32434844970703,83.43390012399696,83.09526789724684,83.40402170384658,14287500
2026-07-22,83.105224609375,83.3641759667048,83.04546017409714,83.27454071196385,15988400
2026-07-23,82.8363037109375,82.91598455884633,82.62714718426474,82.65702560253459,29152800
2026-07-24,82.91598510742188,83.32434375656841,82.89606869470485,82.9757419443569,15106000
2026-07-27,83.41397857666016,83.53349984869041,83.18489803829814,83.39406216404706,23816200
2026-07-28,83.90201568603516,84.00161295285675,83.51358102628191,83.52354303259939,25366900
2026-07-29,82.51759338378906,83.81238065232647,82.36819368376023,83.76257821938873,41445200
2026-07-30,82.4677963256836,82.5673935900888,82.18891334705116,82.47775073297518,40407300
2026-07-31,81.91999816894531,82.11919269336835,81.56144194595663,82.11919269336835,50359800
2026-08-03,82.19000244140625,82.3499984741211,82.01000213623047,82.23999786376953,32050800
2026-08-04,82.81999969482422,82.83999633789062,82.56999969482422,82.6500015258789,38408600
2026-08-05,83.0,83.1500015258789,82.80000305175781,82.94999694824219,29465800
2026-08-06,82.5199966430664,82.91999816894531,82.4000015258789,82.7699966430664,27566600
2026-08-07,82.76000213623047,82.8499984741211,82.4800033569336,82.80000305175781,96130000
2026-08-10,82.05999755859375,82.44999694824219,82.02999877929688,82.4000015258789,36743600
2026-08-11,82.19000244140625,82.45999908447266,82.12000274658203,82.2699966430664,23268500
2026-08-12,82.11000061035156,82.4800033569336,82.05000305175781,82.44999694824219,21444600
2026-08-13,82.58999633789062,83.0,82.48999786376953,82.58999633789062,26921500
2026-08-14,82.04000091552734,82.36000061035156,81.81999969482422,82.2300033569336,31374800
2026-08-17,81.3499984741211,81.86000061035156,81.30999755859375,81.7699966430664,31557700
2026-08-18,81.66000366210938,81.75,81.16999816894531,81.26000213623047,25037100
2026-08-19,83.0199966430664,83.05999755859375,82.61000061035156,82.80999755859375,51309500
2026-08-20,82.33999633789062,82.7699966430664,82.1500015258789,82.36000061035156,39569900
2026-08-21,82.05000305175781,82.2699966430664,81.9000015258789,82.16999816894531,24269100
2026-08-24,82.55999755859375,82.87999725341797,82.44999694824219,82.48999786376953,29038500
2026-08-25,83.47000122070312,83.4800033569336,82.97000122070312,83.11000061035156,35015100
2026-08-26,83.30000305175781,83.30000305175781,83.06999969482422,83.2699966430664,20658800
2026-08-27,83.12999725341797,83.3499984741211,83.0,83.19999694824219,17361900
2026-08-28,82.87999725341797,83.5999984741211,82.77999877929688,83.04000091552734,35804300
