r5,r15,r30,r60,r120,pos_rango,rango_bp,vol30,dist_hi,dist_lo,tipo,dir,tod,fecha
-7.341352792609168,29.750736265479194,81.628187617373,75.25400733371823,145.73763235279148,0.9253024311944568,195.4770215586446,5.841374670587179,14.601658267779511,180.8753632908651,ENTRADA,1,660,2022-08-01
-12.493459102850268,-25.75475083528844,9.387410438663757,16.15018369045984,8.651199402398557,0.718793290369217,106.56150646893079,4.587019061678968,29.96581060742742,76.59569586150337,CONTROL,1,660,2025-10-16
-7.652648865499323,3.7673525759918114,-11.802421027536925,-18.189972641190487,10.796211237147357,0.4357843834447396,46.864213557374725,2.71733351061225,26.441521146651574,20.42269241072315,CONTROL,1,660,2021-08-18
-2.8145959204473048,-32.77785753943441,-57.76264213450566,-46.37134220972783,-28.240110750653578,0.29640560180415276,90.44749816987147,7.160041087078264,63.6383530431507,26.809145126720757,CONTROL,1,660,2014-08-15
4.574879686383149,24.83842987200502,9.108135769808623,19.472190619154173,109.75718659161026,0.8875324767768793,214.13602625816722,7.717508237382382,24.08334850609721,190.05267775207,ENTRADA,1,660,2022-08-03
-4.744969411071276,26.664571703205464,-5.20540625201571,-12.718341892783425,18.178434936948484,0.7618910305053843,101.22797880496036,6.062696931048689,24.10328971727191,77.12468908768845,CONTROL,1,660,2018-12-18
-3.7112596627819627,20.84625788692618,40.08885534845685,56.23197196771956,27.841176381704358,0.6848161661521182,89.15167539370896,5.527954647601419,28.099166844551057,61.052508549157906,CONTROL,1,660,2024-03-11
18.050000979532577,5.854671647818055,7.127421352350893,2.2340015312471984,-22.16009652324935,0.33544781755021225,83.23463691754849,4.33557485651469,55.31375961897251,27.920877298575963,CONTROL,1,660,2018-06-06
8.868274356830241,15.526798495149041,7.928730639361614,18.84582621108022,18.41049264268202,0.9879654892707055,101.75822393067291,2.4651405856196607,1.2246104376876317,100.53361349298528,ENTRADA,1,540,2022-08-08
0.7370305163134638,1.428785264552257,1.0117585350566394,-4.228773197962887,-7.2651536627788005,0.5324140769705475,29.791741685059996,0.8724303388791375,13.930199034463794,15.861542650596201,CONTROL,1,540,2021-11-17
8.78270936139458,9.820245199099187,-9.067179188707586,-13.137316777261931,5.283602505725682,0.24394740076195365,64.32630234279192,2.155087510182117,48.634068085640266,15.692234257151659,CONTROL,1,540,2023-03-28
-6.045139557628865,-11.406485025448054,-0.30820941195996987,9.333867152585551,4.2012469763563765,0.8621121121121209,92.37320779371525,1.5231875477986203,12.737146520103567,79.63606127361167,CONTROL,1,540,2021-03-31
8.100779939528291,14.212883737645399,19.766343826295163,39.76951972301413,67.24468072631495,0.9587376661502118,90.98025343449842,5.040824460362057,3.7540575909526104,87.22619584354581,ENTRADA,1,540,2022-08-11
-10.079732560598353,-7.856406247626069,-24.891145709334815,-26.43213956518231,-57.10196870074014,0.6705132929718332,276.5224438469823,4.5822265107791065,91.1104694425234,185.41197440445893,CONTROL,1,540,2022-03-11
0.0,0.0,0.0,0.0,0.0,,0.0,0.0,0.0,0.0,CONTROL,1,540,2012-11-19
-1.3827499485696837,0.7668228485546713,-0.7682416285859084,1.383132453833813,6.610215620035387,0.9084811901713177,25.20179800791909,0.47933875179513613,2.3064385592276118,22.89535944869148,CONTROL,1,540,2017-12-20
-11.400160332193376,-26.71218937329467,-21.604879448463564,-31.64323814298653,-85.01701275906437,0.007334344967120989,179.10178687325208,3.8526381419271605,177.7881925840959,1.3135942891562125,ENTRADA,-1,660,2022-08-19
4.08803563522131,0.944305015861957,-0.7854756133385266,0.04870355075681232,7.200703090484151,0.6830866742561731,51.06149657427209,2.1858817648237787,16.18206869680959,34.879427877462504,CONTROL,-1,660,2017-12-08
-1.0934572662857356,4.957177968833992,20.580949741608734,46.7574907386159,61.78934311826367,0.8909023009968036,84.8228688165882,3.2285346150679715,9.25397981073976,75.56888900584843,CONTROL,-1,660,2024-07-15
3.8108691542126927,-7.716559483398333,6.4830626009682035,31.882863812351392,55.06189664349126,0.9143670882635841,201.8629170383603,2.895534621957567,17.286109357601347,184.57680768075895,CONTROL,-1,660,2024-03-07
30.236463125703494,33.785077942760644,-45.68352495621375,-106.55361253796181,-170.24712565053778,0.19743126505523603,312.2727094769035,9.209273080777274,250.62031340265224,61.65239607425125,ENTRADA,-1,660,2022-08-30
5.51953367189828,-4.436635000256706,-16.229787057304712,-49.507389887787355,-156.30691104003614,0.05479150115294242,179.6572936254636,5.316881851291755,169.81360081464948,9.843692810814105,CONTROL,-1,660,2025-08-20
-4.478287004203718,6.818662107839213,41.415033087535136,28.089018986461323,21.61298575135584,0.8320019220373523,118.02595720369845,3.8357060270166805,19.828133959923044,98.19782324377542,CONTROL,-1,660,2021-06-21
-16.24311725258454,-58.02357914095002,-60.16222158741647,-52.99967413913586,-29.24699798213193,0.1049608853272318,76.07162140978502,7.000292347002614,68.08707667833599,7.984544731449038,CONTROL,-1,660,2018-03-06
7.9300929566938905,7.49324698396947,47.89228885453633,22.984096769929074,-52.95381758314455,0.421147122744021,170.96365717804628,5.766331174954456,98.9628048637169,72.00085231432938,ENTRADA,-1,720,2022-08-31
4.681547249638651,10.12870980200864,5.623568678674307,25.768156358092487,-3.271025899879154,0.7080942497863522,70.7169922546287,3.601599736616366,20.642696676940115,50.07429557768858,CONTROL,-1,720,2022-12-12
-6.113897958074377,3.0632015003617674,7.332209526917932,-5.961611791444055,-15.965931276755718,0.775761203469454,121.99087722872387,3.2809322811377983,27.355087497474635,94.63578973124923,CONTROL,-1,720,2025-06-06
14.100539062129602,22.71239914005463,-39.2374364157444,-75.03300508882037,-115.77106918221891,0.17820410562109298,162.8865512709718,6.1267890547636785,133.85949908402398,29.02705218694784,CONTROL,-1,720,2022-02-07
-4.940807746601772,-10.567277129287511,13.833328251420252,-51.109737024810364,-38.01206881118402,0.41266235843624555,259.3422490493701,6.443810429233336,152.3214649144969,107.02078413487324,ENTRADA,-1,780,2022-09-06
-9.199915356431498,-7.719072160278229,-1.8819430645145019,-11.378744461874035,2.6482484013445884,0.6431568037115626,73.48213032533268,1.9191971446423481,26.22159825537522,47.26053206995745,CONTROL,-1,780,2013-04-05
0.36010063691138683,2.8283734154399554,6.793149598918191,10.63684002174936,0.9457623030129092,0.4998218104062684,33.12806565212791,1.3554980336326354,16.569935902623623,16.55812974950429,CONTROL,-1,780,2023-12-28
8.373820161160506,6.245918107787851,28.098151271587213,15.412804656691481,13.973477182245286,0.8862381424323964,98.40933700209895,5.62700628030087,11.195228979355084,87.21410802274389,CONTROL,-1,780,2023-10-31
20.385882387647936,45.44005415967112,69.46458937227895,46.98062477237919,46.940247396001226,0.9613384639384307,123.08087146389896,7.50326014953963,4.758495550590912,118.32237591330804,ENTRADA,1,600,2022-09-09
34.03750249475701,43.72607660527272,43.72607660527272,43.72607660527272,43.72607660527272,0.9808739355018926,44.38461502713243,6.438007130262983,0.8489030097326024,43.535712017399824,CONTROL,1,600,2013-10-04
4.335904839225524,16.92424744785148,26.62320513624472,21.533611590764945,23.78567243806806,0.9068870829057226,79.39767614301643,3.091022230260648,7.392949236182972,72.00472690683345,CONTROL,1,600,2016-04-18
6.623290778819957,2.1162010877029402,-6.75347903486001,-11.118518554469325,-22.071620822950997,0.6660957153083215,86.38810867109926,5.388863667998363,28.845359631690396,57.54274903940887,CONTROL,1,600,2015-06-03
13.640775819752093,16.7176314234041,49.019611949292496,42.52540997885524,51.841990185448324,0.3326795123264487,216.73642671560518,4.7218514728252075,144.63265797248053,72.10376874312462,ENTRADA,-1,780,2022-09-15
3.07792603225554,3.6275320064160788,-8.929613135111314,-7.3468929035680475,20.295492920874292,0.5717742632443241,144.43701239947632,2.131404470368191,61.851646049554425,82.58536634992187,CONTROL,-1,780,2023-11-22
1.436244651358276,18.247419026140577,32.798064914167924,10.808119584246878,-30.776904454479226,0.6063198242415695,177.68172073446786,3.465819035975134,69.94977104780568,107.73194968666218,CONTROL,-1,780,2020-11-05
-17.549403789829388,-19.852287232325907,-12.920298789473872,-11.92141435936711,-73.2122763555021,0.0664620696269316,210.6312068014699,3.8301074082959237,196.63222086942596,13.99898593204392,CONTROL,-1,780,2014-02-03
-29.718957507275377,-29.718957507275377,-29.718957507275377,-29.718957507275377,-35.778267577807334,0.0035603455506171265,411.4324244327643,5.342658986657386,409.9675828310555,1.4648416017088095,ENTRADA,-1,1080,2022-09-21
-2.6294593277687017,-2.6294593277687017,-2.6294593277687017,-2.6294593277687017,-4.043723190731985,0.9529782237403976,225.13023752999695,0.47206446089236326,10.58602365840665,214.54421387159033,CONTROL,-1,1080,2022-03-28
2.98179471364568,2.98179471364568,2.98179471364568,2.98179471364568,-6.935660762809048,0.3682788051209141,95.68843952980659,0.5351687475958012,60.44841535588457,35.24002417392201,CONTROL,-1,1080,2019-03-19
30.438715454981224,30.438715454981224,30.438715454981224,30.438715454981224,38.85876197991189,0.9665099555322209,161.71981404453376,5.455617747466797,5.416003763672401,156.30381028086134,CONTROL,-1,1080,2019-10-10
3.734585096999421,-3.436577119072526,-4.696063655286187,-0.9202319163459372,,0.3872465690949009,43.18505105026764,3.5373860424541834,26.46178819486335,16.723262855404286,ENTRADA,-1,60,2022-09-28
-2.014158356403728,-4.842957509800794,-2.4918777264115732,7.598267444730578,,0.5652617102175829,20.904992533665578,1.3355793949513404,9.088200701999972,11.816791831665606,CONTROL,-1,60,2026-06-09
1.2376506620070948,0.3496418648207822,-3.7915648965147764,-2.2020128378696935,,0.35026574888883555,6.461673722691422,0.5617297352423605,4.198370737137601,2.2633029855538207,CONTROL,-1,60,2024-02-08
-8.743886780543386,-3.2218695054386792,-2.5924377368402585,-7.9013617527989854,,0.3166416659313472,15.026314945090412,1.7433295747223194,10.268357548067884,4.757957397022528,CONTROL,-1,60,2026-07-01
2.4467673497974296,20.777272931746804,22.740933599654234,-28.956324196113272,-127.83742732197511,0.16342680632275658,356.2159434832859,8.390623530203714,298.00070947856494,58.215234004720976,ENTRADA,-1,660,2022-09-29
-10.835074201857031,-12.824459980886882,8.958575961433013,-1.1988146719932313,-12.176646825474702,0.41849380362249655,65.50559201693582,4.238223802635328,38.0919076552249,27.413684361710914,CONTROL,-1,660,2016-09-16
2.4538720260158797,10.523324451336968,9.296012940049891,-13.476551220868993,-2.9780835821924256,0.4696732488258169,34.697999831425975,1.9965575047121935,18.40127752284249,16.296722308583487,CONTROL,-1,660,2017-05-16
0.012740007586664603,-8.47340163725785,14.03365724620853,-28.091814682389415,-32.58007805335139,0.27880697050938175,105.6003728004587,3.5597733665459614,76.15825277530149,29.442120025157205,CONTROL,-1,660,2019-02-27
0.7647237899299775,8.11719091194485,8.824629366857017,4.865293685372141,,0.8979214373788503,19.510134779565067,1.5073668711356065,1.9915665148429018,17.518568264722166,ENTRADA,1,60,2022-10-06
-1.0075020092203957,-1.076154016594888,-0.3806357318292264,-2.1416317009836927,,0.3048302872063,4.57377363268807,0.4707866248449972,3.179548902619163,1.3942247300689066,CONTROL,1,60,2023-05-16
-2.8554614373432763,-5.113373884454431,-7.290998287522443,-4.316741761501985,,0.12051217675122991,9.391759577871905,0.6373009048722837,8.25993818761835,1.1318213902535554,CONTROL,1,60,2025-12-23
-1.697588141126305,-0.8418512899166508,0.9556729821791343,-4.1854070816826905,,0.5204949729311223,9.071711352036697,0.7492215915233346,4.3499311974194015,4.721780154617297,CONTROL,1,60,2023-10-30
-7.923887293641574,-7.776922561431032,-5.452467949739193,0.5888176715962423,-8.142489334928005,0.4119029471544929,28.968123748204732,3.194845217714843,17.03606820278315,11.932055545421585,ENTRADA,-1,120,2022-10-11
0.27410809224193144,6.068155326490743,6.9029597011138755,-9.572926531495884,-16.33934761192335,0.3913857677902788,30.493689405213996,1.1695373991595563,18.558893364596027,11.934796040617968,CONTROL,-1,120,2020-01-06
-0.8563800517658038,12.358210563436778,-33.58972184900555,-39.145185695598215,-81.97329417344412,0.21352723478734487,107.83445330614835,3.959715516557056,84.80886067688144,23.025592629266917,CONTROL,-1,120,2025-10-14
1.7029800898415992,1.3520475176775903,4.578652172790854,5.423587816826281,1.134376154778849,0.7593195801664919,18.220498898757267,0.8626133783895649,4.385317324528871,13.835181574228397,CONTROL,-1,120,2023-08-10
-6.891728987122869,20.349700049147046,-4.810351117542355,-129.75493252679325,-133.42981852902724,0.1674605812193067,251.70299882638932,10.430160896634915,209.5526683482797,42.15033047810963,ENTRADA,-1,930,2022-10-11
-2.037913052771456,4.1778322480157115,11.437234159481502,12.259482069547634,16.009065994655458,0.5693680297397581,55.72259675586884,1.5585921742971152,23.99593162899676,31.726665126872074,CONTROL,-1,930,2016-09-07
4.038751495945014,-0.050626019943988965,11.358364925679876,11.17621981129302,6.249108209652743,0.9209866558835397,80.2556289441854,1.5995176705191594,6.341265627049877,73.91436331713554,CONTROL,-1,930,2021-10-19
12.151693766522254,19.9395650223555,-2.285722125275891,-2.006493788075936,-7.037559607444566,0.4904474002418383,101.32499274674646,5.2676406064042745,51.63041347458154,49.69457927216492,CONTROL,-1,930,2014-10-29
-1.6947524814003856,-0.4927413731115049,-22.173344501335013,-29.64636491256334,-57.65088970622778,0.26492748163495994,157.35896875634103,4.5560874304596215,115.67025345104925,41.688715305291765,ENTRADA,-1,840,2022-10-12
4.018385632325039,-5.522241205608847,-67.86778123545223,-63.947827115770075,-77.31579594872362,0.6082701045065155,236.93417859298214,5.313100219884151,92.81420101906347,144.11997757391867,CONTROL,-1,840,2023-01-09
-3.411198402357707,-9.925212822606833,-14.100210719816264,-35.695395815040776,-16.850332242608346,0.2570414726103373,58.951502616144715,1.8017591848107684,43.79852157109873,15.152981045045989,CONTROL,-1,840,2019-06-28
2.6149193540381255,5.635318322307903,12.122597859778317,11.011064303367846,15.02818458883004,0.9089359438976434,166.30020497740048,3.4144427987785106,15.1439711958954,151.15623378150508,CONTROL,-1,840,2024-02-02
-6.373911404851107,-30.730616248522136,-47.272420057693495,6.105848100170785,-23.55861843247986,0.3037295159163723,157.2629463900967,4.815223666744948,109.4975478114502,47.765398578646476,ENTRADA,-1,900,2022-10-12
2.662001904707445,5.615644505285733,-0.575607145619772,-4.344612857259955,-5.673926805509488,0.45279863481227794,61.10963840822152,1.8241897778513825,33.43927756310687,27.67036084511465,CONTROL,-1,900,2016-08-09
21.69307822774913,13.932087982766461,14.912054990687817,6.4890484309465535,-0.6126178019438822,0.9101323473255831,166.53212807226245,3.4038438931322745,14.965851444729582,151.56627662753286,CONTROL,-1,900,2021-03-19
2.2342574996447873,13.928384268051541,11.702259036376894,9.231430700336052,-22.35944841286086,0.22699673049976815,199.74545016662998,3.674957845779337,154.4038860466006,45.341564120029375,CONTROL,-1,900,2023-10-13
17.66099467600757,10.155337531827513,-353.02524805947866,-343.39856856494436,-303.27548059067453,0.0814637510649514,470.0469274608088,64.09992222071295,431.75514157329616,38.291785887512596,ENTRADA,-1,540,2022-10-13
4.7190375375461,29.870743372870656,44.03313438422263,25.3478576696331,46.189766524531436,0.4398472612567772,194.21610183154215,3.829918527912038,108.79068134897099,85.42542048257117,CONTROL,-1,540,2016-01-07
1.0121113804473225,13.701312413028077,-5.2919908784943015,30.753192102095372,54.70184449822612,0.940423284834847,131.3585431627296,2.4511213333827766,7.825910510515391,123.53263265221422,CONTROL,-1,540,2026-04-30
1.3606842203395253,9.040836566489574,6.780666253094481,-0.2823971548371329,2.8959038373588264,0.7973683739735431,36.925379052093035,1.6701010420434907,7.482249598968884,29.44312945312416,CONTROL,-1,540,2026-05-29
2.3841012377379123,-3.093733841555979,-17.517666154708287,30.09550640594494,,0.5441661364030781,61.31567650882031,3.4084896823363713,27.949761722074587,33.36591478674572,ENTRADA,1,60,2022-10-18
0.020712983617166003,1.0033837336220763,-1.462637475788675,3.342373021391065,,0.47785304846273213,12.421291634386632,0.5106990371515415,6.485739561050348,5.935552073336285,CONTROL,1,60,2023-11-13
1.046482348217026,-2.959628264197489,6.983239222253523,16.206556872506717,,0.7322397588224657,26.93060924259228,1.6745060740373485,7.210946425854445,19.719662816737838,CONTROL,1,60,2025-03-03
-2.8367248227034736,-2.1828676231128163,-4.008005111501012,4.365867911906296,,0.5048880479344695,8.643426362150084,0.7352035531885053,4.279463698698795,4.3639626634512885,CONTROL,1,60,2014-02-18
3.1114749711114165,-3.2405174031946427,3.2601050802649745,13.859190450038472,5.936202521197309,0.9154957064793141,268.62199902682954,2.997410579259788,22.699712251876605,245.9222867749529,ENTRADA,1,1260,2022-10-24
0.0,0.0,0.0,0.0,0.0,0.0,207.62096408145925,0.0,207.62096408145925,0.0,CONTROL,1,1260,2012-12-20
0.45020175200916057,0.6790270512380125,4.312532144203907,11.036764099821017,16.886594566671853,0.9751640289164898,211.83977304919313,1.2291268726329823,5.26124647778712,206.578526571406,CONTROL,1,1260,2024-02-01
-7.755370241375736,-9.079630047371667,-5.33134747691677,-28.321542853335657,-18.142787115240644,0.3064185091892936,201.6832337053148,2.4380864946173593,139.88375790485637,61.799475800458445,CONTROL,1,1260,2020-07-15
-0.22314503553721998,-1.2020978076943134,-1.132920160522577,14.846782332398334,17.649567958157864,0.9146943891469332,117.3094439421656,2.086145640204268,10.007153774320026,107.30229016784557,ENTRADA,1,540,2022-11-01
-1.1014171107903703,12.559523317148269,13.927670700832895,24.846195150298733,16.565619285353606,0.901041666666661,52.873844933680004,1.3971817195614258,5.232307571562384,47.64153736211762,CONTROL,1,540,2018-06-20
-3.663273818181878,14.9486641322083,68.98114475251127,67.2430141323499,44.75652883077608,0.9010874831448875,94.81897094519884,9.97206182025881,9.378783061801398,85.44018788339744,CONTROL,1,540,2024-04-11
-2.7816658045032305,3.2198730168730982,1.0139871154724034,-6.728449043311713,-2.6012980903922234,0.3437716092067571,33.21537494852666,1.5591987174979203,21.796872052065844,11.418502896460817,CONTROL,1,540,2013-07-22
10.480122446927531,10.480122446927531,10.480122446927531,10.480122446927531,-2.3964646091623187,0.049654017044213045,503.9655303581966,1.8802544596776356,478.9416173240948,25.02391303410176,ENTRADA,-1,1080,2022-11-02
0.0,0.0,0.0,0.0,1.168404825888647,0.8604483007953694,104.2396834369712,0.0,14.546824948182127,89.69285848878907,CONTROL,-1,1080,2012-04-23
3.8306177820679466,3.8306177820679466,3.8306177820679466,3.8306177820679466,13.148579140240813,0.9554926794215401,145.24680704582036,0.6874852693904449,6.464546204186021,138.78226084163433,CONTROL,-1,1080,2021-08-23
0.0,0.0,0.0,0.0,20.9395522900091,0.39673818071620404,224.7894347140822,0.0,135.6068833413933,89.18255137268889,CONTROL,-1,1080,2024-10-23
26.190542065043232,44.85816113269037,393.212716376965,393.22230090561794,387.17797495660955,0.9784988514785894,428.77022191119346,47.85785059697101,9.219052222870754,419.5511696883227,ENTRADA,1,540,2022-11-10
3.1631050820157824,-11.037762908548965,-3.3305288898033414,0.0,-52.99960446033758,0.16992689191860144,76.60800752729253,2.7315312201622404,63.59024691210288,13.017760615189642,CONTROL,1,540,2018-05-03
-6.885517537169594,13.6262979811419,-6.842384802817625,7.1158283047090265,6.91550032052568,0.7960241478138945,111.83774717762988,2.5676200176855133,22.812199787131267,89.02554739049862,CONTROL,1,540,2015-07-08
3.3037184090334293,7.341071629036744,18.5715611185433,3.4382443645886163,10.91610005129029,0.8747547803067917,63.1980366470643,2.027238771737483,7.915251984041003,55.2827846630233,CONTROL,1,540,2019-01-30
8.447380755880474,-5.483578640393949,15.411267165530429,67.02669855551457,38.48237803929288,0.8761487650775422,118.1465480349108,5.65095512553937,14.632595875949178,103.51395215896162,ENTRADA,1,750,2022-11-14
-1.109151609933745,-3.912623358520717,6.098632698745554,0.9752816095165429,-17.17153402363558,0.5106022217891134,62.54602423167848,1.5884136847648092,30.60988529490772,31.936138936770757,CONTROL,1,750,2019-11-04
-5.385487087623542,-1.1327062204102845,2.8152002137860066,1.681856180786312,2.8137851422527227,0.8181151306899244,36.63114525611726,0.8949605163764648,6.6626510675872845,29.96849418852997,CONTROL,1,750,2019-02-18
-2.876211684741392,3.594419625203571,4.112199279566742,3.665287218843627,41.17244354270744,0.9484106730183027,149.10081163262484,2.0674667058787377,7.692010524551937,141.40880110807288,CONTROL,1,750,2024-06-05
-1.732150795666909,-2.3710451996039605,-2.858567576831117,3.2388816553874378,-2.7913259378331556,0.7480571056865969,49.1292794375165,0.7882980491648205,12.377772857019867,36.75150658049663,ENTRADA,1,1140,2022-11-24
-8.987322728029046,-21.787095396634815,22.797952156075052,-4.95096563633779,-29.31728653103649,0.31836584468163664,107.667494878166,6.696788083877303,73.3898419265229,34.277652951643105,CONTROL,1,1140,2012-11-15
1.2444636984088042,4.082982648392353,6.876513244051807,7.557504879673882,7.557504879673882,0.3616794919850807,76.05544368561274,0.6830124322415428,48.54774945070041,27.50769423491233,CONTROL,1,1140,2025-08-13
0.39475770539532107,1.2063019847619039,-2.872020361089911,-3.070735286176962,-0.0891816842174542,0.6782844276849154,79.868027474344,0.6081051516474446,25.694788168585486,54.17323930575852,CONTROL,1,1140,2021-06-02
0.908876727718777,-19.23592757392956,-23.85323615195056,16.86700927382656,-31.26913684523003,0.254591692568526,122.28982602380479,4.9968343194522475,91.15585223249376,31.13397379131104,ENTRADA,-1,660,2022-11-29
-0.4954770567444644,-22.561642672156434,-93.51412378179714,-92.24215737737129,60.664533565664144,0.312494128698919,270.4930571331136,10.079606907310758,185.96556492519437,84.52749220791927,CONTROL,-1,660,2016-02-09
-1.921775096910272,11.5461829983321,20.205946222164872,46.11806293697729,73.28020039108374,0.924159141473628,132.3162706933571,3.302843402288771,10.034979566392035,122.28129112696504,CONTROL,-1,660,2020-08-21
7.773724945272509,34.607279507559156,30.622300871807617,64.9008317260913,119.80787779642066,0.9600155682407892,290.0839534875141,7.644517229425784,11.598842042663609,278.48511144485053,CONTROL,-1,660,2021-01-28
16.368110066853347,16.368110066853347,16.368110066853347,16.368110066853347,21.15814390182713,0.9843021154276456,482.16563136791405,2.9357636861293854,7.568980425969936,474.5966509419442,ENTRADA,1,1080,2022-11-30
-15.235285994176229,-15.235285994176229,-15.235285994176229,-15.235285994176229,88.42951110655362,0.6058318505338065,356.96931778844197,2.7369029368299107,140.70593540887972,216.26338237956224,CONTROL,1,1080,2018-12-20
8.610575469392145,8.610575469392145,8.610575469392145,8.610575469392145,12.147206261821086,0.3765170271861027,233.22542551135646,1.5449805364056721,145.4120816336067,87.81334387774977,CONTROL,1,1080,2024-02-13
7.948066506480167,7.948066506480167,7.948066506480167,7.948066506480167,22.04900468929516,0.9729472215605576,337.26059971721725,1.426154917523379,9.123836280503347,328.1367634367139,CONTROL,1,1080,2020-04-14
-8.162133097587843,2.822114155993649,14.378983941352175,-33.370799417096194,-46.02210772093884,0.09260510620795123,295.4744584349991,3.917864354548339,268.1120148298892,27.362443605109966,ENTRADA,-1,900,2022-12-06
0.47458435520786324,11.470420525809821,8.532438405506326,34.30266566746276,88.96831382303017,0.9460095650874348,226.80665901774634,4.600939946337193,12.245390161433994,214.56126885631235,CONTROL,-1,900,2023-01-25
17.13407597840222,21.363444374318252,49.88085834326972,4.56020405488422,46.59474182425738,0.9852680759205181,541.264786243281,9.550203072164294,7.973871737833004,533.2909145054481,CONTROL,-1,900,2018-12-26
30.67214710206434,43.67049895812825,39.49435822639291,68.43424830148548,105.53298459901495,0.6918125303117155,292.63616400320944,8.157758005949914,90.18679892343495,202.4493650797745,CONTROL,-1,900,2020-03-27
6.848492496167591,4.601943794564356,159.50882613554595,311.77983561347264,336.56604177537685,0.8980787521400038,432.4265099084229,41.120108381667265,44.07344949760951,388.3530604108134,ENTRADA,1,540,2022-12-13
0.0,0.0,0.0,0.0,0.0,,0.0,0.0,0.0,0.0,CONTROL,1,540,2013-02-01
0.378518976085207,-10.968990948354573,-16.724613638257058,-8.299802241549248,11.084935342950963,0.4282608946121247,104.18120401928628,2.717301544044028,59.56446838421846,44.616735635067826,CONTROL,1,540,2026-02-09
2.379396136416023,8.106223748984842,4.612402642056868,1.454659335269337,5.10933689926274,0.7575873501657715,50.692352688197666,1.5279232735111379,12.288467541477274,38.4038851467204,CONTROL,1,540,2023-09-06
-15.746507300504753,-16.089418772169406,-30.41785907341721,-18.10244947448747,-60.5274899117203,0.025183170059957558,365.7416469003005,4.985816434548163,356.5311128084013,9.210534091899216,ENTRADA,-1,780,2022-12-15
6.973276007438134,-11.931938887251858,-9.537508329470201,-32.97735529949608,-39.895083164498416,0.4627363196184811,96.59189191221854,4.5638797641190205,51.895315343772396,44.69657656844613,CONTROL,-1,780,2016-02-01
-10.235963112801283,-7.918463128674391,-31.448336820991685,-36.47839879166837,-128.4726476942033,0.028294033328243106,321.29058335664797,6.387235901552373,312.1999768831043,9.090606473543668,CONTROL,-1,780,2024-08-01
1.2655722171195372,-4.208157013717573,10.174195544303544,53.72643555926704,4.455261144036271,0.5316879742941151,237.29720960415386,3.620080377725187,111.12913692407528,126.1680726800786,CONTROL,-1,780,2020-09-02
0.017919382311326615,-39.21265193028489,-75.10507017913338,-76.63166362727236,-106.86177241202577,0.09278682195482972,139.2423107396309,7.7850440964509255,126.3224592444537,12.919851495177205,ENTRADA,-1,600,2022-12-19
-1.7319958234318644,10.481838420401957,13.704037076200937,-0.13235670568434443,10.206371075989207,0.40844424047728123,60.21728022568984,4.818005896008872,35.62187894030035,24.595401285389492,CONTROL,-1,600,2018-03-21
1.8861237371936568,11.960601121250303,7.204372448099683,-0.7549977957432841,-1.4426193482552918,0.400824133896314,36.737901601781765,3.0669455367706653,22.012464011079587,14.725437590702183,CONTROL,-1,600,2017-03-07
-0.8215764280106175,5.948861917277615,3.342389503993015,4.888256525803492,-1.6525272551093373,0.48636239835024114,30.560160209866332,2.1300755587502826,15.696847396228135,14.863312813638197,CONTROL,-1,600,2019-11-27
-12.353972612065833,-2.7937543377620777,-16.373859672729196,-99.68027168244187,-166.99822758085347,0.020417434992916452,342.8482212875958,7.065315719982381,335.84814001701926,7.000081270576522,ENTRADA,-1,660,2022-12-22
-0.8181471584933764,10.48576051414063,12.4523411220534,2.618970842669377,-5.068720498909718,0.5624603677869148,25.806472728106534,1.5535733802824514,11.291354586172748,14.515118141933785,CONTROL,-1,660,2017-10-17
-6.95093773553257,29.19106915048042,-1.8325422859133411,-41.13400998642991,-108.74954789666714,0.18931516672642118,178.91640242673031,5.887969590857764,145.0448138712224,33.87158855550792,CONTROL,-1,660,2020-07-21
-26.12864371375312,-106.47160149377832,-118.86817465833421,-161.23409062273498,-189.2876572889801,0.026602634358249538,255.18901190005707,8.15838626052303,248.40031192423686,6.788699975820209,CONTROL,-1,660,2022-05-20
-22.524737822133822,-42.63204286361177,-48.39506434225483,-26.368430540587575,-84.55412768991755,0.11120652640618871,149.50435587447268,6.70545246038421,132.8784957750779,16.62586009939478,ENTRADA,-1,570,2022-12-23
28.678847974605848,28.678847974605848,28.678847974605848,28.678847974605848,28.678847974605848,1.0,28.59683554469208,5.140642893269543,0.0,28.59683554469208,CONTROL,-1,570,2012-05-22
4.4722842605970925,-7.947750262798925,-7.134944199220783,1.9871881563604532,3.8716062196897383,0.24321397809771544,93.44137441948432,2.0495914435897555,70.71512602800343,22.726248391480887,CONTROL,-1,570,2016-05-03
-2.0431004198862013,7.272608387718371,12.142488328958922,14.231508553259609,16.943521039984866,0.4993109784106531,94.34518918208923,1.5291036153232112,47.23760046324209,47.10758871884713,CONTROL,-1,570,2013-05-31
-12.080229691455724,-15.71015489250982,-12.2727919968324,40.19207659585522,-74.27447853993185,0.276246250535639,257.4129156314562,7.149955449753794,186.3035628488196,71.10935278263653,ENTRADA,-1,660,2022-12-27
2.762058149523572,-31.93627324680426,-43.93515036732687,5.6657552593053495,-1.0199361588036915,0.4079078947368448,95.82577864749479,8.210805840588728,56.73768701787629,39.08809162961849,CONTROL,-1,660,2019-09-12
-22.01618672366901,-30.98051316856809,-8.790192153385057,32.668271374010075,40.56764447424976,0.3847824289102368,212.311907734438,4.715138714005925,130.61801618981485,81.69389154462314,CONTROL,-1,660,2024-02-13
5.674235817036966,-1.0850770404702281,5.183615571862088,1.3304157549232087,0.6651636302534847,0.7487875848690878,36.09147842037626,2.1609118437707893,9.06662745962792,27.024850960748346,CONTROL,-1,660,2012-09-18
-2.766676542345081,-18.88472701412902,-38.93399355117455,-22.734523718682674,-44.36941502370728,0.1331372531957309,213.58743495744125,2.835570082575422,185.1509905500857,28.436444407355562,ENTRADA,-1,930,2023-01-05
1.856861280213895,6.996453944161374,-2.356298999336426,-26.265714319483322,-55.63571705406001,0.0898955431754848,189.07501893712765,2.9738524351858584,172.0780174088595,16.997001528268164,CONTROL,-1,930,2019-06-25
19.430179443420403,42.42577464566022,9.331259720062324,7.715745632335125,44.40967530363604,0.5398351648351603,143.18194334085817,5.708846711430549,65.88729535602741,77.29464798483073,CONTROL,-1,930,2012-05-30
-12.184619176386358,5.343370096766442,0.012618721134671773,41.53168411760389,95.12870379020156,0.9199493464791287,310.0135454790049,7.515037358388494,24.816786915916687,285.1967585630882,CONTROL,-1,930,2018-10-23
-21.75031247570791,-10.905610213259864,30.517988728213652,21.650842945122317,145.50696220847482,0.8831650880010485,216.82951591874254,4.421067624895879,25.333257411141528,191.49625850760103,ENTRADA,1,660,2023-01-09
5.277863509469682,1.1390350069806487,-16.232511456271137,-14.205443943550167,11.444791797672327,0.533333333333324,55.239038943095125,2.2757166551205343,25.778218173444913,29.460820769650216,CONTROL,1,660,2021-06-16
7.761480499564044,31.292625488013037,37.00038721335508,0.23278280200544899,17.22961252566435,0.8232764697589235,120.8114619583561,4.065690460331275,21.350228050866203,99.4612339074899,CONTROL,1,660,2014-02-07
-4.743477597849433,-23.89555780185848,-38.319750950430716,14.334832629543381,-76.46799243715363,0.16502562330857254,251.15003781639652,8.880163451015953,209.70384628177413,41.4461915346224,CONTROL,1,660,2015-10-01
-1.0295248707159477,10.3514702425489,7.761148820872865,23.618014181325808,22.369265402839567,0.9572594526868036,75.9321649305052,2.8661813836900256,3.2453822878056906,72.6867826426995,ENTRADA,1,540,2023-01-11
-2.2933417716164417,-10.286567593138507,-7.496719443287336,-2.2869096125821553,15.396146238748631,0.7372362416630982,76.14908596494882,1.863666648655607,20.00922002206977,56.13986594287905,CONTROL,1,540,2025-03-25
4.309742122816651,-1.3553946884370394,-6.017998235529065,-13.331084647970615,-16.06415518692006,0.22997802608816872,30.520491458536206,1.1152050581190294,23.501449077661242,7.0190423808749705,CONTROL,1,540,2021-06-14
1.3114574617567598,-2.1494021801438112,-2.494625034081821,-6.177955390744838,-7.45091699290934,0.22383252818035687,27.264786518404737,0.9538789396920156,21.162040421692488,6.1027460967122416,CONTROL,1,540,2021-02-09
16.51044495299736,114.62335149541092,129.581477799543,43.43671575333774,70.80887146802218,0.9421552792698056,232.18679529284253,18.576440627210854,13.430780330953297,218.7560149618892,ENTRADA,1,540,2023-01-12
-0.669736263231302,1.1768717339077917,0.1678677604943779,5.374565206073267,15.132387798666436,0.7115840759023174,26.185252393334686,0.9586716930069764,7.552243766754677,18.63300862658001,CONTROL,1,540,2017-09-08
-0.8785925959531315,-5.209844250528839,-16.55276791124316,-0.8631800212577367,-7.827023011490741,0.2468707514884248,46.97470025578349,2.352084136314682,35.37802070269472,11.596679553088771,CONTROL,1,540,2016-04-21
0.6867950219713315,-2.0278409123619667,-1.5801234543422193,-3.5966675287035788,-14.317997550414852,0.36362326151182167,29.59627330517134,0.9783350840672544,18.834379877349672,10.761893427821665,CONTROL,1,540,2015-12-30
4.0156127716928225,3.400945809086675,0.865161245724444,26.36797075653341,38.88922034755549,0.629689002885542,134.910224361024,3.4132086481052415,49.95873970406605,84.95148465695796,ENTRADA,1,810,2023-01-17
-2.802973759601368,-17.565282908803546,-30.545109685948812,-31.37700905481711,20.155004949138355,0.7538642923933828,216.73185422529252,5.4411272633047565,53.345448300636576,163.38640592465595,CONTROL,1,810,2022-10-24
1.5996735645140703,6.584640854874202,13.98590113581566,16.397036965296596,-6.990380275881947,0.5356986421375342,91.97659021870766,2.3205283408072597,42.70485573010556,49.2717344886021,CONTROL,1,810,2018-09-10
1.1840086533099203,2.9628959034666558,6.528679900361656,10.458260329295754,4.1015655451204225,0.8850018219516402,220.28637975740827,5.805546555611034,25.332532320971037,194.95384743643723,CONTROL,1,810,2025-02-03
-2.0573642251775492,11.173639975994298,16.277045320163275,58.346043827333105,150.90367274009253,0.9420917273896338,197.56454487878,4.391971633441851,11.440621522983326,186.1239233557967,ENTRADA,1,660,2023-01-23
-7.13482607680338,-23.748603300765005,-23.721716932701973,-9.998847636183417,-91.87783454602139,0.10724820901812374,115.38954032744743,3.196130375685722,103.01421878790414,12.3753215395433,CONTROL,1,660,2014-03-07
11.607021645148041,-9.401264108329643,14.81166032786918,12.974908878222724,18.307728800717182,0.35474654045851234,151.5465280639027,5.471147272676619,97.78592151473435,53.76060654916833,CONTROL,1,660,2026-08-20
-0.8168254966833821,8.02218532065524,7.656929276469437,26.591806122755468,5.473254431382912,0.7225116148106326,51.80701300514347,2.183102494568518,14.375844380281816,37.431168624861655,CONTROL,1,660,2021-05-26
-3.2829943655610094,4.844677380109186,16.17840687837324,3.2029963016366736,42.707001281125926,0.8808160716144399,80.4849100637468,7.14165051153676,9.592507757155845,70.89240230659094,ENTRADA,1,540,2023-01-26
-1.9112811080401748,6.335318863137651,-30.58401608886041,-31.038689312510304,-35.09643419349451,0.19045651318378531,83.03408032689583,6.252247779399416,67.21969891241291,15.814381414482924,CONTROL,1,540,2023-03-16
-3.5321059437898317,3.4050971752308534,26.18430274252237,23.892877795193,15.942859056805592,0.787117508948841,86.8825187229128,7.812331326298449,18.495767014532635,68.38675170838017,CONTROL,1,540,2026-06-25
2.182929629099828,2.864501688066845,12.588270891857878,11.684083647227617,-3.417587802212463,0.8070568169704673,59.172235864657054,1.3330785211498224,11.416879534701204,47.75535632995585,CONTROL,1,540,2023-11-20
-7.667907870290147,19.96887008892445,157.80726022508907,169.19727453859056,179.8201036838054,0.8656642462577454,266.0535445147882,18.904463610261413,35.74050343819255,230.31304107659562,ENTRADA,1,900,2023-02-01
0.6712841838574235,-5.683859460984264,0.16965672297919454,9.35199302046108,36.25246581420383,0.9443313880152718,146.19489784502696,1.677724361873553,8.138467042281784,138.05643080274515,CONTROL,1,900,2014-09-16
1.6063883838191018,-4.38708953522382,5.131698066427326,-3.8951069239068215,3.6444299996407636,0.2919912745403647,94.05241568383424,2.3004935400719053,66.58993095471129,27.46248472912295,CONTROL,1,900,2021-05-25
2.603934899514382,1.3150025151409395,0.09504882737543241,2.952637632396282,7.990405172202397,0.8641774891775016,58.549521156479585,1.4427006756080412,7.952342970928051,50.59717818555154,CONTROL,1,900,2014-06-17
-1.1413919329728017,-12.39179100458232,-12.087082665597215,1.0219636362029938,6.915318233444712,0.8063874263612665,281.7024930136868,1.4577741104670634,54.54114467282726,227.16134834085955,ENTRADA,1,1140,2023-02-07
13.603071830861069,-6.2278559282735735,-37.60444818242892,-30.99303285898025,-107.05181669309115,0.05028257109284277,339.0967413229419,4.33723961609641,322.04608532001976,17.050656002922143,CONTROL,1,1140,2026-02-05
3.288910943286538,0.4723362188907565,7.405064026559938,22.841199290515313,23.882514336905913,0.9915031503150294,182.20165061903626,1.657631812590506,1.5481400376634802,180.65351058137279,CONTROL,1,1140,2023-08-14
5.9394876550245,8.61395261209097,5.001816637977274,68.61604648316977,68.61604648316977,0.9610254058848026,418.4585595274331,2.142927141347609,16.3092525116119,402.1493070158212,CONTROL,1,1140,2025-04-30
4.605388304315117,-15.328830215294298,-41.67804652933205,-7.675980303250007,4.051670931717322,0.37642160497347643,142.64599410296753,7.313539948306319,88.95096005969143,53.69503404327609,ENTRADA,-1,660,2023-02-10
4.920737043629941,-9.323624570204414,-12.730683800755704,-18.955663658286603,19.942787688529418,0.3546656833000949,78.35029802439361,4.39049841806843,50.56213603880598,27.788161985587635,CONTROL,-1,660,2021-09-24
5.3320338308937565,-9.822909267953595,-44.307801940871585,-46.185910174970644,-38.56900184997514,0.14019486545005458,76.83067409410695,3.77853615912903,66.05940807704664,10.771266017060318,CONTROL,-1,660,2023-12-29
6.817685102926685,-9.598413683312712,-23.39807881589273,-5.8993024844467,7.751500933319555,0.3378734935463122,38.91619655301706,4.0939174229843625,25.767445268114233,13.148751284902827,CONTROL,-1,660,2014-01-16
-9.781997471232096,-30.16210593054791,-24.887821225221263,-4.177681543406919,35.38233728529461,0.7782907612786661,157.73381304929725,3.2884705311071136,34.97104361177289,122.76276943752437,ENTRADA,1,900,2023-02-15
-23.575541357550023,-29.37598204591163,-18.478639993049217,-7.283788035941097,3.063817078601261,0.1560052513128293,388.6546658969385,8.433330550142875,328.0224970697829,60.6321688271556,CONTROL,1,900,2018-11-12
0.39018247928845895,-1.790268449012311,21.673285141461385,7.043295911088876,74.76322463593866,0.7526545540349211,118.10920210169198,2.9473785416628635,29.21377326642264,88.89542883526933,CONTROL,1,900,2023-10-30
31.067609780084382,19.701295380405437,6.675317298594496,64.273392172276,-58.33239712507265,0.4358896396396396,298.8762606002406,9.883587623234002,168.5991950703587,130.27706552988187,CONTROL,1,900,2022-11-15
-4.9317405989623975,-4.268671074733055,-8.270309270433929,-19.389311116830843,-34.40080340941232,0.0908798529749627,106.99996403018297,3.5575462165370983,97.27582303079365,9.724140999389327,ENTRADA,-1,540,2023-02-21
6.496034644176696,10.239205628217452,-5.816331657388929,6.573508963942931,-24.769009275926734,0.13849687680985587,127.8192114553764,3.349986293897744,110.11664987250822,17.702561582868185,CONTROL,-1,540,2026-03-26
8.902949393805315,9.116814978959997,-13.566258440232959,-7.369039919228326,-0.686352718687333,0.2725545760689646,62.95259952068617,2.566243950020113,45.79458044588625,17.158019074799924,CONTROL,-1,540,2024-10-22
-3.2306497859502237,-4.7550039806898425,-12.454971294856287,-11.184337453830073,8.826711385307995,0.6969246510550294,72.49827148467567,2.0355040633843458,21.97243892812529,50.52583255655038,CONTROL,-1,540,2018-10-22
-0.7786171675572273,17.423561009957123,-77.91760572971928,-81.9874197347048,-83.54868399762184,0.11361736893012522,177.9412444156821,8.713951045708654,157.72402840101995,20.217216014662135,ENTRADA,-1,540,2023-02-24
13.003946499032804,20.42695278380746,-6.784229317987611,-21.033227188241852,-49.44651288925739,0.194233769641717,140.2875183270724,3.5856628691879515,113.03894480872366,27.24857351834873,CONTROL,-1,540,2025-11-17
-1.5181701504374256,63.5371684749031,167.83429570368824,137.94217825270127,140.8939521463748,0.8839953970080584,199.92275481685004,21.1344756670809,23.191959801583973,176.73079501526607,CONTROL,-1,540,2023-01-06
4.625144636996037,-1.965374267378639,6.963638421233487,-3.3522322167545138,-15.074283798331978,0.495648944072995,43.584381777536834,1.4785943462278839,21.98182897142642,21.602552806110417,CONTROL,-1,540,2014-12-01
-0.46666299246100884,-12.087394451442135,-23.91254848944979,-27.157686989139897,19.7685611831111,0.2494543038815591,176.2529545202307,2.3722334183066405,132.28589644331848,43.96705807691225,ENTRADA,-1,810,2023-03-01
10.054833194925727,12.841920749708802,18.23088467841627,19.1130841263365,2.746314475279288,0.9100196615135503,217.12528268600144,2.690388013534118,19.537006430052493,197.5882762559489,CONTROL,-1,810,2022-07-15
23.11733327427845,43.642394359704184,40.8492471900268,41.59943546332201,-24.40176277932471,0.7558436456491798,192.27986218747265,4.337406924342685,46.94635016677143,145.33351202070122,CONTROL,-1,810,2021-12-17
-28.874476289738602,12.938478763169226,42.618700868015665,25.3083095223694,-42.416804534441965,0.24838006230529353,274.2403273284716,9.869149537155344,206.12449774000177,68.11582958846988,CONTROL,-1,810,2025-04-14
0.08927130189739785,-0.1623073746226389,0.6249325864127186,1.9237436148156206,,0.4657422512235599,9.949603553745362,0.9043687839796937,5.315652795842066,4.633950757903297,ENTRADA,1,60,2023-03-06
0.6912829223493233,3.3740833987061514,7.34235431652408,7.326814021744177,,0.8441860465116175,18.197823032519857,1.6973552526162912,2.835474751578863,15.362348280940992,CONTROL,1,60,2018-10-16
0.0,0.0,0.0,0.0,,,0.0,0.0,0.0,0.0,CONTROL,1,60,2013-05-15
-1.2881552214294434,-1.0203482958914822,-1.5419209273870305,-4.475231315909101,,0.15374280230316134,6.645696369485458,0.7467155529306956,5.623968386384818,1.0217279831006398,CONTROL,1,60,2019-09-17
-4.817944942870911,-8.995322181200027,-9.12920836613984,-1.927735240483397,,0.14518991835286243,23.615118336724482,1.6054375456389438,20.186441233522274,3.4286771032022125,ENTRADA,-1,90,2023-03-10
0.0,0.0,0.0,0.0,,,0.0,0.0,0.0,0.0,CONTROL,-1,90,2018-02-21
1.8834507328691075,-1.9895424840088438,-5.060428808270068,-6.406432912835491,,0.30576470588237176,11.35199753087376,1.246876009479181,7.880957344668735,3.471040186205026,CONTROL,-1,90,2018-09-20
-2.162363681318391,1.942189237287284,2.526572635528357,8.540209574057211,,0.8198458574181242,16.38699967849608,1.350435007170788,2.952185876568936,13.434813801927143,CONTROL,-1,90,2023-03-29
39.990485522360956,-4.1775992542814055,-83.7110077473413,-128.8115167481052,-153.42589407197903,0.23043088059804676,344.5309487733762,11.861820476089205,265.1403788542466,79.39056991912962,ENTRADA,-1,540,2023-03-13
0.6867950219713315,-2.0278409123619667,-1.5801234543422193,-3.5966675287035788,-14.317997550414852,0.36362326151182167,29.59627330517134,0.9783350840672544,18.834379877349672,10.761893427821665,CONTROL,-1,540,2015-12-30
0.07959205277074943,-0.04285673440573845,-7.096963301175263,-19.150908363514407,-24.192224908414772,0.12216450216450528,70.71391482701927,2.3215981379845427,62.07518462607323,8.638730200946037,CONTROL,-1,540,2021-12-08
-1.798914386913486,-3.5062260375273713,-7.350301848871865,-8.45983966065944,-4.665257709470794,0.698486264249674,56.63366370166371,1.403336379967435,17.075827511916263,39.55783618974744,CONTROL,-1,540,2015-11-05
9.574508671925663,12.604420791060278,27.554358371437715,15.01662939096926,25.011958078653418,0.9853150435426038,285.5626843737521,2.289335816240925,4.193475585885715,281.3692087878664,ENTRADA,1,1230,2023-03-15
0.7213221257518221,1.2022613574314,4.207976755707943,1.3213009584545077,-3.125728555531948,0.5312492750260936,103.63449204973918,1.197790197882516,48.57874328061778,55.05574876912141,CONTROL,1,1230,2019-11-18
0.0,0.0,0.0,0.0,32.620319332974375,1.0,66.98678853650951,0.0,0.0,66.98678853650951,CONTROL,1,1230,2016-12-29
-4.379780870428229,-10.591546658395012,-32.16147536389102,-32.82494181776174,-45.48370167356652,0.014053198703939276,310.9601077851328,5.275816482189399,306.5901236014299,4.3699841837028455,CONTROL,1,1230,2020-04-23
5.02462994177888,12.198530650964212,11.754714491440943,37.3143241373608,36.255030692990964,0.6025041186161469,119.97869399772092,2.8593147857284955,47.691036717907686,72.28765727981323,ENTRADA,1,780,2023-03-21
-0.6936115781119856,-4.607397870834973,-0.8589251374280238,-1.4963298483849918,10.750519070172881,0.8830932963155786,73.48457353126355,1.6991233557086751,8.590839263195498,64.89373426806806,CONTROL,1,780,2025-08-25
4.314123450246399,11.054851289267198,21.544788795040404,29.072869328410356,-23.302961583100412,0.4796992418838346,96.51815877854351,3.782843697212786,50.2184711844526,46.2996875940909,CONTROL,1,780,2026-03-11
-0.1880378907015423,-1.0356129779998113,5.381903085299733,1.8474964993719922,4.240617979316408,0.9476085356879872,57.94746003149692,0.9251114308430332,3.0359522842119606,54.911507747284965,CONTROL,1,780,2025-09-01
-3.6758798054414843,-2.940920053724483,11.16281221894333,13.908478769713017,-8.954737933899448,0.6628458498023744,98.762162677443,6.834370372551917,33.29807302919295,65.46408964825005,ENTRADA,1,600,2023-03-27
0.48774777089866106,-20.80034672838793,-26.97710592787228,-37.86390278149088,33.78967824993584,0.651323417696215,203.94507035405675,11.354084634941444,71.11087010875748,132.8342002452993,CONTROL,1,600,2025-03-12
2.1131000757779184,-1.1077043354046356,37.778548732096965,48.164994660728766,45.82911587125427,0.9106188832679115,96.82499971961124,5.465031278518494,8.654326602523005,88.17067311708824,CONTROL,1,600,2015-10-14
-9.966248162718294,-49.132136438474475,-32.380706631928156,-28.693895145353032,22.667455257101565,0.2815976024436662,151.4408438513195,11.73538073487484,108.7954653107423,42.6453785405772,CONTROL,1,600,2022-12-07
0.37031810865562065,-2.33700021264438,-6.637925963457469,3.5808909766088526,26.913134208215173,0.8550380228136809,129.8534080617902,3.350859241218139,18.823806777019016,111.02960128477116,ENTRADA,1,660,2023-03-30
-7.696479248894272,-24.03252949406798,-18.539348284236645,-2.251849600726219,37.024302875074966,0.7983139879691652,154.11343351946905,3.6104235748349858,31.0825238069209,123.03090971254817,CONTROL,1,660,2023-07-12
7.978517601041624,-12.880170765383614,-54.43008115929793,-40.67574068897684,29.533175589109284,0.5820651002371192,159.13440761693687,5.793104246323662,66.50782269620993,92.62658492072693,CONTROL,1,660,2023-06-09
-0.8200518836176673,-19.344862729890888,17.233368341487143,28.35235701569294,16.988374470932044,0.6602694581758336,64.58907742794867,4.367399648771745,21.942882270520034,42.64619515742863,CONTROL,1,660,2023-11-28
1.0805218112630577,1.14911006074081,-1.1595104732664563,1.8960207873397472,,0.38293384467885766,15.893688141000467,0.7374428284708711,9.807457035040393,6.086231105960074,ENTRADA,1,90,2023-04-04
-1.3888249466720293,-0.3888075604652208,-2.8156133817591744,-4.160206031199598,,0.07322526551138944,4.576340600479735,0.5136595476836818,4.241236844939055,0.33510375554067995,CONTROL,1,90,2014-07-08
1.8405640121432754,3.489070493278845,5.2186724734615275,2.7036853844419895,,0.7538129496402468,9.168147586333205,0.8074699928934167,2.2570792115422624,6.9110683747909425,CONTROL,1,90,2023-10-11
-7.583953676315591,1.2079179547108687,-12.42284996716525,-15.800310361366865,,0.23373957665166786,27.288647108868027,2.6750386580706107,20.910210286244453,6.378436822623573,CONTROL,1,90,2022-10-25
-2.0697013239034945,-5.903586326385657,4.363583287809725,8.173450795256887,16.923276865947745,0.9253850046995897,104.87899257323842,2.5249389504495987,7.82554553796395,97.05344703527447,ENTRADA,1,540,2023-04-18
-8.187337779392845,-5.172510406084019,-8.761384413640272,-9.622330700835846,-16.060372072461693,0.44582792606364063,40.98604568252743,1.2430382307286918,22.713321938336595,18.272723744190838,CONTROL,1,540,2019-02-12
3.535468911961548,2.5037084603396487,1.1613783813491096,-3.29234212093632,-14.999841004786907,0.2882533955857388,36.60053145338745,1.5038085265202235,26.05030398170588,10.550227471681568,CONTROL,1,540,2017-02-06
8.95809705641959,14.942775048203405,18.82834261357047,24.547426587990806,-0.2618389660391518,0.3309988587903192,131.30937028682433,4.290112974346484,87.84611857341001,43.4632517134143,CONTROL,1,540,2023-03-24
-21.237579552981778,-51.2117348560992,-45.318843437818224,-43.245464915362405,-18.99825058033766,0.031118845327045126,75.68673763663882,6.936706651689552,73.33145375481561,2.3552838818232082,ENTRADA,-1,600,2023-04-21
8.176067504186424,-6.366377554698488,-13.154236920102091,-5.689989024175723,-12.586516742348897,0.30956022944551537,72.42905587825517,6.08987226513963,50.007900722060455,22.421155156194725,CONTROL,-1,600,2019-05-29
5.815776528828032,-0.8396558891865524,-28.569259113392363,-31.05139801780954,-7.7932938039992905,0.3025860859136804,65.58903313141231,6.242228454832828,45.74270431731556,19.846328814096754,CONTROL,-1,600,2025-09-10
-3.8602260564379876,8.452700016101655,20.140072131114017,16.970979513746265,4.103368429801968,0.8009737827715295,29.662784137810327,2.7832320945676083,5.903671719413065,23.75911241839726,CONTROL,-1,600,2016-05-27
3.2927258881620958,1.2951384206294492,-10.474252781058624,-2.0365307149494694,-4.110925624840611,0.5459531327904326,46.60190625573865,1.752584769682758,21.15944954141208,25.442456714326568,ENTRADA,-1,540,2023-04-25
-1.5410465297349685,9.844349831247268,34.139242095483354,23.174184011516274,18.379026574653068,0.603574566406656,69.17679045158702,4.304617311763431,27.42343914936629,41.75335130222073,CONTROL,-1,540,2026-07-15
0.0,0.0,0.0,0.0,0.0,,0.0,0.0,0.0,0.0,CONTROL,-1,540,2012-02-09
-0.22184285111359614,0.2754048195852121,-1.2238379149065448,-4.269383574928565,2.6067531741436056,0.8398430199962666,40.93473901521999,0.8158261139507906,6.5559841779186305,34.37875483730136,CONTROL,-1,540,2014-07-14
-46.374741708981034,-46.374741708981034,-46.374741708981034,-46.374741708981034,-14.443573860141168,0.6923598789270391,291.75588640948473,8.343883159545932,89.7558162187629,202.00007019072186,ENTRADA,1,1080,2023-04-27
-4.882981014658894,-4.882981014658894,-4.882981014658894,-4.882981014658894,-11.399692593013766,0.008096099471383683,384.7547103413478,0.8767359888198665,381.6396979343408,3.1150124070069682,CONTROL,1,1080,2023-08-24
165.99899781679196,165.99899781679196,165.99899781679196,165.99899781679196,164.64663042167427,0.9986512090947042,225.15335901783797,29.55311571168126,0.30368480294006855,224.84967421489787,CONTROL,1,1080,2023-05-24
-5.422107328452164,-5.422107328452164,-5.422107328452164,-5.422107328452164,-9.9766170975224,0.7294933790618257,129.571499995707,0.9735620139356198,35.049948633729365,94.52155136197763,CONTROL,1,1080,2025-12-10
4.302890707554852,7.225249213533846,16.909374564790802,12.98914752658531,26.6062134894951,0.9559254786958874,87.17877265311435,1.7536087485564027,3.8423626725660815,83.33640998054827,ENTRADA,1,900,2023-05-08
7.98297204983367,12.685211545737651,13.14740776353629,40.22186175818065,-5.628815957269273,0.37715263773323104,139.0767775744014,2.6864691379223036,86.62360406477802,52.453173509623355,CONTROL,1,900,2025-01-16
-7.539257993408599,-12.91748597017417,-30.303247390554013,-27.624210416943296,-19.900533190860827,0.15451107509455234,66.50331259071815,3.5763270843339092,56.227814264977205,10.275498325740939,CONTROL,1,900,2012-09-12
1.1916157170199781,0.3399470022613649,6.294464969627267,11.400820518754351,3.9107864591581,0.7474135843050416,49.12237166162273,1.3699095295205126,12.407643788444883,36.71472787317785,CONTROL,1,900,2017-06-06
-2.0966570944380702,-26.97881432196514,-13.069082147325606,81.25407245971772,81.31518579849396,0.8051951878222413,153.07303225988758,2.8389942461829336,29.819363298867394,123.25366896102021,ENTRADA,1,570,2023-05-10
7.177581647284104,5.841748192785268,12.02129773248295,1.0023400721381748,2.6689040979355205,0.8616439217658874,26.51682545188458,1.2758206420667302,3.66876397674125,22.84806147514333,CONTROL,1,570,2017-09-12
5.237633147343601,-1.3236898347290804,-4.0305390309702815,-5.163002563600694,14.549041665283813,0.8460284843760985,122.11573713023694,2.317671749945531,18.80234512747253,103.3133920027644,CONTROL,1,570,2022-11-01
-8.234387866231652,-6.591123868850968,-9.49806940040765,17.86876035950513,33.40505470553978,0.846777400865596,108.22395738388906,1.8211747821015944,16.58235603897045,91.64160134491861,CONTROL,1,570,2019-09-19
-1.4071069737653374,-5.129891176355317,29.044494109020658,56.83921442604989,-5.594480493668064,0.6380423230132434,174.18823524630636,3.243191305322767,63.04876898817574,111.13946625813064,ENTRADA,1,870,2023-05-10
3.1657220011527265,-3.374562329810926,-19.061627175631646,-3.9142809588210703,-21.16296247452243,0.43507347690456843,224.54322328349565,3.0817578359401447,126.85042241418634,97.6928008693093,CONTROL,1,870,2022-07-12
0.010808977222165339,-30.07475113410374,-19.27182998987864,-39.310739652129726,-43.56221573431629,0.05333121930302247,260.8353770110789,4.693146674191775,246.92470831771453,13.910668693364395,CONTROL,1,870,2025-05-29
-9.394237214123136,-15.694571364716081,2.0596513078929846,-1.3329486331425944,1.624607141190726,0.28550706357214156,102.6118986443461,5.687672712960662,73.31547677483664,29.296421869509462,CONTROL,1,870,2023-07-26
0.29870788676111815,-7.021958881766599,-1.9546026000993866,-1.3663610423142458,-3.530868110579455,0.7601749863291878,95.59113607836204,1.7879158807922546,22.925145516801653,72.66599056156039,ENTRADA,1,900,2023-05-15
-0.3783220183406488,-1.6768798180233357,0.26003173167366,7.819860598299311,15.625876920957182,0.854090755870893,80.99647809179112,0.9726254709297218,11.81813489549302,69.1783431962981,CONTROL,1,900,2019-04-18
-7.543607470025249,-14.108251617104273,-10.547896130237433,-9.979655758902695,7.85658595706451,0.8471080973274858,107.33138583214294,2.018781357539526,16.410099796354064,90.92128603578888,CONTROL,1,900,2019-02-12
1.127021745632728,-4.556149127569187,-1.5191778159018288,2.2036280202453185,-23.45139179557476,0.37055727777377645,175.6309771715816,3.0658256604506624,110.54964037813204,65.08133679344955,CONTROL,1,900,2023-12-04
8.302268516899858,5.590263112824623,15.12965092789198,43.05792491384075,12.168487643451353,0.894368170355854,52.962820144776806,2.543345999198479,5.594559595006606,47.3682605497702,ENTRADA,1,660,2023-05-17
0.6297252893916472,12.402312965498208,24.78820266216486,1.5885638442858507,60.30378813306703,0.91990577149587,127.66641322603003,3.9818782260334507,10.225342873228323,117.4410703528017,CONTROL,1,660,2020-07-08
-0.5168088441720453,1.3339044400906275,13.235796104678066,19.613374549365403,8.202068270577456,0.767435851055586,51.15350161375692,2.7877114908413976,11.896470568330088,39.257031045426835,CONTROL,1,660,2019-04-08
-2.2945518211880955,-7.906535429018646,6.252126250485546,-20.108786830490555,-25.248777263261466,0.16837218401529017,57.67073448238056,2.858702194792647,47.96058696381623,9.71014751856432,CONTROL,1,660,2025-07-18
17.221525866233378,9.760265201794738,4.866915495544966,-13.845487102760456,39.7871401047456,0.6984041687021695,88.6444778322764,4.239927704658291,26.734804981787512,61.909672850488874,ENTRADA,1,660,2023-05-22
-4.278795449358386,-6.1393810721177555,-0.724398981338803,-15.441688747458437,-47.04078597648209,0.076311818943833,72.99582706168918,2.1341439813428043,67.4253827233022,5.570444338386969,CONTROL,1,660,2014-09-03
17.300123384380584,8.977678069888029,9.292106033511605,-21.46770074480053,9.34340931267208,0.4907767985243008,80.59447968284852,5.581699421992884,41.04057896536832,39.5539007174802,CONTROL,1,660,2022-07-18
-0.9442717192431616,-2.1906184088105185,-8.74014484199992,-8.394589438521782,-23.267976362687513,0.06586084270267376,56.025706741176975,3.1007404366003306,52.335806482190186,3.6899002589867855,CONTROL,1,660,2024-06-18
5.216794299223171,16.829180380226738,-2.1795657558476567,-6.161539996151211,1.702552734603735,0.7798525798525655,72.77531581447309,4.747210432064031,16.02129802697104,56.75401778750205,ENTRADA,1,540,2023-05-26
-3.574884292911751,-0.9649031793446117,-5.015463968998102,-4.879363966963091,-2.3994266800353437,0.4009704892057829,22.928311901333227,0.8945317439979167,13.73473546159287,9.19357643974036,CONTROL,1,540,2015-04-10
0.0,0.0,0.0,0.0,0.0,,0.0,0.0,0.0,0.0,CONTROL,1,540,2012-10-03
4.6332382583846865,5.138061991372123,17.682406311392285,13.907603394585077,13.807150269753432,0.7327289644634581,89.92517826309683,1.884407147652563,24.03439551518601,65.89078274791082,CONTROL,1,540,2025-11-03
-1.1195382465201131,-0.7874393324003304,-4.646727332349165,-5.270296711479272,-5.53297448766199,0.8461576679844696,194.99446707645873,0.679223493983143,29.998403545167985,164.99606353129076,ENTRADA,1,1170,2023-06-01
0.6855301718955431,5.1032056188971,-13.497257426421383,-9.60610013503449,-27.91523298738663,0.3355474029735462,218.6032874996646,1.7536963913915082,145.25152209767265,73.35176540199193,CONTROL,1,1170,2022-09-20
0.0,0.0,0.0,-26.54592908775455,-16.440558351547008,0.8455245176322752,216.2675405618409,0.0,33.40803264877185,182.85950791306905,CONTROL,1,1170,2014-01-30
0.0,0.0,0.0,16.081607755706884,25.461713421668364,1.0,100.87847896045649,0.0,0.0,100.87847896045649,CONTROL,1,1170,2017-01-12
-2.0583762338377554,5.522821262409217,15.041571195479886,3.700368921581987,12.202146380695389,0.7521249834502841,51.66151658869481,1.6571688937488847,12.805599279406147,38.85591730928866,ENTRADA,1,540,2023-06-12
1.1822980653919402,5.179685946332668,4.735265421853541,-1.7512195976210343,-8.471375860537034,0.4314925643815566,21.521818773230468,1.0623642415564551,12.235314000614126,9.28650477261634,CONTROL,1,540,2024-07-09
3.201690246672495,7.543373850793511,18.415190345244525,14.145467870301243,0.939008543003883,0.5479666319082194,42.07591785499556,2.0963908398204514,19.019718863546732,23.056198991448827,CONTROL,1,540,2015-08-18
5.6521161917344465,4.994565124527561,-2.2327966303170577,7.508191501346406,13.550793242993464,0.9457943925233628,140.5662323126298,3.153082422206701,7.6194780132082105,132.9467542994216,CONTROL,1,540,2019-06-18
-8.680987668147067,-13.070527350028671,4.0195252049590735,19.960787385651102,31.367968244813138,0.7720166960275552,84.27580010950278,3.002722805465835,19.213475353885777,65.06232475561701,ENTRADA,1,660,2023-06-14
-5.623081665666607,-21.49869475185251,-38.69084740689033,7.376319258458608,2.9809619238485574,0.7186232657417307,156.4329938386767,4.211060982987609,44.01660493657081,112.4163889021059,CONTROL,1,660,2020-10-16
-14.287621458607402,-25.11432039696837,-22.442661368129446,-19.2179691959804,-35.409642742560976,0.051924018940821916,48.4485928865242,3.0371895616776174,45.93294723182815,2.5156456546960526,CONTROL,1,660,2014-06-19
8.843147703423426,9.572440515139835,35.94107897726184,61.75679046796168,48.91955568776973,0.88811575392676,118.77173149718274,9.194854263867894,13.288685633375584,105.48304586380715,CONTROL,1,660,2018-11-01
-11.347581089566905,-3.6993199688928335,63.38864917947884,-1.03753125395456,-29.44757856442215,0.655464287203439,160.5528647235505,9.97687592711697,55.31619568905831,105.23666903449221,ENTRADA,1,900,2023-06-14
16.0382925624436,7.98947692987495,60.17751245550373,113.31332530420957,87.79849122563022,0.5148783763617361,311.01596164919414,6.6381175478492915,150.8805682926731,160.13539335652104,CONTROL,1,900,2022-11-04
-5.830830673931864,-3.5297637925058023,-15.632060488109945,-52.32250777170599,-95.50083570998069,0.3373941292493336,154.48617528866384,7.950875841801823,102.36344669608519,52.12272859257865,CONTROL,1,900,2020-08-13
0.0,0.0,0.0,0.0,0.0,0.8660045402951254,58.736642164174874,0.0,7.870443368309336,50.86619879586555,CONTROL,1,900,2013-05-27
1.91770489078813,1.91770489078813,1.91770489078813,1.91770489078813,-7.7489937006658405,0.8020697565299029,252.7590712945689,0.3442055597640956,50.028664520609674,202.73040677395926,ENTRADA,1,1080,2023-06-15
-45.779671236692025,-45.779671236692025,-45.779671236692025,-45.779671236692025,-25.40843678315752,0.0013586397134502267,186.9237419010175,8.23657027287275,186.66977988188404,0.2539620191334425,CONTROL,1,1080,2023-05-03
-44.487799161789795,-44.487799161789795,-44.487799161789795,-44.487799161789795,-16.008748973156408,0.7316125796258216,174.607389543771,8.003620749901916,46.86242685792199,127.74496268584902,CONTROL,1,1080,2026-05-06
-5.105269294465309,-5.105269294465309,-5.105269294465309,-5.105269294465309,-6.655061808319429,0.2692776164152525,120.87887196330433,0.9166578936999741,88.32889744606125,32.54997451724308,CONTROL,1,1080,2020-04-27
-1.3502768776496588,-7.091630546696148,-2.4315856632040056,-4.273726657924026,5.066788035381631,0.3323549032688488,40.48676762654774,2.6948505194719794,27.030791888358106,13.455975738189633,ENTRADA,-1,540,2023-06-22
-2.0753782943150334,-2.142386174467381,0.48083413626498483,-2.114658884722065,4.879838035631856,0.6996581845803468,30.43210116263794,1.4619205048373862,9.140032510221218,21.29206865241672,CONTROL,-1,540,2014-11-28
-0.09143431733638074,7.179762901903253,13.666873409410307,13.636311752456276,10.996488751575662,0.904024767801828,23.62684362985625,2.0513114700176667,2.267591803485352,21.359251826370897,CONTROL,-1,540,2023-12-13
0.6220587096472663,2.921808666864756,9.656974114227168,14.099083082892427,1.2568922767153268,0.7287613016124537,30.467555943717716,1.2918695315710351,8.263980217223745,22.20357572649397,CONTROL,-1,540,2019-09-18
10.308803227900842,18.98605318554125,-0.631900435813515,-65.99799315771482,-111.3508586625489,0.1328197791717122,184.8425576850699,4.285958612968426,160.29180999180446,24.550747693265457,ENTRADA,-1,780,2023-06-26
-1.1916088561125804,-0.8730246781130102,0.19756688101058018,14.711374011060485,11.057896561199598,0.8931704326872252,60.300044630114236,1.2377680973167375,6.441827676776118,53.85821695333812,CONTROL,-1,780,2021-09-07
-2.309907310659165,-2.223735905872992,1.5249265128303158,-13.398837668665564,-5.671894213264972,0.16427678943297447,41.398274952823876,1.3856883362672683,34.59749925551044,6.800775697313428,CONTROL,-1,780,2014-09-17
-0.5730202707787679,-4.143614556063602,-2.8346927706401903,6.6776719997019285,5.562451738099217,0.869283348601223,35.20431451932951,1.0855906789896028,4.601790108756099,30.602524410573412,CONTROL,-1,780,2014-08-19
6.391422246756484,-4.891250555137949,34.18225705257072,42.177053170648904,40.558619698973786,0.8256907276146367,91.7044241581,4.9324537625137435,15.984931449517141,75.71949270858286,ENTRADA,1,540,2023-06-30
1.5495259595255106,8.233282023006883,-0.2778441629136541,-11.847151013593127,-8.840898502436856,0.12681471957293577,82.97339191787955,2.0699786995032294,72.45114448979835,10.52224742808119,CONTROL,1,540,2026-08-18
9.780542919535229,4.552275579574605,22.865121997681648,13.60613748339512,-10.034257718827266,0.6724107123401072,117.45608111065411,8.015106031275142,38.477353942361766,78.97872716829232,CONTROL,1,540,2025-03-13
-0.8102579552449196,1.3723661428088896,0.9514372971453078,-5.852392198868461,-13.46857496441256,0.12825615050648684,24.74844712224221,0.5941120855788146,21.574306563330083,3.174140558912128,CONTROL,1,540,2015-03-03
-7.696479248894272,-24.03252949406798,-18.539348284236645,-2.251849600726219,37.024302875074966,0.7983139879691652,154.11343351946905,3.6104235748349858,31.0825238069209,123.03090971254817,ENTRADA,1,660,2023-07-12
-8.589593605407009,-11.135267803635829,-1.6410525711207935,-43.10657055529133,-34.73704196272798,0.19199877610340316,57.991895862115946,2.3948681543907253,46.85752283267367,11.134373029442271,CONTROL,1,660,2016-06-08
-6.712162279789435,-22.565327564393336,-19.645552578816392,-14.098146542581569,-61.33611771238612,0.06781908595784057,98.35124833655169,5.044046632060114,91.68115657155418,6.670091764997524,CONTROL,1,660,2016-05-19
-4.399556956896644,5.20293498649016,5.060415958464404,-13.995666355651748,-36.176147978382865,0.35506237038411564,77.96000432427374,4.718039975412798,50.279340393741194,27.680663930532535,CONTROL,1,660,2014-11-06
-2.7323001247625545,6.789443174495258,6.941275015572845,25.905377221266956,37.57512066595137,0.9688257622137838,104.05964489375432,2.183888986456327,3.2439801138671123,100.81566477988721,ENTRADA,1,870,2023-07-17
10.5052089369706,-3.0154617340338863,42.8512127322378,37.02599256352413,19.631729517690655,0.8804452541515995,137.852376500207,8.156070720702438,16.480905837080265,121.37147066312674,CONTROL,1,870,2021-09-22
-4.447527582783772,-6.527582329118875,-3.2953363982257677,-24.98305854896632,-34.20846534259003,0.03294346521657951,251.85239916948484,2.940780419061687,243.55550841773282,8.296890751752022,CONTROL,1,870,2024-11-15
-2.9147609672175445,-1.3015879146438536,4.967508233246765,3.3726796029953654,30.50267853460742,0.9637885267865889,161.70693950198157,1.9374195702796266,5.855646508198702,155.85129299378286,CONTROL,1,870,2024-12-16
8.203018545620555,32.606728723827416,63.38564443253869,59.24801160691828,66.27976733890817,0.9609640407666167,99.04756003405254,4.381672305201344,3.866416515655365,95.18114351839716,ENTRADA,1,720,2023-07-18
-3.222505210647153,2.0246383383870636,-5.79190285601161,35.70014270078525,38.78573322368295,0.8731316834708289,100.44420706372252,2.0612345179298734,12.743187455281955,87.70101960844057,CONTROL,1,720,2021-11-16
0.8252454019230804,5.137293730548276,4.773697695965584,9.575689840917168,15.49109948844718,0.9667855132295243,52.600117893751765,1.0397170771684416,1.7470859199074789,50.85303197384428,CONTROL,1,720,2017-01-13
-22.73370639048644,-19.32331913153007,-44.652817602632844,2.8653089774910434,-26.86870476865444,0.3237763923362066,219.9608830418992,6.047665238350897,148.7427418755068,71.2181411663924,CONTROL,1,720,2018-10-23
6.1434131266513425,-2.712309593763118,-3.877050508259705,-22.17309368732878,9.404131297745533,0.2318995963672978,102.66837409387324,2.407147862534557,78.85961958181731,23.808754512055938,ENTRADA,-1,780,2023-07-26
-3.6798555177686154,-4.379654918564846,-6.279668486551815,-4.401752251108615,-5.305203962988614,0.5935055700402857,31.10352260847823,1.195836093719118,12.643408692472446,18.460113916005785,CONTROL,-1,780,2014-08-26
7.51584352156609,5.669940489005931,6.468014990361759,6.039066616725375,10.767328429575063,0.980730028748153,74.5112999284622,1.5143179674678293,1.435830607559216,73.07546932090298,CONTROL,-1,780,2021-10-19
-0.4831371640112714,3.9544304112859585,2.064650591204753,8.49323264590307,2.3316684628182927,0.9267414820234103,63.544738608297564,1.3029260654826318,4.655193375653661,58.8895452326439,CONTROL,-1,780,2025-09-12
-14.805619338079667,-8.597039864695066,-23.819646254180647,-26.106933670970722,20.431954813755482,0.8782682117277133,218.10184338794036,2.2140290144100483,26.549927421096193,191.55191596684418,ENTRADA,1,780,2023-07-28
2.0197580902214796,2.156789362659506,-8.672017391732068,5.970749569257361,19.838131500489187,0.4798523531220963,44.08937272526465,1.3854997840669534,22.932983475369234,21.15638924989541,CONTROL,1,780,2018-07-16
8.967894568394641,10.697439566129674,-6.141534110182256,27.04401581314908,-69.4950687251239,0.2663271754079451,183.69692049725967,4.908592897282321,134.77343853008668,48.92348196717302,CONTROL,1,780,2022-03-25
64.15070671917933,119.66412351499312,65.6075737421724,-36.95112612576712,-114.8345719683841,0.3517443122826283,404.7724055058599,16.12054702775049,262.39601410021606,142.37639140564386,CONTROL,1,780,2018-02-09
-8.331111595434315,-27.2127540647682,-32.63496113093289,-68.75456721931128,-116.21063971113843,0.02036694159232519,154.31901345446946,3.869753524577507,151.176007120857,3.1430063336124237,ENTRADA,-1,660,2023-08-02
-2.4473907713862264,-10.373576062504553,3.389839607470524,9.682641682495774,73.79869322958088,0.9187507555516065,209.15916655851908,2.957250020774459,16.994024252335382,192.1651423061837,CONTROL,-1,660,2024-08-15
12.035760117390382,8.851171997588114,12.51112111223307,64.88570103929226,61.968931156894946,0.9243083900226734,183.43908603575989,4.495565515393525,13.88479975481599,169.5542862809439,CONTROL,-1,660,2023-01-31
-0.40384293398587623,-3.0324462912212358,6.460022636627372,2.367706255816948,48.03536910250816,0.9240367591265501,104.89433185025631,2.714174397908554,7.968113396600609,96.92621845365571,CONTROL,-1,660,2013-11-21
-2.3795377015845,-9.57662373582524,5.752173568567276,2.439547777171036,-21.94155846655388,0.44201174044106445,82.42744981854734,2.061007486075842,45.993549264132724,36.43390055441461,ENTRADA,-1,540,2023-08-08
0.0,0.0,0.0,0.0,0.0,,0.0,0.0,0.0,0.0,CONTROL,-1,540,2013-01-11
0.0,0.0,0.0,0.0,0.0,,0.0,0.0,0.0,0.0,CONTROL,-1,540,2013-04-26
-22.246050085057423,-14.11837105026681,44.98043364167259,12.055907322008341,-44.47804954165413,0.324645080388738,170.3879624555866,7.042425264687805,115.0723486869194,55.31561376866719,CONTROL,-1,540,2022-02-24
-12.693560796591674,-42.01348035046237,-49.2625965620741,-48.69980939521179,-106.23738781641912,0.03207686622320266,152.00482006154238,4.561282571676536,147.1289817831463,4.875838278396086,ENTRADA,-1,660,2023-08-09
-0.2070055019887107,-12.546464356290032,-16.19675412261379,1.863435259246149,2.528337541780612,0.6131398501036429,68.32412502955242,2.868159916367412,26.4318812504701,41.89224377908232,CONTROL,-1,660,2020-01-23
5.674235817036966,-1.0850770404702281,5.183615571862088,1.3304157549232087,0.6651636302534847,0.7487875848690878,36.09147842037626,2.1609118437707893,9.06662745962792,27.024850960748346,CONTROL,-1,660,2012-09-18
11.945961491566237,7.609722278327791,-34.149230687001705,-64.36213053762074,-89.03181726967024,0.24226219413385014,189.6923148233307,7.268917125126424,143.73703842390154,45.95527639942916,CONTROL,-1,660,2022-05-17
-0.8838698216817598,-20.366451313253986,-54.09388635808532,-51.47918559584075,-46.77980874537968,0.07532550015878392,104.80241333765682,5.538688152666891,96.90811913515022,7.8942942025066065,ENTRADA,-1,540,2023-08-11
5.29435130810052,5.717213234792684,2.7893817508473084,6.405669575888506,3.879302246032612,0.8905796575739767,43.328861429569066,1.693584229844557,4.7410588545531605,38.58780257501591,CONTROL,-1,540,2025-11-10
3.3777777366772455,-6.3540222855040795,6.10293211314783,4.235879284839594,-25.48270523329066,0.25574938446223594,44.11815687842475,2.447959455921117,32.83496541315926,11.28319146526549,CONTROL,-1,540,2015-03-13
2.3815373199442824,-4.527488894785492,-0.009113753542955294,2.324549498886608,-6.7282615674868484,0.521493167602861,57.19113404133515,1.87255458468311,27.366348391319466,29.82478565001568,CONTROL,-1,540,2015-02-19
-4.84752073384942,-14.128257456796911,3.1918996145563483,-19.52851293077984,-74.02887810161518,0.05747273075205839,104.87095026513443,2.340856164964627,98.84373037683383,6.027219888300576,ENTRADA,-1,780,2023-08-16
1.6673240171427572,4.304802215167047,0.97311657867305,-1.6639930364881206,17.088265269942227,0.9161658010931436,71.36095364473744,1.5826794247310019,5.9824883820358785,65.37846526270155,CONTROL,-1,780,2018-06-12
5.314986786353337,10.0441647833871,8.085447302450532,4.687228961910428,14.851814359710946,0.3805655836341809,122.62243798786973,2.2874654324678376,75.95655830836994,46.6658796794998,CONTROL,-1,780,2012-04-13
-8.839816988382987,-12.50029892523874,-32.8229776599398,-69.50884188943185,-77.82575942450353,0.433482666922209,291.1003128288681,4.8701273244553684,164.91337288192102,126.18693994694708,CONTROL,-1,780,2016-06-24
-0.1996530664361007,12.860681445330258,33.723161619036986,56.258371524249284,131.25135675006615,0.9646852687371329,150.92618725041567,3.652179721177452,5.329917743277589,145.5962695071381,ENTRADA,1,660,2023-08-23
6.882663131397848,-13.144152019961552,10.04798752591185,-22.690290830368333,4.4162951379433935,0.512520868113505,52.36025809790159,2.8274767912378995,25.52453316291789,26.835724934983702,CONTROL,1,660,2021-04-08
2.528285114435924,3.4922367300427304,0.9634643480249672,24.625261203532478,1.0839104453919113,0.7309544038515963,42.52081093243585,1.6358681712155183,11.440036926030768,31.080774006405086,CONTROL,1,660,2019-11-15
5.998967480618234,11.381755021795392,15.100753492969243,16.208755817896936,28.71571640348458,0.9890057152829302,57.02070368240113,1.7166353751011936,0.6269018510519828,56.393801831349144,CONTROL,1,660,2014-08-18
5.035362003720234,2.399643861550338,-3.9165088930492864,7.176273881579487,50.6289502063928,0.9651506720941823,222.61136093074532,3.155488402167893,7.757856312635896,214.85350461810944,ENTRADA,1,780,2023-08-29
1.8555134134246032,-11.742395729732458,-16.126833850665932,-14.670299273427112,4.303397256797403,0.5979699208162755,127.87076388595838,2.1755132611921986,51.40789333035518,76.46287055560322,CONTROL,1,780,2021-10-13
0.8798378265018059,3.242371663423338,7.448092780888427,10.960544093798763,-10.20374533313717,0.6968591635573753,66.94007582714846,1.3500808367787926,20.292270577774506,46.64780524937395,CONTROL,1,780,2017-03-08
10.984440704977505,21.457698552569404,21.06231295911254,22.539085416395377,58.160153958546346,0.9396600338354973,93.98306245470995,2.833889902506352,5.670934808553542,88.3121276461564,CONTROL,1,780,2023-04-28
4.750566718247917,8.741707803896492,40.01065664120729,44.070065431227604,48.20780855750107,0.9006227640121907,96.72200574295752,7.0269004507490145,9.611965589932145,87.11004015302538,ENTRADA,1,540,2023-09-01
-7.129234785059335,-23.61129137289919,-42.77506670737896,-53.21736538400845,-53.63828467778053,0.04632010170928677,94.1182602121947,4.0146979624240835,89.75869282646471,4.359567385729977,CONTROL,1,540,2023-10-17
-1.0190355847228272,-3.833042353208471,-5.0918292756374495,12.99816188898184,18.749034788458907,0.7025796262174245,48.39638409327136,1.2955670587254065,14.39407064674586,34.0023134465255,CONTROL,1,540,2019-10-23
-0.8209466306730029,9.04345105690485,7.343769327610161,-19.070497715201196,0.47200220322674014,0.5780135400213422,88.54698215664196,4.507044692878077,37.36562754207472,51.18135461456724,CONTROL,1,540,2026-03-25
-4.473024215613242,-24.8824230131206,14.906082793979536,26.46660190903427,24.75723815887454,0.34780705593977335,150.12693368267946,4.628167738841773,97.91172686124114,52.21520682143834,ENTRADA,-1,660,2023-09-07
-4.017861920017074,-18.61377571280687,-29.449773904010044,-42.51781916974395,2.304492406590697,0.3417393557302015,77.95899985450372,5.629262462201496,51.31734147085475,26.641658383648977,CONTROL,-1,660,2023-10-09
6.876254141325866,-17.780557452133916,-4.614485755208841,-57.30930831420844,-63.839886998152686,0.12188691367303524,96.80870252082107,3.918161216035198,85.0089885538672,11.799713966953867,CONTROL,-1,660,2024-04-22
-13.301170212047797,-6.46164551838635,-14.456121679747858,-18.326449094456798,-22.43428074363063,0.07858338472383677,40.3261332954388,3.0596848838217445,37.157169248258604,3.1689640471801908,CONTROL,-1,660,2013-04-03
5.110750396211117,1.8387939251796048,4.581764353728257,15.34397327337178,-30.76869108642688,0.3342549923195161,64.34595548604223,2.2316092762779745,42.83799862926326,21.50795685677897,ENTRADA,-1,540,2023-09-18
1.2779749168179144,-6.469751162182513,-3.5683400178543323,6.762978272383258,11.591725065505099,0.7740889952443084,75.73499976485495,2.60222314987814,17.10936989205045,58.625629872804495,CONTROL,-1,540,2015-10-09
-1.2310573252394263,-2.461811587359808,0.3517863446744762,32.643546727793016,61.583847579136375,0.8736406242890284,115.96404799674484,2.58235803729265,14.653144709785826,101.31090328695902,CONTROL,-1,540,2017-06-28
-0.1661386227436168,-1.4950488964038389,-3.653774930785225,10.477874222267758,25.820071695215052,0.7962264150943533,44.027466493436584,1.2062710778924006,8.971634681680813,35.05583181175577,CONTROL,-1,540,2017-10-05
-13.681518328760855,-31.958323075695905,-33.134877943967744,-52.413084870038816,-80.55630643002077,0.05982496923287288,96.7645535019792,6.865536296077065,90.9756170658906,5.788936436088587,ENTRADA,-1,600,2023-09-19
-7.858477820111842,-19.435390577232646,-30.503692078135415,-24.36083581275783,-21.63872974213721,0.30701251696577186,73.06044945122522,5.836976253127123,50.62997697455402,22.4304724766712,CONTROL,-1,600,2015-12-21
-4.688461370903063,17.849892914372223,19.939546478122683,16.17164719458497,13.981068459980595,0.6480591458348638,74.47334137979868,8.603450167699126,26.210211377738133,48.26313000206056,CONTROL,-1,600,2026-01-02
0.17495739565998036,-5.535678120570653,-1.1049691948317175,-8.12323597325637,-22.17214547437618,0.33055406132328025,41.16963395123788,5.350006687697606,27.56084424546339,13.608789705774484,CONTROL,-1,600,2015-05-19
-13.07351795349132,-15.094880695583068,-3.35684512232981,-1.4794729609590718,-27.6267367188332,0.14744368002158742,101.18962995349564,3.384784816359752,86.2698585331296,14.919771420366049,ENTRADA,-1,540,2023-09-25
-1.3214017993534721,-5.5359896420414945,9.813255470834115,5.816638881399605,14.009937197412281,0.5510636058518805,39.87626052813468,4.171492983094569,17.90190461361177,21.974355914522913,CONTROL,-1,540,2024-12-06
0.0,0.0,0.0,0.0,0.0,,0.0,0.0,0.0,0.0,CONTROL,-1,540,2012-12-24
0.32140881134568033,-3.791574087153027,-7.875707571154411,-10.549095720812085,-13.864654682727018,0.6586125111177138,51.622717975127905,1.6251494940638107,17.62335005880738,33.99936791632053,CONTROL,-1,540,2014-08-13
-6.902139930213824,-39.261448306202595,-36.73381097974659,-50.00859386458667,-69.76208022190455,0.04820319257685929,87.06893193321037,6.5460962489483725,82.87193143977238,4.197000493437993,ENTRADA,-1,600,2023-09-26
-0.0011630124818751142,-1.1640401146129076,14.207748283283639,18.058083203034148,21.560957871107345,0.8069824561403437,33.14585957622844,2.6205265320065205,6.3977324045206805,26.748127171707758,CONTROL,-1,600,2019-12-19
17.3894450092682,32.49270467232668,-10.50832266933921,-8.707266121579238,-36.765577390796,0.3100797334285359,155.78837327682797,8.447698653945254,107.48155601988393,48.30681725694407,CONTROL,-1,600,2021-11-24
-9.427468581799658,1.7474939313233406,-0.9224717150335682,11.363955919778679,-27.217936185109927,0.2215201802558183,120.3168709511545,6.247819043123834,93.66425601023873,26.65261494091577,CONTROL,-1,600,2024-08-16
-5.28298392837856,-29.404884257641093,-49.75274631393245,-51.52412469070944,-54.96969206226332,0.05481337543517614,85.00602117380177,5.249770837045733,80.34655422095166,4.65946695285013,ENTRADA,-1,660,2023-09-27
-8.274116314771485,5.833102827519365,-14.769473140071598,-16.778707881612842,-89.33799988905645,0.07346590026410249,99.8026428707313,3.36045358292238,92.47055186349633,7.332091007234984,CONTROL,-1,660,2017-12-20
4.987199614487903,0.7205645188435028,-6.088407146046526,-8.134889009467905,-6.911579964206105,0.31360213516350016,29.41205330671952,3.046874988377242,20.188370590189596,9.223682716529927,CONTROL,-1,660,2013-12-24
1.3623454824185366,9.04046892021615,11.496032870275119,57.72265652056685,103.19811380718136,0.9667340824843189,137.15287555034487,3.3204522837770796,4.562516245096243,132.59035930524863,CONTROL,-1,660,2026-02-18
0.7928550744762397,-0.5633738960308943,4.254180151377351,0.6841822234848749,109.19232732691908,0.9536392795460132,271.84321977199716,3.757027073782131,12.60284751916124,259.2403722528359,ENTRADA,1,780,2023-10-06
10.73007476344312,22.03301867701901,25.03815973025736,46.60516782523327,30.598832278529997,0.2554493553781166,320.7384407006218,5.008981287772178,238.80601277866572,81.93242792195612,CONTROL,1,780,2022-06-03
8.018859631004904,17.691888147184365,17.371345733649957,39.293002745075526,-11.712394963117045,0.44446187637276474,160.7362294266321,2.0630729661114677,89.29510329458797,71.44112613204409,CONTROL,1,780,2020-11-23
-6.376809535142414,-12.866023215636346,-12.182971764755912,-15.351636218506881,18.0591879916836,0.7730297797059927,112.50533714401065,2.6214773461199243,25.53536115582765,86.96997598818301,CONTROL,1,780,2016-02-22
-23.459021176119865,-28.83687527243883,-4.916398518920451,-2.3172989195130445,1.8572476025213724,0.4573704481792726,75.2243148374626,4.303900758731815,40.81893624627362,34.40537859118897,ENTRADA,1,681,2023-10-11
0.6133084400716804,15.032661892333543,12.259505879332888,43.33694332255611,173.38140363589494,0.9616380182002037,193.984493139834,3.873037440307723,7.441629595273033,186.54286354456096,CONTROL,1,681,2023-08-29
-21.405119056426834,-17.246742778027624,-3.3544927379680622,-29.60353992950249,146.84393909521364,0.8576921844457928,277.76865441216336,7.25754773800025,39.52865043882648,238.24000397333688,CONTROL,1,681,2022-10-20
-8.817077849293531,-20.74203551707288,-12.064352704265202,8.430242457346804,41.51760388630299,0.7869270154815596,129.2347106257579,5.1411419085131,27.53642549640723,101.69828512935068,CONTROL,1,681,2025-11-05
-2.2195205324959666,-2.2195205324959666,-2.2195205324959666,-2.2195205324959666,1.6964040622258203,0.9701850799065166,103.67265504877152,0.31324702171666,3.0909919261583934,100.58166312261312,ENTRADA,1,1083,2023-10-11
4.342365385399116,4.342365385399116,4.342365385399116,4.342365385399116,1.5395860818356866,0.7741242354772401,150.51116193608638,1.3119116986287185,33.99682377152243,116.51433816456395,CONTROL,1,1083,2019-09-05
-5.545283247779809,-5.545283247779809,-5.545283247779809,-5.545283247779809,-15.554872162134581,0.8150514909252606,248.87000272767665,0.7486164034160676,46.02813595791011,202.8418667697665,CONTROL,1,1083,2026-03-02
0.0,0.0,0.0,0.0,-3.8988617733026754,0.14908296587472333,226.49666365642202,0.0,192.72986927779297,33.76679437862906,CONTROL,1,1083,2024-05-01
-3.134191991167601,-9.822111320073601,-5.412248924063778,-11.560895628676127,-16.920565472050562,0.23862657422980665,163.37356047867803,1.567018395641479,124.38828742192499,38.98527305675307,ENTRADA,-1,1140,2023-10-18
1.9866831412707064,2.3415310572172388,-0.15876543993931236,4.109386738238019,-3.022433548675041,0.05215290282874806,148.19806809794326,0.9560104970233256,140.46910865302303,7.728959444920222,CONTROL,-1,1140,2013-06-19
1.3750348546204272,-1.242856790446556,-0.345268989340175,7.2058651596029755,-3.470437800435766,0.4502635321676552,150.0779173459019,0.4587404967797904,82.50330418137071,67.5746131645312,CONTROL,-1,1140,2023-11-30
-0.7525287076259879,2.250582981644378,-4.6285603358164895,-3.9211209861578222,-4.574853702549175,0.30556957112361605,197.8608299219328,0.9637943593215247,137.40058098052506,60.46024894140774,CONTROL,-1,1140,2022-08-09
0.35848817824479795,-4.374190276195122,-64.04510065396552,-65.43379048514097,-108.51647607261982,0.030095813620640437,170.12697940099358,5.776862231573923,165.00686953709874,5.120109863894838,ENTRADA,-1,900,2023-10-19
7.508933908109139,4.590549991434489,9.624322118624296,11.11341040929581,4.002384130794567,0.4678220437493391,69.33957553159378,2.155758197400465,36.90099359369191,32.438581937901866,CONTROL,-1,900,2021-02-08
-0.11733215771747574,-17.49739604420597,-8.792277863490794,16.751955641949312,36.096466275279404,0.8555172449497247,151.09273893937936,2.4562403047610486,21.83029519005355,129.26244374932583,CONTROL,-1,900,2021-01-05
0.21625050458329298,4.0021489015718,-4.611117115170815,24.423200595404815,17.18498407861757,0.7275332117738976,138.36128911346373,1.4506068591110666,37.69885605956865,100.66243305389509,CONTROL,-1,900,2012-08-31
1.4323172062513656,8.41343151601004,-5.8848791192323,-2.925935807748248,-51.48425639242671,0.075573589521735,233.01019740274663,4.032378037222823,215.40078038985297,17.609417012893616,ENTRADA,-1,900,2023-10-25
-8.07675178707501,-9.773474262556592,-4.832522878974732,4.83719805302929,-23.589704940271126,0.5285846011987095,163.8564046777251,2.499254596186743,77.24443235729542,86.61197232042969,CONTROL,-1,900,2012-12-05
0.0,0.0,0.0,0.0,0.0,0.9295462299556589,45.73046222169926,0.0,3.2218834693890255,42.50857875231024,CONTROL,-1,900,2021-01-18
0.6022153812934583,-0.5665502223040075,-21.708346850484173,-48.389925023955,-45.86280960792055,0.15912828947368268,93.78568949508909,4.432037848779597,78.86173314862562,14.923956346463456,CONTROL,-1,900,2013-11-20
16.399281296721746,16.399281296721746,16.399281296721746,16.399281296721746,9.18216119444093,0.9933337083708348,242.12674346136257,3.0046208600848194,1.6140874831335013,240.51265597822905,ENTRADA,1,1083,2023-11-01
13.60740103844238,13.60740103844238,13.60740103844238,13.60740103844238,13.60740103844238,0.5074688796680468,77.31178766089754,3.1967422700500765,38.07846139148794,39.2333262694096,CONTROL,1,1083,2022-01-17
9.495343996470673,9.495343996470673,9.495343996470673,9.495343996470673,8.13752444045468,0.8949955648852007,156.8688127045067,1.25334557770502,16.471921065165972,140.3968916393407,CONTROL,1,1083,2024-02-29
-34.077668108323245,-34.077668108323245,-34.077668108323245,-34.077668108323245,-9.349326586967077,0.7914992225510323,174.424999419955,8.195814859745418,36.367747985596345,138.05725143435865,CONTROL,1,1083,2026-05-06
5.92023023762156,10.93614957433875,16.97511726327816,19.759193983328593,38.83296329243224,0.9784548699642975,51.682416164815855,1.8504493834417473,1.1135043768302466,50.568911787985606,ENTRADA,1,540,2023-11-07
-2.816470508296698,-2.2902631250021344,2.2877894740558347,-1.584459898992252,-14.946103657497156,0.13694063926939937,38.56130075895267,0.8075322113734476,33.28069158196212,5.280609176990553,CONTROL,1,540,2017-07-11
-12.089603065921217,-40.389020366906614,-41.959806608358186,-53.45720347476713,-52.68972655776083,0.1040872680800601,109.29230247372375,4.180028716639986,97.91636528705426,11.3759371866695,CONTROL,1,540,2014-09-29
0.7773155008639065,-11.713322289188532,-25.892215092242488,-14.561198914997409,-32.04183965492269,0.16843634016459424,45.960398408496914,2.5682354730854864,38.21899710806305,7.741401300433862,CONTROL,1,540,2022-08-15
0.6595880891979711,4.80065364152793,7.173935389752639,11.930424078587798,-6.858474689586114,0.5675783192441545,26.26424085732395,0.9041283582532273,11.357227175300372,14.907013682023576,ENTRADA,1,480,2023-11-09
1.091788159961471,8.526104205954788,12.399639685312103,14.488761744735346,17.938465806912607,0.9088324314408351,23.156550215605147,1.1700380239176609,2.1111263793749253,21.045423836230224,CONTROL,1,480,2016-07-27
5.373688394534337,-12.17935416206628,-11.232287589328926,-43.04157321168623,-19.349617576396305,0.15153955471340466,134.49304436505705,4.426348960973209,114.11202830992612,20.38101605513092,CONTROL,1,480,2021-12-17
0.0,0.0,0.0,0.0,0.0,1.0,0.480632576131069,0.0,0.0,0.480632576131069,CONTROL,1,480,2013-10-10
5.19792978733058,8.073477001597773,16.408822612064,-21.751661283130332,-7.2654279307693415,0.4972781065088809,55.1503617504764,4.98107646071131,27.725294285919684,27.425067464556715,ENTRADA,1,660,2023-11-09
6.882883260770356,-7.114422571948831,6.828825588172105,-15.21607202760289,18.955536572446974,0.6268169682586795,53.523177870015736,2.8025978358662944,19.973941785962428,33.54923608405332,CONTROL,1,660,2013-09-09
9.250380118377421,-7.1875560540946015,-10.481028706652573,-25.205654943536437,-43.157640490775194,0.17485984262448542,75.98628199277677,3.896701638549521,62.69933268190005,13.286949310876718,CONTROL,1,660,2019-07-19
0.1688228438934125,10.13947010115368,16.063662153116276,28.95009963818751,8.109931472768395,0.7922077922077991,51.99655809796467,2.0786968316649066,10.804479604771522,41.19207849319315,CONTROL,1,660,2017-08-16
-9.2583199937879,-4.159314286261706,28.972871405479328,46.948634578836135,97.51420203472082,0.9532122270107102,213.52567413297092,3.209524218144847,9.990390768718507,203.5352833642524,ENTRADA,1,780,2023-11-10
-4.486850960890854,-45.60339266004077,-71.94117673965938,-87.10318301781595,-66.02100109475705,0.07515454868048965,117.47179924285982,3.464188441699372,108.64325918807761,8.828540054782216,CONTROL,1,780,2015-08-03
-6.5787136001449475,-14.21511469346326,-0.44056790491131537,48.91397359753525,99.50444242747159,0.8503984421041827,201.1087856460262,5.988032789284459,30.086187639181492,171.0225980068447,CONTROL,1,780,2014-10-13
4.700031464042187,6.698006467182882,8.389382792901579,4.893814527520135,-22.74730761880783,0.3379840546697018,72.33124083502194,3.1454821403557034,47.88443477831052,24.446806056711424,CONTROL,1,780,2016-10-03
2.182929629099828,2.864501688066845,12.588270891857878,11.684083647227617,-3.417587802212463,0.8070568169704673,59.172235864657054,1.3330785211498224,11.416879534701204,47.75535632995585,ENTRADA,1,540,2023-11-20
0.4947884161010663,3.3070159355408357,-6.585016951362599,-24.565256650848077,-56.075623261265804,0.26685272649204383,104.75501876167318,4.236417591925167,76.8008563913955,27.954162370277693,CONTROL,1,540,2020-04-17
-0.2378018015036787,3.0303782491247766,2.688981072676011,-1.5816863464268582,12.17400126087842,0.9124478856462568,34.71988866475242,1.243378878852515,3.0397996627256356,31.680089002026772,CONTROL,1,540,2020-02-19
0.9730328862334048,12.614827453389932,-4.659310536524464,5.508138397707363,7.383768047388717,0.6034796866460157,67.6007325116361,8.166145975122351,26.80506363847282,40.79566887316328,CONTROL,1,540,2024-01-05
3.7269901207959144,3.3030452394422483,18.03122153755332,9.085507219175337,22.722860590222993,0.6966122202056905,144.1770435781376,2.204528749620883,43.74155314847857,100.43549042965903,ENTRADA,1,810,2023-11-22
-1.7276198759696992,10.919781258824646,2.8484864178968117,-12.892407391866811,-27.36613827645118,0.10714618094794082,154.5367206286731,1.8469180088695765,137.9787011970919,16.558019431581187,CONTROL,1,810,2016-12-30
-1.688093111194,-2.582187807503855,0.45581867301969226,12.340155499328542,17.64456409373283,0.31145244876044414,91.66887468292568,1.1076595894761758,63.118379187814185,28.550495495111484,CONTROL,1,810,2025-07-29
2.206382033578258,9.221219130315372,-2.1986244572991254,6.798776808814022,-6.807619740966109,0.1245173745173928,75.00496609256084,2.3670151964768227,65.66554463894907,9.339421453611743,CONTROL,1,810,2015-07-02
5.012531639743134,7.1823754771660475,7.8851340799057645,8.6564164039582,16.145274882355398,0.9693915722301765,56.44035073371488,1.063793716890514,1.7275503987364187,54.71280033497846,ENTRADA,1,480,2023-11-29
3.305645935758328,9.329058504603527,1.0053480485838762,7.985659870042294,2.154244825223195,0.5299003322259381,43.12934954027329,1.9033272541119144,20.27509289019386,22.854256650079428,CONTROL,1,480,2016-04-01
-1.6347996905674567,-0.01217307276535351,2.792843413470525,19.60271650473633,28.275361637695173,0.9172981299039626,53.52451278046942,1.3116421540950562,4.426577302924075,49.09793547754535,CONTROL,1,480,2024-03-20
-4.0174493929467925,-11.831647039215465,3.7438494047981052,3.134876090604699,-7.721375568991995,0.4377188594297097,65.05351416301157,3.5061897245232947,36.57836414168368,28.475150021327888,CONTROL,1,480,2022-06-10
7.276235681510368,-10.16645022203666,-27.26572470979516,-52.88954291986059,-54.0082428541333,0.09037200545348424,97.301797098431,2.5684055316523557,88.50843856041777,8.793358538013223,ENTRADA,-1,570,2023-12-04
-3.492546269656671,0.06543872234088255,0.45489663910380784,4.031666062447314,13.080806381771115,0.9077715355805007,51.13763277290362,1.258635783929597,4.716345344693161,46.42128742821046,CONTROL,-1,570,2020-12-07
-0.44105573621444627,5.794042287050605,10.761200384779013,15.945047805165924,18.64175880228025,0.7414181041943143,54.60825906992392,4.067856522404656,14.120707156948955,40.487551912974965,CONTROL,-1,570,2013-09-17
1.7074456212040623,5.544402376438384,-0.20024055627065884,4.199516450928975,17.98045972383866,0.5691113796832336,58.02847597690397,1.7260605043463844,25.003809952772777,33.02466602413119,CONTROL,-1,570,2025-02-06
6.4305606111747515,40.562105919639265,4.333811959442713,71.71723690643894,89.70474815603646,0.9728081886960367,139.65361552769255,4.854882526003801,3.7974347613452606,135.85618076634728,ENTRADA,1,660,2023-12-08
-2.3371029917484964,-3.4988559868087687,-4.078469758147518,5.00095425185032,23.068068219682658,0.844908696997818,37.558154984405974,1.3947501245377256,5.8249431948894195,31.733211789516556,CONTROL,1,660,2019-12-19
-5.694172072362447,10.716172723517214,56.059780854835765,8.826126008374402,27.303856087226297,0.7892863832178324,81.88023018788718,5.774749444734923,17.253279445846136,64.62695074204105,CONTROL,1,660,2021-01-08
6.215031945535632,8.426834468813205,11.886011314501399,21.359903650590706,67.42209515443464,0.9741999154095597,72.30170800425675,2.696433888781918,1.8653901825431358,70.43631782171362,CONTROL,1,660,2013-07-02
11.768526965894033,13.44254251347099,24.005348008608873,45.1252238537525,35.37193850724485,0.9612962117754633,65.80105592825424,3.3387733485586897,2.5467501335980445,63.25430579465619,ENTRADA,1,630,2023-12-15
2.7658216302128835,-6.7486217309331575,5.871062786291237,49.6228112456798,49.6228112456798,0.8343972373378008,59.177790369675655,4.2153686727673225,9.800005573462773,49.37778479621288,CONTROL,1,630,2013-10-04
8.147800363131896,33.57459201274837,52.16783299188066,-43.03019992782264,-58.15186045119103,0.35694779767521884,226.64961973112332,8.643179726690475,145.74753712417302,80.9020826069503,CONTROL,1,630,2025-08-01
0.88967305283294,-6.141463841764505,-9.054132780007551,45.95583448724349,0.6579587827215683,0.5980846611942634,79.52585540694231,3.2275355376988846,31.96266111969724,47.563194287245075,CONTROL,1,630,2021-09-03
8.212610826419109,-7.0015549978985625,-1.1102226031955986,20.57592968460753,41.629453858174074,0.7980777787665522,66.7216931123933,2.781319890605972,13.472592477710894,53.24910063468241,ENTRADA,1,660,2023-12-20
-6.626744244112581,-28.428794018505734,-11.343786056383642,21.792389893344755,68.12285501389681,0.7619311084844355,161.10425338242177,5.207839442450356,38.3539110211958,122.75034236122598,CONTROL,1,660,2018-10-09
-7.663197295042501,-21.67160026955606,-12.605305745652107,-19.877177769159758,-27.865195244825003,0.2403657740039253,93.79768930723485,2.915631579775358,71.25193511712163,22.54575419011321,CONTROL,1,660,2024-10-23
-11.103476563826264,-20.619740661085295,-57.599342613372514,-92.63745973833504,-127.68440649344237,0.013538335941219027,192.22520387719737,6.140080904143187,189.62279449073856,2.6024093864588163,CONTROL,1,660,2019-08-02
1.541226408003915,3.0769745353276257,3.0412541060642617,5.441043289691194,1.3507788906474971,0.7932816537466906,16.11791099735964,0.5632481387215339,3.3318679064322145,12.786043090927427,ENTRADA,1,1260,2023-12-25
0.595130894520679,2.034955106333669,3.0418317312297383,1.9539150286917994,0.6605684565474945,0.35114009153132647,76.92933225613862,0.6890516782818896,49.91635948627428,27.012972769864344,CONTROL,1,1260,2013-09-25
-2.8141919278901195,-4.759398412041982,-3.499998600000609,-5.319029808963371,-7.570912581850164,0.23870417732309746,114.99420197300931,3.0915676980434577,87.54460559411602,27.449596378893297,CONTROL,1,1260,2018-11-08
10.170210635358501,23.965358704658435,-6.39812630418124,-34.60055748158331,-61.72879068376602,0.9404326348972017,1375.1393064061435,6.6713165557526235,81.9134251319035,1293.22588127424,CONTROL,1,1260,2025-04-09
6.487887048307606,-2.630279083496445,-8.405987311007612,-27.756602461580513,-78.66229572570771,0.07401523843144128,205.59678317513956,3.7212359408263813,190.37948824769427,15.21729492744529,ENTRADA,-1,660,2024-01-02
3.0696759932480333,24.414645266013224,32.44508194554907,66.627062848299,110.26099373505183,0.9766521156589011,157.50066184042146,4.862371321542285,3.6773072362966994,153.82335460412477,CONTROL,-1,660,2021-10-05
-7.891683880251188,-21.91240857204346,-22.39518007820518,-46.831071603632424,1.1604162180889332,0.310686241879617,162.28538341684677,6.935449264508517,111.86554753107393,50.41983588577285,CONTROL,-1,660,2025-11-17
-5.2509937313816035,-1.8730071527062186,-17.478761577108813,-16.80634080381882,25.66647223392504,0.5696134023788756,109.49111057270208,4.094528662954666,47.12350654914357,62.36760402355852,CONTROL,-1,660,2019-05-22
4.154683399693049,7.679317895037396,12.534233902306013,18.855067006329218,10.303496815682323,0.9711617687448368,65.17637928774238,1.2133107487681807,1.879571498274139,63.296807789468254,ENTRADA,1,780,2024-01-10
-9.274782789321367,9.097671489346482,14.007259931021476,73.54152685069559,147.88274065534733,0.9600959173635016,279.8847538887903,4.263174542005056,11.1685443478743,268.71620954091605,CONTROL,1,780,2022-06-02
-24.024157785449418,-20.00818235367019,-37.01793872992853,-2.748622747799079,40.93532612998274,0.7711123151946724,162.8699434733257,4.504752340751626,37.27892428598408,125.59101918734159,CONTROL,1,780,2025-03-31
11.68482602417642,25.38605789300874,17.802042934997875,0.8372563769687424,-21.380659307972394,0.33939224189274575,101.65922270166375,3.8136456048363985,67.15687119987217,34.50235150179158,CONTROL,1,780,2026-06-03
10.587066485887586,21.37517719326798,26.4799671470084,59.7732908747961,59.57531921547465,0.9640424952329145,87.04936731815575,2.5347465953421233,3.1300780403143595,83.91928927784139,ENTRADA,1,570,2024-01-12
-6.601359391045225,-8.700864669072272,-6.515511785962769,-15.44455924797461,-6.511109304917495,0.4349510459956421,31.29176101179291,2.4245206831821404,17.681376828667933,13.61038418312498,CONTROL,1,570,2015-06-19
22.093818918913488,2.741395318528461,-5.966796758820614,-38.744302220632406,-94.52226949605236,0.2108020856019175,144.06190570357413,5.092413829149271,113.69335552547393,30.3685501781002,CONTROL,1,570,2023-01-05
1.2131648422641916,-3.4120413134963723,-8.736045498771716,-1.0939032800094672,10.696670503285155,0.5527875793930763,51.61699871255017,1.0856257045350979,23.083762938704023,28.533235773846144,CONTROL,1,570,2019-11-13
6.851901801048221,12.724781482524872,16.147967684527753,19.556391372230753,26.75642575103554,0.9924999590251242,179.22300878810415,1.5481781926221831,1.3441799095513005,177.87882887855284,ENTRADA,1,1140,2024-01-18
1.1189563649804946,-0.5462391863675364,-0.1797318369589629,4.893699071901736,6.302938686750803,0.5441526136737764,64.36791532830134,0.7839010609524021,29.341945965673833,35.02596936262751,CONTROL,1,1140,2025-12-22
1.4505129434883024,6.776566422641572,-24.33845148644087,-45.55790091360201,-62.32303837016229,0.2649581481864236,226.36416161984866,5.442913780588838,166.38713254128123,59.97702907856739,CONTROL,1,1140,2020-04-15
-8.117530908844373,-8.117530908844373,-8.117530908844373,-15.333813694302645,0.14243255818557898,0.01395975993443201,211.26078108343756,1.4577331321377989,208.31163129595217,2.9491497874853834,CONTROL,1,1140,2014-03-26
-1.0931772582056798,-1.4609482080130132,0.8141747655021625,5.184260774324656,,0.6644048773020887,11.213872362778382,0.6242614213430699,3.7633208715053272,7.450551491273055,ENTRADA,1,60,2024-01-24
1.3835999562705759,5.114964232273422,4.442543390263953,-1.707620141038202,,0.6550056882820915,10.00836307471965,0.7559523527319513,3.4528283303858367,6.555534744333814,CONTROL,1,60,2014-04-08
0.027575946743851887,-0.8483784695612062,-5.107789467529988,-5.79053243517591,,0.1978668425972598,8.956741288451104,0.5270597865568287,7.184499169744772,1.7722421187063326,CONTROL,1,60,2024-10-21
0.0,0.0,0.0,0.0,,,0.0,0.0,0.0,0.0,CONTROL,1,60,2017-10-12
-8.608638946258074,5.468686060363659,-0.17722586311497146,9.500994789974904,31.136718136117736,0.8142893729444098,84.28375226975265,3.640240345780241,15.652388484613791,68.63136378513886,ENTRADA,1,720,2024-01-25
1.2124062466911667,-10.962689595980235,-8.862058455424426,-17.81461760517633,-24.690291652409435,0.20780322307040422,39.26521102303448,2.3487895978875764,31.10577361790835,8.159437405126129,CONTROL,1,720,2016-06-09
-3.662966660414879,-4.909695418832127,-10.634506537828825,-1.5441315204678396,6.069122935901117,0.6097141629056473,40.887360287239815,1.8832046013521586,15.957757636283784,24.929602650956028,CONTROL,1,720,2016-04-15
2.214228247809924,-0.14771906164723347,-6.212913294926237,-4.552318282121659,-20.65901210472787,0.13126676294615655,40.338302454045,1.7245760283497267,35.04322406815951,5.29507838588549,CONTROL,1,720,2016-08-24
-3.659655193436473,9.563865805344296,-15.146320067634944,-18.4867696286517,-31.42740994620752,0.2972880676461049,78.01608706414899,5.439760762481061,54.82283529553785,23.193251768611134,ENTRADA,-1,600,2024-01-31
26.37728508922299,-0.3640176539687623,-27.45756738880445,57.31073527048159,21.381381381382347,0.8245464160768072,218.25872475534433,13.973401410049805,38.29427548083084,179.9644492745135,CONTROL,-1,600,2020-09-09
4.793901270283563,6.3415005917311085,8.438613963308583,12.007782654612775,9.721987329565085,0.5413794742596604,43.18807970404423,3.279042223034156,19.806939819584457,23.38113988445977,CONTROL,-1,600,2016-09-29
0.4918843430279374,-4.092431133686514,38.96518185336318,27.154211393978223,22.48889278166688,0.8613624070150102,92.20021444187353,4.347886356094323,12.782415802921237,79.41779863895228,CONTROL,-1,600,2024-12-13
-6.944560739526873,1.1586563031995567,3.7848124011907736,-51.19852635125599,-12.796009788171858,0.19096009032796774,65.44922347890699,3.50866689956289,52.95103385147957,12.498189627427426,ENTRADA,-1,690,2024-02-01
10.468448056037971,3.3909651410635178,8.106635817630714,-3.448541177241138,-29.87039543064118,0.2831096534760274,106.80108557060889,4.574711829739904,76.56466724385025,30.236418326758628,CONTROL,-1,690,2015-10-14
4.7070250229719335,21.707434078610532,-1.7490391039964859,-51.2362598774363,-113.11911912523898,0.2197723704866608,171.3040446444702,5.657561374726093,133.6561486790022,37.64789596546799,CONTROL,-1,690,2018-09-06
-6.917557920966821,-11.58421361289963,-8.220319035289192,-12.12656514137489,-10.137654870782109,0.20361635220123675,46.10065309258475,2.151733737885522,36.71380627577798,9.386846816806772,CONTROL,-1,690,2013-01-23
0.07026014441802175,-4.756128357472633,-3.2467545340852944,-0.4153079448920849,,0.15362391659340022,9.021565803176689,0.7404934987884095,7.635637530687601,1.3859282724890873,ENTRADA,1,60,2024-02-06
-0.14679338485756865,1.4825668846363271,1.7820123842660074,2.8215729405389744,,0.7441696113073574,4.072856641202813,0.4595357942565762,1.0419604976083265,3.0308961435944863,CONTROL,1,60,2013-12-17
0.0,0.0,0.0,0.0,,,0.0,0.0,0.0,0.0,CONTROL,1,60,2012-09-10
0.0,0.0,0.0,0.0,,,0.0,0.0,0.0,0.0,CONTROL,1,60,2012-06-14
3.500134363467744,8.34964857574283,-14.650256645242221,6.226486359015571,21.4123733816729,0.7853223317904309,84.41211663538168,4.575268164393323,18.121396367917917,66.29072026746375,ENTRADA,1,600,2024-02-07
0.643384078313769,-16.815702685436527,-19.05373749653605,-20.9728521638064,-17.616714738943884,0.24038461538461328,33.37039372251584,3.7232862494172614,25.348664462295755,8.021729260220084,CONTROL,1,600,2017-10-31
7.485515264389342,9.554290412692179,14.626009956206776,-2.277318911768633,62.351141849841255,0.7838949726366911,138.74040469356538,6.730415485339277,29.98249895269951,108.75790574086587,CONTROL,1,600,2026-04-17
-0.7148125769862457,14.391129247053325,4.403697416430763,2.5082807044807254,22.60578018572712,0.8025816249050916,66.71873350923391,7.643954548952281,13.17150395778318,53.547229551450734,CONTROL,1,600,2014-04-09
11.419010051050282,28.092960975072412,36.814256047750234,5.775980171438544,-56.33622428759089,0.3770162124585195,137.97371622001657,4.045217990494176,85.95538831191932,52.01832790809725,ENTRADA,-1,660,2024-02-20
5.993789312752629,-0.8810931334823913,2.4661238491274773,-1.9381999654988213,3.3478070013059913,0.6988147175784902,45.64640837436477,1.4533340492571547,13.74802639776062,31.898381976604146,CONTROL,-1,660,2017-05-12
2.2990495458707905,-13.097912975845727,-12.691988437177892,9.595383389024992,0.2704215601712079,0.3972006809154725,50.03880444452859,3.35016243138383,30.163357246965663,19.875447197562927,CONTROL,-1,660,2018-08-16
15.386528165193258,-10.085490081502835,-16.39542734839683,30.828048419671017,15.173164367692227,0.32798749312757774,182.8738949298425,5.34074031654957,122.8935445733274,59.98035035651509,CONTROL,-1,660,2026-07-16
-4.609270617444983,1.4189237496253782,-12.489750651754061,-0.012608413858528067,-0.012608413858528067,0.7859804556160844,243.91062180170817,2.99587248798647,52.20164014839913,191.70898165330905,ENTRADA,1,1110,2024-03-07
1.7635132507076712,3.651073226680346,0.012585328528214035,-3.019562993745728,-3.019562993745728,0.8566951566951629,132.52334260870788,0.9989577197701947,18.991236846774115,113.53210576193375,CONTROL,1,1110,2019-10-15
-0.26435176000094707,-5.67451328999713,-9.489303597262078,-0.3918732397656388,-0.3918732397656388,0.9508129244700578,200.10097441439044,1.4190103923906197,9.842381742135643,190.2585926722548,CONTROL,1,1110,2022-02-09
-0.24483255513407798,0.15526588117653617,-5.08527717356988,-0.40008601252194964,-0.40008601252194964,0.8591276467837802,89.40190062791481,2.1268254450874107,12.594256123457,76.80764450445781,CONTROL,1,1110,2023-12-21
-10.16820264266638,6.638634254587661,22.155777345387317,5.2220351224008255,-29.17802352354282,0.13986325897322605,176.30504224511927,3.5297869489240767,151.6464444633046,24.65859778181467,ENTRADA,-1,810,2024-03-15
13.298967548969198,26.661260489786454,22.09559217021706,3.2004582939348936,184.49745274484508,0.9277089447869666,222.50093499450747,5.135536061793327,16.08482737663948,206.416107617868,CONTROL,-1,810,2018-11-28
-17.58104091025503,-42.682093168400215,-46.74854214160806,-55.69015953661771,-47.246227795244565,0.35292013541422546,108.2388608368644,5.072768647044264,70.03918741323672,38.19967342362769,CONTROL,-1,810,2025-01-31
-0.29940709871612015,-23.415350857243222,-11.555526566964236,-22.51673067098725,-49.39020930315729,0.08478018645717882,106.67788097684841,5.160977673345592,97.63371033677448,9.044170640073938,CONTROL,-1,810,2018-12-14
-7.00303414479686,-7.803826072485531,23.8238542708058,14.360514084321707,-7.852998225847951,0.31487966317833954,110.59362729490982,3.499331274538362,75.76994318261781,34.82368411229203,ENTRADA,-1,660,2024-03-19
7.643953025027184,1.2341090031831037,19.71224170645325,15.421040657526142,-8.390069042824022,0.6368386675375567,83.17178718608126,3.4660751268172754,30.20477705778004,52.967010128301226,CONTROL,-1,660,2020-12-29
4.256168576397545,24.17108912438959,77.04129977582186,88.66439992456954,53.785429541259866,0.9630829136791704,153.13681487351002,4.38162577444765,5.653365013582274,147.48344985992773,CONTROL,-1,660,2014-04-14
-6.768806360341051,11.040164560276455,2.2722820418241696,-15.32083574201093,-21.7966284770843,0.2330279449534105,57.53743230468757,3.1196853463630636,44.129602696830254,13.40782960785732,CONTROL,-1,660,2015-06-23
1.6190270496108106,1.9645526371969702,12.181122348255968,12.507747222165744,16.436003079181027,0.5080832301980013,42.19232559629837,1.5590374221689305,20.755112517765284,21.437213078533087,ENTRADA,1,450,2024-03-21
2.015016844618689,6.338735451816291,-8.202913106100107,-17.539067946817923,-21.123818772579295,0.23332685203190184,51.84274975523011,2.218551888902328,39.746444154164614,12.09630560106549,CONTROL,1,450,2018-02-01
3.0516608028152703,8.409284053148003,-1.7780050732230102,1.4111616530176896,-15.230417173818234,0.21866032630975177,46.51218957235168,1.4948134329048894,36.34181902308023,10.170370549271452,CONTROL,1,450,2019-10-15
3.6310712651421717,-0.40622521984889914,5.8559502336752445,8.56482774647116,4.784711129672825,0.34789457103854393,31.45235709374057,1.531900751070266,20.51025281446259,10.942104279277979,CONTROL,1,450,2013-07-11
0.301167416807413,5.729718477727186,28.871418034559504,16.431781959740377,-8.505465246791966,0.22111300959920438,168.80423583643628,2.1751273726913367,131.479423217548,37.3248126188883,ENTRADA,-1,690,2024-04-02
4.1307262192225025,12.440054721207794,-7.239309827455909,-17.46148917275203,-79.98361601906478,0.14676806083650573,98.72112970004609,4.019180073803281,84.23202093038115,14.489108769664938,CONTROL,-1,690,2012-10-24
2.5470753884659914,-1.8957804253683097,17.22340287070301,9.567471564762009,28.21607052613695,0.8260952942911834,86.2680021939229,2.9712191143418694,15.002411533621704,71.26559066030119,CONTROL,-1,690,2019-09-16
-22.304910596432357,-8.424360746740467,-3.2201725013381033,-44.88479798073652,-2.0325787052644095,0.3538470313123771,142.69194337018783,5.955399394512178,92.20082281645305,50.4911205537348,CONTROL,-1,690,2023-02-10
-7.650292944758608,-5.5422041623631735,26.573855669291824,44.65351873266022,-107.26816623803703,0.31815705690801,229.4983646432219,10.502199787594494,156.48184038313312,73.01652426008877,ENTRADA,-1,600,2024-04-10
8.170207079267744,21.61315916283657,63.8942570884371,52.35364648509267,64.09890057079704,0.9780612559314642,101.82146023908713,5.368461903088466,2.233834956869924,99.5876252822172,CONTROL,-1,600,2023-11-20
-1.5099122147876898,4.789651630654479,10.45342865777732,2.2550129946696806,-3.286214142809163,0.829066081443546,51.652085857581085,3.2979634169634737,8.829093437250737,42.822992420330344,CONTROL,-1,600,2019-10-18
-38.7480030460241,-3.0439181764163603,52.694995252695605,38.05890974531545,9.313768579131132,0.47389591335454856,120.66199097556287,11.731436103748164,63.48076655502022,57.18122442054266,CONTROL,-1,600,2025-03-07
11.729772060840027,16.936407209255933,40.10292651665415,18.3714257323353,-30.255348942695992,0.2785257945554133,197.42976577911145,4.944146593902203,142.44048339659528,54.989282382516166,ENTRADA,-1,810,2024-04-17
-4.894003763624699,-1.602319961131471,-0.9713618408258018,-4.887490299145814,21.038052806690022,0.9607871848185804,222.63298664951935,2.3175104586540094,8.730066158775074,213.9029204907443,CONTROL,-1,810,2023-08-29
5.094073225679896,8.89900340715677,19.432389088649415,9.059616534361492,26.78141251124977,0.565949806592993,175.49340389737313,2.3656602530433437,76.17294590330881,99.32045799406433,CONTROL,-1,810,2025-02-24
20.439778637195705,44.521257549754445,48.26513309517555,35.88081763676199,41.005543464087694,0.5299669655497872,118.42066566357484,3.814517840576675,55.66162482346421,62.759040840110615,CONTROL,-1,810,2023-10-30
15.207978348441564,25.263776114023972,11.872472024234693,7.252507733721547,-47.38205858254685,0.314176456023557,106.51396997718024,3.5122065916565046,73.04978837275021,33.46418160443004,ENTRADA,-1,690,2024-04-22
0.0,0.0,0.0,0.0,0.0,,0.0,0.0,0.0,0.0,CONTROL,-1,690,2019-12-25
3.005472160166889,48.78077288374971,33.3220872402018,120.34416098439138,158.04635437052016,0.9738059272812375,329.3464634686636,6.7786692672486755,8.626925213765423,320.71953825489817,CONTROL,-1,690,2022-02-28
-2.481528935279753,-6.384178725671319,-14.478651783010887,1.450305478756242,17.275474126767776,0.5125245098039207,53.300795462116824,3.1860481651931702,25.98283139573636,27.31796406638047,CONTROL,-1,690,2018-08-30
3.759654590771433,3.5596258224357413,-8.524996246936922,25.15230406743507,81.05642016369652,0.7831038867695004,122.55165182511398,4.407458585704907,26.58097695084469,95.97067487426928,ENTRADA,1,690,2024-04-26
-9.234049254600585,-19.07756268032412,-19.868821186804773,-47.38364653755656,-112.19476874402501,0.02446255335661649,133.27069558925234,3.460362341634967,130.01055408752686,3.2601415017254793,CONTROL,1,690,2016-10-11
-4.607792838626779,-22.084962730976045,2.4538478832902832,40.51849675123398,-49.89951242038937,0.436723783207439,173.2335003604423,6.640070536902207,97.57831070476269,75.65518965567959,CONTROL,1,690,2014-10-13
-0.6971804473421273,2.789694249509811,-3.5189932705448346,-7.833811722232076,41.75012594740623,0.6376901140684382,65.1986637992475,3.5253144752492402,23.62212044399561,41.576543355251886,CONTROL,1,690,2013-10-04
-6.724723615484374,-31.897363570525528,-9.95681846090557,-43.540450197033785,-0.24808192540692886,0.6202869526047341,184.41363624550954,5.127406939708047,70.0242638000245,114.38937244548507,ENTRADA,1,660,2024-05-03
-4.604475991236701,-14.414633364541185,-43.31907809216551,-37.678068729302126,-100.27905489866207,0.1430211971864768,150.19231285190307,4.831795296110331,128.71162845961803,21.480684392285045,CONTROL,1,660,2016-02-18
9.681018302627464,-16.4014735482243,-56.64385332477817,40.2806036339598,1.8156653369594267,0.48521681005670964,381.1218889879059,11.640155555590164,196.1951417704068,184.92674721749913,CONTROL,1,660,2020-11-09
2.1994504979416796,6.817837482957501,7.1066282836595995,19.28709967529807,-3.8196959377889694,0.78615071283097,35.39976135802483,3.191731257555175,7.570213732367382,27.82954762565745,CONTROL,1,660,2013-02-11
-0.4417785562893517,-6.334130954417372,-8.576774157381672,-4.072823272481818,15.271948198827268,0.7684755325529216,74.58490309711533,1.3080170542357425,17.268229969151577,57.31667312796376,ENTRADA,1,840,2024-05-09
-6.804774922694046,-1.8372094498775304,2.966890604809702,5.883057732369856,23.773432221518842,0.8937519142419589,90.08395051645859,1.9681045819048115,9.57124729989582,80.51270321656276,CONTROL,1,840,2014-05-21
-3.1444593973706247,-8.825536086184416,11.74810113157232,14.93463038830134,39.81006361756245,0.9112688553682347,128.57224345445263,2.439041431986601,11.408362329587588,117.16388112486506,CONTROL,1,840,2020-09-01
24.143883431237967,23.4053642407428,26.51058797455086,-37.279097497839864,-92.73575280941304,0.298773710281502,223.2572893255462,6.304809214471922,156.55388064636202,66.70340867918421,CONTROL,1,840,2022-02-10
-2.099632619199099,7.975541891380722,10.08381113196899,-15.46299666514761,1.952724726619337,0.6356900466297007,44.99012185588875,1.8675659664587314,16.39034919544291,28.59977266044584,ENTRADA,1,630,2024-05-13
12.077246668058539,27.53119938788462,50.77771809191667,100.99891321651677,85.35572520001145,0.9744037940379348,109.89987942285659,5.1117961937761915,2.8130199489135723,107.08685947394302,CONTROL,1,630,2024-11-01
13.016988140941432,23.532981181393353,28.79926522955545,-11.821888711454065,-7.445236793429677,0.588308457711431,62.400316658324826,3.865568061028404,25.68968260436083,36.710634053964,CONTROL,1,630,2012-07-16
1.1925538167312233,8.338485015078057,47.06205694883225,73.81055636470623,70.26387138656665,0.9383525981464176,126.29480229091969,4.11985817996868,7.785746428847067,118.50905586207261,CONTROL,1,630,2016-04-18
1.024920572778587,14.632005797110548,-0.2197947479698481,-4.631229304126183,7.88768005198337,0.5921739130434952,54.345445920320046,2.592233392561526,22.163490553590474,32.181955366729575,ENTRADA,1,810,2024-05-13
17.656269868147056,7.405082131939356,32.169220325291015,46.27810332847426,80.19269877580282,0.984315831344469,253.72949898785774,3.2225466047961664,3.97953625500896,249.74996273284876,CONTROL,1,810,2026-06-29
3.2807362884534896,-33.21208010753751,-89.6428798003257,-105.79104684808827,104.17285055444702,0.3698520591763301,614.0857026102227,12.751261515871896,386.96484098908843,227.12086162113434,CONTROL,1,810,2020-09-04
16.81576797074147,14.534481016361678,1.737252395639377,0.3312850664105582,-90.13725901991454,0.38902456543599967,186.97288808065963,6.233707053558173,114.2358415467672,72.73704653389241,CONTROL,1,810,2022-09-30
-0.19378225348698486,-0.22544173889471608,-0.896793969745735,-4.0253068866802355,1.9289522076837429,0.9350049387176239,142.03095161048648,0.38730057458415723,9.231310403917762,132.79964120656868,ENTRADA,1,1200,2024-05-14
4.046842018559094,10.764426399747506,8.460136808381424,3.522132495654695,-0.7108817964418535,0.8345145287030442,185.5782221519596,1.498867928816345,30.710499555268193,154.8677225966914,CONTROL,1,1200,2022-12-21
0.5007529887146589,-1.598603341155247,-0.19582539909968055,-1.6035594558705402,-1.6456862325708865,0.7111961634234064,53.756364140245694,0.4443025110108097,15.525044204111373,38.23131993613432,CONTROL,1,1200,2014-08-19
-1.0271129791150635,-0.38997096628023975,1.7157237027087824,3.64884867477544,-1.332912306348799,0.9301689350933611,74.53578900575378,0.343539682115124,5.204913519928335,69.33087548582546,CONTROL,1,1200,2014-07-03
2.9585784547636607,6.689170469955652,5.116051833724544,0.33429969517717595,60.25424272327662,0.8716756059021049,72.21435608477573,1.6662031378197482,9.266863489748488,62.947492595027256,ENTRADA,1,690,2024-05-20
18.751967553229942,24.9726047742449,41.84820445808146,57.481096854570254,-13.466769366640152,0.7298305270663114,92.03470495313059,3.416168547302582,24.864967728794834,67.16973722433575,CONTROL,1,690,2014-07-28
-6.481495519808922,-12.727610201784811,-12.387114370567831,15.46058879392298,52.99942425085913,0.6984340044742815,84.7692266846695,3.8837766137377923,25.563516235107663,59.20571044956184,CONTROL,1,690,2012-05-07
0.11333328296281309,-1.510865007987583,20.63112309020232,24.653674571497586,-10.415683906634943,0.5185792349726853,69.13251910588676,2.8120839840458567,33.28183023622145,35.85068886966531,CONTROL,1,690,2012-11-27
0.41551569797348975,-1.8635209578565792,-2.3311610180343223,-1.5181011806164602,-0.16555576080934387,0.9540414775664862,74.37101521381224,0.4267349557405864,3.417981971107187,70.95303324270506,ENTRADA,1,1260,2024-05-21
-2.651696254200031,4.047646116396297,-0.37366664202398425,1.7588062512952085,11.905994143541765,0.9090060997488321,102.10273007386667,1.2794729490917713,9.290725635713352,92.81200443815331,CONTROL,1,1260,2021-04-07
-2.920443202431011,-15.39930058854666,-26.937159872940654,-18.676460511332095,-25.4786669843865,0.4468793187043021,209.18731143140718,2.725926926057569,115.70582821735528,93.4814832140519,CONTROL,1,1260,2026-05-18
1.2850278793075098,-1.3820508111739294,-5.000541303671335,-2.721236235524449,-23.383024332215285,0.08992471787195258,107.38284080260553,1.872697754497797,97.72646913914242,9.6563716634631,CONTROL,1,1260,2025-11-03
-6.601879125068821,10.964813911620297,-3.1886095827582395,-22.397845335094814,-45.28055719134283,0.21628659405901243,82.42963261876028,3.5749563749166615,64.60120813011295,17.828424488647332,ENTRADA,-1,895,2024-05-22
19.780626571754834,33.95762434346583,59.89468937432019,125.80812511799655,102.26405776639692,0.9730534121012693,244.26440614125949,5.006145198749326,6.582092290616722,237.68231385064277,CONTROL,-1,895,2018-12-28
-18.079398619595956,-20.252466337667975,-6.85224870887402,-23.73180078737547,-23.30479734299562,0.30333356908786513,78.01800748755534,7.1499691059394275,54.35252682323139,23.665480664323944,CONTROL,-1,895,2025-06-18
-0.3700914310877934,-11.273632067023698,-8.689912490732477,-9.244075010121922,-13.40202641892052,0.14483837607063274,69.78517247824121,1.519331579693243,59.677601422683736,10.10757105555747,CONTROL,-1,895,2017-03-16
-0.14797564789170714,-0.2778499460176498,-4.995747230511771,-1.5790680401084334,8.261641080067328,0.9413383153907879,104.27806589985317,0.6408040090481014,6.117127013475814,98.16093888637737,ENTRADA,1,1230,2024-05-22
-0.7571824553953554,-0.39355524596329516,-3.786381057043764,-1.4229557343992116,2.6227415988011593,0.880637516251423,114.06399161136684,0.9214532362351643,13.614961345009602,100.44903026635725,CONTROL,1,1230,2025-09-22
0.0,0.0,0.0,0.0,26.78511287217411,1.0,99.20527978310446,0.0,0.0,99.20527978310446,CONTROL,1,1230,2017-12-11
0.0,0.0,0.0,-40.413164716047724,-40.413164716047724,0.697584004443203,142.00030758189456,0.0,42.943164386750034,99.0571431951445,CONTROL,1,1230,2012-06-12
-1.6568286718765535,-2.622351663456035,-4.677907287833349,-3.358165980046346,,0.040667082850113494,5.947854823117088,0.5710944380374386,5.705972918244938,0.24188190487214975,ENTRADA,1,60,2024-05-28
1.4831134513859645,-3.666269864619487,-8.742553843612555,9.891958959133973,,0.5172074729597032,23.024468875083933,2.4927451428436407,11.116041511962433,11.908427363121499,CONTROL,1,60,2020-05-01
4.285773701049322,2.3939983342979865,3.909198266400793,-0.6698939649618652,,0.4995311453449694,13.701625941574076,1.349699578271483,6.857237041891232,6.844388899682842,CONTROL,1,60,2023-01-05
6.409368774149549,2.470761156747603,4.529909692676526,0.16002145639681942,,0.9932451449478349,8.007706149413213,1.6299932455841153,0.05409089433961773,7.953615255073595,CONTROL,1,60,2015-03-25
-2.5014235656728445,-1.4408698994727853,0.4771652566426532,-5.197078533488719,-5.756705364222681,0.052751666561519125,101.97553610041284,0.904832800100933,96.5961566226117,5.379379477801134,ENTRADA,-1,1280,2024-05-29
35.1563012250744,39.09260141131688,31.72410411850901,35.420818602527326,84.35177682319939,0.5504976078486785,194.20006797806144,6.45926710797616,87.29339511208785,106.90667286597358,CONTROL,-1,1280,2019-10-09
0.0,0.0,0.0,0.0,6.726741772187239,0.67666164937018,56.83495104103255,0.0,18.376919327734033,38.45803171329851,CONTROL,-1,1280,2015-04-21
0.0,0.0,0.0,0.0,-8.506122246495496,0.7545090180360704,176.97015393034093,0.0,43.44457686666718,133.52557706367375,CONTROL,-1,1280,2017-07-05
-5.912176231261945,-1.0490360437453994,-18.049893258328396,-36.43315979705353,-52.8811811791996,0.2261350504932022,128.83406262922216,4.532551465476142,99.70016537131862,29.133897257903527,ENTRADA,-1,960,2024-05-30
0.0,0.0,0.0,0.0,0.0,0.706685457588306,93.61678337086127,0.0,27.45916397647885,66.15761939438241,CONTROL,-1,960,2022-09-05
-8.474779469701543,-13.891103991565679,-32.4567936976905,-55.54659495258352,-46.03656401998446,0.7168362584017892,354.57107723473075,5.205820739556303,100.40167289229453,254.1694043424362,CONTROL,-1,960,2020-10-12
2.278098547079388,0.0,5.597186480927885,3.3309039940210283,16.810377606442106,0.8998330550918199,159.5637702334988,2.5572040387674626,15.983015382320387,143.5807548511784,CONTROL,-1,960,2018-09-11
2.8357793045596935,18.731435032857124,35.47490603552417,52.737090765231365,12.741094622552573,0.2773127425008029,227.26679199782055,2.270589364732216,164.2428146295454,63.02397736827514,ENTRADA,-1,810,2024-05-31
1.436719741108039,2.8071635965987163,7.6068834236942,-4.888378304703789,-2.6305697534312333,0.18462958051540912,74.92389998058445,1.144700896549149,61.090731756590685,13.833168223993779,CONTROL,-1,810,2025-09-17
0.22003329837261276,7.853845081069455,3.5950901340453534,6.641933720106241,-1.613281708319203,0.613353263577485,73.59951887110626,1.5321056274931968,28.457013773780545,45.14250509732572,CONTROL,-1,810,2012-03-23
6.257026810965183,19.951791345718117,34.097438659668185,13.313464331814462,16.60776314862389,0.9676385773790455,197.13100487466593,4.318622511315195,6.379439760442505,190.75156511422344,CONTROL,-1,810,2022-07-28
2.119245114682311,3.9039753171610236,6.1915751047814105,22.865879507358855,4.000189344086635,0.9041696740880585,29.02025579803552,1.5675612929735838,2.7810205711736553,26.23923522686187,ENTRADA,1,295,2024-06-03
0.0,0.0,0.0,0.0,0.0,,0.0,0.0,0.0,0.0,CONTROL,1,295,2012-04-26
2.7653049157483345,3.0445793557976053,-5.70392573950973,-12.676871393271227,-25.505450780902716,0.2089970243304862,37.96591228604912,1.369823963170966,30.03114959227261,7.934762693776514,CONTROL,1,295,2023-07-11
-1.9795147423162796,-6.4681668433330675,-10.177816856280497,0.7503246586071377,22.117007187569815,0.6727708412157949,45.41128136730331,1.964629911449557,14.85989540113551,30.551385966167793,CONTROL,1,295,2024-05-02
4.057749520627318,2.6694283249861783,-4.322882340591638,-11.424671299382627,16.440367819456903,0.7182800628765879,82.19881949832678,3.111746532288207,23.157046260687327,59.04177323763947,ENTRADA,1,830,2024-06-04
-5.816478024655014,-10.12839372425356,-9.297366628844284,-1.1868807046622187,9.6870581307118,0.6294063612354841,50.18335449996462,1.555173905643723,18.59763194955153,31.58572255041309,CONTROL,1,830,2013-12-17
-6.468031437073529,-16.304694000232047,-23.922487361881515,-5.669009076642029,-11.905953175727069,0.04437036341440211,212.31465893755447,2.573007969217423,202.8941803622903,9.420478575264129,CONTROL,1,830,2014-09-25
-10.047335885084996,9.426554163227685,11.326088259813183,5.006453648492837,22.335981872145805,0.20134780534350616,180.59881085677858,2.975236318246884,144.23563664311925,36.36317421365934,CONTROL,1,830,2015-11-09
1.265444693678841,2.2873365179965077,-1.4778178472185655,-3.1411096763500623,15.276743549705873,0.9633563399253855,134.52909764308413,0.5521569600957446,4.929638524177805,129.59945911890634,ENTRADA,1,1400,2024-06-04
2.208997980230887,4.7981320209178335,10.261809371188146,10.012664798484394,10.95948015898518,0.9550945232137876,210.43737495316986,1.106911090092529,9.449790655911038,200.98758429725882,CONTROL,1,1400,2021-05-24
-0.40226648430730094,-2.5107626685794138,-1.278520708444253,-0.45398411285479945,3.391818244531386,0.5543697325027428,62.73310843816724,0.5508369272854897,27.955771894234914,34.77733654393233,CONTROL,1,1400,2013-12-05
0.3954629444868907,-1.3424702347297757,-0.7347298588677997,-1.2289419297550896,-1.7885447250054476,0.6146732806662966,109.07532195723107,0.8595591589514526,42.02963597004732,67.04568598718376,CONTROL,1,1400,2023-06-29
6.6753238493522105,-7.570057740838854,-0.5674070228289807,11.101862371651894,18.154223711357442,0.8760817860212131,79.89874244077646,4.061093465381984,9.90090946241212,69.99783297836433,ENTRADA,1,585,2024-06-05
7.18221681107023,-0.65237196974266,9.87128914813118,19.200404498720403,7.309971647722069,0.910743944636664,87.08905292613767,4.012953736756859,7.773225329515841,79.31582759662183,CONTROL,1,585,2024-10-08
1.4203535670920253,-16.747891789403724,-26.952691370347726,-20.4429958905461,22.067340364753107,0.6661745288680774,118.43128234879242,7.759026356056881,39.53537862684338,78.89590372194904,CONTROL,1,585,2019-06-04
-17.6495506336094,28.274421706540043,35.242059320839125,22.4378276004078,44.54887602908908,0.6840763790063791,109.05642484589883,7.751914064314789,34.45350062993504,74.6029242159638,CONTROL,1,585,2015-08-28
4.33508470755628,2.1739453312741297,0.1474368733722642,3.4074835443287377,69.61279340343518,0.9533764337260624,149.08977304145495,2.057904189702474,6.951096914164591,142.13867612729035,ENTRADA,1,740,2024-06-05
0.0,0.6674579622178989,0.0,3.3315191177751835,9.495932575547261,0.8442686775132454,40.6123559693553,1.1605459451920384,6.324615904410541,34.287740064944764,CONTROL,1,740,2017-09-18
-9.79637717890669,-4.975002364878689,1.8318373328440885,31.514959716234525,41.43674362983685,0.9132330999655642,152.70694218062658,2.7497817693616557,13.249907986750793,139.45703419387578,CONTROL,1,740,2020-08-20
-1.1091837933518978,13.043803953198818,16.99590699019149,23.12605277621671,21.147191800734433,0.16238833097576594,328.116100585909,5.471112599810621,274.83387464548673,53.2822259404223,CONTROL,1,740,2020-10-28
6.005176760039976,6.415531465953084,-2.0039906837632238,16.683761485771775,18.484007037642414,0.9597560397541534,166.91577395602263,2.785188466973166,6.717351771490907,160.1984221845317,ENTRADA,1,815,2024-06-05
4.725874895861182,11.993915282002554,10.812750270319249,-0.9446392695300343,46.70359509069133,0.9304567481183637,188.92622352081767,3.136197974818833,13.138543949354547,175.78767957146314,CONTROL,1,815,2020-07-01
1.2626548493788192,-0.50497267488403,3.231290739522663,29.025624456970878,28.99935207710813,0.9669978531129922,174.38980112649338,2.938499776683977,5.7552378323726145,168.63456329412074,CONTROL,1,815,2020-10-07
1.4656540782320704,3.8622802237964216,6.989589147172737,49.13736874260888,71.30464994787201,0.873283154813601,129.06244265897917,3.3887133882039873,16.35438556579637,112.7080570931828,CONTROL,1,815,2016-12-07
7.115075070571741,5.469683323289232,6.710921362376165,10.236641614618236,19.072649676963316,0.9922977557596498,185.34610498239996,2.0260273354553493,1.4275809695720236,183.91852401282793,ENTRADA,1,940,2024-06-05
0.9102536892191537,4.399576887879064,10.78044728453964,13.365495179520348,14.126057479488807,0.4934740259740105,46.72210314996503,1.0987909098736846,23.665958806578786,23.056144343386244,CONTROL,1,940,2018-01-04
1.7174576032386035,1.42756821685186,18.344224313753266,36.161877760958475,42.6997105570659,0.9155881208662944,111.17583111539113,2.978897115001253,9.384560818701667,101.79127029668948,CONTROL,1,940,2018-11-30
-0.4105148565836103,-4.170478544174294,4.457014905392409,9.024122037741833,18.17187458507119,0.5146263698610152,87.27042534632835,2.162520737732699,42.358763154120666,44.911662192207686,CONTROL,1,940,2024-06-21
1.6047920550144035,-0.04671341472306523,1.2840024424387586,8.919755559086973,11.315389013131227,0.9765034985644734,213.7106717136992,0.863409317078981,5.021453104708292,208.68921860899093,ENTRADA,1,1335,2024-06-05
-0.8448641707547999,-2.4204290488361035,-4.7142434407332345,-6.5354748515911165,1.9610011938042682,0.5987376847290673,84.96441755328772,0.395236131043748,34.0930189030785,50.871398650209215,CONTROL,1,1335,2023-11-08
-1.9393795092992328,4.571106258965951,3.876860172637997,21.074261485118928,-16.600850721031346,0.8437724499276853,144.54572126028935,2.190764982665663,22.582023905930697,121.96369735435867,CONTROL,1,1335,2018-06-19
-2.4106288785163965,-0.12500634046452852,-0.331740737401498,-0.5240441302845067,-5.002620248503176,0.8302554964076148,211.79944789778793,0.9639595995133539,35.95179214455127,175.84765575323667,CONTROL,1,1335,2014-12-17
-22.192726190043423,-15.741291098704258,-2.637275155286112,-5.219412227752684,-41.56981742132304,0.28909799828072985,103.08816661974691,4.806220049202115,73.28558400354773,29.80258261619918,ENTRADA,-1,575,2024-06-07
-25.330658273825524,-34.571769135534055,-40.52286433729124,-39.075954911079734,-113.57095516417503,0.12679890249324935,219.74908152896074,7.0328667591098375,191.88513916718895,27.86394236177179,CONTROL,-1,575,2015-01-27
23.624505231722992,4.1736233472788875,7.410193005485954,4.7884104756668044,-31.153274262837314,0.4982014388489143,85.59285909244839,6.004341236949706,42.95037353739823,42.64248555505017,CONTROL,-1,575,2018-12-19
-1.5767405843725157,3.6384677500778118,-6.899302437022303,-10.135435425190353,-10.060928955154536,0.22764738266378418,49.37595790897451,2.7684867075504,38.135650324479286,11.24030758449522,CONTROL,-1,575,2026-01-28
-5.216483265041427,-4.180891958751598,-2.6992967596628503,-1.5809600745109176,-12.351801161276654,0.1858998461801522,30.849149871559447,1.8125997252218002,25.114297655648084,5.7348522159113635,ENTRADA,-1,260,2024-06-10
5.492531932027589,17.153116001280555,8.654667167593555,10.204569624951976,14.273066893637498,0.7287595060920816,27.82068003124058,4.045927423199173,7.546094992527858,20.274585038712722,CONTROL,-1,260,2016-03-21
-0.8912193393106893,7.717688154640356,6.084106991841587,-12.591331961780972,-25.000484476843667,0.33598634533681615,79.93659766194956,2.9536546032846096,53.07899235485165,26.857605307097916,CONTROL,-1,260,2018-04-20
3.0135765754324417,14.502224301817801,-11.593264004448045,-11.244292374645859,-9.305255019244063,0.5268189959819968,34.28326512542322,3.366758026417566,16.222189813063157,18.061075312360067,CONTROL,-1,260,2025-09-15
0.0,0.0,0.0,0.0,-3.1363879660495364,0.7471523720644777,82.1059375787885,0.0,20.760291556218732,61.34564602256977,ENTRADA,1,1083,2024-06-10
-7.640859506826692,-7.640859506826692,-7.640859506826692,-7.640859506826692,-2.986123234713922,0.49367264636351094,101.84744552839982,0.8639310871514092,51.56814756903114,50.27929795936866,CONTROL,1,1083,2019-02-20
-14.177446643318659,-14.177446643318659,-14.177446643318659,-14.177446643318659,-10.075666724962407,0.04482175383814638,449.0640445751285,1.7410378626424905,428.9362065116196,20.127838063508797,CONTROL,1,1083,2022-04-21
-7.2300401362479505,-7.2300401362479505,-7.2300401362479505,-7.2300401362479505,-5.456932257097424,0.8420366972477329,64.54776297587689,1.3431485756862886,10.196177824940023,54.35158515093688,CONTROL,1,1083,2019-11-27
-0.9891294105413007,-2.5138056416196264,-3.9475445248327024,-8.284219277195914,2.3536762372078357,0.9264059415386632,141.81283050129565,0.7509689812815873,10.436581738480001,131.37624876281566,ENTRADA,1,1230,2024-06-11
-4.34010189002465,2.5245754552183364,10.6589492936493,-4.179424557536615,-19.201528958701086,0.23980855855856012,300.63811964398326,2.9500079247442215,228.5425255244037,72.09559411957956,CONTROL,1,1230,2022-11-15
0.0,0.0,0.0,26.205111614363563,1.5419039286279634,0.5723445776414832,128.6036447857634,0.0,54.99804602770032,73.6055987580631,CONTROL,1,1230,2012-09-26
0.0,0.0,0.0,2.166656261819444,-0.03671489780532333,0.18947368421051455,62.78270575104238,0.0,50.88703518768772,11.89567056335466,CONTROL,1,1230,2012-04-30
12.040048799017988,-7.538631836467857,7.928611492544757,17.081165541135146,59.44563635543743,0.9391193862092619,157.43361637652217,2.814500860043756,9.584655196298261,147.84896118022388,ENTRADA,1,650,2024-06-12
6.332865621694328,-5.094982678708337,5.657178013533937,7.909824993244108,25.590713968890455,0.8171002700762255,43.868581720999664,2.3364844720677236,8.023551748909867,35.8450299720898,CONTROL,1,650,2018-01-08
-3.2929399367764844,-32.29307900602274,-38.02677702796742,-38.372896536016384,122.50902243841288,0.6359193646915076,190.31711768968788,4.94485023045446,69.29077711854269,121.0263405711452,CONTROL,1,650,2012-07-26
1.334634230600873,9.034962061937879,-6.890164176026614,14.727661897528943,15.796863871819777,0.6587012380284969,57.76346501991023,4.14237972817721,19.714599098479592,38.04886592143065,CONTROL,1,650,2018-07-26
0.7266715438492,2.4650816305937795,2.419070638344234,5.311940239600688,63.21953330549191,0.9904100058071467,186.54377714408955,0.6752299018779703,1.788953739524741,184.75482340456483,ENTRADA,1,1200,2024-06-12
0.0,0.0,0.0,0.0,10.814126788754042,0.997680890538025,84.69116792105945,0.0,0.1964080888714466,84.49475983218801,CONTROL,1,1200,2012-02-08
-6.060479622812531,-2.786021061067512,-3.5161817396445194,-12.842416667622203,-12.811184612402382,0.09899795880497317,112.49476823134454,1.2809354499974752,101.35801580020289,11.136752431141652,CONTROL,1,1200,2020-02-17
0.4825494159477195,-0.11553309108958132,-2.43106870473353,-3.5734936178832832,-3.2882514512300176,0.5737209500297896,159.66857658664992,0.711405473983379,68.06336913745291,91.605207449197,CONTROL,1,1200,2023-10-05
2.292974919115842,5.744357190013982,-3.9224776612079015,3.03577969128499,14.423612718497125,0.6901642792939103,26.64367185660094,1.426766418263857,8.25516127194651,18.38851058465443,ENTRADA,1,240,2024-06-13
1.640076121200984,-11.134087995792186,3.6631856690205744,24.468271261259833,27.332400356794295,0.7956642214178196,63.80786631192116,1.7485590051214401,13.038230042514092,50.769636269407066,CONTROL,1,240,2024-09-03
-5.272680567909305,-0.3443535793701269,-2.000885617210457,10.57471567253554,0.728449064326675,0.5659356207994363,50.96969070304283,4.087042006729007,22.12412715306103,28.845563549981797,CONTROL,1,240,2023-01-10
-8.781329448107611,-11.831306522147589,-13.986823491255462,-4.690715970460113,-6.6777456400612945,0.3185813882994383,29.830316227574283,1.8276163116522017,20.326932670382405,9.503383557191878,CONTROL,1,240,2022-12-27
-8.66612312568682,2.5944537749111873,7.403897184921071,3.162281610662454,14.592222519520526,0.5722242272314838,52.273836154937385,3.468663549225539,22.361480656753145,29.912355498184244,ENTRADA,1,585,2024-06-13
6.334902207059123,12.041065124013262,16.91092739737332,10.774111457969582,17.544082175389164,0.7883510573279603,34.5286830542483,3.35248822761301,7.307959260289626,27.22072379395867,CONTROL,1,585,2016-11-07
-7.250415613212491,45.929181930837174,29.78780693554617,33.3604805195864,29.09869602473414,0.7228406055209305,75.79650662810258,6.313266400320068,21.007713880673684,54.7887927474289,CONTROL,1,585,2022-12-14
-2.6790433642986944,7.936939385702058,-76.68590402403419,-76.68590402403419,-76.68590402403419,0.2400284900284952,101.68607682948166,15.660114759435002,77.27852135117962,24.40755547830203,CONTROL,1,585,2012-04-04
5.5177687751961635,-8.89824208136325,14.350731907908365,37.327375604052634,100.74763943839216,0.890496860496868,183.6069886143112,4.455997977749276,20.10554168798288,163.50144692632836,ENTRADA,1,860,2024-06-17
7.713547081680261,-4.918225690190292,-8.839472364500223,-8.321039998515634,-3.8452720770776327,0.6329116453824111,117.58087518408423,2.9130230265431134,43.16257000582158,74.41830517826267,CONTROL,1,860,2016-06-28
-4.180290713091672,-1.0454004341020617,12.181941416768982,12.299849392269913,5.8975371571001745,0.779788588189718,236.14144178405846,1.8780155877694553,52.00104028218303,184.14040150187543,CONTROL,1,860,2019-06-18
-3.1217510149206262,6.217923076470289,18.5725166976769,37.66359970641897,40.22790059544867,0.9828728840625963,206.92602419418563,2.3851281891185048,3.5440460068398214,203.3819781873458,CONTROL,1,860,2022-07-07
3.2238640020287868,-0.13497247790761335,1.5160564225924489,5.460658533229523,10.196681279348585,0.8514078411874202,27.2472468253442,1.3840274341496284,4.048727227477107,23.198519597867094,ENTRADA,1,275,2024-06-18
-0.009060073954403336,-0.02944518032399479,2.2043507949032204,6.888138801777188,6.790609647604473,0.7979976442873103,11.538014632485812,1.3117565809287868,2.3307061360096166,9.207308496476195,CONTROL,1,275,2015-02-20
3.5772371720232954,5.964896457315572,-36.78051973249552,-79.41634187609293,-49.38664285297767,0.16849545607539865,104.77486311733755,4.248639890775176,87.12077477114428,17.654088346193255,CONTROL,1,275,2022-04-11
3.7316766900175047,3.524288254437291,0.6217527666430023,-1.659701170908523,1.656106140028868,0.421064350924055,27.921180742861235,1.1694811380235477,16.164566896335145,11.75661384652609,CONTROL,1,275,2016-09-21
1.0122772914877842,1.0067697883942017,0.16068909088673422,2.8591348808637562,11.698732895371045,0.9339088643645476,28.122641950512104,0.4674058572405214,1.8586573435785607,26.263984606933548,ENTRADA,1,1345,2024-06-19
0.0874422855678958,13.092990744185684,9.453958809904073,11.387075796915891,-4.980339826172742,0.14014260790411487,177.3448570495925,1.8461891117262919,152.49128628428014,24.853570765312345,CONTROL,1,1345,2021-07-29
0.0,0.0,0.0,0.0,0.0,0.7325352589623186,260.0887552907183,0.0,69.56457158064485,190.52418371007343,CONTROL,1,1345,2015-09-01
0.0,0.0,0.0,0.0,0.0,0.9598357170035147,199.9501008611521,0.0,8.030852436163094,191.919248424989,CONTROL,1,1345,2016-03-29
-12.276977815606216,4.1536694364885385,-18.202105109945688,-28.827658860132168,-19.22951678197893,0.11016215336110845,205.52203088663666,3.3493753266888224,182.88128140101654,22.640749485620137,ENTRADA,-1,920,2024-06-20
12.286840243815877,24.808915660756714,15.456703458651688,36.207481610519565,91.34177337511984,0.9788067780654227,143.26890306985484,4.368179727246922,3.0363296590828712,140.23257341077198,CONTROL,-1,920,2022-11-23
-2.402582456458857,-10.221800289020866,-12.350129945338795,-1.4067377623405708,11.25250047662174,0.5673364253907891,168.83086060834472,2.1066710596882006,73.04696365515585,95.78389695318889,CONTROL,-1,920,2019-02-15
9.511308547058839,-0.010984117515544511,-3.7217350022855644,44.55554857351718,2.3012053012227973,0.2146372647258552,225.71337802575846,3.323935769604967,177.26687595427668,48.44650207148174,CONTROL,-1,920,2024-10-23
-12.595964645260027,-6.239699886692041,-9.252688461383052,-19.006242299799414,-37.48119957609153,0.01000296018552351,41.084795488922765,2.714047747002717,40.67382591541669,0.41096957350607033,ENTRADA,-1,250,2024-06-21
-1.2084361308317693,-0.002010951642983372,1.8101844598095163,-2.6155643165448605,0.8024342516743665,0.4522732682695872,8.448009549609125,0.8430333070674254,4.627200660234722,3.820808889374402,CONTROL,-1,250,2016-12-28
1.4652866658448893,-2.1113695999330773,-1.6020832889318548,-3.8921443267803113,-12.357309752762946,0.11172979705470727,18.01510594813214,0.7947055344489695,16.002281816628287,2.0128241315038538,CONTROL,-1,250,2021-08-06
6.416408812555119,1.4231680571263894,-5.009192091111059,2.402017635134701,-7.094874646160765,0.3456243556310483,24.5946319445182,1.620382447596219,16.094128126711297,8.500503817806898,CONTROL,-1,250,2023-05-12
1.523221405863584,-17.898318326091676,-4.708400050521533,-21.451017169202835,-38.473886103592704,0.12961716535111023,74.94544829211412,4.433048036137244,65.23123172852209,9.71421656359204,ENTRADA,-1,588,2024-06-24
-8.968946873573191,-48.00031166961261,-45.551666928339564,-40.73689944093295,-45.66287474887854,0.16327599755523112,76.50957097790872,4.48444354729193,64.01739445396792,12.492176523940806,CONTROL,-1,588,2021-08-02
-14.038318467829436,-46.39942821394016,-52.79937532787105,-60.78774500467121,-56.51274429067765,0.01755435637223187,123.92313517504395,7.614565110079768,121.74774429741696,2.175390877626984,CONTROL,-1,588,2025-01-28
5.522443119947429,1.1106656107928714,8.080165915704818,3.0882609424986995,7.657495454405083,0.6823912159414622,27.30823433774494,3.614383458974609,8.673335102796779,18.634899234948158,CONTROL,-1,588,2020-01-13
-3.0517113014894015,-0.9644626343330298,0.6323767950622283,-10.735640254050383,-16.13342116485672,0.37366339534201626,104.35850246135004,3.1285738169292077,65.36355009883383,38.994952362516216,ENTRADA,-1,760,2024-06-24
-4.131561728077937,-5.958457561765496,-30.236976967741303,-32.571869610033,-45.82102550750089,0.07090517913380774,72.31755775866287,3.677774290365607,67.18986837126539,5.127689387397479,CONTROL,-1,760,2015-10-20
1.8338771645209917,-4.364459052020875,15.768507896620765,47.618328602583304,112.4392024711307,0.9556049822064067,237.66556712107808,2.7271898186093013,10.551167081264717,227.11440003981335,CONTROL,-1,760,2021-02-01
7.114729365609307,117.61231556188801,132.1615784504182,143.7760429399515,-104.53654141713953,0.6607429080269681,1052.5258746502075,18.698708445588586,357.07686746020124,695.4490071900061,CONTROL,-1,760,2020-03-13
0.6537363616287983,9.790940909266688,19.67450479585464,5.266079544004043,-14.794623535643314,0.20539128193311137,130.96531879098674,2.5878074896838394,104.06618407572736,26.899134715259365,ENTRADA,-1,900,2024-06-24
-0.9129251949091532,14.409748890009677,37.75798233073058,26.510824032572877,33.38109040009529,0.62907608695652,107.51588634869643,3.4186411276873194,39.88021327879656,67.63567306989988,CONTROL,-1,900,2013-01-10
-1.8609155129134525,9.821871660200543,13.892442436760355,0.0,-20.263530592612433,0.34736110818719457,80.37436406180845,2.8059924189195593,52.45543589145764,27.91892817035081,CONTROL,-1,900,2017-08-16
11.858628301542051,-27.5975908856263,-1.6027906810267556,-43.897392702184625,-97.0417649344768,0.2422644362536627,377.265276355639,10.40942506995378,285.86731686125785,91.39795949438114,CONTROL,-1,900,2022-01-27
5.11136430730641,-1.4507241429750906,-8.190355745703037,12.51878695492703,39.18594104401096,0.9312196876666857,122.87069246160202,3.628168979329648,8.451084604119597,114.41960785748243,ENTRADA,1,900,2024-06-25
1.881467692923522,-5.449737586711301,-11.519171828197061,-29.822709130647993,-76.37557848235166,0.012148893500110997,407.7148666358882,3.2504406102996026,402.76158214271686,4.953284493171364,CONTROL,1,900,2022-08-26
-3.0662456959995588,0.6936990102457408,9.924774421987692,0.493141065303071,12.138814319588853,0.22779989020039026,95.80929663142014,1.4477104210666591,73.983949378606,21.82534725281413,CONTROL,1,900,2013-07-23
-0.4688981754119581,-30.950729024781243,-62.36497119504358,-35.87718892570146,-17.136411327370872,0.3935945883875793,114.59116860646482,4.590336481263716,69.4887047659516,45.102463840513224,CONTROL,1,900,2015-01-30
2.5893172573376866,3.271579732138097,2.9502052779384336,0.8496144437497577,6.448924638522424,0.9910300161649933,143.8431589963183,0.46984811898784296,1.2902708109732801,142.552888185345,ENTRADA,1,1385,2024-06-25
0.0,0.0,0.0,0.0,0.0,1.0,59.26012849473353,0.0,0.0,59.26012849473353,CONTROL,1,1385,2013-01-15
0.22150601942438897,-1.0791439890978083,4.184999898497743,5.643285037433277,7.825554407425717,0.25567678925682824,194.83178439884472,1.0162117076523152,145.0178193185695,49.81396508027522,CONTROL,1,1385,2022-08-17
0.5882327635275963,1.4066059730510894,-0.15626512995581265,1.14141028616066,-0.3932871847112107,0.9594489477554488,206.5356892747508,0.7061689736132432,8.375239526144815,198.16044974860603,CONTROL,1,1385,2023-01-11
2.3463475795626465,4.919298538552663,0.7117707740444956,5.890691509564672,22.44342769846641,0.8903930032317027,44.702488868575955,1.2831065327896256,4.899705552952849,39.8027833156231,ENTRADA,1,285,2024-06-26
-6.42337369263557,-28.044639318548505,-34.888728541464516,-41.55494291958717,-30.775135599334646,0.019555617859412948,50.382185463792915,2.587803353706534,49.3969306979409,0.985254765852004,CONTROL,1,285,2026-01-26
2.8725365626947053,1.2640923169704443,3.9906863425387407,25.581058528985068,17.013018324947282,0.8731408464763724,38.00998492481818,1.9304162980556758,4.821914513008281,33.18807041180989,CONTROL,1,285,2025-01-03
-10.312116439571417,-2.2471560432479887,-2.194535629166383,-10.28470665492387,-2.066414043927489,0.6505520046484538,39.3912912515628,2.874206302454206,13.765207762167524,25.62608348939528,CONTROL,1,285,2015-10-15
2.119108060776309,0.16850967627712876,-1.0275346080002024,5.497349314347311,19.595175171946977,0.9716959675177486,119.42456776361715,0.7900336896197305,3.380196845160257,116.04437091845689,ENTRADA,1,1370,2024-06-27
13.073570443129512,27.39692369277069,18.161787373596194,-12.441833535055125,21.41011172063223,0.3200740500844662,408.67563350187356,4.719267449900777,277.8691683160939,130.80646518577964,CONTROL,1,1370,2022-09-29
-1.293367785347721,-1.8456828522295243,-2.511279831912683,-2.0249414517048425,-2.8354791336893115,0.11808324873096251,162.35118000793395,0.5075772555617056,143.1802252372918,19.170954770642137,CONTROL,1,1370,2023-11-09
0.8632048514112256,1.8158797193024157,-1.7160451210751493,-9.950810882063399,7.267477936949707,0.6064835887321112,196.16869336947192,1.4987923046079021,77.19560021786549,118.97309315160643,CONTROL,1,1370,2020-06-10
5.171036421278696,-6.683526066205703,-0.8974711140685709,45.715778408199625,55.64891339039369,0.8011330814196862,95.19849715846047,6.373012343526669,18.931831783379792,76.26666537508068,ENTRADA,1,620,2024-07-02
-9.62399674631853,-2.646011017278793,-5.413365425689376,-14.049108974953928,-17.57016650109522,0.4471512701371308,65.92491831422848,3.5234945314879953,36.44650735633462,29.478410957893857,CONTROL,1,620,2024-01-23
22.64547011227913,3.9285738951755356,39.13862411428548,58.12457366462631,86.70409734890194,0.8953827460510371,111.40801866998073,8.159853750367544,11.655200981148182,99.75281768883255,CONTROL,1,620,2018-10-09
-21.12659675505668,-34.33938045002583,-7.105342441512397,-1.4017494984031043,7.626217480471986,0.6851010766641719,164.93935011641926,8.17794988921365,51.93922376737162,113.00012634904765,CONTROL,1,620,2026-07-02
4.01135741550096,-5.238115325305603,1.8677933783872724,17.273860526025864,55.68586626662375,0.954860283323088,159.6029282131777,2.1698559783188403,7.204430960348353,152.39849725282934,ENTRADA,1,880,2024-07-02
0.025704930957104466,11.355150949521331,-23.552174873775478,-6.890578722986707,22.348805820222584,0.7350372803262639,137.6131362141498,3.683305152242459,36.46235083413344,101.15078538001634,CONTROL,1,880,2015-11-24
3.755005211385498,0.5613168493279197,8.531794099368994,-1.2978039053368473,-6.941084912605033,0.3657195233730371,38.27264435557375,2.1213014638790426,24.275591103627562,13.997053251946193,CONTROL,1,880,2012-09-17
3.173563325333806,11.736929001464613,29.37933331109921,36.048171128499895,-17.17107221262615,0.42331866062238926,174.54029783807536,3.2414932543328607,100.65413273262838,73.88616510544696,CONTROL,1,880,2019-09-20
5.258399698184757,3.8265568435869035,9.988840408956534,15.480477242668655,35.067307559424336,0.8200083936627924,47.55669555461788,3.222510631111285,8.559806024965212,38.99688952965267,ENTRADA,1,640,2024-07-03
-15.902119740039966,-13.836871034476061,-22.44858036295483,-41.30277125317106,-50.40107694217699,0.01715297600170044,79.08542170321738,3.5616591668582,77.72887136265773,1.3565503405596469,CONTROL,1,640,2016-11-01
6.2316293009057055,1.116079464857922,12.831926987777464,-6.978844030031128,-12.547728106192535,0.46604215456674886,30.74275799257697,3.1871609462145454,16.41533682039226,14.32742117218471,CONTROL,1,640,2013-02-20
-12.259564546736046,-4.668002410268546,15.452933459161322,-0.12306848067744625,8.331649435153743,0.73885268940847,50.69836068822983,3.1203792063650515,13.23974054513057,37.45862014309927,CONTROL,1,640,2021-10-20
13.029193686064922,-4.396639539846481,-5.0951855502512355,17.285923268643977,47.1866736957427,0.8984604186915519,111.73517077002651,3.536667768172266,11.345542457416435,100.38962831261007,ENTRADA,1,775,2024-07-03
14.813646788991441,5.78319796239013,10.755797422710156,17.539996448083794,-31.746783658439526,0.18243151217994047,168.15195412726024,5.800902712539289,137.47573885981217,30.676215267448068,CONTROL,1,775,2026-03-13
-1.453947111786924,28.365388890370102,14.295989131496434,72.22386450813856,-13.477112816361325,0.3512491203377894,403.1920553289585,9.296972397008197,261.5712005674765,141.62085476148195,CONTROL,1,775,2020-09-08
-4.5686120687071785,5.370190347768755,-16.28430917501533,1.18852330550423,6.926139905412132,0.6196824152127122,66.61469127531707,2.169138995518086,25.3347384971794,41.27995277813766,CONTROL,1,775,2018-10-03
5.941644185092354,-11.256508639594376,11.786467007255386,37.65373661654748,33.60029592266889,0.6805755395683352,80.60528511075199,6.314698730579751,25.747299704442465,54.85798540630953,ENTRADA,1,615,2024-07-05
-17.115658501702935,-6.857242182822798,48.90455490014433,4.781819428385514,54.41754766380535,0.810029354207434,217.16599439767108,8.979213676493067,41.25516419991034,175.91083019776076,CONTROL,1,615,2022-03-15
2.1670462058343,4.665824124148177,-10.637946656200103,-25.67577466852211,-25.67577466852211,0.3119730185497667,43.551863806785896,5.142354841438037,29.964857391514563,13.587006415271327,CONTROL,1,615,2012-04-13
-10.062037447506889,11.473651981568356,29.449209175467228,123.78294082047381,121.94675860302873,0.8522442152216294,162.03714160519402,7.076703577658297,23.94192502111941,138.09521658407462,CONTROL,1,615,2019-01-15
1.0910835357713644,0.5359411089056465,1.6079956849179844,4.54406862795631,5.631230881104621,0.8158418303904668,15.786840357244422,1.0238113680773986,2.9072756241080424,12.879564733136379,ENTRADA,1,285,2024-07-08
-0.1556248258960391,1.7099688292021575,2.170359427975388,-2.420529289071105,4.294932646735639,0.41553035739912086,15.489357652980237,1.5650483518972866,9.05305933155455,6.436298321425686,CONTROL,1,285,2015-07-14
-4.106664957368444,7.410147302508996,8.19546733471288,31.790640950566385,17.932777980806947,0.7820977271746988,72.00329599768683,3.3268640637599285,15.689681848808874,56.31361414887797,CONTROL,1,285,2022-08-24
1.539772851786303,2.9963613963679414,1.5887996258379111,-1.6171159472133656,-13.083329638290397,0.22814341846759842,23.47936243613444,1.3281130138209607,18.12270042651501,5.356662009619431,CONTROL,1,285,2013-12-17
1.8682895377697406,0.6924195371937891,-0.30473173295408884,8.203037925069712,6.867969004558105,0.7661254637666702,14.3247782533692,1.1082221251150528,3.3502008706520088,10.97457738271719,ENTRADA,1,260,2024-07-09
-0.14102702683427282,6.026398113987419,13.014814277652054,9.349832105745026,20.416141819696865,0.8798562228545636,55.39121988190599,3.6402597781680504,6.6549103773055815,48.736309504600406,CONTROL,1,260,2020-11-17
-0.36399615639615135,-0.4943396876067041,3.934324583008131,2.1648488086811746,8.72661783371198,0.8176649746193435,12.113150848202732,0.880810847448897,2.208651667346766,9.904499180855966,CONTROL,1,260,2014-08-26
-6.037941517057499,-21.05295365670279,-8.088483684625114,-3.1151623466363354,13.954213658797787,0.5102195248133199,45.227058819132516,2.623097431417078,22.151330359730654,23.075728459401866,CONTROL,1,260,2026-05-07
0.4988333005906398,-0.5850782805494337,-1.4562304750187494,-2.8969302629477944,3.0400958549581247,0.827876067247597,22.158210913167306,0.8260185108567085,3.8139584051315714,18.344252508035733,ENTRADA,1,450,2024-07-10
1.7614369921536976,1.018183851786425,-6.563572632507508,-4.399614170543797,7.726660232092453,0.8813699722218852,81.32384057127615,1.3177408077831256,9.647449465993468,71.67639110528268,CONTROL,1,450,2024-09-19
1.3340602547984304,3.1982279143605297,7.093365979620181,-2.556596494301955,0.09766478362038811,0.7496538355026312,37.12253572311574,1.0749727526162476,9.293484434698584,27.829051288417155,CONTROL,1,450,2014-07-11
-2.921649632766643,-1.881086097311746,-3.761464630739342,-6.056656796482596,-15.65203924218328,0.014671532846716143,28.63969796616487,0.6715713896533767,28.21950969673425,0.4201882694306174,CONTROL,1,450,2016-09-09
5.017085643199692,-1.657834818282744,3.254735662212571,17.911003049198015,47.249489609744174,0.918978826577617,81.5853002659706,2.9642930963004135,6.610136761566391,74.97516350440421,ENTRADA,1,810,2024-07-10
4.543801838101658,6.980906580051904,6.9740398286533,-20.540686526541172,-27.371873849579842,0.5085568326947647,116.3320401455814,2.747765183721322,57.170586268224305,59.1614538773571,CONTROL,1,810,2015-10-13
0.924850002816946,0.13717527894918646,9.61754373271173,38.30658558730882,77.46497522740813,0.9577917879081815,95.34321747293106,1.471906129645115,4.024266744613846,91.3189507283172,CONTROL,1,810,2021-01-19
7.736791205321669,17.622537882528988,6.196373740006145,4.774870762795924,0.03944306393721675,0.23004434589799733,142.31001337114566,2.4209524851606457,109.57239943044519,32.737613940700456,CONTROL,1,810,2012-06-25
1.4367510759538682,-0.0977692683012954,1.0107171352724542,1.0639693929204164,4.035375533240071,0.7838542744774174,11.691285967402166,1.1366669503036568,2.5270214877161292,9.164264479686036,ENTRADA,1,275,2024-07-11
3.470101005305093,0.9657738384283299,8.274469414835117,2.2582602546461494,5.605706431017765,0.7568002711634686,31.83239237921556,1.8827268265441282,7.741629194843295,24.090763184372268,CONTROL,1,275,2014-03-21
1.6759613805605866,4.64510026378484,1.8167057847096046,12.946634227295473,15.768625367618139,0.8806250000000091,22.511241551249654,1.3233564744128685,2.6872794601802226,19.823962091069433,CONTROL,1,275,2018-06-04
14.810076001787742,12.426199172468344,8.489296299158955,12.100984163432305,-10.67382555938079,0.5561594059170263,63.29832891166119,3.928252745644415,28.094367908611172,35.20396100305001,CONTROL,1,275,2024-07-18
-12.475808435934432,8.017674148446119,-19.439254398743167,-61.31131763269848,-98.53502172235795,0.05307262569832663,257.77444950348064,4.545160038979489,244.09368263039025,13.680766873090427,ENTRADA,-1,740,2024-07-11
4.859629112490271,14.528736010246401,14.078416187170983,30.52975376989231,19.381892700052195,0.8858216931411942,69.62085079435411,2.630384868710563,7.949190865768896,61.67165992858521,CONTROL,-1,740,2014-08-04
5.606842982661675,7.357862581960362,10.576084122111418,7.571332179012735,29.927945937440192,0.9782207456626174,65.83488057858834,2.4348032696155126,1.4338346083922844,64.40104597019605,CONTROL,-1,740,2024-06-17
-9.6940190595185,2.4264450154087847,-2.7081393735162163,-20.040457514229892,-57.630438948046425,0.5109126984127021,135.8479581027637,3.9883414659975536,66.44151125462498,69.40644684813869,CONTROL,-1,740,2018-08-13
-9.288131128116772,-8.410896869814888,-5.963008588660834,-38.77393382766048,-37.34527925054798,0.035602290054373084,275.03275058960963,3.892889084503016,265.2409548286663,9.791795760943332,ENTRADA,-1,820,2024-07-11
-3.8130133060121363,1.5514575568920108,-11.37156729836164,-23.482003506544167,-39.10870025597646,0.5305715847658409,110.17119799784557,3.2179006296777963,51.71749088057741,58.45370711726815,CONTROL,-1,820,2023-06-14
10.905283732478566,19.929296319636247,-1.0498808675907245,-12.53548013897099,-19.093864377823788,0.7146329693113412,113.48220016609854,4.511288974476937,32.38407849741556,81.09812166868299,CONTROL,-1,820,2026-05-14
2.3393093562429357,6.03641884838968,10.930060214962012,2.1255347871873553,6.543446404516651,0.4233640959050161,63.117309562844945,1.2846253857527399,36.39570686381407,26.72160269903088,CONTROL,-1,820,2013-11-18
-1.538253714653548,0.22056632629663397,-5.809851253969489,-3.333026331057143,1.1271664321821362,0.0982467174299073,294.07667359292253,1.0014307665423396,265.18460573971157,28.89206785321094,ENTRADA,-1,1315,2024-07-11
-0.013096688086244868,0.5953402244363026,1.0704725797072712,2.9774101509905115,5.360615131777546,0.9199227490048896,50.552091609310935,0.545944657089943,4.0480725281266094,46.504019081184325,CONTROL,-1,1315,2019-11-26
0.0,0.0,0.0,0.0,0.0,1.0,130.63383104114513,0.0,0.0,130.63383104114513,CONTROL,-1,1315,2015-12-21
0.0,0.0,0.0,0.0,-14.565053955443164,0.8578233182103456,201.99914797227692,0.0,28.71956858303573,173.2795793892412,CONTROL,-1,1315,2016-09-15
4.6772432636932315,0.3815618723401748,0.549575883670439,2.3887921946275092,12.533281337323565,0.8845716419684054,28.854087050093174,1.4221021867668566,3.3305798906929502,25.52350715940022,ENTRADA,1,245,2024-07-15
14.067822553283094,13.616551993356207,9.113688602075953,13.544919993220272,34.83800847260632,0.9723453383819012,70.5453774666373,3.0307693060778975,1.9509085425609065,68.5944689240764,CONTROL,1,245,2026-05-20
7.460471092168852,4.5804812185124,-0.21368748073680166,5.661564188699231,11.163676171577208,0.7970484523965501,22.861636788096074,1.606499072223573,4.639804566892061,18.22183222120401,CONTROL,1,245,2025-08-08
5.674360986422933,1.1415385859425697,5.5281558192188385,-17.61668175682796,-10.192518004702444,0.2973663248662949,32.264161203401834,2.8813050162405025,22.669886161452535,9.594275041949297,CONTROL,1,245,2026-03-16
-4.295309729746011,-4.627714926088711,-5.198831518474778,-18.75261670683748,-28.70053035013975,0.2033074797183099,44.034434755248746,1.682869719106817,35.08190480433877,8.952529950909973,ENTRADA,-1,240,2024-07-16
-3.580784209827881,1.3932200844424258,12.879443158813064,3.8639736489676224,-4.565954076448664,0.738405942581795,45.05625020917958,2.9061186463893285,11.786447304269132,33.26980290491045,CONTROL,-1,240,2020-07-21
-6.584776829219319,-7.611343508507895,6.593866992143926,-4.961722002233548,30.18557993796689,0.7740881930342651,76.6382897750507,3.7129957432914065,17.313494525845307,59.32479524920539,CONTROL,-1,240,2026-03-04
0.0,0.0,0.0,0.0,0.0,,0.0,0.0,0.0,0.0,CONTROL,-1,240,2012-06-07
-4.639955137611951,6.136611184461849,-6.307598113846069,-11.50315041833272,-29.634380228408254,0.24347935277865138,54.74487230836527,2.4613365047087536,41.41562623077458,13.329246077590689,ENTRADA,-1,270,2024-07-16
-0.8312655344033804,0.20524643047359348,-7.666859322142949,-9.529490469473156,-4.975165614373722,0.28746381652197095,27.931600024794825,1.2059468322245572,19.902275680102125,8.029324344692698,CONTROL,-1,270,2016-09-21
-0.28192195594800573,7.5116863756052865,7.106995890302503,4.835421071152091,7.792703342532903,0.9038619556285895,49.01552762510334,1.6755348169199575,4.712256969710281,44.30327065539305,CONTROL,-1,270,2018-09-18
1.3859216778633332,8.725364520665302,-0.3701469522954248,-0.8367461583436153,48.72892688507102,0.7887264250900583,74.649065158479,2.2730934270512932,15.77137485971703,58.877690298761976,CONTROL,-1,270,2022-09-12
-16.731763019438574,-21.05040054984686,-15.019255859406444,-35.040535556496444,10.147269146176807,0.18651156909849642,97.30253601239674,3.3330798386471665,79.15448734346168,18.148048668935072,ENTRADA,-1,730,2024-07-16
10.681973561668112,2.9748565659071247,-37.13890886170468,-29.298180266177365,-22.821482667496618,0.4867357710211688,206.43472841787377,7.860584633563569,105.95556171585442,100.47916670201938,CONTROL,-1,730,2022-06-17
-14.539853590703755,-19.316551447532415,-54.75477711442301,-124.60841250214405,-174.19185306251194,0.031871820604218115,214.13228628324103,4.445122098436942,207.3075004692505,6.824785813990534,CONTROL,-1,730,2022-04-22
-0.25943219592816646,-10.164070146509996,-5.010044552212767,-17.598583708594575,-5.457475114183374,0.2004524441821428,49.76821824198157,2.245928341235803,39.79205725278606,9.976160989195513,CONTROL,-1,730,2014-10-29
-4.364858459572352,-7.305591766957331,1.7070127788576528,-6.637819944865786,-4.450955690522562,0.20831793734859472,107.94446822824278,2.675084486957724,85.45769925874434,22.486768969498456,ENTRADA,-1,855,2024-07-16
-21.85717982582269,10.617649294855092,-10.012562152721394,-1.3637138473787669,23.227206927720623,0.7231660132728605,201.62469402663555,7.1221013338516155,55.8165678700332,145.80812615660233,CONTROL,-1,855,2014-10-13
10.323302805361756,28.54329312364179,30.52660189486689,40.66034161015919,28.711364709381737,0.9566648381788212,93.53220513699348,2.549343478405631,4.053233245103305,89.47897189189018,CONTROL,-1,855,2021-04-07
9.737560859754968,-9.244992295838195,-12.243962936339114,14.216864607135005,36.19564699719247,0.47445544554455515,99.85131052373494,3.746238357091928,52.476312500988556,47.37499802274639,CONTROL,-1,855,2012-11-15
4.893741730414014,-9.95007351611843,-26.85797279297408,-35.035067572238844,-27.425090794522824,0.038720323565229794,132.4857121542778,2.6802191064895737,127.35582251189425,5.129889642383534,ENTRADA,-1,450,2024-07-17
2.9090656238128787,11.22561170037839,6.911603044059689,8.450353021578483,6.141635564793635,0.9353322842792791,71.34596278832365,1.702089784118553,4.613780439416449,66.73218234890719,CONTROL,-1,450,2018-12-18
0.0,0.0,0.0,0.0,0.0,,0.0,0.0,0.0,0.0,CONTROL,-1,450,2012-06-01
2.607218226511332,1.9183609082751296,2.346297177306944,-9.113881471290997,2.759083305268195,0.17054263565889943,35.60015724782661,0.8588258655333438,29.52881260091099,6.0713446469156205,CONTROL,-1,450,2018-08-01
-20.76520699132778,-13.551139767514764,-12.473585907620821,-48.74192590604065,-77.54595398775876,0.06544417390027946,218.86170416953604,5.5849559801555895,204.5384807417534,14.323223427782633,ENTRADA,-1,650,2024-07-17
-2.9194702874679734,-20.7116685830111,-15.797110050674856,-34.42160734159594,-27.760015235847035,0.092914930129933,51.58941955263027,2.501228649290187,46.79599223945383,4.793427313176441,CONTROL,-1,650,2019-07-17
-2.3132116079538356,-4.721753684929775,12.13725485341044,61.21667134940889,38.4728588331118,0.9049718423169708,113.38656802464291,2.81064538717213,10.774916665383289,102.61165135925962,CONTROL,-1,650,2025-10-01
-4.2892803244409805,-2.4145133569108967,20.423108655398536,-18.485973227395647,-33.94648427163527,0.24210094378333877,98.03870296043047,4.232445116529501,74.30344044641585,23.735262514014625,CONTROL,-1,650,2018-09-19
-13.083823565338548,-11.844108558534128,-7.705136793142442,-18.8768182391863,-54.29398604973934,0.02811794407659964,264.7152446776893,4.316955988727789,257.2719962316187,7.443248446070659,ENTRADA,-1,790,2024-07-17
6.965928017217404,-13.275589040280256,-26.066743768924372,-27.355079108483118,-86.46506134341925,0.053828579851131694,187.96991179239404,4.231707950897801,177.851758385867,10.118153406527064,CONTROL,-1,790,2023-10-25
-6.990245044380394,-2.3224472706340205,5.974625030895631,37.31304071397324,45.70247214055412,0.8815018447514913,90.45252436682313,2.27159077973694,10.718457275039327,79.7340670917838,CONTROL,-1,790,2013-07-25
3.070437718382113,-92.00787804175104,-10.965763787539329,121.05088939777131,-65.63423792910639,0.6503243862104058,1053.681316692827,17.60932579799364,368.44666115319205,685.234655539635,CONTROL,-1,790,2020-03-13
-7.894512914811136,32.413854680570786,-28.713986892660024,-38.94087383991107,-76.69339263556729,0.36045338822585055,134.71127561606744,8.193940117721105,86.15413988802953,48.55713572803791,ENTRADA,-1,660,2024-07-18
-1.886491088844977,4.417172355297705,-1.1194039236983588,2.5290144644540824,-12.549374924542,0.5302679810669583,35.345676667375486,2.029541331469922,16.60299606152079,18.742680605854694,CONTROL,-1,660,2019-07-15
12.816957296875042,35.81605256530729,22.745350472508363,132.1886132435468,58.842551953355304,0.5544889695615736,264.58166072647964,10.198924873415164,117.8740483053641,146.70761242111556,CONTROL,-1,660,2022-11-03
5.410354220187763,15.571496689288367,30.653936165132567,-1.7389349150442879,0.8367165564848733,0.7359721459345763,185.31991686830946,6.43156945897331,48.92961996632247,136.390296901987,CONTROL,-1,660,2026-07-14
-5.60460190694001,15.6820996074436,11.474317068660422,-18.77423090671071,-132.95243082345087,0.09901235204620355,197.65745914926978,5.611070207040084,178.08692921942418,19.570529929845595,ENTRADA,-1,740,2024-07-18
-6.88315208161705,-4.5366902221744,-45.33822759707484,-102.97303488186249,-66.59660044060934,0.15725367685772157,131.7416496723665,4.536829002733639,111.02479086608501,20.71685880628148,CONTROL,-1,740,2015-09-21
1.8055390414795092,7.711119434223868,20.222507882161622,-1.8327625454350738,25.35324376884196,0.9213400847106985,46.08576963719595,1.4893386121727143,3.625102735704099,42.46066690149186,CONTROL,-1,740,2018-01-18
0.20494288946126815,8.261579361519278,10.186853432911924,0.42099594746547453,4.673931750087679,0.1769059119283623,136.0395828831622,2.876161916095771,111.97337641486237,24.066206468299836,CONTROL,-1,740,2025-08-29
-8.257054819293952,6.617617464110825,-9.267963635601895,-11.07936230882789,-33.77603702719001,0.15472291704273042,197.44004589606476,5.519482064409284,166.89154605397505,30.54849984208971,ENTRADA,-1,905,2024-07-18
4.22115788028643,4.490714485505531,30.35853949697298,40.69273846896371,67.13696974704808,0.9869566063815276,197.6322755394129,3.2794567163621924,2.577795561574967,195.05447997783796,CONTROL,-1,905,2019-09-25
0.6270112793127502,7.888874151014136,14.919129393793362,35.56385132090112,5.590252572544863,0.9530135725787896,219.7941244004661,1.613176950474589,10.327340673750994,209.4667837267151,CONTROL,-1,905,2023-11-14
-1.8587714912543518,2.3897341452427945,-2.277888293149566,5.724609098725075,27.7817685753301,0.9173680588640017,119.55942248387738,1.5656524347961605,9.879427160941702,109.6799953229357,CONTROL,-1,905,2020-12-08
0.0,0.0,0.0,0.0,0.0,0.8867697435421329,5.461606915899756,0.0,0.61841915175939,4.843187764140366,ENTRADA,-1,240,2024-07-19
6.377500687773097,7.965167580668009,21.324687001738063,68.64787195206557,54.7109097158649,0.9929187509005938,77.40378720722282,3.444938526444512,0.5481154984517743,76.85567170877106,CONTROL,-1,240,2023-02-02
-1.2656871295313454,-7.506287554519542,-47.972590244008686,-46.37085092626614,-43.889425509405775,0.08515045791540787,84.74709386396775,5.454534981137615,77.53084001445085,7.2162538495169075,CONTROL,-1,240,2020-07-22
4.219742474111943,1.9103856887792148,11.518233061615923,21.78105988928536,18.417809420103737,0.9495736906211999,29.699376472261957,1.643186020046328,1.4976299463477392,28.201746525914217,CONTROL,-1,240,2021-04-13
-29.612902035868196,-21.235626470613724,-39.78629778187192,-27.83764953557588,-59.55439683235419,0.01965983144958261,116.60451074227856,6.328349784628031,114.31208571482433,2.2924250274542417,ENTRADA,-1,690,2024-07-19
-6.952185879556261,-9.224831312802939,14.68962503556659,32.12652504296143,-17.752229715556346,0.3030572254962903,144.12133730191925,3.804180990795377,100.44432468438461,43.67701261753466,CONTROL,-1,690,2019-02-21
1.6661089223846126,-30.736913711720824,-17.66874114396466,-10.326205820225809,-157.880453379875,0.04442133084663066,322.7145412299492,7.391780559000783,308.379131824955,14.335409404994206,CONTROL,-1,690,2020-10-28
-8.773127023368188,-9.925122862526337,-23.067240665275435,-9.169637410180176,-3.659730238834147,0.28028190697754435,129.0069297723336,4.684332996112259,92.84862148242578,36.1583082899078,CONTROL,-1,690,2015-07-27
-9.00090793059194,-7.122744756713484,-7.197003979955152,-16.965519946134933,-25.293530906933537,0.07030331753554567,162.32231796475202,4.95210360979788,150.91052050177026,11.41179746298177,ENTRADA,-1,825,2024-07-19
-4.754023975341859,-5.723101657534313,1.855766440961304,19.10867694351781,62.76951655246332,0.7828774422735383,132.5637883763926,2.358135524224778,28.782588794191764,103.78119958220086,CONTROL,-1,825,2020-07-27
-2.187840977058153,4.260224215535402,4.5334668999919,21.533937601989628,28.060204951374512,0.8293754856254816,88.5302165469202,2.8079696362852413,15.105425205789212,73.42479134113098,CONTROL,-1,825,2015-12-10
2.5564484563189716,-0.44917759492002496,9.34072611458836,17.112774156549104,18.366635233191264,0.9662289937898572,71.2380069082116,1.4859889618101831,2.4057791736954113,68.8322277345162,CONTROL,-1,825,2025-09-04
0.9177841275431753,-3.967692558077829,-5.233874788334036,7.557602312504574,11.347037475559762,0.9030956154252455,95.9252300077223,1.9238370944969923,9.295575379090105,86.62965462863221,ENTRADA,1,540,2024-07-22
0.0,0.0,0.0,0.0,0.0,,0.0,0.0,0.0,0.0,CONTROL,1,540,2013-03-25
0.0,0.0,0.0,0.0,0.0,,0.0,0.0,0.0,0.0,CONTROL,1,540,2012-06-07
0.0,0.0,0.0,0.0,0.0,,0.0,0.0,0.0,0.0,CONTROL,1,540,2012-02-06
20.338962780801495,0.35401830244197185,6.293123214402563,11.97313909509612,34.638672219922114,0.8825415856194225,120.63707485234448,6.618110143605516,14.169839527667415,106.46723532467706,ENTRADA,1,580,2024-07-22
-9.15709387761976,-15.625273588948385,-8.565202057296828,-12.260020118294301,-20.44109856805254,0.2858636642092393,42.46488667695235,3.1245083121696653,30.325718571248643,12.139168105703707,CONTROL,1,580,2025-06-26
0.0,0.0,0.0,0.0,0.0,,0.0,0.0,0.0,0.0,CONTROL,1,580,2014-01-27
3.7273245240387887,10.695950459933545,12.633799099108778,15.583333137563216,18.978373840352614,0.8661525211399982,36.31259165130226,3.152406648788848,4.860348843399558,31.452242807902707,CONTROL,1,580,2021-06-16
16.28109618561968,-1.4419550972355477,6.50658852090702,23.829617249646606,30.152370437821485,0.840698093216632,144.40768454763665,5.571916483277447,23.00441950260963,121.40326504502703,ENTRADA,1,665,2024-07-22
3.283696697229388,-57.665751838078535,-19.9806946860448,-59.6500709425718,-71.8451770867845,0.1170622465772003,225.35969937110744,11.039468807580487,198.97858667476316,26.38111269634431,CONTROL,1,665,2024-08-02
-5.198223271493108,0.06373725464081659,15.040582843730554,2.2870823913079263,-6.966361391421705,0.5200876552227923,76.3487772762838,2.2238296489645086,36.64072072353415,39.708056552749646,CONTROL,1,665,2020-12-08
3.750461333051902,-3.1168649883561717,-36.9802980577727,-42.94801457089936,-41.52551997975262,0.20700957042345955,109.42555052892172,5.21639913277185,86.77341432057908,22.652136208342654,CONTROL,1,665,2015-02-03
4.166772091831472,-1.9252092959909373,-5.130734788296731,15.681098649782399,36.82948373288974,0.9591505464517521,149.91310454937198,2.2824531861110726,6.123868400563202,143.78923614880878,ENTRADA,1,895,2024-07-22
2.5658414889884185,10.041772594922005,13.10482107365285,13.419758851913599,34.402406907745316,0.9911428325737325,152.19651345782188,1.8081787254309531,1.3480300013901132,150.84848345643178,CONTROL,1,895,2021-10-18
2.283833359917331,8.923745506386194,-0.03624291450954331,10.122045015890091,9.214216011694809,0.3613086770981509,76.43658373049558,1.4265676244753513,48.81938278092818,27.617200949567405,CONTROL,1,895,2012-08-30
7.39895970626625,13.973878119368788,23.641657896464885,18.798749873123466,-1.0376451396143516,0.5154911008569568,101.04435367548717,3.9122938373783183,48.9568885639306,52.087465111556575,CONTROL,1,895,2023-08-28
12.898559301812718,19.58871820291641,-5.109350423527781,24.947690773911013,22.280647682606514,0.9235710696940058,84.24433254954863,5.257936696874063,6.4387042211044525,77.80562832844419,ENTRADA,1,620,2024-07-23
2.724306831209944,11.633716950663064,85.30734491831726,51.25017892733341,30.611555327695328,0.8434337042108206,122.66768589812088,6.931669869382471,19.205625194099333,103.46206070402154,CONTROL,1,620,2025-01-28
7.825495930162685,-13.832968946722035,-5.526967776385838,-5.380176322911101,5.339516235185471,0.7242189028765228,118.57454693053207,4.834206796034893,32.70061864342137,85.8739282871107,CONTROL,1,620,2023-03-30
6.218336080081599,14.241098359029092,11.641843457284029,17.874671056399283,17.874671056399283,0.9434167573449425,35.037420269853165,2.7093940130045118,1.9825308531363326,33.054889416716826,CONTROL,1,620,2012-11-23
-1.31734124498184,-2.3407389039342696,-1.3631467127117602,-0.42405073214624167,-6.794733867581115,0.09817847423464317,150.02665320235786,0.7319771983507456,135.29726529642042,14.729387905937436,ENTRADA,-1,1400,2024-07-23
-2.8293443714155764,-5.909522916558441,0.6018144407460291,-2.2234037795076933,-15.549525978901801,0.2671146925363795,317.3238147774282,1.536095090254229,232.56196155868443,84.76185321874377,CONTROL,-1,1400,2025-03-06
0.0,0.0,0.0,0.0,0.0,1.0,179.60576753322687,0.0,0.0,179.60576753322687,CONTROL,-1,1400,2016-04-12
0.0,0.0,0.0,0.0,0.0,0.2938199056813373,74.96757501060958,0.0,52.94060919183369,22.02696581877589,CONTROL,-1,1400,2017-04-19
9.250883108489205,-8.353200116616444,-26.497869716185505,-35.964120158226144,-97.59703514333972,0.05880773715365789,197.15161162503,3.4964716814858807,185.5575714691652,11.594040155864809,ENTRADA,-1,660,2024-07-24
12.565830696702474,-26.32792743519241,-20.8662125836101,-12.362916380855848,-18.03338976268165,0.28291605301912104,51.2879391010483,3.5316063767484858,36.777757803094666,14.510181297953633,CONTROL,-1,660,2017-02-16
-6.029575189633318,1.4226854601773198,-4.06386730800401,7.432047843525247,-0.42852149315653065,0.6648461435993134,50.529560836392534,3.54943668180205,16.935177176550063,33.594383659842464,CONTROL,-1,660,2015-10-20
-46.37964257568128,9.243672384593449,15.010456302231301,109.63261014311998,-192.4146320982967,0.3487027712490647,330.1844879043077,11.798975794673032,215.04824194862226,115.13624595568535,CONTROL,-1,660,2026-06-25
-9.00480409192661,-5.541332408212085,-15.640452314521491,-39.26622901534338,-49.468929918859985,0.02643233772492922,252.33409678948007,3.8049067323838197,245.66431672362555,6.669780065854515,ENTRADA,-1,775,2024-07-24
4.250144360269381,-0.589394458357928,-4.7465434714466515,3.215090678907462,25.700491710056728,0.8957155776622161,196.75813940556628,2.720827203060341,20.518808908166626,176.23933049739966,CONTROL,-1,775,2020-05-05
-6.635642564386535,-4.489717204154697,-2.212859771228981,12.35233254189616,19.448457894108984,0.6329812617312963,136.28250057772541,3.352796442366434,50.01823141014066,86.26426916758474,CONTROL,-1,775,2015-10-23
8.553307799454846,7.194663098462062,7.0895093160605605,9.41447696221509,13.230871718750148,0.46013182620579324,70.58260948159713,1.8779994882061872,38.10530448245951,32.47730499913762,CONTROL,-1,775,2024-06-18
2.5643235709549295,-6.257705466514718,-6.24620951656496,26.958537372916425,70.84962059486611,0.8891893079224125,131.003864177385,4.753787200068287,14.51662885433431,116.48723532305067,ENTRADA,1,795,2024-07-26
-6.013059971496926,-31.661570089034363,-49.68399533157197,-62.73323885263693,-81.37225909078394,0.0358630564957058,108.37073654364318,5.165696082903819,104.48423069649726,3.8865058471459246,CONTROL,1,795,2023-10-27
4.935806595334213,13.661012204193579,7.15792465125098,13.778145218088511,34.52650114089906,0.49663572097777037,152.38809708916898,2.1966245015951302,76.70672462285907,75.68137246630991,CONTROL,1,795,2019-08-22
0.8333908025748293,3.1259319184528955,-14.563965159648529,-4.791384254023701,-27.42626114886515,0.13405311401763167,57.5012567527687,2.696271961570516,49.79303422513268,7.708222527636014,CONTROL,1,795,2016-09-20
-3.5557044395306825,-1.5262886504041617,-2.9247580718139154,-13.31023162464029,-40.28853389196008,0.08878618153503094,136.6028874796644,1.3048430986751618,124.4744387136855,12.128448765978886,ENTRADA,-1,1240,2024-07-29
0.0,0.0,0.0,0.0,-5.872483221477376,0.0,154.96406921193156,0.0,154.96406921193156,0.0,CONTROL,-1,1240,2013-02-20
-3.095179542742521,-13.707396086984902,-12.922363211017585,-8.158823873448684,10.639841518789162,0.7771455700825326,210.891658434688,4.0269171524331595,46.99814031481163,163.89351811987638,CONTROL,-1,1240,2019-01-07
-5.333607103056304,18.80593921364193,16.198579264663504,11.135407128393116,43.17732987334955,0.5946157007809285,105.3008192949069,3.376809065228764,42.68729883705992,62.61352045784698,CONTROL,-1,1240,2019-02-11
3.791674509363574,7.129408782469149,11.729305703254145,9.227551342898543,6.117025601006798,0.8823053453129489,92.98935143938938,4.632003054751597,10.944349607231773,82.04500183215761,ENTRADA,1,580,2024-07-30
5.118635911507408,-21.472492089992244,-37.260040483778624,-73.99418165861094,-97.3733819013467,0.1792785011958524,240.51938893289068,9.412689640925924,197.39943337645977,43.11995555643093,CONTROL,1,580,2014-10-15
-0.4304971833779536,-0.3651075936661474,0.24523648562979616,1.4825017107367167,-3.641708209014549,0.6426946503265459,37.13061819604638,0.5144543218299201,13.266968518129866,23.86364967791651,CONTROL,1,580,2014-02-17
-8.701136847224511,-14.847387087708608,-14.847387087708608,-14.847387087708608,-14.847387087708608,0.17434210526321275,23.121826928563372,2.754121718995569,19.09071894430599,4.031107984257383,CONTROL,1,580,2012-11-26
-6.08878161803994,-2.9987673921849645,-13.2729865298864,-8.055609395546393,-107.46940229804824,0.06509744626099,219.68581057467946,4.667996918209251,205.38482532649223,14.300985248187223,ENTRADA,-1,765,2024-07-30
0.06201424573637482,5.105460103445036,-6.36565471644035,34.7684961331951,-15.477700408932371,0.23426001635323407,151.6859043999626,3.3202143863137836,116.15196195467226,35.533942445290336,CONTROL,-1,765,2023-01-19
-2.1117896934419456,-1.2262160077602946,-4.916032676547388,-4.519641367755067,45.16017623193535,0.8552112676056297,128.0470786185257,1.9444885015183233,18.53977419997861,109.50730441854708,CONTROL,-1,765,2021-04-21
5.800992907989411,-5.938051825373769,-4.883998437120729,-1.5964044060756688,9.373468681761477,0.7823098647871849,52.84031029865112,1.7347986289759778,11.502814293600467,41.33749600505065,CONTROL,-1,765,2019-04-05
24.142850047850217,2.330531645962086,-4.334907019547529,30.13107922528846,71.04302698727416,0.8635445416834469,158.95810111078623,4.971719993566327,21.690700540201323,137.26740057058493,ENTRADA,1,580,2024-07-31
-17.10886325460903,-5.452057991962578,-5.903487190382917,3.2726428272256136,-68.23806868880622,0.16393046398062616,214.15996318117627,11.868521234779777,179.0526210508122,35.107342130364046,CONTROL,1,580,2024-08-06
9.970165317143564,-18.96765276557022,-21.191715250052923,-31.099931984012173,-23.98431715634919,0.3466338095949116,59.660425345241286,4.2713487115790745,38.980104825767484,20.680320519473806,CONTROL,1,580,2024-10-24
-3.122759131178876,-54.654240018410235,-47.83446384205803,-44.87971928100354,-47.554347826087586,0.1255578441469212,149.78500221746532,6.6645227057000405,130.97832025349857,18.806681963966756,CONTROL,1,580,2020-04-06
-2.8004644606727247,-12.487433522213598,-7.371011461773103,10.087893672818815,60.02158803477986,0.8115430555334427,163.46953738102596,7.241345858100082,30.80696952818983,132.66256785283616,ENTRADA,1,584,2024-07-31
20.62273362639866,30.74227590178724,30.74227590178724,30.74227590178724,30.74227590178724,0.8633257403188787,35.499991913442294,7.316927418367863,4.85193511345552,30.64805679998677,CONTROL,1,584,2012-01-26
19.5516269154572,106.82855926142042,67.9439219392175,29.029293611704254,-38.13276998189785,0.4230511099638639,278.70911301100625,12.197807900302374,160.80091339465608,117.90819961635019,CONTROL,1,584,2016-01-15
-20.86301458835038,-25.063135430970497,-24.477001794864783,-14.225239872821538,-10.967754572902555,0.19752264251465027,57.28722408682077,5.610302244182717,45.971700202863005,11.31552388395776,CONTROL,1,584,2023-04-28
2.842809962244619,4.99101120591483,-8.819096808589943,26.272433400029716,52.35777888450643,0.9081123694304164,204.9503967591232,4.711162883296996,18.832406342491907,186.1179904166313,ENTRADA,1,665,2024-07-31
-3.17860417954674,-11.749164624709207,20.871538476612272,43.91970382742638,-14.286238172658283,0.5199840562379897,87.74783110521889,3.2577942311423587,42.12035796104112,45.62747314417776,CONTROL,1,665,2017-11-14
-6.651956374209567,-9.31204051289658,0.9624614202241588,-27.06889299869286,-62.86028555517853,0.07177923237131509,119.79709345019863,4.747844825295081,111.19815004202869,8.598943408169955,CONTROL,1,665,2022-11-02
-5.581958857249214,-6.003341860301159,10.911292077890877,20.481859370728994,-4.336470046666374,0.33070137999715327,88.51747955764426,3.2205370475076704,59.2446269140615,29.272852643582763,CONTROL,1,665,2023-11-15
0.41323384758706894,-10.831188035539396,-0.298913836068726,18.341305583871037,61.98842429675055,0.9255596006199783,215.21663781389626,4.348189135205901,16.020812472091915,199.19582534180435,ENTRADA,1,710,2024-07-31
7.19369111870094,18.11512145480254,35.49469816621631,38.907835093660026,57.7802319860643,0.9782632787144844,99.50972183121829,2.809350082932284,2.1630150886443795,97.3467067425739,CONTROL,1,710,2025-12-01
0.5959802486721344,-2.1124486190893244,-3.342606315612784,2.9213209519007854,-12.250374799241959,0.5993248431636427,38.95142170065055,0.8670580037160597,15.606866998907252,23.344554701743302,CONTROL,1,710,2024-02-19
-12.701451499362859,-8.078570760255976,-26.812268119785763,-17.108299488390877,-12.161677546946859,0.08746143826694934,96.25970309619363,5.038681013016379,87.84069101625101,8.419012079942611,CONTROL,1,710,2023-06-16
12.83301463395281,15.983292109895686,-21.25383057078767,4.676286835905152,55.32796863477074,0.8369213439698682,245.92469704780743,10.674576840418167,40.10506907917376,205.8196279686337,ENTRADA,1,940,2024-07-31
4.35060290290723,6.922860134404019,17.95439219591799,35.74467888489919,-15.885294498504399,0.5622366732068668,135.72508947765877,3.2740609208791467,59.415466699035576,76.30962277862318,CONTROL,1,940,2024-07-29
6.385030665256863,4.166593746997016,-0.1275464218630784,0.7349361101205432,13.233916643446975,0.9923130852821901,141.93846971563067,1.4143332160188513,1.0910689118804928,140.8474008037502,CONTROL,1,940,2026-02-25
11.800116628111201,2.2885145971573984,2.9406273750409717,31.82733226134271,12.963962156651299,0.27879751998694896,166.44625234205063,5.055375752159061,120.04144997796502,46.404802364085604,CONTROL,1,940,2023-09-29
0.0,-23.20305453296534,16.36641768928193,38.81708419654739,32.46937834732844,0.806024296160247,282.99020599190766,11.9933973893947,54.893224387037,228.09698160487065,ENTRADA,1,985,2024-07-31
0.0,4.341277403339117,8.712665002368336,-5.87751240783696,18.048888825801246,0.6185247782479439,118.40672193095985,1.9191945064124765,45.169230505546956,73.2374914254129,CONTROL,1,985,2024-11-18
0.0,-1.0528738457793452,5.557877421162871,-4.45840728780289,-17.856964650235785,0.18664296597258795,46.59161567430354,1.5958057364168294,37.89561833539661,8.695997338906931,CONTROL,1,985,2023-12-28
0.0,0.9750894353977024,0.8200956231507739,-17.4277845604065,-17.763650504946106,0.7113171254690562,81.90727493659402,1.0444453601742405,23.64522757369229,58.26204736290173,CONTROL,1,985,2023-11-13
-17.6536682414119,-4.58906632124223,6.553511951730151,-53.68097558902329,-181.19860257717724,0.07269521373059665,281.9366729910356,7.002232254273909,261.44122628945894,20.495446701576668,ENTRADA,-1,740,2024-08-01
25.902222895444194,39.89351616597414,23.738580304171197,8.203011298986151,100.83514236334912,0.9635036496350318,134.53998806439316,5.928747521588789,4.91021854249674,129.6297695218964,CONTROL,-1,740,2012-11-28
0.01222019155866505,-11.257032084847074,-17.06549639923449,-8.953439266990992,-3.9360625991402554,0.38287425958874155,60.287562480745756,1.9539615629785099,37.205006633520235,23.082555847225525,CONTROL,-1,740,2018-07-19
4.2510900763859105,4.801731490042815,17.773654575683473,4.870565928800641,3.8123410927370927,0.4303896510354225,54.931232091691335,2.015605794021926,31.2893982808025,23.641833810888837,CONTROL,-1,740,2013-12-02
-9.01540367480358,-1.8162690468737086,18.10048457286717,-40.70867286966595,-123.03604006154711,0.07936032644765434,409.5342462088327,7.310562479519813,377.0334747382057,32.500771470627,ENTRADA,-1,850,2024-08-01
1.3856316033766802,-3.768964722957735,-14.39896514118133,-10.580848047591074,-42.55121446068766,0.07880064290861129,136.00373933021174,2.4925027634606685,125.2865572330159,10.717182097195868,CONTROL,-1,850,2023-05-12
8.413713314656679,8.823757180722591,22.36296653933323,27.852879937169117,40.03552449904024,0.9873949579831969,175.09708120594556,2.722081605118997,2.2071060656205392,172.88997514032505,CONTROL,-1,850,2023-06-01
-2.7495109232011927,-16.54158280185669,19.143845320541697,111.14108657925392,90.47928308449028,0.5999219903602366,251.95338809673464,7.6373314657368345,100.80101003173644,151.1523780649982,CONTROL,-1,850,2022-01-25
-9.79780264041219,-2.6579547421934357,-12.515417359889591,-21.127551274682244,8.227933824664913,0.057544928696592675,444.70322745397306,2.8951371079357187,419.1128119389895,25.590415514983516,ENTRADA,-1,1265,2024-08-01
-3.0011664342077804,-3.720317153089736,-4.307331552108051,5.186641487957555,12.080301213681643,0.9300424263272495,125.26808533742884,0.919877590773955,8.763451308837567,116.50463402859127,CONTROL,-1,1265,2018-05-24
2.5265700422072435,1.2757583183242716,0.12629818749498867,16.711661222621466,12.645630239243033,0.9691572977813118,126.94070501283834,0.9878074474153687,3.9151943641413207,123.02551064869701,CONTROL,-1,1265,2019-07-22
-9.830831240627003,-8.910108072178735,-3.5407117969887825,14.649749308690563,22.378211687790195,0.40961979324365466,356.0291728631828,2.716842309539353,210.19257668625647,145.8365961769263,CONTROL,-1,1265,2018-12-17
-41.6090520513912,27.353310735391823,7.562104540732584,-74.13497290350901,-77.88897740708455,0.1887247001340249,224.9963341391404,11.782369848711085,182.53396844747627,42.46236569166415,ENTRADA,-1,655,2024-08-02
7.059501464086182,12.74135488931849,7.870799973921372,8.036456257221047,9.48364636911947,0.5085211134255014,35.650647952720185,2.375447314309089,17.521540761462344,18.12910719125784,CONTROL,-1,655,2013-05-09
-13.27326699104403,-19.39304806087616,-20.04058579064827,-22.845611948904,-7.506613398582385,0.1966873706004172,34.88863446751604,3.095786013592381,28.026480690261227,6.862153777254817,CONTROL,-1,655,2013-02-19
-3.93962443701934,-3.830535369153676,8.708735943916412,0.27294215263928834,34.25561679281097,0.8560539431251899,74.47842178237406,2.109175845546862,10.720875137831706,63.757546644542344,CONTROL,-1,655,2020-01-21
3.5506734820489605,11.45549075670882,-3.4133204610786727,17.03365588252792,21.64723767019039,0.9694280679572286,524.4242860048332,3.8722019133094228,16.03266363331868,508.3916223715146,ENTRADA,1,1240,2024-08-05
0.0,0.0,0.0,-27.36889936785447,7.219611706668072,0.740447376777338,129.66254251671435,0.0,33.654253043933146,96.00828947278119,CONTROL,1,1240,2016-05-02
-0.4287385714907277,-2.4351849084758292,-2.896588279369672,-5.216225043773726,-7.310641665940754,0.16903503752819318,85.72542300797544,0.9377857971218847,71.23482291270209,14.490600095273365,CONTROL,1,1240,2024-01-22
0.0,0.0,0.0,0.0,-31.95207212956297,0.883992379304317,286.69677723427395,0.0,33.25901098806839,253.43776624620554,CONTROL,1,1240,2016-02-24
9.83165127967256,1.3877554912933299,11.99772588035719,16.669728748579526,-5.3730957756792375,0.93314492788333,594.921442949272,2.838238495857151,39.77351597212694,555.147926977145,ENTRADA,1,1400,2024-08-05
0.0,0.0,0.0,0.0,0.0,0.2605692488262893,302.07035190132467,0.0,223.36010721370363,78.71024468762104,CONTROL,1,1400,2017-06-29
1.2372716337871736,1.787657956888733,4.242347055718465,-4.105687471881447,11.244825910885492,0.6912723595662355,251.26999595833632,0.8294768939437017,77.57399296401873,173.69600299431758,CONTROL,1,1400,2023-01-12
0.0,0.0,0.0,0.0,0.0,0.06939214631522131,216.31958047111655,0.0,201.30870049221758,15.01087997889901,CONTROL,1,1400,2012-07-10
24.33160318876748,13.151694763724464,10.77684396695755,52.70765383337262,65.46006785622671,0.9289452472113922,183.153497409291,10.059222493692733,13.0139264807861,170.1395709285049,ENTRADA,1,610,2024-08-07
-1.530769927128306,-25.96213388151969,-19.12729478138475,1.034854807493435,6.246701662282472,0.25544593789311415,39.8668237441873,5.536688114774215,29.68300556203391,10.1838181821534,CONTROL,1,610,2014-06-10
-8.191585080911112,-2.8459133768388156,-49.16906581588165,-48.70814166565096,-29.81785674699422,0.11925551470587321,114.44749008068058,5.5951805064886475,100.7989957443137,13.64849433636688,CONTROL,1,610,2023-08-08
2.651611406350174,13.013728931030588,-1.546124197946419,26.135394633386433,26.135394633386433,0.7978042086001851,40.2422635813048,4.600321674757464,8.136816332541876,32.10544724876292,CONTROL,1,610,2012-04-26
36.18983382492446,-0.5840733053552594,-4.544455384495327,32.92306078233498,95.3030466828686,0.9212280780848467,303.2791834397022,6.910480061286227,23.889884156403674,279.3892992832985,ENTRADA,1,685,2024-08-08
-1.229576374773833,10.083072205298027,36.55477589780798,57.300831639590655,96.36838357465206,0.9606686855676991,169.89319454290268,3.922199298647377,6.682122654474958,163.2110718884277,CONTROL,1,685,2020-07-13
5.316490418927344,0.14870119957821615,4.709469217716311,9.725999839529376,28.103873893710052,0.8456853839801945,45.018618739744014,2.6234782678082498,6.947030864565615,38.0715878751784,CONTROL,1,685,2014-11-26
-71.2259613470334,-160.511558623716,-294.9089811996553,-143.08688825013016,145.94795008201044,0.3933907197770497,1100.7651469185594,42.40728298534015,667.7343534667773,433.0307934517819,CONTROL,1,685,2025-04-07
9.180223525329101,26.05393529697686,-13.303776171175175,16.74414779211153,13.33160513192766,0.9317343426447852,318.48432888165934,5.475346660891773,21.741542068440918,296.7427868132184,ENTRADA,1,775,2024-08-08
4.103203191270222,0.15562872492491664,-0.38006444086802205,-6.868263052284274,9.922573908300869,0.5222793212354816,81.89450605833368,2.2192901460045413,39.12269902127213,42.77180703706154,CONTROL,1,775,2025-07-10
0.004330903551341692,2.5342195448541105,-2.1931206157888017,-8.637013497281298,-17.250488331493898,0.464399083436685,103.00833092246367,2.4497840856573774,55.1713564557288,47.83697446673487,CONTROL,1,775,2015-07-22
8.307618313529996,6.134068680134774,15.750503390339343,12.69874694006079,-2.6900641978810924,0.30577900713664835,124.68833557700309,4.478702567492427,86.56126012274586,38.12707545425723,CONTROL,1,775,2026-08-05
8.095640601590848,-10.768237695871763,-6.896405047445153,7.683994921021675,71.78622297059789,0.9579473458363833,365.6563834738865,5.014379400784703,15.376821436946162,350.2795620369403,ENTRADA,1,875,2024-08-08
-7.3577407097424885,-4.569319723574106,-0.3334297228541061,7.372512553978083,35.2857340721946,0.629217980295563,84.94241967034213,1.8957911639699203,31.49512192395135,53.44729774639078,CONTROL,1,875,2023-11-08
2.4219848016904244,2.5072600420705804,7.334140670369749,33.13731891167792,35.21772687360203,0.8684191257230769,88.18409910970654,2.639227911866164,11.603340858178019,76.58075825152852,CONTROL,1,875,2021-09-16
-3.062362885793979,11.139293896391678,-11.13305646783913,17.041140934450638,-37.70607253338887,0.1316855889346638,184.78202818868246,5.571581574246001,160.44889798211418,24.333130206568303,CONTROL,1,875,2021-11-23
-0.46154596871295084,-0.08411669250030229,4.9276085534510905,5.64660141333162,,0.8297828967484836,15.870688693419472,1.0322035851345885,2.701462656000457,13.169226037419016,ENTRADA,1,60,2024-08-12
0.0,0.0,0.0,0.0,,,0.0,0.0,0.0,0.0,CONTROL,1,60,2012-07-30
0.0,0.0,0.0,0.0,,,0.0,0.0,0.0,0.0,CONTROL,1,60,2012-12-10
2.9118735535704765,0.6924695083188048,0.6567728594619737,-0.877942006862753,,0.4512552301255361,13.648556939931288,1.5166690048796272,7.489574237121111,6.158982702810175,CONTROL,1,60,2021-06-21
-2.4009834841154376,21.521552478429573,86.37105826101444,31.982984405085624,6.9342225321067374,0.8558350962632394,111.05616010916724,4.508437978378376,16.01040063151237,95.04575947765485,ENTRADA,1,630,2024-08-12
-0.11138751717321149,9.105031180085543,-7.531629132193629,-15.459101963343214,-18.34542772642611,0.5142857142857109,42.88467179302551,3.86540002969091,20.829697728041108,22.054974064984403,CONTROL,1,630,2012-12-03
-2.5595451838777983,4.574685172578086,-12.596864245661976,7.186900287079467,23.180124378301414,0.5589641898985254,48.41602655379707,2.7179344684331768,21.35320149304839,27.062825060748672,CONTROL,1,630,2017-02-24
9.640216160293757,-14.269406392694028,-18.249744034639637,-94.8528927029979,-91.16406816744748,0.09664478482859533,107.34965371710928,6.0433695364592115,96.97486953219504,10.374784184914246,CONTROL,1,630,2012-06-11
-2.0943519261173993,-6.56739696357489,-11.288780087759243,36.29586174035637,-23.764169511550914,0.6676728994889867,129.4115709929018,3.6357242483957157,43.006972160646214,86.4045988322556,ENTRADA,1,760,2024-08-12
1.4054086040582447,-0.03697910310962449,-0.813477096922588,4.994690828636905,-27.547396641947053,0.6907502977371813,93.15070519410425,3.071396961107721,28.806827846848332,64.34387734725591,CONTROL,1,760,2012-04-20
-10.944910616563774,-29.047099548131783,-38.23791315279435,-64.24453334075042,-90.14642280235519,0.020146520146518514,155.18726213857116,4.973975786097025,152.0607788354134,3.126483303157774,CONTROL,1,760,2018-07-03
2.319317931804843,0.3310288210234269,21.896675755863626,23.559296980357747,34.71143833239098,0.9545454545454661,76.46512644054806,2.4204164535323143,3.4756875654785677,72.98943887506948,CONTROL,1,760,2017-10-05
8.321626609699706,-1.8549334609108126,3.4825173902386375,25.252405406797074,45.589927149196626,0.9140110575019379,145.0797298634968,5.3398793194776655,12.475252548866615,132.60447731463017,ENTRADA,1,640,2024-08-13
-7.469983339269959,-17.723006728079802,-8.135070718027215,19.675350036649775,-29.00360182407247,0.6234811165845647,243.89039216026526,7.312817539961616,91.82933813193571,152.06105402832955,CONTROL,1,640,2019-08-15
2.3104615682156826,-10.4268419300102,-52.00531628389737,-48.28405901412203,-42.243270778018484,0.14587879214471566,69.89807289532169,3.644476228287948,59.70142644810887,10.196646447212816,CONTROL,1,640,2014-09-22
-0.06269784599166606,-30.649851387911653,-45.048598106195435,-4.32430772494552,-40.03647229736007,0.27533596837944607,99.1415905712507,5.314787243687054,71.84434472463683,27.297245846613876,CONTROL,1,640,2023-03-27
3.340008253274185,2.109191599735105,-6.933867129620408,21.667695242193474,51.41632901661586,0.9690445535351562,229.64996067643168,2.4870232366771052,7.1089170633727665,222.54104361305892,ENTRADA,1,825,2024-08-13
-2.4635635187209015,-4.970629489842171,2.1065320873847604,-2.727276581171445,-5.060060254508114,0.9037495078626198,101.72124435431684,2.529391700972293,9.790719829929705,91.93052452438714,CONTROL,1,825,2014-11-20
8.862899199690855,7.259691834085036,-4.0834891889252045,19.796153515601045,39.408549207560206,0.899393432336341,69.50582680095759,2.5252880190905977,6.992742667069111,62.51308413388848,CONTROL,1,825,2019-02-08
25.124654177082206,-38.65835438579435,-41.627453896977414,-29.12966556573582,-129.6056702003634,0.12216083486802012,233.2885087150236,14.200198437753638,204.78978972528094,28.498718989742674,CONTROL,1,825,2019-06-03
1.8937763534121466,-1.4344498646712278,6.494982975326913,8.050172817379853,23.362230506418502,0.9736165943651227,275.59264155794034,1.5735278748186594,7.271072452210494,268.32156910572985,ENTRADA,1,1360,2024-08-15
1.2131935268366867,-0.6341441991286612,-2.88807807172331,-5.455056571094241,-7.774179893794697,0.9019598155467722,163.8624583538173,0.7386828796115104,16.065105641967612,147.79735271184967,CONTROL,1,1360,2021-10-13
0.0,0.0,0.0,0.0,0.0,1.0,66.98678853650951,0.0,0.0,66.98678853650951,CONTROL,1,1360,2016-12-29
0.9524592949139432,2.3601685775509473,-3.2718746240900654,-8.513477297804606,9.48647222840604,0.9222519268507736,140.05115784678844,1.0171734763310067,10.88870766490596,129.1624501818825,CONTROL,1,1360,2026-04-09
1.689407592977421,5.664904223661171,0.8499899822611567,15.674546604658168,17.972342952945475,0.9454070048242186,91.89569764599722,1.5936586731424998,5.016861378262993,86.87883626773421,ENTRADA,1,810,2024-08-19
-6.35322054876819,-7.270328618063093,-9.190966371583897,-9.507049967931724,1.1322428805060625,0.7068356867779098,69.07324695008016,1.795957095518806,20.24981100414009,48.823435945940076,CONTROL,1,810,2020-12-16
-2.5204642307352643,-4.419666741621864,8.928779397034958,-3.25697535555336,-19.0850776371676,0.7380803011292241,123.65024202556828,2.6916559191714806,32.386434156635396,91.26380786893286,CONTROL,1,810,2012-11-13
-0.6410198882833562,11.552428127852288,10.524464888717056,-7.685538363699784,-23.534245275211862,0.3020467069010656,48.861668015031185,1.9021581534988832,34.103162097397885,14.758505917633297,CONTROL,1,810,2019-04-24
1.4557787968905167,1.4562847005739066,-1.53372387245998,2.6984325567158685,-1.1403506110341244,0.9656793566048401,178.4703043869547,0.6357422916375918,6.125215673490322,172.34508871346438,ENTRADA,1,1260,2024-08-19
8.14850786466037,-4.881053005385549,-25.514560037945834,-20.443580223244993,-43.55453309293544,0.7998739325896119,283.7658046208545,3.7577948984099523,56.78893454431614,226.97687007653835,CONTROL,1,1260,2020-11-11
-1.4697498993598845,-0.8835227863768225,-4.121771054255152,-7.484734867038156,4.368571158239742,0.8875409574042987,169.05959468931582,1.1805230876446053,19.012280160377767,150.04731452893807,CONTROL,1,1260,2014-03-18
-5.904318949556675,-4.423124208273732,-3.9446798791475945,-9.730628535128405,-3.557480788500822,0.08811926077805762,151.68760505526816,0.6983364116433288,138.32100542860397,13.366599626664186,CONTROL,1,1260,2024-06-24
0.0,0.0,0.0,0.0,-1.4015990232474351,0.6655141576880986,105.4796887196827,0.0,35.28146252820023,70.19822619148248,ENTRADA,1,1083,2024-08-21
5.126923477041245,5.126923477041245,5.126923477041245,5.126923477041245,6.080771043426303,0.10929513727549803,68.35018648240712,1.0568911971645212,60.87984346800655,7.4703430144005765,CONTROL,1,1083,2019-03-14
25.01152198819856,25.01152198819856,25.01152198819856,25.01152198819856,22.58869306147604,0.6573084586125745,151.2840131283603,4.432432028033098,51.8437516462333,99.44026148212699,CONTROL,1,1083,2021-07-19
-10.83548228881459,-10.83548228881459,-10.83548228881459,-10.83548228881459,17.06879897660496,0.10787777945847964,416.634184409438,1.6291985475007797,371.6886137488531,44.945570660584885,CONTROL,1,1083,2021-12-16
-16.332348275877038,-5.060957948502809,-8.352675922532748,-29.302522397232078,-8.921319194444832,0.04599312284029641,242.36748812328105,4.543999998934225,231.22025046953289,11.147237653748148,ENTRADA,-1,955,2024-08-22
4.907871419486121,7.433936081631121,4.642259122766834,0.038375114375099884,6.974816878884127,0.37879880134565685,115.52661375411908,1.7864730434343485,71.76527094053611,43.76134281358299,CONTROL,-1,955,2025-09-24
-3.9793393233789054,-2.084178208089371,1.8833735341261537,2.614756801027074,22.531683792641477,0.8411701148505353,55.35854008880868,1.8367486859306505,8.79259056434752,46.56594952446116,CONTROL,-1,955,2016-06-09
-7.3652741143315215,7.236386991311683,45.494630973408334,80.82375028135358,40.364958324996536,0.9215601682534394,129.3856474781863,4.333576523198659,10.148988418608727,119.23665905957759,CONTROL,-1,955,2019-09-18
4.238933809102008,-28.665511084884354,-14.933490773880731,53.16255444791196,40.73431702608099,0.6754624568896056,119.52404895957726,7.93064584480796,38.790041191947694,80.73400776762956,ENTRADA,1,645,2024-08-23
-1.6851606947254627,-14.08656836559219,-11.711101758494769,0.10992151603828049,10.30648024530123,0.32946859903380527,37.922506183016985,2.59824147631863,25.42823119904756,12.494274983969422,CONTROL,1,645,2012-08-15
-4.73606214631217,-14.430208411614354,-39.221832856782825,5.407725738875158,-23.973788012622286,0.40261786102995606,77.05320166712409,4.426522113283152,46.03020642639674,31.022995240727344,CONTROL,1,645,2016-04-20
2.5560377944633395,1.5365746117268486,-1.4368840775358382,-3.942298933485855,-0.49020079587069887,0.6577553787510392,19.593454245432184,0.7752323771699164,6.705754327186782,12.887699918245403,CONTROL,1,645,2024-06-19
-22.52734230518194,-52.604233397448574,-37.20260195067881,15.276222817586227,11.3219683150656,0.43193007431510344,119.87297493232676,8.176743117813208,68.09623196143433,51.77674297089243,ENTRADA,1,647,2024-08-23
15.132408953240084,-24.36193682625598,-51.68726545482505,-52.7259620253917,7.043900687742077,0.3187275449101813,100.02156153422322,4.495933604273067,68.14193478833762,31.87962674588559,CONTROL,1,647,2019-01-16
-26.87478012012745,-32.27518340254254,-30.794399268633256,26.702063557850764,63.38196494088733,0.679990946129471,146.30135811404978,6.216040763252999,46.81775919005051,99.48359892399927,CONTROL,1,647,2023-01-27
-12.254412684771232,-15.816626790589039,-0.847159424390842,38.51191685199096,-13.451317468399226,0.4547678893164527,138.5053563111673,4.854804543863016,75.51756776251455,62.98778854865279,CONTROL,1,647,2021-01-11
-91.91532459255414,-105.69128175471954,-87.48836900677736,-53.947126875616426,-53.22775780579714,0.026192624445681868,133.0903669564919,11.385372905649184,129.6043809574625,3.4859859990293796,ENTRADA,1,649,2024-08-23
-5.0277597016257225,-2.6945478558693114,-2.1344149125157585,46.3402993245543,36.02180296622848,0.8877427184466027,109.945834997588,3.205969179111005,12.342220554947598,97.60361444264039,CONTROL,1,649,2021-10-07
4.235512164869615,3.368483534180733,11.761968349337515,122.391474100918,142.73994813124523,0.8836400739257615,229.60565679311762,6.267906392448981,26.71689725067415,202.88875954244347,CONTROL,1,649,2020-11-03
-6.583899406894522,-6.432345338898138,-24.551082922625866,-56.12552950652771,-44.21684920081326,0.08421052631578468,70.32387847293549,3.87314399242549,64.4018676541623,5.922010818773178,CONTROL,1,649,2017-03-21
12.357669780365121,12.50763134464039,-35.33668780252075,-99.42365733785596,-119.59200746550658,0.1351957979295029,179.64545144261567,5.662952560874996,155.35814129042546,24.28731015219019,ENTRADA,-1,690,2024-08-28
-0.04904183402154594,4.440278477495507,13.348321549013775,8.819741048120555,8.993927369855825,0.642457303811467,125.04391494855942,3.274669933857679,44.70853849267754,80.33537645588189,CONTROL,-1,690,2015-06-05
10.239637556777037,28.351354180886634,26.73213650969508,-5.040556458589807,67.01978779993124,0.8809095370521839,144.05822846320154,4.659803241902733,17.155961119124935,126.90226734407662,CONTROL,-1,690,2022-09-12
7.748545200014778,21.058298583913615,26.20144790536072,17.829497148624807,61.36121208607514,0.9910502776356301,96.3733955403552,3.0054661600415438,0.8625151333977833,95.51088040695743,CONTROL,-1,690,2025-01-22
10.142503580796713,13.002166039290941,-3.153296021202179,10.085204208647447,37.54826394819722,0.8987738276280954,213.52576991139574,5.230887499964952,21.614396390894587,191.91137352050114,ENTRADA,1,700,2024-08-29
-3.2516144643912614,22.478724815677698,36.936509442915266,20.845335192989367,-65.15563705228988,0.44882434301521335,164.0708326084148,5.148788199824521,90.43184895498398,73.63898365343081,CONTROL,1,700,2012-12-05
-16.889599344589445,-28.40859930706263,-28.641772665833898,-63.90352769602203,-171.9101591950234,0.01663122551762796,299.334415605082,5.15103569638875,294.3561174339665,4.978298171115492,CONTROL,1,700,2023-08-24
-1.5110118388161897,-0.9175428252605755,-3.911369649404195,-8.185156544826544,3.114965740325104,0.6668174767321529,38.268262199925964,1.2696098402932439,12.750316160846909,25.517946039079057,CONTROL,1,700,2014-08-21
8.90182174897891,10.5157387949939,-1.3319875871653508,25.2569662300961,22.991484367336223,0.7411331300813013,100.79587769444554,5.706939680336397,26.09271335946909,74.70316433497644,ENTRADA,1,640,2024-08-30
-24.984456226515572,-52.34217303543009,-54.60046133522689,-108.90867813555528,-164.7045710330075,0.02113209070450438,227.32512670913746,4.7843402620143065,222.52127151210703,4.803855197030445,CONTROL,1,640,2015-07-07
5.769759490092952,23.196816062438508,-0.15480115791222104,-12.446176086333693,-23.20526037383197,0.42667928098391844,81.81367844205653,5.497313414921183,46.905476949750344,34.9082014923062,CONTROL,1,640,2012-07-24
-16.051406265981115,-25.514709839521423,-41.85680022703697,-67.99106137443722,-51.42183283151414,0.05924819796555426,211.69914315873442,6.4880572615576355,199.1563504157275,12.542792743006908,CONTROL,1,640,2015-09-24
-5.407110397116499,1.246979246278812,14.402242894799855,-53.41787555787181,-143.4255070050916,0.11345371686186628,255.61087658286988,4.122186370748734,226.61087256422354,29.000004018646372,ENTRADA,-1,680,2024-09-03
-8.805510159916041,-20.199761478829625,-25.92429806983043,-36.871811853300684,-2.9866571093628558,0.06179066834804782,59.22816661562814,3.861790072703205,55.56841861541894,3.659748000209196,CONTROL,-1,680,2012-10-22
11.181948935685693,-6.827492446748185,-8.77563107440138,-21.85009221341683,-33.80449107865502,0.17236723672366946,80.53609055272135,5.003355142523489,66.65430716762154,13.8817833850998,CONTROL,-1,680,2023-12-14
13.676306392291782,-13.079829580107116,-32.12236274726998,-49.78278691945115,-6.175300591837463,0.2509225092250998,79.75901593267251,5.3489095143575165,59.74568352152162,20.013332411150905,CONTROL,-1,680,2018-01-16
-11.005822580102409,5.2326928813761775,-1.8364233125167662,-15.78207288316369,-76.80316087181893,0.05687167035549698,262.9982847312625,4.7229928551015705,248.04113297796505,14.957151753297497,ENTRADA,-1,745,2024-09-03
-18.121238612711643,-15.248672980112676,-21.933949297272548,-26.780060879751932,-68.28995725757126,0.3030693933300562,117.59365118315297,3.4769832236702074,81.95461465960854,35.63903652354442,CONTROL,-1,745,2016-03-30
-11.037155390962727,-7.2083374046061355,-9.357244084841065,-16.951818725366998,-15.98914538155638,0.24842165404942473,257.5974174764273,4.725089251893096,193.60464094807307,63.99277652835426,CONTROL,-1,745,2022-12-27
5.230453023532533,-8.276501357346033,-3.716924888677031,11.314968929907465,-26.216939667991213,0.4005736137667342,77.01681337412454,2.8116369289223813,46.16591012005332,30.850903254071213,CONTROL,-1,745,2012-04-18
7.4136152998738325,4.907865377794529,5.20353281077357,-4.678553977959243,-20.704569255366458,0.36651369894133634,58.460159039043575,2.4398033148665146,37.033709908944914,21.42644913009866,ENTRADA,-1,450,2024-09-04
0.0,0.0,0.0,0.0,0.0,,0.0,0.0,0.0,0.0,CONTROL,-1,450,2012-02-15
-1.7757926170181015,-3.405102845612795,0.041113780537838096,3.010422353622033,7.7497499383860635,0.31215831563731167,45.49837817080981,0.8089117049638374,31.295681076780383,14.20269709402942,CONTROL,-1,450,2016-10-26
1.8733688005534432,-0.08479027911345582,-8.251929698996907,2.6749320220909034,21.557901318360884,0.877910101177652,76.52768372774867,1.775931652923891,9.343257163429483,67.18442656431918,CONTROL,-1,450,2024-07-22
-12.239174377414175,-21.256982662331005,1.6091767647274935,6.9261864656855465,-57.637141758787315,0.2225607189459894,101.55579311421656,2.447898476556746,78.95346278558635,22.602330328630195,ENTRADA,-1,260,2024-09-06
-7.674179767871436,-10.341306434011877,-5.034976377138456,-0.14128897512399874,-18.139015234399647,0.03839500443018665,33.15581498380963,2.0836304656456828,31.882797320619808,1.2730176631898193,CONTROL,-1,260,2018-06-25
-4.225735038958511,2.694793736697232,1.2269135024189914,5.981037943549872,1.2088684756528245,0.6841791044776322,30.218058925395308,1.3923537306405382,9.543494430766026,20.674564494629283,CONTROL,-1,260,2023-12-18
-13.16886314665644,4.45567200141328,13.249769488101748,3.028320131912565,-13.682783098299955,0.6475611096859275,100.43617612641356,5.050076100101628,35.397614461381934,65.03856166503162,CONTROL,-1,260,2022-10-11
-14.52992940460418,-10.90249050479608,-6.84083634216015,-29.936358037585542,-102.63274915866872,0.00795198569982038,283.6975815955428,5.145609846143269,281.4416224836214,2.2559591119213818,ENTRADA,-1,750,2024-09-06
-7.621601207942197,-23.741445090681434,-39.22412615124049,-62.59702504801234,-64.90966482761706,0.1265054118603535,134.98191575685345,4.38169933425588,117.90597291033318,17.075942846520284,CONTROL,-1,750,2013-06-06
-0.8622683143821863,-1.4109070956869196,-11.823616695573191,-8.498605758686661,-12.058239731899123,0.12859824780976603,125.27487172652775,2.0324568274423864,109.16474272790308,16.11012899862467,CONTROL,-1,750,2012-06-11
1.2438997717412192,-10.933425123335061,-15.27187393635665,-15.232786070917825,9.403356690924625,0.4600903614457813,66.53055899043595,2.7340485020968637,35.9204900573364,30.610068933099548,CONTROL,-1,750,2015-08-03
-26.994358342800062,-12.34214623820118,22.37256344525651,22.97223345978816,-7.032895078374901,0.11437091994202898,291.17944949341404,4.434603270761231,257.8769879866387,33.30246150677534,ENTRADA,-1,810,2024-09-06
2.5190915859374385,-1.6359064682813784,-15.120765610382447,-13.367788429925476,-50.599045797901084,0.0751665447264131,85.49256742387199,3.149546331943662,79.06638653082962,6.4261808930423605,CONTROL,-1,810,2013-07-24
-16.147607818643994,-6.13156003451687,-7.079343410933969,-8.947685420748197,1.8716902833881832,0.5698412698412736,244.2098734573138,4.4423150009089,105.04900905862137,139.16086439869244,CONTROL,-1,810,2019-08-15
3.107591924007558,-4.646075971029839,-1.0131458177642383,8.594912534716226,13.991006642546377,0.8312966902488548,67.59337101413712,1.6938335241371827,11.403225407322056,56.19014560681506,CONTROL,-1,810,2013-07-10
2.9505337922608454,-0.8810741053433269,1.981110168092215,19.995902980125546,77.94614250541176,0.9326576508523067,124.01809262553684,2.6444558203762534,8.351669694219868,115.66642293131694,ENTRADA,1,810,2024-09-09
1.4599411477167479,-4.252186231178401,-5.9641881476635294,-8.391554040514393,8.758740493115535,0.7792207792207784,68.31916145248303,1.3084827223522353,15.08345122976904,53.235710222714,CONTROL,1,810,2019-11-08
-7.617621147397724,13.250481757220989,10.980492881667026,20.35285656430963,-23.362733618736975,0.1709734136075475,172.59846487693895,3.0136274073259193,143.08871615350628,29.50974872343264,CONTROL,1,810,2015-03-10
-30.167615592411323,-10.28089217483985,36.237166261010586,62.15742501284982,170.22086394975932,0.45137320609018583,506.95351479645353,19.216958031254695,278.1282814840898,228.8252333123637,CONTROL,1,810,2020-03-10
7.5016015959428195,14.695655610830194,1.6066534656511422,11.111500875931046,42.59278967480906,0.8263106759681313,127.90309830574327,6.392131387875964,22.215402686306202,105.6876956194371,ENTRADA,1,605,2024-09-10
13.246156483155413,22.086789371049687,24.474855314728927,31.166159760598333,31.10814941876372,0.9530128639133297,49.12510526808215,3.8298800906823947,2.3082480065033777,46.816857261578775,CONTROL,1,605,2015-05-21
-14.756235561210751,14.195116838295885,28.467870110790994,36.454741396554354,28.949714526145254,0.8438056512377318,132.72178323385424,10.700517901896852,20.7303924987788,111.99139073507544,CONTROL,1,605,2025-12-16
-2.918964641110966,-12.579861366095457,-38.86098361491119,-65.27762044758467,-47.903772488365746,0.5047343131712837,150.80747856758518,7.48266417182094,74.68976945168198,76.1177091159032,CONTROL,1,605,2020-02-05
4.11535683043196,1.437196813038888,-1.0858680757508399,6.138895817200396,59.323895899590084,0.9428122291712702,141.75414606533047,2.5701503876881926,8.106603619206409,133.64754244612405,ENTRADA,1,910,2024-09-10
-0.6592351395906526,-9.97506686167382,-0.27199359649343613,-11.642320085789581,-19.91993247129953,0.7898550724637745,125.12045758338702,1.8188525539855307,26.293429492160246,98.82702809122678,CONTROL,1,910,2019-08-19
0.1260988899032256,-3.2324498345615016,1.2025724240238844,16.979862577695126,3.4643720420235447,0.9479993943815208,163.59548436562213,2.7811104242244777,8.507064263460803,155.0884201021613,CONTROL,1,910,2016-07-06
-2.2229088834957444,-18.879511681275662,4.2622351648247125,-13.184495614976255,-43.44181559074234,0.31361148926781807,189.28259601412034,5.697916370980173,129.9213991856533,59.36119682846705,CONTROL,1,910,2025-03-20
19.45970126085994,20.918568949959138,2.301889453644179,46.59794243479398,100.48750800362826,0.9444941908086781,328.85645645419413,4.9557100310513125,18.25344372328075,310.6030127309134,ENTRADA,1,910,2024-09-11
1.880672113687698,-2.5485283946213855,-0.8122348051364803,4.758198147951642,17.493617607353684,0.9160164785253812,81.37351951389797,1.3915185062140432,6.834034723560762,74.53948479033721,CONTROL,1,910,2025-10-06
-0.519563884219254,2.6253576548773694,21.881277137834054,2.8525526237488386,-4.404563790306737,0.901923646049128,112.83403499250828,2.092474103417111,11.066350753630314,101.76768423887798,CONTROL,1,910,2021-07-30
0.3010443818607378,-0.6282081559871866,9.412933606589569,13.41404125744905,31.787966777439003,0.981235306689466,153.10263687961375,1.1996947036173917,2.8729240260800104,150.22971285353375,CONTROL,1,910,2021-10-18
0.0,0.0,0.0,0.0,1.4729771924315571,0.9335965075990523,384.80883701951063,0.0,25.55265068484257,359.25618633466803,ENTRADA,1,1083,2024-09-11
-13.545268722814363,-13.545268722814363,-13.545268722814363,-13.545268722814363,-5.9999352452189125,0.5101545620741212,76.1452025864819,2.4869597417167237,37.29938010692999,38.84582247955192,CONTROL,1,1083,2014-07-22
19.010641043071264,19.010641043071264,19.010641043071264,19.010641043071264,20.503143020282888,0.6886843775500948,161.53649045460526,3.8599796688149333,50.288833074248615,111.24765738035667,CONTROL,1,1083,2022-08-16
4.188467280965558,4.188467280965558,4.188467280965558,4.188467280965558,12.000992071756755,0.6238988505473322,143.34042825758257,1.2314371642224098,53.91049983071447,89.42992842686809,CONTROL,1,1083,2025-08-07
3.675582320490367,4.521801484065335,1.5369949752419565,5.242538953176279,14.902712069022606,0.9436988239044299,154.89273547176512,1.4222189042149729,8.7206431757204,146.1720922960447,ENTRADA,1,1215,2024-09-12
0.0,0.0,-19.73543687996404,-4.903018298064721,14.163067419203923,0.5752182539682579,70.63809748057402,3.47736604107155,30.005774384158638,40.632323096415384,CONTROL,1,1215,2018-03-12
-7.3937595624185,-6.702244851916062,-8.528941661778422,-3.8135753808832273,-6.577802840740388,0.6210415246971901,92.92650571743776,0.9692316132714209,35.21528692189806,57.7112187955397,CONTROL,1,1215,2025-09-18
4.014119496942303,-1.289108323772048,-4.136859157344297,-6.0115658575699005,0.8753507670911098,0.46464177433012094,52.44625515888988,1.1433054679601655,28.077534104893033,24.368721053996854,CONTROL,1,1215,2018-05-28
6.758212351041237,5.303648760630608,7.253424838078448,2.7726391316096333,28.671852371258133,0.9385099670258582,71.95538277385711,4.007712238559603,4.424538859431466,67.53084391442565,ENTRADA,1,710,2024-09-13
2.430082591600158,-0.5865381995484586,-1.642965331976054,0.3661012690203691,-17.22010630659021,0.14536093767113425,37.97745605957542,1.712835871376172,32.45701743639123,5.520438623184182,CONTROL,1,710,2016-08-24
1.2052225517988902,15.362171832500326,5.219771819704455,-49.95628098488414,-45.726033596058535,0.15834029783531323,114.38229311997482,3.144054704544153,96.27096676027192,18.111326359702915,CONTROL,1,710,2024-10-23
9.302906415085133,11.116399051249726,22.384059838591597,50.1421816672698,63.89567895563664,0.9760285974626756,94.58003435163823,2.31640394686833,2.267216075437089,92.31281827620114,CONTROL,1,710,2021-07-23
-10.106542472027025,-19.001825106687022,-15.221267790903603,-4.430459012720878,-17.517886608117152,0.1931381469340659,124.51600560902166,3.6135723533258055,100.46721502206347,24.0487905869582,ENTRADA,-1,705,2024-09-16
-2.1093672619509896,-1.7575746806497428,5.459632959845528,3.5205255440540206,8.805964103368868,0.9399052907382043,73.20292030399698,1.396666221854169,4.399108212783104,68.80381209121387,CONTROL,-1,705,2017-05-22
-0.055778090771729794,-18.44807741010479,43.36108413774298,41.37679282807838,58.79383842929631,0.8715696657150731,242.27906645640957,7.769756648200671,31.11598149523671,211.16308496117284,CONTROL,-1,705,2022-02-14
0.7787765496014565,-4.886636334257011,2.493016277456128,7.737699063530279,-46.65796433717229,0.2693245974768271,72.31221417157091,2.72618579450184,52.83675619715448,19.47545797441645,CONTROL,-1,705,2014-07-30
6.672898194883814,4.385496367689257,4.043117902705617,10.195128014367505,25.424789424208782,0.948385085765093,55.943266182643136,1.3035292040915274,2.8875068860377033,53.05575929660543,ENTRADA,1,295,2024-09-17
3.286503024237941,-3.2355469289113703,-1.6954148404391134,21.19839581029792,30.122037579443095,0.8700740510589627,53.57609250588921,1.3028184593937508,6.960924659380451,46.615167846508754,CONTROL,1,295,2024-03-06
-4.413700027176004,-5.176656652255973,7.658022374570361,17.149737758492822,2.2915915852150803,0.462231985538084,66.74793334340389,2.6030837850152677,35.89490358351863,30.853029759885256,CONTROL,1,295,2019-01-10
6.106554022793365,-10.930617646038865,-5.073098894839978,-27.14180360481211,-19.98446689152278,0.44895672226492145,60.08068774545766,4.023559130560208,33.10705910383476,26.973628641622902,CONTROL,1,295,2024-03-11
3.99800074370793,12.904788480836427,24.25969116989002,20.02202294358213,9.207205761305737,0.9396678552726737,82.07284535501435,1.9448727743773726,4.951630784142197,77.12121457087216,ENTRADA,1,480,2024-09-17
0.9969502585782664,0.6947562883174996,0.6484361990621856,0.6484361990621856,2.296371820760257,0.8681978798586907,18.72403528763841,0.8195678168611775,2.4678675485114328,16.25616773912698,CONTROL,1,480,2015-07-15
0.0,0.0,0.0,0.0,0.0,,0.0,0.0,0.0,0.0,CONTROL,1,480,2013-04-10
5.162588408251789,16.64951150205818,48.30378099059729,-22.49813952742152,-1.1350545518407085,0.5160088227296034,170.77458293404794,4.7488078648867305,82.65339144211084,88.1211914919371,CONTROL,1,480,2022-09-22
1.07489936625349,22.497221285691094,-17.943020866680868,0.8191935096135694,3.649051290142147,0.7786690731641966,107.08620528238407,4.339607428126823,23.701489066479166,83.3847162159049,ENTRADA,1,680,2024-09-17
7.013937443618445,16.817356730243205,53.93395318179506,-9.0650451539942,-11.41783987375411,0.31744637730113084,225.00767442996923,7.573750077499336,153.57980331722322,71.42787111274603,CONTROL,1,680,2021-02-25
-9.761847086088293,12.247308672037605,37.62515609036177,51.18038630824717,20.707462664917298,0.4781695073546571,193.75391307809474,4.454074768797512,101.10669991350514,92.64721316458962,CONTROL,1,680,2020-08-11
-4.148456102036624,-8.223461580477709,8.144418760300809,67.70282768495895,-1.7655856756815247,0.8446011223252284,155.07065980495403,3.7683064756442097,24.09780649397617,130.97285331097785,CONTROL,1,680,2013-09-06
35.49068214972806,-0.6740444358932507,53.68295280613333,53.32006347606999,77.63509356723208,0.6797710450241762,159.4069113851597,17.36818911915093,51.04670864879345,108.36020273636628,ENTRADA,1,860,2024-09-18
83.2375854380829,33.91660555349007,52.2095091594732,155.52090322973777,282.6638358657085,0.7024611285291471,1064.547749162071,19.860600147920408,316.74433591251915,747.8034132495518,CONTROL,1,860,2025-04-07
4.150950561130351,10.554355915679547,17.35779523002412,24.90269208008211,38.18200571153341,0.9411078717200998,82.30829725664563,2.0565534980537983,4.847310800538532,77.46098645610711,CONTROL,1,860,2015-12-22
4.832354649051407,-8.032984131364218,11.196243635605008,32.03764694481137,31.541975452087367,0.891632373113859,115.82516532890396,3.2100981654735374,12.551698300388255,103.27346702851571,CONTROL,1,860,2017-12-06
23.046252767051634,-43.64587799493225,-10.474476926972676,43.152245794106925,51.593917810177636,0.6140619936665228,159.57405686283502,12.900863834746156,61.585693368187485,97.98836349464754,ENTRADA,1,890,2024-09-18
-2.76353386043926,-4.907877858757459,3.38876235851604,31.075661713690916,34.09495390214845,0.7922899092120078,72.70208911790972,2.2223525307530223,15.100957531157729,57.601131586752004,CONTROL,1,890,2024-02-27
1.1962754042693646,1.870826713017415,-12.36389010955019,5.986454154180976,0.2808004981003087,0.13826853680126017,129.88979884857451,3.2345448187504906,111.9301264163721,17.959672432202407,CONTROL,1,890,2015-07-27
3.7396899833308517,7.787514188422051,28.356914959828394,19.38224811532052,59.434317029269934,0.9438389834438513,78.26096108946206,2.6160896391477513,4.395215131445387,73.86574595801666,CONTROL,1,890,2013-03-04
0.06217638022443239,5.031140860014549,5.966337312948156,-0.8770122998802421,,0.6501064584812625,11.489308200846239,1.4160114051666253,4.020034735994366,7.469273464851874,ENTRADA,1,60,2024-09-19
-0.8000693681764481,-5.007335566485915,-6.664775000092549,-7.3558123559058775,,0.28966391883320874,11.367660785541126,0.8084248205612677,8.074859614434692,3.292801171106435,CONTROL,1,60,2023-05-23
0.0,0.0,0.0,0.0,,,0.0,0.0,0.0,0.0,CONTROL,1,60,2016-11-28
0.0,0.0,0.0,0.0,,,0.0,0.0,0.0,0.0,CONTROL,1,60,2012-10-30
20.813147950780042,-3.529901670190627,-22.92346216478225,38.34552220207455,53.29863827920222,0.8233181232052444,156.60380094960422,4.751516609885314,27.669053464968385,128.9347474846358,ENTRADA,1,665,2024-09-19
-0.32037563839182326,-17.094332337366236,9.422762651662975,111.73369964892376,98.29965686673603,0.8929343497553708,179.73649145670547,10.33911579551811,19.243604330500407,160.49288712620506,CONTROL,1,665,2021-10-06
2.0092711994346146,9.629887477444754,-28.507779039903536,6.166977395851703,16.91446761673987,0.7057577370230848,109.38449003114113,3.8189427420331703,32.18553988133879,77.19895014980233,CONTROL,1,665,2024-02-22
-9.191066932997538,-2.8187052169181825,5.3852516438768205,-11.193162205529461,-23.246471015480054,0.1963024897807325,38.90909932158539,2.2444231061449633,31.27114624963236,7.637953071953021,CONTROL,1,665,2013-04-08
18.050658814037224,-4.7696409189146305,3.1522687658447346,14.91723758261676,53.3199607111845,0.9185727561845413,156.37053930103664,3.712102091866003,12.73282202922028,143.63771727181637,ENTRADA,1,725,2024-09-19
-1.820029209347318,-3.231560061874861,-7.268074236916888,-12.714215667479767,2.423020105610796,0.5103522675407808,48.69312863402784,2.0066260945955707,23.842480021996813,24.85064861203103,CONTROL,1,725,2016-12-20
5.728343155126936,10.32671042987765,8.049417549722548,-13.429126277250125,-26.92612578290565,0.49534450651769973,61.43376285403681,2.691170658410599,31.002885909578552,30.430876944458255,CONTROL,1,725,2014-09-26
-2.594385687147982,1.7274561781221998,-0.6915068608714936,-1.7285878526251963,18.531637501149056,0.4154792366018089,73.64884478383671,1.7908178403041526,43.04927897644311,30.59956580739359,CONTROL,1,725,2017-06-22
4.019112575710526,1.073865528060658,1.835079681395957,6.108795213752849,7.867930858176386,0.6555497992487964,101.10274953587458,2.055715946436917,34.82486237413066,66.27788716174392,ENTRADA,1,540,2024-09-23
-2.523375948576545,5.619530590048605,4.313049853992279,16.19102466391853,-15.101057589504974,0.571103253182461,99.54316212159856,2.9225685712697635,42.693738401884495,56.84942371971405,CONTROL,1,540,2025-01-16
0.048533451459942256,-8.856080102340735,-6.4926146233079685,-10.965294051018537,33.25399063381474,0.7949432457306541,86.29205789218476,2.5928695919829763,17.694769310593898,68.59728858159086,CONTROL,1,540,2015-06-03
0.1597924706708831,5.684902894140809,-0.9814702972832379,0.4223197590635941,-0.6345539747487638,0.31551751341120027,57.8713426370629,2.4907745880508756,39.611920510449245,18.25942212661366,CONTROL,1,540,2016-03-24
5.764785799919903,0.6123937050550587,-2.346062641025437,19.42945851828748,22.21090066712561,0.888784843694977,66.9474344105577,1.7558996601269006,7.445569382190449,59.50186502836725,ENTRADA,1,290,2024-09-24
0.9183712895088902,0.6113541185426286,13.3131838153977,2.237185046498613,-19.95122234458302,0.33359985785359636,59.06421705312709,2.085924020124816,39.36040263996993,19.703814413157158,CONTROL,1,290,2021-09-24
0.34886973051762027,-0.627278504108375,6.559458531001372,-6.3977533563497335,-8.044623785270488,0.34101648351648267,28.471782918300224,1.2183784014210104,18.76243562805682,9.709347290243402,CONTROL,1,290,2026-01-07
2.4151624829094054,-9.465014566709673,-11.879203734213029,-19.686377198397942,-12.394956608986485,0.16137900392934287,31.238592880153348,1.732085788675992,26.197339876999937,5.041253003153409,CONTROL,1,290,2025-08-06
-8.740774537305818,21.794244205455282,36.806425556814574,58.800593038597086,50.71761317698487,0.9016786479626708,131.81128431162264,3.409942265060694,12.959863687295528,118.8514206243271,ENTRADA,1,720,2024-09-24
13.02680167433401,-6.153471866847671,-34.15986734259469,-44.57174852291135,69.43706794658499,0.5680857446750454,153.8979405704724,6.1294003678687465,66.4707143975397,87.42722617293268,CONTROL,1,720,2018-10-22
8.485957600936622,7.342695089287421,0.7221089212672283,-19.970092327155076,2.0822918270368973,0.37904078628153937,104.25937836099565,3.5720259163791552,64.74082160981936,39.5185567511763,CONTROL,1,720,2015-11-12
-10.39201331782258,-5.014431227038374,4.3010137135302,-1.8292572763800585,27.645582872573016,0.86387002776479,91.29638762252169,2.578307681318047,12.428174712228842,78.86821291029284,CONTROL,1,720,2014-07-23
14.4112033051913,27.417298500900245,45.59421311016276,42.069495936061244,46.32266050075717,0.9293270001714201,90.39815235807775,5.257227847787896,6.388708606106367,84.00944375197139,ENTRADA,1,600,2024-09-25
-2.14810639991736,-1.900862807163728,-11.322522638131938,-15.140688605521646,-20.6657811394495,0.13430677365179822,39.5676136239875,3.2071276581541843,34.2534150970488,5.3141985269386955,CONTROL,1,600,2017-03-16
8.753110688266563,32.26568486797143,20.12726647551144,27.773498409755515,15.804376618726579,0.6152493957371976,65.34324226534758,6.399130733409085,25.140851946083163,40.20239031926441,CONTROL,1,600,2018-05-25
-0.9817836778092115,3.5927125065970955,-15.66727965307435,-21.208347748917777,23.798325398047826,0.5115383430384866,103.47039501773305,6.095431480503941,50.54132059682422,52.92907442090884,CONTROL,1,600,2025-06-11
7.629023859359041,-1.3813151245167798,-3.4089213578769595,11.568858699870788,12.080419042190815,0.8942311008712394,71.55154470775716,1.8203258483970728,7.5679281147017745,63.98361659305537,ENTRADA,1,255,2024-09-26
0.0,0.0,0.0,0.0,0.0,,0.0,0.0,0.0,0.0,CONTROL,1,255,2012-10-09
-5.079175380938716,-21.187809171112626,-22.402925700999443,-21.689108573377247,-20.151481539883996,0.06654896102129473,33.09772053665609,1.6175803607797898,30.895101622768458,2.2026189138876324,CONTROL,1,255,2015-03-23
0.18664063306861323,-6.094329134402887,-5.540606179252894,-4.617598220931773,-1.1067651435126002,0.20013331111481103,11.089203318076278,0.7264662990878108,8.869884340404322,2.2193189776719544,CONTROL,1,255,2017-03-29
-12.969525288726302,-9.50536425893933,-20.542418674510678,-39.27954719222804,-172.54645805618418,0.10347591128780952,226.61234973715918,6.252972383192932,203.16343033903485,23.44891939812435,ENTRADA,-1,655,2024-10-01
-4.6674217977193955,-2.7753352700699008,6.676681369415238,12.185661404231496,4.980323889618443,0.6519023938938607,33.110325888008965,1.370001592202623,11.52562517901005,21.584700708998913,CONTROL,-1,655,2017-02-10
30.70105208354601,1.2892439994804938,6.90416731807364,52.48574184887778,114.83168993819959,0.9795059628927071,223.11747820060071,8.328702311498773,4.572577877528721,218.54490032307203,CONTROL,-1,655,2022-05-13
16.110511273914607,-10.896224153859047,36.97213810916145,103.39459255453987,75.78539624954361,0.6731420826744926,172.25993727512613,5.6177619126648075,56.304524336370264,115.95541293875588,CONTROL,-1,655,2019-08-23
-20.00609436371814,8.803534953187864,-24.033792895724602,-33.72141588246724,-5.677834071745602,0.14931873252184236,250.21340787972218,6.273780012180236,212.85185895515133,37.36154892457088,ENTRADA,-1,785,2024-10-01
-2.1781841785417644,-4.789301927669021,-4.935855652352661,1.4526501422862381,21.688279740963434,0.8935267118458783,100.94597362080039,1.2582740634642096,10.74804973732585,90.19792388347453,CONTROL,-1,785,2018-01-22
15.020578099160797,6.455736603718787,14.975950936215732,-26.477554309727314,-112.93797374629877,0.11199827362969288,429.5486059646074,6.837361813927384,381.4399036565302,48.10870230807723,CONTROL,-1,785,2022-10-14
7.218237748407574,-18.760025252625432,-4.667456555897953,16.90771674959235,14.019195261718576,0.7941560545513445,158.53258865090112,3.9031146872205884,32.63297353009023,125.89961512081089,CONTROL,-1,785,2021-03-26
-10.841008068661617,15.829336959838347,2.3529188257720435,-6.491196612763428,-25.78902528861282,0.14385966336416517,250.24759000628566,6.1398783018719545,214.2470559502878,36.00053405599788,ENTRADA,-1,820,2024-10-01
-2.3072687879011067,-7.4329206132406345,-5.335798954222426,-5.177489897459919,29.972124037107584,0.8736705416769717,160.1792359295944,2.0418380353171526,20.23535610958222,139.94387982001217,CONTROL,-1,820,2020-06-22
0.5574449325695952,-4.343618027199403,4.889050617939983,38.748149617890974,25.158372010014585,0.7382419309855311,91.60400018766221,2.495278876715213,23.978086203123503,67.6259139845387,CONTROL,-1,820,2016-05-06
-3.140975696932502,-2.5813423477816233,5.826912074844426,-3.263257605990999,-12.688607366311278,0.4048803415455902,52.94880965244076,1.694907152163445,31.5108775159281,21.43793213651266,CONTROL,-1,820,2016-08-23
0.0,0.0,0.0,0.0,-10.251452230147784,0.3264624825979467,249.10926242712654,0.0,167.78443417702343,81.32482825010314,ENTRADA,-1,1083,2024-10-01
0.0,0.0,0.0,0.0,8.783005895365292,0.6209632904682011,93.41853630184931,0.0,35.40905460912987,58.009481692719454,CONTROL,-1,1083,2024-06-13
-71.76153677151743,-71.76153677151743,-71.76153677151743,-71.76153677151743,-134.89848799794868,0.013447155699933532,636.7876308200011,11.766876059136777,628.2246484005728,8.562982419428348,CONTROL,-1,1083,2020-02-27
14.37378173423376,14.37378173423376,14.37378173423376,14.37378173423376,7.259525436504877,0.7128986752367907,184.02271176879862,3.6147259299423045,52.8331643353403,131.1895474334583,CONTROL,-1,1083,2025-11-05
6.264315698516487,4.655509208293385,-1.4491092336621492,21.103919304350516,38.588047463716805,0.7427913697440437,132.8762703149733,3.0386607745016434,34.176923481234475,98.69934683373883,ENTRADA,1,745,2024-10-03
-7.8531957432370625,-17.47273934627924,-26.954654402054913,8.909305381068489,-39.02893657899198,0.13736735946681206,136.5747816097028,4.419422903937896,117.81386449022139,18.760917119481398,CONTROL,1,745,2015-01-05
7.191519356717357,0.4695339431037837,-1.4332696691987667,-20.836219963870086,-112.0835391675612,0.05924277192250848,283.28537101225874,4.920327442891743,266.50276038839627,16.78261062386244,CONTROL,1,745,2024-09-06
5.963844280951758,-1.1268944262499136,-15.263025639524752,-18.74062864537951,-35.31280378206048,0.06134053658089563,151.76573407380454,4.7882372607546335,142.45634251112384,9.309391562680686,CONTROL,1,745,2018-07-30
-6.4263622651683505,-0.3761710533090046,13.426860395033824,-55.459034687204145,-64.40652337170948,0.1330306081876982,135.88667988784994,3.303035184212893,117.80959221776217,18.07708767008773,ENTRADA,-1,930,2024-10-07
4.463425768230778,31.106182742548505,60.93280790364197,-20.833187742340662,27.3309475562189,0.7970211387493206,228.32630034486803,7.644990162616258,46.34541243758193,181.98088790728607,CONTROL,-1,930,2022-05-31
-0.5291995804068694,-3.028021748223697,-31.002504682072775,-22.950824461985817,-58.452874605400275,0.04520824003581124,93.42017407194788,2.601844133063815,89.19681241831599,4.223361653631889,CONTROL,-1,930,2016-08-24
6.550581682194245,-0.7223129676325879,-3.261955742683842,-0.9000624643362709,-25.510083834238138,0.09637735336096621,132.43811063483489,2.509819701896917,119.67407604772266,12.76403458711222,CONTROL,-1,930,2016-04-26
0.8365828866563341,-1.4079567360780754,27.660775255000658,41.62960485960987,87.05226602715888,0.8993852115146909,163.4891397230454,5.846804850473029,16.449425212879362,147.03971451016605,ENTRADA,1,660,2024-10-08
15.22253751127467,20.32792661639249,-4.539250993526034,8.497595087972876,-12.76783042768459,0.2984071251177516,108.05686195081303,5.357408024290682,75.81192442682516,32.24493752398787,CONTROL,1,660,2016-03-02
-3.6487459837364344,-4.223080185323802,-3.5417369360468687,-32.62311016197561,-9.812987697693787,0.15754522555530884,49.96204166204997,3.2911129525125262,42.09076053919856,7.871281122851399,CONTROL,1,660,2025-01-24
-7.433904452123219,-6.830226122966909,-9.969108174338048,-36.47018150103709,0.875141830951609,0.2849002849002814,55.22848726614325,3.1059402470637716,39.49387550940748,15.734611756735776,CONTROL,1,660,2014-02-12
4.650222591942033,-11.318122244509121,8.764935310729971,20.317262167928174,66.72785331607312,0.8897771999571886,124.72396266344317,3.0941308805594203,13.747424397199763,110.97653826624341,ENTRADA,1,730,2024-10-09
-2.8815173311391717,-17.991807479387223,-28.013652162848235,-22.017705464456583,-73.65649650853956,0.03280270031415911,218.05859110070534,3.310015835253774,210.90568048590114,7.152910614804202,CONTROL,1,730,2024-11-15
-3.5709355480706417,-4.901358009510304,16.380895916232596,59.96094225686921,40.584876639289114,0.8882186118054252,102.78877041082583,3.095707763179231,11.489871447335553,91.29889896349027,CONTROL,1,730,2014-09-16
-1.1604626547812025,1.159572345081905,3.2474803901494376,17.665041360519496,32.81390679636065,0.9576208897485698,59.9429394231946,0.8075230767368181,2.540328438610365,57.402610984584236,CONTROL,1,730,2019-12-19
6.623066132651623,1.7354826113846755,0.17633666650862523,17.544055832225958,14.818633616815458,0.9164571605717786,130.65032359183385,2.3853690074969416,10.914899005077732,119.73542458675611,ENTRADA,1,920,2024-10-09
-6.01716773909966,4.3341794043150195,6.553450482298384,-13.627817882259086,-29.11098821474889,0.6621242338182105,118.51897391492012,2.7255812740799175,40.044689118583165,78.47428479633696,CONTROL,1,920,2025-12-01
5.427932138786229,18.65456334352311,-11.307472677963837,4.327289111087929,-35.4903928094108,0.6453012788509513,172.48015789296895,5.049468234526199,61.178491428222074,111.30166646474684,CONTROL,1,920,2023-10-17
1.2775172148615788,-8.843855718918547,14.18607864541066,10.761577875209039,19.908100860952516,0.8781849558420468,124.58628273535908,2.916921998198888,15.176483532883013,109.40979920247607,CONTROL,1,920,2019-07-22
-1.5141227117732026,-1.6839207243102283,-0.7460108170098678,2.8700440498163893,5.373478226717854,0.8720074629994491,141.31911169010104,1.150655055953517,18.08779163188025,123.2313200582208,ENTRADA,1,1200,2024-10-09
-2.0686820386350835,4.476846575727222,-0.9716243067636743,11.276110126190453,31.587186916857135,0.8275394618937048,97.67231849393953,3.286223673468152,16.844620605554265,80.82769788838526,CONTROL,1,1200,2015-10-19
3.307051894467783,5.898228431211461,-3.8379862724247094,-29.195858164636768,-29.98703381236534,0.6941696379249742,174.15754904275812,2.3394313586568374,53.262666281845775,120.89488276091234,CONTROL,1,1200,2020-09-15
1.7257319305308272,2.6138924876661918,0.43674722409514644,-0.20618871121147464,-6.103307312829154,0.9610219326128435,180.18973905063353,0.8301117979893764,7.02344779118974,173.1662912594438,CONTROL,1,1200,2021-06-10
12.116240543638135,12.116240543638135,12.116240543638135,12.116240543638135,15.160920912618003,0.8524812454419288,133.3759301578911,2.1736152025310087,19.675451104916384,113.70047905297473,ENTRADA,1,1083,2024-10-14
1.107294971318673,1.107294971318673,1.107294971318673,1.107294971318673,0.8568139347486792,0.9086230335987597,67.86703044308932,0.33753971636321073,6.201483360550126,61.665547082539184,CONTROL,1,1083,2021-08-05
8.36768051065695,8.36768051065695,8.36768051065695,8.36768051065695,8.162752286240416,0.9006698587025935,71.09936147537462,1.7607119350008718,7.06230962150434,64.03705185387028,CONTROL,1,1083,2025-09-11
-1.1156115464228122,-1.1156115464228122,-1.1156115464228122,-1.1156115464228122,4.924788951452541,0.7378978125246762,83.10920712582596,0.4586239259972139,21.78310498701875,61.326102138807215,CONTROL,1,1083,2023-09-18
-16.631216521900694,-3.1527785158269594,11.68725079256916,13.368225363750152,-108.19484482868513,0.20751776567375402,161.50254084415255,4.790086261884841,127.98789441753979,33.514646426612735,ENTRADA,-1,700,2024-10-15
-7.980946352784679,-21.072294949997517,-22.689459212723584,-70.57350820223851,-123.12869148108474,0.011652178286705842,161.4667866998169,5.32245466755308,159.58534691380913,1.88143978600777,CONTROL,-1,700,2019-03-22
0.48186204788081,-4.102254080663448,16.201035967631228,38.50371735586222,65.70139606059344,0.932849930398289,133.28382023977937,2.6812622864772475,8.950017805883116,124.33380243389625,CONTROL,-1,700,2014-05-19
-2.8395373910583555,3.67925585377904,-3.6765504598190724,4.850496005031069,-26.843310096920092,0.3386581469648659,52.32652419809214,1.735829254511849,34.605720476054046,17.7208037220381,CONTROL,-1,700,2017-09-12
-7.222927119436839,-10.679186564340748,3.9272763394304633,-8.810392986499105,4.181170851760285,0.0814143956303033,161.83212839426466,2.837907917604591,148.65666346747994,13.175464926784704,ENTRADA,-1,840,2024-10-15
3.285395380041578,3.114155679080355,4.6710958778306555,-1.380950726675989,24.78179251326651,0.9811320754716866,82.45362631739948,1.1003613309433118,1.5557287984424488,80.89789751895702,CONTROL,-1,840,2017-05-25
1.472207329522579,2.0765720936100074,2.9248093615263926,-3.3534115373357043,7.586001405632814,0.8766484614360014,100.2288761835582,2.149474966640989,12.363386085782418,87.86549009777579,CONTROL,-1,840,2013-06-18
0.0,0.0,0.0,0.0,0.0,,0.0,0.0,0.0,0.0,CONTROL,-1,840,2026-01-01
2.3674103475257446,2.8874043029425422,3.507126149848716,19.860749456481752,35.63967276880575,0.8904797222490904,91.74798234665137,2.5024560024092177,10.048264509690803,81.69971783696056,ENTRADA,1,255,2024-10-17
-0.3416389780563911,0.3397209939426382,5.003024926755195,-7.586261476378864,-3.863429794243034,0.3231859883236223,18.619960434526345,0.7613991679130472,12.602250118947206,6.017710315579141,CONTROL,1,255,2017-01-30
2.231784748301102,-0.312162288714779,-6.0895902176716366,5.638626090969101,8.912271409167172,0.7113537117904027,34.041616991671894,1.44740445609675,9.82598638929885,24.21563060237305,CONTROL,1,255,2018-02-15
-2.30075366842164,1.0697442343166053,-0.5780335312999263,5.054116759439786,11.554076963624649,0.6399140708915095,31.958451678581525,2.139326047440649,11.507788765550824,20.450662913030698,CONTROL,1,255,2023-06-06
4.980267375704894,-1.1191640218477517,2.962863266195992,1.053993743616033,7.633809067957298,0.8460530428719095,81.81040813143002,2.939457052067863,12.594463393240842,69.21594473818918,ENTRADA,1,645,2024-10-18
-9.283129602153384,-9.685788261734052,-1.7146175264415309,-19.669703396603122,-11.951040162931914,0.34415039768620115,49.994154696446294,4.079404710107637,32.78864647567884,17.205508220767452,CONTROL,1,645,2023-05-19
20.133696730435524,52.7427257389812,38.848216446820686,30.138462252411458,26.4998933895777,0.9523957065397843,129.85027488830448,6.397763398475767,6.181430591672512,123.66884429663195,CONTROL,1,645,2014-04-14
-26.790925678032984,-39.66577473743405,-53.42341904049918,-128.71845094942213,-86.74212869864361,0.06159468643171712,150.30105419500123,7.744819655153702,141.04330789150362,9.257746303497623,CONTROL,1,645,2019-01-08
-1.380984133525498,5.715725711263886,-5.415105437355239,-7.552905702724599,-14.239220175076284,0.7725095466189167,103.23028785748755,1.5595740854019289,23.48390498735958,79.74638287012797,ENTRADA,1,1230,2024-10-21
-0.1337187777095128,1.128394587048831,-3.650909552684878,0.8107466558793242,-4.9869603933427875,0.8820693006391829,223.58914356156274,1.4190600048609805,26.368024069701235,197.2211194918615,CONTROL,1,1230,2020-08-26
-2.2015741129099986,-5.486197081118194,-6.451851964872635,18.795965607854015,26.37538860035038,0.9681393930693634,341.8514005346348,2.7306871896478238,10.891593101121629,330.9598074335132,CONTROL,1,1230,2026-03-31
-0.3801383400459102,10.75813972306161,8.859972240691238,10.113947525554057,9.734305297395274,0.9692437810945239,126.92809138418431,2.019715660752176,3.903828163866249,123.02426322031806,CONTROL,1,1230,2019-07-22
-3.3263303345465456,-9.364126412909624,-14.671513726968177,-26.072556084182352,11.340176080236741,0.6696750456812722,119.32221048092673,1.742277660712893,39.41510372632174,79.90710675460498,ENTRADA,1,900,2024-10-22
0.6700006299009686,4.680184599852311,5.518065437470909,4.8474150741251165,1.3367487263304945,0.5898548094373863,92.0562629166972,1.066059194262646,37.75643349645084,54.29982942024637,CONTROL,1,900,2017-09-15
8.554701439373869,7.576634253723125,25.088155821662017,27.497505733915517,24.2608690211088,0.4770270270270313,118.90945199738499,2.5548850933021336,62.18642962565894,56.72302237172605,CONTROL,1,900,2021-11-15
-1.739324426246469,-8.977543190418213,-33.19757295549897,-47.44763883855807,-44.106651726835146,0.40915087867433636,127.27487295517533,4.402117706729038,75.20024685240081,52.07462610277451,CONTROL,1,900,2023-06-23
-7.296112478448746,-3.3269679057090773,-7.164580969872825,-13.494362445569674,-20.694161764106546,0.1396563698402625,65.35183195835256,3.7631529690661036,56.225032344638194,9.126799613714374,ENTRADA,-1,585,2024-10-23
11.380193557573026,11.394941986337948,-1.3020987551426444,1.4363801689176725,15.39336835416627,0.7316199184480445,59.543827913995315,5.32272669300465,15.980377391473663,43.56345052252165,CONTROL,-1,585,2021-04-06
5.9286410906711495,-0.3871447126568839,0.013584569378277678,-1.4125937258191446,3.2454965621053766,0.795879413911217,40.330267602068886,2.0210947661623107,8.232237860051757,32.098029742017125,CONTROL,-1,585,2016-06-22
-2.225740630233952,2.6890534579981917,-2.391729140764909,7.355595852638341,-4.755865567532824,0.34980065869301913,55.53797296988329,3.74233675734464,36.11075344254303,19.427219527340267,CONTROL,-1,585,2014-11-04
-12.984281473916726,-8.803642195929218,-21.114639559034476,8.39100843136098,-24.66744859448977,0.22819788879290312,93.80839584253397,3.3757998460993104,72.40151796021877,21.406877882315204,ENTRADA,-1,670,2024-10-23
8.968115029124313,0.7051880015152001,-6.805576946513625,3.0212931088557937,-69.83210598185741,0.08882930473294602,172.18236391750006,3.1355100645869616,156.88752424343343,15.29483967406662,CONTROL,-1,670,2015-04-17
12.606508270642802,-9.97951025099919,-14.347370502675316,1.0833920603170455,-7.5059313386194315,0.4558579276862029,50.77120401571788,2.8753285493930725,27.6267481669793,23.144455848738577,CONTROL,-1,670,2021-10-20
13.982818872761982,-5.419924710210466,-22.738132736204175,-41.300860785129515,-143.0178506573021,0.1039866139432839,196.02608513555964,6.613526206247162,175.6419962977549,20.384088837804743,CONTROL,-1,670,2022-05-04
4.045980235478641,4.411733122360317,27.79685865059056,27.16184432421942,-34.014950836142035,0.21805702100738666,225.69595689920484,3.4292112402532062,176.4813688843527,49.21458801485215,ENTRADA,-1,900,2024-10-23
-5.925505849165846,2.8743996507052394,3.929973691008115,3.6751595601458575,6.260304935086225,0.9215207534007676,104.28526220450412,2.1528638967683733,8.184228809212895,96.10103339529122,CONTROL,-1,900,2012-04-09
5.990888955240692,3.973352739505831,25.97124916299931,36.33545978100061,104.3799710073956,0.9416824789249595,361.6226685182843,5.16301743555105,21.088937592527436,340.53373092575686,CONTROL,-1,900,2022-04-28
0.0,0.0,0.0,0.0,0.0,0.013832829460974274,320.63722366736266,0.0,316.20190363353174,4.435320033830892,CONTROL,-1,900,2022-02-21
2.935443692684281,3.1982116481366063,1.743282819273162,-0.4995204209090609,9.019195248654022,0.8716818354190209,83.30758272362802,0.8377512015584261,10.689876110774028,72.617706612854,ENTRADA,1,1335,2024-10-24
0.0,0.0,0.0,0.0,0.0,0.5296973493598491,113.31493775353799,0.0,53.292315582612616,60.02262217092538,CONTROL,1,1335,2015-06-02
0.9368218998040412,-2.212521778505172,4.025527904074622,6.80515211846755,30.119307399909534,0.9150589544336936,230.72783368865038,1.4864454359788914,19.598263434762828,211.12957025388752,CONTROL,1,1335,2025-05-28
-0.6365506676098143,-0.05200295352891793,-1.4732076128443072,-3.671155307317653,-8.962814591328971,0.7526230974242721,135.01591059557953,1.0135268540804045,33.39981776157586,101.61609283400368,CONTROL,1,1335,2024-01-17
5.36210140505311,1.3169369801757647,-1.2683213554731676,21.39039471722226,-0.09168491911903942,0.8460201640261422,163.88536939119584,2.3423281363663246,25.235042297371436,138.65032709382442,ENTRADA,1,775,2024-10-25
14.00524979038309,8.191339328664782,4.332898306371735,-9.615048084963274,-49.54970606010134,0.17430820027252683,131.06864669424192,3.7162350444586876,108.22230677681294,22.846339917428985,CONTROL,1,775,2024-04-24
7.627016170592693,8.400673945407888,1.2264655333971142,3.877401874143871,29.30751056537062,0.9607151539448923,124.47204744724752,1.8185403426300881,4.889865222129186,119.58218222511833,CONTROL,1,775,2024-05-24
-2.0334664222798615,-5.509626025825831,8.536278737685254,37.709149260038984,49.0425396013694,0.9616457601605698,197.7810612278753,3.0192982998005986,7.585742258030961,190.19531896984435,CONTROL,1,775,2025-05-02
8.217746625089895,3.104033541896367,25.7873001981479,19.628350235918468,12.755606292733646,0.8178318560864475,46.47050121215165,1.7343051522512665,8.46544495255016,38.005056259601496,ENTRADA,1,540,2024-10-28
1.1171779249230518,-3.5380738546808566,-1.827571059516142,-12.361887085020618,-9.640960025972811,0.0559826670394137,42.73474916333018,1.045617863757443,40.3423439299066,2.3924052334235766,CONTROL,1,540,2013-11-12
-0.49906622732409645,3.645682202297884,-0.39777463620938036,0.5164130395018951,9.12785576256736,0.674766935985076,39.75433844852368,1.5750497409741102,12.929425301499657,26.824913147024024,CONTROL,1,540,2014-08-22
-5.052535879417341,-19.56760787041656,-12.14078934705265,-4.339271989564075,-14.07375589341564,0.6977267049712708,143.20525524043606,3.857393624140587,43.28712436695681,99.91813087347924,CONTROL,1,540,2021-03-19
7.792978552700891,6.934149560771097,3.1344887553630407,11.970934724907512,24.479654443099186,0.93576371501199,102.34120284383785,2.60700769046253,6.57401867189251,95.76718417194533,ENTRADA,1,765,2024-10-29
-0.7993853197119094,4.403611714360878,-4.559483396430197,20.460652120848355,51.598923777669285,0.673635900050997,110.66258351893083,2.922017790159393,36.11629446818723,74.54628905074361,CONTROL,1,765,2020-07-17
-3.145306345121446,12.937300150761555,20.022165976421036,46.728492384071615,82.90187105147729,0.8492490032224659,103.90608329285077,2.2214587516384614,15.66394562764674,88.24213766520403,CONTROL,1,765,2024-02-05
-7.395843913279299,-13.134774340862743,33.67131013931824,58.01661795454605,66.23592958209245,0.5702704440379004,252.5160987518024,6.928283252046616,108.51363098989373,144.00246776190866,CONTROL,1,765,2025-03-04
0.0,0.0,0.0,0.0,-1.357439215661227,0.9747624675743365,158.05542121918907,0.0,3.9889288180711864,154.0664924011179,ENTRADA,1,1083,2024-10-29
0.0,0.0,0.0,0.0,43.198865309423965,0.9295936870121446,291.1462895286346,0.0,20.498536785805825,270.64775274282874,CONTROL,1,1083,2024-04-25
0.2804322485139288,0.2804322485139288,0.2804322485139288,0.2804322485139288,22.02514116404819,0.09669198604547165,246.3893988853364,1.6303582781012935,222.5655185665633,23.823880318773096,CONTROL,1,1083,2021-11-22
-5.012657290308642,-5.012657290308642,-5.012657290308642,-5.012657290308642,-3.293842498770516,0.8109920738611562,151.92395994744047,0.5628721782369371,28.714832600466487,123.209127346974,CONTROL,1,1083,2018-09-13
-5.971678355299881,11.829045983304809,-21.80098263941388,-29.459189529366103,-39.77344247790393,0.2295123645394005,107.6869283683215,3.716571176622291,82.971446808523,24.715481559798516,ENTRADA,-1,835,2024-10-30
9.294948214770837,10.584088671710123,10.444947627978873,11.464979524999919,9.294948214770837,0.7108865614397378,86.35382777130944,2.0608526355320462,24.96605207980393,61.3877756915055,CONTROL,-1,835,2019-09-16
3.879402564246348,13.261879338772875,15.516241271145148,26.45891975676662,84.09550793901931,0.9931960049937683,103.53988117732142,1.8793521872976044,0.7044848344763286,102.83539634284509,CONTROL,-1,835,2021-09-15
11.11164251103025,-6.645905922153528,-20.92359517053999,-14.764620304862364,-27.23405398496359,0.5855502660319265,97.69875582087595,4.596053350130034,40.491223358973805,57.20753246190215,CONTROL,-1,835,2016-09-14
-2.364780114607612,-1.0394391797041713,-1.8181380227355604,-8.685232771031837,-30.35448969077703,0.01973129681232998,164.24797034560817,1.5020800292542056,161.00714489189622,3.2408254537119676,ENTRADA,-1,1185,2024-10-30
2.8433174695097208,3.357595458013396,-6.3627501336493975,-11.119908162969816,-17.1235805246317,0.5579656120404467,150.0691047913938,1.4860350392520103,66.33570488810183,83.733399903292,CONTROL,-1,1185,2013-06-25
2.380443724376846,-4.919213331575634,7.091502383016479,8.933116494465043,15.407131079425707,0.5615371545083762,85.317993877071,2.3594859184613965,37.40877036697749,47.90922351009352,CONTROL,-1,1185,2015-01-19
3.9572537401499908,5.2200760809384406,7.097565908711356,8.822108605281986,5.26217564974063,0.7679157704064378,43.70305866986,0.5376655027665576,10.142790702276708,33.56026796758329,CONTROL,-1,1185,2014-08-20
-7.1028150565999315,-0.0004958743748950667,-6.899791138108569,-12.178206651225487,-39.18013288734645,0.07426141380966145,64.01639321094301,2.5518515749131807,59.26244534410316,4.753947866839839,ENTRADA,-1,265,2024-10-31
-6.311146950160884,-14.864130501803796,-3.358160123330123,-1.7040543321666934,-11.07830478085936,0.34261838440111625,47.29350875185194,2.772061000346871,31.089883190632378,16.20362556121956,CONTROL,-1,265,2020-10-14
1.5346241150560047,-2.3657470881766063,-31.9403152241593,-15.991401864359212,-89.12339924147416,0.11518469428916907,149.75391530157324,4.600401998285184,132.50455634895542,17.249358952617833,CONTROL,-1,265,2022-12-15
0.0,0.0,0.0,0.0,0.0,,0.0,0.0,0.0,0.0,CONTROL,-1,265,2012-02-08
-14.129728567278121,-7.37359900741863,3.0432188244899905,-29.253791291351526,-102.55437080294084,0.046614244187644815,182.540588481576,5.959114745658834,174.03159691593945,8.508991565636569,ENTRADA,-1,695,2024-10-31
5.531678674681739,-7.232232426841456,-19.039851642562724,-2.1299295956134223,33.43554539761095,0.7259769900787276,69.6152209891725,3.2785121164432685,19.076172391787583,50.539048597384905,CONTROL,-1,695,2013-08-16
-0.6464173270270823,-6.460414758626687,2.0538801218639158,21.378758431462863,21.22600166149624,0.8332097850259481,51.298432146511345,2.2603346390757757,8.556076525548445,42.742355620962904,CONTROL,-1,695,2012-03-08
-4.583707421550454,5.969171462758549,9.357576827655478,10.170810302538857,33.526207542711184,0.8807153891481284,84.94028302154689,1.9959982105475715,10.132068605873059,74.80821441567383,CONTROL,-1,695,2018-07-20
-0.5697275849547712,14.359383592732478,-0.3460570659130635,2.6970564458395074,-41.96533035610961,0.11180084556334606,196.33399534501933,3.7556953948473186,174.38368865261614,21.95030669240321,ENTRADA,-1,725,2024-10-31
-0.4867164263944179,1.5175579126003313,6.127514086404773,22.304885658426254,22.026419258240892,0.49795202994484494,86.57267292239591,2.945886545696763,43.46363470293776,43.10903821945816,CONTROL,-1,725,2026-06-17
9.651956576570697,1.7827945249204724,-16.18096464733543,30.61541392756384,-18.528491356779586,0.7250078443677465,125.12672663693232,4.870346008269864,34.40886828509774,90.71785835183456,CONTROL,-1,725,2022-06-08
-9.673148283043664,-6.686433077269793,-12.112579518923638,-13.256989635346272,49.20030645131801,0.8433046755388037,182.0913158676375,4.622730424169285,28.532857821445624,153.55845804619187,CONTROL,-1,725,2020-05-18
-5.810382331494779,2.988687328306927,2.753851105936622,-15.443289292159657,-22.096928013009,0.044280133997243364,204.1837061827634,3.843057957849607,195.14242431293687,9.04128186982653,ENTRADA,-1,875,2024-10-31
0.5366148281504834,-0.46578064836655386,0.7307237361908747,3.7163826690944646,-8.40249286883199,0.6694087042114821,64.95202692520407,2.421598517753732,21.472574745293915,43.479452179910155,CONTROL,-1,875,2015-10-12
9.746925410130114,4.6867342747436425,6.835286972670662,0.8488944631168671,-3.864651700667965,0.4338380513495645,72.9827114895075,2.055430790989676,41.32003415469209,31.662677334815402,CONTROL,-1,875,2020-12-03
0.0,0.0,0.0,0.0,-1.5060812091993725,0.8743610051119354,37.6279007267127,0.0,4.727531627052063,32.900369099660644,CONTROL,-1,875,2014-05-26
5.65234021415062,14.846187098589425,7.626560050901787,37.46594852661822,67.3707864630324,0.8860846937564606,116.94596936227431,3.8554841630131818,13.321935913851059,103.62403344842326,ENTRADA,1,645,2024-11-05
-19.043270626833973,-13.24585429383518,-16.020632039244198,-35.65458093961582,-20.8189572125006,0.04932723137212416,46.13875715026824,2.7864478163392747,43.86286000109471,2.275897149173529,CONTROL,1,645,2019-07-17
-11.428215415961729,-11.98237203412833,1.4765135602079482,3.138112580343133,-0.5535801968870047,0.6115595470949511,66.98506671656541,4.317165293496168,26.019709653257593,40.96535706330783,CONTROL,1,645,2017-04-06
-5.308192162455372,-41.36859279634475,-103.77645542575476,-117.50187967845326,-102.61366372178892,0.032516646724209494,318.39079133114444,8.706172658070221,308.03779044918815,10.353000881956326,CONTROL,1,645,2020-11-10
4.274164417130688,6.395339946061451,3.424071305113685,7.185705315828628,29.12772138212949,0.9365502958579884,166.63401363066234,2.363089264053227,10.57287886486145,156.0611347658009,ENTRADA,1,1260,2024-11-05
-2.0532282527940815,0.15851351619078358,-2.28157156700437,-25.599096754123085,-23.71561172348491,0.43991518093802273,83.54695410617009,2.4561298588931293,46.793380673733594,36.7535734324365,CONTROL,1,1260,2015-02-11
1.5181829741184316,0.4727600380038943,-5.400773956172333,-19.996633365988448,-18.7513138704698,0.8612580834803032,264.9435150192245,1.7314538217231068,36.75877104323228,228.18474397599218,CONTROL,1,1260,2022-03-22
0.0,0.0,0.0,0.0,24.84993167130467,0.3742307865067655,109.34469068241927,0.0,68.4245410879985,40.920149594420764,CONTROL,1,1260,2014-09-04
7.0925985984016116,10.013857634256773,0.042757864788800504,8.514077965671163,10.689172946645176,0.8845796775003648,127.70067601352837,2.682029086447574,14.73925320890287,112.96142280462551,ENTRADA,1,270,2024-11-06
-0.1454848062931724,19.096640428526435,13.404194969632854,19.679386353002037,36.81227056215653,0.9386991193649401,80.45572323731605,2.6184984294208586,4.93200668657813,75.52371655073792,CONTROL,1,270,2018-10-31
1.3549252623756836,5.007145272664104,3.662141662983398,-9.438838450984699,2.3474978426740734,0.5384163792470841,37.145000430682344,1.6382899583787263,17.145523791662978,19.999476639019363,CONTROL,1,270,2014-02-17
2.5773106714499505,2.8108910351609673,-2.0747210796845383,1.3605622581192023,7.014317629761013,0.6994884910486249,20.28460704410219,0.8134018693426929,6.095757871308843,14.188849172793347,CONTROL,1,270,2013-12-13
19.13675050138064,25.120918015029137,27.848238149497107,3.625673399165752,22.46723074867507,0.8924914200586188,139.4310639139843,5.804455951894856,14.990035681108408,124.44102823287588,ENTRADA,1,575,2024-11-06
-3.567080652072674,1.3609979865547572,-3.3011488950407397,-10.723788512089216,-18.67623030516019,0.15097128378377425,35.80449626150753,2.3488877832590105,30.399045495676393,5.405450765831137,CONTROL,1,575,2023-05-08
11.891586898786777,31.020672914223724,48.962225364623805,43.28870859242828,43.03529315102806,0.8515211692747702,98.8401494355649,3.9184637634976918,14.67566981689966,84.16447961866524,CONTROL,1,575,2023-03-23
6.9832649776846445,9.75090860739325,9.75090860739325,9.75090860739325,9.75090860739325,0.9397163120567152,19.97874601487895,2.929765712200531,1.2043924902591057,18.774353524619844,CONTROL,1,575,2012-09-10
0.567892687113325,-11.871161251459927,-34.07933884457481,23.118162502555606,17.103845428689812,0.7264161960016954,170.40618135016166,5.087677565207251,46.620371318602174,123.78581003155948,ENTRADA,1,660,2024-11-06
1.0941728593438782,35.53210110550209,38.97653843033089,48.35600042324862,-17.21668780469754,0.6576084970584303,112.27583705664591,5.804357335206059,38.442292593847775,73.83354446279813,CONTROL,1,660,2019-03-25
-12.470166801865634,-7.486420680777872,-11.867984008000487,13.691195806602163,21.20791974283831,0.4598813496477616,118.83554385657362,3.959747809419821,64.18529356168678,54.650250294886845,CONTROL,1,660,2018-02-16
-4.3120736107304936,4.806618683048658,5.905138496427043,-27.116739356669584,-33.2442574892633,0.29859889844429555,88.72198133424699,4.334839924937545,62.22969544004548,26.4922858942015,CONTROL,1,660,2026-08-25
4.487906285046694,-0.3437922079296829,-5.423937790435263,3.730044612029193,25.32656600870764,0.9449642408551423,169.7739104096018,2.542596933191049,9.343636042383503,160.43027436721832,ENTRADA,1,765,2024-11-06
-0.07183307560554297,-2.933432623208887,-15.296711207088975,-21.68796438525522,-27.05575313030839,0.04486687849239083,119.20458010980228,1.937506053506083,113.8562426982793,5.348337411522968,CONTROL,1,765,2015-07-24
2.04074896903661,3.5002865824229623,-2.8420617397562076,6.623899636442054,30.405411644298663,0.9465655097791248,150.08482581238934,2.0424104895099773,8.01970615717387,142.06511965521548,CONTROL,1,765,2024-12-02
-3.4262867728862556,30.33580565074301,51.718680619881056,36.34561509352929,133.52488036493472,0.9535986159169555,195.83556020049494,3.412161232314622,9.087041045981346,186.7485191545136,CONTROL,1,765,2022-02-08
10.672295362819106,-8.74260723046305,1.8243856305577566,11.439021925330195,20.915611901826114,0.9542788788656923,219.21833826042547,4.6424721360453285,10.02290819846655,209.19543006195892,ENTRADA,1,965,2024-11-06
0.16058117688899642,4.446829495099447,10.316604045716993,6.923206639102286,25.619873503979207,0.9533290740178244,89.13699319655456,2.4985297273139553,4.160106011750088,84.97688718480447,CONTROL,1,965,2025-05-16
-9.889194932652945,47.587753740250264,22.487649414588695,59.5054208113166,61.91500987390963,0.9158117288229557,218.1860145426593,6.89581969029048,18.368703359355944,199.8173111833034,CONTROL,1,965,2021-05-19
-3.3316241367320476,-20.09819828681203,-44.263799297081796,-49.56030351386587,-31.027441467961214,0.041126156303074334,151.79580922891654,3.3823918690084085,145.55303105241646,6.242778176500075,CONTROL,1,965,2024-06-24
3.881266425487251,-3.811119380207062,-5.201280655218188,19.012214642522007,62.49914291136527,0.8935570630380691,107.54351352586349,3.5615013654140992,11.447247430898042,96.09626609496543,ENTRADA,1,640,2024-11-07
32.33810566975137,15.045806157518715,30.778031878293532,24.26534127638602,23.730698971144992,0.37113717937494756,150.07437043617733,5.641555392907402,94.37619189602346,55.698178540153876,CONTROL,1,640,2023-09-07
0.6751718500641601,10.031251613877856,12.249172238376627,65.55482997601115,30.281853409510617,0.9265774694416823,79.98462667466276,3.3372843444851887,5.872673696216061,74.11195297844671,CONTROL,1,640,2021-09-22
23.379512283701054,23.607033685419943,-4.149972459273066,-23.007723214454323,-45.23662814289398,0.4157142857142866,79.25963948186842,4.880516992751251,46.310275068691624,32.949364413176795,CONTROL,1,640,2012-08-01
6.17650022933125,-7.748907497042712,5.94971789917631,15.70588619974167,29.31561388505255,0.9296469999052611,140.3321294400104,2.9241799847947583,9.872786315787957,130.45934312422244,ENTRADA,1,735,2024-11-07
20.932572663003857,52.830127628196166,92.76219184995993,92.82216829495039,-53.345830582153255,0.6977239952348103,208.67912290917695,5.372844176671097,63.07869155088997,145.60043135828695,CONTROL,1,735,2022-01-19
2.069962241804113,-32.442827863632395,-44.82664322156937,-25.748936402271163,13.940371489777892,0.485642298714291,223.24000496621906,6.7716164274553625,114.82521578943471,108.41478917678437,CONTROL,1,735,2023-03-15
-17.3999303700445,-12.116821221301866,32.3449610607085,-6.22165183267076,57.55696791903464,0.7955418908531876,197.01795680112556,4.770860559605025,40.28191891552649,156.73603788559905,CONTROL,1,735,2018-12-17
4.307404263059755,3.596038360458298,-1.3361898059982558,9.512788702281672,34.986894646031885,0.9540666536692758,165.1698267532426,2.5009293725853654,7.586802855642401,157.58302389760019,ENTRADA,1,950,2024-11-07
-11.97041997785142,4.384385587270501,28.897633409830092,42.631909715238336,56.02436729787996,0.8771009101175836,126.08798316101715,3.5038740479945107,15.496098375598454,110.59188478541869,CONTROL,1,950,2020-11-13
-6.794491278914183,0.6920522635178727,-0.21498702788447233,-1.4429232173396311,-5.149084738100829,0.40307679948586517,133.81080291386223,4.149690679762021,79.87477273870877,53.93603017515346,CONTROL,1,950,2021-07-13
-4.383800528450221,-10.588853366626516,-8.623604830092502,-12.311112183875927,-10.932204354282549,0.24554098360654353,35.0995948125791,1.0657230286419046,26.481205778107295,8.618389034471805,CONTROL,1,950,2019-12-23
-9.387906487763331,5.616577349847329,-1.132803711688668,-13.262018521970065,-39.944449581994505,0.09794576904232451,103.58906265674429,4.780418908886889,93.44295225045593,10.146110406288358,ENTRADA,-1,965,2024-11-14
-0.3932430359943062,5.508651862382585,2.884727596483838,-0.7720379140085942,18.793684481486217,0.8701688305194905,78.653010983709,1.447389533463088,10.211612399178305,68.44139858453069,CONTROL,-1,965,2019-04-15
5.290019894554909,3.6511651623438723,-2.0007147207301568,-3.8987659443368017,-13.322993349815793,0.8547958214624874,132.52667838808202,2.342831154660341,19.243427469646566,113.28325091843546,CONTROL,-1,965,2019-10-15
-6.823980156847043,-2.8633897216590043,18.30832948525485,35.83968550504801,19.777839814985043,0.45712786059206567,216.5433578859772,4.6442234147471675,117.55535597013842,98.98800191583878,CONTROL,-1,965,2022-08-05
-1.5502447499571304,1.4903676481603512,-6.277645301703272,12.700932763114459,-19.239709171756658,0.2031812635776661,64.882878275768,1.729938915619211,51.69989308314155,13.182985192626443,ENTRADA,-1,270,2024-11-15
3.9269773298511446,1.8565394643221822,0.9379806232301391,18.68495319070851,23.276077896194902,0.8672797045832985,33.82045796098256,1.1810977685629696,4.488661171709738,29.331796789272822,CONTROL,-1,270,2014-08-29
8.315661133400098,-8.658796631405563,-21.813863525742548,8.409461538854135,70.76407887099734,0.8018754355952579,134.36171163693473,6.422531497648724,26.620355590743266,107.74135604619146,CONTROL,-1,270,2020-09-04
0.2498514693827225,2.1845174060364236,-1.2415859627989967,-2.1255719023349773,-11.91052604597509,0.2527154403761143,20.202372762341273,1.6051322049856092,15.09692123306378,5.105451529277492,CONTROL,-1,270,2025-05-28
0.3148241501804705,-23.1073259426362,-21.853237671153323,-64.83244923093156,-123.23202349507567,0.02677173295681573,184.18490585001214,5.737311946464222,179.25395673591936,4.930949114092773,ENTRADA,-1,661,2024-11-15
-0.7309620923057203,-18.5333819773803,-19.370866362909965,-21.409371250168398,-6.246278715531517,0.1655683690280201,44.37264247492736,3.526220103220236,37.02593643089019,7.346706044037173,CONTROL,-1,661,2012-03-21
2.568575207499979,-3.6397491255035774,10.397443226506375,-51.51317570530445,-45.81993262447903,0.3136472466081281,96.04770957257598,7.37166179892688,65.92260992212039,30.125099650455606,CONTROL,-1,661,2012-11-08
-5.135027125171554,-16.369157854192462,-8.287274135911904,-2.3095814301055118,42.62453229933571,0.9146480331262921,219.97962266055805,2.9380793766534916,18.775693466214726,201.20392919434332,CONTROL,-1,661,2023-11-14
11.87482286599817,-13.181474981969199,-3.637833230232257,-9.679833847732189,-34.179342828210004,0.07728169948729507,232.1025846942811,3.5545981248513034,214.16530249371317,17.937282200567886,ENTRADA,-1,781,2024-11-15
11.01936550570004,19.79507189747487,-2.5893610405058887,18.38071064895752,-5.613629522911445,0.26124211919607077,228.79144578677165,5.32428978223274,169.02148363550248,59.76996215126916,CONTROL,-1,781,2023-02-08
-4.028122046343396,-3.8280435338622354,0.5569368075097891,-22.787349886771445,7.790230387296759,0.5977816236626754,79.54366764012597,2.096563048542475,31.993924846127253,47.54974279399872,CONTROL,-1,781,2023-11-28
9.235350660610209,3.6544061966692354,-2.710822960669823,-24.34461150057521,-47.75040853960078,0.21243243243244816,69.67197680111475,2.8424008091772923,54.87138929687684,14.800587504237905,CONTROL,-1,781,2012-11-05
4.928762521543284,4.588490749481977,3.2164581612192933,12.815450702212683,25.25767792658229,0.8403508555496598,118.09653313583948,0.8271134534049227,18.85401047768802,99.24252265815146,ENTRADA,1,1395,2024-11-18
0.0,0.0,0.0,0.0,0.0,0.5894134078212315,71.0928237950447,0.0,29.18976025037307,41.903063544671625,CONTROL,1,1395,2017-01-10
-2.6573882215930045,4.298976136536403,-0.40750825775037747,1.7495357822250313,-9.146788700553632,0.2760334845876971,317.23403294250255,1.5399458974073565,229.66681739957525,87.56721554292729,CONTROL,1,1395,2025-03-06
-0.9880192782318886,-2.7659620707565225,1.7273548293617047,15.352233504717372,20.1379106801447,0.39936087222144384,182.83599690985844,0.9288886372367864,109.81845371046016,73.01754319939828,CONTROL,1,1395,2022-11-28
-12.159032651892776,-53.36464017095199,-79.10653914106058,-101.49517399179686,-86.96810520267051,0.06943238452238508,150.27789856851308,4.527569913080305,139.8437457298881,10.434152838624982,ENTRADA,-1,541,2024-11-19
-2.6508026264782103,-2.8971812707112576,-1.9928223242671184,8.753678288813127,5.032852102355712,0.7201923076922829,28.44107846538149,1.656918875760044,7.958032532141103,20.483045933240387,CONTROL,-1,541,2026-01-07
-1.4197282512351528,-4.288494389365072,3.561341043916144,11.532681826538216,1.3320901028301968,0.667028216135278,78.92486915284222,2.2017868947891523,26.279754473111645,52.645114679730575,CONTROL,-1,541,2026-02-23
-0.3885578016649127,5.182361052074036,8.023987444729652,5.83069597696273,10.61930517069376,0.918087554752666,52.33947438261873,0.8659607845211817,4.287254329640497,48.05222005297824,CONTROL,-1,541,2019-06-25
0.4407558839103487,1.3754590002790223,3.2621311758318505,4.255729812470133,4.022261839633501,0.8118757160375156,83.03197619487766,0.8319531240169767,15.620331067651412,67.41164512722625,ENTRADA,1,1261,2024-11-26
-3.9438115343093383,0.0,6.912359964019732,10.354212219045866,7.794660529756303,0.2895366953292676,277.8215442602563,1.694314231993486,197.38201244386784,80.43953181638847,CONTROL,1,1261,2019-07-31
0.0,0.0,0.0,0.0,26.743579219494773,1.0,85.20301470492899,0.0,0.0,85.20301470492899,CONTROL,1,1261,2017-04-17
0.0,0.0,0.0,0.0,-18.213545273515486,0.4036693548387128,76.50382457426154,0.0,45.62157506567533,30.88224950858622,CONTROL,1,1261,2013-10-02
-12.192598780256247,1.4575405747896397,0.1495586639999047,-24.602098855091015,-71.71101699439353,0.10315180171107725,136.96319527645613,3.3859950091129787,122.83519491558359,14.128000360872557,ENTRADA,-1,705,2024-11-27
-12.657438451553205,13.759533864439177,19.09423400788368,32.96055316391211,167.31364792245796,0.9224123674276529,245.31165030579476,4.172354420595573,19.033150189642097,226.27850011615266,CONTROL,-1,705,2020-11-03
-9.220775019014305,-15.938800833638078,0.05017180422228762,-3.261227267873368,-55.762571808024575,0.17302670623144709,96.06712041514679,4.176831882695587,79.44494299257414,16.62217742257266,CONTROL,-1,705,2024-02-06
5.446975545040367,6.166419683037994,12.660629925209665,46.820372236617835,97.26839773123386,0.9673173838919424,154.97863080820528,3.360538621294832,5.065107095656962,149.9135237125483,CONTROL,-1,705,2023-05-18
0.9914224927065618,-1.6413864541542367,-2.7804019016042236,9.22248924067004,22.924348975408293,0.9074220456389454,46.111203459918435,0.8724438519908143,4.268880889445635,41.8423225704728,ENTRADA,1,1365,2024-11-28
0.0,0.0,0.0,0.0,0.0,0.8666452680180783,63.09088804697118,0.0,8.413468466005272,54.6774195809659,CONTROL,1,1365,2017-11-28
1.3609643511802716,1.0230351858386832,0.018769402869711627,0.5443412907268907,8.932806695378659,0.9833462646863192,112.89148990614751,0.6009673506316829,1.8800649920640387,111.01142491408348,CONTROL,1,1365,2013-09-17
1.1138994861092932,-5.388619052214549,-12.540829433453915,-15.405920505875415,-0.6597087960247272,0.4145836414731547,239.81642143389098,1.1267257858011,140.39245615076774,99.42396528312322,CONTROL,1,1365,2022-04-20
6.2159803339945086,11.364797551556283,0.8280003208671616,24.826255290930632,55.442794480751175,0.9190195130930958,83.14329006979409,2.637640430271695,6.732984112893894,76.4103059569002,ENTRADA,1,665,2024-11-29
-10.105555779758024,-15.17994792900268,-30.38157857765178,-31.8823933474488,38.695746792312136,0.6761996122869048,117.52105888031289,3.53371605904986,38.0533644298988,79.4676944504141,CONTROL,1,665,2016-06-28
11.197098463768818,15.501387985237258,17.795084088432223,38.35736529159695,28.966908920415868,0.9822062891846249,136.5143858662726,2.3248128673227915,2.429097504242974,134.08528836202962,CONTROL,1,665,2015-05-14
8.533345181684915,24.425332579336434,74.84335921408514,97.74636772389434,151.88098078426248,0.9729123485790598,305.0082335083803,7.898049161514153,8.261956709791729,296.7462767985885,CONTROL,1,665,2022-02-28
4.36214976217375,-0.498930307744061,8.118307766007415,0.7315361609960824,26.52146302498881,0.935002671449834,100.08898114016172,2.6670603506960586,6.5055163914184675,93.58346474874325,ENTRADA,1,775,2024-11-29
4.575420187580281,2.5102516306407807,9.051440123366561,26.239825830969288,-44.73947650823651,0.19896230916030222,180.6065917097594,1.9223803492520537,144.6726871736138,35.93390453614563,CONTROL,1,775,2015-11-09
-1.7480030611216613,-5.209653575934947,-9.162891622540581,4.846823441426729,-29.856482440245856,0.18408145526790531,52.439492892815885,1.1657208282221876,42.78635472759536,9.653138165220525,CONTROL,1,775,2013-07-16
-3.6056850010268704,-11.497459377712849,-1.5375379720994342,-8.834391313827794,-3.8994506860756672,0.28373351369631744,100.30585880743233,3.703259673054005,71.84572504367286,28.460133763759487,CONTROL,1,775,2020-04-27
8.705232634984572,12.204187590505455,2.6179927920799706,13.797299288824671,31.63905877100026,0.9783519553072886,45.74042964081268,2.0363881609666885,0.9901908651281365,44.75023877568454,ENTRADA,1,541,2024-12-02
-0.4009070996924269,-2.461791042622785,-4.566979586373421,1.8956324555308157,6.26707407510807,0.8827106863596804,58.73160008657136,1.1184541015787963,6.888589063151689,51.84301102341968,CONTROL,1,541,2021-02-11
21.66509683663609,-24.95258577989712,-8.015763881482618,-41.590195057954475,-52.394775834681,0.1984249348344537,136.58940993087012,6.550791151053181,109.48666516626074,27.102744764609383,CONTROL,1,541,2022-04-28
58.68554445590757,93.36774772752632,53.443359121210236,128.97431493832823,-104.42438686945499,0.6411456445074316,421.6745235818637,17.1046508172713,151.31973938760552,270.3547841942582,CONTROL,1,541,2020-03-17
3.0731190676425157,-5.676749003105108,9.73534004723886,15.82516666136291,85.1155896824185,0.9296277467959618,123.84462671630537,2.091737172467869,8.715225429239437,115.12940128706595,ENTRADA,1,650,2024-12-02
-8.133402388229571,-5.253576262589377,5.66106647187814,-20.545026027342097,7.013365575334607,0.2307692307692556,30.844481757953947,3.023416236836483,23.726524429194573,7.117957328759368,CONTROL,1,650,2012-03-21
1.804138875238781,7.252240952224653,12.324549902207327,28.2817364212673,31.79074476241217,0.9340606449542944,76.07015687074617,2.461877500651854,5.01601708228265,71.05413978846352,CONTROL,1,650,2014-09-18
-5.752657134986405,-9.994972173580363,-34.57493724915439,-131.03504382440568,-73.94126099795173,0.07896981067712643,152.6257194598872,8.7794168142648,140.57289528967968,12.052824170207503,CONTROL,1,650,2014-04-15
2.04074896903661,3.5002865824229623,-2.8420617397562076,6.623899636442054,30.405411644298663,0.9465655097791248,150.08482581238934,2.0424104895099773,8.01970615717387,142.06511965521548,ENTRADA,1,765,2024-12-02
1.5018701076252583,5.5562130955677524,1.761538901416948,-28.714711932201766,-6.797136665135373,0.2864009378663467,84.08552473770406,2.6458884655456787,60.00335159184173,24.082173145862342,CONTROL,1,765,2013-07-24
-0.9536140282984107,2.3914571585681443,-16.523407598744157,-7.926682750768466,27.041584870630686,0.6070746219771818,121.32584330534453,2.7816739258953644,47.672002844689715,73.6538404606548,CONTROL,1,765,2021-09-21
-12.870839678557067,-7.6424864085467,-13.653946791016836,12.411024766758594,59.964563830798845,0.9289049933927666,265.95584386526116,4.674499318655756,18.90813247683309,247.04771138842807,CONTROL,1,765,2025-11-14
0.0,0.5242490451240478,9.217313517331238,3.621745914919039,22.093401632701237,0.9196155031737334,150.1455564925961,1.3086957161090211,12.069375009357117,138.076181483239,ENTRADA,1,985,2024-12-02
0.0,3.2765257657341174,16.015112968668088,15.637596319764135,37.40120932585134,0.41733379185694136,238.25439910284186,2.7681448022178516,138.8227872986558,99.43161180418605,CONTROL,1,985,2025-01-02
0.0,0.4490755086905551,28.711341054523665,54.73661473013314,28.427762647855737,0.9069620488421362,120.40799885423729,5.170148940001649,11.20251351641665,109.20548533782062,CONTROL,1,985,2018-04-16
0.0,-0.13382781819948342,7.840527894948934,12.263105792333917,24.236254786278444,0.9528394401355094,60.046669061325005,1.4444691426693563,2.8318345309298767,57.21483453039512,CONTROL,1,985,2014-05-29
2.6691472763240576,0.21951497531702557,3.0406934304427757,4.738869570104498,2.8784325378539144,0.9613228208497587,96.57976853382594,1.016571927586367,3.735433009871619,92.84433552395431,ENTRADA,1,1240,2024-12-03
1.413034649457856,3.0940715404237373,-1.8073739738144745,-0.9814669360452832,-12.851602863377387,0.37250474056196736,81.22751138424269,1.6130823087300405,50.96987832956111,30.257633054681573,CONTROL,1,1240,2019-03-05
0.0,0.0,0.0,-2.309740375915359,4.3532412441815715,0.9036604154491852,207.67090400778628,0.0,20.006928615402284,187.663975392384,CONTROL,1,1240,2015-06-18
0.0,0.0,0.0,0.0,13.342311695616615,0.7185651040589301,49.55233954331615,0.0,13.94575752300974,35.60658202030641,CONTROL,1,1240,2016-11-22
3.5316967320997428,0.6986421414367783,-0.7027608051934919,11.811775833885374,18.9813812061268,0.8995733407266986,30.419030900642767,0.9272982781600089,3.05488165168288,27.36414924895989,ENTRADA,1,285,2024-12-04
-6.75389963489037,4.484380882667782,3.6107457253509168,12.421671238365128,19.939983899321945,0.7949964648936607,41.95121256732172,1.7773504821271455,8.60014687829844,33.35106568902329,CONTROL,1,285,2025-06-11
0.0,0.0,0.0,0.0,0.0,,0.0,0.0,0.0,0.0,CONTROL,1,285,2012-06-22
-6.127768294422742,-11.888223321835367,-12.955577976671018,-7.7965834146120905,-1.323512971269647,0.08592321755026612,19.729085155949168,1.3334074310280983,18.03389868002682,1.695186475922346,CONTROL,1,285,2019-12-03
2.5370462917106984,4.633858623837028,-1.3954335812804697,4.9029719182858145,0.46118541268791446,0.8779536475502779,74.19514954274189,2.2548068391379976,9.055247371153312,65.13990217158857,ENTRADA,1,770,2024-12-04
-6.480151468094553,-6.826287722064839,2.9205332544735008,3.0169950499692177,5.750852579970989,0.6633604374036022,65.49082194286872,2.1178259195755063,22.046801652925897,43.44402028994283,CONTROL,1,770,2016-03-15
13.440140925595756,2.2729219839434656,-6.657137540228009,-11.245495034984954,-37.73724718592164,0.22218037003769714,101.78050096530487,3.9126614731279097,79.16687159821123,22.613629367093626,CONTROL,1,770,2026-06-03
1.1365163678722645,1.6466751127452994,3.8857816861948002,13.093331003213304,-8.409169249644632,0.7199566840500377,68.04942625050657,1.2497137240659602,19.056786975684272,48.992639274822295,CONTROL,1,770,2017-02-03
3.4323370866728986,20.459490371680378,55.7848243680703,53.868499067057925,62.82261304258352,0.9490302638039633,83.10082591715974,3.264943053831535,4.235627174670402,78.86519874248933,ENTRADA,1,601,2024-12-06
-10.741053580691773,3.7466919328887904,44.49622786599106,42.86989252530571,44.63031231375369,0.8356415094339749,71.14706110955318,3.1953837695181813,11.693623572174909,59.45343753737827,CONTROL,1,601,2018-08-23
11.716390063614135,40.32823912273553,2.463160767842698,14.374439713444875,-40.65476262810841,0.3213070115724982,228.1301337876855,9.053168905731463,154.8303222507301,73.29981153695542,CONTROL,1,601,2020-04-30
12.947230315243363,14.245239943710963,-1.021102301507204,4.318259619064957,-22.53073220574442,0.521826515355768,58.68198188868557,4.356103242108995,28.060167765542495,30.62181412314308,CONTROL,1,601,2018-05-11
-8.044499836814545,0.6434098443208747,-11.146129961076001,-22.299512041824563,-12.807524316786889,0.07592723908188473,123.12381994647609,2.2960730216108742,113.77536823272509,9.348451713751018,ENTRADA,-1,905,2024-12-09
-1.4849571756392344,7.434882272927545,5.589889591000041,12.928717631734976,19.78359734642554,0.4920116902094503,71.23994989260292,3.913205593055412,36.18906173550681,35.05088815709611,CONTROL,-1,905,2013-05-01
2.4118041086929054,-21.776678406754122,-40.71870352208795,-2.199536689592163,-16.37649059889279,0.18530337277844755,198.55625848658033,7.868166623831569,161.76311410274775,36.79314438383258,CONTROL,-1,905,2020-09-16
-4.336687449842946,-2.3869764543926753,-1.5451395467303009,7.5852614997828915,58.463440725256,0.39606935566820795,191.04581688824763,2.9712672246912395,115.37842329021296,75.66739359803468,CONTROL,-1,905,2019-03-04
5.053378387083196,0.7029375682510164,-8.965662536134511,7.086974846850502,71.56202074334983,0.908575216885244,153.84897264103594,3.4352046160545964,14.065608956134744,139.7833636849012,ENTRADA,1,665,2024-12-11
2.6487805113850627,5.7098688459022995,-11.050126375486968,-10.751545460262468,23.046261661066048,0.6948199545400147,55.3382328534066,3.779997859843317,16.888124417877883,38.450108435528726,CONTROL,1,665,2021-07-26
19.485047697620494,7.652493055048115,14.780189425653845,56.84803289913498,37.49888500760079,0.6456642043930841,200.37750407255677,4.998239947277657,71.00092232727742,129.37658174527937,CONTROL,1,665,2025-10-14
-2.2338723289638818,25.116555553299502,20.52682086900237,34.35446954000332,91.38791565244998,0.9576670980670428,109.00183209358319,4.832789384686718,4.6143638685303285,104.38746822505287,CONTROL,1,665,2015-10-13
3.913041459064903,2.7595025484017377,-4.2879526769556975,2.3810268160895376,5.416997018099501,0.9635180772714741,186.7302890073342,1.5533030986731575,6.812279974640868,179.91800903269333,ENTRADA,1,860,2024-12-11
-27.04685479233082,-12.974749849060663,-22.041915681841886,11.208741292378921,6.5748049539338105,0.5866625501698018,246.83137180249895,7.106464438400906,102.0246497589344,144.80672204356458,CONTROL,1,860,2022-04-27
8.654413346196321,-6.453370200824038,-9.641893773368881,-28.294581044583378,-49.825668380589775,0.05326510721247686,218.3009378429577,3.155172547204661,206.67311498416834,11.62782285878939,CONTROL,1,860,2016-09-09
-4.591593968142904,-8.737271939517344,7.216824593059279,13.738214267091653,10.228972405468273,0.4343678815489794,72.28084979393144,1.7693228929354619,40.88437019238145,31.396479601549988,CONTROL,1,860,2016-10-03
2.872847749393337,3.2158745560950663,4.886622295212639,5.501476173346287,,0.8939674969086012,10.433833007525747,0.7021474783692498,1.1063254306256125,9.327507576900135,ENTRADA,1,61,2024-12-13
0.0,0.0,0.0,0.0,,,0.0,0.0,0.0,0.0,CONTROL,1,61,2014-04-23
-0.9538209912540729,0.013031601371338297,0.03648856943261336,1.7647879191518,,0.6984997114829473,9.033494299463449,1.0192436114298524,2.723601137605381,6.309893161858069,CONTROL,1,61,2014-10-20
0.46512037772394876,0.019876054249134967,-1.0917365414497837,-1.6481124839429206,,0.42810985460410633,4.101084375736785,0.6361648109322386,2.345369739920938,1.7557146358158473,CONTROL,1,61,2021-07-26
6.867990873473673,-8.163505843710173,-12.252596118850212,27.539273713472756,12.629285113687772,0.7728213348154743,92.2755436358438,3.769502242948809,20.963034832367445,71.31250880347636,ENTRADA,1,615,2024-12-13
10.924141429506928,19.626924746585228,17.072426472635183,8.375082107050513,14.346349830531846,0.534264674894222,87.98980216488515,4.52191261044493,40.97995911725587,47.009843047629275,CONTROL,1,615,2024-10-07
-1.3044975776554946,-18.84086354515535,-36.88404568504389,-69.62611139204822,-77.66697196538996,0.04448847751147168,94.99064300525295,3.5798223747661897,90.76465392011352,4.225989085139431,CONTROL,1,615,2014-07-08
19.07873381034486,41.557477529874376,39.85101175145278,42.53507830433545,39.75794848058767,0.9551060309820937,102.31348658403026,4.4824784893912675,4.5932584968174295,97.72022808721282,CONTROL,1,615,2023-04-27
5.380604607829742,2.691407930486278,-5.091742966293333,-1.7269131949870786,9.714079499811845,0.8259204818413336,63.74319861921813,1.89211624424797,11.09638530152566,52.64681331769248,ENTRADA,1,570,2024-12-16
-1.8317846921633851,1.0285450542246721,0.9027469527178589,5.223929823527929,14.621097624543111,0.5511324870915822,53.9061099872448,1.6375445147132968,24.196701520542188,29.709408466702605,CONTROL,1,570,2025-02-14
0.5219312758963923,-8.368016532844802,-3.4801953255025886,-28.237935094260756,-45.23083894832469,0.06635004888950957,87.91319986794002,2.214920017294503,82.08015475866898,5.833045109271048,CONTROL,1,570,2024-01-04
-2.922926195479958,-7.145900068863398,-1.65174777938204,-9.887549960091446,-0.9484487476474346,0.06991204974509083,37.71127960407203,1.0745430738067208,35.07480674844112,2.6364728556309136,CONTROL,1,570,2016-08-01
12.238542054334722,9.20146118509546,20.939887425308612,15.797250616862435,34.041196090168754,0.9525938160123114,76.22474039712382,5.1148447635005585,3.6135240676798466,72.61121632944398,ENTRADA,1,590,2024-12-16
-26.821568424841846,10.147900055255121,9.10086493976836,-5.240229248869577,46.49088487920005,0.7076593544574924,120.92787289666818,8.141824679075928,35.35213242669428,85.5757404699739,CONTROL,1,590,2020-08-13
-37.41185461366481,-45.42272871894237,-60.694065636001106,-92.13496084753636,-48.48535319012082,0.5243162901307974,195.49069675813283,8.645628669912497,92.99173987882392,102.49895687930892,CONTROL,1,590,2020-04-24
-15.460003692406854,-12.355201910660973,-30.366248818635142,-52.20295836626199,-53.10489421181286,0.05673312883436402,84.9005979372017,5.995363647763368,80.0839213763159,4.816676560885805,CONTROL,1,590,2019-08-20
11.739383586832908,-0.8252113921058957,3.711035325093537,40.59324572694534,35.652389454212674,0.9245185901413859,94.67896035552276,4.283509360178849,7.146501411582686,87.53245894394007,ENTRADA,1,625,2024-12-16
-1.2469826045036214,5.340103160111909,26.399960471408246,-0.35758316477063623,-20.77204913069064,0.5307876712328731,51.94926264960066,2.2368733145876396,24.375234505554253,27.574028144046405,CONTROL,1,625,2017-05-04
4.021847248805166,20.10559935546885,7.8671705487631804,28.293227263727072,28.293227263727072,0.5634408602150376,50.07340509923085,3.9639752588959194,21.860002656224164,28.213402443006675,CONTROL,1,625,2012-08-27
-6.276621155351103,-17.06790763127075,-33.03617181730556,-1.744296586236871,5.93691024756815,0.3714285714285801,73.2732376477895,4.220915207586155,46.057463664324196,27.215773983465308,CONTROL,1,625,2017-06-13
-0.06363995666114342,-0.06363995666114342,-0.06363995666114342,-0.06363995666114342,-0.06363995666114342,0.346089322149134,10.474538631122726,1.7597073486267474,6.849412656452545,3.6251259746701825,ENTRADA,-1,1081,2025-01-01
7.264453998758746,7.264453998758746,7.264453998758746,7.264453998758746,7.66543845436729,0.9603506351203261,214.4765817441181,0.9770883659553878,8.503860247717743,205.9727214964004,CONTROL,-1,1081,2020-08-20
0.0,0.0,0.0,0.0,2.961852971361534,0.46255117887900776,111.96045739372947,0.0,60.17301583842699,51.78744155530249,CONTROL,-1,1081,2024-04-16
1.7637318991936546,1.7637318991936546,1.7637318991936546,1.7637318991936546,-4.619185157123118,0.8848348168946756,206.29867508927612,0.8671039326648504,23.758424691042315,182.54025039823384,CONTROL,-1,1081,2026-07-08
2.2657291035188543,1.1627189703444785,-36.70392011820067,-121.343376502282,-105.36285554779256,0.13260462735626574,239.88170805813448,6.647622223805941,208.07228355150102,31.809424506633455,ENTRADA,-1,781,2025-01-02
-1.4981697310134656,-1.8197858073387696,-8.218025007084018,-5.588298692034144,22.676163485735312,0.9294411156364001,139.70217404191374,2.0045786773451746,9.857229543566904,129.84494449834682,CONTROL,-1,781,2013-11-08
3.1484842671991586,-4.854884586770192,-9.48399202692407,-18.9706576001214,17.21775707379747,0.21272704339051257,102.6885874678342,2.3233717176173685,80.84394786585379,21.84463960198041,CONTROL,-1,781,2023-07-26
9.544001963661675,14.175947354051477,9.326245008778322,21.25765082479747,54.55231283183481,0.6563146997929492,90.14451187964703,2.527300587230192,30.981343627374546,59.16316825227249,CONTROL,-1,781,2014-11-19
7.974487310344891,-9.705480776210917,1.9676350245267926,27.19315848081383,44.69636475352034,0.7328358929990971,107.49709362367615,4.49937624333863,28.719365023161888,78.77772860051427,ENTRADA,1,680,2025-01-03
12.687535575386377,0.0318539441424015,-22.744882507375053,-26.5442998377019,-50.64885125227625,0.264967584451041,80.90663681182993,4.196612563464033,59.46900068974168,21.43763612208825,CONTROL,1,680,2015-11-04
-2.845622330567288,5.600597146653286,17.547243210587204,12.213895372954475,6.571441538583134,0.7324812431422599,52.738760541378205,2.22415754453269,14.10860765824753,38.630152883130684,CONTROL,1,680,2017-12-12
-4.353175023901201,-4.439101921205335,-16.847170359853834,-62.49629058104333,-142.2986800428605,0.07262904552516981,235.24788427886298,5.693485973185021,218.16205498187355,17.08582929698942,CONTROL,1,680,2016-06-27
4.683512258834011,5.472760878031391,0.5120235254363337,-7.845405854824961,52.96161107959829,0.9156235729002982,130.74925611116367,2.5950773206863604,11.032155076603846,119.71710103455983,ENTRADA,1,775,2025-01-03
-2.372826392156302,7.125241961343232,-0.5537602297311928,44.30088045516811,72.27408372478594,0.7030386740331527,114.55560258383022,4.211383701949214,34.01858364022543,80.5370189436048,CONTROL,1,775,2012-05-31
-3.6111736702737485,-10.786942367463359,-5.3187772247642595,20.39569199391078,-14.506525997324271,0.5133374058236606,190.76215521226274,2.8044950641805464,92.83680532626929,97.92534988599344,CONTROL,1,775,2012-07-26
2.241729074645704,-1.9244477625790513,-6.993006993006867,-8.080338641802687,-15.111999928389963,0.4583238571753363,46.37493454299738,1.8190468388333239,25.120195666997077,21.2547388760003,CONTROL,1,775,2014-06-10
10.058916709898558,3.606721301747662,8.888697380244892,5.212184373344364,73.64706770585094,0.9804863880013746,174.56008172164476,3.0866654024513,3.4062977051645227,171.15378401648027,ENTRADA,1,690,2025-01-06
10.652715681591651,8.582556045912959,5.276367699631468,-7.565282115916672,-18.03634454868197,0.29445132013202413,62.28097653179802,3.2313270789203883,43.94226077289848,18.338715758899543,CONTROL,1,690,2015-07-21
6.051979521033424,18.920198139518174,18.170568205591042,38.28347135182986,-0.9867336356006451,0.49615287905456323,97.38528349689808,3.4755737694206736,49.06729471236726,48.317988784530826,CONTROL,1,690,2021-12-09
-5.802084274445507,9.853450518084728,14.182839415950443,-6.292720928537943,58.658162291946866,0.7237262965501439,111.69435708088822,3.7349266625482627,30.858213685187657,80.83614339570056,CONTROL,1,690,2023-07-14
-11.00596390664399,-1.354368619985724,-7.018691127688159,-51.210320617268714,-0.11013262509629307,0.07666173857204625,189.0997998952874,4.710216379518949,174.60308047168863,14.49671942359878,ENTRADA,-1,760,2025-01-07
1.2955813273429762,4.924995648969421,9.409846997370241,6.740690809698968,26.273211714586964,0.9691714836223572,76.83652621916997,1.4032897333058914,2.368756106948867,74.4677701122211,CONTROL,-1,760,2012-08-06
-6.138531064155961,-4.120726701707378,-6.900858995924075,2.7052706934638238,7.097676730765112,0.518280544228885,58.4628313501797,1.5196723689930738,28.162683300847043,30.300148049332655,CONTROL,-1,760,2025-10-03
-10.179645103884916,-20.192560943490534,-19.535394183282094,-15.919429389097406,-0.8063392929147373,0.21645628798502486,78.40449240513706,2.376689995616791,61.43334701777102,16.971145387366043,CONTROL,-1,760,2013-01-25
-7.144503818485859,-3.9505303872711117,-2.0224446200567403,-20.635598595261094,-6.200198718531169,0.1288425780589774,194.81022291942227,1.7954370828164428,169.71037156623984,25.09985135318245,ENTRADA,-1,875,2025-01-07
-10.928961748634114,42.327631139951194,-9.557489566074384,-40.25201027496039,-116.9905268265925,0.42212590299277697,323.2241020440839,12.875895770056456,186.78283609969552,136.4412659443884,CONTROL,-1,875,2020-04-02
3.933843271664017,12.668968781508472,2.912581770733169,-22.962948007347883,-34.67456685807724,0.19695202314765903,96.10322678329192,3.752272084437673,77.17550183730428,18.927724945987634,CONTROL,-1,875,2019-02-01
-4.890183794082903,-6.054835316103846,-8.196510291517134,12.668498963028796,13.405959879555507,0.9208122577851949,136.31129394898076,1.4852201595498375,10.794183606198409,125.51711034278235,CONTROL,-1,875,2019-02-04
-9.120747142707941,-2.240616425872588,-5.573286073083938,-19.92998913578625,-47.530100408396116,0.10838841493529221,70.31670083369588,2.3802273911012644,62.69518508685245,7.621515746843436,ENTRADA,-1,1200,2025-01-09
-7.542731954862658,-5.844911392955954,-16.999213401681644,-1.2057892389205627,16.945754285881964,0.5527263181579346,60.44634089505778,3.2522169581510587,27.036057446013096,33.410283449044684,CONTROL,-1,1200,2016-06-21
25.98961185119153,25.975995518257022,17.912550116125914,29.417565266260937,30.387352122358546,1.0,151.2213502457781,5.458699109838297,0.0,151.2213502457781,CONTROL,-1,1200,2015-04-20
3.8971243794883037,9.021923643197649,13.697704572144254,-9.903170439015119,-34.72116227985933,0.06639100002310014,295.3360724470864,1.979083847388757,275.72841525442954,19.607657192656816,CONTROL,-1,1200,2022-02-10
-15.700819687778367,-27.598606627861066,-27.14986136200581,-104.78379474136213,-104.30031201974943,0.15494241165388378,155.78961657478197,8.754904225133716,131.65119767205138,24.138418902730585,ENTRADA,-1,541,2025-01-10
0.9599028774109897,-1.3575967218504292,-0.9639741782607736,-10.871698019349063,-5.632255809912001,0.7754766323603762,50.454973703102105,0.5319779957512984,11.32832060998914,39.126653093112964,CONTROL,-1,541,2015-11-26
1.0600369171487323,3.5323102478379553,-21.527563772989478,-29.620175149741577,-15.958155406552432,0.06805307674400951,78.05284468913229,2.2619692547016528,72.74110845941452,5.311736229717775,CONTROL,-1,541,2024-01-09
-1.8057951325411992,5.578985192049579,-7.837878673414567,-2.561515745448384,35.301543678547546,0.7247234370980196,204.08120405285254,2.9994996110911973,56.17877240456696,147.90243164828559,CONTROL,-1,541,2020-06-15
-22.311953556629625,-29.246634903270508,-18.134643603646694,-28.699837309157374,-58.65358200568882,0.23645705372728948,237.73734515423482,8.30534643535533,181.52267295811674,56.21467219611806,ENTRADA,-1,660,2025-01-10
0.6467669414123023,-2.9727580794303154,-13.948485796866361,12.04357442929016,-14.851295255347008,0.2909972643620993,52.00963361728882,2.373473952973087,36.874972514182694,15.134661103106119,CONTROL,-1,660,2019-06-24
-4.213450754074755,25.28413513934291,28.2907711037228,11.27400723881955,37.28574724253919,0.9129506641366204,74.82693166096772,3.6967065432868536,6.513634705781734,68.31329695518598,CONTROL,-1,660,2020-08-07
-6.990857507115367,-23.352198733364027,-33.49462844368212,-5.763208844333789,32.27044286906455,0.5811077279976872,99.15675069208127,4.290608430771334,41.53599658177283,57.62075411030845,CONTROL,-1,660,2021-04-30
-23.716215120853647,-30.116006115215033,-15.476104331619833,-38.597542564843266,-67.18660555478651,0.07410333290230757,238.65850834767593,5.89425923832582,220.97311745361995,17.685390894055978,ENTRADA,-1,720,2025-01-10
-4.739167147791434,-8.271811733564505,10.141777711569766,62.9314875353737,119.39574265071195,0.8802034717549108,247.6448153952966,5.003998509437299,29.666989122252573,217.97782627304406,CONTROL,-1,720,2022-11-08
3.2805750261477584,4.1484697165050655,9.915201926000705,11.318261661426021,24.469816908823105,0.981320727343069,184.40104328648965,1.9702047685967168,3.444477365770886,180.95656592071876,CONTROL,-1,720,2015-07-13
-11.14846263204905,-12.931674268914506,-17.28180227103526,-33.37725508148481,-69.01860165164031,0.02434544910947229,147.88357464027504,3.701483875863098,144.2832825997434,3.600292040531663,CONTROL,-1,720,2023-11-30
3.942673075039149,6.942350876915082,-0.8911596249217002,-1.9300884175210697,22.476021446617978,0.7463355015461915,58.1969074052754,2.2984558771192414,14.762489328521918,43.43441807675348,ENTRADA,1,285,2025-01-14
0.6309209026800211,-5.32113583042948,-2.207596390958466,20.856063184002682,20.944601394208284,0.8013117315344678,52.59810661197188,1.6722393327118987,10.450626727298152,42.14747988467373,CONTROL,1,285,2025-09-03
1.6341335040515048,3.438062454246271,-0.9258487761287792,12.655069946914121,48.28847263461,0.8494020224369074,85.82338967707146,1.861812146651156,12.92482891297616,72.8985607640953,CONTROL,1,285,2025-06-23
0.44215119068047315,7.471763828814648,6.021062589556259,5.65079741348784,7.371509907292406,0.7762528912875878,18.03285343975672,1.089181968234772,4.034798818980244,13.998054620776477,CONTROL,1,285,2014-04-01
21.98669596977343,27.371163690279587,45.95804987810537,93.99362666340227,114.1973158654408,0.9875241178586655,142.88127980957054,3.604853991894093,1.78257000710724,141.09870980246328,ENTRADA,1,541,2025-01-17
-2.92595345093849,-2.9595751462618836,-12.31274575826391,-28.990371121195846,-48.984781408447645,0.15370866845397846,150.57931911133718,4.90129191401702,127.43397247402683,23.145346637310347,CONTROL,1,541,2022-05-23
-18.445092109951045,-62.52352954705831,-131.20343143737,-139.56035904451824,-109.44472824358287,0.3400609442399759,307.81168536916886,13.01901066941542,203.1369529944309,104.67473237473796,CONTROL,1,541,2020-02-28
-2.642440581291927,-0.9648977765452926,1.9415017281820823,1.3262025982885284,15.55762246493897,0.9234638878907521,55.820154224711125,1.2463121262651073,4.272257581698003,51.547896643013125,CONTROL,1,541,2015-05-04
11.390540506379665,-0.5958176581810637,15.51154696652235,23.811959907218405,43.36916003074842,0.8607258813162361,197.72727908010444,3.075847338347647,27.538292533620183,170.18898654648422,ENTRADA,1,700,2025-01-17
-6.928210096921461,-3.292405988373215,18.280405070996153,71.34448210404321,103.48565481927751,0.9313908272519085,116.00130231899385,3.221439111854958,7.958753389807444,108.04254892918641,CONTROL,1,700,2021-11-12
16.131501171594564,8.118124595564158,5.999082493266528,6.901527747278369,-54.79387992112117,0.332234432234436,106.97827518104086,4.619294690294517,71.4364086648485,35.54186651619237,CONTROL,1,700,2012-06-07
-3.052514699767306,6.454569759002382,-0.038167938931632506,5.002520353765139,24.027149148144744,0.884702093397734,118.51190271718664,3.0760865971790206,13.664174290743027,104.84772842644362,CONTROL,1,700,2012-06-19
4.314934103275547,12.62432381954337,16.516433593856128,21.994486217680187,37.482872436807035,0.978210398112217,73.04007803469919,2.1553888206051726,1.5915142222287006,71.4485638124705,ENTRADA,1,541,2025-01-21
0.8980999540764145,-0.8380811055563875,-5.145994514301755,9.656609097123958,16.662456076865784,0.89132870266636,76.34019331704317,1.3162933680850504,8.295987846463953,68.04420547057921,CONTROL,1,541,2020-10-23
-2.236373721556939,1.035009385863539,2.0640427278495466,-3.465489194161009,-29.059640670756615,0.4488556749182579,96.0479031356223,2.7862819208775575,52.9362567491991,43.1116463864232,CONTROL,1,541,2021-03-15
-2.2300138839170813,-6.592968186684978,-15.766159438378446,-28.81042252591781,-21.90208382433445,0.2659862716762824,48.51909825993679,1.6531062467940902,35.613684208681,12.905414051255788,CONTROL,1,541,2015-07-29
14.043439744455544,14.043439744455544,14.043439744455544,14.043439744455544,16.279121762488025,0.9264818763326161,130.04719086283143,4.623267883518112,9.560825460449513,120.48636540238192,ENTRADA,1,1081,2025-01-21
-12.26642427373581,-12.26642427373581,-12.26642427373581,-12.26642427373581,-18.66799993904822,0.046082479482086304,134.2954152735038,2.5481835561535084,128.10674955462432,6.188665718879499,CONTROL,1,1081,2021-10-12
4.5341390625930345,4.5341390625930345,4.5341390625930345,4.5341390625930345,14.600400171267403,0.06535110913190272,280.26377197797615,1.7287018749966143,261.94822362972474,18.315548348251415,CONTROL,1,1081,2021-03-24
17.929656393591564,17.929656393591564,17.929656393591564,17.929656393591564,-7.5224238904980645,0.7708570705152499,97.49853733679244,3.172092971913847,22.34110046583091,75.15743687096153,CONTROL,1,1081,2019-10-28
0.2811266691904457,-4.88475437898761,3.267750350868237,10.546854327808663,14.518679287671699,0.7629359634076642,25.750663021601035,1.426782257261897,6.104556120829736,19.6461069007713,ENTRADA,1,250,2025-01-22
1.9435307533055557,-9.023185893585195,-9.070302626638105,-4.340708159799034,17.029574168445638,0.7106828455864939,66.13014138051611,1.6436833625909335,19.132584325173774,46.99755705534234,CONTROL,1,250,2023-03-29
-1.9943747850659221,-15.674791146326195,-4.806707836227941,4.886884271462222,26.942521179935675,0.5872736015387042,67.27235870540272,2.647047388374923,27.765078324477262,39.507280380925465,CONTROL,1,250,2020-05-12
-2.0924856971871186,-6.504671842776366,-7.309031220344986,-8.639950715619849,-12.961908943565081,0.12025525360324064,19.732969865156104,1.475087341398344,17.35997656967665,2.3729932954794526,CONTROL,1,250,2015-10-26
6.338637596401409,4.843374977485659,-5.143319540287239,4.299753906435999,49.09683544164211,0.9104571918581049,91.16671755790823,2.9204606349072537,8.163323899214115,83.00339365869411,ENTRADA,1,670,2025-01-22
-0.36220463415670423,12.397236754397856,29.190763339841386,49.774065279042375,64.5494585768791,0.9221161421884434,98.93129714991835,2.9949978449762824,7.705151080337092,91.22614606958126,CONTROL,1,670,2016-05-16
0.1582980545489221,-0.9402811754133378,-1.25366894050849,-0.6253066784467354,-7.9867576426218,0.4587155963302714,34.16676200969549,0.46681165800668195,18.493935399743563,15.672826609951931,CONTROL,1,670,2017-11-23
-0.308511887036067,20.313976734394057,39.51255702542955,33.16549626858789,98.04810246731188,0.9506815391557023,140.00848286949585,4.6934231450425665,6.90500288026876,133.1034799892271,CONTROL,1,670,2018-02-20
-3.2208184649284988,-0.6903500883093106,10.212506803615184,10.716289614995933,-0.6752839411450218,0.8207174285927512,36.73628344736305,1.9042457066401934,6.586175360388798,30.150108086974257,ENTRADA,1,571,2025-01-24
2.227859381567221,3.4350310714170718,2.8553271825182414,12.014618019899892,9.703498579944903,0.7670632435817158,26.94771939948906,0.9724471257739422,6.277114349787054,20.670605049702004,CONTROL,1,571,2014-01-08
-14.312247885374108,4.323789982882964,5.458540547071955,-14.436163375176614,-57.16667912584072,0.717779212542641,241.66720115346874,3.755822870170198,68.20350781214793,173.46369334132083,CONTROL,1,571,2022-02-15
-20.66736771376587,-19.037473654426318,-21.414657027470916,-31.885681157733934,-49.832147075875575,0.2205486284289335,104.48890593601215,3.2811818594723987,81.44402104578482,23.044884890227326,CONTROL,1,571,2020-06-02
-12.235905645359146,-9.578906329755776,-21.93262215541281,-42.28489804351976,-86.39430747578669,0.06848498183917834,148.76555289496415,4.860368121989156,138.5773467066572,10.188206188306944,ENTRADA,-1,245,2025-01-27
9.922395187844657,-3.967718505665241,13.96109122545619,9.523125060855175,-19.132350938935172,0.5486087255238832,62.14384966952447,3.7414385473699783,28.051191503178863,34.09265816634561,CONTROL,-1,245,2022-04-13
26.542402180660396,29.543248320116344,45.62719397934289,55.29726291819914,52.629025141130995,0.9066233364283415,81.22647706615281,4.5032717479776805,7.584657422117184,73.64181964403562,CONTROL,-1,245,2014-10-23
7.460471092168852,4.5804812185124,-0.21368748073680166,5.661564188699231,11.163676171577208,0.7970484523965501,22.861636788096074,1.606499072223573,4.639804566892061,18.22183222120401,CONTROL,-1,245,2025-08-08
6.272870527141983,7.702105629940892,1.9184126763582832,14.89641526996488,15.232943575711477,0.8290589016263769,73.7233144264451,2.351207282184639,12.602344343800498,61.1209700826446,ENTRADA,1,285,2025-01-28
-2.368125523364295,-3.0994796341610176,-13.359994295452093,-24.064752295444023,-16.076596326394245,0.051806971273815824,30.336226328272367,1.2343208310348943,28.764598322327583,1.5716280059447818,CONTROL,1,285,2025-07-22
6.778796095980866,8.561921502747705,29.04271106207279,34.37607657722719,37.03444091643915,0.893755215577201,74.55461008535117,2.6326560473878047,7.921038476243976,66.6335716091072,CONTROL,1,285,2025-04-01
0.0,0.0,0.0,0.0,0.0,,0.0,0.0,0.0,0.0,CONTROL,1,285,2012-11-30
21.87196180339468,12.145450654090784,-5.712146871891255,81.65642832229425,74.85748914233925,0.9215631420747179,150.81289213468483,4.967863078310696,11.82928939366917,138.9836027410157,ENTRADA,1,660,2025-01-28
-0.3289900342784424,-2.5058693253732223,-9.95193669555916,-8.212733826971075,-1.0404204018188423,0.4767258288284051,67.51715926354746,7.401444792497191,35.329985553493366,32.1871737100541,CONTROL,1,660,2025-02-06
1.211874809423641,14.601111720033977,6.375405796534839,19.58227099513099,42.82764522536509,0.9120234604105558,66.64503797398977,3.231476849804433,5.863199821758726,60.78183815223105,CONTROL,1,660,2012-06-15
11.607021645148041,-9.401264108329643,14.81166032786918,12.974908878222724,18.307728800717182,0.35474654045851234,151.5465280639027,5.471147272676619,97.78592151473435,53.76060654916833,CONTROL,1,660,2026-08-20
11.612984961628658,10.47026023526687,-7.952595053755118,3.91040214831051,107.2532025565942,0.8871316181293212,150.89124569901924,4.5844221761536925,17.030850740499325,133.8603949585199,ENTRADA,1,700,2025-01-28
-7.513831824537132,2.8942719856894783,-7.092070290168895,-39.05050377267738,-135.9955967163562,0.10166652567464703,169.82765531522784,4.640212697545427,152.56186763585708,17.265787679370714,CONTROL,1,700,2014-02-03
13.84794860479932,0.5785290247550812,10.690628381899714,-9.065889531009175,0.8613898000953135,0.3165904870732723,257.14586636918,4.801866727182216,175.7359312864827,81.40993508269727,CONTROL,1,700,2022-12-27
8.406725380303293,19.455182037111385,8.880251267437966,26.35915534037192,31.18662367411318,0.9783322390019746,55.379602997698335,2.9114601065442134,1.1999520019196586,54.17965099577868,CONTROL,1,700,2013-01-28
4.564826331923122,-4.563453004088336,1.102869975866394,2.2977262892553973,33.487476921312265,0.9592597278120972,217.0906072326415,2.2491695239338236,8.844330428094919,208.2462768045466,ENTRADA,1,945,2025-01-28
-4.1825358669500545,26.46039491084773,53.41743559729606,88.4290846689284,32.73972149562265,0.3572007252806597,294.73064227652554,4.4296877587002665,189.45264309291593,105.2779991836096,CONTROL,1,945,2020-04-17
11.169106026882591,14.709564406782949,17.964367503704448,42.85214362734769,47.068417007192224,0.9983184118333955,164.64511223522092,2.3937661907089796,0.2768652724240192,164.3682469627969,CONTROL,1,945,2023-07-13
-2.476558111754734,-3.540092431812969,-6.368593825454294,-1.591581718869417,-3.184426437713439,0.6192835191046108,38.6024431746742,2.63541780240036,14.6965863194262,23.905856855248004,CONTROL,1,945,2017-05-08
-1.573719366263493,-4.73902903021961,-8.33801972446424,-2.9666841325803883,2.5221201146563565,0.7608670043585887,39.16004223509017,1.5976014774348943,9.364458209121302,29.79558402596886,ENTRADA,1,451,2025-01-31
-4.084340977055234,-7.792222664714243,2.1580781441921104,12.37131335402486,2.0766556739593156,0.6826119514752018,55.45180430969434,1.707859889888058,17.59973995703288,37.85206435266145,CONTROL,1,451,2020-11-17
-0.525673890834355,0.5411279217581999,1.3793318885912953,5.242165141845501,1.7247744043480395,0.8471510029946053,53.61935602223082,1.0302414163145988,8.195664788073147,45.42369123415767,CONTROL,1,451,2016-04-04
1.7984309813701138,4.884746529441042,23.900643915515385,17.324259924189622,17.838022871572434,0.33709817549956694,107.7928048099887,1.7170688096619304,71.45604697656056,36.33675783342813,CONTROL,1,451,2021-12-14
11.427198572102615,2.851103564585067,7.671925044894223,26.149546601166307,102.88332826756007,0.9536664293277838,203.31673084113262,4.4439984958090974,9.420390117271577,193.89634072386104,ENTRADA,1,665,2025-02-04
-48.51278605850884,-128.3568980004912,-171.0073035755977,-222.90109616977193,-173.5330823672987,0.0048290056998074255,263.21903628742746,9.341229368690767,261.94795006089765,1.2710862265298044,CONTROL,1,665,2020-06-12
4.416590319271663,13.151741875145895,27.035035796729723,9.933678090396914,10.8111266947164,0.9988888888889151,32.83616940544643,1.9806815946878646,0.036484632671855505,32.79968477277457,CONTROL,1,665,2012-08-14
-3.2568434687163528,-2.335575978713589,29.684829987619565,82.23802644627965,164.1240244944453,0.9421185264541889,231.1972292472005,4.3536827753174805,13.382036308536666,217.81519293866384,CONTROL,1,665,2023-05-26
2.8077298014128615,7.270198405566752,0.9357347811067562,4.604003821346847,57.51256414827877,0.9091611660817662,146.09608597293052,2.8406466447225776,13.27119808979904,132.82488788313148,ENTRADA,1,775,2025-02-05
4.157137662632593,-13.553567224089402,-22.896731966598473,-36.264410340829386,-53.13017442662882,0.07652670130312698,83.75737540724793,2.4078150219472207,77.34769975752359,6.409675649724336,CONTROL,1,775,2013-04-03
-3.934064588954067,-35.02319209292115,-25.714076798293295,-59.6321936925559,-58.439516450117246,0.44010763775368816,161.94388595275456,5.133002819393581,90.67114485743508,71.27274109531949,CONTROL,1,775,2018-10-09
-3.1607015608114963,-21.167238392436616,-26.206790449357918,4.9653765634238844,-4.596723685194037,0.22818800872479825,180.0923983129933,4.012479366214539,138.99747255547817,41.09492575751515,CONTROL,1,775,2015-01-12
0.0,3.9407291122817156,-21.551231942400495,14.080457967897697,-0.6709136683757944,0.640824592964708,81.40197853144194,7.497225074819468,29.23758877250877,52.16438975893318,ENTRADA,1,985,2025-02-06
0.0,-1.4183991630611903,-19.3509453535301,-16.568185093622787,-17.055141817633455,0.6594808958486924,109.20446778611168,1.4749083312706393,37.186207539847075,72.0182602462646,CONTROL,1,985,2014-01-15
0.0,2.410353200581472,5.7966728208014295,5.370943835159014,6.537157356594214,0.9655325225269585,125.16641142185267,1.136704246445598,4.31417046606415,120.85224095578853,CONTROL,1,985,2023-12-11
0.0,-3.832881887313455,1.3174845588226347,7.2550539773397205,23.859666057366447,0.6104820019362303,81.51863279618819,1.9086581281598742,31.75297465166679,49.7656581445214,CONTROL,1,985,2025-10-09
-30.05393543238144,-55.08454368200133,-44.478008454934546,-43.75811792393658,-100.71367201205162,0.11404054150848832,161.8720117274123,13.782514469277906,143.41203985494985,18.45997187246247,ENTRADA,-1,665,2025-02-07
3.5716761876347647,18.30549985587071,17.0430076648298,47.055645938971495,61.920060759890205,0.9621621621621474,77.7087266900073,1.8891743431596864,2.940330199082503,74.76839649092479,CONTROL,-1,665,2016-11-07
5.108159529669809,2.702962591238922,-32.04289354770129,-78.24190878066517,-28.175912597903086,0.359248924543654,129.19343551345838,5.0404055370293115,82.78083274714854,46.41260276630983,CONTROL,-1,665,2019-01-23
6.817364509141832,11.082939604798447,2.045937689358901,-6.6379928071402805,1.0237159731540935,0.6612514796522287,41.72620700109139,3.6524356418356163,14.134690881344522,27.591516119746874,CONTROL,-1,665,2017-06-07
-20.25025987016371,-24.078937299280014,-37.31014009508149,-22.623398569066033,-98.39686874745013,0.15106367738700344,161.7750597806403,14.411083854378477,137.33672434067446,24.438335439965844,ENTRADA,-1,675,2025-02-07
-3.880558996763872,-0.04908579834816962,-9.292095024144853,-25.822829970150174,-68.56508447755094,0.11525364020665543,109.04783754655074,3.484013312851495,96.47967731264679,12.568160233903972,CONTROL,-1,675,2015-12-07
-1.7042311335713212,3.8139646155799234,7.455654666852496,14.32058509307721,-7.59753890772541,0.5854201446855792,68.832030502127,3.4443043100321056,28.536373246569607,40.29565725555738,CONTROL,-1,675,2023-07-18
6.963228262173438,19.82791596054856,-8.907745504301845,-30.69158847904596,-23.70501724757279,0.36991327551700137,74.5932020662157,4.545228473140328,47.00018635860029,27.593015707615397,CONTROL,-1,675,2023-02-01
-10.242006249178148,-9.190281947564216,20.650818829950346,-33.755427682109485,-84.1828617380047,0.2195687987966446,161.59597233526856,8.613177840607054,126.11453879923785,35.48143353603073,ENTRADA,-1,685,2025-02-07
0.9599289170214576,19.960394961364702,28.49866672868906,11.456792929342985,31.340846319778404,0.6279289337302912,116.64669686320626,4.857566028920066,43.400860878732644,73.24583598447362,CONTROL,-1,685,2026-02-19
2.499398282767018,5.651231300969339,-13.148425751788873,8.425897216226552,20.48242609539841,0.737046545142751,71.35030968762474,2.83359127720213,18.761810437495566,52.588499250129175,CONTROL,-1,685,2026-04-29
-1.7547770706805021,1.8484112866246072,2.263138263602915,14.79284775026457,-1.3868284994811297,0.6106309420915985,40.343709966965314,1.8021322476322281,15.708592342367071,24.63511762459824,CONTROL,-1,685,2017-01-27
-24.41903863753869,2.4685612781549793,-8.386413786843905,-44.792589198049406,-59.168124189740155,0.08290771503082375,175.83647290254032,5.925064914024447,161.25827271511133,14.578200187428976,ENTRADA,-1,740,2025-02-07
-12.89443518505795,-21.63542806568275,-14.083002606416484,16.534654407354132,29.507193129274523,0.632567352733648,91.20725452299875,2.6979809400088626,33.51252297928139,57.69473154371735,CONTROL,-1,740,2026-01-13
5.272398466786843,5.266917765076595,23.893429951604706,11.49000886518925,-17.134496024120427,0.15841268830217464,214.88415835167362,4.445990021107479,180.84378115363484,34.04037719803881,CONTROL,-1,740,2023-10-03
0.8467296649361522,-1.2975130077652608,-1.7582864440468526,-1.0760102331730526,1.3215940957178596,0.683156137422023,22.51358510198352,0.4879085954894635,7.133291264190457,15.380293837793063,CONTROL,-1,740,2017-01-16
10.619262125413087,9.48428348742647,-0.364793691642884,-2.776097564821667,22.927366994438536,0.8656694326496973,49.85495808685892,2.784882865119066,6.697044805033322,43.1579132818256,ENTRADA,1,580,2025-02-10
-0.8033672076190879,17.03416501461552,26.214905261210397,8.622259730814985,13.532660797810347,0.8211534663243083,78.37716693400012,4.619837957232866,14.017484625466961,64.35968230853315,CONTROL,1,580,2021-01-15
21.670986775319534,48.52964900272872,48.25514130196717,48.951997830644075,34.61202667196517,0.9834205933682284,71.89917051054981,5.785515243594809,1.1920455843814883,70.70712492616832,CONTROL,1,580,2023-10-30
-22.597894786398065,-28.114119012516703,-28.114119012516703,-28.114119012516703,-28.114119012516703,0.10266343825665512,81.1985136543249,12.299180799014696,72.86239506124194,8.33611859308295,CONTROL,1,580,2012-07-12
3.8805129150421003,2.4659777303104313,2.8841384878974807,10.676130895865832,11.909760241872736,0.8921654440033125,94.97230822082359,1.5411642312503262,10.241296688973058,84.73101153185053,ENTRADA,1,830,2025-02-10
10.018163254887913,7.1713301268161445,25.92876413222589,24.126358485210275,44.45633018177686,0.34635926222935415,186.52139835705717,2.2993931304630277,121.91798443211938,64.60341392493778,CONTROL,1,830,2019-01-28
3.2814071738251904,5.228755493991155,5.592712136264222,5.9440893397644246,17.278195982441957,0.9880480173319827,97.7083720242128,1.282038869464011,1.1678087689535823,96.54056325525923,CONTROL,1,830,2025-10-24
5.14615929912976,22.311316345193788,19.12525150222333,31.211300444029533,3.0572460094679954,0.40948737290470333,110.30873381155054,3.441773220818849,65.1387001946145,45.17003361693606,CONTROL,1,830,2025-05-09
-2.7922070348618266,-1.2854512836657506,-2.339672712418084,-11.309139746535912,-24.97251393329347,0.197360706104922,59.217525717307815,2.571056472641105,47.53031302795357,11.687212689354249,ENTRADA,-1,565,2025-02-11
1.1153127587837375,3.5704224783539296,9.364346152651581,20.612034247668998,15.730047049771212,0.95341355891815,50.34598378674058,1.075359837693315,2.3454402073887617,48.00054357935182,CONTROL,-1,565,2024-03-27
8.062647808024792,1.7383360374489953,-9.504316289765669,-6.4490300387476385,-1.464227307611532,0.8188614609571752,102.59706509336695,2.078006384429419,18.584282481094096,84.01278261227286,CONTROL,-1,565,2026-05-20
-0.12280483422832944,-3.782748673715197,11.193260637267777,27.252858318511652,14.550540614983731,0.8451730913766848,37.054297280801585,1.5886112402848842,5.737002299195822,31.317294981605766,CONTROL,-1,565,2026-08-13
3.2415666174512303,-0.2549428419063027,4.374110240148443,6.439781118103838,20.83590939060631,0.9771922155056811,182.5097965201603,1.3902528539322467,4.1626441071337945,178.3471524130265,ENTRADA,1,1210,2025-02-12
-3.0247568073338282,4.2396209536610385,3.2446696947108222,2.8933201245417983,2.677945617384214,0.16650491090493114,173.27319927951615,1.2625459999540602,144.42236067126794,28.850838608248214,CONTROL,1,1210,2023-06-21
0.7436028114660154,1.0992780329854845,1.6343082452330293,1.163948973184059,4.339732871212476,0.9490721423081153,133.82385917621357,0.5928999565998714,6.815362455905016,127.00849672030856,CONTROL,1,1210,2013-11-21
-6.316653609058642,9.417433846858891,-1.5763076518804375,-3.895742413694281,-3.0950450445244027,0.06168999933211455,198.65126860277263,2.0858099625084168,186.39647197534387,12.254796627428751,CONTROL,1,1210,2024-04-24
1.1098142767962393,-10.030468823802874,25.551101540592924,49.4516503614717,71.89065812054807,0.9112163323124635,138.9807238676971,2.8667749782166556,12.339218402842892,126.64150546485419,ENTRADA,1,661,2025-02-13
-1.3835866571276778,-12.2478038969287,27.505205723052928,64.45808025786981,53.44118586531277,0.8897515527950313,158.296933292792,7.704318779370172,17.45199109283883,140.84494219995315,CONTROL,1,661,2020-09-25
-6.634929255870947,-15.519417655279755,4.485169756240914,31.168397688015048,-8.889641451128583,0.5749203652580216,104.45915711287256,3.6331341181732464,44.403460350994806,60.055696761877755,CONTROL,1,661,2015-06-02
11.210023079459841,4.574068905633943,-47.62290372461231,-11.339579777619457,124.50965008630189,0.6463042150274925,190.27951056591834,4.6977748857660915,67.30106085379703,122.97844971212132,CONTROL,1,661,2012-07-26
2.593514748021608,-4.374984853285913,-4.284995681129722,11.065928021285476,44.67550017886124,0.9370519897833083,154.58616713179512,1.7818018822826311,9.730891627971449,144.85527550382366,ENTRADA,1,940,2025-02-13
2.1423423601296676,9.0890499670504,1.8230718629252962,-1.1974688666316347,5.632606570167287,0.28853801863832235,55.42904953344187,1.7757432936733604,39.43566140605713,15.993388127384742,CONTROL,1,940,2013-07-19
3.6583601066131344,7.785253111378676,29.974665154584024,58.15495197265763,49.14279209982331,0.4637769305107501,226.30776491581847,3.281530336870336,121.35144435241176,104.9563205634067,CONTROL,1,940,2024-05-31
-0.2908992647554509,4.136460436734435,-4.148194453574838,2.068492189166715,1.103089353406972,0.7714256029299028,106.15926108885769,2.7441748366249135,24.265289096792674,81.89397199206502,CONTROL,1,940,2018-07-11
2.1043344656090923,2.493769778026955,1.6099725259821618,5.145644273245598,12.294156778376308,0.9494134917180558,168.0120158017175,0.8615713918929628,8.499141228819726,159.51287457289777,ENTRADA,1,1205,2025-02-13
0.0,20.236717708166374,23.879356390699158,28.217219098805035,36.03310194769449,1.0,142.06139192545865,5.183484513207499,0.0,142.06139192545865,CONTROL,1,1205,2017-07-12
-2.8171679106814285,0.49971796608261343,1.6233072149174355,-2.1963774848432482,9.248392835912167,0.3408933610179454,120.02216796598556,1.4124120172454755,79.10740773140037,40.91476023458519,CONTROL,1,1205,2023-08-01
-2.8073911330106505,0.312029680262782,0.8749559998100231,-2.01854504618737,5.827766602111151,0.8100747276492356,135.9060988825461,0.9879078939525917,25.812002844397483,110.0940960381486,CONTROL,1,1205,2021-11-04
0.9173846384280537,-1.3900407074274312,1.6326351429629682,2.7109200822850177,0.7949360262426985,0.9784665809089146,180.12417065471053,0.6918797607310936,3.878689255142069,176.24548139956843,ENTRADA,1,1395,2025-02-13
0.0,2.483547383040907,-2.1499961809279267,-2.081644305688135,-1.9991494185023218,0.7395618919680259,108.82687771341965,1.3025009141847532,28.34266613471002,80.48421157870965,CONTROL,1,1395,2014-11-18
0.0,0.0,0.0,0.0,0.0,0.24980632166098474,302.00107296011805,0.0,226.55929578628027,75.44177717383776,CONTROL,1,1395,2015-09-09
-0.42534929083903883,1.469914878566847,2.5255748546570977,10.383189932128278,11.596513402325481,0.4519703529757193,37.156931661457605,1.106168124157891,20.36310014293393,16.793831518523675,CONTROL,1,1395,2014-02-17
0.6711228502775946,-0.46013359287000455,0.34073345400065236,2.7301254329437086,10.121018672364368,0.8199355448510085,39.57646471971697,0.451016362406747,7.12631455647912,32.45015016323786,ENTRADA,1,1400,2025-02-17
0.0,0.0,0.0,0.0,0.0,0.4208443271767816,277.58069019816014,0.0,160.76243139444878,116.81825880371136,CONTROL,1,1400,2011-09-22
0.0,0.0,0.0,0.0,0.0,0.0,231.22707988093194,0.0,231.22707988093194,0.0,CONTROL,1,1400,2016-01-25
0.5839222731385263,1.8052633003384777,0.6541159282869025,3.172013334806767,11.22230275743652,0.9847218928434593,185.41345857600882,0.7065675435294233,2.8327666883890803,182.5806918876197,CONTROL,1,1400,2025-07-30
-9.975706210703095,-12.465394567838795,5.2201375447102905,-3.9023681970851154,-19.000169787213306,0.26994835105727155,69.869336900778,3.446576400908165,51.008224614948,18.861112285829996,ENTRADA,-1,660,2025-02-19
8.807475382976993,14.179436243266785,22.349887993917683,18.15441670767859,73.91694328494847,0.9786672567120356,122.00948798145737,2.919330059534632,2.602797085804404,119.40669089565299,CONTROL,-1,660,2026-04-13
6.503318398667357,15.145000517733376,23.335364847110185,-4.325819424547683,-4.450899651307072,0.34500102228582796,105.56977134463826,3.521281777703395,69.14809230825695,36.421679036381306,CONTROL,-1,660,2015-11-10
-3.3788259792300046,-2.3524757054060874,24.348475016366944,-71.54870058649453,-80.6597994031133,0.2024320233808199,142.58821459775498,5.66384460055507,113.72379380647288,28.864420791282104,CONTROL,-1,660,2021-02-03
-13.14356484177548,4.9217440867166395,1.629714399953297,-23.002959484150765,-83.18669294802072,0.2800576674338318,122.91383172025354,4.845462631515654,88.4908707133248,34.42296100692873,ENTRADA,-1,680,2025-02-20
-3.206484434237211,-8.825967503579557,9.212981090356287,38.372205387353645,54.874498204913195,0.8979272630371619,110.34023415227786,2.385299263132736,11.262729697043426,99.07750445523443,CONTROL,-1,680,2019-05-03
0.2654911667532289,-1.0326913165870089,5.458352607634609,7.967629197749293,13.402222616298864,0.8684116170670623,54.17818581751439,2.058069401676694,7.129219861966942,47.04896595554744,CONTROL,-1,680,2013-07-18
3.385830854134575,16.518399024743058,14.062096807407887,29.907138440374847,59.71338924145586,0.9841232780761127,80.8862040832762,2.32847698279988,1.2842077697089802,79.60199631356721,CONTROL,-1,680,2016-08-01
24.065903984169523,10.41594563998327,-7.567727595374496,-31.358829106661325,-136.2005779547948,0.17409270334138005,176.70859954789762,5.535047481686065,145.94492174893475,30.763677798962867,ENTRADA,-1,661,2025-02-24
9.45562781428988,10.173154615935598,11.929239170311856,39.19172203934673,45.07405843812151,0.9944870720227023,78.7681712391297,2.816505504382993,0.43424325494477806,78.33392798418492,CONTROL,-1,661,2014-08-13
8.83875537480261,-1.6960236103102933,-2.214066176684515,-4.389518411667126,-42.89321915058264,0.2002696427233892,86.70540690137527,4.223115014178128,69.34094603905076,17.36446086232451,CONTROL,-1,661,2021-09-16
10.776354016295286,-2.0765295255242844,39.794795966217045,8.395788051946962,31.01627836541221,0.8525715622024684,86.4873834863759,4.8636761657297365,12.750699836592425,73.73668364978347,CONTROL,-1,661,2024-11-22
-7.346338960358967,-0.1514118667400588,-10.420401050937889,-22.730687120209314,-49.31139150721964,0.2574332976883564,176.44874348843433,3.3050504081467573,131.0249615792398,45.423781909194545,ENTRADA,-1,940,2025-02-24
-7.056927990487516,3.3449955817310695,6.32130685797927,19.50033268121265,0.012389333825524318,0.36110928782409,113.25076017760814,2.449716251027913,72.35485882433524,40.89590135327288,CONTROL,-1,940,2019-10-31
-0.9353326302641296,-7.069953376308558,-7.7781081444161515,-3.789155034927827,-3.2038570478343242,0.5879243233457014,67.53977843504529,1.774908652417055,27.831499899702692,39.7082785353426,CONTROL,-1,940,2021-11-08
37.061056376428425,101.1952046893927,85.4055005823584,106.504450323599,217.914315294665,0.7192550524121678,349.20424777435386,9.760055338307106,98.03732823885932,251.1669195354945,CONTROL,-1,940,2014-10-15
-21.80812857847103,-24.25677113555458,-4.062881058751744,-58.87283169120905,-158.72719019927374,0.07622938603442586,201.3267597832278,7.09357205942053,185.979744492652,15.347015290575795,ENTRADA,-1,665,2025-02-25
13.076302726149347,4.081738202565965,-19.282889948618596,-14.278205467315175,-25.919131116798333,0.4140044770811247,65.02947679154171,5.036174717571668,38.10698225760035,26.92249453394136,CONTROL,-1,665,2019-03-29
13.231079850819505,-0.06088725497122027,19.35694216104178,18.92958830728153,-27.2757286267733,0.4128056644329169,97.08875638301292,4.058717221239255,57.009967795357674,40.07878858765525,CONTROL,-1,665,2024-07-16
-1.1097601982601457,-7.9214584228792795,-3.170090073354448,3.172101242685521,20.17708490056558,0.7435576923076843,49.46908729058256,1.8950055035693223,12.685966904229597,36.78312038635296,CONTROL,-1,665,2017-11-06
4.689644970303775,-4.925341219018664,7.6561728417146035,27.986922363845146,3.0889216619645055,0.7274139521335989,87.1887664941852,5.848121577760635,23.76644127699643,63.422325217188764,ENTRADA,1,640,2025-02-26
3.1478827949582566,-2.1876828942368753,-4.543445713152128,5.970250321647441,6.975397614594758,0.8482592070839198,112.0925253979005,2.575751642115512,17.009008683843277,95.08351671405723,CONTROL,1,640,2020-01-08
-0.6674030107345352,-25.805797664363304,-35.06473602504445,17.015083596985114,-3.1711641594744933,0.3779808803445746,68.3164869809321,2.8220721549290833,42.49416108983071,25.822325891101382,CONTROL,1,640,2021-04-28
-4.029162114079776,1.5021238428070127,11.047879154861828,30.7675286636111,43.200667458063165,0.831449675180186,66.70683997107984,2.3774275478919016,11.24345954482886,55.463380426250986,CONTROL,1,640,2023-12-20
-29.05974070003814,-33.57410127069693,-35.935716130868215,-13.994645187782595,-109.438895623023,0.30021856402616354,232.8295563800371,6.5419072301037735,162.92980130077368,69.89975507926343,ENTRADA,-1,655,2025-02-27
-14.158315563742585,-9.807009564121172,-46.31702056706932,-16.8352596818655,-91.80344895628578,0.10746201966040934,160.68482753440145,5.123043004943254,143.4173114387701,17.26751609563133,CONTROL,-1,655,2022-12-19
-9.3384156216747,-24.936712552412477,-7.850181285965485,-11.52228296760871,40.82563940839723,0.4991648601584984,81.45534082629355,5.401912125686845,40.79569701357391,40.65964381271965,CONTROL,-1,655,2014-02-04
-2.1079465888251825,-3.8854503902552295,1.017309678315037,5.912537015040353,8.187501812417786,0.7605729877216829,40.669753219611614,2.3219514057076007,9.737437503468074,30.932315716143542,CONTROL,-1,655,2013-09-20
-22.5530787973649,-22.816255652524653,-1.6275021234823939,-30.48503736875596,-46.34900362253447,0.23450405612265757,233.186337999933,5.19782773752397,178.5031959065597,54.6831420933733,ENTRADA,-1,765,2025-02-27
2.98458605716867,6.020920558804654,9.33766117456214,5.696148126959066,18.735714285713634,0.6796116504854525,55.44255298822236,0.9569762679274606,17.763148044769405,37.67940494345295,CONTROL,-1,765,2013-03-15
-2.9574364771522976,-7.378584530839394,-2.7163980968303303,-19.224100666825894,-15.56598621702654,0.8243393895567828,259.88193847542306,4.136075328083184,45.651019955759445,214.2309185196636,CONTROL,-1,765,2023-02-03
0.809488508177747,2.736193624433003,-6.370188354475337,-0.9450945649902565,7.893729208068301,0.3895192958700063,113.93117065979175,3.853043191039888,69.55278128674415,44.3783893730476,CONTROL,-1,765,2026-05-21
-14.587376207422231,-6.065111568689385,-11.304657357515957,-8.321849194405928,-27.493525370824166,0.07927006097146481,407.60190667874633,2.9529543968328076,375.2912786842368,32.31062799450953,ENTRADA,-1,1300,2025-02-27
1.950836149682278,1.0242926078429804,3.446904467334644,0.7728318378141807,-4.913420959754555,0.711271033971837,62.51647020192693,1.122550890781979,18.050315801132825,44.4661544007941,CONTROL,-1,1300,2021-07-26
-6.665915284813639,-8.00129588625742,-6.682238757875769,-10.37442485325557,-16.748107864341666,0.11271669233967929,60.77325079460419,1.2507347325352292,53.92309098230662,6.85015981229757,CONTROL,-1,1300,2019-01-21
-7.9685038978538625,-6.588289356077581,-10.810966662477828,-7.2219185289512655,-11.18462586183755,0.008620689655177595,86.59128911537587,1.1690761245747596,85.84481248507046,0.7464766303054132,CONTROL,-1,1300,2019-10-29
-1.765318327411336,-1.765318327411336,-1.765318327411336,-1.765318327411336,3.765846408823048,0.22746933800659158,390.22818617150915,1.6708380533470286,301.463238991563,88.76494717994618,ENTRADA,-1,1081,2025-03-03
3.0191496538733986,3.0191496538733986,3.0191496538733986,3.0191496538733986,2.055006191084008,0.8868759365601153,114.05587563338538,0.9849348397343713,12.902464110842685,101.15341152254271,CONTROL,-1,1081,2025-09-22
20.014125881242517,20.014125881242517,20.014125881242517,20.014125881242517,7.960843283250085,0.7774365079867673,170.2534144053957,3.7285517391821563,37.89219443724088,132.3612199681548,CONTROL,-1,1081,2026-07-28
0.1510942903526491,0.1510942903526491,0.1510942903526491,0.1510942903526491,-8.316800310027572,0.3989448877298365,134.36419338024905,1.8692010588401604,80.76028533725554,53.603908042993496,CONTROL,-1,1081,2026-04-08
3.4027068224506962,4.535798874663044,-22.7772483985067,-51.674794165605945,-142.07489473044066,0.1112910327461381,273.168668986751,7.800581837351137,242.76744570132757,30.401223285423466,ENTRADA,-1,781,2025-03-06
-0.7364022060252218,-4.6636387638687715,6.171695584362702,2.5270710832470122,4.236551151381995,0.6358512080204743,73.93354586119591,1.80749662790618,26.922811412117348,47.010734449078555,CONTROL,-1,781,2024-05-28
-4.695023001879406,-5.092984712171678,7.765581431506963,-49.81837720909543,-28.492011272012174,0.4026169300659044,259.40983060184516,6.4417631518085,154.96704097601398,104.44278962583122,CONTROL,-1,781,2022-09-06
0.6861375110145396,-3.142678423475598,-6.033952778011775,-6.705465118623799,-7.267273452006284,0.4807419079847991,53.118493718636564,1.210816507240751,27.582207699060657,25.536286019575908,CONTROL,-1,781,2018-07-10
-4.411360831604316,-3.6905729813319077,-23.59293039733923,-59.499131822686735,-47.546019954086695,0.08175368072670268,141.75844361610484,4.216101840052312,130.1691690763995,11.589274539705318,ENTRADA,-1,511,2025-03-10
-2.600585299318281,4.632199079599442,-21.739998130972936,-33.659608732115046,-26.397849757773262,0.3396322561467601,112.81236399365051,4.390415210551052,74.49764628923747,38.31471770441305,CONTROL,-1,511,2015-09-01
-0.29579504040144755,6.660017909656535,2.67098548349054,-2.3771185225029967,-6.354133789781002,0.708938547486037,100.71797528093063,2.0604427234407847,29.315120179533086,71.40285510139755,CONTROL,-1,511,2022-09-09
-12.271012119897673,7.313992994433249,-14.669251115857485,-55.779587612198036,-74.23590685577408,0.07189442770509416,229.43657521260553,5.689143395711158,212.94136394307844,16.49521126952707,CONTROL,-1,511,2022-07-05
-47.947367180466436,-6.546427842105684,-16.503817333051174,-65.36064885874771,-60.062277407342265,0.02636028936218437,324.9961140687935,7.355736309178229,316.42912246035456,8.566991608438874,ENTRADA,-1,760,2025-03-10
1.099406791507107,-0.6265537236838092,18.407600923213696,26.454230842569704,29.9270567369736,0.9643840495335756,114.64138937178981,2.6088869102624965,4.083062045267738,110.55832732652206,CONTROL,-1,760,2017-11-30
-5.227938632262896,-24.697822226168455,-18.56755019147616,-30.790940121331325,-9.48006882374397,0.7661549609476305,259.94243752555417,5.094524778231798,60.78624945453134,199.1561880710228,CONTROL,-1,760,2026-06-08
0.16592231272039015,8.396803323256208,15.97684744401029,14.72356222933735,3.9634407948740957,0.5632891578837483,69.13074526232924,1.2730752532932839,30.190145979635872,38.940599282693356,CONTROL,-1,760,2021-06-09
-10.496597485638581,-5.533386042130273,-14.28784759601509,11.676185311060294,-61.39630670862872,0.06809072829277794,478.15490161616026,4.605971466224151,445.5969861283543,32.557915487805936,ENTRADA,-1,1235,2025-03-10
3.126300210400945,6.097782995257983,8.294303865508112,4.028842502270535,-2.2968040672710632,0.9295903917763666,238.8398249343041,1.1913725500698107,16.816618501825534,222.02320643247856,CONTROL,-1,1235,2021-12-21
0.0,0.0,0.0,1.6443157077405957,-3.295749117437907,0.3565496919367761,57.12839054297947,0.0,36.759280494036304,20.36911004894316,CONTROL,-1,1235,2016-07-13
0.0,0.0,0.0,0.0,0.059383861554795914,0.17804363481453686,468.37436219142205,0.0,384.98328829292086,83.39107389850116,CONTROL,-1,1235,2016-01-13
-18.553868336923518,4.397467361678675,-24.9587631755388,-35.790513303153304,-87.2225332628629,0.0872375810181181,182.0401334741171,7.336305384623209,166.15939258161978,15.880740892497325,ENTRADA,-1,735,2025-03-13
3.9550981355218617,27.619967615191143,-30.7780639021249,-107.26656748001217,-139.1504671451005,0.2955917027309361,313.1517081465345,9.7638987119398,220.5866615223992,92.56504662413529,CONTROL,-1,735,2022-11-04
2.3358114646421235,4.363974826722128,4.8302100884223265,13.884405924491361,8.730199567466013,0.8845604395604572,28.353462993823182,1.1218701777492692,3.273111304945791,25.08035168887739,CONTROL,-1,735,2017-11-28
0.5127878631117078,8.074131819970631,22.07095329646247,-23.130810719037555,-37.39530414923253,0.4689155497431589,145.1871691418663,5.045102709490643,77.10664790805505,68.08052123381124,CONTROL,-1,735,2024-07-22
-32.48012147475499,9.610795452779097,6.773446513723691,-18.202222346556105,-56.23558385564831,0.1244461151169305,181.91691302608473,6.550587050378868,159.27805992592397,22.638853100160773,ENTRADA,-1,765,2025-03-13
9.805397585380682,2.058050075883777,26.325928748114347,53.87680199318679,96.32543294006312,0.9795561870172702,236.28420695815524,4.694056809759807,4.830550137825145,231.4536568203301,CONTROL,-1,765,2025-04-02
-0.6201133841421402,9.029723536915224,12.48388125044686,18.69951394474878,3.467524348910178,0.8270359501100474,106.77056320688827,2.8027456827939594,18.467469021294562,88.30309418559372,CONTROL,-1,765,2021-09-23
5.910718887724986,20.15276375622488,29.19305186872334,32.71165334976622,-12.457470137753335,0.6162696810658106,97.87426088041063,2.8749499043057702,37.55732134308803,60.316939537322604,CONTROL,-1,765,2022-03-30
6.075369996083602,3.2776142276302878,0.5086457425562685,18.585240074122655,23.157649663776425,0.8150964988117734,241.38826911868918,0.9213612196096294,44.63353610581153,196.75473301287767,ENTRADA,1,1275,2025-03-19
-25.868734478607934,-44.09251211349164,-52.479853242476395,-56.350931818943685,-21.067442452059602,0.31934853812535585,293.2568776001551,3.8462256764809175,199.6057224433392,93.65115515681596,CONTROL,1,1275,2026-02-04
-3.0774347771256316,-6.940545663383091,-1.1595741528347414,5.02793080020103,-12.727689223032135,0.7493801652892537,187.09965891680613,2.3216659061987532,46.890885592166974,140.20877332463917,CONTROL,1,1275,2019-10-10
6.988386308208749,6.799008074109825,9.122851241889496,9.155198622332605,2.173015894619823,0.9415048663603479,93.36403185382787,1.3290118294772233,5.4613415204263935,87.9026903334015,CONTROL,1,1275,2015-03-12
1.5877230217187233,0.4663663394066653,2.8003510213259197,20.81481352367298,36.81078421127637,0.8595370865480175,65.43319438797013,1.5737191357674407,9.190937120204197,56.242257267765936,ENTRADA,1,290,2025-03-24
4.676614079588415,10.49934087471005,-21.44849711931185,-28.393024534981713,-2.330196629759529,0.267020739708248,53.88022846428838,3.22816877924303,39.493090004104694,14.387138460183683,CONTROL,1,290,2019-08-22
-5.097607229614942,-13.653726201928729,-34.00434468262992,-45.365103600134574,6.638546077533114,0.28236829980034267,109.63172177284086,4.150822970788272,78.67519889165958,30.956522881181282,CONTROL,1,290,2022-05-26
-6.217389299968401,3.9111982476547347,11.159529083679676,39.093946346295816,43.169992251896886,0.8825902143438545,80.8324817180201,2.0099293285884183,9.490524352567038,71.34195736545307,CONTROL,1,290,2021-02-19
0.8474451570839037,2.9755494011096673,-1.797761653902219,3.6984149144037026,4.190397442360716,0.9556389191491365,120.15675324325747,0.9120071607002871,5.330283445401405,114.82646979785605,ENTRADA,1,1225,2025-03-25
0.0,0.0,32.098175504988724,30.551303070716074,32.19839422189619,0.5866411012219808,72.49030105371645,7.1166351797584175,29.964511015651322,42.52579003806513,CONTROL,1,1225,2016-10-31
0.0,0.0,0.0,0.0,-75.65570096318753,0.0,161.92537053378092,0.0,161.92537053378092,0.0,CONTROL,1,1225,2016-01-05
-0.029503292403587622,-4.112390485075945,-3.9191347494205164,-2.3367771025983863,-1.4454566282706693,0.02631769214084544,136.02041371605534,0.7881544295089512,132.44067034300576,3.579743373049575,CONTROL,1,1225,2013-07-18
-19.504154103271443,-15.753368358718545,-12.038752019575272,-26.243188075580903,-73.52571062153702,0.023020699115275167,174.607706511899,4.058782878576149,170.58811503708029,4.019591474818699,ENTRADA,-1,775,2025-03-26
1.4578908280338254,-9.212535164432323,-1.8096230409458958,1.4700417042345926,7.779116373101136,0.8629959082014013,68.28008171258632,1.4610235478407547,9.354650582966995,58.92543112961932,CONTROL,-1,775,2019-11-08
-8.648561111292974,-7.332399234952769,-15.994860990496962,1.0144626244179555,-39.04707297317511,0.5588458701659018,121.08202724522218,2.6792167775499256,53.41583636791455,67.66619087730763,CONTROL,-1,775,2021-07-28
-4.179946538579449,-2.5029509631913083,-15.094630153208444,-24.57530011587883,-18.131998554229423,0.7297219149150177,127.24893056043564,2.1660254922376385,34.39259728098642,92.8563332794492,CONTROL,-1,775,2020-12-14
-10.063017158632448,10.51440930161407,-9.629596702728227,-24.989237381389806,-60.63836146123825,0.1998375054626326,82.52092965375918,5.3373559642759805,66.03015292329455,16.49077673046462,ENTRADA,-1,255,2025-03-28
0.9277917234706834,-5.030453959408154,-8.54657375448764,-11.515111230414599,-7.753109802121072,0.2252863545816623,23.468761557513176,1.0433233382005913,18.18156981967478,5.287191737838399,CONTROL,-1,255,2021-05-31
1.2625453622838734,4.514352605682337,7.238300735006309,19.73361534542306,41.645941688650545,0.9124247000178581,49.56746278003593,1.9369701598805147,4.340885422315298,45.226577357720636,CONTROL,-1,255,2026-02-18
0.0,0.0,0.0,0.0,0.0,,0.0,0.0,0.0,0.0,CONTROL,-1,255,2012-05-03
-3.565452608247366,-23.715773027277454,-30.764288295936915,-130.51642896431903,-133.72209744518582,0.06333477735470953,225.9938765908238,6.103302031294225,211.68060473341626,14.313271857407528,ENTRADA,-1,661,2025-03-28
1.2372591542919587,9.4984825554989,33.858013814929144,-21.7206410354287,-132.55682496818633,0.22338982754245817,213.81870423028968,7.4074495150175945,166.0537807669334,47.764923463356276,CONTROL,-1,661,2024-12-27
-4.390635530086007,-4.651471797323392,-0.8301962676215968,26.154699579366003,59.62511809021409,0.9481265478948645,173.2071576240017,2.806968699154731,8.984853195275312,164.22230442872635,CONTROL,-1,661,2025-01-06
-3.3400954602180732,-15.595442185447617,-2.7604380781975912,-3.181093891432285,52.34338423242724,0.7155493567745131,78.81643008189583,3.037656600660031,22.41938423353188,56.397045848363945,CONTROL,-1,661,2018-05-16
-17.59095805521693,-7.8729692376611204,-5.597024197033784,-26.576034910968936,-57.98949462766267,0.025655242319623,271.8469894951949,3.946228012879221,264.8726891058357,6.974300389359235,ENTRADA,-1,780,2025-03-28
-0.6446149064098794,-3.995273205158467,0.14053708373928941,-22.512181984877255,-1.806001183375372,0.7332588287885607,86.52579031981352,1.970342892789216,23.07999064990247,63.44579966991106,CONTROL,-1,780,2019-10-07
-4.533311912867655,-2.474161391133878,7.836394235796185,1.0283422669266074,37.226704612438596,0.944532609319136,107.77113968788895,1.9057042774384043,5.977783909190106,101.79335577869885,CONTROL,-1,780,2016-11-21
-6.299699985945484,-19.735535142076934,-32.29103807821821,-29.199530889038037,-17.398685071911004,0.4997767358785496,82.07599680235366,2.4343145589242767,41.056323026495065,41.01967377585858,CONTROL,-1,780,2016-03-16
-6.700729154035523,-20.75976793117995,-78.66163108539936,-104.1434240067396,-34.83640277982203,0.05151748233201071,222.8623893675963,8.034292551221645,211.38108016088145,11.481309206714833,ENTRADA,-1,661,2025-04-03
-2.025921449421153,2.1345711258491384,13.050203350919443,12.981042152773181,7.688723205965253,0.920608755654378,56.232867794342475,2.0605106134462723,4.464397347315698,51.76847044702678,CONTROL,-1,661,2015-07-17
-0.44246105748713127,-2.2326922557347473,6.382919924365904,17.280615902688368,72.11203402656574,0.9230579183284409,84.13962313122485,2.483758798560138,6.473877754776908,77.66574537644796,CONTROL,-1,661,2013-11-13
6.2423894937269075,107.82686890612459,44.036752898988226,241.61993480436905,229.84281983478905,0.9287701299032748,325.05712329547833,18.724640754898047,23.153776666352133,301.90334662912625,CONTROL,-1,661,2022-05-12
-75.66793790690917,-55.27742119205148,-109.94154352823138,-132.56602426439002,-116.83702764416437,0.14734383094158326,572.8896466512582,15.939667185170569,488.4778914068919,84.41175524436636,ENTRADA,-1,740,2025-04-04
25.14831930837902,44.45699128993841,64.11465035986996,-0.7190482465468939,32.144576326054164,0.5659262607348131,234.4568626698484,9.143409245922184,101.7715670754855,132.68529559436288,CONTROL,-1,740,2022-04-28
-5.337074368317873,-8.650815730002481,-4.536876417772229,13.0617108549691,9.391822242583725,0.8920073215375246,125.03051385329013,1.7094169536455468,13.502380080556433,111.52813377273372,CONTROL,-1,740,2012-06-19
4.212895015780482,0.33075816445515827,2.3630384397232973,7.263993071959796,5.667256183441438,0.34016393442623827,33.145596877367595,1.443512439835398,21.8706602346562,11.2749366427114,CONTROL,-1,740,2023-12-28
10.281375542324778,-2.8764255588242804,2.111034296532477,44.70108608459089,47.825857003263025,0.7156078894393529,1063.0599590388608,5.2523618197181206,302.3258654035766,760.7340936352842,ENTRADA,1,1255,2025-04-07
-3.384331311530042,-0.9873333194965195,-8.107818413594092,-14.514957281152041,-15.465944439700952,0.10832421877414175,217.4080827862001,2.345107075944596,193.85752206320103,23.550560722999062,CONTROL,1,1255,2022-03-31
1.5066544910102841,0.43795165645788003,10.696379501518027,9.189970595406827,-8.585730245678214,0.6361153119092567,159.22081127367647,1.6772889246799463,57.93801524787686,101.28279602579961,CONTROL,1,1255,2018-04-12
0.0,0.0,0.0,0.0,-72.04592464068682,0.42175612626623105,223.6015154263517,0.0,129.2962064528747,94.30530897347701,CONTROL,1,1255,2016-01-11
-33.81730412135742,-18.084444763886154,29.01135328584381,-46.26663882731141,-100.45428019793357,0.03941869487580107,878.1267359597585,10.606935692062791,843.5121260926777,34.61460986708086,ENTRADA,-1,1205,2025-04-08
18.170358680129617,8.382931302439722,-39.822953836208264,-63.11128200993554,-11.346392906883551,0.32045280449399877,439.97867950223906,10.450870877976676,298.9862777381803,140.99240176405877,CONTROL,-1,1205,2020-03-11
-3.573947660963084,-6.412259806020115,-1.2233115056048405,-1.6921682308801422,-2.568608518850324,0.43388276118478447,164.53513675135287,1.027187568326462,93.14617730575976,71.38895944559309,CONTROL,-1,1205,2023-10-24
-2.631164153614751,-2.8634343847333543,-1.4964582745080612,-0.01638700504513757,13.253297748554438,0.455696902532521,224.49190890299892,1.0326206178562214,122.19164137228942,102.30026753070948,CONTROL,-1,1205,2024-10-23
-20.17108093627651,-0.2722141035571557,-6.682271160849407,-49.80484006151586,-103.3072291900694,0.02525598264798299,900.8317322410074,7.9227349364788076,878.080341642776,22.751390598231342,ENTRADA,-1,1250,2025-04-08
4.133208113406006,5.37776755812347,6.510998363107312,12.954663676498779,8.387338631179464,0.9891144333464333,165.29976840232524,1.2506817566830188,1.7993816467626396,163.5003867555626,CONTROL,-1,1250,2024-10-29
-1.712219698913886,-0.9014547344032842,-2.7187365676240027,-0.15994011121400753,12.384518783135068,0.7791050940798602,98.17326098277778,1.0025574907482255,21.685973248664034,76.48728773411374,CONTROL,-1,1250,2025-02-18
-0.2912479023609027,0.2650830626316214,4.007198552431479,-5.0535248417549194,-12.550795586434571,0.8441074897474584,121.29355796509408,0.6406197430324214,18.908757228640674,102.38480073645341,CONTROL,-1,1250,2013-07-11
4.718036303628104,2.857752565126326,1.2095983628546136,25.064141692714426,38.77016582845228,0.8272043829882302,68.33772276792388,3.576483177354578,11.808458970862675,56.529263797061205,ENTRADA,1,265,2025-04-14
-3.8981835793439057,1.9273944467812498,10.30372878703778,8.857372711053024,16.962354401695023,0.8675539475384406,51.96247824293598,1.8307729212581518,6.8822251193965345,45.08025312353944,CONTROL,1,265,2021-10-14
2.273874058202896,0.1652565887688695,4.401261933397738,6.958900252409528,0.053596133038347205,0.343087131513084,20.52944209627489,1.5270847938921506,13.486054695899986,7.043387400374907,CONTROL,1,265,2015-05-27
2.357956297858177,-2.062299983143223,11.864585087988377,13.808775755288494,-1.171504872992113,0.6191990747433842,61.02596854793756,3.4031315696720164,23.23874528773576,37.787223260201806,CONTROL,1,265,2022-06-20
1.4639673357219607,3.83968949584812,23.238634039577377,44.62502402995394,39.83961016091886,0.9179739711572387,89.58987971542463,3.5815968419024786,7.348702057556938,82.2411776578677,ENTRADA,1,541,2025-04-14
-0.9821231814077791,-10.005050151602468,3.56617133702386,-8.54618611980329,17.8777381488171,0.22811808545819454,127.70292174643961,6.337541426121439,98.57157573022417,29.131346016215446,CONTROL,1,541,2025-08-01
-2.198201411210965,3.471189130217489,2.566976862807824,-2.4352743442068725,-13.002037593866644,0.7317160265137191,106.27450543231618,3.012342667488986,28.511746597671127,77.76275883464506,CONTROL,1,541,2016-02-18
4.2421430640327,2.3077409010485717,-4.084946396283318,5.3975007431028565,9.61727108009569,0.8553895741647607,62.00254420655004,1.7507788184166642,8.96621432057745,53.03632988597259,CONTROL,1,541,2019-07-01
10.647068976519236,-5.44123675613517,0.969478552692582,19.118134032838352,-5.9105960151195625,0.7250563495889432,162.27518893485166,5.459681144798128,44.616532816892054,117.6586561179596,ENTRADA,1,765,2025-04-15
-4.7820347154869935,-7.166602542354461,-23.74890728063295,28.564438439164785,28.681274786728217,0.43703006197912037,168.69123172124478,4.253780948641864,94.96809226677503,73.72313945446977,CONTROL,1,765,2015-01-09
2.0857661535345073,-4.545285693516865,-15.58514498064989,0.9236874483953272,47.879229419909294,0.8721986692928448,152.81233638810292,2.764568856800212,19.52961993886898,133.28271644923393,CONTROL,1,765,2025-06-13
-0.6361807120480734,14.20503994291833,23.32774373273727,-1.7859102393202875,-4.573889624372995,0.673310363106285,82.49012162756414,2.5418358015272977,26.948667881827316,55.541453745736824,CONTROL,1,765,2015-12-22
-8.331919844219993,-4.358668179581526,2.1546357464674593,-16.931146402547892,-13.32881386407414,0.04064645563976881,241.52996255639607,2.5769441857373674,231.7126256476725,9.817336908723576,ENTRADA,-1,1210,2025-04-15
0.0,-40.317736715110854,-47.62326131538486,-37.01671634808168,-23.829594903762576,0.3351440592213935,86.27817670323833,6.5275067827614786,57.36255834069438,28.91561836254396,CONTROL,-1,1210,2016-03-14
-0.7533410953641795,-0.5815794999852741,3.0071332268644113,-0.4907888442962083,4.535941010423983,0.6020630295723207,183.18979202354257,1.1669264849333327,72.89799085112517,110.2918011724174,CONTROL,-1,1210,2021-11-23
2.1520586296785993,1.3845173693960433,0.7879495850704465,2.0106218278859167,2.9683449944606366,0.8548040519799482,143.92569293049095,0.862720631755161,20.8974274294855,123.02826550100546,CONTROL,-1,1210,2023-05-17
10.598375084236444,-3.8130391025981147,7.239989750316145,-11.532789441702773,-95.84575634840719,0.1315133065474635,195.82169951111007,6.285717339125815,170.06854031466017,25.753159196449896,ENTRADA,-1,661,2025-04-21
1.1662293306669014,-14.507889236576865,-25.022121105957584,-10.699939095214495,3.180003471618953,0.22277686657632936,38.933635407035105,4.131629397588992,30.260122106630593,8.673513300404514,CONTROL,-1,661,2014-01-16
-3.1038441323705257,-61.486266656375356,-99.70077397670751,-67.25321390984806,-36.66328022717491,0.22797548125923242,142.10513619768867,11.861500355817038,109.70864938361181,32.396486814076844,CONTROL,-1,661,2024-08-23
5.118061903526261,4.760718299572364,1.9306884967740245,13.099676767616142,-20.92027002869923,0.43960683879006446,61.765830673894484,2.7762216304794074,34.613149106101325,27.152681567793152,CONTROL,-1,661,2015-11-27
30.242476383532946,47.63087859844806,14.854567375051086,20.89915129330766,69.52532517268794,0.8793238436492052,251.06893736382102,6.053441704045079,30.298034340144376,220.77090302367665,ENTRADA,1,720,2025-04-22
8.493258610517973,-22.51097114775891,-29.711812101261835,1.2308798352966832,-11.805817456187473,0.396076051779938,118.14992135287517,6.090200543583163,71.35356698531818,46.79635436755698,CONTROL,1,720,2015-09-02
7.668542830097103,4.6217331499320835,33.660000882884674,30.339136382693255,26.135862373179997,0.9114470842332681,67.90075930060745,2.642185505486364,6.012810218843827,61.88794908176362,CONTROL,1,720,2012-03-19
3.839324739072225,-4.318854351689216,-6.472552723071345,-13.890777777817442,-53.977356292495,0.11788296975813656,137.0166299585708,3.480994638572891,120.86470271280281,16.15192724576799,CONTROL,1,720,2025-02-21
4.827947667576105,7.301513349062816,0.67299448596847,19.77086284103091,52.38431479908323,0.9149522925782454,293.0227864412351,5.789660525672941,24.92091620916143,268.1018702320737,ENTRADA,1,790,2025-04-22
-7.176663697857633,5.158836903371711,-16.435878014162686,-12.763640911330754,20.926215713483742,0.623628147191736,57.04941458977007,2.5623999423684705,21.471793870778573,35.577620718991504,CONTROL,1,790,2012-08-08
10.497359633587777,3.248736538905561,13.833190955292451,7.5216343547279685,5.308888039670112,0.5900131874398621,80.21144235937136,2.13910392999317,32.88563358376989,47.325808775601466,CONTROL,1,790,2013-12-19
-7.228133937152714,-14.995272709178442,-17.223494271710884,-7.756844936838148,-14.689501265113813,0.3612845272850061,53.34574753049878,2.229742380845416,34.07275435127725,19.272993179221533,CONTROL,1,790,2014-11-11
-9.632628438897006,-34.58279161588251,-3.6375220567153033,-1.5597875829975738,144.31926803660343,0.8822069609843611,324.0543731745311,5.9105176039530924,38.17134942253595,285.88302375199515,ENTRADA,1,691,2025-04-24
42.87887697290493,17.63353164073722,14.659221953650103,36.07818556947251,-4.5797541424486,0.306782424081586,245.14305045428225,8.325342394870514,169.937471189163,75.20557926511925,CONTROL,1,691,2020-09-21
22.11321735666072,1.836808899426945,0.6120858455793687,-11.023963825982364,-27.402574907114953,0.5972789641262352,101.39340403781486,4.588774799033221,40.83325670487597,60.56014733293889,CONTROL,1,691,2026-06-03
3.3581886022671092,7.707687327811463,23.07516207815663,-31.65251908210265,-20.664561457184316,0.3829949305245414,83.37030553418185,3.521701410025838,51.43990115830809,31.93040437587377,CONTROL,1,691,2015-08-04
7.15029297849723,-5.697330009029056,5.215840284258366,31.7491115767754,29.898166493826928,0.9610349636476103,358.1536522804264,4.669623525673486,13.95547008084796,344.1981821995784,ENTRADA,1,795,2025-04-24
-10.002245640363672,5.845848395151787,-14.149053293340819,-93.78064514137141,-143.62385474343318,0.05279202955779385,235.13747508460153,5.851579784901977,222.72409054979022,12.4133845348113,CONTROL,1,795,2019-09-24
-1.8817811214955071,-6.444403295644552,-7.958790455880882,-16.891835529411203,-28.66558991917678,0.29579372623574474,87.9026119275153,2.158960799645864,61.90157079962093,26.001041127894364,CONTROL,1,795,2016-09-02
-4.44383508818702,3.2355201563216696,-4.65740594952524,-10.859689858239152,-14.550470260221715,0.7497024434642533,72.69549479303136,1.367898237828978,18.195504717852845,54.499990075178516,CONTROL,1,795,2014-07-14
7.220705559720653,7.105079740827858,9.185715949990847,7.058933859540595,12.483729834273927,0.9848363879377137,437.73712411247595,2.363406742152458,6.637675935302494,431.09944817717354,ENTRADA,1,1225,2025-04-24
0.0,0.0,-17.46237134283235,-8.020104300722197,-0.6876349976125962,0.124236681406618,136.07513215498562,3.054526092334727,119.16960931408325,16.905522840902393,CONTROL,1,1225,2013-04-03
0.0,0.0,-9.999528092445864,-0.8797082388789512,6.501643246401567,0.8910369068541343,99.91976565741945,1.240115810009519,10.887566732442469,89.03219892497698,CONTROL,1,1225,2017-05-22
-0.9393243998434553,-2.3922212520655073,0.7928161344428197,8.86025513038513,5.537804205770769,0.9110617542025938,151.6933408327799,1.227286849117484,13.491339632815494,138.20200119996443,CONTROL,1,1225,2018-09-13
16.60753014283367,7.023941201440564,-10.016081656961662,-1.1950448165087835,11.015608319837611,0.9658561029704684,453.26948237354185,2.8437341614461804,15.4763865327913,437.79309584075054,ENTRADA,1,1300,2025-04-24
-1.2815218784267834,-1.3581837140630437,-5.146004182495778,5.140340051579262,-4.68636399470812,0.8271248990889215,94.98718313870795,0.7023760204690193,16.420918870363234,78.56626426834472,CONTROL,1,1300,2020-01-16
-1.753023840369572,1.6630482996027318,1.247863411286687,-8.565616189014635,1.2302502691330375,0.9578306663332922,321.94883895262967,2.4336855354442615,13.57636801340263,308.37247093922707,CONTROL,1,1300,2014-10-21
-3.181814336417066,-3.8912699232007686,-3.6532992099225226,-5.045042725299043,-0.5541556468946496,0.9413973504345574,177.50439248855844,0.7111173241708783,10.402227709333777,167.10216477922467,CONTROL,1,1300,2021-04-01
-3.016933015854706,-0.34672545930369836,-13.239786408530962,-2.011490961687512,87.32058798524456,0.9007690027717964,157.0142895732565,4.081273105375728,15.580684533432166,141.43360503982433,ENTRADA,1,901,2025-04-29
0.029025126382364874,11.111061440525205,6.666805186075209,2.2935042243354964,17.656017214950914,0.22876731495732194,127.6566007076314,2.386768281446182,98.4529429271676,29.2036577804638,CONTROL,1,901,2015-06-26
-0.7563285793887875,3.6584632260128203,2.384444293972443,6.813371768772392,-3.4139159481039183,0.9045251381873078,47.66617165419012,1.199732937760268,4.5509211518238635,43.11525050236626,CONTROL,1,901,2019-07-12
-21.419564173826842,-35.6508357150076,-6.866223647012948,72.8287278548101,-2.9806436998136565,0.38540332906530017,232.8576795329725,7.348437911730857,143.11355464254407,89.74412489042841,CONTROL,1,901,2018-12-11
4.550192858678859,5.352024614773132,1.2548990978444863,12.230649496851598,24.80788030360781,0.9755583187910243,428.11744442248147,2.9085050256862863,10.463910096575677,417.65353432590575,ENTRADA,1,1245,2025-04-30
0.0,0.0,0.0,2.330958190635002,-6.632997914602923,0.25132204742741676,135.52918224972044,0.0,101.4677106805572,34.06147156916326,CONTROL,1,1245,2015-06-08
-0.03732920024535069,-3.0749917340944233,-3.390842486287182,-2.4108939564937426,2.008721885360387,0.14750256335139733,220.86774787365914,1.7858162660173331,188.28918890064426,32.57855897301486,CONTROL,1,1245,2014-09-25
3.755564681029444,-25.589200804451153,-28.310601299224025,-27.861005348001065,-13.54704386126615,0.8444266859146219,396.04436932569655,3.975158505272626,61.61393506085207,334.4304342648445,CONTROL,1,1245,2022-03-09
1.1789575632081828,-11.520534861316767,-0.5976680290387115,-5.158501969420026,-2.886643654597121,0.7069558380915163,63.300798610632285,2.4814320912114183,18.549929476990446,44.75086913364184,ENTRADA,1,451,2025-05-01
-9.944142928445254,-17.584429578840766,-15.213571841442564,-21.723589015241185,8.595369400101749,0.581071887519845,126.37429297170252,3.969018596032088,52.941744020649445,73.43254895105305,CONTROL,1,451,2020-07-24
3.7524781075415348,4.218438848937467,21.39956575819335,44.70050055771946,15.492078038614743,0.44571590598385613,173.49623579633553,3.46324870171072,96.1662038735831,77.33003192275241,CONTROL,1,451,2022-09-29
1.0677711221185326,-0.7587045803369996,0.9392118457607346,-9.117556412032712,-4.359944050148501,0.21042211694828905,29.320144969178976,2.077934644587933,23.15053799553361,6.169606973645368,CONTROL,1,451,2016-10-31
2.8397954807202197,27.956422931396663,36.2630254161278,90.6985588382936,86.06962462417877,0.9417843331960949,123.84472033481194,4.414948805286912,7.209702974434229,116.63501736037772,ENTRADA,1,541,2025-05-02
-2.7436133387681583,-0.13251677319581212,-6.284514492767013,-12.66565285015342,-50.64778060661857,0.06688302322226627,213.66301477959107,3.8160852274796455,199.37258640034824,14.290428379242812,CONTROL,1,541,2021-03-18
0.42167281969707204,-5.230147564566634,-10.311181553341875,-8.571146325448975,-21.052875944731486,0.12359504132231437,35.18638606735404,1.5098600639363249,30.837523227376508,4.34886283997753,CONTROL,1,541,2018-05-16
-1.8337580269589537,9.112217325657479,10.75889380428352,3.511494054830866,0.9973171410226911,0.8280133754850695,64.24364607337485,2.367568165435931,11.049047834691612,53.194598238683234,CONTROL,1,541,2026-07-21
1.551043020160403,-4.159580732657764,-7.628165676264453,19.620239432460718,88.44855655832262,0.814583010176285,138.63354047206894,5.921158745664834,25.70501376293519,112.92852670913376,ENTRADA,1,580,2025-05-02
-8.485439347162282,-8.774051914947067,-8.774051914947067,-8.774051914947067,-8.774051914947067,0.4452926208651327,28.405189548625376,2.9247121743126576,15.756568248347104,12.64862130027827,CONTROL,1,580,2012-09-05
-5.436177661541919,7.8073379556831135,10.196156553738955,14.462494133871129,20.72817192120935,0.7317232986988685,47.8832085380292,5.986903119003781,12.845949234296647,35.037259303732554,CONTROL,1,580,2015-05-11
-5.6544166717587,-18.183020273909722,-26.013760413556852,-39.1609487365574,-25.450906768555992,0.08432440010279377,59.0586086211852,3.762043480635391,54.07852687829808,4.980081742887127,CONTROL,1,580,2019-03-14
19.52118119989965,26.1965171555123,11.898165547759021,5.603937902309841,94.20637191927872,0.8892079375786858,138.49026512048422,8.511603313345631,15.34362209797304,123.1466430225112,ENTRADA,1,605,2025-05-02
-0.12152886436522792,-3.524873134505002,-10.674582449096137,-15.28248722479586,-15.047086720192393,0.5685767097966645,61.05163503014858,1.4147695792566712,26.339097256999914,34.71253777314866,CONTROL,1,605,2022-07-04
-18.195914547904923,-20.39923451063519,-22.315889257691346,-9.687275358237768,-7.148396133990209,0.39797339108911106,60.32653228831997,3.7147192627746723,36.31817766089051,24.00835462742945,CONTROL,1,605,2014-11-25
-3.158687733710863,-4.2111402557099,11.421250661216575,15.645575584533056,15.548728226901787,0.7966483516483485,31.947933995568047,2.108768169551327,6.496665039428528,25.451268956139515,CONTROL,1,605,2017-05-15
2.7037004637042727,-6.007641604512948,1.157409831491485,45.69764530877541,40.3999595494775,0.9030118004365869,157.60591779332375,6.0024175816810885,15.285914207313755,142.32000358601,ENTRADA,1,650,2025-05-02
-3.4759955986018998,-16.642761604751534,-24.502499490961505,-18.60028557363669,-14.475730492826688,0.13907630242748173,41.2303223397038,3.0068739204302743,35.496161560804595,5.734160778899201,CONTROL,1,650,2021-06-11
5.405278706127614,1.2549386937732443,6.333545667924767,-29.944457622306242,-54.20290444893783,0.20204762274103027,79.69406084848323,3.8738620947557574,63.59206530746819,16.101995541015054,CONTROL,1,650,2021-11-15
-2.8963264564885183,-14.811312290016199,-11.632738274102161,-17.7371570203122,-10.34730526363048,0.16652138458509563,60.86957414747116,2.957326541649677,50.733488381329124,10.13608576614204,CONTROL,1,650,2024-01-30
9.760247124570576,-8.426912999629499,-2.2038320967932012,-1.3010909281174765,36.09563708254271,0.8954365464969363,164.12126011030944,3.5029513808735264,17.16108575040857,146.96017435990086,ENTRADA,1,695,2025-05-02
-6.310076379023588,-8.321431750712982,-4.9558234797630885,28.31892784306067,93.40605634078125,0.8415934755332445,123.49217908690204,3.641531817082726,19.561966887982297,103.93021219891976,CONTROL,1,695,2012-11-13
-0.7438384727342928,3.2585332840384673,-0.01044060392585422,7.052385116645965,15.483878388684591,0.9347371013422016,42.39411650473204,1.8469691177783454,2.7667629291352287,39.627353575596814,CONTROL,1,695,2014-06-27
-18.5609432127265,-8.531446005125565,-2.51786020857403,23.809752298171727,-105.30380742847179,0.3385584660805821,183.16957513949487,7.169308666496345,121.15596474763555,62.013610391859295,CONTROL,1,695,2020-10-22
-5.847475666589386,-7.799332232509837,4.429543733159846,-12.26255227038231,-41.53072491750231,0.07264927585782248,94.88104046313767,2.3938748391624496,87.98800158085396,6.893038882283705,ENTRADA,-1,550,2025-05-06
-3.7802833568911787,-7.582967139211361,-5.927070862814521,-9.9692205055113,-11.609897342734765,0.21342592592594928,27.31939791082539,1.2068255908196104,21.48873011596804,5.830667794857353,CONTROL,-1,550,2019-07-12
-14.21586375708106,-11.851581122304111,-18.352329399483615,-25.263188743260834,-29.672622495269252,0.5420927467300882,84.23471939455173,3.454738442637476,38.57168898792096,45.66303040663078,CONTROL,-1,550,2013-05-30
1.0189920144765274,-7.010265050622078,-1.4262400217401883,2.6429232356117716,25.191286409949054,0.8828336174990788,66.21947113231599,1.865248967322181,7.7586958836976425,58.46077524861835,CONTROL,-1,550,2023-06-09
-26.5010234638996,-1.0870705462628916,-12.12091423950401,-61.63920877466755,-40.392935654861574,0.03690639149204042,125.26869618371322,5.317187531883625,120.64548064065963,4.62321554305359,ENTRADA,-1,710,2025-05-07
-1.6342874519359452,3.4929926264948286,-0.5085584568975676,-30.1355190203656,-12.367827374041296,0.3166737861312774,71.08035202131815,2.6886608135476524,48.571067827183334,22.50928419413481,CONTROL,-1,710,2014-07-25
-8.172866254338995,-8.514884870242101,-21.107308809622527,-41.92288565236013,-38.877963534273974,0.08958208955221773,57.09834721590164,3.0166252235869395,51.98335796232311,5.114989253578523,CONTROL,-1,710,2017-06-09
-0.6724153869341887,-19.31705630664471,-40.74866098542351,-22.369977386508253,-67.87785608124652,0.26672827120075626,150.7999872435531,4.17028499699029,110.57736734898407,40.222619894569014,CONTROL,-1,710,2025-12-15
9.004412206534695,3.1986232215297505,-1.4781461604185253,41.664520670769974,119.4375037725881,0.9376748346287291,169.20771622282936,3.4105465116643034,10.545898895682907,158.66181732714645,ENTRADA,1,760,2025-05-08
5.2767038109324815,4.777773232864657,19.518526369479705,-8.143355906581329,12.813907864899221,0.9015767323878613,93.46761916956426,2.603656093373622,9.199388494595489,84.26823067496878,CONTROL,1,760,2023-09-22
0.08138846351091189,1.2801720077604273,-21.94125634659261,-40.55832842504326,-54.387782757049365,0.048670490093848134,283.82145913677476,6.175335056403152,270.0077296214368,13.813729515337917,CONTROL,1,760,2022-03-07
-9.308562072123383,-32.67099535917528,-32.69430543777929,-35.013113258478555,-49.000917818687874,0.12011167613919804,117.65619566803811,4.66101705881353,103.52431279818859,14.131882869849509,CONTROL,1,760,2015-09-03
6.090988182401169,2.7307925447872528,0.9706452751534478,8.791308335101,21.864259290782506,0.901425164193488,42.23236868198299,1.6811539237465052,4.163048808546555,38.06931987343644,ENTRADA,1,430,2025-05-09
0.07294469894114641,-0.36657775909110235,-0.24875212467967422,2.8156892826070035,5.413890324650339,0.8910150804714594,14.759036426258817,0.741925170248944,1.6085123972346165,13.1505240290242,CONTROL,1,430,2017-02-28
0.0,0.0,0.0,0.0,0.0,,0.0,0.0,0.0,0.0,CONTROL,1,430,2012-03-16
2.5118839265236836,-2.770660134089331,-8.774892144775004,-19.448070400522877,-22.192199208340703,0.30593986349381824,49.05766923131265,1.964387138729343,34.048972603359964,15.008696627952677,CONTROL,1,430,2015-10-16
2.222109743836853,1.3838643795049954,14.65095908433467,13.429567055061042,3.960092550723271,0.7040095869812352,64.99690571249144,1.7923176510520067,19.23846096678206,45.75844474570939,ENTRADA,1,541,2025-05-09
-7.438353437896339,1.6870354384845854,6.560727754063578,15.627540623808223,20.057873556162953,0.8091645711092502,50.901192167360335,1.8913927948344147,9.713750838308682,41.18744132905165,CONTROL,1,541,2021-04-29
0.0,0.0,0.0,0.0,0.0,,0.0,0.0,0.0,0.0,CONTROL,1,541,2012-06-01
-3.4348499879799377,0.0,-5.656142874169712,4.246310259690134,7.283621721736466,0.6667543859649036,23.0416143682649,0.9573461761687285,7.678516928512337,15.363097439752563,CONTROL,1,541,2016-12-22
4.727850082122398,3.767098929439161,-1.628614853750321,26.60091654443919,48.18966129394697,0.8380706586566666,110.15845434421864,3.0440197485815914,17.837885955358992,92.32056838885967,ENTRADA,1,550,2025-05-13
0.0,0.0,0.0,0.0,0.0,,0.0,0.0,0.0,0.0,CONTROL,1,550,2012-01-24
-1.582486307537545,1.1096215905448403,2.534603833188598,11.727572344986115,12.995307426184599,0.9255647363381637,44.63159427492537,0.8412214341420688,3.3221644875021723,41.3094297874232,CONTROL,1,550,2017-11-20
0.0,0.0,0.0,0.0,0.0,,0.0,0.0,0.0,0.0,CONTROL,1,550,2012-05-22
10.033164435045983,2.1064516520064025,-0.7072970468890993,18.89728899637566,39.53131109451613,0.9692258275732137,229.02342200651904,2.9947387692762586,7.048006278601243,221.9754157279178,ENTRADA,1,735,2025-05-13
0.5002459325953446,-2.091395408243546,4.98520395366242,6.0062562569229705,18.164318289100034,0.9426283560998581,68.95902534619441,1.4962982793288944,3.956292645862725,65.00273270033169,CONTROL,1,735,2021-10-19
-1.3190348777503136,-2.8197849032829403,-8.25219603530658,-13.406202356487373,11.527704730740496,0.5824911725313442,72.39195488246884,2.983340668653888,30.2242802011434,42.167674681325444,CONTROL,1,735,2013-11-14
-5.132309809535718,13.090599166594163,-2.431750988698411,23.95536924077124,82.75440910575193,0.9194764093969204,151.91614534881992,5.114629375620074,12.232833494066298,139.6833118547536,CONTROL,1,735,2018-11-01
6.88887773670821,-0.14677910887384016,8.170908242546293,1.8289843626773106,26.051740193699935,0.9851147976312241,248.73449381799176,2.0760346853109786,3.702463276575851,245.03203054141593,ENTRADA,1,830,2025-05-13
-6.56018115818835,-16.08606521027567,-14.60006685627957,-18.32634560123836,-34.139947130330526,0.020549412873923995,174.5592629221288,3.189975427998157,170.9721725573741,3.5870903647546766,CONTROL,1,830,2017-03-21
-0.07347639800370231,-5.2416674928479345,-5.122391183611796,12.52281499638741,26.861191391802652,0.9436082305297384,196.1788318452725,1.5615213055149304,11.062871460363809,185.1159603849087,CONTROL,1,830,2015-04-06
0.1264489081242992,11.758737240807893,39.48428494523925,57.308983041377545,71.46562801589207,0.44749097464450016,183.8543875943196,2.5987091771877497,101.58120849706982,82.27317909724978,CONTROL,1,830,2025-09-02
4.831984298727665,-0.9010780977070088,4.648762731798151,5.207844413088747,21.863732047477935,0.9065654454014398,78.58015218233732,2.3530766770173375,7.342101519443769,71.23805066289354,ENTRADA,1,750,2025-05-14
3.8426822866499677,9.402476613633581,14.27548198156936,-4.259623850240146,-13.669652656790321,0.5240664031954608,94.01492581574222,2.7303812899850763,44.74486179679812,49.2700640189441,CONTROL,1,750,2024-10-16
-9.878148999380443,-5.1451429650684055,-0.45560675669742423,0.3837010508367378,28.554024061213656,0.7751406899926466,65.33858440048074,1.6730873578713679,14.691989005149326,50.646595395331424,CONTROL,1,750,2020-12-04
-3.954048336460847,-3.5856356935415334,-8.709752281533811,0.6311881041165535,35.601831177083376,0.7662838263058468,79.43719571701585,1.9468917400296268,18.56575743197452,60.87143828504134,CONTROL,1,750,2023-11-28
5.493445193025526,5.7236442381825015,4.847065323547728,5.185746685314463,10.053358616577412,0.8380925723574886,87.18003586141717,1.3610294020675784,14.11509534810395,73.06494051331322,ENTRADA,1,1265,2025-05-14
0.0,0.0,0.0,0.0,111.79568968235465,0.7325352589623186,260.0887552907183,0.0,69.56457158064485,190.52418371007343,CONTROL,1,1265,2015-09-01
-1.1569690950163913,-3.492219303787847,-1.0020898473128703,3.5452794809276433,-6.865187370961312,0.03596660244059013,162.44018473180458,0.9160176753706274,156.59776318717974,5.842421544624834,CONTROL,1,1265,2013-09-16
-0.10941688187604548,-3.9374998461916277,-4.175291135640746,5.509498616467212,11.329385803242609,0.9444979093382919,164.86021977168159,1.2011561104617552,9.150086864276993,155.7101329074046,CONTROL,1,1265,2014-02-13
11.832710498600463,3.6245791091116253,-17.454129581941924,-37.235020976094106,-7.866397111458978,0.6861521978512579,157.45648613318173,3.624356433688036,49.417372106962965,108.03911402621875,ENTRADA,1,871,2025-05-15
7.5162202369361,-8.28200821201941,-22.636029725804363,-36.4853128198761,-39.536262892890804,0.056721194879090345,218.85738079394264,2.4673209583708315,206.44352864720216,12.413852146740506,CONTROL,1,871,2012-06-21
-5.139981283839301,3.0787198992054954,-0.4040370828017892,-8.062023705774912,-12.787939094900391,0.7883324728962303,80.96394324916703,1.6924796617365687,17.137437652121136,63.826505597045895,CONTROL,1,871,2018-06-11
5.102154301528383,17.534188453149913,13.225883073830769,17.467489530524904,-0.829611159874899,0.15183820485219918,221.43746413123793,3.7315455293560724,187.81479709052752,33.62266704071041,CONTROL,1,871,2015-03-25
4.377203103347327,0.6864768227798912,2.1158481092320436,9.772460206443068,5.802012012940949,0.9155652497554746,54.02267209968749,1.7838305032833102,4.561390826279006,49.46128127340849,ENTRADA,1,440,2025-05-16
1.016273349221386,-10.495445765056344,-18.078674020459708,-22.74122357776576,-29.077470171439135,0.12992594743720365,62.48538688452942,2.367468849681187,54.36691379257671,8.118473091952705,CONTROL,1,440,2022-12-27
0.0,0.0,0.0,0.0,0.0,,0.0,0.0,0.0,0.0,CONTROL,1,440,2012-11-27
-1.022218319135515,-0.3520819852953494,5.263886997415312,10.992966002345561,-6.601897284791436,0.6601046457752008,34.54155184076378,1.155836792117394,11.740512998390669,22.801038842373103,CONTROL,1,440,2025-12-04
6.263210074659575,-4.7078584958104575,4.3396811541640545,18.66166918449874,24.62566633111729,0.9551112863242467,209.19139006133395,2.3808810424716413,9.390332411896038,199.80105764943787,ENTRADA,1,1200,2025-05-19
12.979253514480149,11.780835483192753,10.073457199926139,-35.5154067193797,-22.120618628623802,0.3858587703477019,74.69640356965688,4.45452940549518,45.874141138873384,28.822262430783493,CONTROL,1,1200,2017-06-06
4.741976895583644,19.91122707700299,10.537376938455356,17.79107560494042,18.2632846724351,0.2930122848399293,389.23265727627165,3.090078011801768,275.1827070334342,114.04995024283751,CONTROL,1,1200,2025-03-03
9.497727544800494,-6.619563704952647,-3.780854450836646,-10.728877506953616,19.432209609764328,0.7313151221363502,382.63781255570797,3.1519221580052177,102.80899393254452,279.8288186231635,CONTROL,1,1200,2026-03-23
5.983628181551737,-1.7914106587846312,7.528606629976231,6.066674388143234,68.42216655993826,0.9425877732932368,149.51522825099897,2.8121556248546344,8.584002180459787,140.9312260705392,ENTRADA,1,750,2025-05-21
-0.29443848785115634,-1.5821038918084618,-2.804839640713208,-10.887465975174537,-7.348593146289106,0.523152930608577,53.29972326755031,2.883344543568891,25.415816839505208,27.88390642804511,CONTROL,1,750,2014-11-11
13.436243604771914,24.137675446893603,24.10206887536681,38.23636542999998,-20.96914459327359,0.6703905075110231,142.94886998789627,5.161788912939039,47.11730448858322,95.83156549931304,CONTROL,1,750,2014-12-12
-1.1005643126937859,7.174518036201505,-4.241806499225564,-11.333814447822554,-18.126734749612794,0.45674894374027714,74.54491671051757,3.7416475550027797,40.49660474178173,34.04831196873583,CONTROL,1,750,2023-02-01
-8.29924090414047,-22.39464895190335,-23.259931590421388,-14.027802720165683,-190.77076556431538,0.08725618253208582,243.27218811153514,5.604774260532726,222.04518566069515,21.22700245084003,ENTRADA,-1,541,2025-05-23
3.60381883969918,2.465963829845208,4.0418870269220974,3.7032595239394617,2.8087930818343487,0.8040608789440397,50.03610230147572,1.907154862859521,9.804029906017266,40.23207239545846,CONTROL,-1,541,2025-08-20
-0.6113822723519124,-1.2186281943049604,0.40627541125770605,-2.6420159739426463,5.487504849837066,0.8396946564885263,26.609958340181226,1.0528255068558139,4.265718512548756,22.34423982763247,CONTROL,-1,541,2016-12-29
0.24151103019676157,-7.569526551174377,-3.1428665714561266,-0.5001336785870336,-7.839196238214052,0.2806389517409218,42.314854470253884,1.4605526236492776,30.439658068652175,11.875196401601707,CONTROL,-1,541,2018-01-29
5.02094743964232,10.150800491159906,1.6511946135033817,11.61354400398329,36.65866847163856,0.9447371776678241,114.02196073347687,2.300697230632054,6.301175357980475,107.72078537549639,ENTRADA,1,675,2025-05-27
-10.40032507445332,-19.989332171312935,-16.815569154069454,-0.5388931546490561,24.862379417460723,0.7078311564549616,122.4692110659618,3.0189069365451084,35.78168776701528,86.68752329894653,CONTROL,1,675,2013-06-27
-20.245596890196005,-10.986799255678914,-28.78083972528089,-42.825287913791364,-62.875114998101054,0.045389899234423665,95.84182024924188,4.427173574536752,91.49156968568505,4.350250563556835,CONTROL,1,675,2021-06-08
20.518563589118077,14.672709630150216,35.02411728543375,26.2539659690475,86.37217006459474,0.9591618183699944,110.33238622386823,5.83027940289862,4.505774028282267,105.82661219558598,CONTROL,1,675,2024-11-01
-4.301517866659443,-4.772858305307492,-2.3456802288190914,-2.45492857147811,-1.9670275374517043,0.9329666966802641,158.74120595597913,1.245082271153859,10.640947408187808,148.10025854779133,ENTRADA,1,1201,2025-05-27
28.618540173186435,24.56544811735073,24.177932716467065,16.53943126830315,61.445557895329905,1.0,69.83470350049824,5.826193376259223,0.0,69.83470350049824,CONTROL,1,1201,2012-09-24
3.3565409675251345,2.9361222847201773,-1.4354179457620742,-5.880445329596862,-2.883218984843783,0.5959378134403254,174.05559129582505,1.1467564212137806,70.32928280192814,103.72630849389691,CONTROL,1,1201,2024-04-22
1.575356543044304,0.9218351568951455,2.681927712149257,4.190296412618366,9.546508292681555,0.7246171171171208,120.36973026607428,0.4813042892534379,33.147763332506095,87.22196693356818,CONTROL,1,1201,2014-02-24
1.5254574655676478,0.4658834172599491,22.372134359716078,63.80363466519378,120.72320223791122,0.9553876136077905,205.2335116863322,3.797809730091883,9.155956723980704,196.0775549623515,ENTRADA,1,1201,2025-05-28
0.3267242997462283,1.9606660970938883,6.211414651322578,9.809388168233735,16.034637434758636,0.9898831503869788,32.294008284477776,1.1308314226677842,0.3267136252157218,31.96729465926205,CONTROL,1,1201,2017-10-17
1.7534428924559364,8.360417694925903,11.272370055093184,6.995426253784132,-15.740201427999478,0.5871248526611653,161.80193574032228,1.246945549364808,66.80399805849422,94.99793768182806,CONTROL,1,1201,2022-08-16
-2.2124485316210585,-5.086559455165229,-5.664268623705171,-3.532543603653737,-9.206199292919326,0.561900481201408,76.85743439715465,0.874501473853262,33.6712050254878,43.18622937166685,CONTROL,1,1201,2025-09-30
10.239466587012025,9.267717793208785,-4.9980045194752964,9.532512151204653,16.344151289198194,0.9563739184707929,230.5081015607425,2.0973400665247808,10.056165231831708,220.45193632891076,ENTRADA,1,1395,2025-05-28
-0.49097002558951,0.5523989111910765,4.282688444623428,-3.1214411640168027,-5.748996130046091,0.6027456558036027,124.06040792866604,1.0639475646389238,49.283535992439745,74.77687193622627,CONTROL,1,1395,2023-05-04
0.0,0.0,0.0,0.0,0.0,0.9923604060913609,66.98209453009689,0.0,0.5117160013600182,66.47037852873687,CONTROL,1,1395,2017-06-07
-4.779892279833664,-2.280083538679367,-13.365164182518319,-9.829964883989462,-43.754006408602834,0.5427601638349562,153.04296605652607,2.4323939061878677,69.97734072589833,83.06562533062773,CONTROL,1,1395,2026-03-24
-15.001621606542948,-11.254029640261898,-11.676824069215552,-10.951341278558901,-20.6680916627866,0.07082337419791349,274.49993072067264,3.398817207736235,255.05891940994107,19.441011310731525,ENTRADA,-1,1265,2025-05-29
-0.6657084530869994,9.583506786372542,9.008175182829703,24.717055239646957,28.82860671980847,0.9918852144204283,450.8485013920575,2.2868209186119945,3.6585389176677814,447.1899624743897,CONTROL,-1,1265,2025-04-24
0.0,0.0,0.0,0.0,0.0,0.4280005167736135,279.10057043680496,0.0,159.64538205804212,119.45518837876284,CONTROL,-1,1265,2016-01-27
3.9572777749730115,3.001786062706291,7.113061921313335,3.411260160437468,0.9562826062015084,0.67721266214034,78.55362786567484,0.6521856883215473,25.35611641797959,53.19751144769525,CONTROL,-1,1265,2019-03-18
-10.975284030844135,-7.284911677559736,-18.530742856627256,-26.485860680393046,-32.04334838845413,0.04428452714453006,274.70004727889744,3.9703006275290065,262.5350855785714,12.164961700326025,ENTRADA,-1,1280,2025-05-29
0.0,0.0,0.0,0.0,45.1134792447605,1.0,94.64902032001682,0.0,0.0,94.64902032001682,CONTROL,-1,1280,2017-04-27
0.0,0.0,0.0,0.0,0.0,0.09428125095722227,61.10047863008548,0.0,55.339849070755996,5.760629559329486,CONTROL,-1,1280,2017-03-07
6.835803807812013,8.684131585556809,3.2771670299047706,-0.4906976895635573,6.419395183272503,0.2045994890113736,173.40271602449195,1.7415126623360861,137.92460893269657,35.47810709179537,CONTROL,-1,1280,2024-08-26
15.362482309999592,0.3690167712022685,14.584689705567921,40.948869889432245,61.243326982440834,0.7982616589437131,138.24693812842554,4.98819994272804,27.889707954139705,110.35723017428583,ENTRADA,1,675,2025-06-02
0.9641074339450384,7.532225737132414,11.240527960583169,14.598198261452922,23.039968047897652,0.9080786722381805,53.2881814461281,1.3986080039756206,4.898320392540848,48.38986105358725,CONTROL,1,675,2025-06-26
0.076468740841662,23.24670734878742,11.374561999362154,54.95211431085334,63.2931409704085,0.44779252855819457,247.68035760180234,15.091932580794127,136.77094399709344,110.90941360470892,CONTROL,1,675,2022-04-27
-0.47493615762062014,11.814839877828387,28.68920032976119,16.9445003568236,39.02524904270788,0.934330839567749,43.951948792142524,2.2101777567681475,2.886287576541291,41.06566121560123,CONTROL,1,675,2012-08-15
18.461370302054192,10.623522504222827,7.898398678896079,7.477877303638802,43.253175809236936,0.9888864048993339,137.88356959387545,3.6257673131693244,1.5323821635008519,136.3511874303746,ENTRADA,1,775,2025-06-02
-5.043514732095966,-1.5523927301863694,1.7522653538315502,-2.6220044909697204,1.6788047749405344,0.9095931159035363,98.74960528483068,1.3469399106310622,8.927644119557224,89.82196116527345,CONTROL,1,775,2020-05-25
4.354415461091943,5.991920089987168,3.696192822033595,15.392860264618058,32.56629727031557,0.9909081262979194,142.44474136836152,1.6906929169397495,1.2950895980466803,141.14965177031482,CONTROL,1,775,2025-08-04
-3.2969127154214295,-3.7469384770982828,-10.384338928587367,21.850331844066595,36.549931182137115,0.493359567142149,144.5600776079672,2.4935512529077557,73.23998029326505,71.32009731470217,CONTROL,1,775,2013-07-05
12.636245440782456,11.175403714371868,1.2565108202333697,7.725088730949903,41.32446875415363,0.9704030604917183,178.1904013144987,2.495174165422823,5.2738905286616555,172.91651078583703,ENTRADA,1,960,2025-06-02
1.9643663936186329,-0.5106088814532672,22.202888737545834,42.404638870261465,60.69970638097777,0.973618439322403,141.44588251468164,3.5055729910735622,3.7315631321573264,137.7143193825243,CONTROL,1,960,2012-06-12
-21.122526787206162,-32.54778753658538,-46.14733020550932,-78.90984418470914,-52.22648356432269,0.4169635209536197,194.93363678578444,6.046598650786045,113.65342123928974,81.28021554649473,CONTROL,1,960,2025-11-18
-10.881263138478037,-11.053790681618825,-32.91645476339977,-68.68758123379726,-58.61554886585796,0.03601437755973141,220.80000774621686,4.569054535229312,212.84803290205303,7.951974844163875,CONTROL,1,960,2017-08-10
0.0,0.0,0.0,0.0,5.1249504873318585,0.9996318709026711,184.33120608800454,0.0,0.06785768050672411,184.2633484074978,ENTRADA,1,1083,2025-06-02
-1.2987318408475002,-1.2987318408475002,-1.2987318408475002,-1.2987318408475002,-1.2987318408475002,0.4299249901303512,2.322707413049037,0.35164923605563114,1.3241174514182363,0.9985899616308008,CONTROL,1,1083,2024-12-25
-11.118634345074208,-11.118634345074208,-11.118634345074208,-11.118634345074208,-6.997995345271457,0.9327783110913387,200.04812102583148,2.5923893325895864,13.447572558360662,186.60054846747082,CONTROL,1,1083,2024-11-19
38.43874847875517,38.43874847875517,38.43874847875517,38.43874847875517,22.436437361061934,0.9916876745928987,238.69408946303986,6.598117343264638,1.9841029443685259,236.70998651867131,CONTROL,1,1083,2022-09-01
7.530475043409091,2.477825455928784,9.702700910660944,41.78490812868807,44.98503261682663,0.8921993117161812,111.6641160595903,2.968637751869013,12.037468567828066,99.62664749176224,ENTRADA,1,640,2025-06-03
14.34165589415004,12.824308766243853,29.4384577033191,70.63457768385683,100.30001767126873,0.9613833434160118,154.7242252848984,5.09623796599922,5.974932273050547,148.74929301184784,CONTROL,1,640,2023-03-23
16.22507325198752,43.80899910863878,74.00219203462788,115.29219870575646,99.18203492006671,0.9585352572828764,276.221717073308,7.356747746786786,11.45346243132684,264.7682546419812,CONTROL,1,640,2022-03-15
4.430626028193441,2.657904569667302,18.364480933346083,41.29866514052338,27.26226608898541,0.8683943089430809,75.78791706460396,3.424785754359715,9.974121199051671,65.81379586555228,CONTROL,1,640,2012-02-27
-3.7179350027793934,-4.41497069630814,-7.350587306528267,-1.3903956894423253,8.933227864682536,0.839118795439016,166.25110584607793,1.8627462449479653,26.746678168112663,139.50442767796528,ENTRADA,1,1201,2025-06-03
-113.52109684762523,-127.97609269010968,-162.95591896625882,-195.62418607962596,-249.58218831543365,0.0,404.06077363528885,21.228349417836263,404.06077363528885,0.0,CONTROL,1,1201,2018-03-22
1.9072038375900213,0.7218155225419132,1.754923342576209,1.5329152281751135,9.947172940347748,0.1597847783633074,175.56729324773804,0.6841002255487514,147.51431220830244,28.052981039435622,CONTROL,1,1201,2025-01-16
2.9841121866147624,3.584483952683293,14.734462552634664,14.570656333796617,15.864537150793723,0.9545777320698347,136.12491800306103,1.0927798333138827,6.1831024975068205,129.94181550555422,CONTROL,1,1201,2013-05-23
4.578964997348223,-2.9038851738194538,-5.50541179955899,15.991644459121268,-6.445068303831958,0.8161678510639635,69.49578310352875,2.6581327771612435,12.77555914991439,56.72022395361436,ENTRADA,1,700,2025-06-04
-2.7979771699804257,-19.195535389668894,-28.986176687821885,-10.79594043587484,12.595985040819713,0.462748019952881,107.34224553327839,6.425624327824193,57.669833955457825,49.672411577820554,CONTROL,1,700,2024-09-12
22.405758438734935,38.265227400371415,22.978809751019735,91.79793656456158,7.40877987354116,0.7511844023323584,139.14137878381766,4.032961205505543,34.62054532239531,104.52083346142236,CONTROL,1,700,2021-12-21
6.73787537058379,16.93284723873978,20.347650077234825,21.699986148946415,93.39442781157948,0.9871794871794867,132.68220768451138,2.280663522007697,1.7010539446732849,130.98115373983808,CONTROL,1,700,2012-09-06
7.139762675025807,13.462967085742239,4.927144209796452,0.9212816003612012,8.570322978229683,0.7118371293653164,69.54620789595572,2.2175630630271357,20.0406349090551,49.50557298690062,ENTRADA,1,770,2025-06-04
-5.792650531791788,2.32408758122693,15.465612841010223,11.19297932389074,30.168247317710062,0.7259804761089242,100.12689484875561,2.7269517395218923,27.436724055147813,72.69017079360779,CONTROL,1,770,2020-08-25
-2.8316263949446085,-5.546334026155231,-6.514366082153167,11.170352443972131,-2.1312501124004513,0.4878494427187978,58.774903556482585,1.382215984837033,30.101599610601465,28.673303945881116,CONTROL,1,770,2014-06-03
-2.3062559004793926,-1.9011122694967408,0.5016639668342648,5.300664385399223,11.92468424040971,0.6579552925706864,38.05449461173009,1.3215387615006737,13.016338475839612,25.038156135890482,CONTROL,1,770,2021-11-03
10.116833718656348,14.327846758945828,28.29816493208348,56.23093951884872,25.313713218657607,0.8350416351628122,91.516708050836,8.17578983261486,15.096446515348209,76.4202615354878,ENTRADA,1,661,2025-06-05
-4.67811178471611,15.282068869080234,61.87924958399815,-48.028564597050185,-73.13830291721169,0.36199293361315094,191.8133708844497,8.33562032993453,122.37828605176041,69.4350848326893,CONTROL,1,661,2014-10-10
-5.246799516791523,-8.024372944741565,9.676018105393425,26.631477228502565,53.42474684876697,0.9141680432667357,142.58330319222497,2.2648707017649246,12.238203910480959,130.34509928174404,CONTROL,1,661,2013-08-22
-14.338083329501483,-12.502771710668492,59.22077567139805,111.59109025046243,182.24778541437115,0.8616446783785646,231.08140458130052,7.093367472583987,31.971342051578876,199.1100625297217,CONTROL,1,661,2022-06-07
6.8196200169268195,13.714835678946269,21.141405895439558,-9.274810025088343,-19.78273899439276,0.8065443922418897,121.94508357924533,3.4406682438971723,23.59096025693647,98.35412332230885,ENTRADA,1,710,2025-06-06
7.19369111870094,18.11512145480254,35.49469816621631,38.907835093660026,57.7802319860643,0.9782632787144844,99.50972183121829,2.809350082932284,2.1630150886443795,97.3467067425739,CONTROL,1,710,2025-12-01
-2.9205338120952273,17.852274355107944,18.006583416383393,53.0043501251809,12.300312357118592,0.8791208791208791,139.91906220401737,5.858493471893629,16.91329323345265,123.00576897056472,CONTROL,1,710,2018-02-12
-11.74549221922172,-9.76964374125644,-18.233510041789636,-72.22026952074634,-50.13559711362747,0.21977174429776367,108.94859246015888,6.551868936691719,85.00477025640357,23.943822203755296,CONTROL,1,710,2026-05-04
5.0189104886433356,11.211742478995923,-5.360186842628956,19.541319511677813,29.154090462142346,0.8495277399068956,74.56995674380096,2.356363264897534,11.220709926284766,63.349246817516196,ENTRADA,1,670,2025-06-09
-1.168701203326794,-3.613935989313921,12.628503184886064,17.934352536106424,-78.27628204920667,0.26847967597280364,150.32885115747587,3.9055109698354826,109.9686099093529,40.360241248122946,CONTROL,1,670,2014-03-21
-1.3804363524805296,-3.797007592289958,0.8629663016845868,0.861240220435544,16.421868466365286,0.8116900175131192,39.41689911534628,1.59405196306179,7.4225955820980065,31.994303533248278,CONTROL,1,670,2017-05-30
11.61901295134049,7.652905863020365,-5.484875519978782,9.493921863865662,-16.385355854450225,0.24892174200690173,101.01693603895109,3.096029012774841,75.87162434793561,25.145311691015475,CONTROL,1,670,2021-08-31
9.498667070115818,14.820597645361921,15.585069983763411,32.59180038299725,29.68932978923089,0.9917208078760424,80.29400551191718,1.5113310159323956,0.664769498035269,79.62923601388191,ENTRADA,1,1280,2025-06-09
3.1965910135700604,1.345543765542967,1.1989818246349593,3.064636243002017,-10.234252743860361,0.8939816360601002,159.57866968667327,1.0348371502315532,16.91826947988679,142.66040020678645,CONTROL,1,1280,2018-09-11
2.5436037268877776,5.4576194856093,10.424263714778892,5.966792066838256,11.953454089952409,0.9156995281214055,99.6966252418986,1.42661804689208,8.404472552595447,91.29215268930315,CONTROL,1,1280,2019-10-14
0.0,0.0,0.0,0.0,0.0,1.0,100.87847896045649,0.0,0.0,100.87847896045649,CONTROL,1,1280,2017-01-12
8.07521527939059,12.66238498999206,-1.0327525201847543,7.805861758789501,42.70338339479984,0.8966136925444123,118.1949176673122,3.665083277979199,12.219736097640613,105.97518156967158,ENTRADA,1,960,2025-06-10
-3.1884586828123673,0.07905986526113296,-6.052272582075524,-17.84452400397374,0.6008863299267198,0.3617448517474396,52.87030218700434,2.684049154222502,33.744742560524124,19.12555962648022,CONTROL,1,960,2015-03-19
-7.2292323869604935,10.417634848343127,24.821113459636557,15.615192070737027,46.094232779763104,0.9224386724386686,107.24026539257521,3.863860040990017,8.317697351877637,98.92256804069757,CONTROL,1,960,2012-06-22
-0.12594613396088583,-10.160256579283544,-64.4052633506964,-106.98109262142097,-58.877889938077075,0.0334957540944135,500.75234018554,7.525518742670615,483.9792629364831,16.773077249056943,CONTROL,1,960,2025-11-20
3.897797982725937,-5.811285143463296,-12.517638232451,47.11163401587726,51.78608594432754,0.7555270929889748,103.20983546817087,3.5503184683032196,25.23200850903335,77.97782695913752,ENTRADA,1,541,2025-06-11
-0.8096321525508099,-1.907229084283646,1.5098338221997132,-8.076724771548527,-15.210125832960664,0.10216586528232072,32.252043800529194,1.8574423505462632,28.95698583852482,3.295057962004372,CONTROL,1,541,2018-07-10
1.0483296792784813,-3.4329665325671943,-6.734417717831898,5.200846430397643,16.228175442383197,0.6860990162876901,63.69721174469281,2.7812861066080847,19.994617426390374,43.702594318302445,CONTROL,1,541,2025-02-05
2.228825786827482,-5.565269773324388,-16.54027278342296,-12.913990957509336,-17.836482011757138,0.0893269029146664,46.814544608547905,2.333214629134931,42.632746327305824,4.181798281242078,CONTROL,1,541,2014-09-11
6.423637166721452,-11.89144419414312,0.48422364391509376,8.446110279587415,4.377431774003071,0.7659936883525134,103.19868737232706,4.306886531991943,24.14914419886031,79.04954317346674,ENTRADA,1,680,2025-06-11
14.89278498580715,-20.57117183743573,-18.008667060869232,23.493990681890953,-39.51710178676904,0.2336404862449732,133.52925777660343,5.332178338116902,102.33141706174743,31.197840714855996,CONTROL,1,680,2021-05-06
0.0,0.0,0.0,0.0,0.0,,0.0,0.0,0.0,0.0,CONTROL,1,680,2018-12-25
6.394282415358443,3.8721319739476456,-3.5772298370173594,2.0818115412724048,3.433626896256481,0.383855024711712,44.32970491899176,3.3328734237911615,27.313524941849277,17.01617997714248,CONTROL,1,680,2012-03-21
-1.334730950646179,-8.783791180090317,2.9494051826528533,2.934268533032469,-23.943393055382288,0.1526943118973071,137.76427200992197,1.673905563996803,116.7284512913335,21.03582071858848,ENTRADA,-1,1200,2025-06-11
1.8244005293999166,1.9798951089122774,10.72427446340507,2.014498785694041,-3.784186686544011,0.16061081578615397,107.98209593878242,1.2124259658679262,90.63900341975584,17.343092519026587,CONTROL,-1,1200,2025-07-15
2.3684946228819115,-1.2575046360663311,-0.36846591391359595,-1.8058274110965833,-7.44378125254741,0.9209464526773713,161.0919847434984,1.1114077847903518,12.73489283921634,148.35709190428204,CONTROL,-1,1200,2021-12-27
2.3821088735398455,3.2278177266742425,2.8873894197634087,-0.8770533346769138,15.802645825062633,0.6998300141011012,275.2009492144236,0.8398640164070391,82.60706504505707,192.59388416936653,CONTROL,-1,1200,2014-10-16
-14.290619360111112,-5.77831172393628,2.2480144627556875,-4.336863590999052,78.06748614851867,0.8993231264613613,148.28503610821838,3.43607801927898,14.928873827939581,133.35616228027882,ENTRADA,1,690,2025-06-16
13.299448933195013,24.47736033131198,12.447890187754496,37.927378525703936,-40.20807962390238,0.48700727117315695,121.6431362020416,2.7130679088245584,62.40204438334067,59.241091818700944,CONTROL,1,690,2026-08-24
-2.1817061244022717,6.490320027854324,8.597974896071836,17.288719672579056,84.68961073732073,0.9711218173240443,150.98067613977045,2.401800066923713,4.360047546103589,146.62062859366688,CONTROL,1,690,2015-08-05
-3.0424266394879496,5.290622656806132,7.04270927315509,19.859194120763757,71.41653001486503,0.9375534644995698,88.94197848349611,2.6648564040503273,5.554118416848138,83.38786006664797,CONTROL,1,690,2012-02-28
0.0,0.0,0.0,0.0,8.115914156485715,0.9523736864264309,161.9217416452795,0.0,7.711735641976514,154.21000600330296,ENTRADA,1,1083,2025-06-23
-0.7032233797255039,-0.7032233797255039,-0.7032233797255039,-0.7032233797255039,-3.431074180805238,0.8703974442278454,86.29928721779355,0.28646196562469073,11.184608184741275,75.11467903305227,CONTROL,1,1083,2014-11-24
0.0,0.0,0.0,0.0,4.338420823819522,0.9847255203848195,172.36657307231542,0.0,2.632809706731601,169.73376336558383,CONTROL,1,1083,2024-07-02
3.6634594461770753,3.6634594461770753,3.6634594461770753,3.6634594461770753,5.195045498158635,0.37915255527226654,116.6860197957506,1.2052594974757462,72.44421722564148,44.241802570109115,CONTROL,1,1083,2024-03-06
3.7889645211564016,8.790816741246488,25.632033007998434,28.96094767783408,37.76229695543476,0.9296110148036346,72.39463005069277,2.3337290872373133,5.095784542934565,67.2988455077582,ENTRADA,1,690,2025-06-24
9.15665985069758,19.010670053545287,-7.317680052921771,-31.929949101792143,-1.8366731423236082,0.31771217712177696,79.71655030305499,5.170526697853553,54.38963155363374,25.326918749421253,CONTROL,1,690,2018-01-16
-0.20323517310849581,7.348006010843289,46.07486411630557,64.14563461248024,60.96546122710045,0.9346053446002246,87.81592190884376,4.685773287022937,5.742691951842426,82.07322995700133,CONTROL,1,690,2015-02-04
1.174080781594089,-0.7312792690306047,3.7328020419269414,5.96853876166259,98.90867583727258,0.9619177548236193,187.99941581315758,1.9827709305309826,7.159439846013007,180.83997596714457,CONTROL,1,690,2021-05-24
1.0081110487925038,-6.042615802477336,-8.219060783235532,2.563127575192503,11.213260167719508,0.8093043568951518,68.54642850775788,1.3722333424260202,13.071505266827389,55.4749232409305,ENTRADA,1,770,2025-06-26
-2.6532910441368074,-0.7006757141414521,-7.264738447533281,-3.992536758041787,9.653034349370593,0.7730571953933926,90.50736855935352,1.9610159645706706,20.53999605842357,69.96737250092994,CONTROL,1,770,2020-08-19
0.6906019544627995,-1.6102681222773807,16.847797087902183,5.574145344509063,31.322739017254353,0.7927025260743084,98.43417805121199,2.1288449858895087,20.405156457968005,78.02902159324397,CONTROL,1,770,2026-06-01
5.018230653190958,-3.309619466543845,-8.598341965623257,-8.598341965623257,13.253784996805074,0.641949063355076,62.89167474930397,1.6012189944248671,22.518423051156205,40.373251698147754,CONTROL,1,770,2018-09-25
1.3928707611299274,6.082483493567992,14.48103538427059,3.9386089274628944,37.620126185045066,0.7851319233430634,58.89463545245598,2.4314477622565813,12.654577045080647,46.24005840737533,ENTRADA,1,690,2025-06-27
0.2770556946729563,11.99221127268002,25.703175309474968,18.367084571579984,51.94408255743799,0.9479529967269437,77.06483474981607,2.1966349073331775,4.01099370646122,73.05384104335485,CONTROL,1,690,2018-06-13
-11.913574873394506,23.37496208313139,-3.8757398861022363,-43.10426024228708,-4.589156187895238,0.7456875018366708,269.37257776234264,9.467270877379923,68.50481318743702,200.86776457490564,CONTROL,1,690,2021-03-08
-6.405904159253462,-5.852882833364825,-12.298733349211943,14.33178438029481,-40.341611302958654,0.27149649825498234,145.02521032952532,4.0455516213452825,105.65137356636691,39.37383676315842,CONTROL,1,690,2013-07-05
0.367364778963708,6.2891036673140555,4.231186107608309,7.252054240576289,5.807255831509206,0.9749991169510037,125.00098791886737,0.9501327189929767,3.1251350799685946,121.87585283889878,ENTRADA,1,1290,2025-07-02
-4.3952536931402,2.7086781792351466,0.889832426498316,-1.174594210578972,6.953934218285607,0.24908627755011398,116.4287264445885,1.4829019302085855,87.42792837460544,29.00079806998307,CONTROL,1,1290,2019-07-01
3.2178195552168276,-1.6364839348725901,0.541291770119745,16.726038638870122,21.26455574187336,0.34434001670843867,155.18351593244205,1.3139794515788787,101.7476214633907,53.435894469051355,CONTROL,1,1290,2023-03-06
-6.677471387083189,3.00922152789429,3.8197060176758946,9.78659622376421,8.424591701632345,0.5611037187478136,137.67867904061794,1.8129438819485866,60.42666023864054,77.25201880197739,CONTROL,1,1290,2020-07-02
1.2785726317821045,-0.9419890435402589,8.954250760782045,6.530578090517825,63.17732510416674,0.9624891425247446,111.27933026229427,1.7347890934785133,4.174183097410794,107.10514716488348,ENTRADA,1,690,2025-07-03
33.30248161804717,57.01027767273325,26.56927309375723,-11.809876226870353,16.047322811785225,0.38805000108321397,317.12761894449875,9.03258231716827,194.06624606956893,123.0613728749298,CONTROL,1,690,2022-02-04
-1.1322460925589084,-7.283566062044056,-6.12763548548334,5.770653576133711,24.227591365655332,0.8167798334112222,91.3356543240377,2.4718244424320956,16.734533800745215,74.60112052329248,CONTROL,1,690,2014-07-23
-1.0794118721069168,3.2626180028039187,-6.396513930513326,-57.91127107247496,-122.72055158607742,0.07907115936742998,163.73459863249033,4.969936622108747,150.78791409005848,12.946684542431823,CONTROL,1,690,2023-05-02
-2.3763988347680343,-2.3763988347680343,-2.3763988347680343,-2.3763988347680343,1.5994790668183434,0.7932392173301257,116.87452632415201,0.7883141938217126,24.1650685369525,92.70945778719953,ENTRADA,1,1090,2025-07-09
2.900404261108047,10.380154140452458,10.380154140452458,10.380154140452458,3.882779561856786,0.6326056182547847,106.31593917544676,1.3891380898523296,39.05987874302518,67.25606043242158,CONTROL,1,1090,2018-07-11
13.096355611268429,23.005868758581016,23.005868758581016,23.005868758581016,24.414610922012248,0.9964149610696745,176.99567232381693,3.7434597892601533,0.6345363757800093,176.36113594803695,CONTROL,1,1090,2026-04-30
7.18808029852136,-14.723624748339548,-14.723624748339548,-14.723624748339548,8.238501368951212,0.8936107340406851,597.767748067151,3.7137204218819106,63.59607193101687,534.1716761361342,CONTROL,1,1090,2022-01-24
1.275252440622321,1.6739724619485585,-1.3047052647152668,8.539130109985749,42.1440106723181,0.9373809600301057,95.44075882694153,1.939744460499692,5.976408691741287,89.46435013520025,ENTRADA,1,720,2025-07-14
0.7266721994270142,2.442204988548635,-1.3106747127300533,-27.914505770418874,-25.456751093629883,0.15969488939741544,68.6309820460106,1.6301261985035556,57.670964958936935,10.960017087073668,CONTROL,1,720,2016-08-10
5.168310169698653,12.299013940777481,25.166490673633746,25.42247098954231,70.92460255684996,0.9810507319029443,130.27078992306954,1.6992104926000204,2.468536123467462,127.8022537996021,CONTROL,1,720,2021-08-23
-1.7161283458067,-3.0868916236792554,4.63820856964503,-12.854909233096512,-55.472590661646,0.20528070175438634,97.83610564239703,3.6753147888545397,77.75224121920948,20.08386442318754,CONTROL,1,720,2017-08-25
-12.616778697910336,28.455587559086393,61.28968168347404,60.17858643182272,57.44134153614855,0.9188633742833257,161.23521952067463,4.082724128516893,13.082081658594806,148.15313786207983,ENTRADA,1,1320,2025-07-14
0.0,0.0,0.0,0.0,0.0,0.3038842619184454,57.97321028316834,0.0,40.3560640652249,17.617146217943443,CONTROL,1,1320,2016-08-16
-3.0258864586540923,-4.538143092694957,-5.306698162319545,-5.292840018963352,-8.95886858688133,0.241831552893986,88.66134622078553,1.432530787131291,67.22023518254164,21.441111038243903,CONTROL,1,1320,2019-10-17
-17.869108778200136,-27.303936801668094,-35.435769673026755,-27.202779663016983,44.27289638730514,0.1450839085811456,456.76459873249865,4.433337865704853,390.49540544688915,66.26919328560948,CONTROL,1,1320,2020-09-23
0.5690353514964386,-3.1935498443924626,13.907410943689857,31.47371137635746,55.90437794424696,0.9215343221674577,94.93979410766197,2.3472611581692386,7.449515297939706,87.49027880972227,ENTRADA,1,690,2025-07-17
0.0,0.0,0.0,0.0,0.0,,0.0,0.0,0.0,0.0,CONTROL,1,690,2024-12-25
18.51056153314712,31.497483826654626,27.080864934385662,25.411427066062142,-7.890434326401907,0.4946757192963534,90.88786223318778,3.701617954348305,45.92784360767774,44.960018625510024,CONTROL,1,690,2025-09-26
-6.392680967727271,-8.809402361508178,-2.4198138506348332,5.5354041856992,3.803202022838459,0.3090606060605944,57.052274924885495,2.816233562594333,39.41966425946473,17.632610665420763,CONTROL,1,690,2017-07-13
1.3511988092829164,3.4139628353635487,7.412503068340293,6.161018719879063,6.113807196388432,0.9750229878586618,115.2646581587105,0.49732898758690924,2.8789667662973035,112.3856913924132,ENTRADA,1,1370,2025-07-17
0.0,0.0,0.0,0.0,0.0,0.7910176006473809,174.5810302505866,0.0,36.48436258321976,138.09666766736683,CONTROL,1,1370,2012-09-13
-4.241891733747227,-3.563716474216383,-0.9822395902026049,-2.0642656245573043,-6.793147844937897,0.8759185872032661,185.68652387608014,1.1729237785742108,23.04024621985849,162.64627765622166,CONTROL,1,1370,2023-01-10
0.0,0.0,0.0,0.0,0.0,0.8543811394891909,109.83090140961284,0.0,15.993450712142835,93.83745069746999,CONTROL,1,1370,2015-07-23
-2.339469612017142,9.559102815894782,1.9903148634181633,-7.042647780816091,-12.931293450605397,0.7940594852488462,86.01608135163562,1.6487413249509724,17.714196070432966,68.30188528120266,ENTRADA,1,760,2025-07-21
1.9553329108568107,-10.675354078689692,19.450312661626334,13.410651665142215,-24.905201854484858,0.3375882409824959,155.6285196448459,3.880836116057147,103.09016145123256,52.53835819361334,CONTROL,1,760,2019-01-29
9.47287449049039,-9.669110863026464,-27.93094786341821,-48.65344816727735,-15.517319688586051,0.1608563455370935,199.66520380795126,4.901737307757403,167.54778879248528,32.11741501546601,CONTROL,1,760,2022-06-27
-0.899329019746764,8.07126799335478,5.373904892813641,-4.637067913151327,30.154291383908127,0.9474888964810299,131.4096237458588,1.7396315193188834,6.900464355907703,124.5091593899511,CONTROL,1,760,2019-01-17
0.0,0.0,0.0,0.0,11.359237222849927,0.9866843167804948,110.15107001457143,0.0,1.4667367546035661,108.68433325996786,ENTRADA,1,1083,2025-07-23
-1.635586511138376,-1.635586511138376,-1.635586511138376,-1.635586511138376,4.384776082146935,0.5763513513513494,118.76917845988822,0.5845527700486713,50.31640195564207,68.45277650424616,CONTROL,1,1083,2021-11-15
-1.0776287856195665,-1.0776287856195665,-1.0776287856195665,-1.0776287856195665,-0.10657586243523198,0.043250327654011066,91.36881988128171,0.7770899796094614,87.41708848405595,3.951731397225754,CONTROL,1,1083,2019-12-09
13.155277446936786,13.155277446936786,13.155277446936786,13.155277446936786,1.1427856492196575,0.8057030508111858,253.13449329468787,2.1111569595834627,49.18325978161422,203.95123351307365,CONTROL,1,1083,2022-05-24
1.179673418765237,2.0392390349321943,9.747958371766341,9.747958371766341,9.747958371766341,0.9387116333185894,52.46262383014383,1.172164562658231,3.215348526370764,49.24727530377307,ENTRADA,1,1110,2025-07-24
-2.283094163363364,1.5726520486381013,3.5653882114883295,15.650125920600999,15.650125920600999,0.21529180664531483,288.99025568672346,1.9613214648884485,226.7730214370373,62.21723424968616,CONTROL,1,1110,2023-02-09
-0.768863980011858,-0.2476131719253427,0.38968977305486874,-2.203326227790958,-2.203326227790958,0.7579863481228876,38.18550308879039,0.9882829775564909,9.24141305128292,28.944090037507472,CONTROL,1,1110,2018-09-03
0.6280271415137761,0.2071415955828826,-0.6997244170736661,2.923792130986591,2.923792130986591,0.21464924618574005,97.01094841212512,0.6758156876379038,76.18762146369875,20.823326948426374,CONTROL,1,1110,2024-03-26
3.136226643614126,8.28817740914145,17.622412963318457,18.506433901914754,24.07754576597032,0.9432568112834242,59.198249101025034,1.5676639187981947,3.359097420430327,55.8391516805947,ENTRADA,1,750,2025-07-25
-6.673172422959617,-17.568321306996594,-12.057816453640013,-21.47885960408491,2.6716613691224467,0.8394525946484964,215.61621045099662,3.153667930879346,34.61662313963125,180.9995873113654,CONTROL,1,750,2024-07-31
-0.09505372119411604,-46.30770753557889,-60.71270935855577,-91.94924872856004,-141.8188877846982,0.043942645685239014,341.8334915952218,6.423133110850767,326.81242359070484,15.021068004516959,CONTROL,1,750,2016-01-15
-4.210909276779473,5.159851569624951,1.7750262530902283,10.207478287653782,20.34520845474619,0.5831073227431312,77.63609666400895,1.7403524905019456,32.36592019003176,45.27017647397719,CONTROL,1,750,2018-01-10
0.0,0.0,0.0,0.0,44.89834944025883,0.9430910964227842,141.05045778911946,0.0,8.027026901843152,133.0234308872763,ENTRADA,1,1083,2025-07-30
-8.325041459370519,-8.325041459370519,-8.325041459370519,-8.325041459370519,2.2134985783806016,0.2962593516209446,66.55623753107855,0.9541977556930906,46.83832975379164,19.717907777286907,CONTROL,1,1083,2020-01-14
-7.736034660816848,-7.736034660816848,-7.736034660816848,-7.736034660816848,-5.905268500157046,0.9394830989857108,186.444576345593,1.1022469255585938,11.283047971357338,175.16152837423567,CONTROL,1,1083,2018-07-02
1.9521386379439676,1.9521386379439676,1.9521386379439676,1.9521386379439676,11.07077951785218,0.9129229642801128,296.83481885931127,1.1211319154936321,25.847496124718493,270.98732273459274,CONTROL,1,1083,2026-02-02
11.549363224356846,-0.47563686370710734,-0.5672998589223432,12.743569829247736,77.70440974442793,0.9515547681593283,134.48666633485755,3.0837580558900886,6.515237730071239,127.97142860478628,ENTRADA,1,650,2025-08-04
-9.642831859821843,-16.538185620802448,-40.05615208175883,-38.69367344368824,16.232483878930726,0.5703537897158579,126.20760621531845,3.721823852524748,54.22461971944491,71.98298649587353,CONTROL,1,650,2023-03-29
-16.55038258052577,-40.104545703532054,-23.788622219433897,-74.39611642914178,-90.35417591230055,0.04432348367030778,101.03827433541507,5.133075118555774,96.55990603283323,4.478368302581847,CONTROL,1,650,2012-06-07
16.899441781714764,20.960283747784025,26.531497632389378,25.30271969818143,61.251420751189386,0.9604938824900302,100.4646597447978,3.508584770904203,3.9689686534771136,96.4956910913207,CONTROL,1,650,2016-04-28
0.0,0.0,0.0,0.0,20.564611120592602,0.9913885815928697,167.8142401861254,0.0,1.4451186369173943,166.36912154920802,ENTRADA,1,1083,2025-08-04
-77.87487833668006,-77.87487833668006,-77.87487833668006,-77.87487833668006,-77.87487833668006,0.05544005544005892,105.4099152734284,12.08235065279982,99.56598372673761,5.843931546690784,CONTROL,1,1083,2020-02-17
6.094988831570891,6.094988831570891,6.094988831570891,6.094988831570891,7.944662164596217,0.6701687763713077,172.89011505508884,0.6970775431071796,57.024558201925345,115.8655568531635,CONTROL,1,1083,2021-02-17
-8.364431527775329,-8.364431527775329,-8.364431527775329,-8.364431527775329,-15.781984345724087,0.7229190108955199,270.65654993381884,1.3273878578696643,74.99378456326863,195.66276537055023,CONTROL,1,1083,2021-01-25
1.9061075417892148,-4.287697543803315,-3.065532779109592,2.3460817102938236,15.792322753276355,0.7761177910576778,35.82524122840628,1.385223991715847,8.020634142107152,27.80460708629912,ENTRADA,1,455,2025-08-05
1.6382562316041849,3.8274021494677513,6.321947456136012,10.594014533980012,16.02079538700618,0.9366181791689799,54.439631321845106,1.4120869023944567,3.450482958547976,50.98914836329713,CONTROL,1,455,2021-08-09
-0.17884650809874003,-4.215037134884803,-1.6076580592638834,17.969125816768017,18.36865851398084,0.35480283027747217,67.4315318610084,1.9212588919006337,43.50663350677708,23.92489835423132,CONTROL,1,455,2024-05-01
-4.097203632921209,0.8927318311147125,-7.312932382060877,1.756345419869909,7.629944471285732,0.21348543869412068,78.88996218520639,1.6341778461988479,62.048103999534995,16.841858185671374,CONTROL,1,455,2018-05-23
-1.8194431403384392,13.913600639356982,19.104066129200792,37.00275404763475,72.01064524774203,0.9726633082768973,114.46646558562695,2.359016240264943,3.129134482347426,111.33733110327952,ENTRADA,1,720,2025-08-06
7.856802711674327,0.35964585115788594,34.63008776815046,18.375489225643804,-11.305510461127044,0.538460479017177,110.3318332926171,4.080259002861413,50.92250148703118,59.40933180558593,CONTROL,1,720,2024-09-20
5.96459732929322,1.6861961673120263,-8.292243319277803,-6.5330180052936,5.128501789910533,0.7630335977185644,65.53447105779789,1.4357332376519625,15.529467831983233,50.005003225814654,CONTROL,1,720,2017-01-25
-2.135998275875073,3.533264116284407,11.093754695663538,20.938852980962874,-3.82435546202875,0.6116990005879072,43.457211508368005,2.62876243226654,16.874478660361998,26.582732848006007,CONTROL,1,720,2013-09-05
3.7489774349697136,0.412993899661096,1.1022480901345943,3.2693997822486054,16.781465054271916,0.9805009495967919,171.9779222408216,0.9874133012601233,3.353406174012778,168.62451606680884,ENTRADA,1,1330,2025-08-06
0.0,0.0,0.0,0.0,0.0,0.0,156.83470689247875,0.0,156.83470689247875,0.0,CONTROL,1,1330,2016-11-02
1.8184382663721799,-5.457408420563858,-4.683337428096346,-10.603218622160515,-23.751715082286353,0.7006320779562839,172.72780896495368,1.8264502814235555,51.70916524900213,121.01864371595153,CONTROL,1,1330,2019-01-10
-2.26014858079715,2.7028654713801004,-1.2785934011338984,8.059614331457077,9.61666152513363,0.7821948068966783,162.63656533812173,1.3410938238937726,35.423088519130594,127.21347681899113,CONTROL,1,1330,2022-05-03
6.781382536329428,3.7438820461432876,2.9024451675274676,-0.44870328366197754,27.42844011627943,0.9185939147585342,77.84947239058106,1.7024023905927035,6.337420785430778,71.51205160515029,ENTRADA,1,440,2025-08-07
-2.1143164277637183,-2.1476055987246223,6.990263371295935,7.9741833107283,23.77002711579257,0.8569965388147229,47.147571114961295,1.9154517302110523,6.742265855918458,40.40530525904284,CONTROL,1,440,2020-11-20
19.103848666013334,-31.067227641370376,-42.27899519929967,-24.749506270154153,-55.003347762789815,0.24536852985609028,100.88808305342548,7.9916949706433975,76.13332243460732,24.754760618818143,CONTROL,1,440,2022-06-07
0.0,0.0,0.0,0.0,0.0,,0.0,0.0,0.0,0.0,CONTROL,1,440,2012-05-16
5.197672441188406,3.4990474390861337,-7.70251209241013,2.9284388848793697,58.133242747746564,0.8498371285690154,83.23114376538467,2.7567737933174854,12.498227540295256,70.73291622508941,ENTRADA,1,670,2025-08-08
-2.015530046611813,7.371351011513649,13.89175649452623,8.833979962128424,38.90065498423301,0.9411636837910239,89.17287746292354,3.4390463704857956,5.2466036156728455,83.9262738472507,CONTROL,1,670,2023-07-13
-3.1450970455237925,10.551429748937302,15.047204494293975,17.287390981275408,-35.15986666077553,0.4383427610457061,85.8154792704646,2.793362600918651,48.198885146588594,37.616594123876006,CONTROL,1,670,2014-06-26
4.9528895080008795,6.4532670269024095,17.754419475037864,-17.49890209591043,-13.710904610725327,0.2869587173336676,76.58675061783697,1.4958977087014975,54.60951489578899,21.977235722047975,CONTROL,1,670,2020-07-03
14.228413389694161,17.794492509444204,32.47458854237717,31.8085982070615,26.219974359287246,0.9641193494536088,57.89164142556144,1.8382456237853162,2.0771897555475567,55.81445167001389,ENTRADA,1,730,2025-08-11
5.86523674572792,7.827948232039805,-11.492303899766076,-39.928420178080295,-13.836819161601177,0.8145940561182129,235.9475162048249,3.2879564188586596,43.74607194851881,192.20144425630608,CONTROL,1,730,2019-06-18
-1.5515330751825207,-1.7258131600161875,-5.001493201920448,-1.8966362577832463,-1.03555938329003,0.7635726795096098,39.42437648553458,1.2743055441676905,9.320999694479285,30.10337679105529,CONTROL,1,730,2017-05-30
1.9325547528614706,-22.82108225934887,-25.362196681069094,-20.933728624122907,-12.008025120131549,0.3297779332050706,39.18491181053878,4.228420848028239,26.26259258083634,12.92231922970244,CONTROL,1,730,2015-02-16
0.0,-3.3850516188504987,-5.489460774869004,-15.104520078672579,-24.5416296446066,0.18793022202921733,92.01225424454279,2.9353932135738834,74.72037087495707,17.291883369585722,ENTRADA,-1,980,2025-08-11
0.0,1.6286028898759852,24.27373613343109,28.138892985818398,55.39551701954526,0.9787178821697338,161.90929423642075,2.6526411626650392,3.4457726777547584,158.463521558666,CONTROL,-1,980,2020-02-10
0.0,1.627194335083182,-8.910502511534357,1.7116494481062006,19.961096001848144,0.629678568048872,108.50646873750914,2.3694848050275787,40.182270878834686,68.32419785867444,CONTROL,-1,980,2026-04-16
0.0,0.0,0.0,0.0,0.0,0.8348682527500665,135.9405116809211,0.0,22.448094215920506,113.49241746500061,CONTROL,-1,980,2020-09-07
3.405316950564341,-0.9308203721869468,-15.931171929705057,-4.487918781483913,44.139128675624306,0.6145733588679694,95.45012845459107,2.265353095284085,36.789022405873894,58.661106048717166,ENTRADA,1,575,2025-08-12
56.932442289296944,38.592655260871744,68.79536450282053,74.96093176460938,99.2034063449121,0.9827995255041615,133.32926635011825,6.026761293488627,2.293326645404067,131.03593970471417,CONTROL,1,575,2020-05-01
9.256316161165845,9.423056536657093,14.985935848206289,14.142933356497966,12.455668760005256,0.8378466028863323,31.1021153338593,1.9874616283828896,5.043313658806382,26.05880167505292,CONTROL,1,575,2017-09-29
4.220054002215257,2.0100627762698053,2.209102951433728,-3.0155882406124324,5.0266725297776205,0.7390233299521533,13.868655532220457,1.3590156011224714,3.619395538839542,10.249259993380916,CONTROL,1,575,2016-12-28
-3.8264929313214235,0.9919681447145834,16.04486413168793,41.42182731783129,11.631411371599842,0.7007261410788312,95.37170149929229,3.134463606956568,28.542257139571017,66.82944435972126,ENTRADA,1,690,2025-08-12
-2.709226543451404,7.675151922295065,15.30973103635036,17.705149051407965,-39.36380180396881,0.3012799999999988,191.92356467467152,6.029216896300316,134.1008331094867,57.82273156518481,CONTROL,1,690,2022-08-09
-7.713496217461868,-5.677509871240272,1.6006478327179607,-0.0014562251426930573,55.05552481459341,0.8292527344702803,77.61826770635388,2.3303005719184964,13.253106966013677,64.3651607403402,CONTROL,1,690,2018-01-22
-18.228858694185888,-13.008295811531845,5.182433298007716,40.49867284437126,26.189037365969003,0.48663804965920043,145.3878825469068,5.055922627204169,74.63660694019917,70.75127560670762,CONTROL,1,690,2025-04-25
5.252947859857304,0.8346060484121232,8.50957042547007,10.558691656699093,26.547512751886604,0.8894448995859501,56.563532746620176,3.2220815691639344,6.2533870425759925,50.31014570404419,ENTRADA,1,595,2025-08-13
22.390262306217767,4.729862185812728,12.330829278182076,14.389209964587035,17.334465050800052,0.7856928454544732,44.07827381597581,5.197135124379374,9.446289438780376,34.63198437719543,CONTROL,1,595,2025-08-26
43.93709790114553,53.54335285841394,97.21633073803915,68.99926952651958,20.94955629310391,0.5627476393260499,243.9758165352446,12.715088422901221,106.67900172739029,137.29681480785436,CONTROL,1,595,2020-09-17
-11.940052614842767,-10.224080375399458,-37.74535806916668,-34.85895967627939,-14.563414435529998,0.21396767073653536,65.62717824735573,6.1212228686841685,51.5850837807576,14.042094466598126,CONTROL,1,595,2025-09-10
-8.038109336981902,1.812264640030925,-6.490101815682658,-56.16253450475117,-45.34050873065909,0.20283865386077213,72.08430273679451,3.721179315309239,57.462819805170746,14.621482931623772,ENTRADA,-1,560,2025-08-14
-7.425566123800964,-12.410078973917882,1.360922493536254,-31.27998376611929,-12.051854305586973,0.14115155793082165,68.22260809313998,4.3959106759972535,58.59288067468939,9.629727418450589,CONTROL,-1,560,2023-09-28
-1.8329183384591108,-6.097647628554581,-10.653453325090156,-10.629440315387262,-17.230851479232978,0.5630335924893585,74.56619907742248,2.0114443764914864,32.582924132584616,41.983274944837866,CONTROL,-1,560,2015-11-17
14.417568070288489,16.0782159354822,7.491645006278969,4.16895423591912,-56.65258178601085,0.17099791605210207,160.354691044962,3.5901256780603243,132.93437304709482,27.420317997867176,CONTROL,-1,560,2021-05-11
-8.313672990248877,0.9652698521733782,-1.7752894215006254,-21.869043816891143,-40.757286380669335,0.1735314410410452,78.83709913174195,2.770446653233247,65.15638371191504,13.680715419826916,ENTRADA,-1,685,2025-08-15
11.182809717469322,3.2326586114383993,7.488835159519258,-86.52090916671851,-24.962891216009364,0.2831833520809931,142.57592027423914,6.481877246395502,102.20079324494768,40.375127029291455,CONTROL,-1,685,2022-08-29
-1.4770995529067577,-2.161461147736077,6.778634321524812,22.896683231250492,0.7567322140911159,0.8497164461247919,38.122004828306586,1.663260385086279,5.729110366445756,32.39289446186083,CONTROL,-1,685,2013-02-11
5.570333081936774,11.265389179353491,5.133990139576383,16.742406122935982,2.6461824879353557,0.6213506594092081,73.94147295626695,2.518426608062845,27.997889977202355,45.943582979064594,CONTROL,-1,685,2024-05-28
-4.5200074467033335,-0.9197763006107973,-15.104830304281114,-10.219883962103715,-32.94991832050509,0.18751897016551908,94.57639202099395,3.8594365504678856,76.84152438724675,17.7348676337472,ENTRADA,-1,725,2025-08-15
-2.1082359555246732,-8.822309469938006,18.07721379853522,34.71564033274088,19.38905761697196,0.8493873704052656,116.52656388313558,4.02912594942648,17.550372204077863,98.9761916790577,CONTROL,-1,725,2020-05-07
-11.09661903332504,-11.244009576459879,-8.259903149320236,-31.47166375945809,-11.271994631280036,0.17381452230998523,56.113174002261076,2.18115714311981,46.35988946776099,9.753284534500093,CONTROL,-1,725,2017-03-07
2.706320507457338,-5.408250077484356,-3.7447962934844536,-14.13230749407246,-36.289210491936565,0.1890285326087005,49.01693490146578,2.2674265671347937,39.75133562406551,9.265599277400275,CONTROL,-1,725,2016-09-20
-7.2877785086400415,-5.9090941542006,-14.14009303505881,-13.048721954703746,-9.131058305367201,0.18252344354389288,58.46267894423272,1.9118917602144352,47.79186946453032,10.670809479702397,ENTRADA,-1,690,2025-08-18
-2.5550255381867615,-8.68404179690696,-11.507926398904855,-35.40611594461951,-78.28396264766613,0.2007325964910225,227.45494936205236,4.468819730289538,181.79732679187353,45.657622570178816,CONTROL,-1,690,2025-08-01
-9.706372051533352,-30.923661280116697,-3.636557478583491,-41.379752762383816,-61.20968359946466,0.0660507792860752,141.18525160689967,4.99864415224288,131.85985571456334,9.325395892336324,CONTROL,-1,690,2023-01-19
-8.50916733440954,4.860123531662541,30.266689236273514,78.37456077389726,-29.78659146905094,0.6244808209137617,139.43073154157494,7.519190215388105,52.3589138478859,87.07181769368904,CONTROL,-1,690,2021-10-01
10.182668171756504,7.700058631010531,16.663802686593954,-20.118508411884896,-75.8836006014163,0.22683743856072783,122.34647810682822,3.529051702021031,94.59371639614915,27.752761710679078,ENTRADA,-1,690,2025-08-19
2.9939678801316205,-0.6372507333329835,-8.927287397836325,-3.336974201388898,-5.392091832924217,0.5998288904899196,48.803331671247385,2.5612974674611806,19.52968338267151,29.273648288575878,CONTROL,-1,690,2016-04-14
3.7858424635239807,1.249011199466743,11.871894678612271,18.071619217081558,28.844475144411685,0.9713745920879372,66.10228502660419,1.9205777132932076,1.8922048728059884,64.2100801537982,CONTROL,-1,690,2019-10-21
2.896811977048941,4.62267722677101,-11.187401984285028,-24.73664769573558,-28.56228804595351,0.15493061706526387,44.0838686816124,2.0818740448128765,37.253927704146136,6.82994097746627,CONTROL,-1,690,2013-07-16
13.513375872615807,9.077200678040409,-18.761914168077265,34.95872879803574,132.51316263319436,0.8835726395432981,236.47413277695156,4.841121129298353,27.532059095508124,208.9420736814434,ENTRADA,1,690,2025-08-22
0.6216845451745279,-7.885954828866781,11.979158891950448,12.917675004986418,-18.167537087356855,0.2881442738969232,63.83188872072893,3.3744516042141015,45.439095493825285,18.39279322690364,CONTROL,1,690,2024-10-24
-0.02250184683805223,5.343303898384111,19.465957008206747,55.91307760347553,12.556805086167966,0.9347771720102038,299.9202907785203,5.06917709457963,19.561649536097075,280.35864124242323,CONTROL,1,690,2022-08-10
-0.08246045965054627,-6.665991084542355,-38.618164590417116,3.3441371256737185,-64.23206182327613,0.3004933409557729,105.25830171951391,4.5179531687773595,73.6288829724864,31.629418747027508,CONTROL,1,690,2016-01-05
0.0,0.0,0.0,0.0,10.46060821973338,0.9907716261013426,82.3940057593016,0.0,0.7603626921549613,81.63364306714664,ENTRADA,1,1083,2025-08-26
6.760533211955799,6.760533211955799,6.760533211955799,6.760533211955799,0.958859358746178,0.30815602836879946,157.19326410140638,1.5935649027317174,108.7532121495892,48.440051951817175,CONTROL,1,1083,2020-05-06
-7.382594215374905,-7.382594215374905,-7.382594215374905,-7.382594215374905,-7.612737987835461,0.8824189436644989,276.10136075412123,1.8667270846537,32.46428965313883,243.6370711009824,CONTROL,1,1083,2014-10-08
2.57840118483621,2.57840118483621,2.57840118483621,2.57840118483621,-1.7644316833931306,0.97296689182538,83.38303472564786,0.2270539811879578,2.254102597666539,81.12893212798132,CONTROL,1,1083,2025-12-23
-5.139890561262073,-3.2094573306262753,-6.290525459907714,11.345383886105509,-8.904351031016056,0.7484469714768913,90.02818452017013,3.767503073999278,22.64686246848605,67.3813220516841,ENTRADA,1,700,2025-08-28
4.085204181141222,-3.305254037084815,-1.9873648898083296,-30.0878470576027,5.405042782342662,0.15902567682879545,169.80923300656247,4.78367615135269,142.80520479591522,27.004028210647228,CONTROL,1,700,2019-08-12
8.273744996665222,14.7655023106541,6.016109103692546,8.241144352927332,16.96177341383276,0.6828790786948385,56.52306553334162,2.538101205429551,17.924646616925312,38.598418916416314,CONTROL,1,700,2015-07-31
-0.000451205203200189,-2.7015380543138345,-1.9249220839623327,2.9887739987688455,14.31328559105216,0.5315613861273478,39.62168427329531,0.989954727573659,18.560326860282316,21.061357413012992,CONTROL,1,700,2025-02-17
2.102834636465989,-9.491252078583923,-3.30218083963274,-16.944972325755316,-53.996666993015864,0.15976988767429998,136.07130352052758,3.143156170475813,114.33120664135731,21.74009687917027,ENTRADA,-1,700,2025-08-29
-6.54183978223255,-6.493380542957894,8.79470586962805,11.035587672643121,-17.60246694335943,0.4639250191277833,57.65351516613945,2.811070874619452,30.90660703990426,26.74690812623519,CONTROL,-1,700,2015-05-28
-14.505684180849965,-20.63505648824848,-53.75943317511456,-109.58183987555326,-138.90491306978615,0.020753430495187946,204.7356527342713,5.968731438298793,200.48668559536367,4.248967138907635,CONTROL,-1,700,2023-01-18
-2.386519679998811,0.8082335046455391,10.650341262252727,-6.85537294294436,13.647083242711577,0.6384973791496618,32.12094386561075,1.146597830120937,11.611805391604882,20.509138474005866,CONTROL,-1,700,2017-02-22
4.620138742466029,-3.013423554673045,-26.398777055094413,-48.76070436454549,-79.71097461971777,0.05251606724535247,185.1992652055203,3.374045803474021,175.47332814019734,9.72593706532297,ENTRADA,-1,720,2025-09-02
0.0,8.891939812238903,15.125712465544616,10.674006313333706,1.7789012361490997,0.48956023264570275,42.463935238901335,1.0913113990344478,21.67528122429274,20.788654014608593,CONTROL,-1,720,2017-05-05
1.9366832585498983,-5.774623798423528,-40.297129651901685,-36.60787208079497,-40.092356340862835,0.10343545355011674,99.92630468574242,2.5399940601283144,89.59038203898551,10.335922646756924,CONTROL,-1,720,2016-10-07
3.4959640459675256,3.6278299487202403,3.9268626929289674,5.2550812736384955,5.433442373572461,0.8051230537418199,29.561473871836466,1.198054795694705,5.760849755034469,23.800624116802,CONTROL,-1,720,2017-03-13
0.13046554155682344,9.07930992294581,24.88743317550446,21.26725149614428,24.422985386853835,0.8801325551304735,91.60352209731252,2.6003994512514725,10.980280134854064,80.62324196245847,ENTRADA,1,1230,2025-09-03
0.0,0.0,0.0,0.0,18.47952499091754,0.49998603312942685,72.5635450430518,0.0,36.28278600716785,36.28075903588397,CONTROL,1,1230,2016-12-22
-6.373824040555309,13.426532623057597,17.302307548063833,19.068016314314207,38.565113682906826,0.9727975790181569,244.49397351951018,1.9402546451030214,6.65082799520133,237.84314552430885,CONTROL,1,1230,2020-11-24
-0.5995198525243772,-1.8751061206701003,2.712027042277576,3.6518304652499722,14.487086734999988,0.7185001688999013,104.91931101292542,1.1597071476473848,29.534768329277224,75.3845426836482,CONTROL,1,1230,2013-11-05
6.826525616425716,6.826525616425716,6.826525616425716,6.826525616425716,18.801018909222478,0.9687157274008276,129.8369140291601,1.2446046287652794,4.061853411923567,125.77506061723653,ENTRADA,1,1083,2025-09-04
0.11995123842645228,0.11995123842645228,0.11995123842645228,0.11995123842645228,5.199596982392585,0.8837547408343918,44.13036813709359,0.358849784569398,5.129946081170146,39.000422055923444,CONTROL,1,1083,2013-12-26
-3.1926809959614832,-3.1926809959614832,-3.1926809959614832,-3.1926809959614832,2.765303369909322,0.29909698634326837,206.57556106810443,1.543033410339893,144.78943330046462,61.78612776763984,CONTROL,1,1083,2021-09-27
10.549337450147522,10.549337450147522,10.549337450147522,10.549337450147522,15.509225130494464,0.8480619016136551,136.32257836236636,1.3591414691745267,20.712593323501423,115.60998503886493,CONTROL,1,1083,2013-05-23
10.43479005785164,0.9305159257699813,6.627721126784003,5.424432687402003,37.25815389485243,0.917584048607016,66.41830886957237,1.8203688372493703,5.4739281153988735,60.9443807541735,ENTRADA,1,690,2025-09-08
-15.237800883344255,-28.68561397949332,-40.2955146835815,-32.36733238166423,-108.09157449639395,0.03634572509980948,159.11989135593706,4.5699710969892315,153.33656352680262,5.78332782913444,CONTROL,1,690,2022-07-26
2.7167887242551814,6.2970769112102865,22.518441641843356,29.36181200063226,65.08113368343338,0.7664640120250736,106.56959633534863,4.79321253463597,24.88783596826474,81.6817603670839,CONTROL,1,690,2019-03-08
4.383107561898303,-0.8922221881491055,-23.30459270215801,-21.874048265421166,33.9948946845503,0.5586191855936679,140.62296685529648,5.208163548581995,62.06827963482542,78.55468722047108,CONTROL,1,690,2018-11-16
3.6014116133453733,8.574228064126554,13.533196079935639,29.443013285492814,23.193039215825273,0.949517385265445,71.07467704139671,2.0266571573176235,3.5880355384637483,67.48664150293297,ENTRADA,1,690,2025-09-11
3.1820139325300367,-18.010828567810442,-32.246242302738096,-24.70547435352244,-91.10191686421688,0.055727527221588136,133.645711931694,4.031982806826521,126.19796688197198,7.447745049722003,CONTROL,1,690,2024-04-19
6.72155755923054,8.883585546735073,-10.377077604777352,-27.395583705145388,-39.140352983549896,0.1641137855579919,60.09178132026412,2.7684972573124282,50.229891606872556,9.86188971339157,CONTROL,1,690,2020-01-17
-11.836907823228326,-21.81835195742665,-41.51094006882738,-69.14448119234362,-61.04292657833854,0.027545970160047388,122.45082127116896,4.59946774713367,119.07779460236004,3.373026668808916,CONTROL,1,690,2015-08-11
-1.8781201782558377,-3.1468332062511983,-7.612797887150968,7.127568041933596,19.351868719852394,0.8086695331947973,60.588544156850006,1.9831072490162194,11.592434436577753,48.99610972027226,ENTRADA,1,690,2025-09-12
8.36649537574674,16.340747898631047,-4.060545739958954,-4.714363861156867,21.20354566111926,0.6570691044882713,128.01923312285177,3.5397058326367317,43.90175025754432,84.11748286530745,CONTROL,1,690,2019-06-26
-1.2498290812101853,6.042134773953656,-1.3679559672374886,15.646148889176814,-16.378410572729372,0.6937245313773456,76.30507327992272,2.247989196513123,23.370372077094324,52.9347012028284,CONTROL,1,690,2021-11-11
0.3698177667477154,3.172075965578447,-1.8505269657465018,-5.9336817284727505,-8.313674572109075,0.24449877750610355,31.762473353303772,2.0503026928428714,23.99658744785081,7.7658859054529605,CONTROL,1,690,2017-03-17
2.8514124396616936,0.3783613767072147,-2.2637934859337516,0.9754631407399295,31.74213449857355,0.9331306990881589,79.13807505761935,1.50096737291301,5.291907754611809,73.84616730300755,ENTRADA,1,690,2025-09-15
16.15126372289888,-2.055460797864006,-23.38749941105389,-66.98518829414412,-1.6221112546344063,0.3608535557428694,148.056444705046,5.789424367636313,94.62975018258263,53.42669452246338,CONTROL,1,690,2023-08-10
4.961270644301408,7.549061815210756,9.294177315006813,22.040680238413213,60.19611369290301,0.9778174034912037,127.07785992020187,2.7797425960528206,2.8189168918111793,124.2589430283907,CONTROL,1,690,2026-01-26
-0.1753629017220426,1.8686712674664818,25.559327521502695,9.923411222907408,-48.84384487481519,0.3121583775953691,139.6857455182023,5.276033714720783,96.08166982404069,43.60407569416163,CONTROL,1,690,2021-07-15
-4.527776866523059,-7.75862628685231,-3.1837302818171764,-12.176166509904052,-45.172758340698,0.05436878900703706,61.80431756125429,1.7400345833330348,58.444091660042545,3.36022590121175,ENTRADA,-1,690,2025-09-17
-33.55031080060189,0.4065561959198938,-0.6539558274043511,-24.86948369770481,-72.62812112068472,0.17943557608745234,193.22123384965863,7.803780663769187,158.55047044151678,34.670763408141845,CONTROL,-1,690,2022-09-23
3.206888171478628,12.026970749490218,37.477314408023155,-13.119100693199659,55.23456435202245,0.79191040686245,109.42816855888297,3.0334348904696093,22.77086307320521,86.65730548567777,CONTROL,-1,690,2023-09-08
-14.791570389925957,-20.080851921222553,-28.304715916304126,-18.765369438716874,-19.635752726375742,0.23171466441740346,110.70426467536923,3.6330141066809247,85.05246313654065,25.651801538828593,CONTROL,-1,690,2021-08-17
-5.763426928926396,2.094585221972256,18.99953197550097,-2.420910899109119,41.8469665309007,0.8558528060495459,92.72417977797892,3.1301807415155123,13.365930326353102,79.35824945162584,ENTRADA,1,690,2025-09-18
7.387803162850481,7.4658381918935035,-8.229087314325367,-46.003889176372546,-99.96202716772373,0.18615629633232902,188.9270036105385,7.872447133896986,153.75705234123606,35.169951269302395,CONTROL,1,690,2026-02-04
-9.706372051533352,-30.923661280116697,-3.636557478583491,-41.379752762383816,-61.20968359946466,0.0660507792860752,141.18525160689967,4.99864415224288,131.85985571456334,9.325395892336324,CONTROL,1,690,2023-01-19
4.866205419911118,10.609200425204524,-9.128727202043496,11.479662597744245,33.46364401654478,0.8382391938477883,131.01096621890412,3.032342069515815,21.192439510350106,109.81852670855402,CONTROL,1,690,2017-06-21
2.5129880119512116,4.703366443388202,18.42459536490537,35.89517893775928,13.634863125635555,0.9683997444272527,68.15759480575065,1.6534024718312397,2.153797415085471,66.00379739066518,ENTRADA,1,750,2025-09-19
2.3769656910865855,6.840835342514229,13.72088038303687,-4.613308204229893,-15.870102423076737,0.24261938150415996,124.0765118648334,3.2583540934737036,93.97314529699396,30.10336656783945,CONTROL,1,750,2015-07-08
11.208812120708789,25.934028280896193,54.80334430040923,31.78649813863732,88.44901591194221,0.6383969228980542,177.79315074168176,3.82525306454078,64.29055039584225,113.50260034583953,CONTROL,1,750,2025-08-20
-3.4553049106478273,-7.970354942511415,-4.5958772009035975,4.606974497090022,4.780992111934612,0.8734410038045981,90.79086578328686,2.0120195565920342,11.490400837244245,79.30046494604262,CONTROL,1,750,2015-04-08
0.9556933587751004,4.424554334505615,-2.580837126325841,6.595894389289647,44.82232678467479,0.909061855670104,78.62035382077087,1.6715610614579333,7.149589083020753,71.47076473775013,ENTRADA,1,690,2025-09-22
0.42576808906735764,-3.8440053217514425,-14.112208376836355,-0.001373386785408215,-6.026907651468516,0.31541422334736796,53.16518315694728,2.7439742815187764,36.396128202378186,16.769054954569096,CONTROL,1,690,2018-07-10
11.784091706177335,17.64967534492179,33.75655407490852,23.152886179023113,72.19546730739879,0.9897990994111546,132.63321494965308,3.01225849415944,1.3529782404803778,131.2802367091727,CONTROL,1,690,2016-06-29
0.0894572545973027,-3.3382005455662167,0.09377321524617344,-16.400871616037982,-1.693108276511479,0.23093992549677012,78.1511987498388,2.5199983933088057,60.10296673306775,18.048232016771045,CONTROL,1,690,2025-12-29
-10.80430361394602,1.934825656366712,-5.99723137719832,-7.339498365486197,-54.437520462664594,0.09054802506923867,100.56867007180563,2.71678394945872,91.46237561296378,9.10629445884185,ENTRADA,-1,880,2025-09-23
-1.6069717214983736,0.4291045862814258,5.401144124905777,-22.531437534402123,-20.20429589242756,0.1793118341491518,102.42036304376498,2.796650093257039,84.05517989216547,18.365183151599503,CONTROL,-1,880,2021-05-05
0.6689383757452205,-7.256600866294427,6.389615300679274,-4.950747467661332,40.6353418372496,0.9190039576214923,229.63090124879218,2.8861156650560793,18.599194208962075,211.0317070398301,CONTROL,-1,880,2021-06-17
1.3319554633062225,-1.3543323044307165,-2.601162826947334,4.546352648777674,3.041276556339234,0.8374647683746295,44.94588595886881,1.5800618006112104,7.305289984932234,37.64059597393658,CONTROL,-1,880,2013-07-15
-8.88018467074092,-3.6786336224592375,-4.5960386078647275,-0.6766679712810753,-28.607009561830708,0.12983044472999364,51.96607945800383,2.9941730296049336,45.21930025109701,6.746779206906825,ENTRADA,-1,655,2025-09-24
-11.843237066718748,-11.605753723081813,-2.231432806067968,12.109968519271597,-39.75681113566498,0.18632631493373947,115.96613027264137,5.899987016458958,94.35858856181414,21.607541710827235,CONTROL,-1,655,2016-02-02
0.4829830193342488,-4.355633085825206,5.557728803664563,29.00092246969299,23.88899606521111,0.8932911392405078,66.93651888221011,3.2327875034647375,7.1427196731268765,59.79379920908322,CONTROL,-1,655,2019-11-13
0.7345710308426234,20.02888360803423,3.945128048654656,36.76065613476665,-23.712042323967843,0.5973115698511698,74.27179941493907,2.7707892291698997,29.908394310730614,44.363405104208454,CONTROL,-1,655,2021-04-16
-6.092581167035371,-1.07303233870093,-7.069595624032976,-9.349505433177141,3.7101737569411597,0.25731490119583594,115.68897888156134,2.2066991587591307,85.92048071120523,29.768498170356107,ENTRADA,-1,865,2025-09-24
5.334228055600132,2.2356144750879103,13.917420857580964,3.02093364945355,-12.415989554741547,0.7298554241229279,73.93819526366458,2.636865229394697,19.974002400618808,53.964192863045774,CONTROL,-1,865,2023-05-11
2.2420902798203635,5.508107919336425,3.2529112294699125,2.0306391839275406,1.6737144980538687,0.7303867088427191,68.04459673624123,1.1046494855348812,18.34572767152798,49.69886906471326,CONTROL,-1,865,2017-02-03
-6.626447450784889,-9.898330584354742,-9.903342971212536,-7.735244149259524,-1.156827666277671,0.7979186760360711,119.2921367983241,1.7044898096597647,24.106712942691445,95.18542385563264,CONTROL,-1,865,2025-06-12
-4.645359764485768,-0.6934587488593991,-11.385492530955332,-11.691646224982755,-16.254784567427684,0.1006488730529647,50.065874966894015,1.824342933412043,45.0268010730655,5.039073893828519,ENTRADA,-1,425,2025-09-25
0.5137699703339216,4.231648704264845,5.001874671148876,10.107412107718261,-9.750511319362998,0.414576701828531,38.53461850634209,1.251788963925995,22.55906345976211,15.975555046579977,CONTROL,-1,425,2024-04-10
0.0,0.0,0.0,0.0,0.0,,0.0,0.0,0.0,0.0,CONTROL,-1,425,2012-11-21
1.30713187489917,0.328384744061605,3.4319501484714188,3.595435104848388,13.4159590202243,0.9611132714848776,29.40825705309726,0.5610796145036138,1.1435909081267288,28.26466614497053,CONTROL,-1,425,2017-10-23
4.071885669889586,-12.889316024516928,20.063506313565682,23.553373080733575,39.40263533386501,0.7067377550616462,72.29335334740205,4.433188487510453,21.200911096780782,51.09244225062127,ENTRADA,1,540,2025-09-26
2.989273876461418,-3.8081991552108008,-10.741419983335554,-6.503219093451085,-2.753629160153759,0.39803256445046276,45.08570068309817,2.652460186500765,27.140123620158622,17.945577062939545,CONTROL,1,540,2023-04-05
0.24988953481352993,2.539178567555478,-4.206544608399421,4.8645803177937985,9.378242617379406,0.8425540874874975,88.72958634506848,2.91906021330274,13.970110688956188,74.75947565611229,CONTROL,1,540,2014-11-21
-39.85272454979372,-22.389208907686033,-92.67906332192544,-66.72512767302297,-66.7787808398379,0.33326692234895505,181.95348091953568,10.27141456214422,121.3144043228027,60.63907659673298,CONTROL,1,540,2022-10-20
3.104853500193183,-2.378112437043667,-3.362023272479586,13.876718312662017,21.86716022419155,0.8529052348193966,65.20393130251371,2.574326350063078,9.59115696379545,55.61277433871826,ENTRADA,1,645,2025-09-29
-8.063762015745324,-11.900205110669804,-20.537661738888602,-14.709165726520812,-16.6311081255599,0.08064270484311123,38.89129598461899,2.7890520225434483,35.75499668156528,3.1362993030537063,CONTROL,1,645,2013-10-28
-1.5154308635245695,-14.088808446997003,-39.734393275524525,60.17682938692648,61.239028447339635,0.6469265901069113,147.3848708892575,5.499238744843981,52.03767893152277,95.34719195773475,CONTROL,1,645,2018-11-27
3.121503118752589,6.169059147056455,18.935835175706295,26.017176276311726,65.47056307545374,0.9804764101972533,219.04345172456306,3.535224249909808,4.276514500448109,214.76693722411494,CONTROL,1,645,2023-11-14
5.825242168635558,8.122659111626795,4.396315507426696,8.788803644383947,23.401059308212346,0.9869493743080415,132.54989060531742,1.5288571572580865,1.729859007800039,130.82003159751739,ENTRADA,1,780,2025-10-01
-9.2583199937879,-4.159314286261706,28.972871405479328,46.948634578836135,97.51420203472082,0.9532122270107102,213.52567413297092,3.209524218144847,9.990390768718507,203.5352833642524,CONTROL,1,780,2023-11-10
1.7186085330567202,-7.890373159707975,-12.219440402514437,-5.943102426673175,-6.187188398614207,0.7052089897080488,72.71901556689903,1.4321119749779259,21.436912066402297,51.28210350049674,CONTROL,1,780,2014-07-14
-1.032903811027941,4.079336490092622,1.0693708370923538,-11.494871141072283,-2.2338068417138146,0.7447320484853917,115.12500851133373,1.9958331564369034,29.38772509079001,85.73728342054373,CONTROL,1,780,2014-08-08
5.67349235058856,-0.8284003202829737,-0.052408953351568144,4.733986997569328,15.693740492228603,0.9733795204939003,162.46780057659808,1.4573516286469732,4.324970755650423,158.14282982094767,ENTRADA,1,930,2025-10-01
5.748286848326067,1.7757592647460463,-0.12763632836310101,-4.591580859985012,-9.308897265479787,0.8577439390903636,133.778619621017,1.7458186784039031,19.030819461214467,114.74780015980252,CONTROL,1,930,2019-05-03
25.34524090299417,-20.787325425449808,-53.33119123789864,-82.40086431672734,-57.80185388340797,0.5970902199057918,314.952404695275,9.808130374517269,126.8974041159153,188.05500057935967,CONTROL,1,930,2020-09-30
-12.606198932454404,-12.929431277362013,37.610282496727265,54.19125317497109,56.03423448950373,0.25695474140047353,330.01229238025536,6.965343492415666,245.21406913270943,84.79822324754598,CONTROL,1,930,2022-08-30
-0.1272438979726953,0.6153923722496124,1.6926116817583825,6.99375755621956,8.424562940143598,0.7145798119013687,74.09301743636848,0.5118610823629763,21.147642973483464,52.945374462885006,ENTRADA,1,1200,2025-10-02
-1.3911574485392375,-3.6128809178936905,-3.723664218578948,-0.12749268995748686,-6.542272999469079,0.18125122765663906,56.44117911177491,0.45321327635247444,46.21114610737746,10.230033004397455,CONTROL,1,1200,2014-05-13
0.0,0.0,0.0,0.0,9.528025906051507,0.7836285051655273,35.466150315011184,0.0,7.673863959683077,27.79228635532811,CONTROL,1,1200,2017-02-22
0.0,0.0,0.0,0.0,-3.444033642471256,0.49156209433146103,93.72458921984774,0.0,47.65313385258351,46.071455367264235,CONTROL,1,1200,2016-12-14
2.8399793346878255,-1.2977506615596823,-3.5934998700348775,12.726016326105594,11.19952695300963,0.7413016698953826,78.29978121078187,1.6092479840464726,20.256022646786164,58.04375856399571,ENTRADA,1,740,2025-10-06
-8.145617925504611,-3.774357742634127,-10.458267120858622,-25.058875517735004,28.1291077640633,0.8225768460723074,182.16006959454478,4.008947057358673,32.3194140671521,149.84065552739267,CONTROL,1,740,2020-05-18
-6.543483378707027,-18.289147213356173,-27.515421910436764,-40.87658159885987,-107.88136423213079,0.016229194542752266,219.55944131132108,2.6949870848260233,215.99616842458164,3.5632728867394285,CONTROL,1,740,2024-05-31
1.8842846082423037,-0.9836888850922598,3.4650285453130536,4.628987944508278,7.758138987346008,0.23275722387252892,49.16273003042864,0.8963390841371325,37.71974947055146,11.442980559877181,CONTROL,1,740,2023-06-19
-11.608801070455144,-30.926920369968023,-13.282279850970191,-68.12547075100484,-87.01716280100524,0.083263671388817,108.44183311608715,5.0239818187411425,99.41256795870835,9.029265157378815,ENTRADA,-1,700,2025-10-07
-2.653677358276374,7.303220622343343,22.44495175640626,11.125929444435467,1.9911827110918878,0.793076923076936,62.54386987955215,1.794438657361383,12.941769998152676,49.602099881399475,CONTROL,-1,700,2017-10-05
4.81498023834348,18.48122913965744,6.82892077467967,7.433823785762961,-94.26886594885443,0.20219842352080525,168.94610267014298,5.274710242742879,134.78546705025596,34.16063561988702,CONTROL,-1,700,2014-05-15
-2.435410089556278,0.9951226101900801,4.0719741415440325,-32.60026418341444,-18.70541543647075,0.4625639277190532,75.60632639093957,4.774243360910481,40.633567095137856,34.972759295801715,CONTROL,-1,700,2014-08-07
-9.901742850829676,12.946240487277105,0.45365903204697133,-12.82922338154524,-86.50885323668977,0.14977430699786642,116.38606147107322,4.675617472018648,98.95441977003215,17.431641701041073,ENTRADA,-1,730,2025-10-07
-4.130309877198313,13.097183504757748,20.456509775530485,49.98211096028715,130.34565282842524,0.9523894553267992,224.01289605158422,2.8859815642556352,10.66537599483704,213.34752005674716,CONTROL,-1,730,2019-05-15
-0.9530758570264197,-14.477041264118196,-8.875317017424944,28.572234474097957,54.07180230525776,0.9190216173264595,255.641392644261,2.9142135864474064,20.701426520743798,234.93996612351725,CONTROL,-1,730,2014-10-17
-5.246085525977273,-6.300996404664527,-13.501483455639063,-21.767009831021866,-24.664230495444748,0.10384481356720286,68.46553926374226,2.8921503856887507,61.355748103120945,7.109791160621323,CONTROL,-1,730,2020-12-09
4.393404082960739,4.241263289765929,-3.8943265552160433,-0.6044012813299915,54.85507935687694,0.8620873403276764,79.57417816058526,2.483115737956882,10.97428655136564,68.59989160921963,ENTRADA,1,665,2025-10-08
9.231334905788202,-10.813385175122425,-11.203322741574206,-16.269742181159728,11.189314595794198,0.5449101796407129,52.21054606134612,2.7912231257267655,23.76048802791829,28.450058033427823,CONTROL,1,665,2012-02-16
-36.27061685394395,-27.62055276499309,2.3284224317121627,-17.403795331421,48.914413946805624,0.6362899034600052,171.37788050740318,6.09123554435897,62.33186546416728,109.04601504323588,CONTROL,1,665,2022-03-28
-0.9238921662357846,0.3148562209065453,-65.0556119833312,-119.94599573428077,-92.92685800721401,0.13045988070040437,200.35790957215764,7.680745464762945,174.21924059199154,26.13866898016609,CONTROL,1,665,2022-01-07
8.896880651518835,-4.6354367223178095,17.765346099851698,23.615067587998695,13.653645406350723,0.7756365481188474,54.03908668472239,4.552476058091418,12.124396025089144,41.91469065963325,ENTRADA,1,600,2025-10-10
-5.1389543306812335,-5.564394917921822,-4.535940280603334,-8.072291101403062,-6.151150093345326,0.5055860580731466,53.7642699131133,6.813173166353406,26.581804622561673,27.18246529055163,CONTROL,1,600,2018-02-23
-1.8596921615965378,-2.9277131790617084,15.140645498827876,38.336551220017334,38.336551220017334,0.60425798371947,63.20171915008234,8.139073030114899,25.011575768849365,38.19014338123297,CONTROL,1,600,2012-06-12
-14.717549736253943,-18.730811034523008,67.44409188093492,119.91901015511841,159.17318394370383,0.8752375589498111,309.23024642703587,10.745848662674813,38.58032039078842,270.64992603624745,CONTROL,1,600,2022-10-17
-1.1162609754833408,-96.87332920613744,-148.66820813021263,-204.541727434957,-195.26039050645318,0.11122265740989226,258.39536174668547,13.720216838247573,229.65594295082866,28.739418795856775,ENTRADA,-1,690,2025-10-10
-18.06379727211871,-31.00816095954584,-57.126714965004545,-55.456837925418334,26.20906817011104,0.5717726792815456,153.61036508937863,6.764056859192728,65.78015507680821,87.83021001257043,CONTROL,-1,690,2025-02-28
7.548906851868598,14.78522437558194,14.395981969754779,-26.224164237035332,-32.416417817914265,0.18551814638541556,138.45018539239703,3.130188217428421,112.76516363168238,25.685021760714633,CONTROL,-1,690,2026-08-18
-8.669696088672296,-3.0800431669419925,6.0101814328628045,50.15418170388975,51.324750934984564,0.897256219115854,112.83656516001867,3.182063616716844,11.593255326520621,101.24330983349805,CONTROL,-1,690,2021-07-20
-23.778100912605904,-94.63740692747913,-117.52456533478339,-221.4090421024295,-223.18316885801548,0.1237393468740444,280.4798474574369,13.336056672007457,245.77345432172203,34.70639313571485,ENTRADA,-1,692,2025-10-10
11.687309982424399,10.77558024345171,4.9944846297367285,-22.96368415051986,-59.7570446895257,0.21782276668521988,94.50952368959221,2.8074177499715938,73.9231977614229,20.586325928169302,CONTROL,-1,692,2017-02-23
5.326558206548704,5.995594174432739,-9.257288164158384,34.77819161450846,164.9765221758126,0.9543777848116681,231.13171943222676,4.179584069286598,10.544741040786187,220.58697839144057,CONTROL,-1,692,2023-05-26
-2.8656395411585933,-5.327998900696018,-15.237157309655469,16.616722188065314,52.75076606757079,0.7782555093234697,93.51666769949621,2.6527096614815155,20.736805848791118,72.77986185070509,CONTROL,-1,692,2018-05-17
-38.33221572986489,-90.42082787364292,-121.35464254393935,-242.99623869353582,-239.2502501976912,0.07489678831584852,290.7993034007336,13.557204843291148,269.0193695315327,21.779933869200956,ENTRADA,-1,695,2025-10-10
-18.95080653939951,-29.176983278550452,-32.72393636361226,-25.814514627668927,-54.323416868263806,0.05798654521641682,105.95384671379458,5.035080889736458,99.80994919047183,6.143897523322746,CONTROL,-1,695,2023-12-06
10.630613496895869,16.0514798120448,9.773672816180135,-7.748191465098975,0.8812600109942004,0.33463550919501966,182.85166476444775,5.856437422454671,121.66300481883975,61.18865994560801,CONTROL,-1,695,2026-07-16
-4.031188648206951,-1.0802869242076962,3.789081003400252,7.031720085144411,41.22039748329698,0.9007650621612913,65.17742720988231,1.3026750251545285,6.467877937659638,58.70954927222267,CONTROL,-1,695,2016-08-19
-16.842001548703635,-22.02118493637939,25.434577838496786,-96.22872511562686,-217.34691430775334,0.1623611582130721,290.0615441085752,11.413572967295998,242.96681585403485,47.09472825454038,ENTRADA,-1,725,2025-10-10
-1.0544092198394583,-10.193946753547234,-14.926312896529348,-7.069871447979992,-34.61079573197856,0.09817191070488432,48.478114014747334,2.2028636257853815,43.71892493455036,4.759189080196976,CONTROL,-1,725,2016-07-27
-12.081787197236737,-33.9465663332561,-31.376111897567505,-6.9577778319040995,-14.950507621885878,0.6239864864864938,134.43810775335479,4.934405323996818,50.55054524644627,83.88756250690852,CONTROL,-1,725,2018-11-21
2.3527924753286023,0.09388744519167602,-2.2223338462967757,14.601619239780206,62.31038661342892,0.9549080518243497,234.43474959945996,4.239690280979915,10.571119579510418,223.8636300199495,CONTROL,-1,725,2014-10-21
-16.88459451831048,-24.30475863220094,-5.92887223190508,-6.725275986768642,-81.52025273527097,0.07082169069225507,316.3717731500337,5.151672065164846,293.9657892882417,22.405983861791967,ENTRADA,-1,835,2025-10-10
2.7028451533461784,-2.3553069360982004,-3.6724538264565343,4.190326543944689,11.365053699994299,0.74589466058921,89.1157130156209,2.0532845203128103,22.644778502668913,66.47093451295198,CONTROL,-1,835,2025-08-14
16.018322234114812,15.659905699763055,19.817407098978723,13.822712636368806,21.377716082446874,0.5305612005627697,90.69621574045124,3.129404011039143,42.57632263069746,48.119893109753775,CONTROL,-1,835,2014-01-06
0.0018488153452622669,3.698997756558242,6.2899248353964765,-4.161798606647782,6.6490591784762465,0.2774256848134422,69.72066254134289,1.4419134062208354,50.37835999016393,19.34230255117896,CONTROL,-1,835,2017-03-16
6.651881750827648,21.90391581854856,36.81816163695784,31.264764854106453,40.6707358437286,0.9854009049773644,111.2945944346418,1.6228204249480336,1.624800359657027,109.66979407498478,ENTRADA,1,1230,2025-10-13
-5.212156661805745,-10.79538643950162,-12.959731503432437,-18.42019552846019,-26.113803093726908,0.023412013049320047,175.5472367598279,2.4564522731314553,171.43732256203478,4.1099141977931675,CONTROL,1,1230,2023-08-16
0.0,0.0,0.0,-3.118565617927782,0.012486493776719954,0.6062846580406784,43.908700536377815,0.0,17.287529046669437,26.621171489708374,CONTROL,1,1230,2016-08-18
-1.3163033934071589,0.2179043368188971,3.661750802796959,6.827639356183912,10.670294930497093,0.28613946515576094,68.63685724633841,0.9880770160640648,48.99714362389882,19.639713622439587,CONTROL,1,1230,2023-05-09
5.778480957854271,1.660206795583985,2.857797977677823,-1.5075569612865714,28.14486971070229,0.9691006565436404,89.56906712550052,1.574647754696749,2.7676253681765686,86.80144175732394,ENTRADA,1,560,2025-10-15
-2.300369087151477,1.9284989721102264,3.87189243983066,12.870725149525253,22.15947219205816,0.863560814665971,51.81648857199009,2.2878471472842197,7.06979948763235,44.74668908435775,CONTROL,1,560,2019-05-03
-4.164957620013121,9.422509819876357,-18.346026390858583,-35.385370069368484,-24.79961342775283,0.2147975668309177,85.49591131672258,3.3517938872400057,67.13159759189865,18.364313724823933,CONTROL,1,560,2018-02-13
-9.292428245638584,-13.854552075335258,-0.3113232346563244,35.95806602106677,21.945135989964726,0.6472824021284678,102.38961642421329,3.395204097176724,36.1146195521361,66.27499687207718,CONTROL,1,560,2023-08-04
6.654973186177582,1.722417215921368,-2.45939530726047,33.18999645576248,29.986417554555,0.9470234299003402,124.56806049698856,2.9296187604868855,6.599188589097379,117.9688719078912,ENTRADA,1,660,2025-10-15
-11.10900722273156,-0.1520755131856344,-7.680289019145192,9.731707358568986,-102.50342275724745,0.09146779993461454,301.01569201628075,6.832638625236663,273.48244892175603,27.533243094524718,CONTROL,1,660,2022-10-07
2.392467937111231,-0.06245723414344262,-39.239983953773816,-87.04415841720548,-50.773396130535666,0.10386209182827166,139.55809148931579,6.774503466645699,125.06329617567411,14.494795313641653,CONTROL,1,660,2016-01-08
-1.87917397575732,-2.1222423005795577,8.357572392925228,5.916714302847126,6.409373773552662,0.5073243753786945,80.26467862087846,4.021194022485851,39.544450674569646,40.72022794630882,CONTROL,1,660,2013-12-19
4.202452759785036,6.384248975177531,-1.8163789501524086,7.840247439816483,15.285370983788571,0.9539937536234532,64.44576075269138,1.6221904137872787,2.964907547112308,61.48085320557907,ENTRADA,1,425,2025-10-16
14.617262375848927,11.225584828256086,23.40532936113915,29.210469433007535,-50.45628254401136,0.4041531434463882,124.90048325323926,2.862671792937048,74.42156032846964,50.47892292476961,CONTROL,1,425,2026-03-20
-0.19711963532342835,-0.0788487866887344,-3.5128208766133096,-4.988677619515158,-3.946169207637018,0.19307654802536228,16.172013664077465,0.7132690623766834,13.049577091198397,3.1224365728790677,CONTROL,1,425,2014-06-19
4.892399126175118,18.106615826429806,14.051911166372832,1.0652845043201964,2.766808253809039,0.3505288550751558,103.11748560105667,3.3823878171196293,66.97183143508941,36.14565416596726,CONTROL,1,425,2016-11-11
8.48994449882401,-5.264768665680375,-1.3378511929518222,27.673947772577367,17.781909033820487,0.7867139974703359,106.48443587876973,4.750968510299807,22.711639660209137,83.77279621856061,ENTRADA,1,670,2025-10-16
-4.481345381361912,-18.725669952235346,-43.28676398974052,-47.19111454865477,-25.06959220681115,0.28011051824439,107.19428956492418,5.557570386435999,77.16804156205407,30.026248002870116,CONTROL,1,670,2018-10-08
9.617495000733278,-2.2820105258680723,6.416215365425693,-12.620961014933041,84.14780937920918,0.7610514520496787,163.066236046333,5.244712951659233,38.964440322995614,124.1017957233374,CONTROL,1,670,2018-11-23
6.43101459336437,-10.411119492061971,-4.147959755933517,-10.932839640694914,-24.952048611531772,0.42255702249403115,66.17777205727457,3.951319444142421,38.21388974146392,27.96388231581063,CONTROL,1,670,2017-06-14
10.2261265414616,2.947691715193823,2.7185589569578283,36.35391043350644,71.6803812040756,0.9757514966804707,113.36084894267519,2.26556823169842,2.7488309218911264,110.61201802078406,ENTRADA,1,680,2025-10-20
-1.4114550722177377,41.063450651386276,27.544544360231793,14.115211159517749,-40.897396054654365,0.3879516019086513,124.56522639008018,7.582452768635116,76.23994726993477,48.32527912014541,CONTROL,1,680,2020-05-29
-10.917291985282906,1.772225019172069,-31.69922027494554,-2.2866603189808377,109.30628928754294,0.7930484333550314,187.58032204772627,4.965538716020551,38.820041519544695,148.76028052818162,CONTROL,1,680,2025-03-20
25.41979593893018,1.4624548435460127,25.891359517475898,129.0184709359865,140.73975367088875,0.9627412295621011,309.7043288303282,8.171784471781924,11.53920249151278,298.16512633881547,CONTROL,1,680,2022-02-28
-8.798111444425771,-23.19358037255803,4.997611633101862,-47.28007759477237,-62.730292034507414,0.2409139835186733,115.76591320038531,4.296350231318694,87.87628589560353,27.889627304781794,ENTRADA,-1,680,2025-10-22
5.1850043967660575,-22.69188772125674,-26.255045452457935,-23.62506354882776,6.341876126325641,0.6619310831471225,142.6059693755228,5.0616660298619935,48.21064560353762,94.39532377198518,CONTROL,-1,680,2020-11-12
-5.421358028074863,21.45110186302812,21.228937329411668,-17.260660710531894,-46.04836663942069,0.5918558633618017,169.93186443677467,5.311273689759285,69.35669409786674,100.57517033890794,CONTROL,-1,680,2020-09-28
7.10896293813823,6.226408438283482,23.25182825450467,-30.823464494145192,-20.30092515221238,0.2864255104613098,139.85718138598597,5.200983193516339,99.79851681582494,40.058664570161035,CONTROL,-1,680,2020-09-29
-2.6209569210455808,-14.117004372232733,1.715264557369256,-30.480344139142133,-58.549611726400606,0.1869888730012034,135.07309203018573,3.4832311770819766,109.81592677867349,25.257165251512255,ENTRADA,-1,735,2025-10-22
-7.636809508329012,8.689963798260703,-5.235740950020329,-25.50129268207857,-21.48731402295656,0.7214928553549933,150.30825782994947,3.0725570172038825,41.8619237047847,108.44633412516478,CONTROL,-1,735,2026-08-13
-2.80138410284847,-13.360080294484433,-11.080094788423756,-41.887650058068935,-89.63692214947639,0.07828655834563901,109.00952156037586,3.400852738715672,100.47554129050931,8.533980269866559,CONTROL,-1,735,2016-04-08
4.221205978587328,6.6929916780522625,20.49170616815532,30.757932197644777,42.75113241447359,0.9401567086189696,98.52172338750985,2.7075838264061503,5.89586420004003,92.62585918746981,CONTROL,-1,735,2024-10-10
-10.027747181703406,-5.994639135348256,12.049837557424059,-28.613953279580386,-81.76124367677562,0.1000322556914302,214.62596050298345,5.111827545325366,193.15644154393019,21.46951895905324,ENTRADA,-1,855,2025-10-22
2.1861378358711825,3.6552252314980826,0.02145145297838269,1.4565242991659844,8.59509447447282,0.9169336615965819,70.67285198123963,3.842890027849134,5.870535038608332,64.80231694263132,CONTROL,-1,855,2014-11-12
3.7944085225150026,3.5119413028184,4.228680286482156,8.86888665253549,8.587539494249175,0.7846770155232753,84.13061520249045,1.9075306316760476,18.11525515126315,66.01536005122729,CONTROL,-1,855,2019-02-26
0.47815075836510346,6.741149224549492,16.941535333430124,11.923151970387735,32.27254702189208,0.9713587487780981,102.20519008545384,1.7050751307320782,2.927284525419721,99.27790556003413,CONTROL,-1,855,2021-04-26
23.715087941396096,12.253061092746265,-3.6552440357184857,61.81649402229095,79.99487805711914,0.8990569231912664,96.86858788472752,4.540281444328927,9.778213307201614,87.0903745775259,ENTRADA,1,625,2025-10-23
6.75436189345513,-38.93223775356947,-70.42712574719113,-97.00254282239973,-106.78456305918904,0.12536476123690662,131.91358700695744,5.109636906703326,115.37627166792632,16.537315339031128,CONTROL,1,625,2013-11-07
10.285910920271313,2.5788415395311404,17.62988471328164,27.388535031847017,27.388535031847017,0.9316493313521493,75.43969121663804,3.732539371013379,5.156353337244599,70.28333787939344,CONTROL,1,625,2012-08-03
2.621811189258416,-133.8001491088936,-109.54025001604029,-302.1410014010362,-226.57231936544343,0.02443483301377614,393.2036622098785,16.054808205467044,383.5957963833748,9.60786582650362,CONTROL,1,625,2020-09-04
5.482911213543495,2.748900839388835,-4.009317498879783,12.303248549747625,65.06091610171794,0.9276447298350693,103.55516984813455,3.0031508857894793,7.492762291337059,96.0624075567975,ENTRADA,1,690,2025-10-23
2.036186426441766,-8.475193954813331,-7.28783771939967,6.79051433053246,-35.4978532073591,0.4413859275053258,79.56475196664141,3.064871217656012,44.4459901231142,35.11876184352722,CONTROL,1,690,2017-08-03
-0.6772081460870716,-1.013244969365612,-4.220499845614123,11.836382639138776,8.280835081397875,0.711038961038966,52.018512510366584,1.6559960986597624,15.031323420203071,36.98718909016351,CONTROL,1,690,2017-08-16
-7.460403600216825,5.909409399422749,17.710948738716148,34.06736970952507,42.882255357483686,0.8496692235886132,72.25220797516148,2.9379050065200603,10.86173052234302,61.390477452818466,CONTROL,1,690,2013-11-14
10.203984695140722,-1.5648393476119793,3.0868601112299388,5.1776255085456135,24.48308512614794,0.9666323425243355,121.59249257193126,2.974883501861344,4.0572566437524795,117.53523592817879,ENTRADA,1,795,2025-10-23
9.090846693675658,30.8375132739358,59.515455702376926,85.88926621474924,124.03163872104494,0.9626364513192215,262.3262874884426,5.953927237471682,9.801441012822334,252.52484647562022,CONTROL,1,795,2015-10-02
-14.539494554297594,-10.31418597270739,-2.4198884582660174,-31.780859101087078,-50.19849856064962,0.062290368950645006,157.86030081955658,3.331149566660557,148.0271244388466,9.83317638070999,CONTROL,1,795,2012-05-04
-0.31609059156334496,0.8298328874634109,-0.9877167544414256,11.82823347904538,20.430141585634498,0.9610211364260208,143.9443030772403,1.7235499512619565,5.610785351899262,138.33351772534107,CONTROL,1,795,2012-02-03
4.7239467048942885,4.953525145854343,0.47585759394008775,-3.5656984111742673,13.777554361089628,0.9645726946674921,136.22378179284271,1.5961114084296382,4.826041511123979,131.39774028171874,ENTRADA,1,895,2025-10-23
4.449689489061104,19.82334862563162,71.31128875678795,93.37319097888042,5.6558055355449,0.47887323943662147,232.35196115765393,7.7122109028454435,121.08482482863617,111.26713632901779,CONTROL,1,895,2018-12-11
-9.041986950797387,-30.32066726520899,-17.065950428074572,-57.27440730291966,-118.76314754704853,0.012027526917281473,208.5374671924605,4.341637581952451,206.0292771925415,2.508189999919021,CONTROL,1,895,2024-05-23
0.5769065008043306,-12.453911863400391,-6.011375927261753,-30.418882223408605,-19.588847392681963,0.5921814786857876,171.2320263685478,3.1921435400186198,69.83159179525738,101.40043457329041,CONTROL,1,895,2021-07-08
4.622151993809442,-2.3526305409360404,-8.778480521960397,1.302937915994562,13.492604474998338,0.8612560620974584,87.72747824734047,3.9582766307841295,12.171655794295578,75.55582245304488,ENTRADA,1,640,2025-10-24
-5.341696616633085,-25.296932619586208,-19.935273876261483,-29.802514074331874,16.491508629836726,0.508005057873742,76.08326518203741,3.8103977677972796,37.43258165001323,38.65068353202417,CONTROL,1,640,2021-01-25
-6.317903770656219,-5.733924012725211,30.533064046125435,17.204647451150024,43.38092267038629,0.7525998905309258,66.76362679607671,4.10364689787621,16.517328577901793,50.24629821817491,CONTROL,1,640,2012-04-09
3.9137388622334512,8.325573265461905,20.636426617846038,32.13919519421849,21.305604790353705,0.9581019687026835,49.50372714836075,3.3273646681553353,2.0741087093958335,47.42961843896492,CONTROL,1,640,2014-02-11
-1.3099813211481237,12.990360982547688,26.728886878952807,14.552973874233377,26.849674761841857,0.9657380323892368,88.3435424290436,2.4711934151994326,3.0268235893239734,85.31671883971963,ENTRADA,1,690,2025-10-24
-5.592092202365562,4.12566915685364,24.26115408554308,0.477702480365938,127.97936848728986,0.9167361038301677,288.54876858562005,5.151315524657497,24.025694707446046,264.52307387817405,CONTROL,1,690,2022-05-27
2.617857524940259,8.28753380441416,-6.561969950932278,24.14191011969713,-52.29753699680817,0.3389149123279312,123.89654052948275,2.9614730623336705,81.90615535819914,41.99038517128362,CONTROL,1,690,2016-06-03
-19.0115208353836,-35.20331957477474,-60.58347419719334,-137.42657396418224,-228.79923032540938,0.018487712665404228,387.5481156736619,6.870520239284365,380.3832374670684,7.164878206593502,CONTROL,1,690,2018-11-12
2.3991966661296438,-1.6235920017959593,-2.1946224319591146,3.385443023191659,15.645050433676921,0.9173568708059009,38.61998030437786,0.7442192762823425,3.1916760217682643,35.428304282609595,ENTRADA,1,425,2025-10-27
2.7639966036097086,6.976433631395995,4.300882999708211,-1.2816855180253217,2.2679372518008556,0.4267964071856094,40.39036196475849,2.5681495161674506,23.151900593273275,17.238461371485215,CONTROL,1,425,2021-11-19
1.440111228954155,-3.649333109817521,2.748207990899143,-1.5996372604387687,-4.506757883446788,0.5703333333333123,39.27010545768653,1.4787600292632903,16.873055311653474,22.397050146033063,CONTROL,1,425,2019-02-04
1.3873915384388091,-2.7990676560096794,-6.243585825266296,-8.785081357685076,-21.474461138336622,0.5939884662433783,65.54324752213181,1.4457191517647938,26.61131445385063,38.93193306828118,CONTROL,1,425,2019-09-19
2.471879842091962,1.776103113253491,15.756799920845221,11.90490492113394,32.13819693483888,0.9752451590757664,57.695432175394366,2.0278099780694254,1.4282412455567963,56.26719092983757,ENTRADA,1,690,2025-10-27
-6.278435723440223,-10.696868433430762,-11.063668100272928,-15.356533032504505,14.602314700811192,0.6729725766241339,83.83473529173062,1.5604821140916525,27.416257471852454,56.41847781987816,CONTROL,1,690,2019-11-01
-7.6068815866869866,-8.087789090264197,-3.0069576636304607,5.339364064185226,12.792389908908852,0.7484750746733094,69.52849182653156,2.2463693161448215,17.488148714745765,52.04034311178579,CONTROL,1,690,2025-06-04
5.290795026988704,9.329169067182619,16.051283192375365,-22.1630520863636,34.16686847275585,0.5510704363458082,61.789793525754405,3.122168348653215,27.739265045799527,34.05052847995488,CONTROL,1,690,2013-05-10
11.478858140971937,-5.148424187738643,4.716584781943034,19.976326987543036,27.18513769276898,0.8009036544850502,58.061486303835494,4.6648669534517015,11.559829738259955,46.50165656557553,ENTRADA,1,600,2025-10-28
-24.330773054896948,-9.28442405655927,-9.488341923845622,-6.8672309064621295,-35.66485846186684,0.28644232931125746,88.50620588163324,8.563837064133573,63.1542821103965,25.351923771236738,CONTROL,1,600,2021-09-21
2.2039744092561264,2.290693055571058,9.077664948775599,11.367946729134992,2.3089498042994094,0.571103849978707,32.11254124983324,2.7656375125484653,13.772945309453435,18.339595940379805,CONTROL,1,600,2015-02-18
1.234316944804803,-4.684053164838442,17.78087405090778,14.01874822489324,5.959735454561521,0.819519058582751,46.612072073543985,5.490425015890686,8.412590649241881,38.1994814243021,CONTROL,1,600,2023-12-19
2.544960457115941,1.40778824167187,-1.7069000553715519,3.238428968739271,20.547587328492156,0.9751269561612593,118.2958014928654,0.7098075414624206,2.942376656471009,115.35342483639437,ENTRADA,1,1400,2025-10-28
0.0,0.0,0.0,0.0,0.0,0.874652210079458,67.15265648150414,0.0,8.417437077249904,58.735219404254245,CONTROL,1,1400,2017-02-07
0.0,0.0,0.0,0.0,0.0,1.0,151.1091555540607,0.0,0.0,151.1091555540607,CONTROL,1,1400,2016-11-21
-0.8296653783490537,9.571472638616463,11.30301521721,-0.3097143789554391,0.7173069623034323,0.9174268018018018,289.51040709222167,1.3721126293014871,23.90580022526708,265.60460686695455,CONTROL,1,1400,2022-09-07
3.629247766974153,4.5984870893311935,-7.9850842202522365,13.209346278624245,13.063678849722926,0.7346448415677902,40.734986954702265,2.3873849168780787,10.80923891709902,29.92574803760325,ENTRADA,1,630,2025-10-29
8.522380650737293,14.88476266914951,23.600326075858824,-1.3357891817444845,1.1674379996895468,0.792339307656459,39.412715305796574,3.335678003803109,8.184471747540591,31.228243558255986,CONTROL,1,630,2017-09-19
8.738700846475655,12.890095432052107,4.0874916426303365,30.293941412118386,35.55305739918913,0.9696855936180323,70.96076412522109,2.915262152345788,2.1511334408669094,68.80963068435418,CONTROL,1,630,2013-06-04
-7.602793993660706,-2.152574193639012,-4.3196821067492674,-7.240808116595332,-35.656159905587124,0.24002553463134368,76.18083836279776,3.143328917350838,57.895491906103246,18.28534645669451,CONTROL,1,630,2016-04-04
-23.133012433869116,-19.685841688095174,-2.99055767109091,-24.982256876078246,-64.57395360991435,0.23856649280983094,168.8078452785377,7.583573311472185,128.5359496716524,40.27189560688532,ENTRADA,-1,620,2025-10-30
-1.7701382498624962,-6.005822687552564,-33.929514214763316,-70.04157756699381,-87.75034580492003,0.08083058794580687,167.9816460883222,5.316758461464551,154.40359087089865,13.578055217423532,CONTROL,-1,620,2015-04-17
11.234692210451147,20.799863421883114,7.287625144576371,7.922841714826934,-1.397935545450757,0.7197250709142439,42.43466457471569,4.1663003165136345,11.893372604456289,30.541291970259405,CONTROL,-1,620,2014-12-05
-1.7300605085945886,16.27441298203358,29.875118294335756,16.099724549736294,15.652113253286082,0.845357266137395,63.054749021637875,3.0817811971207973,9.750958771726493,53.30379024991137,CONTROL,-1,620,2020-01-23
-22.028831154548012,-15.734600421076772,-10.73694839569983,-51.28873606954354,-39.69624480010925,0.12524094911657832,169.13139771582806,5.2757186288727835,147.94922094048428,21.182176775343795,ENTRADA,-1,655,2025-10-30
2.77943281824955,-1.858008671445921,7.272380267593359,40.10594577937843,-3.09482010028006,0.6821737461994953,75.12584360510112,2.8005364566244375,23.87696543661189,51.24887816848924,CONTROL,-1,655,2016-06-02
-12.607535943334192,14.111178621494247,89.92543298067979,115.16399602821359,117.54100547485268,0.8822863354318597,190.6382864088353,7.457386280247957,22.440731300174683,168.19755510866062,CONTROL,-1,655,2022-10-26
2.2385464349294892,-5.317806912793488,6.18589684814097,20.16610336130764,98.54204812954626,0.8781855871235245,138.52234443451766,3.734067739951,16.87401805756368,121.64832637695397,CONTROL,-1,655,2022-11-23
-11.659812671984682,-25.513402202790303,-22.815130957808407,-15.621465748110186,14.380294917848424,0.12591091913942473,169.1294812595055,3.0119155617523896,147.83423282054707,21.295248438958446,ENTRADA,-1,700,2025-10-30
2.717036035924103,-8.99669402671277,-1.0994745759596025,-12.454476306783535,18.274733011152122,0.6447450387113798,66.79002344753553,2.063909094644183,23.727487194320272,43.06253625321526,CONTROL,-1,700,2023-12-20
-1.842600829804475,7.973838300809888,9.345106696099226,25.895937420734594,47.251422547476274,0.9521467130820861,100.49221972412634,1.4508529776130876,4.808883023476664,95.68333670064968,CONTROL,-1,700,2014-08-13
-2.696854963682993,-5.2155155068334125,-22.613656140709757,-48.75707851192512,-50.205692634137655,0.08971447982407625,95.15485382244603,3.5122816533530923,86.61808560902927,8.536768213416758,CONTROL,-1,700,2024-04-30
-7.315865559094359,1.7156071928114969,-2.346108926519763,-29.603188828500883,-31.79781681830751,0.10677218503977394,169.1842449166649,3.3454550214443595,151.12007341260835,18.06417150405658,ENTRADA,-1,900,2025-10-30
74.3013614055954,155.08130784035677,264.3415559661766,200.63613157909944,37.0203198840402,0.42837624187535434,726.7947857691046,25.86057627834389,415.45316682673234,311.3416189423723,CONTROL,-1,900,2020-03-18
-2.696229014065299,5.816542007548442,14.017512428556866,11.106761537078569,-2.0707833798561115,0.596365638766512,79.54456357148132,2.1009158154251084,32.106919106771436,47.437644464709884,CONTROL,-1,900,2023-11-28
-0.9071576439023676,2.5257889797836164,2.941834672547383,32.710584898758555,61.340495978934314,0.9713415944416574,175.91634542077213,1.861275168690959,5.041481971409977,170.87486344936215,CONTROL,-1,900,2023-07-18
5.614838883287732,6.629194488307899,3.7500840416848646,3.2124287878643187,14.56040354063326,0.9621101755598747,62.21400294356418,1.406945118925319,2.357277649249087,59.8567252943151,ENTRADA,1,430,2025-11-03
-0.22155906504450762,0.07583790851528605,1.2656027176394247,-2.1556946763257034,-5.053267383239302,0.3311036789297577,22.230747726366737,0.6477728579349877,14.870065368807362,7.360682357559373,CONTROL,1,430,2018-01-12
1.3001688776514975,-1.4426329783012726,-1.2825212550116039,-13.542897874676552,-16.26318412690231,0.5836552952459336,105.31297388313243,1.9152175344370492,43.84649901814548,61.466474864986964,CONTROL,1,430,2019-02-11
5.293468742206819,0.3735096486412459,3.1600842975731958,10.933956454646232,-0.250814041976577,0.520241207725376,27.794174646979105,1.4876128911108017,13.33449966090467,14.459674986074434,CONTROL,1,430,2025-12-03
-1.9109010879969635,-7.601027051855613,1.4535619611222295,0.8150402716466942,-25.677256477707466,0.08949648779365206,107.38333460016979,1.7548569381471701,97.77290330588404,9.61043129428575,ENTRADA,-1,1240,2025-11-03
0.0,0.0,0.0,0.0,-3.964825450977205,0.6285375502366274,151.1370526125812,0.0,56.14173981348515,94.99531279909606,CONTROL,-1,1240,2017-11-09
3.49334704040416,-12.570157881320876,-26.621131676887178,-17.264159301494388,-7.870365178752614,0.6675259219360177,214.7451625054339,2.7717003017871114,71.39719992269423,143.3479625827397,CONTROL,-1,1240,2022-04-07
3.8338490267841863,0.8682700045925529,-2.2121694161247873,-10.567260321846517,-0.3207015151207582,0.5588558762816801,179.09961096396017,1.9959457076339708,79.00874093698822,100.09087002697196,CONTROL,-1,1240,2024-09-19
-3.134513881527523,-2.730520432782102,-2.191811705799518,-5.3334610907929125,-21.723846820840276,0.055406038820540404,124.73414778550851,1.735122032231613,117.8231227510576,6.911025034450909,ENTRADA,-1,1355,2025-11-03
-2.1866623716448874,-3.0485692683346333,-3.491956225735171,-5.482341433203919,-6.312474875468377,0.48716619134042677,144.61373815514943,0.4352324399321162,74.16281412260352,70.4509240325459,CONTROL,-1,1355,2023-11-22
2.283283904678246,0.04866827379990113,2.1998155771063566,4.518898455321274,14.026772011344057,0.26098428101872617,103.64669600808527,1.372307449737059,76.59653757044866,27.050158437636615,CONTROL,-1,1355,2015-03-11
-0.7764898502093942,-0.7678307770231374,-4.636942145851419,0.848792275414123,-26.69786071622604,0.035433140200415165,163.92136462666818,1.3819899435298062,158.11311593200807,5.808248694660109,CONTROL,-1,1355,2013-12-11
-5.923600790760375,4.271822179244822,5.564441734613457,-25.31113361406878,-42.87446769940861,0.1013976899635662,126.33031689250737,4.020953642466002,113.52071458724186,12.809602305265534,ENTRADA,-1,830,2025-11-04
-4.9557094810603886,12.533698236554258,20.927484072341684,4.394811714683033,28.157175685934455,0.6944992206133729,120.88255365558155,3.835048093188609,36.92971435602593,83.9528392995556,CONTROL,-1,830,2016-03-17
-3.4467935775184255,4.486911346608391,11.339420769473918,15.041161512221457,6.651986534047527,0.8030312863497335,109.83917423023739,1.5619756791680353,21.634880856537357,88.20429337370004,CONTROL,-1,830,2024-05-14
-2.152545415814444,-24.33369291156562,-23.917453836611593,-6.6398199953277,6.045968354491116,0.34092382805050536,202.31338101180464,3.878627718505273,133.33992869141977,68.97345232038487,CONTROL,-1,830,2023-04-12
-11.021040703481644,-4.712549215956097,3.5352661654752815,-28.36266496596074,-18.379171255057393,0.05434406863431578,137.4453739170393,3.7555882074608213,129.9760330834225,7.469340833616778,ENTRADA,-1,925,2025-11-04
-5.743044962438493,-10.219441468810597,-23.754330806425862,-22.779202546124864,-36.2940164447223,0.11471354166667161,107.63885482349636,2.5345630860093413,95.29122056574839,12.347634257747965,CONTROL,-1,925,2019-05-31
-5.404018320651627,-2.3659266039244287,2.027380106230936,-2.197089574041966,26.08061382248783,0.3558568547322606,159.96333888441364,3.1948676160170875,103.0392882365355,56.92405064787816,CONTROL,-1,925,2017-09-05
-14.730214516641693,11.258556783373397,24.40062078172156,21.528312816918582,84.09804155245615,0.9625173986770851,504.97263892692905,5.054914714884529,18.927688103878374,486.0449508230507,CONTROL,-1,925,2016-11-09
-4.793372017322106,-4.793372017322106,-4.793372017322106,-4.793372017322106,-7.875933572423222,0.03135787435422377,150.500450306956,1.5899595787321021,145.78107609597637,4.719374210979624,ENTRADA,-1,1083,2025-11-04
0.0,0.0,0.0,0.0,1.4053202862696068,0.46255117887900776,111.96045739372947,0.0,60.17301583842699,51.78744155530249,CONTROL,-1,1083,2024-04-16
-8.179593994577239,-8.179593994577239,-8.179593994577239,-8.179593994577239,-11.77144665877261,0.32608188226506724,143.0330498424212,1.3382992986028233,96.39256372369132,46.64048611872989,CONTROL,-1,1083,2021-08-17
-3.4646000705473856,-3.4646000705473856,-3.4646000705473856,-3.4646000705473856,-8.060187369868244,0.1972023989606868,425.2113854735573,4.014753011103484,341.3586801927745,83.85270528078283,CONTROL,-1,1083,2022-03-08
-7.158979523327336,-7.137178611771322,-4.8792783302153975,-13.03462115099685,-64.34331093415513,0.05149849547389118,253.4140560455715,4.098687633697465,240.36361342728824,13.05044261828327,ENTRADA,-1,1280,2025-11-04
0.5032806210936158,0.6817962629135366,-0.23055006518668542,-0.5354547919989017,1.026448656245016,0.2844887746591528,145.64902331286814,0.5390709794433197,104.2135111402879,41.435512172580225,CONTROL,-1,1280,2014-09-15
0.0,0.0,0.0,0.0,-4.0637123697950805,0.7189655172413761,98.28725976814374,0.0,27.622109210702774,70.66515055744098,CONTROL,-1,1280,2017-08-09
-0.2660768196893759,-1.8799727273899336,-2.3823614451412567,-2.4887431663767057,-1.6139817882554475,0.28351955307260746,46.57059539938478,0.6326089462846081,33.36692100542598,13.203674393958801,CONTROL,-1,1280,2023-12-28
5.9242099173806295,-3.078160639359284,-0.19967980251611728,33.24361647315976,45.96598885117098,0.9430172632880687,148.85685515425385,2.0182748633309364,8.482270985020945,140.37458416923292,ENTRADA,1,735,2025-11-05
-7.48828491096476,23.502845254446125,49.1429206955396,27.87713369643674,-66.70635508463585,0.4806189012884778,173.97282501141885,5.769019810218552,90.35819700037811,83.61462801104074,CONTROL,1,735,2020-07-09
3.468066784206858,10.609945059891768,6.428441919132943,59.20735591791182,-63.518693794129,0.2740436929773148,253.58344661371882,7.701806329096425,184.0905024257796,69.49294418793926,CONTROL,1,735,2022-03-03
0.13987081023403292,-9.331415577578106,13.850633019201197,13.140900043429049,12.446847336213818,0.8748214285714246,79.11773552608138,2.5067232141419553,9.903845107818709,69.21389041826266,CONTROL,1,735,2019-02-19
14.640516167858664,-2.0674505955042832,12.477946778735038,-67.85806010433882,-132.19339533570573,0.10146262748602673,214.8102588964371,6.820160703390961,193.01504561785092,21.795213278586154,ENTRADA,-1,690,2025-11-06
14.003110503884031,-15.528751996589651,22.410343334660077,48.29251326544659,-33.1950562494443,0.6979665071770302,156.99110399393064,6.925117002673733,47.41657148142094,109.5745325125097,CONTROL,-1,690,2022-02-01
-4.917927978583814,-12.224088548722367,-27.291279774935838,-34.19891370671113,-44.70061577327655,0.08637782107205394,73.17566436364979,2.6230058998793284,66.85490992041777,6.3207544432320155,CONTROL,-1,690,2019-10-22
-12.721862850202381,-44.56308045458379,5.684315272918017,-24.75813946938521,18.603693439958047,0.5231727201033398,107.27266716190525,7.081593681334717,51.150534090071055,56.122133071834185,CONTROL,-1,690,2024-09-12
-7.19798943636385,3.364746412426456,-11.079052898371744,-68.2617431391075,-124.76778667470545,0.04252093436264024,235.38092429489316,4.843544831222905,225.3723074627324,10.008616832160744,ENTRADA,-1,690,2025-11-07
-3.322572221432507,-12.817766279782372,-18.48958268185985,-22.451298643382245,31.74320833960298,0.6810174911627436,123.93544020652095,4.054015892010014,39.533237650925834,84.40220255559511,CONTROL,-1,690,2026-05-26
-12.001653345129482,-14.216402290091468,-44.73709241806567,-55.61611956907741,-64.72793559512246,0.09607234065675527,88.80820533706614,5.524773053837611,80.27619318080845,8.53201215625769,CONTROL,-1,690,2025-10-07
-3.994441379324698,4.189918304999818,20.147419454126236,18.783618071227526,62.896732453208145,0.9569269321180065,119.98968061222315,3.110200474432237,5.168323658149013,114.82135695407412,CONTROL,-1,690,2024-12-16
3.612624127422581,0.3844988313295161,0.055825193863157097,2.8128711604735734,7.334159937719686,0.7697420922809106,43.351559240068,2.1724233442964893,9.982039326978215,33.36951991308979,ENTRADA,1,565,2025-11-10
1.844192630842123,-4.473113765975922,-6.629534280135907,-6.607690713735792,-11.035612846843623,0.5877658794190884,74.5524501695011,2.0329247314835692,30.733063732776515,43.819386436724585,CONTROL,1,565,2015-11-17
-1.7020949327772872,-4.736498147688284,-7.362803561412612,-7.160673580695054,-7.564925365133313,0.5720694811917446,35.19341296553273,1.305178534870577,15.060335468973603,20.133077496559125,CONTROL,1,565,2016-12-16
10.555303707755481,11.03477834957678,7.045256421371882,7.779836694723485,23.140407278396946,0.9770522166148332,51.75871088260125,1.6047090921345335,1.18774768562941,50.57096319697184,CONTROL,1,565,2025-07-14
5.914562814872681,-7.383475567416253,2.9335037518318785,7.842701441773681,40.11426265513762,0.9091928894777611,88.59556976371394,2.156258413245584,8.045107695314298,80.55046206839965,ENTRADA,1,845,2025-11-10
4.364487749699553,11.027723488779007,20.825306110547892,27.090449465130284,13.525860220984232,0.5434585703416431,57.36620907687723,1.9622643695538418,26.19005110603774,31.176157970839487,CONTROL,1,845,2016-09-20
20.2062107705947,5.178050981611282,-1.5708480176823691,-12.202663909838263,-8.329101066532063,0.34004082822980075,126.75962619033524,3.393556512876067,83.6561779144737,43.10344827586153,CONTROL,1,845,2020-07-22
0.022336092171393318,-0.7965887142979966,10.474154229436206,23.60522334909687,1.2087741615207648,0.9226378485696218,110.00252645456047,2.8825126648136536,8.510032109301887,101.49249434525858,CONTROL,1,845,2014-10-24
7.308362074416319,-9.379181460767994,9.004694040961603,7.762484910562861,27.084791584912615,0.9062352782270853,118.45104230143042,3.4705333560252414,11.106529025105381,107.34451327632505,ENTRADA,1,965,2025-11-10
7.223437183401238,13.386382200171187,8.517412339021924,-2.834986423950747,9.329884198290284,0.8852189581075984,183.51702574575748,3.05133166520587,21.06427542009273,162.45275032566477,CONTROL,1,965,2024-05-03
3.83350146844208,-25.15780696886072,-25.21203652399717,-17.857162163449345,-60.05284008144929,0.07671299144736617,148.779149327226,5.247164129171702,137.36585571734014,11.413293609885905,CONTROL,1,965,2026-07-20
-7.625743860055767,-5.4258267660523,-16.466402858080762,-2.951390212291294,0.6322019286852942,0.3093464363079183,123.34978844406538,2.7469218330241647,85.19197096955811,38.157817474507276,CONTROL,1,965,2021-10-22
-27.52689920945017,-3.2769991642445095,-0.5202770502843457,-13.612075691205039,-36.63919354561007,0.13576714969837209,88.5957483754172,3.834653468003751,76.56735614309262,12.028392232324572,ENTRADA,-1,690,2025-11-11
17.842786731208093,-20.958410100584413,1.3631002826963723,-53.78553145628406,-90.68015991920197,0.23547557840616593,164.65023042566952,5.898028559475543,125.87912218147649,38.77110824419303,CONTROL,-1,690,2020-10-19
0.7892375118290218,28.54278526813081,14.638083211127029,29.411614747176795,-0.9210230593426072,0.6753201762748589,150.23903213871716,5.405110637863392,48.77958247143451,101.45944966728264,CONTROL,-1,690,2025-11-25
8.011187757144267,11.89732217508066,33.98687336819472,43.18032337974343,11.761795789348994,0.621160557433093,118.77476696560689,3.3080430477652865,44.9965665082648,73.77820045734208,CONTROL,-1,690,2024-12-23
11.72019412117642,1.5939824684729764,-7.934429768688966,-32.97629002396274,-41.595389441428935,0.14729808765928226,133.08772460750131,2.9108397985461254,113.48415728189117,19.603567325610147,ENTRADA,-1,1140,2025-11-12
0.28842000910245247,2.029438748567536,6.219935407805188,2.5949291026217125,-4.0578559569781625,0.25228550514726233,93.05842336778163,0.9012063218399554,69.58113202023303,23.477291347548583,CONTROL,-1,1140,2018-05-22
-7.751388291434846,-3.2022622245420074,-18.509136953173133,-23.547056835671043,4.391682215545423,0.6402031881830016,256.1517553838476,1.7266749030588215,92.16258492843602,163.9891704554116,CONTROL,-1,1140,2022-11-17
-71.23918606833035,-61.70131246729049,-135.54525817133123,44.891650700251695,46.37419661310594,0.6401925133689859,454.83954136607525,17.003905487204275,163.65467219933075,291.18486916674453,CONTROL,-1,1140,2016-01-20
-10.367100858813538,-33.13734086567099,0.35200534478807555,-36.159249972690375,-72.2505104224569,0.23648127753304632,172.37371827599236,6.868915468445929,131.61056116496425,40.76315711102808,ENTRADA,-1,630,2025-11-13
-5.492665667390373,-13.087941373375322,-23.52334962858693,15.458363372060635,-81.07094313681063,0.26996480953481167,111.95839039431475,5.555804502933533,81.73356485568948,30.224825538625268,CONTROL,-1,630,2014-01-29
-9.932300196933141,-18.667595002066495,-17.374473610496377,30.99694990223556,47.0635858692825,0.7672500261987759,116.91003744877274,2.7253396132271335,27.21080815330199,89.69922929547076,CONTROL,-1,630,2025-07-09
35.47715610945357,60.84842014951741,48.784502833241206,107.95011462893855,107.33325897701818,0.9496718424843984,148.88914682252627,9.831546547229575,7.493316433647627,141.39583038887864,CONTROL,-1,630,2022-06-07
-19.719887224235457,-17.661004832356664,6.506548565536896,5.369665477616969,-41.7449073594478,0.06655136802195336,225.38817510023515,5.157165991330115,210.38828371134292,14.99989138889221,ENTRADA,-1,765,2025-11-13
-1.4741241469584665,-1.5743197656936658,-0.8496714131833727,9.13036275236534,32.60831469763525,0.7420961742826776,109.34820379815022,2.0639129381714443,28.201320094860385,81.14688370328983,CONTROL,-1,765,2021-04-09
-1.828020774061745,13.45831378240403,-8.190612614267234,9.683909439086591,28.377423373673327,0.64889007994998,271.09298093304153,6.34917473625846,95.18343486152179,175.9095460715197,CONTROL,-1,765,2020-04-09
5.344694627054114,-9.02210542902071,-7.116113389592504,-27.661410334933745,-7.76507040033958,0.7171569819272242,156.9356155706985,4.901040976743348,44.38814315112527,112.54747241957324,CONTROL,-1,765,2019-10-11
-6.476456338311287,0.8005748905604015,6.57856038737803,-24.140021825922453,-78.99070985492696,0.06000711427017707,253.97137015242788,5.514744861621307,238.7312811223377,15.240089030090177,ENTRADA,-1,935,2025-11-17
0.0,0.0,0.0,0.0,0.0,0.3888152663662932,23.55364953904925,0.0,14.395631019625498,9.158018519423754,CONTROL,-1,935,2023-11-23
3.0664259350032808,-20.52066989159829,2.9630326363383475,65.45354257180058,76.14481640431548,0.8942488562736572,296.6357066939616,5.365065095782935,31.36956525295838,265.2661414410032,CONTROL,-1,935,2022-10-05
1.7655575042074823,-0.6705264120787646,-3.629093745372014,-0.777091864690993,-4.330192852274317,0.6478806759180674,47.0421363071781,1.493743262797409,16.56444523985369,30.477691067324404,CONTROL,-1,935,2016-05-27
-31.201811717052053,-48.71394314742483,-56.63288891307738,-76.55849548745542,-109.65908699579474,0.04175933020613765,305.0723160411809,4.047315957182907,292.33270045886604,12.739615582314858,ENTRADA,-1,1400,2025-11-17
0.09263938016035311,0.404257164827726,-0.5080824407266427,0.2610790143009467,0.7523936928066632,0.6058152373941912,114.40857462159173,0.5645448288887799,45.09811682728108,69.31045779431064,CONTROL,-1,1400,2014-04-29
-15.178918110210216,-22.32896390125361,-23.08073753226836,-35.45882286260071,48.42103621222282,0.6964437955893804,1065.23010768527,3.93963338173748,323.3572083128561,741.8728993724138,CONTROL,-1,1400,2025-04-07
3.267003292140025,4.418580418459328,7.393585751074294,-21.2762921569265,-3.070390867524475,0.700744511310384,284.5662764662464,1.9003260365928973,85.15802012849095,199.4082563377554,CONTROL,-1,1400,2020-11-11
-10.710575857598714,8.784098700433951,30.311702031275978,-91.00604579209471,-89.85540175797557,0.20524405755160655,175.36612695118401,12.915927572106362,139.37327149861287,35.992855452571156,ENTRADA,-1,635,2025-11-18
-32.7873390874045,-40.44861213022166,-63.90083864015295,-143.28873108362282,-157.191269349084,0.052680160875583686,209.58681052665554,5.642256617096013,198.54574363071083,11.04106689594469,CONTROL,-1,635,2021-10-04
16.595372958478904,13.754114484316737,37.16942805497503,46.97496255621658,69.22715649398059,0.983574114387494,113.83938981065754,5.961041177095917,1.869912795227338,111.9694770154302,CONTROL,-1,635,2021-05-14
-21.746593638949374,-34.24708867844517,-39.48442036295074,-11.533986979949118,27.1348107453373,0.5812386783837664,117.16483104572549,3.562306450899896,49.06409949565072,68.10073155007478,CONTROL,-1,635,2025-07-09
-18.193857434980476,-23.296731508882786,-47.11924457459382,-45.52802473226647,-3.6275646837358178,0.32311777628390403,195.2908959418238,7.898218308910387,132.1889359166104,63.1019600252134,ENTRADA,-1,750,2025-11-18
-4.5559432234598685,5.895766785686263,23.219994865930627,37.58094149201918,58.012811275074405,0.9800253301972122,247.46734389229854,2.9410176706174718,4.943078481221618,242.5242654110769,CONTROL,-1,750,2020-08-12
-3.801810383748938,0.13542935846544424,3.167750091384036,22.842253168720017,-28.424212864921472,0.22299865831842575,161.50183707436958,2.1941732067741375,125.48714409082415,36.0146929835454,CONTROL,-1,750,2015-05-05
21.009111505967404,73.21738544174173,35.3877357106791,68.80231906172484,237.1504116446066,0.969466611992555,272.7351169325043,9.418399112805387,8.327527148556022,264.4075897839483,CONTROL,-1,750,2022-06-30
-2.5179923278639826,-8.62323635339779,-18.03304020430496,-1.9714387756297747,-16.271197947771434,0.3621182516696121,195.14226704829713,3.505916148134203,124.47769047792322,70.66457657037391,ENTRADA,-1,1260,2025-11-18
-0.0376868075535608,-0.5563474333192264,2.8109470689297034,1.2611842068399604,2.6353096072151416,0.8665382874612594,116.13630219220893,0.6269064476873942,15.499749778488898,100.63655241372004,CONTROL,-1,1260,2024-07-03
0.0,0.0,0.0,0.0,-18.029620960972046,0.2257316033715238,95.37123449477899,0.0,73.84293281675095,21.528301678028036,CONTROL,-1,1260,2016-06-13
2.4964400540938847,-5.257476523128357,-3.524238932210988,-1.387615975040335,2.0821462674169844,0.8895591647331839,192.9501564082615,1.7395453089985307,21.309576438591208,171.6405799696703,CONTROL,-1,1260,2020-01-08
8.679133032947206,-1.3423117896305126,-1.5957691470314117,-18.19536302130831,-27.708058270967673,0.3303616491486004,195.2632727803871,3.1110874157999873,130.7557759665054,64.5074968138817,ENTRADA,-1,1400,2025-11-18
12.725767692005618,0.6044112985192918,0.04430919702036462,-12.67401434978277,-11.03846653304319,0.7303136772994977,307.2049359517829,2.2518171357304375,82.84896949227965,224.35596645950318,CONTROL,-1,1400,2022-10-18
-0.1937533236484601,-8.91870393947447,-4.426772706317417,-10.068679941793723,16.34031097535349,0.13213345039508537,244.33459494563883,1.299684704453279,212.04982186458594,32.28477308105284,CONTROL,-1,1400,2013-06-20
-0.2620476402592775,-1.1742545182102937,1.5434480629727965,7.673404368986336,25.72795316811982,0.9182771949199348,228.5018246758291,1.0205663368830076,18.673810078422026,209.8280145974071,CONTROL,-1,1400,2020-07-01
117.73024559849743,117.73024559849743,117.73024559849743,117.73024559849743,135.33737266514967,0.9857162236429287,230.62216017977883,16.79660003486305,3.2941553589926382,227.3280048207862,ENTRADA,1,1083,2025-11-19
10.089632301477636,10.089632301477636,10.089632301477636,10.089632301477636,13.34514557980393,0.9630673901283543,145.61354212545774,1.7146934192340442,5.377888143347982,140.23565398210977,CONTROL,1,1083,2025-10-23
-2.395793815187508,-2.395793815187508,-2.395793815187508,-2.395793815187508,-7.304306264356297,0.500633971833553,106.47684732484375,0.4618119039057857,53.1709203402924,53.30592698455134,CONTROL,1,1083,2014-11-04
91.90418802992318,91.90418802992318,91.90418802992318,91.90418802992318,138.8122724491736,0.6108307483371144,915.7175784932078,12.98187680509998,356.3691247567514,559.3484537364563,CONTROL,1,1083,2020-03-23
3.6672617980904043,-0.3600324971242408,-2.541626060441615,16.161462538195615,31.01791096469686,0.9653210942153573,284.13095244557985,2.2225058206531947,9.853350530361057,274.2776019152188,ENTRADA,1,1210,2025-11-19
-7.368225655935978,13.252514358010892,-1.2068050214297799,-0.2236068110472722,13.86297512715462,0.24834639859588484,318.05856590871133,3.665929548960258,239.06986652271098,78.98869938600033,CONTROL,1,1210,2026-02-03
-0.11071339966917115,1.5562780653533004,4.885460623509363,-2.1350008822984545,-2.9961512570175763,0.9521073749421932,173.28949780879853,1.1474011834231197,8.299288945012421,164.9902088637861,CONTROL,1,1210,2025-08-04
4.858774629550311,-2.1394217633841084,-11.445892941577274,-11.561421032347807,-4.426016085513629,0.588213077887075,134.90273274664244,1.726369480395012,55.55118110236239,79.35155164428004,CONTROL,1,1210,2015-04-01
9.049100534928023,-1.2290321977803664,-4.519410390646517,32.97020899418746,53.623260195549975,0.8607546280796938,96.2139127241704,2.974424289713116,13.397342061184986,82.81657066298543,ENTRADA,1,560,2025-11-20
0.37089714521654216,11.89553062405091,18.553914329253463,334.9081328326742,364.84722439211527,0.9554118318432591,431.357074629368,7.262566866299072,19.233421779174133,412.1236528501939,CONTROL,1,560,2022-12-13
-6.537903457910499,-1.3738188218626046,3.660825223494868,11.42682812225626,-15.076355034780997,0.2510517637268691,88.27794677012938,1.6084469657920226,66.11561253530172,22.162334234827647,CONTROL,1,560,2019-03-21
2.2965019525256203,-2.7248958332437567,-4.9460031408454785,-10.922536428220608,7.01522296728152,0.8239650358140097,109.57093540815292,2.036090701779548,19.288315690399653,90.28261971775328,CONTROL,1,560,2023-08-22
7.908532986449224,0.09950090742893991,-2.3369058189148806,11.575273605799463,34.36997445804613,0.773421451805562,96.29482605603545,5.133326598979681,21.818341886412448,74.476484169623,ENTRADA,1,580,2025-11-20
0.7288189304710535,4.868495251948435,4.746147994445504,5.93281177202698,-12.254060770006125,0.6678540483296512,47.90943378124626,3.0911703627111233,15.912924477259592,31.996509303986663,CONTROL,1,580,2016-05-16
-0.19738388711831867,3.75177493510348,1.0923317063959992,12.69497107200257,8.171947252548772,0.49311660308508926,39.66836483762918,3.2424700707600267,20.107235518957477,19.561129318671696,CONTROL,1,580,2023-07-03
-3.0207864854070454,-2.297122130648921,1.6317907600105208,1.4676220371168114,-0.47302319744368937,0.1592792046396107,46.60946998622438,1.8482514423729794,39.18555067814476,7.423919308079627,CONTROL,1,580,2020-07-03
14.002388226677098,1.9700695631263976,-40.266794761828486,-152.77035768566205,-337.2876716557227,0.12541360900883777,407.39641074507335,14.675252657423934,356.3033565762869,51.093054168786495,ENTRADA,-1,760,2025-11-20
-0.26001831080590954,7.5049784877845305,-3.4793118213183316,-16.438483319677346,106.765360763168,0.7410630911707543,147.7023539651938,6.110098915832002,38.24559096255036,109.45676300264341,CONTROL,-1,760,2026-02-17
-2.196384828230258,-7.257393649062749,-0.5065540495696741,-8.10039700550158,-13.492252199382992,0.45845272206304205,58.932106329729756,1.555382011375679,31.91452176595652,27.017584563773234,CONTROL,-1,760,2017-09-28
2.984189956789507,7.538381770990643,8.79331194364008,3.68812249908812,24.042161025346065,0.978871003199888,105.10611509683105,1.128831497706368,2.220786769553146,102.8853283272779,CONTROL,-1,760,2014-07-01
-25.008106443902278,-1.3287755409796542,20.460215132991344,-71.55302469302627,-46.50261632983322,0.07182600870285764,451.7007902080714,10.070615224943415,419.2569253194988,32.44386488857261,ENTRADA,-1,875,2025-11-20
23.480375861437697,7.6714113820619545,43.4862852974538,-3.673904258053584,11.353661292952122,0.8713033175355462,369.27557233338405,6.389966913809244,47.52454107446896,321.75103125891513,CONTROL,-1,875,2020-09-09
0.0,0.0,0.0,0.0,-7.990783131587298,0.20935913705583975,51.11963267170619,0.0,40.41727048894627,10.70236218275992,CONTROL,-1,875,2023-02-20
2.744636059697214,15.468925253041554,4.225545234217698,41.00665615189403,54.97457442997123,0.5846188157454569,182.62910285006123,3.701189865225027,75.86069302120318,106.76840982885804,CONTROL,-1,875,2022-03-25
8.226589649438232,-6.5565005899381745,43.53378764882842,49.47996077336647,54.75951999354356,0.7676725839360844,146.42160523157983,9.983341636993218,34.01775319938365,112.40385203219618,ENTRADA,1,595,2025-11-24
20.719960150326067,-24.363300697607393,-13.34295113449957,-5.434706549171109,35.552432812226975,0.7755136888838352,205.0091833472177,11.315451829098322,46.02175531455437,158.9874280326633,CONTROL,1,595,2020-04-22
8.729092562758112,34.31131660502018,20.199393038378144,27.76628089906419,8.127751253399484,0.5530639009300305,123.64176355841332,8.515467093269804,55.259967486928744,68.38179607148456,CONTROL,1,595,2021-11-10
14.64739085907496,18.425347560031557,-11.402373118906128,-11.402373118906128,-11.402373118906128,0.5341614906832228,57.43367777685206,8.002773675974142,26.75481884014888,30.67885893670318,CONTROL,1,595,2012-06-14
-3.818696160607926,-0.47674035437705875,34.349740657817485,50.08750182265764,138.90837108744725,0.9668467345919991,208.46970021363205,2.997054755730781,6.911451300708932,201.55824891292312,ENTRADA,1,690,2025-11-24
1.459774369014788,25.867063984770233,-5.172131787686274,-24.426907454097034,-26.04046808436289,0.2268018754770392,135.20845189197482,5.516165598355683,104.54292142252793,30.66553046944692,CONTROL,1,690,2018-04-19
-3.9961474458993784,1.7937707195270214,9.436523194619184,11.210318393606311,3.650877314562706,0.7864970989861099,74.57746683558058,2.5277881835012117,15.922505519663636,58.65496131591695,CONTROL,1,690,2021-02-11
1.2305725191641415,2.060178525125078,4.462005448870876,9.643760087838515,-12.072363239173933,0.24630138109094946,50.97369342961362,0.6636919638067568,38.41880233859313,12.55489109102049,CONTROL,1,690,2016-09-05
0.0,-0.40259251903429494,-7.945405309416342,7.203524021048846,7.62121626295853,0.9482981947146334,252.19579465138693,2.8036212105091325,13.038977868854301,239.15681678253262,ENTRADA,1,985,2025-11-24
0.0,-95.4954713901568,-64.84478584580123,60.608366672463276,-14.728414510455368,0.7450446561970847,813.6619786798344,28.036170180309078,207.44746951367756,606.2145091661569,CONTROL,1,985,2020-03-17
0.0,0.0,0.0,0.0,0.0,0.46260804208944445,39.63251206434928,0.0,21.298193255174375,18.33431880917491,CONTROL,1,985,2025-02-17
0.0,0.48833943943282776,-17.73632043527651,25.27623280896174,68.53947519256609,0.7926277062402755,242.17026639500352,3.60539554276807,50.219403622735406,191.9508627722681,CONTROL,1,985,2022-06-23
-4.044816825163888,-2.812453648256552,-0.19471336878185141,3.9014394574787836,19.08079153507991,0.9652705822774659,239.03542295374422,1.2397918447348724,8.301561054243214,230.733861899501,ENTRADA,1,1330,2025-11-25
0.0,0.0,0.0,0.0,0.0,0.0,381.10937997023603,0.0,381.10937997023603,0.0,CONTROL,1,1330,2016-01-19
0.0,0.0,0.0,0.0,0.0,1.0,366.0694944052861,0.0,0.0,366.0694944052861,CONTROL,1,1330,2018-03-26
0.663625836196946,15.12238408312827,23.840594456376873,19.787200318166498,34.821433199168084,0.9535468675031662,120.42346323691095,2.6559794242511723,5.594047093471815,114.82941614343913,CONTROL,1,1330,2022-06-20
-2.596774063321483,12.14089959904019,22.127364649082715,51.43663732580572,39.391034142921555,0.9318696942699187,85.76172603921037,2.366619955541738,5.842972614990875,79.91875342421949,ENTRADA,1,690,2025-11-26
4.790379076360374,7.87892019475489,-4.770462157311917,-6.8321624468925535,61.13566582483854,0.7574640352779637,106.14356629031337,3.523640958944011,25.743632249258575,80.3999340410548,CONTROL,1,690,2023-04-20
-1.0812649822655729,1.482964609071935,-0.9351221263143028,27.320175674239167,42.2790519544014,0.9363975226516786,85.24926635179534,2.4291753227391593,5.42206453210108,79.82720181969427,CONTROL,1,690,2024-10-29
1.2766229507543692,0.7547974492805309,4.487150657270789,21.165062066204055,-5.459606537346895,0.8308069405921421,63.938479164935984,2.070587546343406,10.817946903801097,53.12053226113488,CONTROL,1,690,2016-10-18
13.861733750539784,10.481679224112472,4.171156796211051,10.168079672487895,19.026418332104278,0.9607091518926536,19.766946719459455,2.2812079090646016,0.7766601011002908,18.990286618359164,ENTRADA,1,575,2025-11-28
3.4513001366009988,14.121596565737082,11.850687595957865,80.57056011780084,77.25632368612567,0.8725440664645743,101.25246928649567,3.6263563389163385,12.905227995677324,88.34724129081833,CONTROL,1,575,2014-02-07
62.75514946128213,-6.007185189945696,-6.007185189945696,-6.007185189945696,-6.007185189945696,0.8857214934409735,70.4101515665538,17.72768936613876,8.04636696762047,62.36378459893332,CONTROL,1,575,2013-04-16
13.816850018260052,3.1391824203241825,7.502104662846509,5.3623488445508904,-25.55158363727994,0.485543364138778,91.8753498075006,4.5076875877360125,47.26588338053973,44.60946642696087,CONTROL,1,575,2024-09-05
5.694816839636463,-4.488465850422951,6.592989179587949,-4.879382870935922,5.283735406174106,0.573493575542739,35.64588584172059,2.2471665980774924,15.203199316963952,20.442686524756645,ENTRADA,1,635,2025-11-28
7.598492599618645,-3.071256617345197,2.6779199378190732,13.654104951794643,21.973987262402517,0.8953372615492379,85.85298020740692,2.7356618611499246,8.985608012666283,76.86737219474062,CONTROL,1,635,2015-02-12
0.806166918956297,-37.590183957243454,-61.981539483009215,-77.0693397689215,-41.86223447683712,0.4271678223268439,189.0292912453538,8.002156998929177,108.28206054808926,80.74723069726451,CONTROL,1,635,2022-05-17
-9.004745390174262,-32.41029600348555,0.41531894988899865,-81.57510050092797,-182.57040616619037,0.016075769005112945,485.7808433376944,7.79664706731663,477.97154271308864,7.809300624605735,CONTROL,1,635,2022-09-13
5.234315556990055,-10.26953145183973,-5.173663764302949,7.572579137775648,2.689501315547016,0.6769903060835027,41.350764822258455,2.4751436915306164,13.356697888450766,27.99406693380769,ENTRADA,1,695,2025-11-28
-15.758921867264908,-12.611112244461653,4.088745657913062,-5.938605949369347,-4.638283489881712,0.32518619532151927,53.105972402498224,3.101308835765026,35.83664328808022,17.269329114418,CONTROL,1,695,2017-04-18
10.893991520004587,-2.1567394370491932,14.951887649077289,-11.658791027104876,7.160208052132688,0.7516535232765127,167.92023041509083,3.8928429827874833,41.70239759418398,126.21783282090684,CONTROL,1,695,2020-05-22
-1.4024471659890292,-4.618476315302322,-28.359399382736903,-22.59746123803086,-31.148018378648334,0.10023978761669616,108.2887443276978,4.258259276686609,97.43390359501065,10.854840732687139,CONTROL,1,695,2016-03-02
5.410990213174927,-0.19364641782537717,3.987719176703486,3.0349043468791415,10.187410768245364,0.9603235869507705,74.29017491716586,1.8708326489452596,2.947567665512981,71.34260725165288,ENTRADA,1,540,2025-12-02
9.074018388899319,-3.832699635113457,-19.76233339534894,-22.3328161773495,-59.30286411519825,0.17035299374441382,150.5415890058234,5.182558000687556,124.89637863564025,25.645210370183147,CONTROL,1,540,2022-05-23
-1.3654981116550946,1.8266529099908446,14.472518133692436,19.77169751220531,11.464117150936648,0.9366510492539104,82.39197872775901,1.478851311280201,5.219445402297671,77.17253332546134,CONTROL,1,540,2013-08-22
4.066141330894002,-17.99855269516648,-6.242368274252952,24.211853143976114,104.6601308708528,0.8049822269745393,246.3971633458025,6.917847695323299,48.0518260754891,198.34533727031342,CONTROL,1,540,2022-02-25
-0.26280595335159695,8.854301528895547,8.854301528895547,8.854301528895547,8.719529840570672,0.8501463006827383,134.7291355627462,2.112942049579716,20.189659369894354,114.53947619285185,ENTRADA,1,1090,2025-12-02
-0.3379238864276157,-33.98781384942539,-33.98781384942539,-33.98781384942539,-34.59143206116067,0.015330224619783193,82.74623378667026,4.87452030879771,81.47771543627951,1.2685183503907482,CONTROL,1,1090,2014-07-24
-1.795325247152535,1.7939132940081315,1.7939132940081315,1.7939132940081315,6.403319713563782,0.9177602552789766,267.18688360283124,1.4782139930484226,21.973381100302625,245.21350250252863,CONTROL,1,1090,2022-02-15
-1.0632772438878835,-5.786070113554809,-5.786070113554809,-5.786070113554809,-6.188061373192388,0.019989611289067545,155.48381634360942,0.9116168108786254,152.3757552931599,3.10806105044952,CONTROL,1,1090,2018-09-17
-22.957813950200688,-57.11866044102676,-69.49197593989376,-91.52042973017416,-107.73938536467575,0.03099123336350762,188.11172700812955,4.485216199661193,182.28191257800816,5.829814430121382,ENTRADA,-1,1330,2025-12-10
0.0,0.0,0.0,0.0,0.0,,0.0,0.0,0.0,0.0,CONTROL,-1,1330,2012-01-18
0.0,0.0,0.0,0.0,0.0,0.32883959044369143,61.15596461636984,0.0,41.045462258733906,20.110502357635944,CONTROL,-1,1330,2016-08-09
0.0,0.0,0.0,0.0,0.0,0.1996126575630299,130.12989281925508,0.0,104.15431908521133,25.975573734043746,CONTROL,-1,1330,2015-12-07
-4.413411186164895,-4.413411186164895,-4.413411186164895,-4.413411186164895,5.381074668922015,0.9561782654946571,138.96518514031882,2.625513680523141,6.0896954487048705,132.87548969161395,ENTRADA,1,1083,2025-12-11
11.921178444129765,11.921178444129765,11.921178444129765,11.921178444129765,19.760823757981605,0.9956469908916507,211.18277023631606,1.7725874912267052,0.9192805223651409,210.26348971395092,CONTROL,1,1083,2026-04-13
5.530387364698353,5.530387364698353,5.530387364698353,5.530387364698353,0.9268753163982346,0.5969560471829194,81.47846792365196,1.326737472199612,32.839403781428395,48.639064142223575,CONTROL,1,1083,2025-02-19
-4.737282658988651,-4.737282658988651,-4.737282658988651,-4.737282658988651,5.946121524833536,0.19420310497079968,185.64142503392088,1.1744582426521328,149.58928388112952,36.05214115279138,CONTROL,1,1083,2023-08-09
-7.0779947744825655,-3.2893456876970095,-7.295559263834628,-87.2333951087767,-132.12966997458776,0.08469397203617356,231.86544169125804,7.070112691752663,212.22783645650358,19.63760523475444,ENTRADA,-1,710,2025-12-12
2.130049618944696,-2.3442476063351148,11.101902538892539,38.267895067747304,49.51836680627153,0.9109639241021688,165.16249938353775,4.928181206757049,14.705420830588174,150.45707855294958,CONTROL,-1,710,2016-01-06
1.1083721328342122,-14.029377137831922,-36.41246293897949,-60.999321912593715,-68.69146660359982,0.05227340639850454,210.31665892300074,4.779783195693199,199.32269073874306,10.993968184257685,CONTROL,-1,710,2026-06-05
-2.490245262339874,0.07664260429640635,4.477898046031381,10.882222131856079,32.81044910663944,0.8972962363217107,52.06292207397361,1.3356127119505607,5.347058045086575,46.71586402888703,CONTROL,-1,710,2014-07-03
-7.559466951361227,-7.247003261111606,0.38938216158967975,-40.3608655040022,2.810761481002455,0.26931038124405327,150.79411558968474,4.551577798867487,110.18369483086691,40.61042075881783,ENTRADA,-1,740,2025-12-15
5.006325641723208,9.49574159152089,16.240020593727422,14.165619776524974,20.048496622000478,0.7151515151514987,56.92039940871779,1.8786567818915327,16.213689528544798,40.706709880172994,CONTROL,-1,740,2017-07-13
0.833784495537504,4.098186845655771,7.2118862066172795,19.666229120205436,63.422911797075265,0.9761561105308099,148.8110588477019,1.6755653818495297,3.548234438957752,145.26282440874414,CONTROL,-1,740,2018-06-01
-0.7146735007845795,0.7183587598302843,7.708483096011687,0.8975166734748186,0.8957250625662994,0.32100086423306634,43.526547808625736,1.2284569569263903,29.554488344974995,13.972059463650742,CONTROL,-1,740,2017-04-28
-10.348385704352925,-0.306696918400684,-3.2372924623769173,-4.873855642223424,-45.21504984301927,0.23698912239940645,150.86764630260083,4.287015695061367,115.11365520688341,35.75399109571743,ENTRADA,-1,800,2025-12-15
-31.17141948999147,7.638393522642062,10.265245059619676,-84.99008876172942,-14.82455762954471,0.7131845456917196,519.0512477394687,14.7832362290208,148.8719194296755,370.1793283097932,CONTROL,-1,800,2020-03-09
2.5131033934111535,6.013664130075647,8.90098200264866,7.5431014990323675,11.40044516023897,0.9119489422054051,152.93543489263357,2.752882098535563,13.466126816572785,139.46930807606077,CONTROL,-1,800,2020-08-03
0.6922573912460095,3.1553150992613688,0.39793265694365587,4.538725341804994,23.88841684965337,0.6718847021144511,63.41592110801631,1.759855055387365,20.807733845043238,42.60818726297307,CONTROL,-1,800,2016-10-12
-2.745233675125469,0.9144835231267301,4.024819534536039,-8.793757498567478,1.5594224186155081,0.24732548315556044,150.84412333183684,3.332702087170007,113.53652764761333,37.30759568422349,ENTRADA,-1,920,2025-12-15
-5.303819498593265,-50.30148912651966,-45.35612659517629,-101.93114736325003,-67.87948102827346,0.08890414636615215,354.52091361483235,10.224696482300157,323.0025344209573,31.51837919387504,CONTROL,-1,920,2018-02-08
0.0,-8.18958174272244,-5.751655299222058,8.554795192308173,-18.96215822603797,0.09780807041609822,198.20644465490705,3.0396622616208084,178.82025475917544,19.386189895731626,CONTROL,-1,920,2014-04-25
8.376799789475697,13.815053584982362,2.4081024834554654,-5.959144210815337,-34.821070775775674,0.06665365859607676,283.13770736505165,2.5196963857966863,264.2655432826656,18.87216408238604,CONTROL,-1,920,2026-03-27
-1.7984806814352883,10.560134276684785,12.726305596642007,-35.15989994937519,-39.783545886472595,0.08794968259844212,220.27478079735164,3.3292681781097087,200.90168374178316,19.37309705556849,ENTRADA,-1,1280,2025-12-15
4.533771652881491,-3.393516078017411,-2.2488737096770794,2.868163386411382,21.08802309279012,0.8265128060793708,146.37446154961623,2.0206415882527997,25.39409459588595,120.98036695373028,CONTROL,-1,1280,2020-08-31
0.0,0.0,0.0,0.0,0.0,,0.0,0.0,0.0,0.0,CONTROL,-1,1280,2014-12-25
-2.8122777059913506,-3.817187807054756,-5.652641171498551,0.014143151318979363,5.109694282929844,0.6885348021376276,43.13796483168867,1.5067684384405091,13.435974751681972,29.7019900800067,CONTROL,-1,1280,2019-02-18
-8.689827965522312,-17.32086939672417,-0.11827017558418973,-12.385455828246572,-8.984984525368667,0.038575077295336956,224.44444945064834,1.80783866405404,215.78648746458023,8.65796198606811,ENTRADA,-1,1390,2025-12-15
0.0,0.0,0.0,0.0,0.0,0.0,224.67370412770123,0.0,224.67370412770123,0.0,CONTROL,-1,1390,2017-03-21
-2.4012357330438494,-0.13746519028745574,8.016066140144051,17.742538437350852,17.77715655755241,0.5904842931937152,236.01089686612207,1.942239045501711,96.65016924411518,139.3607276220069,CONTROL,-1,1390,2025-03-13
0.0,0.0,0.0,0.0,0.0,0.20529189046401197,44.07872381673533,0.0,35.02971927515666,9.049004541578665,CONTROL,-1,1390,2017-01-26
1.582355668299229,-1.0209539608385665,1.7571469196742129,-3.177464606640701,6.9358787859141735,0.9474863248152081,82.0678009591847,2.220951825511119,4.309681842700776,77.75811911648393,ENTRADA,1,430,2025-12-17
2.76338514680452,4.670499461931765,-0.5678399980357796,8.3331733261649,1.4710566407960535,0.4577437858508586,20.067377274366194,0.717511067170905,10.881660028700328,9.185717245665867,CONTROL,1,430,2014-07-08
2.98913707471149,2.26612394138348,2.4076579670717635,3.9528920328812944,4.472469977330196,0.6948207615543419,22.860447780310412,0.8222924398630154,6.976534044121867,15.883913736188545,CONTROL,1,430,2025-08-27
0.0,0.0,0.0,0.0,0.0,,0.0,0.0,0.0,0.0,CONTROL,1,430,2012-03-05
-11.002696684080382,-18.901717991036683,11.472055435441941,1.6253810861077689,-62.39327932144767,0.09161013645224722,206.92107013930504,5.369433086576375,187.96500266899832,18.956067470306753,ENTRADA,-1,760,2025-12-17
-1.5663817461897267,0.44924035487836633,8.98569834714813,13.381618674048745,-1.0676304382561952,0.46385649425799497,50.714474528652566,2.2589924821753535,27.190236165655406,23.52423836299716,CONTROL,-1,760,2016-06-15
0.2966905603596359,-11.082962892150494,-10.252115355260383,-4.253818391928288,-22.077865857230705,0.15617671888190174,34.00993788185832,1.545668945090592,28.69837737409239,5.311560507765928,CONTROL,-1,760,2013-08-05
-6.487622294355511,8.37328858759312,12.50622151100389,12.883919183916959,-45.3996995416539,0.20021364477994408,185.6207133786561,3.7496268317658368,148.456913806462,37.163799572194065,CONTROL,-1,760,2023-08-09
-7.154138767158091,-5.477345835166458,-7.08785387598998,-28.239339898417093,-40.32050815103494,0.010062615418575688,225.53249429238366,2.9188438960310314,223.26304753792726,2.269446754456373,ENTRADA,-1,870,2025-12-17
-13.010696248386688,2.763847463846947,44.6310468631883,48.47612701383453,127.99032094037432,0.4131097142543444,428.34853421344354,10.57237796784723,251.3935936432606,176.9549405701829,CONTROL,-1,870,2020-04-21
-0.20131932516376239,5.530435301555059,-9.20094420848283,4.589348562771267,-26.800893143341664,0.776788840021604,162.0078521375946,2.8745750585377223,36.16196060124095,125.84589153635363,CONTROL,-1,870,2026-04-17
7.35151592418104,26.27546831723393,26.20906695931513,4.945233314108677,-42.05200703198408,0.4186675610840887,110.4772949088958,3.7618057777634477,64.22403529422078,46.25325961467502,CONTROL,-1,870,2025-10-03
4.16627358758026,4.8788385936848755,-1.0677673565195889,0.1793754718781848,66.08892471039907,0.954177225427291,177.03683558389196,4.1340457273051285,8.112319008026429,168.92451657586554,ENTRADA,1,700,2025-12-18
11.567224966799738,13.776496413808736,15.066205830780444,27.108641488524654,89.88429651153096,0.9839334107626804,199.8635233130387,2.9331984970501814,3.2111251325940393,196.6523981804447,CONTROL,1,700,2021-01-07
-7.301626321795096,11.259777712315788,27.710681339321308,42.0630367260233,-4.478653435031621,0.6485767564306452,92.10358154776222,3.4613025103706994,32.36733937186917,59.73624217589304,CONTROL,1,700,2014-07-28
-23.238687727858974,-16.588966889909962,-19.32466310554437,-75.49948596544897,-41.00415688471748,0.15232083178611416,114.80993605176059,6.341260485804085,97.32199109504585,17.487944956714752,CONTROL,1,700,2022-09-16
7.978917685562692,13.131590527053483,-5.3752453697408775,34.31429231733895,83.6465539581166,0.8207327047050935,131.43060044526058,5.391658659632463,23.56120826080739,107.86939218445318,ENTRADA,1,640,2025-12-19
-13.447556752871348,-24.40388880322608,-33.168475075917584,-31.125963236328104,-15.690481241468213,0.3455658442607721,71.67582269510133,4.400375638592765,46.90710651238323,24.7687161827181,CONTROL,1,640,2015-06-11
-11.220496499607657,-27.12692514551529,-30.08038910501942,-37.23082918270393,-13.320924352901997,0.12205993552752072,61.73537153996166,4.0402596889409255,54.1999560700264,7.535415469935258,CONTROL,1,640,2014-09-11
12.351503089149674,30.960899258205554,46.14138504245968,64.80486100866489,76.73769467906988,0.9480021893814972,112.69178942086542,3.2756585641648943,5.859726324566359,106.83206309629905,CONTROL,1,640,2021-01-13
2.3374151461585946,5.867547181002131,23.04980503189835,14.514920874801884,67.69199232338651,0.8170733907437717,131.43692184922287,3.627134129414973,24.0433104449542,107.39361140426868,ENTRADA,1,690,2025-12-19
-2.709226543451404,7.675151922295065,15.30973103635036,17.705149051407965,-39.36380180396881,0.3012799999999988,191.92356467467152,6.029216896300316,134.1008331094867,57.82273156518481,CONTROL,1,690,2022-08-09
3.063002515164559,13.483459945971,14.706725356286032,11.965243207965326,-40.71571998166989,0.22317982456139693,126.70612154506975,3.132658862982514,98.42787156778604,28.278249977283703,CONTROL,1,690,2014-01-23
-2.6334751597911765,-10.25498373998901,17.19033542953108,2.3430450423034266,-40.16180012741177,0.3073789720622678,106.84790477616154,2.8894369728211924,74.00510563905794,32.84279913710361,CONTROL,1,690,2015-04-14
2.8988791196815633,-0.8012874855245489,0.9206198657452092,5.142035744070128,14.757757923298254,0.8699723932894162,36.923337968549255,1.1997483963911002,4.80105326781649,32.12228470073276,ENTRADA,1,530,2025-12-22
6.50660325209218,9.671264095370002,6.353675393899749,18.548038521641885,28.248551828866653,0.9102302039227286,54.57689789156995,2.171380033249829,4.899356994256299,49.67754089731365,CONTROL,1,530,2023-06-20
0.0,0.0,0.0,0.0,0.0,,0.0,0.0,0.0,0.0,CONTROL,1,530,2012-06-27
1.1800725184407668,2.7811092390894743,7.864156989600968,6.4071683416888625,-8.705879514057102,0.31550387596899465,56.30507749586415,1.6367305151037612,38.54060730918439,17.764470186679755,CONTROL,1,530,2018-03-21
1.1941941122040056,2.2994591341940485,0.3735217144806846,6.197810052326336,10.82661638990512,0.9837778417029698,76.13769975772004,0.7697461559911938,1.2351178178414948,74.90258193987854,ENTRADA,1,940,2025-12-23
4.714836786121612,6.09069616446023,11.787644563421296,13.828334110959073,10.41522427516206,0.9341922076235248,136.75408854031878,1.7412332812811522,8.999484665295405,127.75460387502336,CONTROL,1,940,2024-02-29
8.81092808585393,-1.5485296796247106,-1.06263388267136,-31.349136248215448,-36.2870322839659,0.0725079826752233,216.5265344006101,3.7166971807288767,200.82663219556454,15.69990220504558,CONTROL,1,940,2022-11-16
-4.557236837975376,-6.846194388199223,-2.2542406684511462,-17.373134496171396,25.473427703650575,0.721458788398252,78.33573969844059,1.7791408349313556,21.819731847322792,56.516007851117806,CONTROL,1,940,2015-12-23
-0.040189808270252314,0.9225034292437151,9.84842833300803,14.894782445555865,22.91188398768851,0.9671381137049048,30.788638412597273,1.0395582316661842,1.0117727346955743,29.776865677901693,ENTRADA,1,690,2025-12-24
-9.453502007698011,-18.526909216808328,-8.872366956282907,33.6485412773202,72.33322623624305,0.8650486999919592,166.26871744355893,3.3013313828862425,22.43817956967789,143.830537873881,CONTROL,1,690,2015-10-22
1.6946606634604677,-1.2321198236531217,18.556955579045464,16.43157176083765,9.597816785771318,0.5391095066185376,64.00110904448843,1.7278357514698683,29.49750272447505,34.50360632001339,CONTROL,1,690,2012-11-21
4.828588470957573,23.821349918546897,14.389484810559683,12.553012499734173,7.325390585093405,0.7010953199963783,67.48819353710354,3.6243797496729155,20.172536893230426,47.31565664387312,CONTROL,1,690,2021-11-08
-0.8878462360117911,4.3148079484756074,7.466258774415646,3.6793396993739513,14.42288526438018,0.94694664702978,92.93759537889946,2.178683969925463,4.930651051840241,88.00694432705922,ENTRADA,1,690,2026-01-05
-6.209203219261772,-10.97921499504273,-27.058098022478827,-24.50371250420136,-63.73333258751557,0.025836972343523727,113.19442027300605,2.2468174287080847,110.26981916697117,2.9246011060348582,CONTROL,1,690,2023-09-26
4.5367536378448925,4.660042803017461,-0.05018250464505769,18.345739026148777,9.121044132383016,0.63719107896322,37.842360450878715,1.8283223647481146,13.729545964668223,24.112814486210493,CONTROL,1,690,2015-02-18
-2.9693618100079533,-21.130465321991252,-16.000214012371615,-39.192945345731815,-23.248081288974596,0.04879817654373109,61.284294553450664,3.863891075495626,58.29373272847336,2.990561824977303,CONTROL,1,690,2023-11-16
0.5956796319095403,7.854421774302622,15.274839320418288,22.10834552292207,-13.548763903437067,0.8356716814373071,97.23871190739243,2.0360148698228095,15.979074026943898,81.25963788044851,ENTRADA,1,750,2026-01-06
-0.8361443590665374,1.0072452947307298,5.029869038977175,44.946116338075996,72.92160758384681,0.9354470198675446,101.21711909936965,2.182091624557563,6.533866678285982,94.68325242108368,CONTROL,1,750,2017-08-08
-2.0146528621411974,-8.167484660175361,-12.86769281094391,-15.984513824809365,-3.7937063621440448,0.39894892126131515,38.613653768035405,1.3056478318199083,23.208778251319767,15.404875516715645,CONTROL,1,750,2013-03-28
-2.2142386617141074,0.5537129219979064,-11.79795268652195,-23.38256764124358,-7.0083934733400355,0.6311239193083764,64.04258185730836,2.706494571652421,23.623776592896387,40.41880526441197,CONTROL,1,750,2017-04-19
-3.0506134757646297,-11.167049078923963,-4.812799512422528,10.891166507156491,41.84759216432133,0.8385169228953411,79.07260427905409,2.1149783208313986,12.768887453660673,66.30371682539342,ENTRADA,1,690,2026-01-07
5.624122606131543,10.210940417252345,15.677850999387122,50.67598645407179,22.70994691136563,0.8051752831910625,120.4852086246636,2.9173100952829563,23.473496649965842,97.01171197469776,CONTROL,1,690,2023-08-04
-5.579640036574851,-7.892444121367914,9.556555362009167,-29.30767219245012,-55.338124609792814,0.26672169560123377,96.00089160482884,4.240721962474971,70.39537101675865,25.6055205880702,CONTROL,1,690,2014-07-15
4.474218987566836,9.003863553160851,1.4016699513641484,7.944269952411265,54.00580848512693,0.9504602157997013,180.1451373109293,2.4095002554670075,8.924351227116606,171.22078608381273,CONTROL,1,690,2015-07-13
-5.366089495861814,-2.2269468664537495,-7.251611398295665,-14.09026971221028,-16.800944625500193,0.2097721247214584,96.64461348854974,2.5503433002221496,76.37126757417253,20.273345914377195,ENTRADA,-1,880,2026-01-08
0.0,0.0,0.0,0.0,3.4142111781809703,0.9316743665724435,116.04851539688401,0.0,7.92908832281964,108.11942707406439,CONTROL,-1,880,2024-07-03
-2.5449967352453307,0.4628658963956589,14.426817541821624,-62.110287948958785,-23.54803982661857,0.2807463692628247,236.0362172907276,7.138700605880571,169.76990627182465,66.26631101890294,CONTROL,-1,880,2022-03-04
-6.307605625816004,-12.253556541663713,-6.272191865286381,-22.359571630232722,-23.630208462303017,0.03988073052553733,95.1347594682663,2.433127014332943,91.34071576230055,3.794043705965739,CONTROL,-1,880,2012-10-05
3.6160072604984883,-0.27064540441879004,-3.593852307448575,5.603537675855641,-1.992342366615718,0.6930134366145735,49.28030818741317,1.8418465627659142,15.128392453028665,34.15191573438451,ENTRADA,1,510,2026-01-09
1.6044000339454634,3.182783264394917,-10.857921468847564,-26.167695391628996,-30.13441198112199,0.6170321264660904,259.97717079611806,3.5468457362247445,99.56290426715134,160.4142665289667,CONTROL,1,510,2019-08-26
2.944486209333075,4.9043310418528385,-5.010263037578122,-1.6550501194489975,-7.335189612189819,0.3632490769667741,17.346416962342154,1.3490510909681226,11.045347012090575,6.3010699502515815,CONTROL,1,510,2014-09-17
6.171904342953116,10.548671012244881,8.678788173126506,-0.618171248830679,-0.7161385436493806,0.4726944239139742,28.4073081223618,1.8135114008325737,14.979331974515228,13.427976147846572,CONTROL,1,510,2014-12-10
-6.609955044292182,-10.73688701197395,19.148197690517232,4.089842265573296,58.59750078431203,0.869147844122362,111.09990969670552,3.6149806397594286,14.537662701624813,96.56224699508071,ENTRADA,1,690,2026-01-09
8.89875950489838,13.669851196336236,20.27081169049927,35.10305224788901,44.81553748101996,0.9120807429580319,61.469278523628084,2.421082361561567,5.40433329870319,56.06494522492489,CONTROL,1,690,2024-12-03
22.194352626041525,-62.38495089763485,-53.30984000015748,-38.1109899250065,-6.249895839564035,0.4403349674221794,129.79342531304516,9.818193834385971,72.64084160621235,57.152583706832814,CONTROL,1,690,2024-08-12
5.01322274360394,31.224020483289205,25.316438864273483,18.553356439638957,43.286041846331,0.6999928586731413,103.18379824992132,5.082883481613271,30.955876344206224,72.2279219057151,CONTROL,1,690,2022-08-15
3.5339482597374072,-1.1952715198326747,-3.5271873264197673,18.11918540900237,26.878667733098993,0.940282112477817,126.80471782458312,2.4844920359540854,7.5725098763306065,119.23220794825252,ENTRADA,1,710,2026-01-12
-4.289425132925073,10.498613971299253,4.038311075138523,12.959610904910157,8.391076869260772,0.38673072991208385,105.52328416248871,2.933915872953585,64.71418745560922,40.8090967068795,CONTROL,1,710,2015-11-10
18.38797631073641,15.806632096251327,17.543076231258947,8.207655524075097,12.980019336907844,0.49271307915700213,88.05758798427131,3.3561609759157416,44.67046266540236,43.38712531886895,CONTROL,1,710,2025-12-04
-11.271284265674808,-24.918200766175236,-41.500046498650356,-40.38086675476449,-78.59881020857884,0.42374261861128787,191.08875062742996,4.030819811506854,110.1163030494034,80.97244757802655,CONTROL,1,710,2012-07-26
-12.89443518505795,-21.63542806568275,-14.083002606416484,16.534654407354132,29.507193129274523,0.632567352733648,91.20725452299875,2.6979809400088626,33.51252297928139,57.69473154371735,ENTRADA,1,740,2026-01-13
11.437303647896524,29.94309946443785,-41.05353864624406,-82.6736045238452,-9.833509842165356,0.5873805268474617,221.88124224185145,7.274109506280636,91.55252127626346,130.32872096558796,CONTROL,1,740,2022-06-23
-13.717506047274952,-13.186700127201245,-8.845143963088775,-18.64035341462067,24.854992752731953,0.8378753122692434,128.31546164822362,2.5346159254958316,20.80310415074613,107.5123574974775,CONTROL,1,740,2024-10-02
-0.18516769822563006,0.5817450660949852,-27.8734038624362,-33.69262880358548,-20.51954362643049,0.5401446178689157,133.4762306660651,4.292085055452992,61.379763058360126,72.09646760770498,CONTROL,1,740,2024-01-16
-7.119782916187312,-12.018790792738265,-20.41287646461165,-2.0969538720549963,43.835175253641445,0.5944766082617184,91.23895232393036,3.333306260363618,36.9995294050476,54.23942291888275,ENTRADA,1,760,2026-01-13
16.36757720955062,3.5444266617234987,5.864659583170173,8.184604079155555,-46.79379303712538,0.0790462044453914,256.8935113640393,5.687094728940784,236.58705434406295,20.306457019976328,CONTROL,1,760,2019-05-13
3.214764600738551,-9.394768875254922,-8.446099485680536,-20.72740720413968,14.282083611363294,0.6977658904971693,79.48045591720226,3.2235651206173426,24.021704817014612,55.458751100187655,CONTROL,1,760,2023-11-28
0.1372547137679092,-5.517402207636524,-23.54941189229742,-35.00875962318517,-84.49948476946135,0.0887080743695471,150.10486663227107,3.521588317361296,136.7893529598246,13.31551367244645,CONTROL,1,760,2024-10-23
-12.905360688285628,-25.485882044159467,4.92234141175496,-17.734322213419638,-45.76576827017398,0.10192426123423044,161.4055515848034,4.139534484508531,144.95440998041883,16.45114160438456,ENTRADA,-1,705,2026-01-14
-2.0409619734096385,-6.471293745400342,-8.807078544965652,-10.99311181254059,-24.3747211869505,0.19078415521423953,71.51941055303851,2.3610943891391027,57.87464022925669,13.64477032378182,CONTROL,-1,705,2015-06-26
-3.5584717167502777,-4.312476823511435,0.09842691641503976,3.748152078151268,-0.5741183981411435,0.4005895840157083,40.06592241886356,0.8066181279703957,24.015931223885364,16.049991194978194,CONTROL,-1,705,2020-11-26
10.215883815256621,-24.59557592554118,-27.476939183679328,-34.27326914259399,6.895527010795099,0.48080180688875523,74.07322207013966,4.0725889560826305,38.45868305674449,35.614539013395174,CONTROL,-1,705,2020-02-11
-16.196958680743112,-1.0290684357006086,-2.435738617971861,-43.08004996073311,-55.51381458071436,0.03151469008741875,174.48834555934172,3.6210652213420036,168.98939942517265,5.498946134169086,ENTRADA,-1,755,2026-01-14
-3.9310882451581985,12.549448622503068,18.843863318025456,32.78235393848972,36.05911906408687,0.2440758143575499,206.10845653583158,2.5666080166579923,155.8023671608708,50.30608937496078,CONTROL,-1,755,2019-10-08
1.415961138744315,-5.32800428464042,-9.844498943595292,36.691094579086595,53.18173668922732,0.7866762685188933,87.0637194439653,2.6135614947022505,18.57275750841087,68.49096193555442,CONTROL,-1,755,2024-06-21
-22.629857835871903,-14.311222078875474,13.79835733082757,47.60369156719069,8.486792826662981,0.30775253607658265,253.02138039702177,5.819665467546849,175.1534088982406,77.86797149878119,CONTROL,-1,755,2022-02-23
-2.6349747415044256,-2.5441906342471565,-3.9413789253284204,-11.851538664612304,24.57722606671986,0.3503257247165663,116.89224372501603,2.3792126303469616,75.94188372830429,40.95035999671174,ENTRADA,-1,760,2026-01-16
1.7432003247597194,6.510680250257916,6.218689249448683,-0.32443767298717674,5.540857714876335,0.9691611479028515,57.94022376608276,0.7918173682355442,1.7868099911979174,56.153413774884854,CONTROL,-1,760,2025-09-01
-6.091073711775863,-7.4206742500093625,0.9119235684962312,15.054009831887427,18.736158403764858,0.8665895061728367,72.49970421127642,2.128939316812765,9.672221341149662,62.827482870126765,CONTROL,-1,760,2014-02-10
28.12718139636683,-23.73792962588994,-73.10824649729652,-2.660808339928211,-126.06367984654531,0.29236574354827477,337.60313376509015,9.103611637946681,238.8995425376319,98.70359122745825,CONTROL,-1,760,2020-03-03
9.54223890809347,9.54223890809347,9.54223890809347,9.54223890809347,20.844552515912884,0.8376740783235626,244.2942475029829,1.3834283503296128,39.65528888617342,204.63895861680945,ENTRADA,1,1083,2026-01-21
10.679986703552302,10.679986703552302,10.679986703552302,10.679986703552302,3.9867453430830757,0.7458233054741179,77.96659783079984,1.2710290026364537,19.81729212006151,58.149305710738325,CONTROL,1,1083,2026-05-11
0.0,0.0,0.0,0.0,-7.428557384833168,0.5473170859264759,67.54432905685377,0.0,30.57616370659758,36.9681653502562,CONTROL,1,1083,2025-06-30
0.0,0.0,0.0,0.0,6.451023640368092,0.7150886914429491,168.6983334156215,0.0,48.06406292483839,120.63427049078311,CONTROL,1,1083,2024-06-03
12.899247584337026,11.293445453790518,7.581461690948643,17.685617136522502,17.574600911083316,0.9636076012735556,97.60675713408459,3.324263813470338,3.552144024018832,94.05461311006576,ENTRADA,1,530,2026-01-22
9.204129873610079,10.916129568756539,18.14499281207027,6.303418781143932,-13.678916123801566,0.6402398310281381,101.9371531787512,2.4324086881930076,36.6729274520981,65.2642257266531,CONTROL,1,530,2022-03-22
8.434435298241283,13.42671159799691,20.836964235333433,35.928362347035225,23.04739973834735,0.9827944176641494,73.41058946659648,2.3423818126292493,1.26307194139085,72.14751752520563,CONTROL,1,530,2026-06-18
-0.26024243303779393,2.756096227289895,8.27009031776571,11.04178785982235,0.13907690663783612,0.4224056603773711,58.3839488204109,1.499174787521801,33.722238363486596,24.661710456924297,CONTROL,1,530,2018-10-18
-9.820524167314382,-12.875788099447893,-14.05096016775853,16.004338306716548,71.72431099478516,0.8207501617719029,118.66882887183903,2.837182344933491,21.271368377994882,97.39746049384414,ENTRADA,1,690,2026-01-23
4.770546402299569,3.9421463014832625,38.881753502442166,7.874756414647521,50.06302112265048,0.9236381571115038,82.48590946961356,2.973274525300799,6.298776059433359,76.18713341018021,CONTROL,1,690,2019-02-26
8.679993247493467,-2.5374702067471055,-23.789202928636843,-98.33868851193527,40.44344326600946,0.48756637225505833,219.23646978233086,5.715563763154406,112.3441395445541,106.89233023777678,CONTROL,1,690,2025-11-19
9.600009678913946,13.40565634501134,20.801355089794527,37.84769661706156,56.93299878309244,0.9589675576412893,64.38975760100688,2.1489870926253323,2.642069017254671,61.74768858375221,CONTROL,1,690,2018-09-26
4.961270644301408,7.549061815210756,9.294177315006813,22.040680238413213,60.19611369290301,0.9778174034912037,127.07785992020187,2.7797425960528206,2.8189168918111793,124.2589430283907,ENTRADA,1,690,2026-01-26
7.942538863874304,15.069210978864156,13.99176671787572,10.892369721153816,130.68913652945824,0.9892399768324945,156.8971540619182,2.44694691206147,1.6882170126219072,155.20893704929628,CONTROL,1,690,2016-12-13
1.6108377977519517,-15.460572337847589,-5.628789435694337,-34.32854252422235,-51.859052476430634,0.08872753032851696,76.26105415561375,3.0667402504687815,69.49459916013686,6.766454995476893,CONTROL,1,690,2013-07-08
-1.3935000191589442,-0.9754907938042123,-5.780487719945215,-16.974208247099163,-15.064013359309403,0.027218934911245343,29.44179061834665,1.6330120127736927,28.64041643583536,0.8013741825112913,CONTROL,1,690,2012-09-21
3.361941575059646,1.4426564010006082,-0.6093663201578448,4.710294622194411,23.328865842402458,0.9914427463964156,153.32668316170307,0.6710934343083821,1.3120553120111338,152.01462784969195,ENTRADA,1,1360,2026-01-26
4.622229457014182,-1.506325437092837,2.2854599789590146,-7.11757523364831,-19.20506726409976,0.07886123342830852,355.43755344599174,2.3659501545927686,327.40730957450046,28.030243871491233,CONTROL,1,1360,2023-03-09
0.9439772583563766,4.5162864731818075,1.6751690689398302,2.5604390614231143,4.916790505975488,0.5270431948512664,124.34187526466718,0.6055507994072408,58.80833607137933,65.53353919328785,CONTROL,1,1360,2014-08-04
0.0,0.0,0.0,0.0,0.0,0.9239989103786445,148.13589279012817,0.0,11.258489264082044,136.87740352604612,CONTROL,1,1360,2012-06-04
-3.4174482336890577,-2.905403430325526,4.466536243346031,17.715368170649892,40.19152502684476,0.9131852268365035,71.25276732076833,1.4385771936795493,6.185792832223901,65.06697448854443,ENTRADA,1,690,2026-01-27
-0.7417901034301178,-0.7836620696000107,-16.01372461613959,4.824319646732356,15.164979215711583,0.6079200156832011,61.03471003636922,2.53185583569369,23.930488153840013,37.1042218825292,CONTROL,1,690,2024-01-10
-5.936709325815581,-5.768923821981575,-6.07774205799827,-4.134544251059857,-25.40527138740312,0.17791292595809063,50.438445401319775,2.5018409309475422,41.46479399919357,8.973651402126201,CONTROL,1,690,2014-09-19
4.76389543867306,4.901250779978383,11.606484977511045,27.759233144304396,90.49577440996215,0.9654647573315068,106.68606080565756,2.240566147527874,3.6844289992690062,103.00163180638854,CONTROL,1,690,2016-05-20
0.6661691524856295,0.22500036023220815,-0.8186230621409774,-0.7515973176552837,5.6423190659926625,0.9036100282768544,71.2576289394494,0.884714642520547,6.868520838531932,64.38910810091748,ENTRADA,1,890,2026-01-27
-9.424277228436972,8.45860249429009,25.765108441515583,19.677064885650353,12.793150386019025,0.9459993238061442,503.38037394777234,4.7406750113870535,27.18288057589572,476.19749337187665,CONTROL,1,890,2016-11-09
-9.179383605529834,-4.6411505678123355,-18.811351649471455,5.718105460872369,11.808379521316414,0.43113772455088967,104.06780168510235,11.853306349929825,59.200246467574075,44.86755521752827,CONTROL,1,890,2023-05-03
2.3593103857022513,0.013727005550023819,2.3524436580601993,6.893408129826639,4.669354750106436,0.7443504822241772,80.89084483197246,2.1164422664972804,20.679705473772668,60.21113935819979,CONTROL,1,890,2015-04-07
3.1801086390137456,4.038939007189324,0.9372585337397155,-1.212233772787119,27.27591001021379,0.9687459661804642,118.77728239969566,1.18836071119195,3.7122692011126426,115.06501319858303,ENTRADA,1,1270,2026-01-27
0.0,0.0,0.0,0.0,28.551666111111818,1.0,72.19191466625175,0.0,0.0,72.19191466625175,CONTROL,1,1270,2016-07-28
1.3327795011131016,2.220618295998289,-2.5355143144656367,-4.872419473462841,-5.685343106508478,0.7367376111817003,66.32459706569543,0.5909710695033291,17.46077186092616,48.863825204769256,CONTROL,1,1270,2014-06-11
-1.535791975830758,-3.076203781183784,-2.8241688756214245,0.13755662747749753,5.163514696902016,0.22109570859754787,69.0932340901386,0.45861119827476005,53.817016539683145,15.276217550455442,CONTROL,1,1270,2014-07-16
5.622264882083616,3.968571517700692,7.522457569248964,21.383198374311796,28.56581017406601,0.9910959903439315,292.0455218059728,1.6583064117997337,2.60037614617195,289.44514565980086,ENTRADA,1,775,2026-02-02
13.029193686064922,-4.396639539846481,-5.0951855502512355,17.285923268643977,47.1866736957427,0.8984604186915519,111.73517077002651,3.536667768172266,11.345542457416435,100.38962831261007,CONTROL,1,775,2024-07-03
-23.142093124540743,-31.735022403036606,-25.713435328895695,0.18005254823094674,14.951118891959325,0.4782938779676581,163.44723097201242,6.538470110337624,85.27142102733309,78.17580994467934,CONTROL,1,775,2026-06-11
6.93951780908364,1.1137092449842179,17.792700014045426,11.34563875899497,-5.302541259886162,0.8320243020165138,117.30623968761533,2.8129251784713105,19.70459748934532,97.60164219827001,CONTROL,1,775,2016-06-28
2.0373881048540987,7.812882945281707,22.384683374019332,25.63826859393492,25.63826859393492,0.9859558951477407,298.1600491692242,2.4372377104629854,4.187390993287355,293.97265817593683,ENTRADA,1,1110,2026-02-02
0.5604546121640297,-8.953637059785358,-7.676499706770201,-3.458437322719776,-3.458437322719776,0.18531774788115848,270.32328327595917,2.184034666979472,220.22758121941794,50.09570205654118,CONTROL,1,1110,2022-07-12
-3.0788994756147936,-3.634298174242101,5.6468394291031565,5.6468394291031565,5.6468394291031565,0.4645641115308526,106.19817628276392,1.804830439520606,56.86231487176484,49.33586141099908,CONTROL,1,1110,2025-08-21
1.7080067313735015,1.054723047198003,10.712710397946523,-1.552345723424553,-1.552345723424553,0.86369718746129,105.21349762334302,1.7198779755091034,14.340895643096541,90.87260198024649,CONTROL,1,1110,2019-06-19
4.2864737234427075,7.421340781668118,10.688933281512991,0.07627687980793496,-12.076546463495319,0.935471742769584,314.09805136128506,1.7646969791760436,20.268199853813407,293.82985150747163,ENTRADA,1,1330,2026-02-02
-1.7273466601996912,-6.682499302789191,-26.41969483209494,-31.508474882858685,-5.759888420099335,0.11405161892454463,146.78989481091597,2.4064564231912087,130.04826966596738,16.74162514494858,CONTROL,1,1330,2026-06-03
0.0,0.0,0.0,0.0,0.0,1.0,106.02018495455876,0.0,0.0,106.02018495455876,CONTROL,1,1330,2016-11-17
4.105140412444808,-2.8050895189424274,1.2090020741606367,-10.657614710609664,-11.974389649518358,0.11602132435466571,79.05252312629975,1.3436528115534214,69.8807446996086,9.171778426691136,CONTROL,1,1330,2020-01-14
-9.91597563441804,-25.680919539353695,15.856259506910053,-15.251503187867499,-43.11935241596898,0.06444356390385493,319.9298957556618,6.208923446652327,299.31247307377816,20.61742268188364,ENTRADA,-1,875,2026-02-03
-8.215257074433158,-4.4647549744558646,-2.9630719353368473,-14.79090006161754,8.343499295562218,0.7647290569821997,96.90451152088065,2.2510239857730387,22.79881580819688,74.10569571268377,CONTROL,-1,875,2013-04-30
-3.711641819286182,-2.5838852900506026,6.046411673217289,14.034499351134322,15.750500406523926,0.9219105382865831,96.02888875137003,1.9707054461774192,7.498844231532077,88.53004451983794,CONTROL,-1,875,2012-04-09
-0.8452806551040304,-8.757290889198632,-4.047153081945254,10.154526313297385,18.1615959230208,0.7172510518934109,90.63700078223697,2.6791741240905185,25.627516630713593,65.00948415152337,CONTROL,-1,875,2023-08-01
-7.6356371108210475,-12.008839358782497,9.354249571911222,-59.14619182273873,-87.92335754603586,0.06765918015666117,295.43749094453,7.06754929102195,275.44843251968206,19.989058424847908,ENTRADA,-1,800,2026-02-04
14.09144670795337,18.29451303271723,45.0426364722678,2.5192879103963506,-120.91752526339761,0.17925410554890625,272.662460708982,7.857839666026879,223.78659519782963,48.87586551115236,CONTROL,-1,800,2025-03-06
1.1706135854727684,-0.3344106931157942,2.175887652615671,-1.1703395823892127,18.2609498273667,0.9212121212121286,82.76941444401527,1.33788050920051,6.52122659255817,76.24818785145709,CONTROL,-1,800,2017-08-31
1.3192563791553091,-8.237473548556862,-12.076985291694653,1.7590858617144711,15.817326394751419,0.3819251005880584,118.38764166394891,2.6919027443101573,73.17242971306221,45.2152119508867,CONTROL,-1,800,2013-02-07
-13.086255069821862,3.4033141492617602,5.44868428572709,-95.56214123349504,-94.04647805425826,0.2248262928858191,168.37920812909712,6.786390646979299,130.52313496638246,37.85607316271469,ENTRADA,-1,495,2026-02-05
-1.3601606629343177,3.461984840462673,1.7874814890528334,-0.07148597045758542,-0.4646405395702935,0.4429671740326567,22.93034020837037,0.8875043770193202,12.772952206661147,10.157388001709222,CONTROL,-1,495,2016-08-05
-0.46098747512379745,0.7684069187963161,0.7668699871055118,0.7684069187963161,6.150563645339613,0.9005651822868336,24.742338380712464,0.6375239728485468,2.4602499066836248,22.282088474028843,CONTROL,-1,495,2017-12-20
0.0,0.0,0.0,0.0,0.0,,0.0,0.0,0.0,0.0,CONTROL,-1,495,2014-02-03
-16.316314099195097,-9.002218910638682,-25.0541231960133,-85.91208114361315,-85.91208114361315,0.03718125166754461,311.6229966874051,4.145616882917242,300.03646362217626,11.586533065228828,ENTRADA,-1,1115,2026-02-05
-2.325836280046012,-4.253983091571101,-7.031881707559862,0.4939179999174925,0.4939179999174925,0.05069151727523997,272.6708127573173,1.5742641643089195,258.8487155419761,13.822097215341275,CONTROL,-1,1115,2015-03-25
0.6373132907588897,-10.030357734461814,-32.392928128683884,-32.392928128683884,-32.392928128683884,0.0541619307855002,305.34782228982664,4.277321046229994,288.80959467346185,16.538227616364804,CONTROL,-1,1115,2025-04-03
-0.5619931326905636,2.32421684132067,4.125506116843258,-7.703007193592404,-7.703007193592404,0.8707277397260262,160.49996839469824,1.3403723790880024,20.748193688283997,139.75177470641427,CONTROL,-1,1115,2018-06-14
9.958890124732722,11.042451418603605,27.43677394792643,25.658313811023348,67.18688079921486,0.9886783765953844,259.11589691362235,3.1498856550075733,2.933612603005247,256.1822843106171,ENTRADA,1,750,2026-02-06
-75.4285868570137,-38.74585476573378,-66.13002364123876,-92.17207933732263,-139.74589319997065,0.23615018274448782,369.9303380488892,12.466345536420189,282.5712211159139,87.35911693297535,CONTROL,1,750,2022-05-11
9.147227817083436,-12.417507190767285,-17.754540221655013,-20.144173406277943,-5.041883955485549,0.16733876574799564,85.39664422086597,2.3392749606259193,71.10647517792553,14.290169042940413,CONTROL,1,750,2015-09-07
6.592350490652876,0.3571938848412337,-1.6665674662230678,-9.793037824120665,-48.85273093479636,0.11683168316830962,100.20914939299051,2.962167230112685,88.50154580054284,11.707603592447676,CONTROL,1,750,2012-11-15
7.547685733488851,9.004907601362078,16.74964849206484,68.2908791555148,118.97269335525485,0.9939196920706739,158.75149834635656,2.791270845200928,0.9652579941877485,157.78624035216882,ENTRADA,1,690,2026-02-09
-16.598788997866933,3.1989207632698857,10.167171792789809,31.037202207924164,94.45553226252734,0.8805368663195998,155.04642013444715,4.537024341698868,18.522331215188945,136.5240889192582,CONTROL,1,690,2021-08-19
-2.9693618100079533,-21.130465321991252,-16.000214012371615,-39.192945345731815,-23.248081288974596,0.04879817654373109,61.284294553450664,3.863891075495626,58.29373272847336,2.990561824977303,CONTROL,1,690,2023-11-16
-13.466118482764466,-4.435175511102729,2.3771999905375374,-9.113870897963228,-31.709650506919207,0.40715911571201485,72.9388149529231,4.34840220002043,43.24111155560864,29.697703397314456,CONTROL,1,690,2015-06-30
2.3454735036598784,2.1472665807675817,1.1504048767330133,11.007647161234146,19.10766630648819,0.642707922743398,160.84003893095985,1.0297385971387902,57.46687161567538,103.37316731528449,ENTRADA,1,1400,2026-02-11
2.81336558694667,4.574373213228622,6.013236221935614,5.702335708666073,1.1624292227008226,0.43214030490709837,99.32439066804947,0.6895338061042325,56.40231820004682,42.92207246800266,CONTROL,1,1400,2013-10-31
0.0,0.0,0.0,0.0,0.0,0.47549019607843995,48.55449230209035,0.0,25.467307236880306,23.087185065210047,CONTROL,1,1400,2013-10-21
1.2372716337871736,1.787657956888733,4.242347055718465,-4.105687471881447,11.244825910885492,0.6912723595662355,251.26999595833632,0.8294768939437017,77.57399296401873,173.69600299431758,CONTROL,1,1400,2023-01-12
1.8923482150201565,2.9335835729460413,-0.2317960587072676,1.6299958482601795,10.092747235186383,0.838362307948219,32.105289431777344,1.345230678901944,5.1894248864069255,26.915864545370418,ENTRADA,1,445,2026-02-12
5.350925836478115,1.1826620327370918,0.8620246959911704,2.4332495103718266,-4.542678850611992,0.3771756684012063,26.35024434615304,1.286862114185371,16.411573322357658,9.938671023795381,CONTROL,1,445,2024-12-03
-0.05676746676508415,4.844304067277427,1.0620043562203918,19.871403013400624,16.24523922845622,0.3200593618600055,94.50501159398586,2.4114468551516643,64.25779789064232,30.247213703343533,CONTROL,1,445,2013-05-31
0.0,0.0,0.0,0.0,0.0,,0.0,0.0,0.0,0.0,CONTROL,1,445,2013-04-09
-10.26029257506722,5.217589418002877,-2.676491273965187,21.693300520622127,-142.10177822734704,0.10903322867609083,246.63545193450062,8.314692968398942,219.74399230409517,26.891459630405418,ENTRADA,-1,750,2026-02-12
-1.5669625446912416,-42.30075351996598,-67.39050348122832,-65.88790077533213,-77.83162506222352,0.06036546943918125,92.66614332970808,5.778056948593446,87.0723080864918,5.593835243216283,CONTROL,-1,750,2014-12-08
-2.021217388168406,-4.466152003040902,6.9430917038992845,-10.829839390787965,20.341859822115005,0.7678947812157447,99.99376988483779,4.388506443728644,23.20907583618275,76.78469404865504,CONTROL,-1,750,2023-01-24
-14.098067533181435,-13.505718223092433,-0.852170754360726,47.154960957906944,-17.11881419555361,0.4321478346151837,166.77283840088114,3.856642520336693,94.7023174133124,72.07052098756874,CONTROL,-1,750,2020-08-24
-2.6214475468144816,-7.738094635845183,2.8752922896480015,-10.576976880554145,-24.299850015840896,0.0759994992545711,284.7134677653377,2.027380088760972,263.0753867841396,21.638080981198136,ENTRADA,-1,1420,2026-02-12
4.420913597065201,7.2147098601815784,0.2840333493026037,-4.774078222017364,-16.26943796121938,0.06755462240009492,180.3678884803131,1.985203574741128,168.18320388092312,12.184684599389982,CONTROL,-1,1420,2014-12-11
-2.94672219706138,-6.3486098453013895,2.3826235810120444,2.9766052158120004,6.531600264285675,0.6844366197183084,231.24745268791085,2.0877536789488045,72.9732278517277,158.27422483618318,CONTROL,-1,1420,2018-12-11
2.1818119655980794,2.1818119655980794,1.8713517637469756,2.2088094157357574,2.274053855262359,0.6911634809030838,63.647787540568096,0.9278113738934168,19.65676115224913,43.991026388318964,CONTROL,-1,1420,2015-02-24
-27.02766869160156,-30.779027161400574,-28.184692517568834,-17.10607521603236,-17.141357763719167,0.1141270922110416,74.10521847170942,4.255295320639428,65.64780536986926,8.457413101840165,ENTRADA,-1,490,2026-02-13
4.0776718601232,8.353633005306893,6.140682110633566,3.6582971760545924,-1.3645900780578923,0.3823818092589075,27.996233583755266,1.5437758253067762,17.29098313356394,10.705250450191327,CONTROL,-1,490,2016-03-16
0.12899615578598755,-2.063485983577751,3.61185990783941,-6.318025774864067,-4.385178843349102,0.8664843840258808,100.48799906195184,1.1375962536848665,13.416717092763214,87.07128196918863,CONTROL,-1,490,2019-08-30
21.60284090548137,33.675471076100024,28.330190649286102,59.52925089127481,102.42823527016887,0.9809563756176161,153.99305343976647,4.678652642211728,2.9325858672032825,151.0604675725632,CONTROL,-1,490,2025-10-17
-1.4467184502109376,-2.11779612730556,2.5372626477326854,14.03621236348851,113.12152280381405,0.939348051991359,143.8160700250705,2.515436454835576,8.722724801967654,135.09334522310283,ENTRADA,1,690,2026-02-18
8.58390422282973,5.2788512038493,18.865679987793982,48.08026093972462,10.475887327803246,0.954229997132192,58.47947331913842,2.251394593066696,2.676605661524864,55.802867657613554,CONTROL,1,690,2013-07-09
-1.4156577305690643,-3.51037362430362,-29.517259403930574,-15.342771849705672,54.87373402583984,0.46841447151525545,156.04054684103667,4.676764513970455,82.948896557541,73.09165028349564,CONTROL,1,690,2025-02-12
5.460575621609731,0.6230751767488663,1.649859254315711,-6.351948681225794,26.463238998672978,0.7352761858309965,104.06356747318814,2.7271357918601398,27.548104497535814,76.51546297565233,CONTROL,1,690,2019-07-22
-21.92405989209334,-33.823483892692074,-32.14766217552567,-10.88234175827596,-35.65393447511611,0.03377408587216997,122.15924413772838,3.2104240632895555,118.03342733614136,4.125816801587014,ENTRADA,-1,880,2026-02-19
14.480350279291176,23.671671242935233,31.881506429882744,28.27366149655397,26.35565212069313,0.3283078307830812,169.54519615585664,2.7712762729175586,113.88218058623535,55.66301556962129,CONTROL,-1,880,2012-08-02
2.418494525810999,18.183889560523525,26.257265857030365,-13.946986017732144,-16.819745455307622,0.6277639235245295,66.40971315199339,3.9470757271487007,24.72009106355947,41.689622088433914,CONTROL,-1,880,2020-01-14
1.6750156833955643,-2.845180082149401,-4.071234148145253,12.637411620370909,3.5441685041393,0.5690050811342576,64.66809637464884,1.3124227589714688,27.871620950193787,36.79647542445506,CONTROL,-1,880,2014-06-13
13.217080560743444,25.359248336394025,-12.572558021461955,26.61945471283511,90.6105872646834,0.8581020854264301,183.4352622450911,7.179780939652972,26.02908117183433,157.40618107325676,ENTRADA,1,700,2026-02-20
0.5528762557904798,0.9196512328668582,5.716004203291103,16.79782196856161,6.267667575745595,0.8893607908918827,51.633944651669864,1.3863720472589354,5.7127387993930565,45.92120585227681,CONTROL,1,700,2017-04-20
4.2887541020508735,0.45981650075965774,20.176961027162932,20.157951835015897,50.815472391156916,0.9795472933561633,143.74555249415974,2.2021027306220673,2.939985616519282,140.80556687764047,CONTROL,1,700,2014-03-18
-14.631539588253473,36.99124642703833,39.14255715984139,80.68263510835116,100.45370598379844,0.7938899021721116,200.2540613414613,7.719361250505297,41.27438417352055,158.97967716794074,CONTROL,1,700,2023-03-10
15.721982507663768,19.49287749585471,30.25792278497752,-48.1653353613809,-29.071610411399718,0.7043397529917176,183.954112799686,6.4171723097115025,54.3879184285446,129.5661943711414,ENTRADA,1,770,2026-02-20
-17.26405030081701,-13.18826689400976,-21.087681352486285,-28.869412654145556,1.4342356784702304,0.05575148830516889,159.58029971452316,4.03642611242521,150.6834605012536,8.896839213269585,CONTROL,1,770,2016-04-22
2.3340116554693147,13.21611636023734,4.5961246644088405,-6.158016899930896,32.29853650685621,0.8616567036720655,85.39030881977641,2.0398521741746714,11.813176796588168,73.57713202318824,CONTROL,1,770,2013-01-29
-2.743713181369012,-15.345426229488313,-27.27856408923035,-51.036835033612114,-16.713263641459086,0.697038861192872,190.38590625132196,3.8252517673803994,57.67953097072762,132.70637528059433,CONTROL,1,770,2020-05-04
1.967629962460471,-7.043054277681149,15.139806057198335,1.2846824696510772,82.43680730126712,0.9089654693615503,138.50551803615124,3.634056635176605,12.608784825256356,125.89673321089487,ENTRADA,1,690,2026-02-24
9.43661080616387,1.7804227454032429,21.99836052975357,25.03649773646366,7.317477580517373,0.9245619374755194,52.488017377485825,2.6011509078554433,3.959594336708799,48.52842304077703,CONTROL,1,690,2015-10-12
0.2843672381080964,-1.280873894339285,-0.0014217955557338513,1.2797799461039538,74.61249887198207,0.7980673309215097,118.29482897147724,4.233781582788168,23.88759055239392,94.40723841908331,CONTROL,1,690,2018-07-02
2.013998086967117,14.756974991068095,26.21993526640054,22.741186386909806,90.91062614828172,0.9870395426199622,131.08220798290765,2.1238282016533323,1.6988853698437338,129.3833226130639,CONTROL,1,690,2021-07-13
6.517982283062995,-1.1793407808968759,3.7069962923230726,19.874601615286203,19.503582549516008,0.9541477092512153,150.05791810162088,1.9624749125473326,6.880499289952847,143.17741881166805,ENTRADA,1,770,2026-02-24
4.914037601617682,26.16578103174838,22.373877396555386,17.418635083434886,-23.484574190308916,0.281101291638343,176.2194858619806,3.373607872510252,126.6839607743331,49.535525087647464,CONTROL,1,770,2024-01-11
7.992458925891732,36.95433652487701,52.53625434075148,47.0634709759965,142.52654759401517,0.8110820772838204,205.06171022502602,7.635907661465009,38.73983232433907,166.32187790068696,CONTROL,1,770,2022-06-17
1.8184164100154554,7.28853022215592,9.87663417846285,22.5690675979906,39.586021655109164,0.9852895904984807,136.93390775356346,1.3193394873662512,2.014353857698186,134.91955389586528,CONTROL,1,770,2024-12-16
3.916734185891446,7.853334933944911,8.810068448685815,20.558549131410864,24.31244658048559,0.966902058894121,164.71514908349587,2.026927643280446,5.451732303611627,159.26341677988424,ENTRADA,1,1240,2026-02-24
1.0045027929561634,2.4766822766086882,-17.1617813958147,-15.694945715892805,-19.90133158343732,0.1343415654412347,180.95246413266182,3.1936763170667746,156.64302683063116,24.309437302030666,CONTROL,1,1240,2019-02-07
6.017272132610163,14.539540839673126,23.453479521877707,35.59771836164849,9.146995544582204,0.46434178355424116,239.11226854864682,2.971829119372795,128.0824513010675,111.02981724757936,CONTROL,1,1240,2021-11-30
-1.4815595713002505,-0.013482958215460528,-1.764610170112979,11.326379666023456,5.937381068563674,0.9854393386285398,195.38315922316488,1.1416514348737574,2.8449080191345986,192.53825120403033,CONTROL,1,1240,2018-07-17
1.4886768488708846,-2.149927137152785,1.821946083948589,4.3664471389393,24.80199889361545,0.9438277984990788,53.208988006238684,1.2965679215817538,2.9888659959465396,50.22012201029215,ENTRADA,1,510,2026-02-25
0.0,0.0,0.0,0.0,0.0,,0.0,0.0,0.0,0.0,CONTROL,1,510,2012-07-17
-6.286367618919542,0.2752091589619532,1.0616045169320465,-7.18938328448715,-39.1475519400164,0.15829457364341143,84.52620115663294,1.4425603571623127,71.14616218284651,13.38003897378644,CONTROL,1,510,2018-09-04
10.08423185570928,12.937467815323789,10.646343072793218,19.496897377864197,-9.142622861850747,0.336869807096724,77.997544815228,2.1323815985949035,51.72252693930405,26.27501787592394,CONTROL,1,510,2026-02-20
5.364025768870295,7.238017517658957,3.3540700927781053,6.265657955679682,26.294375554125615,0.8605427156840045,135.36359526963128,2.180733304659144,18.87743939155231,116.48615587807899,ENTRADA,1,700,2026-02-25
0.6346857518924054,-15.147747161921021,-3.320658362365725,-1.4648712071063663,-54.67724812089347,0.09422151940435793,102.46823751323126,4.917528413395694,92.81352448404799,9.654713029183275,CONTROL,1,700,2023-08-17
-5.552960530105233,-14.311298816908069,-61.917135282586464,-78.20871681830432,-171.42137973487513,0.03886528315747228,236.08045974123215,5.63156014646709,226.9051258254429,9.175333915789222,CONTROL,1,700,2024-07-11
-2.771631959791465,-0.11173555800048085,-12.032612639927276,-9.21145308351412,34.47363076414689,0.6513220005212703,95.50454616685639,2.4894502216505257,33.30033409858346,62.20421206827292,CONTROL,1,700,2024-05-08
2.9138696682662335,8.95269081212291,2.3902665346531293,6.387780828862599,12.739807946178239,0.8600268610573789,46.72318108665222,1.0717255772684482,6.539990318083214,40.183190768569,ENTRADA,1,500,2026-02-26
-0.1319168121649561,-0.2927101131733334,-2.3454923955679163,-2.1336589855724952,3.751718756888067,0.4401143002038337,40.01932723880039,1.3814077166522845,22.40624903646754,17.613078202332854,CONTROL,1,500,2025-12-09
4.325659365367329,4.5119329150922205,6.609071882317519,8.600867754131603,23.42441066967904,0.9983043662569285,30.630085131899456,1.2117246100587775,0.05193740590279974,30.57814772599666,CONTROL,1,500,2015-12-24
3.0568417285992133,-10.118960274517752,-3.379122488906816,-0.7089017675299125,-6.103454008530296,0.7238679969301338,60.37676398153111,2.6611606069155935,16.67195677709673,43.70480720443438,CONTROL,1,500,2015-10-08
-14.066784817877709,-3.981007212883192,-13.312158531668672,-24.772180868515292,-8.395289252429716,0.16810446046779629,220.52066508374546,3.290570185705275,183.45015765784282,37.07050742590263,ENTRADA,-1,760,2026-02-26
1.1862719398969546,4.7416960645629835,4.23362357043322,-0.507591023760634,13.556492756909844,0.4343279980696487,63.111995492362865,1.8923535017369941,35.70068883598421,27.41130665637866,CONTROL,-1,760,2017-09-27
4.847428688137256,-14.21246989877778,-42.41170990805787,-57.678576382754756,-98.88077145614571,0.16750916840122643,148.1722122688463,6.773225441491512,123.35200821152186,24.820204057324442,CONTROL,-1,760,2018-03-01
15.524033664695569,25.777468790497693,30.718802963163316,-42.23805091499999,-41.77739321699292,0.5066800747019083,186.56248065295344,6.034015494963182,92.03498901914166,94.52749163381178,CONTROL,-1,760,2022-09-30
-4.246620816182878,4.867876351837275,-6.1453419164037015,-19.217992955743448,-55.50544572302974,0.10292224991216153,220.8380983056107,2.837574576714295,198.10894436167416,22.729153943936563,ENTRADA,-1,810,2026-02-26
0.7015283826139473,1.0222267757442616,-5.315565803482025,16.135125779837,53.58353686023554,0.7451935064764744,88.2046393007995,3.761508187685408,22.475114852744074,65.72952444805543,CONTROL,-1,810,2024-02-01
0.0,7.789976411660682,2.4376134672698946,-0.10911908165267548,6.078053858109556,0.8747742323901317,60.416257465645764,1.687239923276745,7.565672217250922,52.85058524839484,CONTROL,-1,810,2013-01-17
-7.079846478484919,-9.242863724635564,8.403898764759443,16.62333470869859,3.798825562406627,0.7442767481113496,52.51619331050519,1.79291994836719,13.429611730175377,39.08658158032981,CONTROL,-1,810,2025-07-24
-8.25649437895759,-14.085893042853348,5.710029083514367,-3.3104924070548325,-26.518137234473606,0.18823071367309172,71.13854507016111,2.6071851186241717,57.748085961939296,13.390459108221828,ENTRADA,-1,460,2026-02-27
-1.6759880427819063,1.1329493910738897,2.16660686168213,1.1635732077763805,11.670946141304483,0.8767638758231342,48.818463819648045,1.473833183232872,6.016198269401977,42.80226555024606,CONTROL,-1,460,2023-05-05
-1.2275951344420388,-5.5802843771779465,-2.7290659571099773,0.4416065646828393,-8.41317830623467,0.3246907540708515,47.86870679890106,1.017180510663896,32.32618029196938,15.542526506931683,CONTROL,-1,460,2013-05-27
1.1257434605771444,9.605210101486517,4.022020290497252,8.104271104871774,11.259212949481512,0.8213146736352578,55.663330876664965,1.7965888318763958,9.946220444245512,45.71711043241946,CONTROL,-1,460,2025-10-06
4.938360317139345,0.4559028197537174,6.109750632221633,12.764974831016573,41.778250484862944,0.9494267202986654,239.2976793324964,3.682539065302379,12.102068468762626,227.19561086373378,ENTRADA,1,765,2026-03-02
-17.875122427767344,-19.23384300688391,-30.40470883536539,-60.976840602873224,-12.479643326304135,0.6828100645735884,232.87913576310953,5.604302240300109,73.86691803485925,159.01221772825028,CONTROL,1,765,2022-10-26
3.425331893143202,-3.473333733864381,-15.327835985911031,-10.46197452403863,6.59396641703891,0.8592208670858926,118.30231747281664,2.9500461974979872,16.654497675552584,101.64781979726405,CONTROL,1,765,2026-05-05
2.399204756429185,6.925766602812189,9.26403013286281,2.378576314376879,-9.031941164662216,0.4506487726385888,66.91648760948718,2.2463268760120902,36.76065459898645,30.155833010500736,CONTROL,1,765,2015-03-31
15.540956209112444,13.134097174822834,-9.45729423260988,-14.77331700024287,100.42744057179308,0.9183449877411534,261.80321767815786,4.559064111435298,21.377544948915485,240.42567272924236,ENTRADA,1,690,2026-03-04
-11.092684087461446,-8.747534694480974,5.320203249006283,-1.978472034079859,5.486870634567875,0.7080563159953032,74.68566920893481,2.8304490995571467,21.80400941121258,52.88165979772223,CONTROL,1,690,2021-05-27
2.6313364772168057,-1.5441734067256352,-0.10766504543013866,6.223388400965479,64.89734831016891,0.9115040519093895,85.17712705652812,1.4855089859485129,7.537830614501844,77.63929644202628,CONTROL,1,690,2019-11-25
11.930389170098366,-6.634132237191004,5.009070638204438,-41.20282498633499,-172.0784501032635,0.12610483941541853,237.05798325830253,8.491151695352652,207.1638243473713,29.894158910931218,CONTROL,1,690,2021-10-04
-28.67039181164821,-11.182614735816276,-2.871430305645406,-63.34610206144231,-58.461350268607106,0.040653153153154424,168.48409967641436,5.967166020029477,161.63468976839778,6.849409908016609,ENTRADA,-1,800,2026-03-05
-8.41862725579845,-9.7041067106296,-17.449462227200343,-7.4385743000982,-12.554672452546045,0.20934388562675907,189.37872800774784,3.9705065645883013,149.73344923155275,39.64527877619508,CONTROL,-1,800,2018-02-02
10.418949003840883,3.2306170631701825,-28.843443393427037,-41.761872731688186,7.352299201817125,0.6318538618083118,157.94299113627503,5.161502567910865,58.146102241263684,99.79688889501134,CONTROL,-1,800,2018-12-19
-5.314363600745775,-3.125255304828878,0.7783756856194479,-13.341954195343897,-20.854179962123133,0.5380520788375774,90.16780473630595,2.059972489511669,41.652829953715774,48.51497478259018,CONTROL,-1,800,2019-08-20
-4.218753549576348,-17.779220377358573,-10.879385581845646,-10.879385581845646,-10.879385581845646,0.8774412201244932,386.59265092223956,5.15464430425718,47.380323605867396,339.21232731637224,ENTRADA,1,1095,2026-03-09
-0.8501509726432932,0.5810196469657747,-8.635056517216633,-8.635056517216633,-8.635056517216633,0.4650089165180608,85.02374248437968,2.064694114751791,45.48694411340767,39.536798370972015,CONTROL,1,1095,2019-02-19
-5.100972965391692,-9.986120196524562,-11.867748114643417,-11.867748114643417,-11.867748114643417,0.8501798253125524,160.04179341095923,0.6302418683972425,23.977489446122313,136.0643039648369,CONTROL,1,1095,2014-02-13
-2.5776976460356593,-1.8515195278345775,-12.676290783582012,-12.676290783582012,-12.676290783582012,0.2151114006771906,144.3042410498071,2.199602495781578,113.26275363392415,31.04148741588295,CONTROL,1,1095,2019-02-21
0.05213533707859597,11.289545629413755,1.2032616573098842,48.762337324712576,15.236190881589007,0.9094337584533236,386.11510066900127,2.5123379448905943,34.96899347200802,351.1461071969932,ENTRADA,1,1275,2026-03-09
1.8923046298979784,5.248549091458887,4.118007430833348,4.3591847038859655,4.809413394364359,0.9420612459058063,194.30452394588463,1.3283953232593468,11.257762032289984,183.04676191359465,CONTROL,1,1275,2021-12-22
1.8174603835263703,-3.4666034358199482,-1.3869298504753935,-2.6209738928817394,8.34494976440281,0.08446215139442521,174.0838404421036,1.0349217153360588,159.38034475535966,14.703495686743915,CONTROL,1,1275,2018-06-21
0.5249318519440216,1.4223267079560564,1.14149195684643,2.112270343255229,-0.5248767470378279,0.9691270889303737,134.03980569019487,0.45827973187685656,4.138199000863379,129.9016066893315,CONTROL,1,1275,2023-12-12
1.9309577040371728,4.729961711362751,10.698284236447808,-12.167529141315914,-8.410030598700047,0.8881372515416175,386.43286065844836,2.795299923488914,43.22744188788918,343.2054187705592,ENTRADA,1,1405,2026-03-09
0.7589257528373139,3.207858673786035,-0.012883992914769493,-0.6583295435358405,4.111688938746028,0.3221840735408147,116.3297219025198,0.7737771845367335,78.85013822609584,37.47958367642396,CONTROL,1,1405,2019-07-01
-1.5804493127580255,2.4291848416346795,4.735111654574631,17.626551493363785,16.165246034325342,0.8151809899769404,245.7892457486486,1.0937469645993023,45.426525073579725,200.36272067506886,CONTROL,1,1405,2025-03-05
0.0,0.0,0.0,0.0,0.0,0.18947368421051455,62.78270575104238,0.0,50.88703518768772,11.89567056335466,CONTROL,1,1405,2012-04-30
8.459972149819084,8.042278404258862,-0.5233202495302791,-13.304539513336877,73.27313370721012,0.8575235332145492,126.29844181804101,4.897449318479016,17.9945557507423,108.3038860672987,ENTRADA,1,740,2026-03-10
12.77101198988495,-0.5432835226670818,-4.003889835172414,-14.546878515871997,5.742875399386005,0.641024961752684,69.5804743155105,2.7569507799186206,24.97765342867677,44.60282088683373,CONTROL,1,740,2025-06-04
-6.977542712367502,-2.278875558692217,4.679756403682678,25.545673736664387,63.81195381951032,0.9329623451557295,206.83671443592306,2.3443529239154715,13.865848271478342,192.97086616444471,CONTROL,1,740,2014-01-30
5.683925422581559,25.825422774652385,22.32942707384833,39.20998205788617,57.2595671154108,0.9796112081403366,123.49829625992943,3.307497096874292,2.5179810574667383,120.98031520246269,CONTROL,1,740,2015-02-10
-11.336568846727069,-9.983850658283888,-35.04527312634398,-35.04527312634398,-35.04527312634398,0.01599919849871968,104.4219662552469,2.5046747379908645,102.75129848950259,1.6706677657443032,ENTRADA,-1,1105,2026-03-11
0.6564617233673076,-0.002891711198271807,1.420032229815238,1.420032229815238,1.420032229815238,0.14914726139717718,70.53463996305499,1.0246021367953644,60.01459157892944,10.520048384125541,CONTROL,-1,1105,2013-12-12
0.05771448391422851,-2.97585053199656,-7.439118067373851,-7.439118067373851,-7.439118067373851,0.6030207434302555,157.66286030111416,1.4898392841963486,62.58888507099577,95.07397523011836,CONTROL,-1,1105,2025-05-15
0.18361603316918718,0.18361603316918718,-1.904618539328995,-1.904618539328995,-1.904618539328995,0.7639902266408248,136.20616764111497,1.5816422545716646,32.14598675510137,104.0601808860136,CONTROL,-1,1105,2015-03-16
-4.748978232123058,3.8672410476303654,-5.567895072099427,-21.111896997377812,-56.083182904073105,0.09641181892365609,137.36926846793918,2.81430181290443,124.12524743073313,13.244021037206053,ENTRADA,-1,1165,2026-03-11
2.6491805104167376,6.644341437744838,6.438221050477644,5.725934371565433,8.023092927045283,0.9711536040157489,98.09293875924664,0.6263742532235869,2.8296277547081177,95.26331100453852,CONTROL,-1,1165,2025-09-15
5.19978183126657,7.874171858581747,14.068316951485471,3.0778878493564754,-14.031646617448379,0.8529691103975385,310.6586212860512,1.4151274070722235,45.676413450362304,264.98220783568894,CONTROL,-1,1165,2018-10-23
8.149127200232087,1.3033005297291567,-11.85520827901465,3.5205218609046796,5.863373919894332,0.05391641742785598,718.7720292376056,2.7198231532382655,680.0184164737638,38.75361276384185,CONTROL,-1,1165,2022-09-13
-5.996500538217875,0.8094131184255282,0.18008308588335353,-18.07198254968556,-20.86344807812557,0.06482826948480809,171.5493191545352,1.8566810872975326,160.42807366244966,11.12124549208556,ENTRADA,-1,1395,2026-03-11
0.0,0.0,0.0,0.0,0.0,0.7069098143236074,118.72763031302296,0.0,34.79790321336199,83.92972709966095,CONTROL,-1,1395,2017-11-30
-2.8959948070850228,2.7591161588680357,1.4801610829984213,15.172082500425343,14.80467280208897,0.9665432320956188,313.7918064282254,1.2738020081711954,10.49845963796565,303.29334679025976,CONTROL,-1,1395,2026-02-02
15.49344235921124,-15.711912263477457,-59.639884621351946,-57.53831439717638,-69.6769122000207,0.13991025101668983,179.16651766133992,7.132060499935484,154.09928520155566,25.067232459784258,CONTROL,-1,1395,2020-11-05
8.74438691973456,12.469245079334002,-0.06829030387067725,0.788657992323305,-63.155762860865885,0.16066936454117414,148.6625029079475,3.9677113171381864,124.77699303462711,23.885509873320377,ENTRADA,-1,690,2026-03-12
1.409701409702535,5.080118747082807,4.971800094217826,32.59661095457611,46.87098408995727,0.9291141949984079,77.77513881382008,2.7596460944174623,5.51315332392821,72.26198548989187,CONTROL,-1,690,2014-05-01
2.622025453680177,4.089391989199331,22.764638623482547,50.200494210332906,-110.88297993383067,0.35566510174992316,219.6123265977028,4.0317414572302415,141.50388611279348,78.10844048490934,CONTROL,-1,690,2026-02-26
-8.020573209364112,8.668036998407125,2.0694342816818256,-21.119586575732985,16.89180049811556,0.4374416225592688,205.82948881175778,8.055767239684963,115.79110325539762,90.03838555636018,CONTROL,-1,690,2022-12-23
-7.5077514964716485,-7.559305182531784,-8.789940765790982,-18.02585278771973,-22.964604404601687,0.15170622334025974,148.68231457367654,3.4873074704939713,126.12628215221562,22.556032421460934,ENTRADA,-1,875,2026-03-12
-1.6521754339204886,4.844685734017862,9.694067939300943,-25.213281965700276,-45.56965960856196,0.07849589380132678,215.21779119213582,2.131147360936769,198.32407831056182,16.893712881574018,CONTROL,-1,875,2024-01-02
5.814956952037154,1.8189196782536499,-4.704476906675081,-11.85669136169909,-25.29207510828857,0.12039095088754809,68.33857547476791,2.2522085620740198,60.11122939106012,8.227346083707781,CONTROL,-1,875,2016-10-31
97.84589085384043,122.14201515939882,146.56745791524762,-24.467156943709377,-34.80910590791919,0.6847338215471848,242.05274097913144,17.703797512102636,76.3110426325199,165.74169834661154,CONTROL,-1,875,2022-09-21
-10.735654676662376,-12.982682180338045,-4.520603398812106,-11.100885760804147,-26.315664443522515,0.05168981734660005,148.90374442918983,3.7664167229592467,141.20693707742018,7.696807351769638,ENTRADA,-1,945,2026-03-12
-0.22390479041400901,-0.43086668739977796,-0.9689275289237465,1.5845540233194733,10.872374299002452,0.9500587160751581,57.682176026974446,1.0430609669483244,2.8807219303658367,54.80145409660861,CONTROL,-1,945,2017-02-17
10.862552573849271,16.36800076862288,23.915723721834592,17.834239260994256,18.473130871008436,0.8374540253371476,70.80486423919544,2.14977192208828,11.50904566863096,59.295818570564485,CONTROL,-1,945,2021-04-12
2.6518310274492585,1.5891618806218588,8.312003495321019,-2.47554056370225,-22.925531258320973,0.8215432034391266,152.5299979550957,2.69843819676141,27.220014814502942,125.30998314059275,CONTROL,-1,945,2017-07-07
-13.395356957559557,7.300706998440987,7.300706998440987,7.300706998440987,-8.53361537293984,0.07939324306635537,168.19819789334161,4.2703505379011375,154.84439748467258,13.353800408669011,ENTRADA,-1,1085,2026-03-12
-3.700933153124586,2.4283104674149847,2.4283104674149847,2.4283104674149847,2.9027727322161745,0.9566318926974535,85.36926283219324,1.3433960580684274,3.7023033508458467,81.66695948134739,CONTROL,-1,1085,2019-12-19
0.0,0.0,0.0,0.0,-1.3560660205946817,0.785433409794001,166.3996217472058,0.0,35.70379944986594,130.69582229733984,CONTROL,-1,1085,2025-06-03
-4.340764602162039,-10.924693461835666,-10.924693461835666,-10.924693461835666,-4.818542157903893,0.16638459931421776,246.3036257513122,1.564476915596588,205.32249567104108,40.98113008027112,CONTROL,-1,1085,2025-01-07
8.827157586461798,-0.7027672395454321,1.5343930001088246,16.738575400812028,44.05706195726778,0.9061323609737327,55.10196270898847,2.520436675944676,5.1722911452061675,49.9296715637823,ENTRADA,1,455,2026-03-16
-8.956056361958398,-7.590232375856987,-13.722344434478062,18.85386453583493,-36.69372404515481,0.19762252485339585,107.79356737925018,3.128457085670603,86.4911304308081,21.302436948442068,CONTROL,1,455,2025-11-07
-0.20807671608724654,-0.11046155719451889,7.928774716361442,15.627894531009545,16.506707281143118,0.9582975064488343,41.826859101388266,1.6859964103551628,1.7442843219411632,40.0825747794471,CONTROL,1,455,2014-07-18
1.8318843503628557,-0.7026203066096137,0.1279924719943537,10.539622658189973,7.282858953783222,0.9433850992726703,32.55446857917758,0.7682308446395977,1.8430680068411098,30.71140057233647,CONTROL,1,455,2021-09-10
-5.577095669669907,5.767339286610884,8.819990541384382,-0.47730907475118656,23.95135316135999,0.833569029520944,114.51511119706716,3.742650985133822,19.05886109104489,95.45625010602225,ENTRADA,1,690,2026-03-16
-1.9364592720405582,0.8908372936788922,-1.788718420636659,-11.034889655744395,-23.852717317289773,0.17788017652489793,52.24054163746917,2.1390186912694493,42.947984869239875,9.292556768229296,CONTROL,1,690,2025-06-30
1.8767517715767568,8.65476376950669,8.449566122570307,5.749948827094009,20.47739535851134,0.9107184107183961,47.29510303400506,1.618264540445829,4.2225819641131785,43.07252106989188,CONTROL,1,690,2014-05-23
1.9503124282826967,-3.87594836811056,-5.342647685145918,-1.50144640270522,31.544650829327114,0.8579537255279261,58.24301589502926,2.286877363972618,8.273203421906688,49.969812473122566,CONTROL,1,690,2014-01-13
3.4312782268597353,1.1582082045435982,4.345981251050457,14.599415982825548,24.797819515649522,0.8512922043486006,114.49187425444622,2.2658240273547525,17.025834240375893,97.46604001407032,ENTRADA,1,880,2026-03-16
11.707368100533078,48.29516220780539,68.57641539106618,-15.365941247932335,-0.7597782216994808,0.45137231503579905,179.86597728976474,8.137608003763026,98.67945472430718,81.18652256545757,CONTROL,1,880,2025-05-07
0.0,0.0,0.0,0.0,-3.119014619967775,0.4622016424057695,19.600964498430603,0.0,10.541366514518797,9.059597983911804,CONTROL,1,880,2024-06-19
0.39380314430736973,0.39380314430736973,2.3071846878397473,12.120137239914897,9.69350462479257,0.9373963307363662,50.70812320175087,1.2432683347607647,3.1745145739020053,47.533608627848864,CONTROL,1,880,2019-04-29
2.910452406623687,13.468239315974628,10.768135469987339,3.8756015760599283,28.42169670379091,0.810107641196013,151.6469177708544,3.046377169447997,28.7965909208618,122.85032684999261,ENTRADA,1,845,2026-03-17
-3.417557304747909,6.038794010396753,1.4361732168000074,7.228492996007585,25.955481686552595,0.2252795626864326,194.4457716776722,2.858608074761335,150.6411132679003,43.80465840977192,CONTROL,1,845,2014-07-31
-4.994015294449428,4.499003843949634,20.578715315981988,22.4455217100461,2.535444008675558,0.25773913504662505,121.82593567363185,3.2035323634742823,90.42662438686419,31.399311286767652,CONTROL,1,845,2026-02-19
5.252594608677885,-4.119167540305169,-8.778634778666694,-23.87333839186434,-1.7223791267284572,0.16580071174377653,131.36279786864986,4.04476016512327,109.58275248537386,21.780045383275997,CONTROL,1,845,2015-09-25
-5.374571044506338,-6.3701430394769165,-4.870228829420009,-0.6305274806384098,26.242294870695293,0.18585178153538112,159.76505754017185,3.097500000466891,130.07243696922825,29.692620570943614,ENTRADA,-1,750,2026-03-18
3.8261477304857294,-0.2635769828551737,5.614499110890847,33.788668070062755,84.11231407374542,0.9431985906775211,142.6817857865631,1.8026209793809012,8.104526517324828,134.57725926923825,CONTROL,-1,750,2021-07-20
0.012618360218930036,-1.5000960742772573,-6.5433744771059565,-3.405792622548365,18.84941454299849,0.6900852265627005,50.48725736501149,1.1732944283115185,15.646746927748163,34.840510437263326,CONTROL,-1,750,2019-07-11
-23.21563912571878,-41.67686650403568,-42.83394995105105,-42.10343660150162,-9.432857270446071,0.28200706420112165,225.8608746129582,6.216471237596795,162.16651244546023,63.694362167498,CONTROL,-1,750,2021-03-10
-5.491606805051452,-5.491606805051452,-5.491606805051452,-5.491606805051452,-16.406471750053385,0.011460133577043287,247.00958387294298,1.0404341855765087,244.1788210469492,2.830762825993804,ENTRADA,-1,1083,2026-03-18
-12.388041643004444,-12.388041643004444,-12.388041643004444,-12.388041643004444,-12.388041643004444,0.2834813238423602,37.18020846236484,2.5241942451775428,26.64031374671873,10.539894715646108,CONTROL,-1,1083,2014-02-17
1.01241590662271,1.01241590662271,1.01241590662271,1.01241590662271,-1.2602048945697941,0.8518170215624342,199.6067531092937,1.1077236628148202,29.578323191986986,170.0284299173067,CONTROL,-1,1083,2023-08-21
17.25758236922781,17.25758236922781,17.25758236922781,17.25758236922781,23.13063639183932,0.5018503807327964,70.06119545622487,3.321616671460352,34.90095784192355,35.160237614301316,CONTROL,-1,1083,2018-07-19
-7.514306360063561,-11.011808238317045,1.972566912600282,-26.658092995112128,-34.8117032220796,0.2152525603948678,75.7082544739972,5.01213182962144,59.4118588554431,16.2963956185541,ENTRADA,-1,495,2026-03-19
-0.9751269189350875,-3.483899456989681,-3.247990868494588,-0.9086155415294339,-5.9309672532215085,0.2751361207808654,36.22919759277642,1.3771312438234764,26.26123670809645,9.967960884679973,CONTROL,-1,495,2025-02-11
1.9278322573867968,7.738818579989815,4.247581616276808,10.822851945520018,26.637536437066345,0.6764128416025297,48.141811035153694,1.4812526400264052,15.578071832973363,32.56373920218032,CONTROL,-1,495,2021-10-29
1.8686584705673859,12.843468118537427,11.682336482989886,-3.582124302730083,-7.439485948749214,0.33215487532941984,48.324087722921995,1.624337159278637,32.27300638990689,16.051081333015105,CONTROL,-1,495,2025-11-11
-7.654626047097768,-9.87273381980236,13.910338988436521,-21.383797672094307,-1.8080956584642927,0.28923095227472534,138.90396366826437,4.546370938966474,98.7286379817584,40.17532568650594,ENTRADA,-1,820,2026-03-19
1.64819440302999,-0.7489997108856006,1.9479244864584189,5.246141462953435,-4.941325503079463,0.8405675675675583,55.43013032073072,1.3177510356810012,8.837360507081337,46.59276981364938,CONTROL,-1,820,2018-01-08
-6.557903940220822,-5.817755336160468,9.062726340096638,13.613545364801194,50.70392095976484,0.7789606402806705,120.91695645882614,3.5344521725266103,26.72740663486898,94.18954982395715,CONTROL,-1,820,2023-06-20
-4.317366357510233,-0.7498603565336825,-1.37561925396823,4.3788335984817905,19.10884303071736,0.6266304914953682,69.10048730877932,1.601898642773612,25.80001498390948,43.300472324869844,CONTROL,-1,820,2021-06-09
-3.533725887348016,-16.341064933060867,-2.244037102132612,-1.2316642377707687,-89.21059349737304,0.09005790029118753,160.33271585942748,6.894984255047471,145.89348812114383,14.439227738283622,ENTRADA,-1,690,2026-03-20
-35.85710338211645,-57.82233742182119,-23.451631173834198,14.934739120238127,82.311202553349,0.5848510638297868,230.55459990764737,7.659116382827305,95.71449688080892,134.84010302683842,CONTROL,-1,690,2020-04-01
-21.883613589288586,-29.079693108801095,-52.99184209349717,-89.63453543054834,-29.892156822802775,0.038022331782867215,107.47318755032187,5.205651716009275,103.38680635552122,4.086381194800652,CONTROL,-1,690,2018-10-08
-0.9218160968371691,-14.539194217632057,0.5276389179664775,-12.923930121255811,16.04124013617314,0.42966704936854433,123.53474460787072,7.097674172925804,70.45593539771022,53.07880921016051,CONTROL,-1,690,2014-04-07
-4.744685762921863,4.535774989633534,0.5981308473379521,-22.327272386460926,4.29324729374736,0.11498349868835844,162.08376489834347,5.923621229889502,143.4468065297506,18.63695836859288,ENTRADA,-1,790,2026-03-20
6.236942354844732,-18.79737950397642,-40.35253604155686,-83.75182124762514,-49.04372320818862,0.06626375387748812,248.6212970286207,7.247992835421202,232.1467165936143,16.47458043500639,CONTROL,-1,790,2015-08-21
1.3659020847622827,4.795960571466473,-0.39604182146990574,4.645589989245025,37.02317701051116,0.9212119562999123,100.38145800786654,1.891458678062061,7.908858700202313,92.47259930766421,CONTROL,-1,790,2019-03-15
-1.779242608448417,-0.17795275674692412,-5.158059850925989,14.61192585503479,34.462069224134865,0.6303459119496827,124.49796409525541,3.091339619302892,46.02118138175279,78.47678271350262,CONTROL,-1,790,2017-07-06
50.28115879074369,36.25576279176812,10.441868321431347,-47.377650659606864,267.7377398438763,0.8047273926994193,381.5659818603453,10.440064385846934,74.50938413507569,307.0565977252696,ENTRADA,1,500,2026-03-23
-4.512423917928388,-6.24688740158863,-10.407144851846128,-8.154102120586648,-3.64323132227673,0.6703542254295101,47.40010452713621,1.5615949065167625,15.625244171570001,31.774860355566208,CONTROL,1,500,2017-06-14
1.8904701146049696,6.687079455376388,-2.795402288964244,-20.122869038948778,-3.131282934326629,0.617537721408267,61.475716990964045,2.538143369383105,23.512142798424623,37.96357419253942,CONTROL,1,500,2021-07-30
-2.6580072236881414,-0.7223240835085853,6.265286502336043,1.5857865512836078,-13.287430045081372,0.4608475545031314,56.529981384386076,1.9167469692010908,30.478277707284214,26.051703677101866,CONTROL,1,500,2016-03-11
7.573480751230655,-6.835864321835805,3.3270784642658313,19.579839647154706,17.045116120291137,0.8147165155514805,86.10878213467645,5.471281660410761,15.954535195531273,70.15424693914517,ENTRADA,1,480,2026-03-25
2.152572947315967,13.163404533260703,8.84525083462595,15.430923570836086,24.381698838327193,0.420771046420147,84.7726678512145,2.073025908529082,49.10278369163143,35.669884159583084,CONTROL,1,480,2015-06-04
0.0,0.0,0.0,0.0,0.0,,0.0,0.0,0.0,0.0,CONTROL,1,480,2012-08-10
-2.6049086532387022,-3.2145379093961868,2.3859385878899353,11.621899415530379,9.92315194950244,0.9150952136825878,63.10276619836431,1.6337668711744995,5.357726880109743,57.74503931825456,CONTROL,1,480,2025-11-06
-16.116024677129694,-17.1946710855142,-1.8698258784821675,-21.24262704707447,-43.478132191479006,0.0578698174512477,127.95107382910489,2.665353485143206,120.54656854392347,7.4045052851814175,ENTRADA,-1,515,2026-03-26
19.982439674224306,20.169818293536146,30.325504444530527,23.267041861076976,38.6296725845292,0.8312988616101891,64.79564177990265,3.950704908593506,10.931098530967972,53.86454324893468,CONTROL,-1,515,2020-08-07
1.0906594257997781,-2.768292525511251,-3.5960994532968638,0.6098658414344094,-7.67357798139634,0.4115327747659132,16.121724182248553,1.1584989705112034,9.487106295517084,6.63461788673147,CONTROL,-1,515,2017-01-12
-4.483267847129602,-13.360811323333,-21.48609867982043,-39.7700164511805,-33.56662671608945,0.31018800953912956,136.38121510814287,3.904366919217706,94.07739745522017,42.303817652922696,CONTROL,-1,515,2022-04-28
-2.69102149970446,-4.006700046346179,-7.5243549838532875,-34.863189127605224,-28.48097301639929,0.15102261992385224,144.50923208527598,3.52715780336032,122.6850692525736,21.824162832702388,ENTRADA,-1,690,2026-03-26
-2.4486571020310155,0.9253604278858241,5.554732632200299,-5.4180846526785675,22.824623535544486,0.5151816824290611,131.21485316432995,3.8498631780448807,63.615364351448235,67.59948881288173,CONTROL,-1,690,2020-05-08
-13.42639493791098,4.668785346542137,15.751198619402551,-67.93068285036674,-127.26844512541358,0.1935390688941268,190.35759201999193,7.393863731607759,153.51596090351464,36.841631116477295,CONTROL,-1,690,2022-10-10
1.9378153450677615,7.471248951667064,3.418904432901382,6.264277063845469,-22.171222755138498,0.4518026465427036,57.588416893869564,2.2638480200201143,31.569817731014755,26.018599162854812,CONTROL,-1,690,2025-07-23
-6.24364579580261,5.268938281028923,-6.557691679012212,-25.146987979031145,-56.60474096014334,0.028003820511755022,223.0207593351413,2.7500648725613415,216.77532602032468,6.2454333148166095,ENTRADA,-1,885,2026-03-26
-6.0522631696202644,-3.715288667337502,1.1078305869682836,-22.2558783458815,-14.991405806679126,0.08237164438513697,167.05197929508202,3.1227430009565387,153.29163306275424,13.760346232327759,CONTROL,-1,885,2019-05-23
1.6849769839155648,28.42412185668275,68.54224677498743,112.13704771598998,74.25118026266998,0.9753719830553622,279.3796791473871,7.050997098824814,6.880567472029307,272.49911167535777,CONTROL,-1,885,2018-10-23
-25.01559144303944,-54.709598807501926,-108.69858981684798,-122.1717227472796,-104.77195304301578,0.01160013033045164,637.747998552781,8.859650670515736,630.3500386515841,7.397959901196945,CONTROL,-1,885,2025-04-04
-25.67978042502972,-25.67978042502972,-25.67978042502972,-25.67978042502972,24.85145887660467,0.12279356593894782,257.6539690076292,3.1365639399592236,226.01571937485926,31.63824963276993,ENTRADA,-1,1083,2026-03-26
2.6450643428344023,2.6450643428344023,2.6450643428344023,2.6450643428344023,4.47505675754023,0.9676318510858356,89.05326342913149,0.43576648796718753,2.8824892919664373,86.17077413716505,CONTROL,-1,1083,2019-04-08
-3.2025458754303404,-3.2025458754303404,-3.2025458754303404,-3.2025458754303404,-10.778878622582644,0.18539843964206673,119.22458108394885,0.8708012268181989,97.12052978400567,22.104051299943183,CONTROL,-1,1083,2013-11-20
0.0,0.0,0.0,0.0,27.654665084448915,0.964972501422337,348.49972366187075,0.0,12.207073574882113,336.2926500869886,CONTROL,-1,1083,2025-04-30
-9.38305217623725,-14.626761433078617,-4.346463994239214,4.011766939508998,-40.09413845961984,0.08024974065817553,154.57895194518613,2.675781527608983,142.17403114037236,12.404920804813765,ENTRADA,-1,485,2026-03-27
-11.91429147630041,2.7692868895279332,9.921613756569414,31.324816609525907,45.81554621294836,0.4854347092565506,148.53826906388497,4.930289661021935,76.4326376073867,72.10563145649827,CONTROL,-1,485,2016-01-14
3.3588600453549056,3.3338787825387683,11.459363715391468,23.46669642751431,46.795575319400484,0.9875875520879382,70.39379521041397,1.9644463669314267,0.873759316381605,69.52003589403236,CONTROL,-1,485,2021-12-03
5.600146906179493,-4.423587086768155,12.524338399542145,28.862119740593606,-24.410924148247084,0.25634517766497655,153.852762125667,2.624125594022215,114.41334848431553,39.439413641351486,CONTROL,-1,485,2019-10-08
-13.975332484748026,-23.388626522052867,-24.542171486612308,-3.904145763005129,11.370576959970347,0.12835592499881737,226.98386989777322,3.523533987425945,197.84914531723334,29.134724580539896,ENTRADA,-1,730,2026-03-27
-24.27818541150706,-45.63311879203336,-73.05767049026745,-72.34233750526342,-30.09449207935444,0.033883495145628946,146.59292425842483,4.7145942906410365,141.62584362093094,4.96708063749389,CONTROL,-1,730,2019-06-03
-10.712698678017052,-28.33802561215237,-22.658113284796944,-25.837306906664192,-8.60447794227559,0.3726531465607404,64.31016457580311,3.2498978911771137,40.344779390791025,23.965385185012092,CONTROL,-1,730,2021-07-22
13.213107865606144,-4.579331629231964,18.852059069143223,19.895574753547862,-32.608195123448034,0.6908046781987579,137.43326368148755,4.054396257348956,42.49372219019251,94.93954149129502,CONTROL,-1,730,2020-07-02
-3.1645311518724295,-0.25376864689619083,-3.7279441240201106,-31.850275838686272,-14.06449376527008,0.06865536296226382,227.2918745854688,2.951352008252383,211.6870684374301,15.604806148038708,ENTRADA,-1,780,2026-03-27
-0.23516126245404223,7.439276257263927,9.43040922921412,-25.79667734450286,-10.405811823949174,0.6860711344653154,126.25238694294545,3.070879052404707,39.634268604044884,86.61811833890057,CONTROL,-1,780,2014-09-29
3.2364423407549303,7.742905192298366,3.096183740920466,16.618162500769973,29.788388359457407,0.9545639595849933,186.2627140921667,1.856199563440985,8.463040205300517,177.79967388686617,CONTROL,-1,780,2015-04-06
-0.08715874557529979,4.596982581774878,29.850458549847136,-6.617505501931298,-38.205888350910655,0.2741899170433546,129.04299980668466,3.27097846628381,93.66071039466416,35.38228941202049,CONTROL,-1,780,2016-04-08
16.76564073306519,16.76564073306519,16.76564073306519,16.76564073306519,3.1776242250547426,0.20942807881390338,224.42674739306253,2.151280870571476,177.42548485208022,47.00126254098228,ENTRADA,-1,1083,2026-03-30
16.65339545054767,16.65339545054767,16.65339545054767,16.65339545054767,69.75952304857147,0.9869831146426855,283.7048781102754,2.6125026561677487,3.6929538736723404,280.0119242366031,CONTROL,-1,1083,2018-04-26
0.0,0.0,0.0,0.0,-3.1363879660495364,0.7471523720644777,82.1059375787885,0.0,20.760291556218732,61.34564602256977,CONTROL,-1,1083,2024-06-10
-24.487246866379266,-24.487246866379266,-24.487246866379266,-24.487246866379266,-46.70249757821154,0.008669886246913422,385.01585704807815,3.145925587820666,381.6778133642135,3.338043683864717,CONTROL,-1,1083,2019-08-14
-8.879893563602526,8.353427714928863,4.62705932465779,4.141710542202581,-30.939951525170706,0.05532234639908389,225.20563116397204,2.8068948428289833,212.74672722569446,12.458903938277583,ENTRADA,-1,1210,2026-03-30
7.3723918405566025,-1.4121114103715637,6.170327194876535,-5.554689312101679,14.669108740763548,0.43435863874345537,236.88375084955769,2.7702187432003367,133.99124729009995,102.89250355945771,CONTROL,-1,1210,2025-03-13
3.4650603896846377,10.620051414218512,13.656453082151465,12.639892926913365,14.4169652261672,0.5341503406553109,115.31964684764087,0.91731450727826,53.72161819972336,61.59802864791751,CONTROL,-1,1210,2025-09-24
6.835345630575862,12.152863149326176,22.36004205718789,28.86326551247098,31.368873730615032,0.9851116830667195,120.37791130630522,1.8305885754777014,1.7922244952946074,118.58568681101062,CONTROL,-1,1210,2024-09-25
23.10098099524094,29.689374524866086,15.210818038691176,22.898058981031255,37.12116928570764,0.8727962800840876,82.15639730004483,6.861017500266367,10.450599351455322,71.7057979485895,ENTRADA,1,510,2026-03-31
-2.562424917709194,-2.5096541307911835,-0.1055940107075326,-0.2543817862632469,9.276970413383268,0.8447461335720587,48.25937234737117,3.206294133233941,7.492454148315046,40.76691819905612,CONTROL,1,510,2014-11-10
4.143075332396773,11.491604370963415,37.628515816252595,48.554827076594535,61.755943738899255,0.9982993197278944,176.40235075306518,2.6761884695176064,0.3000039978787936,176.10234675518637,CONTROL,1,510,2022-01-19
2.4139736432560177,6.49990448803095,9.11093438183519,17.00325255566071,26.37472172024813,0.9002364894455529,70.83209690987304,1.0532261514841303,7.066458647661742,63.765638262211304,CONTROL,1,510,2023-11-29
-17.802911703254097,-22.014584009079073,32.392751709142686,-32.90799854610671,47.03478642250847,0.7275259048970919,151.1248472287607,5.943634898424975,41.17760599622179,109.94724123253891,ENTRADA,1,690,2026-03-31
-4.852299089568302,-18.02413392062885,-25.296474904998867,-21.592733127977493,52.058446072167364,0.7441598222700959,130.51772146671235,2.638490538710672,33.39167705694581,97.12604440976656,CONTROL,1,690,2016-04-18
-1.7956951508901753,-0.1278362622869622,-1.0288844105987849,-16.240430344205414,-22.828653786886033,0.21319405928390134,68.01395235376945,2.289632252374025,53.51378176352748,14.500170590241964,CONTROL,1,690,2016-08-30
-2.7311180682498826,-29.782403154167135,22.746247486353788,80.93752539526156,-10.032883699081507,0.4051606108478085,212.61516654854674,8.482810571198547,126.471875794229,86.14329075431775,CONTROL,1,690,2020-05-14
11.272949010152633,10.187842070785713,11.600774746207687,18.76316327406924,126.24358753752452,0.9118839279271332,269.72906798199375,4.4905267941186215,23.767465994448532,245.9616019875452,ENTRADA,1,850,2026-03-31
-0.8232914377170886,4.187509295030534,-1.162009427593258,8.094813631227549,37.66503889427675,0.9393421106599377,112.84047917192801,1.872564952956431,6.844665298690415,105.9958138732376,CONTROL,1,850,2025-01-21
8.680052019696127,-18.1532105783333,-1.3288814123890713,28.411298079984437,14.261418969911954,0.12830584940883863,432.5663294588501,7.156778058452109,377.06553913196876,55.5007903268813,CONTROL,1,850,2022-06-10
-1.0668437843497358,-21.87178306568449,-27.725576536394847,-35.014000753486044,54.28173267166603,0.6739050535987763,151.2423995675962,4.4882407731085285,49.31938218058775,101.92301738700847,CONTROL,1,850,2021-03-29
18.624455678939444,5.092228849139513,5.390345743265801,33.34870571115367,45.20223290881198,0.9333329716415585,310.55758294848914,4.663348565415236,20.70395118935599,289.8536317591332,ENTRADA,1,970,2026-03-31
11.453628029656215,18.363685370623717,-29.67467280173497,40.73282673236589,-13.663341920133742,0.1298139464528807,416.25375524040066,9.275285125356005,362.2182125468128,54.03554269358788,CONTROL,1,970,2021-12-16
-0.5815656765750798,4.053011271667462,4.984411646014042,10.440024540012693,5.870990699592404,0.7733455671521905,57.62461413682043,1.6706800325318265,13.0608742352549,44.563739901565526,CONTROL,1,970,2021-08-13
0.9553082677760116,18.05879665469634,15.00454873273993,2.6228975945175037,-6.575542041994398,0.498290812072696,55.61588776292667,3.0070129711962044,27.903001885394023,27.712885877532646,CONTROL,1,970,2014-12-05
5.291995249669945,-0.9072482719496566,-6.392947618786282,13.569199831795498,23.854586089586682,0.9654854672099656,341.8824177579069,2.499932669672931,11.799911918041502,330.08250583986546,ENTRADA,1,1245,2026-03-31
2.2947637540715604,7.711880888581213,18.130294762630506,10.672834394085395,17.04685248321569,0.3338825210991751,247.37411047697248,1.4981105854075094,164.78021881625503,82.59389166071743,CONTROL,1,1245,2019-05-20
0.5677693115835325,3.346713164915638,6.188105774003194,2.439992982679051,-5.527700114319467,0.785570793010135,170.03257547452304,1.1130838069967945,36.45995032144634,133.5726251530767,CONTROL,1,1245,2023-03-29
1.2892442696332829,2.1730756220184055,1.8687881806833673,0.14339388707318435,8.101679043628351,0.4323699421965276,125.28680176687705,0.8370679004468158,71.1165545289446,54.17024723793244,CONTROL,1,1245,2018-05-17
-7.950718913661836,-6.798779184945536,-4.643573635119136,23.605903504513304,64.57477180874527,0.8780534801285054,125.09229956490715,3.2536556465437654,15.254570594662914,109.83772897024424,ENTRADA,1,690,2026-04-01
17.811475147044842,10.364617324183367,-0.48975936646322715,2.2159219292183785,-47.962194332822335,0.4572817781893999,115.91092088730655,5.780441959070357,62.90696887238815,53.0039520149184,CONTROL,1,690,2023-10-19
5.501708396224991,3.516426340790524,-4.009455264835093,-16.996045256784107,-3.370801369469989,0.3874019133612804,51.25676315992599,2.450363722495263,31.399795039064678,19.856968120861318,CONTROL,1,690,2020-01-16
-7.000275965712843,-32.53269676321891,-38.04468622462531,-31.95712087212921,-71.45690075933575,0.0543700735966428,106.8481855863121,3.5344292247036044,101.03884187231657,5.8093437139955375,CONTROL,1,690,2016-03-03
-72.19180162059247,-67.02061449975317,-63.75985325122291,21.20022382693376,21.20022382693376,0.6726244288611453,303.5146027411929,12.532092526006695,99.36326642138064,204.15133631981223,ENTRADA,1,1113,2026-04-07
-1.5579609128535399,0.01550453821552722,10.305607034011288,1.9074189992407398,1.9074189992407398,0.6336222747570188,147.56421368972659,1.2982075477927466,54.06424093891121,93.49997275081539,CONTROL,1,1113,2021-01-12
-0.01184670038067992,0.3423817687031594,0.0,1.5403100928579327,1.5403100928579327,0.9217844502352894,30.459087431002462,0.3580522074111687,2.3823742687472445,28.076713162255217,CONTROL,1,1113,2019-11-28
13.782094170353698,13.64873174809711,26.163755492687457,140.04131964207465,140.04131964207465,0.4435041647909745,463.3753649289776,5.277783454904262,257.8664607214384,205.50890420753925,CONTROL,1,1113,2022-01-26
141.9158583193103,73.00300242668145,63.87061364284463,163.41694694234076,163.41694694234076,0.9559136823609193,356.96180697808376,19.854358691794864,15.737131607456,341.2246753706277,ENTRADA,1,1118,2026-04-07
-0.34471387025281075,0.0011490859774809792,1.2641542176217158,-0.34471387025281075,-0.34471387025281075,0.5833333333333754,4.136709041122753,0.44995220145947457,1.7236287671343065,2.413080273988447,CONTROL,1,1118,2019-12-25
-1.2518707731767886,4.237586903252932,8.463266032230354,-3.9374120234503263,-3.9374120234503263,0.4826086956521768,100.30287811582419,1.3287062343477842,51.895836938187,48.407041177637176,CONTROL,1,1118,2019-02-26
17.941429964145605,56.32214934505608,17.407398000075514,-507.0166065883763,-507.0166065883763,0.10884017040089257,618.8330750713926,8.587923297116633,551.4791777309138,67.35389734047871,CONTROL,1,1118,2025-04-02
13.327310644968282,0.5546130259959092,3.6571593789425094,7.9492985573548225,93.01593598188163,0.9640016437287585,461.5924853941919,3.010307453629852,16.61657074134795,444.975914652844,ENTRADA,1,1240,2026-04-07
-1.2278374299801165,17.28011926880768,19.654622037736935,3.860881572974595,3.8107211463866975,0.09406525269426055,339.50950141256243,2.5573001714521046,307.5734543700873,31.936047042475096,CONTROL,1,1240,2023-03-09
1.3074488476405577,16.21597200197389,14.480223540029868,8.136587259401917,-10.422140771391142,0.23702596910644588,427.8184061310977,3.6148998698908468,326.4143338162992,101.40407231479848,CONTROL,1,1240,2022-10-27
1.8770021577574347,-1.6775564703763735,8.46825519942529,10.63857794824763,4.2429607475691355,0.7479971540194417,187.8681459692947,1.587135976671305,47.34330745335323,140.52483851594147,CONTROL,1,1240,2024-11-21
7.219715566177953,8.500256566050801,4.730712530101044,27.669893633823772,20.92434762365425,0.9824105074503705,466.85420050598725,2.097510099817464,8.211728481563295,458.64247202442397,ENTRADA,1,1295,2026-04-07
-2.148672798942819,-1.287763170112477,-1.1403853990643587,4.587441169559003,30.342603716022598,0.9157678479712404,105.74207638520767,1.5105906268603664,8.90688265391552,96.83519373129215,CONTROL,1,1295,2021-01-18
0.0,0.0,0.0,0.0,0.0,0.8331920305214011,171.25289021012887,0.0,28.566346883293033,142.68654332683585,CONTROL,1,1295,2013-02-05
9.007334843333936,12.626803128741315,12.033366549817348,26.31933142902998,14.03574744397007,0.33994646044021787,100.51630459968197,2.321048329136589,66.3461426344893,34.170161965192676,CONTROL,1,1295,2013-10-23
-3.949591261790397,19.983211143053126,46.816522581227815,80.39546075380156,85.30305760333646,0.8804228863776191,123.26843236864735,4.732458791122967,14.740083343398513,108.52834902524884,ENTRADA,1,730,2026-04-09
-1.9740722134831135,-4.410421333419512,-5.736208449550473,5.484013960985745,7.04218578906568,0.7302679608692224,69.13162380649106,3.166706397026438,18.647013857746643,50.48460994874442,CONTROL,1,730,2025-07-11
14.526870373479106,23.575182818409424,39.99250851153491,-0.47743381323961387,-44.11692200342987,0.3696228257187884,111.45613828209403,3.191498984161118,70.2594055065624,41.19673277553162,CONTROL,1,730,2015-08-07
3.836038993136892,-5.926230285406842,3.0844181521949565,-35.33457549269592,-74.1217417235962,0.07233924611972499,142.6301183576977,2.6726440996434015,132.3123631217347,10.317755235963,CONTROL,1,730,2012-06-25
13.63736218760847,6.987070241804005,-5.322505116158727,10.358954304336976,67.11101663607444,0.8025029951753332,123.38694630592347,2.6541871810590516,24.368552329881876,99.01839397604158,ENTRADA,1,775,2026-04-09
-12.337623785015905,-9.760465913907224,-8.336076520464308,-17.37615542894755,-8.577810484455828,0.2589551638090677,94.5958122399154,3.04843587126667,70.0997381856763,24.496074054239102,CONTROL,1,775,2024-08-20
2.4355649794394196,3.9763140643289674,1.71909919202351,2.7221800363896875,-27.74593720205276,0.17634680134680203,85.08078377449374,3.1466206677639796,70.07705969978286,15.003724074710863,CONTROL,1,775,2012-10-02
4.776912239845554,-10.372292220437451,-23.807951755466796,-37.79530085779803,13.456170305055082,0.0877355433121895,217.41517458735137,3.2301616153601422,198.3401361206156,19.075038466735812,CONTROL,1,775,2023-02-24
14.723794852238292,6.5166420992301965,9.86246125932011,25.32153277034155,55.556248420751686,0.9509924553961663,123.16129435689002,2.9786888703944907,6.035832626661175,117.12546173022884,ENTRADA,1,820,2026-04-09
-6.279218430874645,13.401547351266085,12.470842045539943,23.249669248595062,-3.685865990790127,0.8985471859357892,96.739463181605,2.3732941576733846,9.814490770834936,86.92497241077005,CONTROL,1,820,2015-02-04
4.389295305120555,-11.565930891019871,-6.805507026460544,-20.577742461620474,-21.31051960122199,0.1930209189732362,75.99451671365527,2.77795003188149,61.32598526065858,14.668531452996698,CONTROL,1,820,2015-03-11
5.165472108321634,-5.158769889948012,-41.947317032228206,-71.41892635280533,-107.21440575940267,0.1416977994122019,183.44328431562374,6.760871762612075,157.44977461115295,25.993509704470778,CONTROL,1,820,2026-06-24
0.4421185315406362,8.31310382314987,8.31310382314987,8.31310382314987,9.023925372424468,0.9631660670568146,125.54455113996944,1.2486929437291225,4.624299578071948,120.92025156189749,ENTRADA,1,1090,2026-04-09
9.116652964282768,46.827820878772016,46.827820878772016,46.827820878772016,42.325035744399386,0.7905293748931548,320.325491148108,5.325102459709996,67.09878086845139,253.22671027965654,CONTROL,1,1090,2020-09-24
2.7742101287087095,-24.969893232795748,-24.969893232795748,-24.969893232795748,-15.295713114753529,0.20391838488998107,650.3376850419539,4.670425204180719,517.7218746751095,132.61581036684444,CONTROL,1,1090,2022-05-05
6.143884888565321,11.04481771520227,11.04481771520227,11.04481771520227,11.796718618217739,0.8480687384565965,406.1770020741845,1.7452208794895028,61.71098433504848,344.4660177391359,CONTROL,1,1090,2022-05-26
-0.2333892285932837,1.6929954008282344,4.738642847428309,-8.896920709606793,9.74994088679848,0.9275390347259773,140.04078830844043,0.978960037463282,10.147490698564665,129.8932976098758,ENTRADA,1,1370,2026-04-09
0.0,0.0,0.0,0.0,0.0,0.4731103963674268,95.51501395543758,0.0,50.3258678439402,45.18914611149738,CONTROL,1,1370,2015-07-01
-1.4910542900481438,-2.019675100692897,-4.312265782979718,-5.942883961030931,5.727980509055985,0.9096593328934003,90.75465394269082,0.601731280763982,8.198835980211292,82.55581796247954,CONTROL,1,1370,2025-08-26
1.6380316930764138,3.2766001036366177,2.228655370142274,-8.17212658264177,-9.906816609596136,0.23468078540918666,205.38087005598035,1.384546057801586,157.1819261632208,48.19894389275958,CONTROL,1,1370,2013-05-22
-16.254395723809267,-8.327667882019885,-1.8382078529510792,2.828109790717903,13.17345674312076,0.7639787924349063,75.27117756596083,2.9428624872989335,17.765594223964662,57.50558334199616,ENTRADA,1,690,2026-04-10
-2.5418612779215533,-1.6594170150274756,-7.586450247001331,-44.89176058665167,-29.364232674574666,0.1871042026482453,61.33799459717107,2.0047248504234987,49.861398026025,11.476596571146072,CONTROL,1,690,2012-10-05
40.001661137683,20.895380462939706,-24.683717120232984,-2.006918395048851,-90.32132062983811,0.47523337353164463,272.37524498443344,11.041982228362444,142.933438443973,129.44180654046045,CONTROL,1,690,2020-04-09
-4.768744664497282,2.237608302457783,-9.172580159388932,-15.370298126282655,-6.184765554441141,0.21821351931329455,33.02945584237353,2.4517049607890917,25.821982042006145,7.207473800367385,CONTROL,1,690,2016-05-31
-3.2404557705822956,-7.634689390321192,-15.67553998412019,6.6393133535069815,38.579518494878954,0.8501892158362074,122.20104471771477,3.8217605793122225,18.307034334795524,103.89401038291923,ENTRADA,1,690,2026-04-13
-5.30675136701575,15.485139728581565,9.927720401521345,29.618465488849832,75.1505309658107,0.9547674934974355,175.4606635514218,3.2608467616562113,7.93652560503396,167.5241379463878,CONTROL,1,690,2020-05-05
-1.5678402095076205,-18.646093947913833,-34.90750159893086,-3.922973663446072,-183.26026932845906,0.16176667047201387,294.9212421791791,6.478865472500901,247.2128147803828,47.70842739879627,CONTROL,1,690,2026-07-27
4.198334377831792,5.004162566943915,10.287711049092874,33.42499350679429,58.097985849179246,0.945414687614181,101.82640937311939,3.3021992133677327,5.558226364758006,96.26818300836139,CONTROL,1,690,2021-02-02
1.3911528067112044,4.76669271386454,-1.7137577255665892,5.991879743083572,41.8980480565545,0.9529264488695863,153.08431664283827,1.683562744352237,7.206222406751077,145.8780942360872,ENTRADA,1,850,2026-04-13
69.1460576871039,78.49971698394187,98.47858857306547,182.17263716644672,-110.14404167109637,0.8104352734154524,809.3557319847195,20.873034221524758,153.4252980433197,655.9304339413999,CONTROL,1,850,2020-03-17
4.81761427978622,-6.933005352234289,-16.257580892130584,15.225741774438362,-5.047372698854247,0.4937446443873128,126.93172125334162,3.7063981444778342,64.25986368164095,62.67185757170066,CONTROL,1,850,2021-03-30
-3.3119042487783634,7.9731226789503395,-6.082640861823085,-32.66174936162436,-64.75742644462379,0.3186627980767316,135.23312813081225,3.0709372119262737,92.13936112797846,43.0937670028338,CONTROL,1,850,2026-01-20
0.4958139891497737,7.664066020354188,10.781368164751726,-2.7471215460750376,3.0995459230132028,0.9586274258799152,224.20886597274932,1.610159946598837,9.276097925837735,214.9327680469116,ENTRADA,1,1240,2026-04-13
-1.6063682799905,1.3134910563650237,-1.3131460952364726,3.0784905616298985,8.631569138941586,0.9341199606686266,103.88349755409087,1.0018252074973124,6.843848904744144,97.03964864934672,CONTROL,1,1240,2018-04-18
2.038729799560546,8.959174832465777,5.430193697566477,6.606244208691159,-12.04748755340268,0.6339432358449864,59.295637704251504,1.3313282317199708,21.70556926652633,37.59006843772517,CONTROL,1,1240,2025-09-01
0.7287847317627438,2.9248719364538545,-14.409909660834108,-7.471109627822381,-10.684715461561911,0.15542099192618436,78.81209776305833,2.548046222821165,66.56304335294038,12.24905441011794,CONTROL,1,1240,2023-05-01
-0.09099016557101436,0.09216845066717383,0.9574581083637845,8.228507494052462,8.621371187027549,0.8522551540495711,42.861072166486316,0.8723748308791718,6.332502504507738,36.52856966197859,ENTRADA,1,475,2026-04-14
1.1978332195261565,8.764117133823746,21.052036737463364,20.342137619628886,31.269009681480497,0.6425389007052624,74.29835133846399,1.6388397974000768,26.558770345233974,47.739580993230014,CONTROL,1,475,2022-12-01
5.40973196123451,-0.931292069371592,-0.29733275032861606,2.6264782687901445,-13.087742021696824,0.2995559903672232,58.10404506998902,1.294887423258192,40.69863030470669,17.405414765282334,CONTROL,1,475,2015-11-13
0.0,0.0,0.0,0.0,0.0,,0.0,0.0,0.0,0.0,CONTROL,1,475,2014-08-01
12.864137663370911,7.81751945894138,10.526024839740966,14.554807012412407,17.802257309278424,0.8624299439551489,58.70015348280764,2.5055119302523132,8.075383404471205,50.62477007833643,ENTRADA,1,510,2026-04-14
1.5900023996495705,4.482592286050302,-1.9575189117027048,-8.182601385879895,-2.8063753654605783,0.3635365183965156,34.2821140406899,2.1565402689314848,21.81931365906519,12.462800381624707,CONTROL,1,510,2016-09-02
5.8264054475376525,-9.36844296711814,-22.14479551749582,-15.200513759598966,17.89670341784788,0.13075899658805465,218.22132365250692,3.3116687377008938,189.68692233758802,28.53440131491892,CONTROL,1,510,2015-09-22
-4.649871645286963,0.3453460816693621,4.9583861796631545,5.1043406935491475,-45.37878127545025,0.2022949631597993,63.533810554439405,1.260744003805081,50.68124068892742,12.852569865511986,CONTROL,1,510,2023-04-11
4.081768652102191,18.79227099898184,10.699795398292355,11.843739239458806,68.97096251170298,0.9582434697107309,108.55201560956989,2.5711412810587326,4.532755527762213,104.01926008180769,ENTRADA,1,690,2026-04-14
-5.04199694206009,-15.640896514951264,4.417759894455031,19.339969808156443,-77.43622188782773,0.17846138044371299,143.02168116727285,10.100621426465693,117.49783451278074,25.5238466544921,CONTROL,1,690,2022-04-22
8.83544274747905,-16.443540664380365,-33.09883563704652,-45.76215093521352,-75.17257073503592,0.3011302475780436,142.00658824968033,6.276154296897817,99.2441091723408,42.762479077339535,CONTROL,1,690,2012-03-05
-2.522896879241232,5.1663687429370775,22.901972120168423,46.75450847045903,47.535848976199006,0.7995028997514428,102.38336079531544,2.6312738946681336,20.527566953162562,81.85579384215288,CONTROL,1,690,2020-02-06
1.4155415628014367,2.6896410199661602,10.990180028955798,22.633565084149154,65.34473969276976,0.9640838131773872,102.54961579671384,2.42001945753936,3.683191159541931,98.86642463717192,ENTRADA,1,690,2026-04-15
5.893954307105709,0.4038296201280822,-21.579840748156,-10.845610734486755,-26.619281618271984,0.3698098033008311,67.42470886358156,3.6283551760387787,42.490390541124654,24.934318322456896,CONTROL,1,690,2024-05-01
-6.472992766303198,-20.200593649192243,-20.58396280586794,-55.853783146243565,-72.26060471646755,0.05857124837068641,105.83778866975344,3.3584160372367773,99.63873726257309,6.199051407180349,CONTROL,1,690,2015-08-19
-20.744412769394536,17.404501500268843,28.532744504718988,20.892674331955963,91.50131490416769,0.8911801932516279,284.9642956707107,7.289107775739207,31.009759585072704,253.95453608563804,CONTROL,1,690,2022-09-28
4.086938754110925,-5.608958482418158,6.962826847722869,15.557255193627828,-6.937029867737365,0.8127981199784038,120.9828266934933,2.1098319352250043,22.6482126073489,98.3346140861444,ENTRADA,1,830,2026-04-15
4.856360389176029,-8.095087126516187,17.54004352757299,16.06843291646065,55.685915424408265,0.9598792797708352,245.76481244446327,2.6957107823310524,9.860261282257483,235.9045511622058,CONTROL,1,830,2022-03-18
0.0,0.0,0.0,-1.7067933935843715,13.686775295942422,0.6666666666666666,38.44144158253449,0.0,12.813813860844828,25.627627721689656,CONTROL,1,830,2018-07-04
5.4600590591014075,4.09013504651945,2.598811354370678,9.069404062089781,22.891538669895795,0.6996599465630394,61.35674868348325,3.589946667189067,18.42788917831552,42.928859505167715,CONTROL,1,830,2014-09-26
6.141405732495997,4.487149267851098,-1.1243260379623088,17.38660763798805,0.11982014075151426,0.8498872622185515,120.92856424164339,2.6059146612411896,18.152917854292863,102.7756463873505,ENTRADA,1,845,2026-04-15
6.732336698975772,12.511486511903591,19.400136272276214,21.25139287266764,32.884932195020866,0.9795372158417245,93.18849762790276,2.7444711394739216,1.9068961129937432,91.28160151490903,CONTROL,1,845,2013-09-09
0.0,0.0,0.0,0.0,0.0,0.6255188541362268,49.98641848115228,0.0,18.718971270447994,31.267447210704287,CONTROL,1,845,2018-12-05
-15.958067777761542,-18.229403642320285,-6.842586834506781,-13.7351083420989,1.783978092750882,0.8453499876329456,160.25193205048666,2.526844252297018,24.782963273452122,135.46896877703455,CONTROL,1,845,2020-06-22
2.627245881623441,-3.4698737016258807,1.2844791166566338,3.4452064072065802,12.567754490733218,0.9707126944155218,183.7239973069797,1.3653099324700328,5.380780852331379,178.3432164546483,ENTRADA,1,1210,2026-04-15
-0.9120882926194618,-6.591116546884601,-8.764618252525835,-9.928164447965404,-9.199822429215576,0.7924971963969225,85.4751068400185,0.6626306123024084,17.73632430757642,67.73878253244207,CONTROL,1,1210,2013-09-26
-1.8569385938982386,2.4307747226304244,-5.995428967302541,-23.361355557265373,-9.975081564024268,0.06915284099251298,97.30736755782891,1.6217354795882504,90.57828664170235,6.729080916126558,CONTROL,1,1210,2019-02-13
-0.11071339966917115,1.5562780653533004,4.885460623509363,-2.1350008822984545,-2.9961512570175763,0.9521073749421932,173.28949780879853,1.1474011834231197,8.299288945012421,164.9902088637861,CONTROL,1,1210,2025-08-04
2.8534198236584984,2.0813139813369297,1.5090660174732484,5.186824628247155,11.843195497567294,0.9772245095846874,202.40227447773466,0.8339482153133286,4.60981106240512,197.79246341532954,ENTRADA,1,1360,2026-04-15
0.3731452391875223,4.968505984503935,3.2982114532220663,7.441022260674668,-1.3566570721612603,0.08859001073435994,214.8829327632983,1.0951546518001303,195.84645144316696,19.036481320131344,CONTROL,1,1360,2023-10-19
0.0,0.0,0.0,0.0,0.0,1.0,55.64629216211745,0.0,0.0,55.64629216211745,CONTROL,1,1360,2017-01-17
3.7782980169276392,-4.692194382907022,-6.095328537540912,-4.99885116462484,11.587586151147189,0.6324909024137876,99.9369409346754,1.5420629140779476,36.72773497842916,63.20920595624623,CONTROL,1,1360,2013-05-29
1.7550357560036645,4.642307667317436,0.414391202538944,-1.0937366487229205,1.6349747228505684,0.7486339755429884,108.36659530013978,1.930338376997401,27.239680244538015,81.12691505560176,ENTRADA,1,1225,2026-04-16
0.0,0.0,0.0,0.0,15.97986047076505,0.24066722511564145,197.73955014258365,0.0,150.1501213141528,47.58942882843085,CONTROL,1,1225,2016-02-18
5.732602030554812,5.873923013721694,6.713618233922247,3.0166897195904596,-5.958259487843787,0.7936102460020251,237.28508727536024,1.3196007629982185,48.973210790149615,188.31187648521066,CONTROL,1,1225,2023-01-31
4.303500972877572,1.064343579979532,12.352599620728544,34.66714955209227,39.01919976885715,0.4232622853263383,184.01775938184457,3.3211883806136786,106.1299820052528,77.88777737659177,CONTROL,1,1225,2018-12-18
1.2564076038135141,7.451977054255821,4.906727556184265,36.08539969284674,54.09769809904708,0.9634494518641056,153.18939029611508,2.919830644031481,5.599156183926468,147.59023411218863,ENTRADA,1,690,2026-04-17
9.096769640237756,25.018549830253534,47.777965599200556,32.62451821684165,36.98959114092793,0.9182921273864264,57.13617775131846,3.1064446053548056,4.668475533331226,52.46770221798723,CONTROL,1,690,2015-02-09
-0.3551092857723148,-2.130277473968434,8.885936388425275,-44.37181035077175,-82.23902888210178,0.1634267036948079,155.36760531894348,4.295762338033753,129.97638972071266,25.391215598230843,CONTROL,1,690,2017-05-17
-4.441627349269783,-9.061148294907673,-27.869806126218364,-46.20509309109843,-139.49215001320735,0.0674898375154001,190.01741718739788,3.6632953461472377,177.1931725763244,12.824244611073478,CONTROL,1,690,2024-05-31
21.251280128486982,21.251280128486982,21.251280128486982,21.251280128486982,20.029363110256604,0.8967916460403305,96.29596348493844,2.1651127728272512,9.938547884240936,86.3574156006975,ENTRADA,1,1083,2026-04-20
60.655955090946904,60.655955090946904,60.655955090946904,60.655955090946904,105.1775175841585,0.9735288748250505,360.99465197176255,12.288866262541356,9.555934619831868,351.4387173519307,CONTROL,1,1083,2020-04-29
-4.832869325147593,-4.832869325147593,-4.832869325147593,-4.832869325147593,-4.795547624719676,0.617187838599226,74.14652204993737,1.1890093860987232,28.38419036628667,45.76233168365069,CONTROL,1,1083,2025-10-02
-9.642745926172758,-9.642745926172758,-9.642745926172758,-9.642745926172758,-18.349858970414523,0.4877860830700517,121.18629669931124,1.56825533525609,62.07330771058907,59.11298898872217,CONTROL,1,1083,2021-07-28
1.6153396305873535,0.5938031956498335,-3.652995993754793,6.722779868912898,17.744885153307965,0.790350877192991,32.0095577918901,1.609103498402536,6.710775712510021,25.29878207938008,ENTRADA,1,445,2026-04-21
-3.5409388868445912,-4.13085158310067,29.96662744479517,11.9288625276881,27.08275562348872,0.23718341792698136,297.5825605103574,4.47322273025456,227.00091169304804,70.5816488173093,CONTROL,1,445,2021-02-23
2.1732265913776416,1.467288747567519,2.6872615751938334,-2.293968327972129,-3.0508294171749384,0.47683592959738424,20.398717971733603,0.8159325614679311,10.671876325087144,9.726841646646461,CONTROL,1,445,2016-12-08
0.14523170934088725,-1.4246171488585535,0.014392143250496758,4.058916992988326,1.9760363067211628,0.3526282051281722,20.4106465072274,1.0089912516331645,13.213276863878207,7.197369643349196,CONTROL,1,445,2018-08-30
-1.3445014250446086,5.788201843239804,6.682790520653459,0.3644076287567799,40.905410293172736,0.9287605651704252,87.94460162624945,2.797654721365589,6.265123716166121,81.67947791008334,ENTRADA,1,690,2026-04-22
-2.41403278249841,0.7055547697665254,29.52935411804747,36.454323391001964,64.62250423288296,0.9079973992197615,122.26103419745084,3.3810823338601086,11.24833312024715,111.01270107720369,CONTROL,1,690,2013-05-31
-12.417576044635448,-12.067822725896349,-11.209588116638525,-16.53865905046903,6.2484321045763735,0.4531099454020041,48.69977631912714,2.399344361192763,26.633423330077626,22.06635298904951,CONTROL,1,690,2021-08-24
4.478797948421764,-1.516103181651296,-1.33563881438592,-16.32803122871063,17.142237170446606,0.6160046056419148,62.7112035352235,2.5530006249455344,24.080813332178295,38.6303902030452,CONTROL,1,690,2012-08-22
1.9957594763675424,9.6567875278053,-1.73084928927425,-5.37253040268304,21.707219117867993,0.9164132083826382,102.53001163613439,1.9478967255710227,8.570154717155248,93.95985691897914,ENTRADA,1,885,2026-04-22
-7.756522416608735,-10.34107808453033,-17.909692172322078,-19.798335872398543,-11.544222383764735,0.7381264112635534,90.90973386723536,1.4745507101186215,23.806858258888198,67.10287560834716,CONTROL,1,885,2017-06-23
0.08684233850031475,-8.60013091593892,-1.9790855347989744,3.0914941753446,9.159953287560807,0.5435404551319267,136.59414968679513,2.92431209652499,62.349703397675974,74.24444628911915,CONTROL,1,885,2014-07-15
-0.21249349937635387,1.2891343868060012,17.38510829771167,-0.8415331559863404,4.693934753747797,0.9589486119314843,198.81426107729718,3.151941535696657,8.161601385039326,190.65265969225786,CONTROL,1,885,2014-01-14
3.717179764461953,-6.433458017438554,-6.433458017438554,-6.433458017438554,-11.458654415035241,0.8872582934796145,134.65547614092472,3.281023623543555,15.181288172442901,119.47418796848181,ENTRADA,1,1090,2026-04-22
-0.7880480864574935,1.8436493255280517,1.8436493255280517,1.8436493255280517,0.5131531683266743,0.9586349534643203,89.06039897585214,0.6273878233458067,3.6839875481223268,85.3764114277298,CONTROL,1,1090,2019-04-08
1.3122842054080763,-1.98116434768969,-1.98116434768969,-1.98116434768969,-6.208591687352216,0.7776244047208214,193.991745342622,0.7821972576658706,43.13902984981239,150.8527154928096,CONTROL,1,1090,2021-08-19
-1.0496184222907878,-20.82998876418163,-20.82998876418163,-20.82998876418163,-19.532647528754943,0.6998057261397159,176.537514524595,3.5691084332973455,52.995550981810155,123.54196354278484,CONTROL,1,1090,2024-11-20
-4.369114693408838,4.38443497035701,14.149661217213172,42.51226486396753,42.75970807540386,0.9328416043243112,95.16669728558011,2.531282769117787,6.391242711453489,88.77545457412663,ENTRADA,1,690,2026-04-23
2.406238344780931,1.7601148377122122,-0.5213965440542534,1.5230262306009656,-4.671669245819299,0.39965222431529845,40.890285988472385,1.7194524268618911,24.548392240290717,16.341893748181676,CONTROL,1,690,2023-12-27
-10.439509315791629,-10.311079690166203,-11.063448683419352,-5.23611602583407,52.42803412709662,0.6764778971201351,94.1616684635436,2.42464807361639,30.463380992002286,63.69828747154133,CONTROL,1,690,2021-08-27
-7.218661000732984,-5.671198659974452,-10.568123188580136,-8.243115093973241,-23.353602171229948,0.7167362768496487,139.43050624671184,3.016161597286197,39.49560432018192,99.93490192652993,CONTROL,1,690,2013-06-26
-5.4981611468674085,-13.064828024915709,-5.628221896210039,-31.320797828079392,5.26861731289241,0.4075008601903901,176.16141600814043,3.272547203318741,104.37548745246606,71.78592855567439,ENTRADA,-1,940,2026-04-23
-8.864567560330494,-41.14758430187049,-61.20886616408083,-116.4789347245121,-106.56633997321086,0.01846361185983617,168.1443279248944,6.2955689219531665,165.03977631765613,3.104551607238262,CONTROL,-1,940,2023-09-20
2.0353620514801385,13.268744213130734,24.93522310244023,9.899433174094252,-12.480642002714593,0.2894972050112792,96.01782957609872,2.7675160427298406,68.2209362825688,27.79689329352992,CONTROL,-1,940,2019-02-01
-1.5254731793978848,-11.251886628136365,-12.321099915741929,-14.008885925529402,1.1908320210318735,0.8286853425663607,130.10036040512435,1.7820206160670153,22.288098674796892,107.81226173032746,CONTROL,-1,940,2025-12-11
-0.37190637626638434,3.007535176440257,12.923894227248045,45.91817879448623,42.468875208758746,0.8903583815028858,127.28426512650253,2.0098595399699195,13.955652837685529,113.32861228881701,ENTRADA,1,690,2026-04-24
-8.20588560389135,-42.955701702733776,-20.119618313158007,-44.33020651550712,-81.2768597147473,0.1271543154863851,96.22293799956357,5.537598858215299,83.98777618414019,12.235161815423378,CONTROL,1,690,2023-06-16
2.7727713850000946,-7.64598402639205,1.2062664967893433,-11.761397049422362,-28.746416183536017,0.17723035952064026,121.234763497658,3.4943249723976737,99.74828277656827,21.486480721089723,CONTROL,1,690,2016-05-03
-3.246029663894756,7.277884368224186,-3.0132454627962435,55.59781170574985,61.1669872452536,0.8803866227274867,126.26198275410334,3.158157122277518,15.102622178342134,111.15936057576118,CONTROL,1,690,2026-03-10
2.2018892429898074,-6.6753361216520535,-0.6860573374434242,1.4920410472019086,49.31497899255621,0.9207882899794892,151.47240757742406,2.2701522567314316,11.998388425131534,139.47401915229256,ENTRADA,1,775,2026-04-24
3.64340146458364,6.005249454275052,3.3632107136827294,-5.259198893733386,-1.9241898171418192,0.7070455592357875,48.90678493807474,1.7618294560293617,14.327459831109296,34.57932510696545,CONTROL,1,775,2024-05-16
-13.368648801836969,-0.54296326430614,-28.405736217368414,-59.50128715575653,-90.6821630472754,0.046958756785085515,161.36161843490314,3.845167341860137,153.78427744037074,7.5773409945323875,CONTROL,1,775,2014-03-13
-1.8485302813797677,0.19764195298588305,3.5587508631396148,17.27530559249235,16.16866600651079,0.9377510040160647,114.29854527559245,1.8233094872175841,7.1149696858300056,107.18357558976244,CONTROL,1,775,2021-10-27
-5.757357481728231,-18.05718180518001,-17.499933880977814,-45.749165189163946,-36.504483220729526,0.07989484994112307,158.74051591011272,5.380077343181266,146.0579662118978,12.682549698214913,ENTRADA,-1,690,2026-04-28
-5.992921319828426,2.7323819733182653,21.642617933816943,15.784311258277839,71.64768257218901,0.8940946617165861,116.93501566800259,3.097498567088649,12.38404239149611,104.55097327650648,CONTROL,-1,690,2024-11-05
-10.444760414707321,-2.2271154119390957,-16.837802582347905,-8.832173220151285,1.965685219997848,0.6822213125938038,103.28798189033684,4.54758786113072,32.8227193099462,70.46526258039064,CONTROL,-1,690,2025-06-11
9.761203100195903,22.150770125484165,-6.3255971751075,-23.149624603383543,-54.19957535837905,0.3048161014724076,110.28853647216889,5.469256338820178,76.67081474762493,33.61772172454396,CONTROL,-1,690,2024-02-23
-3.128643722521973,12.33357882306274,91.73301932389633,126.58808383479325,126.58808383479325,0.9186062899647708,140.16540066013562,4.491951908118698,11.408581978302797,128.7568186818328,ENTRADA,1,1110,2026-04-29
1.1069587857104324,2.7900055800134105,3.596297054138109,-0.8942437265690995,-0.8942437265690995,0.905078500480627,110.54195130805921,0.7942092772656756,10.492807777958502,100.04914353010072,CONTROL,1,1110,2020-08-17
-1.7503519986883376,4.31740425124616,10.343544372068969,1.8701628730033448,1.8701628730033448,0.7311494793224794,214.46940575457958,1.4314681619259202,57.66021140651715,156.80919434806242,CONTROL,1,1110,2021-03-22
-0.33143433733284766,-4.58121994306282,-2.697705678302853,-8.142232831730434,-8.142232831730434,0.15213514316853063,67.58136647875735,0.7921564836391265,57.29986561398666,10.281500864770685,CONTROL,1,1110,2013-06-10
0.0,3.143450051390495,-9.532668175444847,-2.2899359753858484,7.784441331817327,0.931110772888998,165.13717355793014,3.597805841984046,11.376172253701197,153.76100130422893,ENTRADA,1,980,2026-04-30
0.0,-8.945997750441359,-6.3962945346673905,-23.82899569387531,-11.585224257674165,0.19931299317853343,144.06009175757336,2.132780710980084,115.34704367179725,28.713048085776123,CONTROL,1,980,2014-12-01
0.0,-1.7604900589007766,-8.08635396666868,17.632456496727844,-11.24603260747925,0.19595566377291393,205.16028291030943,2.651201228669592,164.95796349278092,40.20231941752849,CONTROL,1,980,2024-06-20
0.0,-15.84502634280227,-29.89531282926783,21.990647243090855,11.243551097188664,0.8582385974524055,261.5533424088279,3.738033203578057,37.07816866088669,224.47517374794123,CONTROL,1,980,2020-09-22
3.5466908574011136,0.9582679229103164,-0.9442688317717884,6.225290456247645,15.2606168322178,0.9635849567988425,177.0985802121039,1.353664100871461,6.449052449287423,170.6495277628165,ENTRADA,1,1270,2026-04-30
4.599364461954636,5.4602301208350745,13.437500451527473,17.429459689639604,18.35915420677514,0.4343227287635156,70.393046118238,0.8871232643295615,39.81974624218888,30.573299876049123,CONTROL,1,1270,2013-12-12
3.8090454181660682,2.2982669526694366,0.10794411521297675,-4.623267400711839,11.831212213775366,0.5263666088128374,111.79224270847898,1.8182245060678845,52.948539022435256,58.843703686043725,CONTROL,1,1270,2026-08-12
0.0,0.0,0.0,0.0,-15.653176402663505,0.740447376777338,129.66254251671435,0.0,33.654253043933146,96.00828947278119,CONTROL,1,1270,2016-05-02
0.3875803255715127,9.653376655522905,17.871422622954825,-2.472235558381719,84.45455801095348,0.886990652692915,133.6451353289713,3.016820662484294,15.103149514294085,118.5419858146772,ENTRADA,1,690,2026-05-01
11.611818937402596,23.742629644010194,52.58012546249135,67.95034331822158,113.35315699964266,0.9706885648475096,451.4292477658695,5.965280461658924,13.232039121826789,438.1972086440427,CONTROL,1,690,2016-11-09
-28.326074955530302,40.06931843868023,79.37354297901989,43.59252847785599,42.314458819692206,0.8580882146762735,438.74509282873294,14.485130289685028,62.26309942534959,376.48199340338334,CONTROL,1,690,2020-03-09
-1.7294881623020064,1.7445064985754932,17.05302132320785,43.28564996518347,90.03006383656586,0.9256674939155266,120.23319262954867,3.1391845971322603,8.937234522691591,111.29595810685709,CONTROL,1,690,2019-02-04
1.4221340789877246,8.649773083759804,8.06003144225187,-2.7183999925251,1.0665626393646654,0.8557364824653939,50.12956796958322,1.3140370842284814,7.231867807782194,42.89770016180103,ENTRADA,1,460,2026-05-05
0.0,0.0,0.0,0.0,0.0,,0.0,0.0,0.0,0.0,CONTROL,1,460,2013-04-24
3.211457404819207,3.6254185700479447,2.645412124173685,-1.891248107980248,-19.567159953769455,0.10659684094939643,104.64823246669154,2.7079471585185595,93.49306147480416,11.155170991887381,CONTROL,1,460,2023-01-19
0.0,0.0,0.0,0.0,0.0,,0.0,0.0,0.0,0.0,CONTROL,1,460,2024-12-25
2.49865175650843,-0.6318750098399661,12.177925173799675,4.151654688335782,49.71595929079253,0.9730082194203068,113.06243508814524,2.1661286453330724,3.051756439705016,110.0106786484402,ENTRADA,1,690,2026-05-05
-7.831051022938462,13.580027592232646,-9.148971637327197,-2.346797476810991,15.085764242750432,0.3356475727120897,85.78712815308548,4.343592892236303,56.99288681856135,28.79424133452412,CONTROL,1,690,2024-06-26
14.286379669510296,8.148059671742036,38.91514143488317,63.18154499655782,-21.995601047632984,0.5869883865148218,223.77987737229398,6.716360783229815,92.42368821904644,131.35618915324753,CONTROL,1,690,2022-07-12
5.035141357252471,0.8038204122717829,27.68728552771993,-5.431533511786046,-26.89893696822154,0.24960491262925166,202.28158872199188,7.582111309820441,151.7911104425329,50.490478279459,CONTROL,1,690,2022-11-09
1.2493738941166121,-5.764287810560154,1.9703358383149627,12.302283461771424,11.447938158479776,0.8266903400015453,210.95607300397813,1.2643772349118576,36.560725286928644,174.3953477170495,ENTRADA,1,1435,2026-05-05
0.3510501444936587,-3.26853109517411,5.499628459322281,11.587139297337679,9.214947323104017,0.8067639272626368,67.40471621845431,0.9727080541435954,13.025022646030562,54.37969357242375,CONTROL,1,1435,2025-12-09
-1.3915436859113228,-9.003619978528166,11.736027225079937,-0.7213451374621371,-33.44610114708435,0.482283731512594,161.358521822803,2.507841167586539,83.53793180674523,77.82059001605778,CONTROL,1,1435,2026-05-19
-0.399841611128382,2.5674868432434828,1.9222656416295614,7.87436133766084,4.646955882567916,0.2667156502571645,175.55038463721354,0.6674946691190834,128.7283496458038,46.822034991409744,CONTROL,1,1435,2019-05-01
1.8036188562664535,12.465593855597312,-3.930611907074777,-4.358842183554978,8.176172663765247,0.7841841139650395,117.28123796581059,2.557102953335523,25.31115428686845,91.97008367894213,ENTRADA,1,790,2026-05-06
2.191433089606676,-1.7343829147353773,-5.536729337394242,-8.519803489720479,-25.931316357765688,0.09464784107701726,52.43652047400447,1.6984002424276219,47.473517017549135,4.963003456455336,CONTROL,1,790,2016-07-21
17.03793819592514,16.349726309203838,-5.905617121935158,-32.13770645338787,15.271097961773172,0.7324006643669347,145.09985579462074,4.238376725297114,38.828625011094076,106.27123078352665,CONTROL,1,790,2022-08-24
-7.206814052916899,-14.93788690149267,-15.771456316031607,-32.42081365602334,-51.35230658448342,0.5560449380824781,156.0424101477044,4.557994613127077,69.27581785888346,86.76659228882095,CONTROL,1,790,2024-03-12
9.317484129365283,3.2710518388556764,4.121021276668468,17.55688116086951,35.17516714183433,0.9731693048949384,141.77843567816615,2.450673971615937,3.804013980153469,137.97442169801266,ENTRADA,1,955,2026-05-06
2.9253580272547985,-7.451924130644771,-12.54352225434685,-23.778021231000146,2.0490337730794117,0.7360724820901865,104.09766668567667,2.7441574674023754,27.47423878855373,76.62342789712294,CONTROL,1,955,2018-04-18
-16.485807288180165,-36.72204238685639,-38.052999393137775,-40.1057785138359,-41.28384359451842,0.12986497220015897,96.47287801812922,4.083242784118734,83.94443039623555,12.52844762189368,CONTROL,1,955,2012-05-10
6.854018822397556,4.684999777928578,-6.542676334889697,-4.687014070454687,14.614256444531737,0.6694904998184744,105.8660055134115,6.415226847819326,34.989720568452256,70.87628494495924,CONTROL,1,955,2021-12-20
0.44603690473765667,4.3588213146184,-0.8422511262629051,7.514232476069083,-2.3459926223223793,0.8682174448147212,48.30089593797356,1.9278119071602962,6.365215484444408,41.93568045352915,ENTRADA,1,430,2026-05-08
-1.4960804853259013,2.3012054769733226,12.210203590856672,15.471295419533515,29.989809363881736,0.7774216027874402,62.05770908539565,3.477766907491364,13.812705422910673,48.245003662484976,CONTROL,1,430,2020-10-27
0.0,0.0,0.0,0.0,0.0,,0.0,0.0,0.0,0.0,CONTROL,1,430,2014-01-31
0.0,0.0,0.0,0.0,0.0,,0.0,0.0,0.0,0.0,CONTROL,1,430,2012-10-23
6.109854899114531,4.964340437811909,0.9258349893848106,2.6292632798718962,10.98522275582825,0.8102645803698357,61.05082026596829,1.502932797659417,11.58350300192923,49.46731726403906,ENTRADA,1,510,2026-05-08
-8.436655666975712,5.122482456514366,18.852955992676446,72.00614986194509,58.88971163878098,0.8596359743040715,140.60420668517247,4.276332676212132,19.735772480113198,120.86843420505929,CONTROL,1,510,2018-12-10
-0.610339643336566,3.4348634494141272,5.056375635430488,12.359690508521037,21.73561579325467,0.6213925925925853,84.77456903591911,1.7139235276132183,32.09627979677023,52.67828923914888,CONTROL,1,510,2023-11-15
4.635038711464645,0.03317682560899371,0.6872791967449388,4.651642477890849,8.08031457966818,0.8896281999187442,46.65594110848644,3.024664908091332,5.1495002046287075,41.50644090385773,CONTROL,1,510,2014-11-17
5.791700744437467,9.716533670773853,7.487421390250937,25.001750984698923,106.04150063986407,0.9920173319278764,147.5050161729417,2.8540765500357437,1.177483583081809,146.3275325898599,ENTRADA,1,690,2026-05-08
2.6582219640380877,12.233954671121428,-29.034035636614774,-31.37956344902215,-47.64613577210142,0.2707133497882199,91.32113862992415,4.877172439520458,66.59928728494297,24.72185134498118,CONTROL,1,690,2014-01-21
1.7520593339215296,0.6461799385681921,-4.655769763861617,-23.285598691651366,-15.719484684756369,0.32787057464018865,68.33988218316216,2.7501998675858355,45.93324574092598,22.406636442236163,CONTROL,1,690,2021-04-28
3.577219057850911,-2.643664613709573,-7.612358390263196,-19.314623439636858,-31.253326250353375,0.20869380569767162,71.5036138984101,3.539602145077371,56.581252592813954,14.922361305596127,CONTROL,1,690,2024-10-28
1.2264953844542958,6.111237423520599,5.683986333584468,23.335780577398157,17.11552139756156,0.9215501345823681,64.38123493655225,2.4811688166247614,5.050699216193462,59.33053572035878,ENTRADA,1,700,2026-05-11
4.355448359483205,1.3281191710179385,13.172055789230086,4.434275328664139,-7.557214144604529,0.6732026143790778,61.92326372025121,2.5594996583329155,20.23636069289299,41.68690302735821,CONTROL,1,700,2015-07-29
21.19685620253664,14.07273852962243,-14.826451546231523,-12.117452407702789,-114.65166310150377,0.24132224239975414,229.80435466076128,7.29437729037479,174.34745248079795,55.4569021799633,CONTROL,1,700,2026-07-31
-3.078923605760453,7.9209347276743,2.975652851546773,53.95319466699577,15.979037442435118,0.896524080659415,154.94590158869758,3.0012875065235565,16.03316961494628,138.91273197375128,CONTROL,1,700,2013-09-06
5.838406101827953,15.73862046616803,10.990921762823458,-8.864825111840613,4.097395626163625,0.8198836039032054,77.9216041082647,2.7939444075805318,14.034958510061823,63.88664559820288,ENTRADA,1,810,2026-05-11
4.675794024617819,13.95082557885452,19.001072055648827,49.539542215544245,56.364825083625725,0.6421533193836788,120.5552559064501,2.930824670976087,43.14029815697431,77.4149577494758,CONTROL,1,810,2016-05-03
2.4419687392351896,-14.254222093068591,-13.082298948001725,-7.910702992485197,-19.99793247521975,0.15434292866083735,79.12344558079572,3.2265112189623557,66.9113012641193,12.212144316676397,CONTROL,1,810,2023-10-11
-14.264995737637287,-56.89930427442813,-49.85860550045462,-61.40238470442871,-115.28127712855829,0.3335933735630804,207.74088991634733,4.9332023165229995,138.43990562215652,69.30098429419081,CONTROL,1,810,2015-01-13
2.623450744942968,4.343844978986766,9.867838920758487,20.250342221665996,20.250342221665996,0.8684417800726433,77.89213182104014,0.8585891941469203,10.247350208723063,67.64478161231708,ENTRADA,1,1120,2026-05-11
3.089204447832561,-2.887862407835451,-17.205854912341056,-2.554533561880401,-2.554533561880401,0.1128502857525442,247.50160713311524,2.0924907741976213,219.57098004392924,27.930627089185982,CONTROL,1,1120,2026-07-16
10.452303003654073,10.596902127855135,9.618840459382216,73.94199073601948,73.94199073601948,0.8941153155171403,108.04035853921313,2.3343623227271366,11.439819275339621,96.60053926387351,CONTROL,1,1120,2025-05-28
0.4361121990403838,0.7498761435043022,-2.920320347689076,-5.00280423766819,-5.00280423766819,0.24984227129337913,82.5322616202393,0.9887936209071838,61.91221392205933,20.62004769817997,CONTROL,1,1120,2021-10-20
-3.0729416037900137,3.299649738757182,6.425775374256926,-7.600830824304738,-15.324578544889667,0.18970898519159984,70.77232439952026,1.5468293607079435,57.34617855803656,13.426145841483688,ENTRADA,-1,465,2026-05-12
-1.8349581469223608,5.175504216385907,-2.268682462949201,-8.226552992064429,6.175811918807117,0.5645436846915075,29.174234360359648,1.5663764106949716,12.704104596508627,16.47012976385102,CONTROL,-1,465,2026-01-27
0.0,0.0,0.0,0.0,0.0,,0.0,0.0,0.0,0.0,CONTROL,-1,465,2013-10-04
-29.238946899109443,-131.36351959772696,-158.51621451322572,-245.25914545994843,-262.049017902799,0.10809021713349062,386.67968244524144,21.032571037483628,344.8833916086261,41.79629083661535,CONTROL,-1,465,2020-11-09
-5.63741331758516,5.04398874261458,-9.288477829022534,2.219748028806645,-25.84066476920888,0.12829213565806716,74.88928170914869,1.9837674127890628,65.28157582078337,9.607705888365311,ENTRADA,-1,500,2026-05-12
-6.138856524825487,-2.635177648119269,-7.518770820207354,-20.325650762674783,-11.37818728426665,0.05114998667969347,130.76016465492572,3.735901564504981,124.07178397459175,6.688380680333975,CONTROL,-1,500,2020-04-21
-2.7559243767649733,-0.01023750642703547,0.6464013709472916,6.529281373006679,12.823090415576832,0.9060309348288006,41.15667933295668,1.0290446015409138,3.867454682468761,37.28922465048792,CONTROL,-1,500,2024-12-10
0.4108408539793551,-5.450443252755788,-8.944682722115127,-9.877276788117229,2.2291259671636254,0.6460037759597237,86.65477397910027,3.8872421941544797,30.675462783665093,55.97931119543518,CONTROL,-1,500,2022-10-10
-2.792762560689388,-31.796619728832187,-48.33795093389659,-72.82579474948814,-116.11316672713312,0.03992079911870158,168.19414635299404,4.805639223526078,161.4797016234947,6.71444472949937,ENTRADA,-1,690,2026-05-12
10.217143209647617,28.428293877489352,-9.773478473336095,-36.91552025173128,-106.76929525406331,0.1700483091787387,199.3198091151741,3.553197520031688,165.4258125893098,33.8939965258643,CONTROL,-1,690,2012-05-08
0.42576808906735764,-3.8440053217514425,-14.112208376836355,-0.001373386785408215,-6.026907651468516,0.31541422334736796,53.16518315694728,2.7439742815187764,36.396128202378186,16.769054954569096,CONTROL,-1,690,2018-07-10
-11.849281160345448,-45.57019812483909,-57.7570308017894,-39.01270938421631,-94.9141011053456,0.07493110654629613,135.2778484327823,4.321415131349468,125.14132955851179,10.136518874270509,CONTROL,-1,690,2025-10-22
13.387068450372297,13.387068450372297,13.387068450372297,13.387068450372297,27.997892494033838,0.9680243010352696,164.3777267212227,2.1906197188496646,5.256092706144533,159.12163401507817,ENTRADA,1,1083,2026-05-13
-4.131640017215332,-4.131640017215332,-4.131640017215332,-4.131640017215332,-0.729624399355977,0.800269905533059,105.04224408254257,0.6779637867913033,20.980097333625704,84.06214674891686,CONTROL,1,1083,2021-01-21
9.987420820134485,9.987420820134485,9.987420820134485,9.987420820134485,1.8956000733361122,0.8932626287051051,251.3264565724141,1.666784374132585,26.825925311400034,224.50053126101403,CONTROL,1,1083,2025-01-15
1.9881341866234692,1.9881341866234692,1.9881341866234692,1.9881341866234692,11.180711132889876,0.6654336696949072,230.83046027633293,1.5983000914618193,77.2281000172882,153.60236025904473,CONTROL,1,1083,2023-10-23
6.13018405710708,-4.970316139273345,3.1470671642708226,-5.524863936973157,21.08645078028104,0.9395032044245476,192.96334771068712,2.1274336225175965,11.673664200008387,181.2896835106787,ENTRADA,1,1210,2026-05-13
2.1520586296785993,1.3845173693960433,0.7879495850704465,2.0106218278859167,2.9683449944606366,0.8548040519799482,143.92569293049095,0.862720631755161,20.8974274294855,123.02826550100546,CONTROL,1,1210,2023-05-17
1.9006308250912873,2.5555305017510577,8.529883757593115,4.795554059762175,-26.653298394798686,0.09980962741365405,140.21320771301072,1.0259627789845074,126.21857969270185,13.994628020308884,CONTROL,1,1210,2023-07-19
6.123672442528427,7.860891529929415,9.968822504315966,9.671411675509223,20.278080696845002,0.9942696304849851,274.1895172772445,1.6548089819164324,1.5712072511421933,272.6183100261023,CONTROL,1,1210,2022-02-01
1.528909802315237,8.893648549701538,28.684779717085274,46.22676871613996,96.5510394032676,0.949490243367684,110.7445391056789,2.8706304594512426,5.593679718585853,105.15085938709305,ENTRADA,1,690,2026-05-14
-0.6286163549351631,-7.289106876686713,3.4027022496907477,-22.749815257523398,-38.526560787544014,0.29738613241508693,80.49062874406188,3.241967653334554,56.553831966206694,23.93679677785519,CONTROL,1,690,2019-10-17
0.8065975225690636,5.766692230426695,14.06146438121425,33.5973756307184,77.43820883783448,0.9769143352904857,173.46595086998536,2.803003480801922,4.004576780301562,169.4613740896838,CONTROL,1,690,2024-08-13
-3.672980530200487,9.452254671340476,18.080961060342737,14.241828467607132,66.12427895965168,0.8908301772040019,83.53962468253712,2.1111863265195345,9.120006023036765,74.41961865950036,CONTROL,1,690,2015-03-12
3.7689939860996446,-0.3546541500543121,-3.6783981929844334,7.621004875382198,19.04600493980002,0.7862904907445523,113.38999308838973,2.1762353937600776,24.23251977739838,89.15747331099136,ENTRADA,1,935,2026-05-14
1.2143535374997683,3.895224527536989,17.254221512610357,17.620606862887023,19.810957282471175,0.9632646542085758,75.94549779417277,1.6134726948285758,2.7898841227707813,73.15561367140198,CONTROL,1,935,2019-11-08
8.732531678234956,14.333278257170345,13.417882947552862,15.912434654674623,2.331527593433247,0.7404182602327247,160.03052417191506,3.322951870979029,41.54100188041472,118.48952229150035,CONTROL,1,935,2019-08-09
0.0,0.0,0.0,0.0,0.0,,0.0,0.0,0.0,0.0,CONTROL,1,935,2019-12-25
5.365024161725351,-8.138657519121129,7.08075895815119,24.613678741300937,6.983203418491346,0.9150193115029391,102.49594758045708,2.567590565711342,8.710176193545907,93.78577138691116,ENTRADA,1,530,2026-05-20
-6.320116461661085,-30.210922217472902,-30.697680709481645,-36.474306434286504,-53.17535898606063,0.053781512605054246,98.44372873739547,2.566427874421522,93.1492760994167,5.294452637978775,CONTROL,1,530,2024-04-02
10.10447513902557,17.517273816172185,10.531973161556074,4.972678258388097,10.176890268107641,0.23429393721362962,123.12218502597072,2.557127266772472,94.27540353789105,28.846781488079674,CONTROL,1,530,2015-03-26
3.859196175044488,22.49533353637645,39.78508063877007,34.83856436749866,-0.5260233389547952,0.6303025822073468,94.86628572390434,2.1980247185439534,35.07182086770747,59.79446485619686,CONTROL,1,530,2017-06-12
-7.37860352802211,12.996060721248703,10.843148559638305,29.053979379978223,76.59275275837985,0.8915487605422688,163.10354685159157,6.070351818093624,17.688781816007232,145.41476503558434,ENTRADA,1,690,2026-05-20
-15.095261884822131,-9.529700299916177,4.825716024619009,46.505404535543974,17.63280495016728,0.8189632716853389,138.1864779545949,4.066259704138717,25.016827866225906,113.16965008836898,CONTROL,1,690,2012-08-31
-12.053149717154987,4.033534416887363,-0.40101863044261776,-9.793649469632681,-21.740567438438553,0.5711357086717129,82.29836012378189,4.051499106785624,35.29482789196589,47.00353223181602,CONTROL,1,690,2024-06-04
-1.9364592720405582,0.8908372936788922,-1.788718420636659,-11.034889655744395,-23.852717317289773,0.17788017652489793,52.24054163746917,2.1390186912694493,42.947984869239875,9.292556768229296,CONTROL,1,690,2025-06-30
-1.9757491782135261,-8.575564166396488,9.660700656761723,-23.167982665307505,0.8727997544366595,0.8074309497710748,167.92799104927042,4.728413707809414,32.33773374320946,135.59025730606098,ENTRADA,1,780,2026-05-20
-0.39103974143417375,13.64686622331357,1.2906481654639812,5.980198564765615,19.55179884712388,0.6505657093124461,89.86444663855352,3.1511082883874817,31.401719169172488,58.46272746938102,CONTROL,1,780,2023-08-07
4.197288393310572,-0.20779303022466777,4.246805738832293,38.02251155177183,73.2719394686665,0.9343309423695231,160.02374826835657,2.5745891112428287,10.508608747279636,149.51513952107695,CONTROL,1,780,2020-06-22
0.0,0.0,0.0,0.0,0.0,0.7193446539806946,55.48860106745236,0.0,15.573172532713041,39.91542853473932,CONTROL,1,780,2025-01-09
-1.744935029771577,9.722692192926097,7.811710584950671,6.745337703146781,-14.90854915322637,0.8379067436624443,167.84209384893873,3.366449799270129,27.206071542488104,140.63602230645063,ENTRADA,1,800,2026-05-20
-2.264094524934146,-3.588215869928524,2.862882254424104,-8.590727495214612,-13.111307725810484,0.16206140350875786,54.37919471090823,0.8976145910731875,45.56642609438242,8.812768616525812,CONTROL,1,800,2019-12-09
2.0910884818925446,-0.23599725766487722,-9.650107396742547,-19.238863360530047,-11.964599072834536,0.7635488933542576,162.52966424426077,5.220476235236564,38.43031897331641,124.09934527094435,CONTROL,1,800,2015-01-21
-11.482600555012823,-7.428824865863826,-8.260332269228732,16.430403277023498,8.871378336079427,0.23557912406531287,194.90810386284988,3.750901922519676,148.9918234816087,45.91628038124121,CONTROL,1,800,2022-08-17
7.845057141284695,-0.547618772179792,1.0878856910778723,3.8696084730771574,24.334287966287782,0.8947268507461767,167.68217861249516,2.367856595754875,17.652431016279447,150.02974759621574,ENTRADA,1,870,2026-05-20
0.9912248120658163,5.756402715653142,7.672873371367128,13.883628498285727,0.6038262074237188,0.3778135048231467,70.8598535638983,1.1450753433741014,44.088043937666946,26.771809626231363,CONTROL,1,870,2019-12-27
8.119482698734082,21.998175100053086,7.081258569676674,-1.951221270745096,-34.58364356404231,0.0860025663165788,436.72767864520705,8.371439402499488,399.16797750023716,37.55970114496993,CONTROL,1,870,2018-11-19
5.090583805937854,5.090583805937854,7.965890507419804,10.62015217210499,1.0361764109090288,0.8772533743998533,63.716803943411506,1.5599502098151632,7.821022678079885,55.89578126533163,CONTROL,1,870,2013-11-27
3.408746837540999,7.297416990339478,-5.282386615647061,1.6031221222512215,25.527805602734155,0.9214732892832552,167.60700852707188,3.063633117033657,13.161627072704343,154.44538145436758,ENTRADA,1,910,2026-05-20
-2.7745030550885286,1.6035754847054662,0.14156924343255994,5.5664116908316075,23.278306502505508,0.9267098168233515,170.6018473025773,3.536153627186187,12.50344063908051,158.0984066634968,CONTROL,1,910,2024-02-22
-1.7117311529757373,5.927870612447705,10.200380008056342,12.307952257772925,4.296338981590875,0.1646763555711198,190.22121084743858,3.198863967512032,158.89627509275684,31.324935754681746,CONTROL,1,910,2015-08-11
3.373233847867585,28.065984452563253,37.352667236592026,13.934715291228361,-54.63273554939807,0.3040468758556454,220.23552091049348,8.203309813617691,153.27359882521728,66.9619220852762,CONTROL,1,910,2016-02-04
4.299082833838508,-0.6909272099642205,6.701340469850159,20.87010657297883,50.243317342058006,0.9204534036555168,180.25390424768443,1.6094549723372618,14.338584560707693,165.91531968697672,ENTRADA,1,1360,2026-05-20
-1.7168061928241052,-1.9778694742067504,-0.34771186276927324,0.6358226180092075,1.6855959515948982,0.8113073402060422,133.4492152344752,0.6063915266072898,25.180887370009465,108.26832786446573,CONTROL,1,1360,2024-10-14
-0.21125253065856775,1.7973792426984048,-1.844728831377207,-1.7007410361868924,5.874747500813626,0.33917997487887463,152.90067855334786,1.1837406667712012,101.03983024266041,51.86084831068741,CONTROL,1,1360,2023-09-26
0.08132379835545933,-2.111563740887501,-2.7044586264468595,-5.9497898928162485,-9.816103379721719,0.6242803092613853,58.16039410149107,4.591538201328362,21.852005285048172,36.30838881644289,CONTROL,1,1360,2014-11-11
5.662648305835294,-19.548637523523205,7.901086715202954,67.94767537502855,59.64409431066686,0.8389343121482227,144.21239228993028,4.707020436834796,23.227668160927966,120.98472412900232,ENTRADA,1,850,2026-05-21
0.0754659099344579,11.079754755349835,7.055983794983511,7.284070373645424,-0.1218341254749511,0.4455179877178713,122.66436476163219,2.2565382077010985,68.01518380833885,54.64918095329333,CONTROL,1,850,2025-02-20
-0.8856045599947571,-0.5324463959599512,3.908116470749956,9.239866836481259,9.239866836481259,0.7406167622076055,42.41871329252271,1.0400254627177636,11.002703196801821,31.416010095720893,CONTROL,1,850,2017-05-05
4.0677298693037045,0.40671254295743253,6.900465899779551,-0.16355984736593498,-0.35938257278433916,0.9360252888270048,117.46883548213947,1.3322041143971464,7.515034821797968,109.9538006603415,CONTROL,1,850,2025-07-02
9.443192940825629,9.667776899271452,6.062681638006051,36.41531829845724,-17.856202245243313,0.7434503224710652,144.41124620881922,3.464710924737106,37.04865864642417,107.36258756239503,ENTRADA,1,960,2026-05-21
16.5640292252367,19.351964394977994,-2.7645724021130302,33.660522851428624,114.8680908313171,0.938328986379538,147.59101484300052,4.110388735996939,9.1020874866405,138.48892735636002,CONTROL,1,960,2024-03-20
2.2154822422182363,3.0910567518871446,0.5841386875071741,10.625651790476809,-5.4235767400534485,0.35588745271123107,53.126299318626934,2.3208817978549967,34.219315982146384,18.90698333648055,CONTROL,1,960,2016-08-25
9.252218918098798,11.514568659758417,18.87262863730088,23.035929818502332,18.147049686723093,0.1970660622461813,259.86112822641127,4.534289768227468,208.65131895598242,51.20980927042887,CONTROL,1,960,2025-05-29
9.00840614548537,6.212740274700312,19.342013772123412,48.820845701418314,43.1232140105009,0.9726629188602337,94.49368242710005,2.178382013474606,2.5831814637049444,91.91050096339511,ENTRADA,1,690,2026-05-22
-0.470319107339634,3.5134862748531503,3.922903940083433,7.009933384745093,3.8059240446708387,0.9337713068181741,31.34866033459386,0.6454920132061465,2.0761808069610908,29.27247952763277,CONTROL,1,690,2014-01-20
0.8148091772008925,-1.4905258788810993,-2.904482700549771,-1.2049668297520189,-4.229704065512596,0.5991080797481728,25.924870785397076,0.4874977577753292,10.393071231438329,15.531799553958747,CONTROL,1,690,2021-07-05
6.689170256164445,-2.8421425987357196,-11.877427485066372,-70.17329021033025,-0.7960441975451982,0.5907889138206331,223.83239998267769,6.706428569981106,91.59469951904603,132.23770046363165,CONTROL,1,690,2025-10-17
3.98133247892396,-2.6820391532333954,-2.807130264358415,12.092693631131635,21.15729185727666,0.7807901896336504,123.7823786744247,2.014095568499484,27.13431175591631,96.64806691850839,ENTRADA,1,895,2026-05-26
3.6954799715083197,10.24255919001904,14.128654803171603,5.490757187163187,11.12083887359061,0.7844897140538966,100.60879287380276,2.011449286150202,21.682229720925527,78.92656315287722,CONTROL,1,895,2024-12-26
4.78147890067282,6.090672900807004,-16.028783812310763,30.76875120951561,39.89667683691911,0.22269692227438995,248.21767537737725,8.200103821785794,192.94036301673174,55.27731236064553,CONTROL,1,895,2019-09-24
3.1664715467494275,-0.03166967264656151,-5.841920436390202,6.781927747117056,15.548358695831599,0.9695270757225563,303.4190460657216,3.4920436645150255,9.246065615094949,294.17298045062665,CONTROL,1,895,2022-08-03
4.120481944591692,-0.2067519863191425,1.6172955702864478,1.6172955702864478,1.6172955702864478,0.849018397133253,123.67792710174395,1.7224601223306384,18.673091673057982,105.00483542868596,ENTRADA,1,1100,2026-05-26
0.8993287013758788,-9.142036023090938,-87.58599990167704,-87.58599990167704,-87.58599990167704,0.61536625971143,235.187893853257,9.111104115058046,90.46119928336944,144.72669456988757,CONTROL,1,1100,2019-08-08
-4.191118697937091,-7.97107388923024,-14.699512251196145,-14.699512251196145,-14.699512251196145,0.5299604911286374,95.30013535366881,1.7958935905314612,44.79482881701287,50.50530653665593,CONTROL,1,1100,2025-02-10
-1.7214784316610388,-3.172906174209178,1.0461688614005205,1.0461688614005205,1.0461688614005205,0.802576028622538,45.39962881133509,0.8240109687381872,8.96297501899642,36.43665379233867,CONTROL,1,1100,2013-07-15
3.203656866193061,3.037269020762512,-1.3533690026423795,1.3304494068511197,9.521835992667427,0.9553296780001226,138.17074039870073,1.5179128010241199,6.1721314645714385,131.9986089341293,ENTRADA,1,1330,2026-05-26
-2.9749340120177603,-8.521268347367883,-6.915929839376167,-4.125158955037289,-7.909660727956069,0.7906908724155343,185.0438905352003,1.2341657516613866,38.73137529275815,146.31251524244212,CONTROL,1,1330,2025-06-02
0.0,0.0,0.0,0.0,0.0,0.15062998442735298,42.89354845892069,0.0,36.43249392251956,6.461054536401135,CONTROL,1,1330,2016-12-21
0.0,0.0,0.0,0.0,0.0,0.4731103963674268,95.51501395543758,0.0,50.3258678439402,45.18914611149738,CONTROL,1,1330,2015-07-01
2.191456720868068,3.6224400660778144,1.3368434758209702,7.421473790569788,13.097351301694093,0.894341088359507,66.57333219159845,1.0822406226900962,7.034065823645288,59.53926636795317,ENTRADA,1,420,2026-05-27
4.468241082855595,1.9134078468785454,1.3241689722987005,3.265891685477751,-6.948120682376269,0.6226020691662445,56.26427151517021,1.8087803311709603,21.234019649693845,35.03025186547636,CONTROL,1,420,2025-03-07
0.0,0.0,1.662266948285751,1.056231083416126,15.130353465273583,0.8557692307692321,31.426732878361136,0.8322939300588675,4.532701857455894,26.894031020905242,CONTROL,1,420,2018-01-05
2.617952482264485,-2.593441587110945,-2.915927137773222,-13.359109289076132,-15.328835366587024,0.0928261853936273,45.69207803486174,1.2758547493409331,41.45065672817757,4.241421306684161,CONTROL,1,420,2024-10-23
4.53247398508827,-1.8531607036165187,5.163706912270083,1.5101477563495003,24.136807640509073,0.9657065249148756,186.75352640332378,1.6262460085128128,6.404427404771509,180.34909899855225,ENTRADA,1,805,2026-05-28
0.0,0.0,-6.932740920541081,-12.039597808884972,-3.004127533453582,0.21272097233823492,116.49544186632835,1.159622342300341,91.71441819955066,24.781023666777685,CONTROL,1,805,2025-06-19
6.528215015069172,-5.370552905609172,36.43457304191466,2.760841388209645,-21.88591061347056,0.2477676775802381,180.58182473205366,3.9509311284881616,135.83948540499114,44.74233932706254,CONTROL,1,805,2019-02-07
-2.907055632772604,-6.005537615804135,-4.576302068094451,-4.730833726731554,-25.33338980118205,0.6523640179560487,132.65751446081418,2.516097791776516,46.11652531509481,86.54098914571935,CONTROL,1,805,2023-03-30
-1.307688144855934,0.23355173523809114,7.3606519057234365,35.685374592027145,36.85139233291501,0.9669769475854313,104.56993889612801,2.4976079802647155,3.4532185731550786,101.11672032297292,ENTRADA,1,690,2026-06-02
1.2732437466911328,-2.363735640533715,-9.450057870475925,-14.348835984504538,-6.0543822021885685,0.33804412641622117,30.499399014524823,2.1644147337742705,20.18925631844002,10.3101426960848,CONTROL,1,690,2017-04-24
-7.008119277200908,-10.50849667589504,42.74694397465639,43.995296671581755,72.25088747129237,0.8750432162789581,167.05047214633194,6.174494746927315,20.874089718487134,146.1763824278448,CONTROL,1,690,2022-09-07
-17.843065700788863,-22.33354411446009,-33.581094742793915,-24.58508472026444,-15.778638385516297,0.06553270810275387,38.52598119280489,2.3005282746804903,36.00126931292463,2.524711879880268,CONTROL,1,690,2015-06-17
5.163067983937619,0.21768279016232128,0.21768279016232128,0.21768279016232128,-1.1710229109951342,0.9409535768364299,132.3518399432846,1.2816147474287887,7.8149027477682855,124.53693719551632,ENTRADA,1,1090,2026-06-02
1.0736018460200114,1.0736018460200114,1.0736018460200114,1.0736018460200114,-2.0423599231178535,0.9448922873769724,69.59976262534362,0.2568036710040198,3.835483717388374,65.76427890795524,CONTROL,1,1090,2024-05-21
-0.2904007928816732,6.113018280640148,6.113018280640148,6.113018280640148,5.149842471388055,0.7321045423928387,133.1351107249016,1.4005532169633697,35.66629141122759,97.46881931367402,CONTROL,1,1090,2024-01-16
0.5390189659992828,-15.978531907141491,-15.978531907141491,-15.978531907141491,-21.603737303997896,0.49817916970138826,66.87046546324805,2.8535613283826198,33.55699250122177,33.313472962026275,CONTROL,1,1090,2013-07-17
0.4567743598893337,1.888662313178635,9.094103725644231,4.0481937267489165,5.105138086141103,0.9051987541702046,132.41450135298226,1.2574293545137745,12.553059694193855,119.86144165878841,ENTRADA,1,1260,2026-06-02
0.0,0.0,0.0,0.0,-11.940355233486244,0.019310410485062525,199.8452557244288,0.0,195.98616180289775,3.859093921531011,CONTROL,1,1260,2013-10-08
-1.769700603992952,2.359478377578217,5.092204031482694,-6.306218702657462,-16.072041373434985,0.8550843347523852,152.63079411194016,1.6659424460209047,22.118593066003523,130.51220104593662,CONTROL,1,1260,2022-09-14
0.05549321817399644,4.596925167832389,-0.3995329903272449,-2.0639101999331277,12.868697061092504,0.9329608938547549,93.37237074591262,0.9042272114483695,6.259600273468416,87.1127704724442,CONTROL,1,1260,2020-01-09
7.405057388136793,7.274049057381937,1.6130095272037792,19.45977507272767,18.884522431512618,0.9420557381477858,36.138798106653134,1.7290346143397843,2.0940359805162143,34.04476212613692,ENTRADA,1,425,2026-06-03
0.0,0.0,0.0,0.0,0.0,,0.0,0.0,0.0,0.0,CONTROL,1,425,2012-02-15
-5.736842135865006,-8.524068350912462,-10.196432101157171,-29.460426899695634,-25.84122770589614,0.043737373737373,63.9947501034097,2.9378714222200126,61.19578780090708,2.7989623025026193,CONTROL,1,425,2022-01-14
-4.836281013816945,-9.709250389973167,-4.856983078229682,-14.72210094622839,3.4514281449982143,0.7910224438902852,103.86975716753129,1.5688655880000735,21.70644800658022,82.16330916095107,CONTROL,1,425,2020-06-02
-14.32950770950403,-17.639987622262154,-10.56192712247106,-70.30584596122047,-70.30584596122047,0.043341051561532826,145.92188746232392,3.406823692993475,139.59747941386317,6.324408048460772,ENTRADA,-1,1132,2026-06-03
3.833302760081203,0.6945681338987875,2.7325247178899836,-13.113199326449942,-13.113199326449942,0.6420847367488,225.16015668688087,2.1499501900380507,80.58825675426642,144.57189993261446,CONTROL,-1,1132,2022-07-21
0.910968603859974,1.0759030773122014,0.5104361016838865,-4.662187983658361,-4.662187983658361,0.8504008398549333,164.55619964068805,0.7655199638323309,24.61746926291085,139.9387303777772,CONTROL,-1,1132,2023-03-21
10.426162857710697,-11.396726316503791,-23.392667860667736,-1.3082840546341235,-1.3082840546341235,0.8957266181896347,365.2814487216393,3.909043547326785,38.08913197079485,327.1923167508445,CONTROL,-1,1132,2020-04-02
-7.4918961225123315,4.34867573991804,-9.100656792094819,-20.63454004784471,-63.22593438057744,0.09220308352628669,145.81791870404368,3.4785575158491966,132.37305696614547,13.444861737898224,ENTRADA,-1,1150,2026-06-03
0.39669106757456163,1.0446874995873046,1.9837701154279408,2.6319722465806272,2.645201736310998,0.8614232209737765,151.80764948709933,0.5051576457439579,21.03701509746414,130.7706343896352,CONTROL,-1,1150,2018-09-13
-0.9615079499936119,-2.6594207932006952,-1.8172742021360655,1.38417720299433,7.188521029668493,0.949671399040522,115.20781718223634,0.5052403625945519,5.798248258377267,109.40956892385907,CONTROL,-1,1150,2024-02-14
0.9670907942216367,3.6047858907983787,4.8336649745372995,3.6003133548856425,23.873840686761127,0.6976086009340894,212.6142600731853,1.4770556528289418,64.29272356489388,148.32153650829144,CONTROL,-1,1150,2025-10-14
-8.666754733936965,2.240023126902635,-3.8894656307852937,-20.83441953870335,-17.01956374501212,0.05079555244453941,146.9263210622014,2.5278111356631867,139.4631174152031,7.463203646998287,ENTRADA,-1,1200,2026-06-03
0.8609308080043121,0.4630031877050911,-5.507894299040528,6.1397223313841565,0.7104380936029386,0.9201958890881519,104.87983489491982,1.0981777757731714,8.369841976370504,96.50999291854933,CONTROL,-1,1200,2021-06-07
0.0,0.0,0.0,0.0,-5.148409287584199,0.20966453674121435,91.47700288605547,0.0,72.29751945347591,19.17948343257955,CONTROL,-1,1200,2013-01-30
0.6783844113722459,0.5039339148837918,-0.28101800873203686,1.8900141024125183,-1.0529287244775976,0.4750125808074999,83.44531300471634,0.5814586042554737,43.80773951805639,39.637573486659946,CONTROL,-1,1200,2013-07-31
-5.9806582783161755,0.8282679502480406,-6.976849505698768,-23.031728979704404,-23.1214216719533,0.11309118660149238,112.43004986853369,3.3225492894691584,99.71520211923625,12.714847749297437,ENTRADA,-1,430,2026-06-04
0.0,0.0,0.0,0.0,0.0,,0.0,0.0,0.0,0.0,CONTROL,-1,430,2012-04-24
-4.431509721628535,13.921468575119889,17.197737067302654,16.16775289832839,19.459949913516184,0.8650608547525526,50.25844531470144,1.9216447907384058,6.781831652231391,43.476613662470044,CONTROL,-1,430,2026-04-13
3.7168373231089014,7.729832555809502,9.161269015265372,31.17093707548868,23.04738377961746,0.9622088417049701,36.074223099863374,1.143727777549901,1.3632866755371618,34.71093642432621,CONTROL,-1,430,2021-06-11
-3.1313435125035483,-8.204977651017353,-16.785419321913018,-40.088546570786754,-73.56400855963119,0.024607400692938743,154.73861777014383,3.459922310319514,150.9309026000024,3.8077151701414214,ENTRADA,-1,1260,2026-06-04
0.0,0.0,0.0,0.0,22.880711108466123,0.7753221826158638,67.69286852753116,0.0,15.209085953236988,52.483782574294175,CONTROL,-1,1260,2017-03-14
2.650545934572701,4.71672724285277,4.707279900433292,-2.205750001003093,0.007078839154850414,0.8337912087912037,156.31953479789811,1.6712121729308589,25.98168092108002,130.3378538768181,CONTROL,-1,1260,2015-01-08
0.0,0.0,0.0,0.0,-32.70466853478538,0.5951916829109914,116.6227152859861,0.0,47.20984510927063,69.41287017671547,CONTROL,-1,1260,2012-05-07
1.6911679797448897,-4.376982382998662,-46.971330873498694,-37.18768177562115,-105.00538779534607,0.037994170646124786,182.61964077454186,4.3445753221034416,175.6811589796199,6.938481794921953,ENTRADA,-1,690,2026-06-05
-0.9980773301543344,6.377040021690039,8.83783074621114,31.436886900932937,-25.252469993544135,0.6096349353049993,94.94746956657126,2.3393875616269084,37.06417509998119,57.88329446659007,CONTROL,-1,690,2020-01-29
5.8514872760784264,11.881457864111322,18.85069608686063,-16.86372903794031,-74.29647299621256,0.17603478228897437,143.29208800890456,3.4529376071314166,118.06769649252449,25.22439151638007,CONTROL,-1,690,2023-08-08
-4.6515002977753905,10.070441347129755,38.53603942172157,32.498856990399446,50.07114307865157,0.9365546549146146,98.03401943259983,3.490901490856242,6.21980219300867,91.81421723959116,CONTROL,-1,690,2023-04-06
-4.358337741190432,19.453825195088204,-18.433866338583016,-58.134136937881834,-123.6447361211912,0.12339000967017458,290.5263831602619,6.614040774119518,254.67832993267635,35.84805322758556,ENTRADA,-1,780,2026-06-05
4.96768501428102,7.958361158342253,16.2752402035804,23.474348478151885,17.931752697168957,0.46966414644993354,105.69804182965312,2.2484412129770077,56.05546123229971,49.6425805973534,CONTROL,-1,780,2024-08-21
2.3957790135087365,6.630037176880155,5.420760182381912,-2.1862706697073353,-10.652616699537987,0.15980470142908396,74.5068217364449,1.6137375272464267,62.600281334422355,11.90654040202256,CONTROL,-1,780,2016-10-25
13.121621704856867,-0.1384019191730257,8.628019559482336,-19.881757478954487,-48.32095503300216,0.09632028055798736,253.07910086717604,4.651703924841531,228.7024508682865,24.376649998889583,CONTROL,-1,780,2015-12-11
-23.426054231887594,-6.634619189770374,4.16261376718019,-3.58653735662684,-75.7525044225904,0.06768881213799752,298.52045241927885,6.427402873294549,278.3139575961203,20.206494823158593,ENTRADA,-1,825,2026-06-05
0.8765633719631793,-1.081552154452714,9.299844072463426,5.484950638789954,-4.304750473835828,0.7663487016427882,42.084735507361685,1.8132871788587404,9.833153092314909,32.25158241504678,CONTROL,-1,825,2016-05-26
-26.109537732504904,-47.06229227730674,-86.623772529828,-96.03707213654222,-171.86449635835044,0.0004235493434953826,311.84210340111923,5.317902230072842,311.7100228829495,0.13208051816976327,CONTROL,-1,825,2016-01-13
-9.555229778478447,15.045072918391522,29.231392782624877,2.91001905319499,22.687192133965528,0.22269463389525262,240.50190776722388,4.6555859239344235,186.94342346589215,53.55848430133174,CONTROL,-1,825,2021-11-30
5.583097953874017,-3.2176402346439925,1.4886441548456197,5.6344222432525015,0.9937295865469764,0.8923697384816034,45.7458062943314,2.006024146692596,4.9236330948288005,40.82217319950261,ENTRADA,1,450,2026-06-09
0.0,0.0,0.0,0.0,0.0,,0.0,0.0,0.0,0.0,CONTROL,1,450,2012-05-08
0.0,0.0,0.0,0.0,0.0,,0.0,0.0,0.0,0.0,CONTROL,1,450,2012-05-02
0.0,0.0,0.0,0.0,0.0,,0.0,0.0,0.0,0.0,CONTROL,1,450,2012-09-13
-2.808530709881296,17.628700876797243,5.402499716589126,7.59220365574631,21.02300899946785,0.8861286810135058,55.09245816283915,2.9867948121183914,6.273450877210743,48.8190072856284,ENTRADA,1,520,2026-06-09
-2.4474568345200787,-13.039274124522215,-4.709134389538905,-23.5933483653894,-28.486968881344943,0.10097132404091096,298.7937011673449,4.1932253002582005,268.6241055453938,30.169595621951096,CONTROL,1,520,2021-02-23
-0.9917701470107954,1.0032886358102289,12.465521125084589,26.95620850428737,31.93626090671753,0.883195670749083,49.678321899961176,1.7184170629340254,5.802643067836106,43.87567883212507,CONTROL,1,520,2018-06-26
-29.698562211559754,-49.18184445653839,-85.7221493614424,-108.83155661527088,-108.79187744368579,0.060936931145438474,158.53049357486327,7.687522580355359,148.87013180343945,9.66036177142382,CONTROL,1,520,2025-04-30
-54.373955826931834,-130.74710193420768,-130.0406977787527,-198.8526773995103,-295.86389763715306,0.010904708040570851,346.32337903576064,10.432348954771328,342.5468236997517,3.7765553360089252,ENTRADA,-1,690,2026-06-09
2.390754725931643,29.913894272628472,34.159111682088295,-22.355998235817907,0.23451404893126693,0.7098048025991756,173.9707686596451,4.130316014208843,50.48548155315889,123.48528710648624,CONTROL,-1,690,2023-05-10
-0.7417901034301178,-0.7836620696000107,-16.01372461613959,4.824319646732356,15.164979215711583,0.6079200156832011,61.03471003636922,2.53185583569369,23.930488153840013,37.1042218825292,CONTROL,-1,690,2024-01-10
-30.187079497238088,-78.74909982256706,-79.05171713205816,-99.25434558683443,-19.737220350226625,0.47821310571545744,256.62266979151923,10.327600303045992,133.90234587352452,122.72032391799472,CONTROL,-1,690,2025-04-23
-39.45095132070087,-119.2042265711879,-125.6513313376062,-186.7746979609608,-285.7330770009103,0.010558753736362614,352.76543191873645,10.927778340147789,349.04066859640494,3.72476332233153,ENTRADA,-1,692,2026-06-09
-2.791712490231024,-5.062064572504132,0.3650202024152449,9.73329827205216,-28.476361635059178,0.42469010363746024,62.1522093841122,2.0868807117239285,35.75678113947646,26.395428244635735,CONTROL,-1,692,2019-07-23
5.326213432899074,8.566278823052276,8.549118748522044,0.1456134276112131,-12.83370630423497,0.2779496699669918,62.28737804785483,3.1434382133404903,44.97462187634434,17.3127561715105,CONTROL,-1,692,2015-07-21
8.431854309496334,26.45306116367374,11.40194208891998,21.56934055167037,32.92065036934133,0.7298344181096109,102.62190696678714,3.051736497091219,27.724907210383417,74.89699975640373,CONTROL,-1,692,2024-06-07
-9.597250186620387,-4.999682435143926,8.73340703361869,-12.71616335066117,-21.135997740511225,0.13550274458514439,141.02950166809367,5.604293863469498,121.91961712459178,19.10988454350189,ENTRADA,-1,500,2026-06-10
-0.0034185461506019976,3.6621775246858945,4.136443292315217,1.1705621441993053,5.745176352158765,0.9069871294981894,64.11186375653116,1.9350075309164074,5.963228481215962,58.14863527531521,CONTROL,-1,500,2025-09-03
6.602171438250259,8.398136874265827,7.350651487378901,8.498730000559007,8.0690677742834,0.7482573561161989,23.25661800771701,1.0696749708309679,5.854682505058298,17.40193550265871,CONTROL,-1,500,2018-01-24
-6.441545382402936,0.5574359036120136,4.9254553665867284,-2.2753253144336405,26.742466653804087,0.8343547704509442,99.12716618296741,2.8752908162329023,16.419942196925046,82.70722398604238,CONTROL,-1,500,2026-01-30
-36.22767270793803,-36.22767270793803,-36.22767270793803,-36.22767270793803,-36.09358365142423,0.002923755308110493,302.86341515090345,3.459562278580571,301.9779166332235,0.8854985176799258,ENTRADA,-1,1083,2026-06-10
83.29671881162737,83.29671881162737,83.29671881162737,83.29671881162737,88.27554523198167,0.8255406986823896,152.38348732520038,15.11959893854895,26.58471673109541,125.79877059410497,CONTROL,-1,1083,2026-03-24
-70.3037780798399,-70.3037780798399,-70.3037780798399,-70.3037780798399,-56.646754425532244,0.10409793256309206,181.14256788620898,16.23440643217503,162.28600107008506,18.85656681612391,CONTROL,-1,1083,2024-01-30
-5.892515673032728,-5.892515673032728,-5.892515673032728,-5.892515673032728,-8.353867192670839,0.6899394058337182,102.84049467784084,0.7378128699533902,31.88678488416568,70.95370979367516,CONTROL,-1,1083,2014-07-28
-13.824488589900819,-26.576662284008012,-1.7543938838893158,-37.81270366294942,-37.81270366294942,0.030210343572813093,313.07511671764473,3.993252367301454,303.6170098775061,9.458106840138607,ENTRADA,-1,1135,2026-06-10
28.28644062361052,23.98355784481998,15.26315140254031,52.10472552436451,39.150201152380326,0.3062224698365143,248.21596262391415,4.998173974582628,172.20665749637124,76.00930512754292,CONTROL,-1,1135,2015-12-09
1.3970880302416333,-2.0538323141761072,-12.920521015222786,-11.982469483003966,-11.982469483003966,0.9393170778397248,381.55261447217526,1.5410560155013728,23.153727604064485,358.39888686811076,CONTROL,-1,1135,2020-07-20
45.29005782503148,35.21927258226087,46.30199647045252,39.8964928372747,-0.14855088610543632,0.8868862647607118,119.51096321825528,7.450516585627353,13.518331451662041,105.99263176659325,CONTROL,-1,1135,2012-12-11
-9.249102609617532,6.0407574313825485,-0.6225902345280421,14.486251437382247,8.450219423776772,0.6730726698934154,162.9285308183513,6.567890146964237,53.26578957863199,109.66274123971934,ENTRADA,1,760,2026-06-11
5.543893153459045,6.061737190969918,15.232232820199254,-14.160512889541677,-17.892523136191496,0.6962299855697367,174.0118636729381,4.072498779032265,52.859586338965414,121.15227733397269,CONTROL,1,760,2023-05-10
0.0015236333039680972,-42.191941853438884,-78.16967849735957,-40.8184323294114,24.730150239749005,0.4865564950038448,198.22466274381995,5.857452002175772,101.77716561586769,96.44749712795225,CONTROL,1,760,2018-12-17
6.541994453213018,-0.7679941228877496,0.770171544386411,6.7234377846103754,-9.92746532226918,0.2837632776934855,58.349385917858534,2.1694403551394386,41.79197291840489,16.557412999453646,CONTROL,1,760,2016-09-28
25.182182465190994,48.91652007449121,19.74303435615221,193.13837981159264,108.50584916991757,0.9379186004454,246.9393643216022,9.301781385632614,15.330341342208332,231.60902297939387,ENTRADA,1,860,2026-06-11
0.0,-4.149093514547175,-9.246639281669244,11.887928343752296,44.82275661584323,0.9297349669970371,146.2557339415677,1.7082316352052258,10.276663972276824,135.9790699692909,CONTROL,1,860,2013-11-13
-34.47680386178709,-34.606316338791075,-36.54526587318241,-88.0743220433633,-81.76525007404068,0.04344486634428767,103.47760260487904,3.909611858289323,98.98203199008276,4.495570614796284,CONTROL,1,860,2024-02-12
-2.927810793068586,3.571435340639084,-0.7605297509227782,-11.260783247631911,-10.890783930955772,0.41900697328811953,71.03238533262291,1.8063739627809878,41.269320548965176,29.763064783657743,CONTROL,1,860,2014-03-10
11.38604743734506,4.279685405592648,7.644258886383426,64.11525596783375,131.02000150780447,0.9478044463302726,326.4344935561274,6.3199568449868115,17.038429128059136,309.39606442806826,ENTRADA,1,970,2026-06-11
6.583342627251021,27.049078942513738,28.23506943201215,31.424490044027475,38.9216223027522,0.9837414110132556,111.810732228824,3.8139989260727964,1.8178847396153779,109.99284748920863,CONTROL,1,970,2020-01-23
8.644997444298141,6.861793897217083,12.054119571307531,16.398128983829974,39.3146361438923,0.9733143763329183,118.05270300794503,2.290283671804609,3.1503100053517823,114.90239300259324,CONTROL,1,970,2021-10-21
-5.9200939777737105,-28.61929199500235,-32.60708517989097,-26.95419956906253,-70.96545018499656,0.016011674472269533,182.73117810262073,4.613706100383005,179.80534596290727,2.9258321397134694,CONTROL,1,970,2021-12-09
4.692824870409229,-4.236462232121152,-4.236462232121152,-4.236462232121152,3.7149879445363965,0.9591849469142206,326.31326857023936,4.819705372441838,13.318493379288512,312.99477519095086,ENTRADA,1,1090,2026-06-11
-0.020333759687130026,-6.753036444925309,-6.753036444925309,-6.753036444925309,-11.257660344309306,0.8540290077591647,247.2115750297938,1.0675492754654157,36.08571890051869,211.1258561292751,CONTROL,1,1090,2023-10-04
-2.7027130835122204,-4.75021984647217,-4.75021984647217,-4.75021984647217,-3.84174223842626,0.8147716346153835,106.5497488076863,0.7444552781640028,19.736035803789225,86.81371300389708,CONTROL,1,1090,2019-09-10
0.12994411090705427,-26.965613214408044,-26.965613214408044,-26.965613214408044,-25.411849358137893,0.07320457408972973,82.29818005793335,4.4447492645554485,76.27357683843245,6.0246032195009,CONTROL,1,1090,2018-10-03
5.404182335135843,6.826896707723407,16.24704832702717,0.6312465770852427,10.54112923835282,0.8472147981776872,137.8830029415189,2.7889172894022938,21.066482432286517,116.81652050923238,ENTRADA,1,440,2026-06-12
0.0,0.0,0.0,0.0,0.0,,0.0,0.0,0.0,0.0,CONTROL,1,440,2012-05-31
1.0693974235964632,-1.3080505163565181,-7.782543596425162,-9.877801441420253,-21.721207446224746,0.11446218740584271,43.81420401313886,1.2401583207671656,38.79913438234913,5.015069630789727,CONTROL,1,440,2018-09-21
0.025829669532129174,9.993902039155955,13.294065601066052,-5.709776496161112,-9.411893870340249,0.2210360426090895,67.0493439730949,1.9813280753188096,52.22902232174641,14.820321651348504,CONTROL,1,440,2025-12-12
2.894320991082555,6.749613444561042,-7.861368201893537,21.065749343307516,74.7783223778442,0.9008547685599085,178.61575869485986,3.425487826336998,17.7089007346494,160.9068579602105,ENTRADA,1,830,2026-06-12
-6.13683029818457,-5.335630349145859,-8.541005412783242,-12.03213317427787,-8.754982847978265,0.42015935490064316,70.2158248552966,1.314254846301196,40.71398918027864,29.50183567501797,CONTROL,1,830,2021-07-12
-7.91461540221583,-20.551974290199393,-25.71259438784668,-11.206280580809969,-0.1454541265055731,0.7045411024483601,105.2901571201055,2.0830985300787104,31.108913745745323,74.18124337436018,CONTROL,1,830,2018-05-10
-8.801556806770083,16.79502403745925,48.954611383704716,44.004607937553345,10.070249219367167,0.9108243076723526,129.26413838564818,4.509555048978416,11.527219033677,117.73691935197118,CONTROL,1,830,2022-12-14
8.552112512580923,5.903317815276754,0.8295525178403373,17.745137040530157,24.98176668024321,0.9152222120166461,50.331037305699105,2.462874924458986,4.266954009684837,46.06408329601427,ENTRADA,1,475,2026-06-15
0.0,0.0,0.0,0.0,0.0,,0.0,0.0,0.0,0.0,CONTROL,1,475,2012-04-16
4.605350211452919,1.0473681051692552,1.3651523674806931,16.047588359557885,0.7131279320904405,0.7461108694924654,70.34517166801328,2.2879353026701175,17.859874470195148,52.48529719781813,CONTROL,1,475,2016-01-25
2.7590220077100547,1.5970825094191454,1.138587202853536,8.84205830239404,17.711295525451032,0.77442916140482,33.65859598656469,0.6965419400981306,7.592397722625757,26.066198263938936,CONTROL,1,475,2019-12-23
4.257583088507211,9.350199657967018,23.499349115911894,28.465273824813675,71.57037014988931,0.986167824804673,125.09162571441107,2.828839377784286,1.7302892823500007,123.36133643206107,ENTRADA,1,690,2026-06-15
3.3834049461312077,8.901333426527547,32.73598825457302,22.860250039371532,68.14553630340336,0.9649107426605177,237.78230019777547,4.5636657828148905,8.343604322413784,229.43869587536167,CONTROL,1,690,2014-10-17
5.460575621609731,0.6230751767488663,1.649859254315711,-6.351948681225794,26.463238998672978,0.7352761858309965,104.06356747318814,2.7271357918601398,27.548104497535814,76.51546297565233,CONTROL,1,690,2019-07-22
6.169450116910724,7.406312004210047,11.936535737897547,12.554611324584464,15.027676983778715,0.9785770581070451,28.684641580707968,1.0458655917459496,0.6145094098037437,28.070132170904223,CONTROL,1,690,2016-11-25
3.0308103681608856,9.576104522857065,4.081020337609598,-9.909988954273086,13.447000432902367,0.9129880388174217,145.04593497719333,2.5696346871797933,12.620731263926315,132.42520371326702,ENTRADA,1,805,2026-06-15
6.544583024716832,6.548973818583104,17.324601043298138,23.766317365829792,28.58650600820134,0.9975472568003723,118.88967892880115,1.7023110141109437,0.29160585149853796,118.5980730773026,CONTROL,1,805,2015-08-17
-0.7727406535174008,1.17773925588871,13.0810954219851,4.160131946131518,-18.256218868923924,0.5515021459227369,68.59523292571134,1.6432123467590678,30.76481476711156,37.830418158599784,CONTROL,1,805,2013-01-07
-0.4470925640798207,11.739350330430831,9.386461423539494,9.074546237541892,-12.307349877336282,0.3136425570568854,82.46534585092441,2.9009569412206524,56.60070390966006,25.864641941264345,CONTROL,1,805,2014-12-10
2.2106824814382975,0.6559188695276497,-2.235811385907782,9.919791354646712,23.19443624106965,0.8785376832909938,58.59984642253977,2.1356761537186197,7.11767310527365,51.482173317266124,ENTRADA,1,465,2026-06-16
4.440940755847667,13.98287207608817,0.14571583200506666,-14.233162885917139,-26.061022164156622,0.22797350255624707,66.58984021763301,2.0324063195351734,51.40912110855837,15.18071910907464,CONTROL,1,465,2022-03-31
9.997204775840096,7.2727334941680155,3.9907812952089117,-5.681365122398585,0.8691489179812883,0.7055193087638898,80.79533036898582,1.7548863400122214,23.79266473570883,57.00266563327699,CONTROL,1,465,2019-06-04
0.016189662783716585,-1.6187015953028627,-6.896441162795863,19.023621229836696,20.205672837403377,0.6160266582037425,46.375949853336934,1.504613642076048,17.807128444161442,28.568821409175488,CONTROL,1,465,2018-02-21
-21.955912218453165,-24.689786840504937,-18.660725501883356,-27.17571728282131,-44.92659243461872,0.11249744001764501,189.51139595114634,4.210181468250399,168.19184905247207,21.31954689867426,ENTRADA,-1,755,2026-06-16
0.6919458807685963,-6.919328039455275,-28.312657833460264,-4.954355721527026,-6.58667630421772,0.31698195339825647,152.4002296858439,4.34794947910364,104.09210718168214,48.30812250416175,CONTROL,-1,755,2025-01-30
-13.071762950482846,-24.792531257294968,-26.401985781356885,-8.21570373505276,-5.879180777312865,0.78134066654893,174.8776300728757,3.284602208140922,38.2386260272378,136.6390040456379,CONTROL,-1,755,2018-02-22
1.2729799703037337,1.9868487491714326,14.608661876649442,-0.14444129819768392,-18.272247639202767,0.6651460674157339,63.64089715645321,1.7895196427217697,21.31040468602919,42.33049247042402,CONTROL,-1,755,2018-05-14
-6.712807750534067,-13.735455830210519,-7.25088847104427,-2.167145647125057,-32.93526830475013,0.08018640360357192,191.9994640223149,2.8423017365348384,176.60371750855205,15.395746513762829,ENTRADA,-1,860,2026-06-16
0.0,-0.099280538090607,2.557824137110476,-8.29519527490219,7.137260419782798,0.7067507223535464,51.076319048958965,1.5261598139960724,14.978093665947014,36.09822538301195,CONTROL,-1,860,2014-03-05
1.336347078573219,0.5486467447823884,-1.1865263460231201,4.408228390297975,9.499683343887622,0.9289994603958976,47.00082893171836,1.1200941800946396,3.3370842159921086,43.66374471572625,CONTROL,-1,860,2019-04-02
7.139142915295604,21.00795585688653,44.60241855404501,45.924643158545834,46.381626147711245,0.9511251400061075,142.98674129562212,7.968932460242473,6.988456961806455,135.99828433381566,CONTROL,-1,860,2018-02-21
-14.588516552076491,-18.24159987831586,-20.201239061149458,-27.337962423545914,-14.200192331803585,0.05492272786446019,214.77768406698257,4.50880672307586,202.98150777361272,11.796176293369891,ENTRADA,-1,940,2026-06-16
-4.421949824983118,-11.785115651973266,-20.67749882295189,-15.789704145918737,-0.17691988706158845,0.6896812134456002,77.54211899534751,1.1636436573754454,24.062776273493117,53.479342721854394,CONTROL,-1,940,2025-09-12
16.575572332855337,2.400648359115465,46.62743720300399,29.041374302529732,45.55294642069052,0.9084882534171447,137.79910620312964,5.587262247916739,12.61023688620477,125.18886931692487,CONTROL,-1,940,2021-09-22
-5.340502252348944,-2.673882646910819,-8.52166226385731,-33.71261602625353,-21.022549634633904,0.2759535459529557,49.52969708720004,2.604041474556104,35.861801546011414,13.667895541188631,CONTROL,-1,940,2013-11-25
0.45731228172529725,1.6641241991366407,1.7511459288277464,-13.94225299805485,-0.6848902349254615,0.0651110263916989,231.68040612806416,2.792019911404908,216.59545709022026,15.084949037843904,ENTRADA,-1,1200,2026-06-16
-0.5343950531233599,3.5870076110522398,3.024735631096398,0.28988856326517265,3.435779104141723,0.7587175673442355,83.13103544918404,0.6042781637223471,20.05805846237172,63.072976986812314,CONTROL,-1,1200,2018-08-01
-0.8268521500554016,0.21975635419613226,-0.7489840849306262,4.1248941730409605,8.169718859600827,0.6908848696008864,19.36293685660655,0.5576459918652121,5.985376751339737,13.377560105266811,CONTROL,-1,1200,2024-07-04
-107.76305094398975,-86.69782833740092,-93.71627844060426,-130.97693539700361,-86.27626454179804,0.0,261.7485634296469,19.328572383875542,261.7485634296469,0.0,CONTROL,-1,1200,2015-09-03
1.3077449248521944,2.4552120777965314,19.23840108739361,-30.57373257535523,-35.459172487048995,0.3733518443235989,86.66615945827579,3.7008208513753247,54.3091889840854,32.35697047419038,ENTRADA,-1,690,2026-06-17
0.02655688581265636,-16.43286575802927,33.225045627984784,6.090529260216471,-18.58834969715506,0.4053059664828873,121.62357480360983,5.612316893663146,72.328814270729,49.294760532880815,CONTROL,-1,690,2021-09-21
-2.397475893788359,4.359266836202469,1.3954242621205815,2.845769902057871,-1.065384064143915,0.6155426726352058,37.13436196996592,0.8445266917575159,14.276577556369952,22.85778441359597,CONTROL,-1,690,2014-02-17
5.018035751755967,10.092747385879175,17.947804054339045,8.639503329315179,60.995852823795275,0.9537605543531847,86.01445212496353,2.4098167515422624,3.977260583872844,82.03719154109068,CONTROL,-1,690,2025-10-08
-7.076843731732563,11.613806116335113,23.12915295934248,-108.82393180230653,-75.5260686408199,0.16398646962597235,218.53707811490622,9.206697928172568,182.6999541924674,35.83712392243881,ENTRADA,-1,975,2026-06-17
-4.16510036473805,-3.695282170044223,7.366291864652208,-101.77070433624368,-133.27182908302703,0.4446965369888521,306.5688708661074,8.4443506479105,170.23875564336683,136.33011522274055,CONTROL,-1,975,2022-05-10
1.7886664980215627,56.394973690867545,32.66833432248761,31.38146353714788,32.55133242599628,0.8982250642443012,64.12372292890367,6.027848729945327,6.526187781505403,57.59753514739827,CONTROL,-1,975,2019-04-24
-1.0373083763781654,-2.447395348890158,-8.675872700169007,4.396193056175335,-4.502605000671345,0.8009573143311771,93.50166425216001,2.314076110154663,18.610822367254496,74.89084188490551,CONTROL,-1,975,2025-10-13
13.135857824184693,34.07773876612508,19.315151223984195,5.961676848407205,54.29991240248899,0.9133861458354419,130.21538322726684,5.640127048013936,11.278456212828534,118.93692701443831,ENTRADA,1,720,2026-06-18
-1.8574679140292982,-7.211684356716042,-8.531509470333098,3.9315341203538523,8.080865868351772,0.6919917864476317,34.798266517564485,1.4699490922791048,10.71815190479423,24.080114612770256,CONTROL,1,720,2012-09-13
5.78808724605917,15.682495677511454,12.760084713026032,-50.34504843949183,-60.967447187363355,0.31318666666666106,108.73569527560802,3.2556511728722013,74.68112532455854,34.05456995104948,CONTROL,1,720,2018-05-21
8.467796902387192,-12.627590420730694,-19.50212111016758,-27.627601710467076,0.022666139711802202,0.1745321006345947,63.965761843288035,2.604491484905623,52.80168306008677,11.164078783201267,CONTROL,1,720,2016-10-03
8.715959770668746,-1.759738506478259,2.532871667793035,14.901742716055821,20.8723035019176,0.9505254504446485,140.59541855329914,2.3639007698209733,6.955895002470586,133.63952355082856,ENTRADA,1,780,2026-06-18
3.3479601994490515,27.665441690578607,-3.223083074128663,-30.064366440468724,-33.07970373928492,0.4455734966592449,80.14565446334556,3.7032895078802492,44.434874962069074,35.710779501276505,CONTROL,1,780,2020-01-09
1.6964045366130165,-0.9986117603966171,-8.061054283065028,-0.01692728478608352,21.537202565735658,0.5050945119808862,144.53555853024795,2.4756931526726755,71.53144113052755,73.0041173997204,CONTROL,1,780,2013-07-05
7.668890823351315,-1.7817787818297237,1.2458405145898688,13.381823632596657,-18.146176246137678,0.7390774606604611,155.0405970450361,2.4879315900105916,40.45358628170902,114.58701076332706,CONTROL,1,780,2017-05-18
0.2455158149050618,11.22342812619248,2.4435180458071137,-3.7888269641050965,14.407073486160105,0.9334634985770079,149.1718783743199,2.1489826376536736,9.925374897723337,139.24650347659653,ENTRADA,1,895,2026-06-18
-4.14877604874353,-2.860502416611732,8.54521649321871,-18.64289990538004,-24.45312734356886,0.41451591546295596,83.30683518053061,2.2467747059169096,48.77482613135138,34.53200904917924,CONTROL,1,895,2024-11-26
3.088670936060023,4.244449234749315,0.0,1.1593750666705205,-2.509621652455607,0.18506679389312694,180.6519285088938,2.8518395519451447,147.21925528914244,33.43267321975135,CONTROL,1,895,2015-11-09
-1.1375394883816892,-21.661890145576734,-25.65628885322746,-49.64796886861467,-85.9156682761586,0.049609951227287834,206.27993234296702,4.978189358837254,196.0463949602642,10.233537382702828,CONTROL,1,895,2014-03-21
-7.409328196915643,-6.3246223912794,-9.559810285606485,-28.507195369836815,-30.867679578315823,0.05679568005448717,184.24418692854155,2.8309907507608245,173.77991303584898,10.464273892692574,ENTRADA,-1,1355,2026-06-22
0.7335974504063536,4.007069917892903,5.6049856651108065,6.7793168653373925,0.32324460532695554,0.9865278774826532,275.67255957716725,0.9272331345258412,3.713894497294167,271.9586650798731,CONTROL,-1,1355,2022-02-01
-2.0895430686762584,-2.6953849872546343,3.6759205327618893,6.024229473624576,9.747900388390462,0.5944663176363802,89.23613400837846,1.0785227952519927,36.18825802431115,53.0478759840673,CONTROL,-1,1355,2025-08-14
2.5122725444859384,4.879835979152425,6.45624543170964,16.757833226461738,21.384501498975528,0.9921077184054289,365.8091895519127,1.2859647124330431,2.887069133825546,362.9221204180872,CONTROL,-1,1355,2022-07-28
-5.212218633390275,2.0311183336185756,3.532349489991926,-34.352384463404164,-19.260133635113917,0.0743842959607378,224.55083729234516,3.7977131381099767,207.84778135295988,16.70305593938528,ENTRADA,-1,425,2026-06-23
21.370659159478667,-42.764344145613805,-38.54575231268531,-88.26703760471011,-141.02753836649052,0.11643420254700211,373.2604865217132,11.468831315860836,329.8001994312515,43.460287090461705,CONTROL,-1,425,2020-03-02
12.605034461552478,9.27537065531503,11.515900662995016,13.730421560806949,9.257378490166168,0.6801045166106521,48.11180472246361,2.4764186127781165,15.390749028426406,32.7210556940372,CONTROL,-1,425,2020-08-13
-0.12880863820674548,0.23708503859465324,4.395175137197338,6.484515569473714,8.942117170560593,0.9094808917854451,20.74958435142367,0.5804481117884915,1.878233871313555,18.871350480110117,CONTROL,-1,425,2025-07-30
-19.645480279730787,17.018144394309598,-15.503565333584435,-26.36707324909282,-54.73742489770728,0.09338453062334248,283.21995992509204,7.166443276012118,256.77159690432546,26.44836302076659,ENTRADA,-1,910,2026-06-23
5.456222007163003,-6.218218408908793,-25.39257696914987,-60.01284397970985,-59.13003706568665,0.15393035301999347,134.80799721878753,2.6196244898648122,114.05695461698129,20.751042601806265,CONTROL,-1,910,2026-04-08
2.407578858385495,7.776524893210457,5.738647197224278,-5.36060765141233,-15.701283995588344,0.2509225092250705,50.138111069790874,1.3066135019263447,37.557330432353666,12.580780637437208,CONTROL,-1,910,2017-03-20
-6.080627017482909,16.812568235384795,7.117430250758172,3.651929173562607,-21.14543347615072,0.850872210953346,258.5838834578697,4.106877034040152,38.56204282316977,220.0218406346999,CONTROL,-1,910,2020-05-28
-5.406035160460121,-19.13468595998946,15.408668290559646,18.170400677868237,-51.65615344952856,0.11979516272221688,283.008269225637,5.545908322023129,249.1052475620188,33.90302166361815,ENTRADA,-1,950,2026-06-23
-28.53480432960187,-36.636692533944526,-37.07676333254528,-48.39778255525617,-11.980818842318719,0.316295380578751,176.31150129663712,6.217422286464616,120.54498789360635,55.76651340303079,CONTROL,-1,950,2018-02-22
8.41405328824596,15.292242259155042,43.243563954264985,88.45814856796919,57.72599349382679,0.3857490065969655,294.4828628264958,4.442242599089489,180.8863910313446,113.5964717951512,CONTROL,-1,950,2020-04-17
3.6058548703876703,-1.1658461468355696,-6.259560479274784,-1.6597169777599063,4.750127623986966,0.2117996604414196,76.14223957288635,1.7705106370286392,60.0153390860998,16.12690048678655,CONTROL,-1,950,2025-08-13
-2.9495295732717697,20.08699863943919,11.866168770908736,26.058741373555794,9.727610826464339,0.7641930641622725,86.89982685257084,7.75385477296132,20.4915818949338,66.40824495763705,ENTRADA,1,520,2026-06-25
-22.758324493843407,-31.105773453891096,-26.63781887406902,-22.326923464961457,-48.873262860963386,0.0348018607428126,58.06780494914755,2.5393584297503935,56.04693728766651,2.0208676614810375,CONTROL,1,520,2018-05-15
5.841748937767122,-5.683767915094506,-4.736528252421435,-0.1324190428975136,-30.636932780032655,0.15521091473544213,173.6651451674804,4.025097742971076,146.7104191283724,26.954726039107978,CONTROL,1,520,2015-09-24
0.0,0.0,0.0,0.0,0.0,,0.0,0.0,0.0,0.0,CONTROL,1,520,2012-06-26
0.9492237972108519,6.993283225456004,4.212407996948553,11.903802312533962,15.858384884963606,0.8926104791115181,90.59980562122142,2.235792202265667,9.729469718252556,80.87033590296886,ENTRADA,1,500,2026-06-29
-2.1366643601716806,4.473679363712346,-3.7045709978766883,4.98643279193578,20.321182152223116,0.7367808893262976,29.820975428978706,2.2923703757153797,7.849450631838106,21.971524797140603,CONTROL,1,500,2014-06-05
1.068511669506389,-1.5462810170985275,7.611480723932473,35.24514031712389,40.75865506513843,0.908185214536405,52.13897903697751,2.0351022811463464,4.787129174570969,47.351849862406546,CONTROL,1,500,2013-11-07
-0.7036635418866677,-4.641495267000417,-3.1069221712798356,3.635389478808815,6.320298066371244,0.41984251968504166,27.164607468215223,1.3919050964239161,15.759750222504643,11.404857245710579,CONTROL,1,500,2016-11-04
3.4804575136426763,5.941720464226474,6.024546595160274,11.36231492933959,56.99238655119787,0.9810266550454669,258.50876048124684,2.4198456490181535,4.904775886379472,253.60398459486737,ENTRADA,1,855,2026-06-29
-5.554824760284349,-1.6904884793733643,-27.753996920083512,-22.25732305360495,8.46001833431309,0.4773032565266241,146.16736315486992,2.7628987607189215,76.40120472314082,69.7661584317291,CONTROL,1,855,2024-10-04
5.003333076925021,7.437186201451063,-9.840633040228974,-29.504208054513814,-29.101216996726407,0.14997727617028866,80.2740795890165,2.8709836304831815,68.23479178517883,12.03928780383766,CONTROL,1,855,2018-08-10
0.0,0.0,0.0,0.0,0.0,,0.0,0.0,0.0,0.0,CONTROL,1,855,2019-01-01
7.516902354312016,7.914329667946252,0.27552671888475544,14.321604218867634,30.27077991137661,0.9737057334686868,269.087771960479,2.3942199849669525,7.0754655962460395,262.0123063642329,ENTRADA,1,925,2026-06-29
5.095183670675851,-2.7224330817787745,-0.4256601133145743,-5.955945815268038,1.5532864742384689,0.8695125409223329,75.40335928156334,1.578589095918873,9.839192758571631,65.56416652299171,CONTROL,1,925,2017-01-25
-21.325515194278168,-34.30969358187541,-25.075122001049223,3.2926949732758892,7.2834189368875535,0.8589639162661915,299.3415558592496,5.3533331023528765,42.21796073717363,257.1235951220759,CONTROL,1,925,2020-04-08
2.425717714549247,-0.9926445042229837,-4.237216654742193,-11.601618277010672,-3.2466335670722213,0.900309901738471,187.62843613187624,3.4855248519369426,18.704697234643763,168.92373889723248,CONTROL,1,925,2018-11-01
-4.878897604778665,0.6599481593094758,10.264738063106016,7.0580654428042955,10.28526577099731,0.9615865277013248,277.5914764638554,3.2772968332187133,10.663252491492656,266.9282239723627,ENTRADA,1,1220,2026-06-29
-2.7361270479764332,-0.15618576591602817,-3.72420273413665,-10.449380623699378,-7.5887091462556455,0.41247166152249987,52.460609048026846,1.1690686924350786,30.822094469504922,21.638514578521924,CONTROL,1,1220,2018-05-28
0.0,0.0,114.06150364923428,114.06150364923428,114.06150364923428,1.0,112.77517306779313,20.35877834028419,0.0,112.77517306779313,CONTROL,1,1220,2013-10-16
1.4225402017964406,0.3922041323134451,-2.888289332880767,-3.7165675538430865,-3.661701632737824,0.8543341996636559,85.5102205695677,0.739170543235754,12.455914716203393,73.0543058533643,CONTROL,1,1220,2014-06-26
-1.102261902604651,7.742172695703875,-8.356869711033665,-12.002866181691774,7.859351159233974,0.9224024147546838,277.89374637623786,2.483158221196515,21.563883673570395,256.3298627026674,ENTRADA,1,1350,2026-06-29
0.47947601316655764,0.6918760557139692,-2.3291485868104367,-0.24132959090095163,10.991219909441963,0.9761928578573562,160.84200960965487,0.7967415922411982,3.8291885852855367,157.01282102436932,CONTROL,1,1350,2013-08-22
0.0,0.0,0.0,0.0,0.0,0.0,217.30781048362468,0.0,217.30781048362468,0.0,CONTROL,1,1350,2012-07-05
-0.1520929737364174,7.821578087516823,-7.94589263996115,-7.109930909987572,2.7915182509463676,0.6040440543796286,81.08492777567002,2.175993434491663,32.106059252974944,48.97886852269509,CONTROL,1,1350,2018-06-11
4.405138777474615,2.5850462971566124,34.46993296014611,-0.17554084249749025,125.01023927755206,0.9310058829627853,150.43782446589873,3.541937772570649,10.379324868024176,140.05849959787457,ENTRADA,1,690,2026-06-30
-2.196543864261269,24.58776677365826,22.452766166352056,58.32530303798711,80.05286030140502,0.8820900653145455,104.77294992220254,4.185730997312286,12.3537716821293,92.41917824007324,CONTROL,1,690,2012-08-24
1.709770417288592,4.60456035657808,16.848288609827566,16.846969192043648,-26.373257996407105,0.4764397905759087,78.11131595626871,1.757354264932943,40.895976940455405,37.2153390158133,CONTROL,1,690,2019-04-15
3.547082063215523,2.958042253757842,4.957447418796335,-5.794354930186429,31.816180360584312,0.8607694950188963,80.8292453037776,1.6420855160921906,11.253896640886461,69.57534866289114,CONTROL,1,690,2021-06-24
-5.741623917621119,-6.230309221929575,-1.9323133650261948,-10.555293150507072,-33.674318799582494,0.2619584339129036,125.5725079226617,2.385968165676966,92.67773040472557,32.894777517936134,ENTRADA,-1,825,2026-07-01
-6.158938395502966,-5.365881308216913,-1.2475144220247536,6.204389227060236,-20.1865463271822,0.19423076923075874,98.30127829469967,2.141523849606705,79.20814539515328,19.093132899546404,CONTROL,-1,825,2012-10-31
-5.267687849633829,-4.5433556174390155,-1.9160620738323253,-70.17481002162151,-44.98710224776992,0.022772807865118008,295.3371823417785,5.826367826697154,288.61152543288387,6.725656908894646,CONTROL,-1,825,2025-04-21
-7.566204897180295,-11.365129222163928,-10.278867446029682,-15.6756608353803,-3.1841976092084057,0.7742407783497794,170.73541864448802,2.459104405423272,38.54509522130416,132.19032342318383,CONTROL,-1,825,2022-07-27
-5.498048196234118,-0.16895723043419686,-1.4568593504493688,-17.3719885043544,-29.86765006394276,0.1731760610423722,125.71266025613069,2.603771712417562,103.94223692981599,21.770423326314692,ENTRADA,-1,870,2026-07-01
4.405015627677589,16.07400045485541,14.973840606666844,29.930243345710483,50.884494025784655,0.5787555389128136,110.33857960925307,1.6667089758844855,46.479515504625425,63.85906410462764,CONTROL,-1,870,2024-12-13
21.982748727660262,-2.772854853344553,5.0069035865552,-49.78638862584983,-36.51701535726026,0.09788621673557296,582.6476318595242,8.455948582939154,525.6144594868543,57.033172372669696,CONTROL,-1,870,2020-09-03
-3.268334367895198,4.003944626926881,-0.9304991263192619,14.828976050131892,38.018004612752065,0.9532232949236982,132.21728929439308,2.55762751117222,6.184689147311899,126.03260014708117,CONTROL,-1,870,2020-08-31
-8.784186800671057,-14.145079744819489,1.6832906866115493,1.6832906866115493,1.6832906866115493,0.1202177890250955,153.1670960544833,3.6177341758771546,134.75368641541888,18.41340963906441,ENTRADA,-1,1095,2026-07-01
-5.893997707079324,-6.1424106189778005,-7.975862152641566,-7.975862152641566,-7.975862152641566,0.2138012618296588,82.55681852585377,0.8546889093622018,64.90606655238409,17.65075197346969,CONTROL,-1,1095,2021-10-20
3.3020611118383947,8.808713240677779,8.808713240677779,8.808713240677779,8.808713240677779,0.9888609978035591,56.066175796869324,0.8441837944737833,0.6245212553473736,55.44165454152194,CONTROL,-1,1095,2024-07-08
-1.644402590614824,-6.841475411237807,-1.646063329919789,-1.646063329919789,-1.646063329919789,0.04347494716907167,719.3118754447584,2.675132878627333,688.0398296617116,31.27204578304673,CONTROL,-1,1095,2022-09-13
-3.100048187903992,-11.80870072557072,-10.136427571432183,-26.070280048238192,-22.078710436823634,0.06834719163900392,153.28888205970406,2.4312911711875342,142.81201746144077,10.476864598263262,ENTRADA,-1,1200,2026-07-01
-0.08811187388491071,-1.4416355066493303,13.780558167151291,-6.78007401087144,7.334746360863065,0.9547624178859061,401.4188059149859,2.2258688600950562,18.159216194720685,383.2595897202652,CONTROL,-1,1200,2023-02-01
28.709681114167385,22.04514202332364,15.521644731200102,13.197814366285865,26.364271787191473,0.857875249216756,77.11456663634338,4.847129485512829,10.959888564948171,66.15467807139522,CONTROL,-1,1200,2015-06-22
1.1743059335111994,3.8300005875946397,16.896904896979148,16.03857862158442,43.0737389681135,0.33925680010591225,225.52524211546182,1.5661125425244085,149.01427013225913,76.5109719832027,CONTROL,-1,1200,2024-05-01
18.29439162839952,25.49073532314816,11.735976228661738,16.594420779427743,76.02021893425626,0.9848839096793642,117.77189496105488,4.774814951034464,1.7802506014637371,115.99164435959113,ENTRADA,1,690,2026-07-06
-0.6772081460870716,-1.013244969365612,-4.220499845614123,11.836382639138776,8.280835081397875,0.711038961038966,52.018512510366584,1.6559960986597624,15.031323420203071,36.98718909016351,CONTROL,1,690,2017-08-16
-1.297745685968632,-0.5562179699569736,-4.264609670524555,7.97926282374295,46.94238338919021,0.8709447004608363,80.47067557727908,1.738220629953587,10.385167140744617,70.08550843653445,CONTROL,1,690,2017-04-13
-14.917026661296351,-38.11142779170606,-75.36182505230138,-164.82340648410587,-93.83712182509996,0.45588413960276297,382.7218936237187,10.70468576900727,208.24505244192952,174.47684118178918,CONTROL,1,690,2025-04-08
6.8874806398788735,-3.8910945920256346,4.427057327940354,16.313483065169,41.32313598009807,0.8359375830719323,126.29996076166627,2.5453848818646385,20.721076820479084,105.57888394118719,ENTRADA,1,945,2026-07-06
36.618423756438204,77.30033906216738,98.56146773494112,139.7332341808588,179.9268766171047,0.978453227738262,657.9812900492689,7.02768331601672,14.177373009176128,643.8039170400928,CONTROL,1,945,2018-12-26
-2.446435670461211,-10.204159014478575,19.724505679323823,-1.1764921246470994,-14.088526512694433,0.7220251354398606,81.18750824701779,2.756174415446771,22.56808660893997,58.61942163807782,CONTROL,1,945,2016-05-25
-14.843439908989176,-12.837787926875954,-12.299903675014878,-12.15451960716929,-6.590400080977998,0.8164643140814631,128.44088174308237,2.4411884920006037,23.573485330698308,104.86739641238405,CONTROL,1,945,2013-03-01
-9.771158665902169,-9.084230798109827,-13.444433141582834,6.006362232080509,-39.58303077844283,0.1849513530756474,127.3470018934819,3.3192530942098872,103.7940015831554,23.55300031032651,ENTRADA,-1,1345,2026-07-06
0.0,0.0,0.0,0.0,0.0,0.9102693191260562,223.84903041060048,0.0,20.08612591171533,203.76290449888518,CONTROL,-1,1345,2015-12-14
0.0,0.0,0.0,0.0,0.0,0.6489423946384049,94.8989361075634,0.0,33.31499326128423,61.583942846279186,CONTROL,-1,1345,2017-09-06
0.0,0.0,0.0,0.0,0.0,0.3075215739195234,130.6682437745329,0.0,90.48493978768857,40.18330398684433,CONTROL,-1,1345,2015-09-14
-5.099951397117275,5.266876598502002,-14.29250091304457,-13.315740460730918,-24.48674560886932,0.1494125152852312,127.40466224251182,2.675624287767139,108.3688111977928,19.035851044719013,ENTRADA,-1,1370,2026-07-06
0.09610090797806947,-0.41068411932410065,5.960231988000331,0.9944808337092326,6.512230258939322,0.6987289787468568,150.50066827423422,0.782710353402689,45.341490030259074,105.15917824397512,CONTROL,-1,1370,2024-07-22
0.0,0.0,0.0,0.0,0.0,1.0,51.99830805323442,0.0,0.0,51.99830805323442,CONTROL,-1,1370,2013-05-06
0.0,0.0,0.0,0.0,0.0,0.9458204334365321,105.73056382541601,0.0,5.728436120572123,100.00212770484389,CONTROL,-1,1370,2017-10-19
-10.670558861251012,-11.310761453047213,-7.424447896655639,-17.098761069072044,-12.02358688414118,0.23012674052678653,63.199479435937526,2.286484746472298,48.65558923035555,14.543890205581976,ENTRADA,-1,455,2026-07-07
0.8332639555819199,0.0073087292751239374,5.098240207697113,10.51514324760916,3.854644513965333,0.6612989801395892,27.232305378365854,1.134574349786803,9.223609604802666,18.008695773563186,CONTROL,-1,455,2021-02-09
-18.53978644614451,-6.611986079348986,18.416039528119654,18.916550526590914,25.7083549726822,0.4346107957352099,212.35129325647588,4.206075230705278,120.06112871887797,92.29016453759789,CONTROL,-1,455,2019-01-02
0.25217589154413744,6.9174808354932615,29.002019699020387,35.953142377300736,29.893910070404317,0.8963426629705753,90.96812520168473,2.624197148643078,9.429513612965934,81.5386115887188,CONTROL,-1,455,2020-11-30
-15.427534538362542,4.574457489496808,-4.358364942416149,-62.34186716710499,-79.08298037992645,0.2175912791385893,182.96373117981173,4.882466817628803,143.1524188764275,39.81131230338423,ENTRADA,-1,940,2026-07-07
-4.857280546317622,-4.167480292401882,5.478087511885388,15.64889784869683,-22.808639325151425,0.2902809313921934,103.31509392538459,2.939023355045616,73.32469223385202,29.990401691532583,CONTROL,-1,940,2025-06-17
-5.499630061798211,-4.714151978548742,-18.585836177542614,-20.284134824760656,-39.54884632990874,0.13188679245282606,69.4548189850161,3.692126237613808,60.294645688690686,9.160173296325423,CONTROL,-1,940,2018-10-03
13.931766576653626,14.577363896848272,43.28273503782398,55.816295337254296,17.80659954856656,0.5122393472348201,118.34467663542094,3.4990737917972927,57.723876726977046,60.6207999084439,CONTROL,-1,940,2012-10-02
15.420641788004286,7.009324519446913,11.715338297111355,25.20092735148749,49.73851191071521,0.9669159502788061,234.6869204096317,3.985254453814352,7.764393743746136,226.92252666588556,ENTRADA,1,1250,2026-07-08
-0.8571360283127216,-1.7141251327823515,-1.7718018153156656,8.736326288174556,14.684760536871622,0.4625071050675495,188.51190903028927,1.876228798919206,101.32381171393294,87.18809731635633,CONTROL,1,1250,2020-10-13
11.130110368413604,-21.92642686005941,-30.316990890042472,-10.745936770213405,45.0330729176418,0.8339074084885266,425.55464460510285,6.176898379525488,70.68147375220559,354.8731708528973,CONTROL,1,1250,2020-04-06
-0.29434240615411333,7.328644096484815,8.927243630623138,0.42305511321005795,6.521389855300708,0.9321955215729113,270.83256756447986,1.7993835029617502,18.363660984778814,252.46890657970104,CONTROL,1,1250,2022-04-25
17.821194877212232,9.789290858661648,-3.1056459866429798,-4.009760927126127,26.507315371855356,0.9215569818773234,234.93701454089097,3.9699075598615665,18.429168489318638,216.50784605157233,ENTRADA,1,1270,2026-07-08
0.0,0.0,0.0,0.0,0.0,0.13959454244136962,127.02307950729491,0.0,109.29135084398037,17.73172866331455,CONTROL,1,1270,2014-01-29
0.0,0.0,0.0,0.0,-11.994002998501063,0.7910176006473809,174.5810302505866,0.0,36.48436258321976,138.09666766736683,CONTROL,1,1270,2012-09-13
-0.9823382062634778,-1.5976410415941,-3.162976591286615,0.5546044567616981,22.026202858218547,0.8021604328764963,138.88478245927945,0.8652006821623314,27.476905241785822,111.40787721749363,CONTROL,1,1270,2024-04-03
9.612387565436364,11.468165309140854,11.562082196805434,12.62671061548426,,0.7699964531246501,45.15057796630895,3.741097009180881,10.384793075723076,34.76578489058587,ENTRADA,1,110,2026-07-09
0.9875592570329772,2.751741958388898,4.240929308940711,5.090103741824947,,0.7543431880524071,9.126371737342824,0.8472453014129075,2.2419553856442533,6.884416351698571,CONTROL,1,110,2014-05-02
-1.387625882861565,-4.575066167995523,-5.6668907764356735,0.8348146157688419,,0.4611163670765857,15.50659738234937,0.9528279748242162,8.356251531681133,7.150345850668234,CONTROL,1,110,2022-08-17
0.0,0.0,0.0,0.0,,,0.0,0.0,0.0,0.0,CONTROL,1,110,2017-04-28
5.046533284467358,11.044264895592182,18.47106041318547,34.04907812639024,17.245625671264975,0.9268130562780256,157.1422901214181,2.3554328750179185,11.50076394345841,145.64152617795972,ENTRADA,1,710,2026-07-09
2.3241819794961316,9.845116412046107,16.588361100762228,-9.08036989881178,-7.393986612248549,0.51188433428663,65.46554280337777,3.4641781201481066,31.95475700675786,33.51078579661991,CONTROL,1,710,2016-09-16
51.6813793309856,40.13990537091949,-11.625706329250196,218.00098462763984,457.9455787127129,0.9642309998001739,609.5577089649191,22.264676609398453,21.803269813771752,587.7544391511473,CONTROL,1,710,2020-03-17
-10.79438474156702,-22.439658704185295,-30.825024221500243,-58.665280713909866,-39.92791198540458,0.04379986058399322,74.09288439162793,3.770146426320047,70.8476263850087,3.2452580066192307,CONTROL,1,710,2014-01-28
-1.680939628095901,5.970774714079141,-1.430028753636181,-1.534632538933156,-12.576675448520147,0.9043998281584413,176.9929666570933,2.7315460624909824,16.920558027165377,160.0724086299279,ENTRADA,1,925,2026-07-09
2.890246848912259,2.6282220933238065,0.9603196781982071,-3.010715792006735,25.230184962721225,0.14513614444726705,240.76394300473808,3.4005022228165895,205.82039259510884,34.94355040962924,CONTROL,1,925,2023-01-18
8.771133815408394,14.178252451173545,-0.8374559205726051,1.502454984854129,-17.745277502857483,0.16127007785993852,135.57021034134647,3.1173152385338105,113.70679196410927,21.863418377237185,CONTROL,1,925,2014-06-12
5.813717466360835,8.601256012554792,1.4241653085211858,16.067176824734464,14.036044142886617,0.9817415364865646,164.992175003992,1.7106145041042378,3.012503607312746,161.97967139667924,CONTROL,1,925,2021-04-23
10.752098669779553,11.611059052487605,34.70711715451769,28.0042396036273,35.45393650330686,0.9835657048930161,114.3249317310456,2.875400717111843,1.878849666153797,112.44608206489181,ENTRADA,1,740,2026-07-10
1.8797156149052974,-6.993639199860402,-1.1930223043976618,14.701432705901407,25.500263627649122,0.8886509635974339,79.71500605117092,1.838122629043002,8.87618911062261,70.83881694054831,CONTROL,1,740,2017-07-18
4.9135414378165265,6.315067649740325,13.702168888276578,53.3629497799204,87.00856078143416,0.9945001617599476,157.03756222879528,3.1714792658627355,0.8636811898705438,156.17388103892475,CONTROL,1,740,2014-02-07
-4.722581650626889,5.359573828693787,-16.158844576044107,-9.006569630478634,-11.207573524469883,0.09997900545857376,136.80826265774792,2.3489994064553237,123.13030861871093,13.67795403903697,CONTROL,1,740,2016-12-30
-9.576868509569847,-17.87371559600959,2.8598086829645375,-18.812453004631855,-70.60048617525183,0.15296885556612289,114.1501152537176,3.3808327294985463,96.6887027606154,17.46141249310221,ENTRADA,-1,805,2026-07-13
-4.348810084704446,-1.1073975288766746,-11.932221358279538,-7.70512050581873,-10.43494284192592,0.14792562835508097,53.162858384834735,1.875701951089414,45.29870915310587,7.864149231728861,CONTROL,-1,805,2017-02-16
2.0566749039785392,-1.0409229838292955,3.2962515079493215,9.352209640371978,36.0580378987585,0.8119098385622938,169.47302046813851,3.2447814869562763,31.87620777918785,137.59681268895065,CONTROL,-1,805,2022-12-08
-4.182771805010255,-0.9361123228712742,-8.385345583081794,-0.42273078037502465,-3.0511336918326304,0.5800864869516659,73.9640403738238,2.5650709352435572,31.05850003262118,42.90554034120264,CONTROL,-1,805,2024-05-28
-12.198877528578622,-5.370574781241588,-4.335830823789522,-19.99002118325155,-35.80791647717297,0.061658086850459856,114.26921960134634,4.161662221633029,107.22359813483226,7.045621466514083,ENTRADA,-1,860,2026-07-13
-8.521566462842411,-1.614029864931421,-11.358862107176959,-21.182951974569875,0.4574032054094346,0.3427816650007168,125.60973094262856,3.0418069510500256,82.5530182298223,43.056712712806274,CONTROL,-1,860,2020-08-14
7.139142915295604,21.00795585688653,44.60241855404501,45.924643158545834,46.381626147711245,0.9511251400061075,142.98674129562212,7.968932460242473,6.988456961806455,135.99828433381566,CONTROL,-1,860,2018-02-21
-22.793083514962564,-36.9827484995211,-74.52853678268201,-60.3398553618173,-31.43238033536111,0.1830137227304703,405.9456322813903,6.668461789484938,331.65201089139845,74.29362138999183,CONTROL,-1,860,2020-09-08
0.0,-3.490268130253993,-2.6588545068184644,-0.9327085963639625,-9.59195176524874,0.14244156886347423,136.34955024241302,3.646340690340419,116.92770639205459,19.421843850358414,ENTRADA,-1,980,2026-07-13
0.0,5.480546049487778,31.577748598756727,-10.20445572772366,-78.09674023031232,0.11713141488068386,356.4315054932438,4.834046255317373,314.68217894676786,41.74932654647588,CONTROL,-1,980,2021-03-18
0.0,-1.6004060129126696,-6.150832596184541,1.5259090119790208,11.717293865283196,0.840563402141862,74.32840685083396,1.782536171557571,11.850668312512488,62.477738538321475,CONTROL,-1,980,2013-11-27
0.0,-0.680502410088657,17.53417624029252,48.33505437371821,149.3382748617278,0.994331788123118,259.21787582235373,2.860323702184618,1.4693018424363884,257.74857397991735,CONTROL,-1,980,2013-12-18
-5.462082813457725,12.874589192977126,-0.9177343731026077,-4.6986961923700665,-42.157108985590995,0.11779553715525781,167.67715888359277,3.830502617677643,147.92553788423245,19.75162099936032,ENTRADA,-1,1415,2026-07-13
2.1758124449644534,9.469417749883302,23.155140577482136,-2.480630691858998,-24.198598041057508,0.08016357627023402,404.4997796336145,3.1209777453198924,372.0736306976624,32.42614893595211,CONTROL,-1,1415,2020-04-30
-4.331399452406348,1.187081817652924,-0.13188058495594568,2.985513662652206,16.7566764661653,0.9078104564204047,280.8999304399237,1.345711162104444,25.896036378796627,255.00389406112708,CONTROL,-1,1415,2023-02-07
-12.207411658805567,-23.726054208268454,-15.979059140447394,-45.46058871965242,-27.076004213066884,0.8457560585760272,477.4790346041269,3.003064424422818,73.64824824465406,403.8307863594729,CONTROL,-1,1415,2020-04-16
7.43362062354036,-2.1957012210105376,2.04987650472388,20.979340789613055,-3.0429010608679086,0.8754869990638665,184.8420100512411,2.5310207719642737,23.01523337054697,161.8267766806941,ENTRADA,1,820,2026-07-14
-4.899063972589879,4.5972361416324325,17.937783970156662,18.415878443234224,62.40743729085896,0.6271489361702094,179.9756764787874,3.6880472249820486,67.1041224386021,112.87155404018529,CONTROL,1,820,2019-01-08
10.440651100858123,13.701355264692516,21.621650923313585,28.078176072452443,64.12304180864803,0.9863059335110121,140.22399154997447,2.500291594506453,1.9202366636366162,138.30375488633783,CONTROL,1,820,2014-09-16
4.767371471225967,26.024746109791774,5.1029472180386115,23.812707665931132,17.356446852310192,0.9090771386374891,122.10770466461952,4.119040615638437,11.10238190251563,111.0053227621039,CONTROL,1,820,2015-03-26
0.703580801910686,14.66394842747576,8.669802347989197,40.459994298931434,33.6476040388467,0.9597535761926568,184.55454782302016,1.8448268790642313,7.427660547257869,177.1268872757623,ENTRADA,1,1200,2026-07-14
-0.13215230288743385,-1.5239444262404866,-4.253550349531121,-0.6607265878144641,20.773630114612196,0.3149735316359936,139.80136365358396,1.5372991948476478,95.76763441608678,44.033729237497184,CONTROL,1,1200,2020-09-29
-73.90553960394008,-58.02496595374351,-47.8113794207935,-39.44626667865436,-72.59054335755467,0.0,189.25983782213734,15.052772414212964,189.25983782213734,0.0,CONTROL,1,1200,2012-07-24
-1.4850762338014523,-4.667247854974743,-6.010553316005973,15.403743556363647,9.726725680427872,0.34537150390808374,143.51562186937997,1.3964011643614505,93.94941571004834,49.566206159331635,CONTROL,1,1200,2021-09-29
6.160003986594997,4.942321163317054,0.03727591382896023,1.7388310084665015,24.237147081198618,0.9858687408220217,208.1029273471984,1.7749346258176462,2.9407564020392556,205.16217094515915,ENTRADA,1,1400,2026-07-14
0.0,0.0,0.0,0.0,0.0,1.0,114.40131982996351,0.0,0.0,114.40131982996351,CONTROL,1,1400,2017-08-21
0.0,0.0,0.0,0.0,0.0,0.0,566.3924687373393,0.0,566.3924687373393,0.0,CONTROL,1,1400,2011-09-21
2.4149241987148073,3.217968347177802,0.5022607066273999,6.2243701499897774,7.736467977141892,0.6307797537619702,119.97847609116928,1.0340752223516878,44.298482485645096,75.67999360552419,CONTROL,1,1400,2023-03-08
-15.958239748169456,-8.835436280880682,-24.15324584084444,-19.80950799817416,-45.247275432328536,0.02777492795120618,109.82599079564501,2.9385739251135474,106.77558181412614,3.0504089815188733,ENTRADA,-1,425,2026-07-16
-0.6417820415038911,-0.6320022366457234,-0.34698237809216437,5.229074324293315,18.509670762851815,0.8819986908138612,32.01896815876703,0.6568013571462092,3.778280161523801,28.240687997243235,CONTROL,-1,425,2024-12-10
0.0,0.0,0.0,0.0,0.0,,0.0,0.0,0.0,0.0,CONTROL,-1,425,2013-04-12
-13.201306851773342,-15.761073051782093,-21.954177367353722,-28.43150337995315,-30.062394460966814,0.047124386981731166,64.55404465770035,2.3258661778594294,61.511974876014925,3.0420697816854267,CONTROL,-1,425,2014-04-11
-8.179417498922481,-5.318860388757729,-19.86726363453095,-22.288674235753092,-48.60702839431741,0.0704709147628261,119.12936453374458,3.8254854050862925,110.73420923993741,8.395155293807154,ENTRADA,-1,450,2026-07-16
1.835438153681146,-7.047801237634044,-2.659901602332093,-4.18187880788623,-12.697255417860598,0.22471266562297718,37.664160492555446,1.397061511262675,29.200546589821684,8.463613902733758,CONTROL,-1,450,2021-04-22
0.0,0.0,0.0,0.0,0.0,0.7258064516129453,6.8938592763176505,0.0,1.8902517370545497,5.0036075392631005,CONTROL,-1,450,2020-03-09
-1.5584608729468652,-2.673575369447345,-4.569366680881037,6.6489495038579705,-6.764648746726554,0.7227868178346935,113.71634842017669,1.45011200812189,31.523670809775904,82.19267761040079,CONTROL,-1,450,2016-04-11
-12.057588299784205,9.329610031414415,-15.989920311823003,-24.534725563574167,-44.295631477520025,0.10896823999332625,147.73128399183935,5.250651340993498,131.63326598329434,16.098018008544983,ENTRADA,-1,485,2026-07-16
-1.8034143072942488,-2.3871797197372313,0.38631328532101605,12.113093812828879,13.782750499395924,0.6454150769635675,57.800272644517385,1.4296155529116326,20.495105227141014,37.30516741737637,CONTROL,-1,485,2021-03-16
-1.6161292197458543,-5.981095723264218,1.0515287668000362,5.471687329450248,11.83149167311548,0.8635012560645898,54.35720943322926,1.3239600862646344,7.419690811469826,46.93751862175944,CONTROL,-1,485,2026-05-08
-6.874179999146746,2.72189541710377,-7.91562890878672,-26.382960088474626,-29.583466184551767,0.5588480428635167,95.47487596188098,2.1716452648472866,42.11892838794677,53.35594757393421,CONTROL,-1,485,2021-06-21
-12.695751115369136,-1.5913027510860989,-10.519916990717748,-24.109740936928414,-45.402224890475075,0.03773759765715635,147.88690529727657,3.632555771071833,142.30600876640597,5.580896530870607,ENTRADA,-1,520,2026-07-16
2.2838684385351193,2.1641057343035897,-13.35192108485761,-24.383296756178563,-6.635035602118311,0.350813846859204,38.679454000755086,1.5939384775205503,25.11016594833656,13.56928805241852,CONTROL,-1,520,2015-06-26
0.0,0.0,0.0,0.0,0.0,,0.0,0.0,0.0,0.0,CONTROL,-1,520,2012-12-26
10.252441989626604,65.34425066198946,64.23096169993147,76.75817012096964,70.42422968990269,0.9450349693440661,103.0083606251531,9.470923723105281,5.661857699579035,97.34650292557407,CONTROL,-1,520,2025-06-11
-12.324746725785873,-17.259022625107924,-1.4623222784404533,-1.7643562374780597,-24.54595570851925,0.051323432059332375,183.8038437581051,4.186025943507558,174.37039967074185,9.43344408736325,ENTRADA,-1,795,2026-07-16
-3.760137351146442,-3.387534945406001,29.56146687702832,45.19917047034916,100.0206873762144,0.9385423692711847,178.02276737336612,3.917634974852448,10.940857498554122,167.081909874812,CONTROL,-1,795,2021-12-06
6.410444726536735,3.576837550054446,-1.2792497045976958,-3.90779096129501,6.169092506393969,0.5394634827105175,39.8595982889227,2.760949696859073,18.356800576538276,21.502797712384424,CONTROL,-1,795,2013-09-19
13.905588796954138,10.557675791020849,23.079759596995597,37.04788402401738,37.04788402401738,0.820462604412402,118.4745693891212,3.108518047906473,21.270615631484972,97.20395375763624,CONTROL,-1,795,2017-06-15
-8.663354885899421,-7.8997068137642845,3.436066250304126,-15.097143390998546,-24.20270199916974,0.04552611998408285,198.94317184561154,4.411481977504373,189.88606113415423,9.057110711457325,ENTRADA,-1,875,2026-07-16
4.406849289488868,-4.701334656672662,2.4270213353849712,0.07466001694877988,11.024410661164552,0.9139754215490083,130.61672446553249,3.158008079938253,11.23624866079676,119.38047580473572,CONTROL,-1,875,2012-03-13
-10.505576044725906,-14.246132720105997,-12.967625108668557,-25.11087510611243,-21.11463436267669,0.6164034523918804,93.08131324904572,2.0295010607201807,35.705670409163865,57.37564283988186,CONTROL,-1,875,2016-11-04
1.447651308781328,3.1542034272513675,3.8989513236131756,2.516229371840595,-2.6604526581874843,0.805875970762908,71.80623306149792,1.7804542332942903,13.939315286235665,57.86691777526224,CONTROL,-1,875,2016-10-06
-4.609716065763214,-4.302464759415869,1.638212512593551,-13.272366834830018,-37.83001453858126,0.04911985805668399,251.89333029474795,3.405680038885787,239.5203656652445,12.372964629503436,ENTRADA,-1,1200,2026-07-16
1.8295119930233916,7.577522346762233,5.856522567231348,11.286512944770344,9.51640484151639,0.7322522415884948,230.47498115749445,0.9280917390925453,61.709159574853054,168.76582158264142,CONTROL,-1,1200,2023-10-23
10.23695822200077,14.674582128255675,7.027034960389589,15.802436602183612,37.09646553120116,1.0,212.89408761359266,3.7174199218184367,0.0,212.89408761359266,CONTROL,-1,1200,2015-07-13
0.518628497185869,-9.552681439727317,-6.027276023327088,-12.18724143340899,-15.989566493107565,0.7246061539448766,245.6421899584071,1.3264168265479508,67.64834744604894,177.99384251235813,CONTROL,-1,1200,2020-12-21
-8.602702876194801,-9.633354413260964,1.6260367284548494,-4.332128562604121,-34.94235822100067,0.04334985056339615,275.05787111678194,3.6818427302908194,263.13415350758356,11.923717609198377,ENTRADA,-1,1275,2026-07-16
3.984900046829498,1.3550653677674163,10.11132334674647,10.127225252969385,10.15008433168152,0.878617269165173,152.38750055110347,1.0807810956031463,18.497210961986642,133.8902895891168,CONTROL,-1,1275,2025-03-24
2.508706177981601,5.018671393157703,0.1243690000585218,0.06448724350072155,4.698229212294347,0.12436951564982271,99.99834176728886,2.9402930529989213,87.5615964359057,12.436745331383152,CONTROL,-1,1275,2015-04-07
-0.874180574486072,1.4337698139588184,4.245477703841427,10.216880524329675,12.358024417835622,0.9079357416212155,166.84145018963753,0.7388391702970075,15.36013437854989,151.48131581108765,CONTROL,-1,1275,2024-12-16
1.827815478712136,-5.02954872882988,9.090843107022462,14.519811618760592,32.3759934358292,0.8681583657208761,92.66756984799176,1.777988677782566,12.217443853434093,80.45012599455767,ENTRADA,1,450,2026-07-20
0.0,0.0,0.0,0.0,0.0,,0.0,0.0,0.0,0.0,CONTROL,1,450,2012-07-27
7.544390507894239,3.3108148562521755,-8.00882116206103,-9.245316676974591,-13.064614997678747,0.49382716049383596,42.004282531582966,2.177760039656526,21.261426960430516,20.74285557115245,CONTROL,1,450,2025-06-11
-1.0718358038774856,1.7650388294265795,12.588440215184349,12.78565403373122,2.5322693239515637,0.9299019607842982,23.263610922949137,1.0205033884879011,1.6307335107757173,21.63287741217342,CONTROL,1,450,2014-04-17
9.556486406696596,-9.34621153443449,-10.302906416609359,25.634995932775073,28.128537648151042,0.7227370289831259,147.36277340481075,3.0462463841244145,40.858240371504245,106.50453303330653,ENTRADA,1,760,2026-07-20
-6.868524466971948,2.308948634599517,-0.015826526795770235,-4.436248420871536,-0.05878398986358668,0.17724307745474988,52.33840694903272,1.9927470914430787,43.06178663230709,9.276620316725625,CONTROL,1,760,2015-07-03
0.7730059902288922,-0.33197700547660247,-1.1219936292006238,-4.1172990627469375,18.256678538972615,0.4780643396584978,84.24645338167517,2.428279514798827,43.97122827719421,40.27522510448096,CONTROL,1,760,2025-12-10
5.7174696009076875,6.920062353403811,20.4600409200828,22.799484914037826,9.909575126965109,0.9419488597097353,52.66529331693172,2.099717778721093,3.0572803307691445,49.60801298616257,CONTROL,1,760,2012-03-21
2.353629320446249,4.724171862735549,24.25158305073838,34.5020227907078,27.908496124575688,0.9580706179066824,102.350374005131,3.7637315973854375,4.291487939055107,98.0588860660759,ENTRADA,1,690,2026-07-21
-2.859373696934009,15.445263896283201,31.65851804253217,-51.06904647520061,-51.61134790431565,0.23031640588936558,243.89204355833058,8.46126688336357,187.7197046609633,56.17233889736729,CONTROL,1,690,2025-04-03
-1.6790649798148483,0.8397439876151047,9.391249693961878,32.891604216571665,5.44258438745171,0.9079545454545277,64.25327472655984,2.528130970388141,5.914221878241307,58.33905284831853,CONTROL,1,690,2012-04-27
-1.9119611100903988,-19.61575891392231,-33.77355978162133,-36.665355179444916,-59.12816493773065,0.07707307060755161,110.0957858194042,2.9168814884396945,101.6103655453514,8.48542027405282,CONTROL,1,690,2014-01-10
-12.574988982517743,-14.414753929496982,-2.476371891314555,-18.237650799864944,-52.13274472837482,0.09942388591213884,84.2927174067595,3.4283365129076473,75.91200788808568,8.380709518673815,ENTRADA,-1,530,2026-07-22
-2.3927076527852087,-8.773511015541802,8.47066403390384,8.788932975596353,8.309138294422258,0.6844083543136578,45.025281916923355,3.25316510639861,14.20960281765335,30.815679099270003,CONTROL,-1,530,2017-11-03
0.6703127083951266,-5.546989165027272,-6.116365321423567,2.9513018280091785,3.0578569723749283,0.8214679573581717,51.12201260241274,0.9801881502766292,9.126917333870033,41.995095268542705,CONTROL,-1,530,2023-11-27
-4.2544715328662885,-12.970717244951135,-6.238190633277574,-12.520548296689471,4.508275011720908,0.8154807660171741,103.87620259070908,3.188056171621753,19.16715733108248,84.70904525962659,CONTROL,-1,530,2013-06-26
-7.160793964606782,-11.868963071619554,10.38736262301887,-10.978739740367116,-18.591491234147828,0.14037378271608383,261.80911722777245,3.761404969310665,225.0579810929514,36.75113613482105,ENTRADA,-1,940,2026-07-23
14.575662815701218,40.35262734181089,27.232161296433244,38.417556010355014,28.28672650996955,0.9099376018196955,154.03379340352944,7.289102654693373,13.872652834731424,140.161140568798,CONTROL,-1,940,2015-09-02
3.6035257494204664,11.875687827975767,-1.4395762773333765,-11.038141189193551,3.7670062327332943,0.3604890984089512,56.38413867995116,2.191358745566858,36.058271362650295,20.32586731730087,CONTROL,-1,940,2014-05-13
-17.975392857174644,-31.855759528403027,-62.47457558320679,-153.48821756069663,-58.97452646483114,0.04829517048295087,266.4136581952641,10.595032999558908,253.54716515373718,12.86649304152688,CONTROL,-1,940,2020-09-16
-8.269572057306718,-3.723476310218965,-4.976345358297385,-17.907922893141137,-55.790849711696566,0.12528249062851404,261.9125998875701,2.4829185120082196,229.09953704666583,32.81306284090425,ENTRADA,-1,1415,2026-07-23
6.063457612712764,4.218599318803751,11.79976840866237,11.741485840865984,5.888812243266539,0.20780211887232622,112.63056532443777,1.4729678572529175,89.22569520023166,23.40487012420612,CONTROL,-1,1415,2014-10-22
1.6848056302820602,-0.25895129902919756,2.1886740649890157,13.483973519550219,31.550977799754687,0.8178053830227789,125.07671630891546,1.3389924778282034,22.78830442067139,102.28841188824408,CONTROL,-1,1415,2019-08-19
4.410928304894313,3.625877372690489,0.7303757668353228,6.3063865900225835,9.875858629420087,0.9478792531461623,246.63935035385785,2.112301803506608,12.855027143988421,233.78432320986943,CONTROL,-1,1415,2023-10-04
-1.9550545209268133,12.889199855059541,25.879855117196815,4.230416544943605,21.590953124439594,0.8920508063365187,325.2194546719797,5.426137731547901,35.107177895517324,290.11227677646235,ENTRADA,1,730,2026-07-30
-2.6400668926940263,-1.2047034593554162,8.2364720231487,10.138010351965487,24.420539559908416,0.9042485943374348,62.010504464335014,1.6762425237707759,5.937592968304851,56.07291149603016,CONTROL,1,730,2016-10-21
-4.430342813793731,20.688653656841804,29.86735468511359,25.18731545311015,-34.22596299735625,0.22852462462988893,261.3458231578408,5.390881641217306,201.62186702210593,59.7239561357349,CONTROL,1,730,2015-07-07
-17.314415332916333,-30.55987477198041,-33.70393085754375,-55.57016780533219,-86.15522389580299,0.014122952765249228,316.7867859381414,6.176229668334104,312.31282112368194,4.47396481445949,CONTROL,1,730,2021-12-16
4.959965001096744,21.046351161495558,-6.145143710212242,17.32425162257023,20.763304167692453,0.8731795676850618,325.4191739845297,4.57853229896132,41.26980032828816,284.1493736562415,ENTRADA,1,780,2026-07-30
-4.108367559031434,6.07811328106278,36.83100483580448,28.22273518990226,87.43932196533244,0.9509258533782528,289.28297577733986,3.1758825344537955,14.196315168472541,275.0866606088673,CONTROL,1,780,2022-08-03
3.065809011844056,-1.5313492718427302,-4.250889939713121,-4.5926412279695406,-2.03999374560615,0.3241758241758574,30.97202817433477,0.9229830451941614,20.93164541452192,10.04038275981285,CONTROL,1,780,2017-06-05
1.0963982799339078,8.01884513292439,9.829615295895433,2.8421045850279825,44.29609667768952,0.9240090759046186,130.73492235676375,2.3401870051951237,9.93466756142842,120.80025479533536,CONTROL,1,780,2025-01-03
6.275447653352195,7.067212402807055,8.590436266271428,10.56189352003356,11.057914749392772,0.9516845791571044,324.58994288933246,2.3752505203308414,15.68269969206956,308.9072431972629,ENTRADA,1,905,2026-07-30
-12.192158931468855,-17.949550933082925,-18.801124786314016,-24.932531324157736,0.9095840570738645,0.7036868973340793,96.59342441496014,2.75352606795279,28.621897285522934,67.9715271294372,CONTROL,1,905,2020-01-29
2.328507152036252,-9.081030154600711,-9.049291180458496,-11.204816051813005,25.104958809971656,0.5655105480921511,88.92599501202147,4.026571434600219,38.63740683313331,50.28858817888816,CONTROL,1,905,2015-06-30
-3.82364118492573,-22.46253365936535,-1.7009366831111095,-16.117574963370185,14.250258791079773,0.15978119022506754,118.80759558140049,4.13849930924544,99.82437655162586,18.98321902977465,CONTROL,1,905,2016-09-13
3.9921288313959913,-8.613590535389015,-14.027561780596276,16.108459750736603,16.108459750736603,0.9551143510315013,385.73408256810956,3.4194861284699263,17.313924625338064,368.42015794277154,ENTRADA,1,1115,2026-07-30
6.548922986384653,-10.681493597065606,-6.328203584488046,-48.027166382931256,-48.027166382931256,0.0447892845475222,146.12059603454995,1.967830690905827,139.57595908050493,6.544636954045001,CONTROL,1,1115,2015-02-04
2.146881587403726,1.8784709782959652,-1.1924628301007711,-2.4127995596612273,-2.4127995596612273,0.6497298875748305,91.88022435463134,0.7973262275416212,32.18289651434652,59.69732784028483,CONTROL,1,1115,2018-09-10
4.600212878815846,0.48258226183373054,3.6274013345116707,6.346228570872636,6.346228570872636,0.2630474106165821,308.692975919824,1.1114905245077713,227.49208792858735,81.20088799123663,CONTROL,1,1115,2022-04-06
3.5152880347322224,8.430143308895133,-0.1181596444344013,2.96410251038548,26.64287879586613,0.9716575403419881,389.5811962340742,2.002915458496632,11.041689337784254,378.5395068962899,ENTRADA,1,1180,2026-07-30
0.0,0.0,0.0,7.096527737557867,30.45073320792735,0.3118292504790253,172.26368343304657,0.0,118.54682814336357,53.716855289683004,CONTROL,1,1180,2018-01-16
1.4745403375826527,1.5639203947936942,-0.6688255863052106,-2.035555345122342,4.789055208165305,0.6501934092878753,60.38852302774388,0.6113410925326904,21.12430335847572,39.26421966926816,CONTROL,1,1180,2021-09-07
-0.4208362065927229,-1.245572431846087,-1.3549659966660688,-12.082408888657303,-11.25106135544618,0.5758156732513947,49.17088832245818,1.0857911899264983,20.85752015869278,28.313368163765393,CONTROL,1,1180,2022-11-24
2.278296696016646,3.0107520882416416,16.201775920789974,16.764879952724243,83.77598450368228,0.9849708192549039,174.77534397267732,2.145344700302107,2.6267302343516965,172.14861373832562,ENTRADA,1,730,2026-08-03
4.2965364746749835,6.245964077851163,18.703402425888083,9.445154596063876,16.050286596418495,0.4823473534223478,127.15641312487277,3.223574259686488,65.8228537834117,61.33355934146107,CONTROL,1,730,2023-06-23
9.937986699344314,18.442868914028132,8.182614686924605,14.720060837467575,-11.455807352750424,0.6673787850640928,92.15850369747197,3.1869157573728537,30.653873466528427,61.50463023094355,CONTROL,1,730,2026-05-29
-1.4303735714304988,-0.9974076062790882,-14.114048314415317,-23.316908762620603,7.944499745007327,0.5994760363692456,93.67327874809008,2.2303834072046995,37.51839289047355,56.15488585761654,CONTROL,1,730,2018-05-17
0.6722914358481269,34.128140278328885,48.14377774117862,57.346190341232,24.65468158156847,0.9909456616847081,253.3292874068814,3.4605719770299403,2.293729073353729,251.0355583335277,ENTRADA,1,1320,2026-08-03
0.0,0.0,0.0,0.0,0.0,0.026356899659519723,116.15496137318144,0.0,113.09347671131312,3.0614846618683327,CONTROL,1,1320,2016-05-05
0.0,0.0,0.0,0.0,0.0,0.8578233182103456,201.99914797227692,0.0,28.71956858303573,173.2795793892412,CONTROL,1,1320,2016-09-15
0.0,0.0,0.0,0.0,0.0,1.0,151.1091555540607,0.0,0.0,151.1091555540607,CONTROL,1,1320,2016-11-21
5.738770607317534,0.8738231582205991,8.16694690198183,-17.925696649031543,32.176847608054175,0.9175363135888788,253.80127498436943,2.627241460130614,20.92938875105379,232.87188623331565,ENTRADA,1,1375,2026-08-03
2.0760081957660326,5.841226139537969,8.20160254931368,5.1555639728029234,4.318466571153756,0.9973215387055225,180.0630170472038,0.4661075001378192,0.48229182172777446,179.58072522547602,CONTROL,1,1375,2025-02-13
-0.18116900732279007,4.653047459892701,2.1578460833415747,4.848708605016405,5.144600971440649,0.7640915824520774,162.52823069525843,1.416034791899881,38.3417777101821,124.1864529850763,CONTROL,1,1375,2015-01-21
0.0,0.0,0.0,0.0,1.1764386737733723,0.7781305155064502,34.499800147569665,0.0,7.654452873871776,26.84534727369789,CONTROL,1,1375,2025-11-27
1.6117760503675527,-1.020282312013121,4.717860362817294,5.571064357330346,33.902433876942254,0.9073349315464125,95.19115834651429,2.0514247838236206,8.820895204356034,86.37026314215825,ENTRADA,1,525,2026-08-04
-8.10607108159167,-14.793714022506288,-18.166276219490072,10.719244539634243,19.624242239579814,0.6411628008944574,58.77545929360759,3.073677064140787,21.09082118905998,37.68463810454761,CONTROL,1,525,2014-08-07
2.8040384135952223,2.095401868087432,14.146424079530817,46.618727015101946,58.07667498410218,0.9349689624593608,106.49525851346228,3.992874141994748,6.925497154289037,99.56976135917324,CONTROL,1,525,2022-06-01
-3.8675436091251125,32.99535108883367,36.650913771572036,40.04907350681597,56.98856718547418,0.8852597119902221,72.20017215962538,4.0285660442395415,8.284268547950965,63.91590361167441,CONTROL,1,525,2025-09-26
6.906024122823595,8.318018948940686,-2.256188791422975,20.441442274241606,61.9764799759337,0.9579946588663685,311.81579129600016,3.854600663244091,13.09792868424175,298.71786261175845,ENTRADA,1,855,2026-08-04
-2.7321661767920613,2.317881523623555,-6.4701346553908134,-18.105880178900247,-22.862135253683967,0.5839504563233409,99.29626523055275,5.0525132151593555,41.31216583796799,57.98409939258477,CONTROL,1,855,2019-08-21
0.07292332598440865,-41.960411737296255,-48.64479142729472,-69.68699988655236,-45.586747903348936,0.5108312117557697,272.1114065834692,7.155826070207062,133.1084070258687,139.00299955760048,CONTROL,1,855,2020-04-09
-7.94867655651732,-13.456208076269016,-12.40868402558215,-17.90239514239733,40.94152493905101,0.6215659906139369,271.4010534713771,3.905120630040485,102.70738881677454,168.6936646546026,CONTROL,1,855,2021-01-25
4.105420811344462,-9.693447571563762,-0.7503200442315894,13.290740925020472,30.73538375314655,0.9663008711213507,326.4422485183345,2.224171119838435,11.000819404255443,315.441429114079,ENTRADA,1,935,2026-08-04
4.576734529604387,11.058621477360031,8.959455603059219,22.05561601945849,24.27514475068726,0.8108253152911291,57.346783055847865,1.3748787265335187,10.848559603658043,46.498223452189826,CONTROL,1,935,2015-06-23
-29.83698090839093,-54.59285193075036,-73.53318968457035,-108.3977700137917,-172.373488847678,0.025139317432570203,708.1692491023164,4.629251892252499,690.3663575531484,17.802891549168013,CONTROL,1,935,2022-09-13
-10.988988787425935,-5.002001171086068,10.97096406629694,24.886427352164286,14.25308863336916,0.7821398545162167,138.32839911310433,3.481906746762153,30.13624515531975,108.19215395778457,CONTROL,1,935,2026-08-07
11.846493325036178,14.352220875730737,-2.8569192287974943,-5.566328547467192,24.444027196137696,0.9570263797755377,329.86602349708795,4.549591355206698,14.175537218717421,315.6904862783705,ENTRADA,1,970,2026-08-04
-1.484976513631553,22.184850870086148,18.583977712112176,24.9170320726666,36.003906442465535,0.5252051197899583,113.04068561939687,3.660916572632215,53.67113878752251,59.369546831874345,CONTROL,1,970,2019-10-31
0.6753688140559433,10.121210297593386,-2.9632648144028995,-21.11813105885263,-26.06728448913853,0.24882281610734394,85.59350934871047,2.6786288871781934,64.29589131205407,21.29761803665641,CONTROL,1,970,2018-08-23
0.7349261190703338,1.9070588259428867,-7.73334372384249,-17.144055470602602,-2.1842777146285908,0.8485356440395021,195.8983675842213,1.9403269870037727,29.671620079856964,166.2267475043643,CONTROL,1,970,2023-11-03
0.6985002144910268,2.3950720417764693,10.471591744527498,1.4902293497587316,10.037784516887527,0.922128824171807,330.2461869862712,1.5597099247842967,25.716658893398243,304.52952809287297,ENTRADA,1,1390,2026-08-04
3.1179663293423587,3.6710767778402875,3.431137654004157,9.559529440452685,15.558936757114061,0.15725239233424773,273.8502276419453,1.2983107288320093,230.7866242039711,43.06360343797424,CONTROL,1,1390,2025-05-29
0.0,0.0,0.0,0.0,0.0,0.7874973228946162,97.9510988060684,0.0,20.814870721703503,77.1362280843649,CONTROL,1,1390,2016-03-09
0.0,0.0,0.0,0.0,0.0,0.0,270.325783627257,0.0,270.325783627257,0.0,CONTROL,1,1390,2015-12-17
-8.850039786034714,0.4435950043024661,-16.080789461760947,-28.615026338610903,-37.951116233557734,0.03345743029905154,209.65202878306374,3.574148093406453,202.63761064299965,7.014418140064102,ENTRADA,-1,1305,2026-08-05
-4.3857373933631205,-3.9520509635371237,-1.7736217166786084,7.110233164657753,2.8976396978519503,0.16739053043787605,397.5787656045052,1.2840421174576675,331.0278451391311,66.55092046537412,CONTROL,-1,1305,2020-07-23
0.0,0.0,0.0,0.0,3.741694571897103,0.6983627204030184,59.99584411659011,0.0,18.096983206452816,41.8988609101373,CONTROL,-1,1305,2012-03-12
0.0,0.0,0.0,0.0,-20.602468559847154,0.0,107.59895298345653,0.0,107.59895298345653,0.0,CONTROL,-1,1305,2017-06-20
-5.112868446356389,9.784820860359034,23.288347921905928,49.539512365328605,30.601826238234597,0.895405197938374,138.11200779327925,3.2082380399648738,14.445798117471778,123.66620967580747,ENTRADA,1,700,2026-08-07
-3.7008141791194937,-21.395347510365646,-39.99026759694879,-54.010173645764326,-56.12933185072833,0.29141066004631855,103.06223529024933,3.5307557483114813,73.02880127846879,30.03343401178054,CONTROL,1,700,2018-12-04
2.823406335723533,20.22992749081798,7.433440969557559,17.398178392418195,-23.578428546424668,0.509119323405031,80.80090798887643,3.848427947208673,39.6636043830675,41.13730360580894,CONTROL,1,700,2018-11-28
-1.0760120890584979,0.07596254514741219,6.980710371531362,-0.8798153830846811,8.762287873278485,0.35247226112249475,58.762912505928945,2.8012930548556145,38.05061586482084,20.7122966411081,CONTROL,1,700,2023-11-17
-8.425445583282176,-2.99812363366736,-4.912312197902224,-18.850521113648043,-35.22641840326024,0.0540776426530868,88.07733008678505,2.369007397173934,83.31431570451392,4.763014382271133,ENTRADA,-1,765,2026-08-11
10.15589945878137,-3.1203877888830167,-5.121650103677711,-23.75687439459262,-28.66035696034497,0.12437951852127967,104.64595435402285,2.776454004126816,91.63014093626968,13.015813417753172,CONTROL,-1,765,2023-04-25
0.15779828527406892,2.5300830168761834,4.766762072596631,-2.333420061525482,14.483992723330896,0.9313877749704443,101.60400603486399,3.882697398793647,6.971276925968422,94.63272910889556,CONTROL,-1,765,2014-11-20
7.055349079052586,-11.761517684459877,-29.591831526509793,-58.767474643636184,-59.777942562543316,0.18601684103087765,105.32561175023216,3.8233929257905617,85.73327417280927,19.592337577422878,CONTROL,-1,765,2019-09-09
-8.483098953782076,-11.456309870884196,-2.1098412860454108,-2.760069066797266,-24.70459736815478,0.10343456160999973,104.84242448157465,1.9326710950324781,93.99809426719348,10.844330214381175,ENTRADA,-1,850,2026-08-11
-1.580569187783487,-6.670262263117621,-7.845676457879369,-10.062686228216045,-2.0885964592609607,0.5073995771670295,43.25695756350016,1.3200583222711484,21.308395586248036,21.94856197725212,CONTROL,-1,850,2019-04-16
10.205282214019729,0.04723732504485767,-7.5910706352733115,-24.25700954397425,-33.544919535670736,0.4654572899539059,103.08524963141213,2.891626662329877,55.10346870375316,47.98178092765896,CONTROL,-1,850,2014-03-31
0.0,0.0,0.0,0.0,-5.715254079594612,0.20935913705583975,51.11963267170619,0.0,40.41727048894627,10.70236218275992,CONTROL,-1,850,2023-02-20
4.771060278803141,6.58234719291606,0.04103499541718847,3.7577799891819197,8.913841450575166,0.9336443609106135,60.487353150397574,1.7963624275936039,4.013676975120047,56.473676175277525,ENTRADA,1,430,2026-08-12
3.566459224881857,-3.2934470666245996,-4.527541976937499,-12.900142889589183,-11.568794396763504,0.28629175235797283,43.86798601426048,1.6824812741358455,31.308943425822804,12.559042588437677,CONTROL,1,430,2013-09-25
0.16609744488693678,-1.7550010807065863,-5.793730148729859,1.0064899170170172,8.76115791216936,0.7979008510972199,38.07752702176946,1.1211827344073226,7.69543580342222,30.382091218347238,CONTROL,1,430,2025-08-26
9.872731160547321,26.132337230124758,25.766908206341643,52.16363247383615,38.948714748743285,0.9585610200364366,104.13045263317053,3.4169255241235144,4.315059740262745,99.8153928929078,CONTROL,1,430,2023-02-03
1.7255329445409195,-0.4062961885120675,1.3274867096146892,12.107392795810412,11.73811468021091,0.7270000932479525,111.54206203727202,1.669993279177409,30.45097253510637,81.09108950216566,ENTRADA,1,810,2026-08-12
1.4757315939384341,4.429732522146512,17.972030642374737,11.571566445411907,-1.3523714447993829,0.6568411790585162,83.84607439540771,1.2282336883415494,28.772520030100033,55.07355436530767,CONTROL,1,810,2019-11-01
-9.494575638238079,-17.421272969649905,-14.045287505304316,5.145101454790968,-66.25517832459016,0.4778107207514511,270.71051192506275,6.496839546295955,141.36212710715424,129.34838481790854,CONTROL,1,810,2022-04-12
0.6198571229343308,6.861449122548269,8.879031914110769,11.557465424563151,18.94027603123627,0.4128440366972558,80.22778337336342,1.005170716221602,47.106221430231095,33.121561943132335,CONTROL,1,810,2012-02-17
7.000777124850366,15.033922128377952,23.736950350543573,-0.7758561026938171,-15.71864185384686,0.8215134553235374,150.0826247805721,2.7140363302664317,26.787729113058365,123.29489566751374,ENTRADA,1,750,2026-08-13
2.9746548046793997,25.975854983844027,-5.436703183189229,-31.68189353804585,-43.67320968616362,0.2902004308937828,102.35783891507779,4.580841234413831,72.65354995656581,29.70428895851198,CONTROL,1,750,2023-07-10
-0.27924233137244237,-3.5740478049040014,-18.445700699137866,-11.291732223610573,18.06216515595871,0.6145180385070647,82.38392139355342,4.035934503064656,31.757515614266772,50.62640577928665,CONTROL,1,750,2024-09-13
0.7924301310735515,0.2521232378382976,-1.2964330086251419,14.355223245361426,20.17395070193606,0.8615702479338669,34.86416302597826,1.295119650298781,4.826237443679414,30.037925582298847,CONTROL,1,750,2012-08-17
2.6983569385108375,0.45708873813943285,2.9376397216140937,0.9619914842518007,,0.5635792102657188,7.702820456883472,0.7604005431526627,3.361670986974462,4.341149469909011,ENTRADA,1,90,2026-08-17
0.10699326400187559,0.7252213990960321,-3.6067107160719925,-3.0542862540061666,,0.3916469661151834,7.542944407666775,0.5343977865694185,4.5887731148285935,2.9541712928381814,CONTROL,1,90,2024-01-02
0.8049118842978764,2.0418584731229927,5.156174340865682,12.324965038139624,,0.933359466875707,15.916007404343903,0.6043169362696409,1.0606512186356716,14.855356185708231,CONTROL,1,90,2023-11-23
0.0,0.0,0.0,0.0,,,0.0,0.0,0.0,0.0,CONTROL,1,90,2012-05-17
-1.4301438435215807,-2.671182443428899,-3.8455840454509893,-1.5261836211022395,-1.5261836211022395,0.03162232472728072,91.55097067218783,1.2643363838382808,88.65591614849414,2.8950545236936773,ENTRADA,-1,1115,2026-08-17
4.961301539072593,-0.450783433819657,-2.1238843201698554,5.4249372502201965,5.4249372502201965,0.9703946322383711,194.1976122345429,1.219632104074492,5.749291728633857,188.44832050590907,CONTROL,-1,1115,2021-12-22
-4.212185006112756,-6.7597077780279236,-4.039669824914549,-16.96569069510212,-16.96569069510212,0.3011376586251562,144.17747243493235,1.230854103677936,100.76020595938382,43.41726647554852,CONTROL,-1,1115,2024-03-18
1.9518611769342442,4.391147858291422,3.4178683969265933,8.576473068069301,8.576473068069301,0.9815413891531864,152.30240859681828,0.7481644645204802,2.8112908913210566,149.49111770549723,CONTROL,-1,1115,2013-08-22
-3.635607993612844,7.277474464764122,1.2639384462986847,-10.707648340362308,-45.98646367321879,0.0634401664329814,162.3134944579027,2.382328022780311,152.0162993551745,10.29719510272815,ENTRADA,-1,1430,2026-08-17
0.0,0.0,0.0,0.0,0.0,0.17173495518565965,232.5425596057794,0.0,192.60687355312226,39.935686052657104,CONTROL,-1,1430,2012-04-19
2.5619759788475527,3.489609453810605,5.974909623320812,3.0075506953530784,-2.4786471324567128,0.6785999152521154,73.9795450310529,0.7393589626302619,23.77703204259035,50.20251298846255,CONTROL,-1,1430,2024-12-12
-0.920714574277337,-2.6376935528760193,-0.7639485278276847,-0.07126879188801283,5.410840606319134,0.9274382141908022,107.27455008225577,0.5927022338614614,7.784032925846702,99.49051715640907,CONTROL,-1,1430,2021-04-28
-4.8589551964794975,-11.519284926158058,-10.184070250465194,-7.866820367523619,-33.21639048038283,0.13582368725150942,138.54550757060687,1.8398541486819775,119.72774588023513,18.817761690371736,ENTRADA,-1,895,2026-08-18
-9.323466086098575,1.1875429901087031,3.446007283434138,30.477454457791264,55.842595914954444,0.8840616639062264,118.12317045659698,2.9985886645242443,13.69500383685904,104.42816661973794,CONTROL,-1,895,2018-05-01
6.311445058044818,5.551198810793689,6.378891836360534,-10.161215856463457,-7.9178603371432565,0.3673015431669674,88.0962903598865,2.452896525010868,55.73838696341495,32.35790339647154,CONTROL,-1,895,2024-01-04
-9.417297658503854,-4.992814014856961,30.674781498503112,14.213527934232584,-35.14424467293775,0.2989223356302731,181.5714524258047,5.765014223815966,127.29568978290216,54.27576264290255,CONTROL,-1,895,2015-09-03
8.090882490519036,12.29433824386561,1.1008554059244169,-0.1735300742666812,13.843263044117649,0.7185971000775603,128.6631126098475,3.054837602062631,36.2061730014585,92.45693960838896,ENTRADA,1,1220,2026-08-19
3.2989983023345992,0.6806732164466034,-2.8415754445276775,-6.196389335315633,-3.0425816964807506,0.9343962466701126,167.4994800396843,1.3949346576684811,10.98859457140785,156.51088546827646,CONTROL,1,1220,2023-06-14
3.3525901873265873,7.3309079031158575,9.618546530745231,8.145527052987322,2.5546554487965167,0.43849991398589855,138.6076497688283,1.4672115753237684,77.82820726740954,60.779442501418764,CONTROL,1,1220,2014-06-12
-3.9415046360791184,3.0078200357563922,5.848388314013686,10.106329978791795,2.8536808482471088,0.15187617916288737,84.79205771382072,1.0837333301770198,71.9141639648866,12.877893748934122,CONTROL,1,1220,2013-11-06
4.6870242847951715,9.725993207414518,5.616521125046958,-0.6043807514477528,8.969654126778082,0.8951613274047399,73.88805906559975,1.6987824595417922,7.7463260330776516,66.14173303252208,ENTRADA,1,510,2026-08-21
0.40835961019558553,0.6594710751217647,9.523848576626914,17.474257572409613,10.199142557687502,0.93560919540229,57.48517047788942,1.4128318756504525,3.701516379507826,53.7836540983816,CONTROL,1,510,2019-06-11
-3.44124630961562,-6.284846512202291,-6.197889785857225,4.725193354684354,10.164823395746314,0.8042892864012267,69.63890439880359,1.1061066758401592,13.629079674126606,56.00982472467699,CONTROL,1,510,2021-07-14
-18.08778473788464,-18.164103886003645,-18.578387470236102,-60.06084396253608,-54.65224218931031,0.012548708803919537,165.6783884956322,5.457058245027393,163.59933864329784,2.079049852334341,CONTROL,1,510,2020-05-11
-3.0890040337760993,0.25422841828826037,-5.953243221591409,-10.210039188035536,7.876829287933873,0.7095505683792885,87.50121515702786,2.2853496518195136,25.41467820848032,62.08653694854754,ENTRADA,1,450,2026-08-25
0.0,0.0,0.0,0.0,0.0,,0.0,0.0,0.0,0.0,CONTROL,1,450,2012-10-08
0.0,0.0,0.0,0.0,0.0,,0.0,0.0,0.0,0.0,CONTROL,1,450,2012-02-29
-2.7873200558825584,-6.555266858954134,-8.130397546310952,-11.216303605334765,-3.7498104849842395,0.1280093267268918,38.603557107950344,2.077815579824519,33.6619417532985,4.941615354651842,CONTROL,1,450,2016-07-04
4.0481389535518275,1.4528713225359091,4.124531046469926,9.707736288766533,27.19062805226713,0.7473420009035754,68.18672297950037,1.6666809998760692,17.22792099294276,50.95880198655762,ENTRADA,1,860,2026-08-26
4.959834459419277,-0.022784997186775513,-12.45764822228157,-11.415283865369164,-10.34346750359516,0.25684573705566466,133.9663236974266,3.058127419418392,99.5576445467233,34.408679150703286,CONTROL,1,860,2013-08-30
10.365148618134423,18.89822961768539,-4.13208316780711,42.97059070879294,18.630058180646447,0.1674145017156202,352.51536547500064,4.935552872022612,293.49918121690365,59.01618425809697,CONTROL,1,860,2019-08-14
-2.41519312996874,-4.785907668575229,9.375636604278537,16.76266355539191,31.448288392594836,0.5896164470407116,106.37606054519037,2.3254556248812976,43.6549856763476,62.72107486884277,CONTROL,1,860,2014-11-04
5.61448667384612,21.618216419299063,10.69084780094487,2.1474783488217852,21.575693942075258,0.9254342920892205,81.41251884529993,2.927116045919592,6.070582100499473,75.34193674480045,ENTRADA,1,970,2026-08-26
6.487664535990145,31.113945660579123,17.256888352725763,14.08730816401027,11.874910247771098,0.7618241455930572,130.34495694244495,5.540239275863465,31.045021487403,99.29993545504195,CONTROL,1,970,2018-07-31
-1.59288205743513,-10.891293209094322,-19.726093985870108,3.2908849365798076,18.36632157828255,0.8330991766749781,204.5734741957958,3.550505045538069,34.14348127373844,170.42999292205735,CONTROL,1,970,2022-07-29
-0.3674733061520552,9.163537940657385,28.356845145003362,37.18992105540497,79.23455674241131,0.9422860449213628,144.94381225785085,3.4664991466470316,8.365280669576029,136.5785315882748,CONTROL,1,970,2021-01-08
1.3637273949296258,4.368224053661329,0.33131662003249573,4.994798244348786,29.718378418235325,0.8080028583001491,177.48351898544072,1.5182166812609688,34.07632834403585,143.40719064140487,ENTRADA,1,1385,2026-08-26
0.0,0.0,-0.14273091823335804,-0.21069659011274666,-4.551788139397495,0.946137932753441,90.89823661362932,0.8070245067169228,4.895966933076932,86.00226968055239,CONTROL,1,1385,2015-02-19
-0.8986194320581564,-3.8958383163190113,-1.12276180066595,-9.638958186998225,-3.9351865384429363,0.7950282738928366,139.27708556635685,1.2207686537584765,28.54786463571126,110.72922093064558,CONTROL,1,1385,2025-12-11
-4.486875347513575,-7.220392991149627,9.80339016231735,-0.7692263410119526,27.39868372868104,0.764066979236437,311.4271356037602,2.3552393429680976,73.47594485073891,237.95119075302128,CONTROL,1,1385,2022-05-19
3.0433558661391302,3.8444934691295174,-1.971662947786168,-1.971662947786168,-1.971662947786168,0.7868638552755315,103.12312753549234,1.7594801897180452,21.979265834844515,81.14386170064783,ENTRADA,1,1105,2026-08-27
0.823618411576188,3.201546365076968,-12.2905948530605,-12.2905948530605,-12.2905948530605,0.5498879503533841,81.11064395083825,4.260602636139715,36.508878196868686,44.60176575396955,CONTROL,1,1105,2019-03-05
6.0345436899633675,5.7716397736573555,-5.020022786950129,-5.020022786950129,-5.020022786950129,0.8485232890970599,269.10612807277306,3.362664726679544,40.76331116428902,228.34281690848402,CONTROL,1,1105,2022-10-24
-5.757533626128408,-0.06827627996641716,47.79059606612846,47.79059606612846,47.79059606612846,0.3132107258177752,303.9595392002416,9.297687739472186,208.75615130809743,95.20338789214415,CONTROL,1,1105,2020-10-19
5.021060503000996,0.42768875947007956,4.002651266439283,17.679872414155806,10.63008210431482,0.8652191160608591,103.03986885312821,1.4633702183651267,13.887804604997774,89.15206424813044,ENTRADA,1,1265,2026-08-27
0.0,0.0,0.0,0.0,0.0,0.447861336315352,86.96163064200142,0.0,48.014878534512604,38.94675210748882,CONTROL,1,1265,2016-12-15
0.0,0.0,0.0,0.0,0.0,0.7100079041770353,67.68277940957142,0.0,19.62747105210502,48.0553083574664,CONTROL,1,1265,2016-12-08
0.0,0.0,0.0,0.0,0.0,0.22466199298948333,422.28497405601195,0.0,327.413590175076,94.8713838809359,CONTROL,1,1265,2016-11-10
